reference_year,source_report,pdf_page,table_no,crop_table,product,sl_no,district_as_published,is_state_total,season,measure,unit,raw_value,value,cell_status
2024-25,..\raw\earas\2024-25\Technical_Report_EARAS_2024-25_Odisha.pdf,74,5.1,Paddy,paddy,1,Angul,0,Autumn,area,'000 ha,2.50,2.50,ok
2024-25,..\raw\earas\2024-25\Technical_Report_EARAS_2024-25_Odisha.pdf,74,5.1,Paddy,paddy,1,Angul,0,Autumn,yield_rate,qtl/ha,45.85,45.85,ok
2024-25,..\raw\earas\2024-25\Technical_Report_EARAS_2024-25_Odisha.pdf,74,5.1,Paddy,rice,1,Angul,0,Autumn,yield_rate,qtl/ha,30.26,30.26,ok
2024-25,..\raw\earas\2024-25\Technical_Report_EARAS_2024-25_Odisha.pdf,74,5.1,Paddy,paddy,1,Angul,0,Autumn,production,'000 MT,11.47,11.47,ok
2024-25,..\raw\earas\2024-25\Technical_Report_EARAS_2024-25_Odisha.pdf,74,5.1,Paddy,rice,1,Angul,0,Autumn,production,'000 MT,7.57,7.57,ok
2024-25,..\raw\earas\2024-25\Technical_Report_EARAS_2024-25_Odisha.pdf,74,5.1,Paddy,paddy,1,Angul,0,Winter,area,'000 ha,89.01,89.01,ok
2024-25,..\raw\earas\2024-25\Technical_Report_EARAS_2024-25_Odisha.pdf,74,5.1,Paddy,paddy,1,Angul,0,Winter,yield_rate,qtl/ha,52.48,52.48,ok
2024-25,..\raw\earas\2024-25\Technical_Report_EARAS_2024-25_Odisha.pdf,74,5.1,Paddy,rice,1,Angul,0,Winter,yield_rate,qtl/ha,34.63,34.63,ok
2024-25,..\raw\earas\2024-25\Technical_Report_EARAS_2024-25_Odisha.pdf,74,5.1,Paddy,paddy,1,Angul,0,Winter,production,'000 MT,467.10,467.10,ok
2024-25,..\raw\earas\2024-25\Technical_Report_EARAS_2024-25_Odisha.pdf,74,5.1,Paddy,rice,1,Angul,0,Winter,production,'000 MT,308.29,308.29,ok
2024-25,..\raw\earas\2024-25\Technical_Report_EARAS_2024-25_Odisha.pdf,74,5.1,Paddy,paddy,1,Angul,0,Summer,area,'000 ha,2.81,2.81,ok
2024-25,..\raw\earas\2024-25\Technical_Report_EARAS_2024-25_Odisha.pdf,74,5.1,Paddy,paddy,1,Angul,0,Summer,yield_rate,qtl/ha,48.73,48.73,ok
2024-25,..\raw\earas\2024-25\Technical_Report_EARAS_2024-25_Odisha.pdf,74,5.1,Paddy,rice,1,Angul,0,Summer,yield_rate,qtl/ha,32.16,32.16,ok
2024-25,..\raw\earas\2024-25\Technical_Report_EARAS_2024-25_Odisha.pdf,74,5.1,Paddy,paddy,1,Angul,0,Summer,production,'000 MT,13.70,13.70,ok
2024-25,..\raw\earas\2024-25\Technical_Report_EARAS_2024-25_Odisha.pdf,74,5.1,Paddy,rice,1,Angul,0,Summer,production,'000 MT,9.04,9.04,ok
2024-25,..\raw\earas\2024-25\Technical_Report_EARAS_2024-25_Odisha.pdf,74,5.1,Paddy,paddy,1,Angul,0,Total,area,'000 ha,94.32,94.32,ok
2024-25,..\raw\earas\2024-25\Technical_Report_EARAS_2024-25_Odisha.pdf,74,5.1,Paddy,paddy,1,Angul,0,Total,yield_rate,qtl/ha,52.19,52.19,ok
2024-25,..\raw\earas\2024-25\Technical_Report_EARAS_2024-25_Odisha.pdf,74,5.1,Paddy,rice,1,Angul,0,Total,yield_rate,qtl/ha,34.45,34.45,ok
2024-25,..\raw\earas\2024-25\Technical_Report_EARAS_2024-25_Odisha.pdf,74,5.1,Paddy,paddy,1,Angul,0,Total,production,'000 MT,492.27,492.27,ok
2024-25,..\raw\earas\2024-25\Technical_Report_EARAS_2024-25_Odisha.pdf,74,5.1,Paddy,rice,1,Angul,0,Total,production,'000 MT,324.90,324.90,ok
2024-25,..\raw\earas\2024-25\Technical_Report_EARAS_2024-25_Odisha.pdf,74,5.1,Paddy,paddy,2,Balangir,0,Autumn,area,'000 ha,36.60,36.60,ok
2024-25,..\raw\earas\2024-25\Technical_Report_EARAS_2024-25_Odisha.pdf,74,5.1,Paddy,paddy,2,Balangir,0,Autumn,yield_rate,qtl/ha,22.49,22.49,ok
2024-25,..\raw\earas\2024-25\Technical_Report_EARAS_2024-25_Odisha.pdf,74,5.1,Paddy,rice,2,Balangir,0,Autumn,yield_rate,qtl/ha,14.85,14.85,ok
2024-25,..\raw\earas\2024-25\Technical_Report_EARAS_2024-25_Odisha.pdf,74,5.1,Paddy,paddy,2,Balangir,0,Autumn,production,'000 MT,82.32,82.32,ok
2024-25,..\raw\earas\2024-25\Technical_Report_EARAS_2024-25_Odisha.pdf,74,5.1,Paddy,rice,2,Balangir,0,Autumn,production,'000 MT,54.33,54.33,ok
2024-25,..\raw\earas\2024-25\Technical_Report_EARAS_2024-25_Odisha.pdf,74,5.1,Paddy,paddy,2,Balangir,0,Winter,area,'000 ha,155.14,155.14,ok
2024-25,..\raw\earas\2024-25\Technical_Report_EARAS_2024-25_Odisha.pdf,74,5.1,Paddy,paddy,2,Balangir,0,Winter,yield_rate,qtl/ha,38.69,38.69,ok
2024-25,..\raw\earas\2024-25\Technical_Report_EARAS_2024-25_Odisha.pdf,74,5.1,Paddy,rice,2,Balangir,0,Winter,yield_rate,qtl/ha,25.53,25.53,ok
2024-25,..\raw\earas\2024-25\Technical_Report_EARAS_2024-25_Odisha.pdf,74,5.1,Paddy,paddy,2,Balangir,0,Winter,production,'000 MT,600.17,600.17,ok
2024-25,..\raw\earas\2024-25\Technical_Report_EARAS_2024-25_Odisha.pdf,74,5.1,Paddy,rice,2,Balangir,0,Winter,production,'000 MT,396.11,396.11,ok
2024-25,..\raw\earas\2024-25\Technical_Report_EARAS_2024-25_Odisha.pdf,74,5.1,Paddy,paddy,2,Balangir,0,Summer,area,'000 ha,8.89,8.89,ok
2024-25,..\raw\earas\2024-25\Technical_Report_EARAS_2024-25_Odisha.pdf,74,5.1,Paddy,paddy,2,Balangir,0,Summer,yield_rate,qtl/ha,42.11,42.11,ok
2024-25,..\raw\earas\2024-25\Technical_Report_EARAS_2024-25_Odisha.pdf,74,5.1,Paddy,rice,2,Balangir,0,Summer,yield_rate,qtl/ha,27.79,27.79,ok
2024-25,..\raw\earas\2024-25\Technical_Report_EARAS_2024-25_Odisha.pdf,74,5.1,Paddy,paddy,2,Balangir,0,Summer,production,'000 MT,37.43,37.43,ok
2024-25,..\raw\earas\2024-25\Technical_Report_EARAS_2024-25_Odisha.pdf,74,5.1,Paddy,rice,2,Balangir,0,Summer,production,'000 MT,24.71,24.71,ok
2024-25,..\raw\earas\2024-25\Technical_Report_EARAS_2024-25_Odisha.pdf,74,5.1,Paddy,paddy,2,Balangir,0,Total,area,'000 ha,200.63,200.63,ok
2024-25,..\raw\earas\2024-25\Technical_Report_EARAS_2024-25_Odisha.pdf,74,5.1,Paddy,paddy,2,Balangir,0,Total,yield_rate,qtl/ha,35.88,35.88,ok
2024-25,..\raw\earas\2024-25\Technical_Report_EARAS_2024-25_Odisha.pdf,74,5.1,Paddy,rice,2,Balangir,0,Total,yield_rate,qtl/ha,23.68,23.68,ok
2024-25,..\raw\earas\2024-25\Technical_Report_EARAS_2024-25_Odisha.pdf,74,5.1,Paddy,paddy,2,Balangir,0,Total,production,'000 MT,719.92,719.92,ok
2024-25,..\raw\earas\2024-25\Technical_Report_EARAS_2024-25_Odisha.pdf,74,5.1,Paddy,rice,2,Balangir,0,Total,production,'000 MT,475.15,475.15,ok
2024-25,..\raw\earas\2024-25\Technical_Report_EARAS_2024-25_Odisha.pdf,74,5.1,Paddy,paddy,3,Balasore,0,Autumn,area,'000 ha,0.02,0.02,ok
2024-25,..\raw\earas\2024-25\Technical_Report_EARAS_2024-25_Odisha.pdf,74,5.1,Paddy,paddy,3,Balasore,0,Autumn,yield_rate,qtl/ha,22.76,22.76,ok
2024-25,..\raw\earas\2024-25\Technical_Report_EARAS_2024-25_Odisha.pdf,74,5.1,Paddy,rice,3,Balasore,0,Autumn,yield_rate,qtl/ha,15.00,15.00,ok
2024-25,..\raw\earas\2024-25\Technical_Report_EARAS_2024-25_Odisha.pdf,74,5.1,Paddy,paddy,3,Balasore,0,Autumn,production,'000 MT,0.04,0.04,ok
2024-25,..\raw\earas\2024-25\Technical_Report_EARAS_2024-25_Odisha.pdf,74,5.1,Paddy,rice,3,Balasore,0,Autumn,production,'000 MT,0.03,0.03,ok
2024-25,..\raw\earas\2024-25\Technical_Report_EARAS_2024-25_Odisha.pdf,74,5.1,Paddy,paddy,3,Balasore,0,Winter,area,'000 ha,172.70,172.70,ok
2024-25,..\raw\earas\2024-25\Technical_Report_EARAS_2024-25_Odisha.pdf,74,5.1,Paddy,paddy,3,Balasore,0,Winter,yield_rate,qtl/ha,37.27,37.27,ok
2024-25,..\raw\earas\2024-25\Technical_Report_EARAS_2024-25_Odisha.pdf,74,5.1,Paddy,rice,3,Balasore,0,Winter,yield_rate,qtl/ha,24.60,24.60,ok
2024-25,..\raw\earas\2024-25\Technical_Report_EARAS_2024-25_Odisha.pdf,74,5.1,Paddy,paddy,3,Balasore,0,Winter,production,'000 MT,643.57,643.57,ok
2024-25,..\raw\earas\2024-25\Technical_Report_EARAS_2024-25_Odisha.pdf,74,5.1,Paddy,rice,3,Balasore,0,Winter,production,'000 MT,424.75,424.75,ok
2024-25,..\raw\earas\2024-25\Technical_Report_EARAS_2024-25_Odisha.pdf,74,5.1,Paddy,paddy,3,Balasore,0,Summer,area,'000 ha,63.91,63.91,ok
2024-25,..\raw\earas\2024-25\Technical_Report_EARAS_2024-25_Odisha.pdf,74,5.1,Paddy,paddy,3,Balasore,0,Summer,yield_rate,qtl/ha,51.69,51.69,ok
2024-25,..\raw\earas\2024-25\Technical_Report_EARAS_2024-25_Odisha.pdf,74,5.1,Paddy,rice,3,Balasore,0,Summer,yield_rate,qtl/ha,34.11,34.11,ok
2024-25,..\raw\earas\2024-25\Technical_Report_EARAS_2024-25_Odisha.pdf,74,5.1,Paddy,paddy,3,Balasore,0,Summer,production,'000 MT,330.36,330.36,ok
2024-25,..\raw\earas\2024-25\Technical_Report_EARAS_2024-25_Odisha.pdf,74,5.1,Paddy,rice,3,Balasore,0,Summer,production,'000 MT,218.04,218.04,ok
2024-25,..\raw\earas\2024-25\Technical_Report_EARAS_2024-25_Odisha.pdf,74,5.1,Paddy,paddy,3,Balasore,0,Total,area,'000 ha,236.63,236.63,ok
2024-25,..\raw\earas\2024-25\Technical_Report_EARAS_2024-25_Odisha.pdf,74,5.1,Paddy,paddy,3,Balasore,0,Total,yield_rate,qtl/ha,41.16,41.16,ok
2024-25,..\raw\earas\2024-25\Technical_Report_EARAS_2024-25_Odisha.pdf,74,5.1,Paddy,rice,3,Balasore,0,Total,yield_rate,qtl/ha,27.17,27.17,ok
2024-25,..\raw\earas\2024-25\Technical_Report_EARAS_2024-25_Odisha.pdf,74,5.1,Paddy,paddy,3,Balasore,0,Total,production,'000 MT,973.97,973.97,ok
2024-25,..\raw\earas\2024-25\Technical_Report_EARAS_2024-25_Odisha.pdf,74,5.1,Paddy,rice,3,Balasore,0,Total,production,'000 MT,642.82,642.82,ok
2024-25,..\raw\earas\2024-25\Technical_Report_EARAS_2024-25_Odisha.pdf,74,5.1,Paddy,paddy,4,Bargarh,0,Autumn,area,'000 ha,38.20,38.20,ok
2024-25,..\raw\earas\2024-25\Technical_Report_EARAS_2024-25_Odisha.pdf,74,5.1,Paddy,paddy,4,Bargarh,0,Autumn,yield_rate,qtl/ha,31.34,31.34,ok
2024-25,..\raw\earas\2024-25\Technical_Report_EARAS_2024-25_Odisha.pdf,74,5.1,Paddy,rice,4,Bargarh,0,Autumn,yield_rate,qtl/ha,20.68,20.68,ok
2024-25,..\raw\earas\2024-25\Technical_Report_EARAS_2024-25_Odisha.pdf,74,5.1,Paddy,paddy,4,Bargarh,0,Autumn,production,'000 MT,119.73,119.73,ok
2024-25,..\raw\earas\2024-25\Technical_Report_EARAS_2024-25_Odisha.pdf,74,5.1,Paddy,rice,4,Bargarh,0,Autumn,production,'000 MT,79.02,79.02,ok
2024-25,..\raw\earas\2024-25\Technical_Report_EARAS_2024-25_Odisha.pdf,74,5.1,Paddy,paddy,4,Bargarh,0,Winter,area,'000 ha,216.90,216.90,ok
2024-25,..\raw\earas\2024-25\Technical_Report_EARAS_2024-25_Odisha.pdf,74,5.1,Paddy,paddy,4,Bargarh,0,Winter,yield_rate,qtl/ha,55.73,55.73,ok
2024-25,..\raw\earas\2024-25\Technical_Report_EARAS_2024-25_Odisha.pdf,74,5.1,Paddy,rice,4,Bargarh,0,Winter,yield_rate,qtl/ha,36.78,36.78,ok
2024-25,..\raw\earas\2024-25\Technical_Report_EARAS_2024-25_Odisha.pdf,74,5.1,Paddy,paddy,4,Bargarh,0,Winter,production,'000 MT,1208.81,1208.81,ok
2024-25,..\raw\earas\2024-25\Technical_Report_EARAS_2024-25_Odisha.pdf,74,5.1,Paddy,rice,4,Bargarh,0,Winter,production,'000 MT,797.81,797.81,ok
2024-25,..\raw\earas\2024-25\Technical_Report_EARAS_2024-25_Odisha.pdf,74,5.1,Paddy,paddy,4,Bargarh,0,Summer,area,'000 ha,100.94,100.94,ok
2024-25,..\raw\earas\2024-25\Technical_Report_EARAS_2024-25_Odisha.pdf,74,5.1,Paddy,paddy,4,Bargarh,0,Summer,yield_rate,qtl/ha,58.56,58.56,ok
2024-25,..\raw\earas\2024-25\Technical_Report_EARAS_2024-25_Odisha.pdf,74,5.1,Paddy,rice,4,Bargarh,0,Summer,yield_rate,qtl/ha,38.65,38.65,ok
2024-25,..\raw\earas\2024-25\Technical_Report_EARAS_2024-25_Odisha.pdf,74,5.1,Paddy,paddy,4,Bargarh,0,Summer,production,'000 MT,591.09,591.09,ok
2024-25,..\raw\earas\2024-25\Technical_Report_EARAS_2024-25_Odisha.pdf,74,5.1,Paddy,rice,4,Bargarh,0,Summer,production,'000 MT,390.12,390.12,ok
2024-25,..\raw\earas\2024-25\Technical_Report_EARAS_2024-25_Odisha.pdf,74,5.1,Paddy,paddy,4,Bargarh,0,Total,area,'000 ha,356.04,356.04,ok
2024-25,..\raw\earas\2024-25\Technical_Report_EARAS_2024-25_Odisha.pdf,74,5.1,Paddy,paddy,4,Bargarh,0,Total,yield_rate,qtl/ha,53.92,53.92,ok
2024-25,..\raw\earas\2024-25\Technical_Report_EARAS_2024-25_Odisha.pdf,74,5.1,Paddy,rice,4,Bargarh,0,Total,yield_rate,qtl/ha,35.58,35.58,ok
2024-25,..\raw\earas\2024-25\Technical_Report_EARAS_2024-25_Odisha.pdf,74,5.1,Paddy,paddy,4,Bargarh,0,Total,production,'000 MT,1919.63,1919.63,ok
2024-25,..\raw\earas\2024-25\Technical_Report_EARAS_2024-25_Odisha.pdf,74,5.1,Paddy,rice,4,Bargarh,0,Total,production,'000 MT,1266.95,1266.95,ok
2024-25,..\raw\earas\2024-25\Technical_Report_EARAS_2024-25_Odisha.pdf,74,5.1,Paddy,paddy,5,Bhadrak,0,Autumn,area,'000 ha,-,,dash
2024-25,..\raw\earas\2024-25\Technical_Report_EARAS_2024-25_Odisha.pdf,74,5.1,Paddy,paddy,5,Bhadrak,0,Autumn,yield_rate,qtl/ha,-,,dash
2024-25,..\raw\earas\2024-25\Technical_Report_EARAS_2024-25_Odisha.pdf,74,5.1,Paddy,rice,5,Bhadrak,0,Autumn,yield_rate,qtl/ha,-,,dash
2024-25,..\raw\earas\2024-25\Technical_Report_EARAS_2024-25_Odisha.pdf,74,5.1,Paddy,paddy,5,Bhadrak,0,Autumn,production,'000 MT,-,,dash
2024-25,..\raw\earas\2024-25\Technical_Report_EARAS_2024-25_Odisha.pdf,74,5.1,Paddy,rice,5,Bhadrak,0,Autumn,production,'000 MT,-,,dash
2024-25,..\raw\earas\2024-25\Technical_Report_EARAS_2024-25_Odisha.pdf,74,5.1,Paddy,paddy,5,Bhadrak,0,Winter,area,'000 ha,136.20,136.20,ok
2024-25,..\raw\earas\2024-25\Technical_Report_EARAS_2024-25_Odisha.pdf,74,5.1,Paddy,paddy,5,Bhadrak,0,Winter,yield_rate,qtl/ha,34.46,34.46,ok
2024-25,..\raw\earas\2024-25\Technical_Report_EARAS_2024-25_Odisha.pdf,74,5.1,Paddy,rice,5,Bhadrak,0,Winter,yield_rate,qtl/ha,22.74,22.74,ok
2024-25,..\raw\earas\2024-25\Technical_Report_EARAS_2024-25_Odisha.pdf,74,5.1,Paddy,paddy,5,Bhadrak,0,Winter,production,'000 MT,469.28,469.28,ok
2024-25,..\raw\earas\2024-25\Technical_Report_EARAS_2024-25_Odisha.pdf,74,5.1,Paddy,rice,5,Bhadrak,0,Winter,production,'000 MT,309.72,309.72,ok
2024-25,..\raw\earas\2024-25\Technical_Report_EARAS_2024-25_Odisha.pdf,74,5.1,Paddy,paddy,5,Bhadrak,0,Summer,area,'000 ha,2.61,2.61,ok
2024-25,..\raw\earas\2024-25\Technical_Report_EARAS_2024-25_Odisha.pdf,74,5.1,Paddy,paddy,5,Bhadrak,0,Summer,yield_rate,qtl/ha,43.64,43.64,ok
2024-25,..\raw\earas\2024-25\Technical_Report_EARAS_2024-25_Odisha.pdf,74,5.1,Paddy,rice,5,Bhadrak,0,Summer,yield_rate,qtl/ha,28.80,28.80,ok
2024-25,..\raw\earas\2024-25\Technical_Report_EARAS_2024-25_Odisha.pdf,74,5.1,Paddy,paddy,5,Bhadrak,0,Summer,production,'000 MT,11.40,11.40,ok
2024-25,..\raw\earas\2024-25\Technical_Report_EARAS_2024-25_Odisha.pdf,74,5.1,Paddy,rice,5,Bhadrak,0,Summer,production,'000 MT,7.53,7.53,ok
2024-25,..\raw\earas\2024-25\Technical_Report_EARAS_2024-25_Odisha.pdf,74,5.1,Paddy,paddy,5,Bhadrak,0,Total,area,'000 ha,138.81,138.81,ok
2024-25,..\raw\earas\2024-25\Technical_Report_EARAS_2024-25_Odisha.pdf,74,5.1,Paddy,paddy,5,Bhadrak,0,Total,yield_rate,qtl/ha,34.63,34.63,ok
2024-25,..\raw\earas\2024-25\Technical_Report_EARAS_2024-25_Odisha.pdf,74,5.1,Paddy,rice,5,Bhadrak,0,Total,yield_rate,qtl/ha,22.85,22.85,ok
2024-25,..\raw\earas\2024-25\Technical_Report_EARAS_2024-25_Odisha.pdf,74,5.1,Paddy,paddy,5,Bhadrak,0,Total,production,'000 MT,480.68,480.68,ok
2024-25,..\raw\earas\2024-25\Technical_Report_EARAS_2024-25_Odisha.pdf,74,5.1,Paddy,rice,5,Bhadrak,0,Total,production,'000 MT,317.25,317.25,ok
2024-25,..\raw\earas\2024-25\Technical_Report_EARAS_2024-25_Odisha.pdf,74,5.1,Paddy,paddy,6,Boudh,0,Autumn,area,'000 ha,2.00,2.00,ok
2024-25,..\raw\earas\2024-25\Technical_Report_EARAS_2024-25_Odisha.pdf,74,5.1,Paddy,paddy,6,Boudh,0,Autumn,yield_rate,qtl/ha,36.99,36.99,ok
2024-25,..\raw\earas\2024-25\Technical_Report_EARAS_2024-25_Odisha.pdf,74,5.1,Paddy,rice,6,Boudh,0,Autumn,yield_rate,qtl/ha,24.41,24.41,ok
2024-25,..\raw\earas\2024-25\Technical_Report_EARAS_2024-25_Odisha.pdf,74,5.1,Paddy,paddy,6,Boudh,0,Autumn,production,'000 MT,7.41,7.41,ok
2024-25,..\raw\earas\2024-25\Technical_Report_EARAS_2024-25_Odisha.pdf,74,5.1,Paddy,rice,6,Boudh,0,Autumn,production,'000 MT,4.89,4.89,ok
2024-25,..\raw\earas\2024-25\Technical_Report_EARAS_2024-25_Odisha.pdf,74,5.1,Paddy,paddy,6,Boudh,0,Winter,area,'000 ha,62.26,62.26,ok
2024-25,..\raw\earas\2024-25\Technical_Report_EARAS_2024-25_Odisha.pdf,74,5.1,Paddy,paddy,6,Boudh,0,Winter,yield_rate,qtl/ha,47.92,47.92,ok
2024-25,..\raw\earas\2024-25\Technical_Report_EARAS_2024-25_Odisha.pdf,74,5.1,Paddy,rice,6,Boudh,0,Winter,yield_rate,qtl/ha,31.62,31.62,ok
2024-25,..\raw\earas\2024-25\Technical_Report_EARAS_2024-25_Odisha.pdf,74,5.1,Paddy,paddy,6,Boudh,0,Winter,production,'000 MT,298.32,298.32,ok
2024-25,..\raw\earas\2024-25\Technical_Report_EARAS_2024-25_Odisha.pdf,74,5.1,Paddy,rice,6,Boudh,0,Winter,production,'000 MT,196.89,196.89,ok
2024-25,..\raw\earas\2024-25\Technical_Report_EARAS_2024-25_Odisha.pdf,74,5.1,Paddy,paddy,6,Boudh,0,Summer,area,'000 ha,5.41,5.41,ok
2024-25,..\raw\earas\2024-25\Technical_Report_EARAS_2024-25_Odisha.pdf,74,5.1,Paddy,paddy,6,Boudh,0,Summer,yield_rate,qtl/ha,46.28,46.28,ok
2024-25,..\raw\earas\2024-25\Technical_Report_EARAS_2024-25_Odisha.pdf,74,5.1,Paddy,rice,6,Boudh,0,Summer,yield_rate,qtl/ha,30.54,30.54,ok
2024-25,..\raw\earas\2024-25\Technical_Report_EARAS_2024-25_Odisha.pdf,74,5.1,Paddy,paddy,6,Boudh,0,Summer,production,'000 MT,25.01,25.01,ok
2024-25,..\raw\earas\2024-25\Technical_Report_EARAS_2024-25_Odisha.pdf,74,5.1,Paddy,rice,6,Boudh,0,Summer,production,'000 MT,16.51,16.51,ok
2024-25,..\raw\earas\2024-25\Technical_Report_EARAS_2024-25_Odisha.pdf,74,5.1,Paddy,paddy,6,Boudh,0,Total,area,'000 ha,69.67,69.67,ok
2024-25,..\raw\earas\2024-25\Technical_Report_EARAS_2024-25_Odisha.pdf,74,5.1,Paddy,paddy,6,Boudh,0,Total,yield_rate,qtl/ha,47.47,47.47,ok
2024-25,..\raw\earas\2024-25\Technical_Report_EARAS_2024-25_Odisha.pdf,74,5.1,Paddy,rice,6,Boudh,0,Total,yield_rate,qtl/ha,31.33,31.33,ok
2024-25,..\raw\earas\2024-25\Technical_Report_EARAS_2024-25_Odisha.pdf,74,5.1,Paddy,paddy,6,Boudh,0,Total,production,'000 MT,330.74,330.74,ok
2024-25,..\raw\earas\2024-25\Technical_Report_EARAS_2024-25_Odisha.pdf,74,5.1,Paddy,rice,6,Boudh,0,Total,production,'000 MT,218.29,218.29,ok
2024-25,..\raw\earas\2024-25\Technical_Report_EARAS_2024-25_Odisha.pdf,74,5.1,Paddy,paddy,7,Cuttack,0,Autumn,area,'000 ha,0.51,0.51,ok
2024-25,..\raw\earas\2024-25\Technical_Report_EARAS_2024-25_Odisha.pdf,74,5.1,Paddy,paddy,7,Cuttack,0,Autumn,yield_rate,qtl/ha,28.83,28.83,ok
2024-25,..\raw\earas\2024-25\Technical_Report_EARAS_2024-25_Odisha.pdf,74,5.1,Paddy,rice,7,Cuttack,0,Autumn,yield_rate,qtl/ha,19.03,19.03,ok
2024-25,..\raw\earas\2024-25\Technical_Report_EARAS_2024-25_Odisha.pdf,74,5.1,Paddy,paddy,7,Cuttack,0,Autumn,production,'000 MT,1.48,1.48,ok
2024-25,..\raw\earas\2024-25\Technical_Report_EARAS_2024-25_Odisha.pdf,74,5.1,Paddy,rice,7,Cuttack,0,Autumn,production,'000 MT,0.98,0.98,ok
2024-25,..\raw\earas\2024-25\Technical_Report_EARAS_2024-25_Odisha.pdf,74,5.1,Paddy,paddy,7,Cuttack,0,Winter,area,'000 ha,106.58,106.58,ok
2024-25,..\raw\earas\2024-25\Technical_Report_EARAS_2024-25_Odisha.pdf,74,5.1,Paddy,paddy,7,Cuttack,0,Winter,yield_rate,qtl/ha,47.62,47.62,ok
2024-25,..\raw\earas\2024-25\Technical_Report_EARAS_2024-25_Odisha.pdf,74,5.1,Paddy,rice,7,Cuttack,0,Winter,yield_rate,qtl/ha,31.43,31.43,ok
2024-25,..\raw\earas\2024-25\Technical_Report_EARAS_2024-25_Odisha.pdf,74,5.1,Paddy,paddy,7,Cuttack,0,Winter,production,'000 MT,507.58,507.58,ok
2024-25,..\raw\earas\2024-25\Technical_Report_EARAS_2024-25_Odisha.pdf,74,5.1,Paddy,rice,7,Cuttack,0,Winter,production,'000 MT,335.01,335.01,ok
2024-25,..\raw\earas\2024-25\Technical_Report_EARAS_2024-25_Odisha.pdf,74,5.1,Paddy,paddy,7,Cuttack,0,Summer,area,'000 ha,9.38,9.38,ok
2024-25,..\raw\earas\2024-25\Technical_Report_EARAS_2024-25_Odisha.pdf,74,5.1,Paddy,paddy,7,Cuttack,0,Summer,yield_rate,qtl/ha,53.56,53.56,ok
2024-25,..\raw\earas\2024-25\Technical_Report_EARAS_2024-25_Odisha.pdf,74,5.1,Paddy,rice,7,Cuttack,0,Summer,yield_rate,qtl/ha,35.35,35.35,ok
2024-25,..\raw\earas\2024-25\Technical_Report_EARAS_2024-25_Odisha.pdf,74,5.1,Paddy,paddy,7,Cuttack,0,Summer,production,'000 MT,50.23,50.23,ok
2024-25,..\raw\earas\2024-25\Technical_Report_EARAS_2024-25_Odisha.pdf,74,5.1,Paddy,rice,7,Cuttack,0,Summer,production,'000 MT,33.15,33.15,ok
2024-25,..\raw\earas\2024-25\Technical_Report_EARAS_2024-25_Odisha.pdf,74,5.1,Paddy,paddy,7,Cuttack,0,Total,area,'000 ha,116.47,116.47,ok
2024-25,..\raw\earas\2024-25\Technical_Report_EARAS_2024-25_Odisha.pdf,74,5.1,Paddy,paddy,7,Cuttack,0,Total,yield_rate,qtl/ha,48.02,48.02,ok
2024-25,..\raw\earas\2024-25\Technical_Report_EARAS_2024-25_Odisha.pdf,74,5.1,Paddy,rice,7,Cuttack,0,Total,yield_rate,qtl/ha,31.69,31.69,ok
2024-25,..\raw\earas\2024-25\Technical_Report_EARAS_2024-25_Odisha.pdf,74,5.1,Paddy,paddy,7,Cuttack,0,Total,production,'000 MT,559.29,559.29,ok
2024-25,..\raw\earas\2024-25\Technical_Report_EARAS_2024-25_Odisha.pdf,74,5.1,Paddy,rice,7,Cuttack,0,Total,production,'000 MT,369.14,369.14,ok
2024-25,..\raw\earas\2024-25\Technical_Report_EARAS_2024-25_Odisha.pdf,74,5.1,Paddy,paddy,8,Deogarh,0,Autumn,area,'000 ha,8.07,8.07,ok
2024-25,..\raw\earas\2024-25\Technical_Report_EARAS_2024-25_Odisha.pdf,74,5.1,Paddy,paddy,8,Deogarh,0,Autumn,yield_rate,qtl/ha,31.30,31.30,ok
2024-25,..\raw\earas\2024-25\Technical_Report_EARAS_2024-25_Odisha.pdf,74,5.1,Paddy,rice,8,Deogarh,0,Autumn,yield_rate,qtl/ha,20.66,20.66,ok
2024-25,..\raw\earas\2024-25\Technical_Report_EARAS_2024-25_Odisha.pdf,74,5.1,Paddy,paddy,8,Deogarh,0,Autumn,production,'000 MT,25.26,25.26,ok
2024-25,..\raw\earas\2024-25\Technical_Report_EARAS_2024-25_Odisha.pdf,74,5.1,Paddy,rice,8,Deogarh,0,Autumn,production,'000 MT,16.67,16.67,ok
2024-25,..\raw\earas\2024-25\Technical_Report_EARAS_2024-25_Odisha.pdf,74,5.1,Paddy,paddy,8,Deogarh,0,Winter,area,'000 ha,32.03,32.03,ok
2024-25,..\raw\earas\2024-25\Technical_Report_EARAS_2024-25_Odisha.pdf,74,5.1,Paddy,paddy,8,Deogarh,0,Winter,yield_rate,qtl/ha,39.67,39.67,ok
2024-25,..\raw\earas\2024-25\Technical_Report_EARAS_2024-25_Odisha.pdf,74,5.1,Paddy,rice,8,Deogarh,0,Winter,yield_rate,qtl/ha,26.18,26.18,ok
2024-25,..\raw\earas\2024-25\Technical_Report_EARAS_2024-25_Odisha.pdf,74,5.1,Paddy,paddy,8,Deogarh,0,Winter,production,'000 MT,127.05,127.05,ok
2024-25,..\raw\earas\2024-25\Technical_Report_EARAS_2024-25_Odisha.pdf,74,5.1,Paddy,rice,8,Deogarh,0,Winter,production,'000 MT,83.85,83.85,ok
2024-25,..\raw\earas\2024-25\Technical_Report_EARAS_2024-25_Odisha.pdf,74,5.1,Paddy,paddy,8,Deogarh,0,Summer,area,'000 ha,0.01,0.01,ok
2024-25,..\raw\earas\2024-25\Technical_Report_EARAS_2024-25_Odisha.pdf,74,5.1,Paddy,paddy,8,Deogarh,0,Summer,yield_rate,qtl/ha,21.88,21.88,ok
2024-25,..\raw\earas\2024-25\Technical_Report_EARAS_2024-25_Odisha.pdf,74,5.1,Paddy,rice,8,Deogarh,0,Summer,yield_rate,qtl/ha,14.50,14.50,ok
2024-25,..\raw\earas\2024-25\Technical_Report_EARAS_2024-25_Odisha.pdf,74,5.1,Paddy,paddy,8,Deogarh,0,Summer,production,'000 MT,0.02,0.02,ok
2024-25,..\raw\earas\2024-25\Technical_Report_EARAS_2024-25_Odisha.pdf,74,5.1,Paddy,rice,8,Deogarh,0,Summer,production,'000 MT,0.01,0.01,ok
2024-25,..\raw\earas\2024-25\Technical_Report_EARAS_2024-25_Odisha.pdf,74,5.1,Paddy,paddy,8,Deogarh,0,Total,area,'000 ha,40.11,40.11,ok
2024-25,..\raw\earas\2024-25\Technical_Report_EARAS_2024-25_Odisha.pdf,74,5.1,Paddy,paddy,8,Deogarh,0,Total,yield_rate,qtl/ha,37.98,37.98,ok
2024-25,..\raw\earas\2024-25\Technical_Report_EARAS_2024-25_Odisha.pdf,74,5.1,Paddy,rice,8,Deogarh,0,Total,yield_rate,qtl/ha,25.07,25.07,ok
2024-25,..\raw\earas\2024-25\Technical_Report_EARAS_2024-25_Odisha.pdf,74,5.1,Paddy,paddy,8,Deogarh,0,Total,production,'000 MT,152.33,152.33,ok
2024-25,..\raw\earas\2024-25\Technical_Report_EARAS_2024-25_Odisha.pdf,74,5.1,Paddy,rice,8,Deogarh,0,Total,production,'000 MT,100.53,100.53,ok
2024-25,..\raw\earas\2024-25\Technical_Report_EARAS_2024-25_Odisha.pdf,74,5.1,Paddy,paddy,9,Dhenkanal,0,Autumn,area,'000 ha,1.69,1.69,ok
2024-25,..\raw\earas\2024-25\Technical_Report_EARAS_2024-25_Odisha.pdf,74,5.1,Paddy,paddy,9,Dhenkanal,0,Autumn,yield_rate,qtl/ha,35.77,35.77,ok
2024-25,..\raw\earas\2024-25\Technical_Report_EARAS_2024-25_Odisha.pdf,74,5.1,Paddy,rice,9,Dhenkanal,0,Autumn,yield_rate,qtl/ha,23.61,23.61,ok
2024-25,..\raw\earas\2024-25\Technical_Report_EARAS_2024-25_Odisha.pdf,74,5.1,Paddy,paddy,9,Dhenkanal,0,Autumn,production,'000 MT,6.04,6.04,ok
2024-25,..\raw\earas\2024-25\Technical_Report_EARAS_2024-25_Odisha.pdf,74,5.1,Paddy,rice,9,Dhenkanal,0,Autumn,production,'000 MT,3.99,3.99,ok
2024-25,..\raw\earas\2024-25\Technical_Report_EARAS_2024-25_Odisha.pdf,74,5.1,Paddy,paddy,9,Dhenkanal,0,Winter,area,'000 ha,90.95,90.95,ok
2024-25,..\raw\earas\2024-25\Technical_Report_EARAS_2024-25_Odisha.pdf,74,5.1,Paddy,paddy,9,Dhenkanal,0,Winter,yield_rate,qtl/ha,55.42,55.42,ok
2024-25,..\raw\earas\2024-25\Technical_Report_EARAS_2024-25_Odisha.pdf,74,5.1,Paddy,rice,9,Dhenkanal,0,Winter,yield_rate,qtl/ha,36.58,36.58,ok
2024-25,..\raw\earas\2024-25\Technical_Report_EARAS_2024-25_Odisha.pdf,74,5.1,Paddy,paddy,9,Dhenkanal,0,Winter,production,'000 MT,504.04,504.04,ok
2024-25,..\raw\earas\2024-25\Technical_Report_EARAS_2024-25_Odisha.pdf,74,5.1,Paddy,rice,9,Dhenkanal,0,Winter,production,'000 MT,332.67,332.67,ok
2024-25,..\raw\earas\2024-25\Technical_Report_EARAS_2024-25_Odisha.pdf,74,5.1,Paddy,paddy,9,Dhenkanal,0,Summer,area,'000 ha,0.29,0.29,ok
2024-25,..\raw\earas\2024-25\Technical_Report_EARAS_2024-25_Odisha.pdf,74,5.1,Paddy,paddy,9,Dhenkanal,0,Summer,yield_rate,qtl/ha,35.09,35.09,ok
2024-25,..\raw\earas\2024-25\Technical_Report_EARAS_2024-25_Odisha.pdf,74,5.1,Paddy,rice,9,Dhenkanal,0,Summer,yield_rate,qtl/ha,23.16,23.16,ok
2024-25,..\raw\earas\2024-25\Technical_Report_EARAS_2024-25_Odisha.pdf,74,5.1,Paddy,paddy,9,Dhenkanal,0,Summer,production,'000 MT,1.03,1.03,ok
2024-25,..\raw\earas\2024-25\Technical_Report_EARAS_2024-25_Odisha.pdf,74,5.1,Paddy,rice,9,Dhenkanal,0,Summer,production,'000 MT,0.68,0.68,ok
2024-25,..\raw\earas\2024-25\Technical_Report_EARAS_2024-25_Odisha.pdf,74,5.1,Paddy,paddy,9,Dhenkanal,0,Total,area,'000 ha,92.93,92.93,ok
2024-25,..\raw\earas\2024-25\Technical_Report_EARAS_2024-25_Odisha.pdf,74,5.1,Paddy,paddy,9,Dhenkanal,0,Total,yield_rate,qtl/ha,55.00,55.00,ok
2024-25,..\raw\earas\2024-25\Technical_Report_EARAS_2024-25_Odisha.pdf,74,5.1,Paddy,rice,9,Dhenkanal,0,Total,yield_rate,qtl/ha,36.30,36.30,ok
2024-25,..\raw\earas\2024-25\Technical_Report_EARAS_2024-25_Odisha.pdf,74,5.1,Paddy,paddy,9,Dhenkanal,0,Total,production,'000 MT,511.11,511.11,ok
2024-25,..\raw\earas\2024-25\Technical_Report_EARAS_2024-25_Odisha.pdf,74,5.1,Paddy,rice,9,Dhenkanal,0,Total,production,'000 MT,337.34,337.34,ok
2024-25,..\raw\earas\2024-25\Technical_Report_EARAS_2024-25_Odisha.pdf,74,5.1,Paddy,paddy,10,Gajapati,0,Autumn,area,'000 ha,-,,dash
2024-25,..\raw\earas\2024-25\Technical_Report_EARAS_2024-25_Odisha.pdf,74,5.1,Paddy,paddy,10,Gajapati,0,Autumn,yield_rate,qtl/ha,-,,dash
2024-25,..\raw\earas\2024-25\Technical_Report_EARAS_2024-25_Odisha.pdf,74,5.1,Paddy,rice,10,Gajapati,0,Autumn,yield_rate,qtl/ha,-,,dash
2024-25,..\raw\earas\2024-25\Technical_Report_EARAS_2024-25_Odisha.pdf,74,5.1,Paddy,paddy,10,Gajapati,0,Autumn,production,'000 MT,-,,dash
2024-25,..\raw\earas\2024-25\Technical_Report_EARAS_2024-25_Odisha.pdf,74,5.1,Paddy,rice,10,Gajapati,0,Autumn,production,'000 MT,-,,dash
2024-25,..\raw\earas\2024-25\Technical_Report_EARAS_2024-25_Odisha.pdf,74,5.1,Paddy,paddy,10,Gajapati,0,Winter,area,'000 ha,33.27,33.27,ok
2024-25,..\raw\earas\2024-25\Technical_Report_EARAS_2024-25_Odisha.pdf,74,5.1,Paddy,paddy,10,Gajapati,0,Winter,yield_rate,qtl/ha,33.13,33.13,ok
2024-25,..\raw\earas\2024-25\Technical_Report_EARAS_2024-25_Odisha.pdf,74,5.1,Paddy,rice,10,Gajapati,0,Winter,yield_rate,qtl/ha,21.86,21.86,ok
2024-25,..\raw\earas\2024-25\Technical_Report_EARAS_2024-25_Odisha.pdf,74,5.1,Paddy,paddy,10,Gajapati,0,Winter,production,'000 MT,110.20,110.20,ok
2024-25,..\raw\earas\2024-25\Technical_Report_EARAS_2024-25_Odisha.pdf,74,5.1,Paddy,rice,10,Gajapati,0,Winter,production,'000 MT,72.73,72.73,ok
2024-25,..\raw\earas\2024-25\Technical_Report_EARAS_2024-25_Odisha.pdf,74,5.1,Paddy,paddy,10,Gajapati,0,Summer,area,'000 ha,1.56,1.56,ok
2024-25,..\raw\earas\2024-25\Technical_Report_EARAS_2024-25_Odisha.pdf,74,5.1,Paddy,paddy,10,Gajapati,0,Summer,yield_rate,qtl/ha,30.46,30.46,ok
2024-25,..\raw\earas\2024-25\Technical_Report_EARAS_2024-25_Odisha.pdf,74,5.1,Paddy,rice,10,Gajapati,0,Summer,yield_rate,qtl/ha,20.10,20.10,ok
2024-25,..\raw\earas\2024-25\Technical_Report_EARAS_2024-25_Odisha.pdf,74,5.1,Paddy,paddy,10,Gajapati,0,Summer,production,'000 MT,4.74,4.74,ok
2024-25,..\raw\earas\2024-25\Technical_Report_EARAS_2024-25_Odisha.pdf,74,5.1,Paddy,rice,10,Gajapati,0,Summer,production,'000 MT,3.13,3.13,ok
2024-25,..\raw\earas\2024-25\Technical_Report_EARAS_2024-25_Odisha.pdf,74,5.1,Paddy,paddy,10,Gajapati,0,Total,area,'000 ha,34.83,34.83,ok
2024-25,..\raw\earas\2024-25\Technical_Report_EARAS_2024-25_Odisha.pdf,74,5.1,Paddy,paddy,10,Gajapati,0,Total,yield_rate,qtl/ha,33.01,33.01,ok
2024-25,..\raw\earas\2024-25\Technical_Report_EARAS_2024-25_Odisha.pdf,74,5.1,Paddy,rice,10,Gajapati,0,Total,yield_rate,qtl/ha,21.79,21.79,ok
2024-25,..\raw\earas\2024-25\Technical_Report_EARAS_2024-25_Odisha.pdf,74,5.1,Paddy,paddy,10,Gajapati,0,Total,production,'000 MT,114.94,114.94,ok
2024-25,..\raw\earas\2024-25\Technical_Report_EARAS_2024-25_Odisha.pdf,74,5.1,Paddy,rice,10,Gajapati,0,Total,production,'000 MT,75.86,75.86,ok
2024-25,..\raw\earas\2024-25\Technical_Report_EARAS_2024-25_Odisha.pdf,74,5.1,Paddy,paddy,11,Ganjam,0,Autumn,area,'000 ha,-,,dash
2024-25,..\raw\earas\2024-25\Technical_Report_EARAS_2024-25_Odisha.pdf,74,5.1,Paddy,paddy,11,Ganjam,0,Autumn,yield_rate,qtl/ha,-,,dash
2024-25,..\raw\earas\2024-25\Technical_Report_EARAS_2024-25_Odisha.pdf,74,5.1,Paddy,rice,11,Ganjam,0,Autumn,yield_rate,qtl/ha,-,,dash
2024-25,..\raw\earas\2024-25\Technical_Report_EARAS_2024-25_Odisha.pdf,74,5.1,Paddy,paddy,11,Ganjam,0,Autumn,production,'000 MT,-,,dash
2024-25,..\raw\earas\2024-25\Technical_Report_EARAS_2024-25_Odisha.pdf,74,5.1,Paddy,rice,11,Ganjam,0,Autumn,production,'000 MT,-,,dash
2024-25,..\raw\earas\2024-25\Technical_Report_EARAS_2024-25_Odisha.pdf,74,5.1,Paddy,paddy,11,Ganjam,0,Winter,area,'000 ha,263.91,263.91,ok
2024-25,..\raw\earas\2024-25\Technical_Report_EARAS_2024-25_Odisha.pdf,74,5.1,Paddy,paddy,11,Ganjam,0,Winter,yield_rate,qtl/ha,41.06,41.06,ok
2024-25,..\raw\earas\2024-25\Technical_Report_EARAS_2024-25_Odisha.pdf,74,5.1,Paddy,rice,11,Ganjam,0,Winter,yield_rate,qtl/ha,27.10,27.10,ok
2024-25,..\raw\earas\2024-25\Technical_Report_EARAS_2024-25_Odisha.pdf,74,5.1,Paddy,paddy,11,Ganjam,0,Winter,production,'000 MT,1083.62,1083.62,ok
2024-25,..\raw\earas\2024-25\Technical_Report_EARAS_2024-25_Odisha.pdf,74,5.1,Paddy,rice,11,Ganjam,0,Winter,production,'000 MT,715.19,715.19,ok
2024-25,..\raw\earas\2024-25\Technical_Report_EARAS_2024-25_Odisha.pdf,74,5.1,Paddy,paddy,11,Ganjam,0,Summer,area,'000 ha,0.54,0.54,ok
2024-25,..\raw\earas\2024-25\Technical_Report_EARAS_2024-25_Odisha.pdf,74,5.1,Paddy,paddy,11,Ganjam,0,Summer,yield_rate,qtl/ha,45.58,45.58,ok
2024-25,..\raw\earas\2024-25\Technical_Report_EARAS_2024-25_Odisha.pdf,74,5.1,Paddy,rice,11,Ganjam,0,Summer,yield_rate,qtl/ha,30.08,30.08,ok
2024-25,..\raw\earas\2024-25\Technical_Report_EARAS_2024-25_Odisha.pdf,74,5.1,Paddy,paddy,11,Ganjam,0,Summer,production,'000 MT,2.44,2.44,ok
2024-25,..\raw\earas\2024-25\Technical_Report_EARAS_2024-25_Odisha.pdf,74,5.1,Paddy,rice,11,Ganjam,0,Summer,production,'000 MT,1.61,1.61,ok
2024-25,..\raw\earas\2024-25\Technical_Report_EARAS_2024-25_Odisha.pdf,74,5.1,Paddy,paddy,11,Ganjam,0,Total,area,'000 ha,264.45,264.45,ok
2024-25,..\raw\earas\2024-25\Technical_Report_EARAS_2024-25_Odisha.pdf,74,5.1,Paddy,paddy,11,Ganjam,0,Total,yield_rate,qtl/ha,41.07,41.07,ok
2024-25,..\raw\earas\2024-25\Technical_Report_EARAS_2024-25_Odisha.pdf,74,5.1,Paddy,rice,11,Ganjam,0,Total,yield_rate,qtl/ha,27.11,27.11,ok
2024-25,..\raw\earas\2024-25\Technical_Report_EARAS_2024-25_Odisha.pdf,74,5.1,Paddy,paddy,11,Ganjam,0,Total,production,'000 MT,1086.06,1086.06,ok
2024-25,..\raw\earas\2024-25\Technical_Report_EARAS_2024-25_Odisha.pdf,74,5.1,Paddy,rice,11,Ganjam,0,Total,production,'000 MT,716.80,716.80,ok
2024-25,..\raw\earas\2024-25\Technical_Report_EARAS_2024-25_Odisha.pdf,74,5.1,Paddy,paddy,12,Jagatsinghpur,0,Autumn,area,'000 ha,0.32,0.32,ok
2024-25,..\raw\earas\2024-25\Technical_Report_EARAS_2024-25_Odisha.pdf,74,5.1,Paddy,paddy,12,Jagatsinghpur,0,Autumn,yield_rate,qtl/ha,25.42,25.42,ok
2024-25,..\raw\earas\2024-25\Technical_Report_EARAS_2024-25_Odisha.pdf,74,5.1,Paddy,rice,12,Jagatsinghpur,0,Autumn,yield_rate,qtl/ha,16.78,16.78,ok
2024-25,..\raw\earas\2024-25\Technical_Report_EARAS_2024-25_Odisha.pdf,74,5.1,Paddy,paddy,12,Jagatsinghpur,0,Autumn,production,'000 MT,0.83,0.83,ok
2024-25,..\raw\earas\2024-25\Technical_Report_EARAS_2024-25_Odisha.pdf,74,5.1,Paddy,rice,12,Jagatsinghpur,0,Autumn,production,'000 MT,0.55,0.55,ok
2024-25,..\raw\earas\2024-25\Technical_Report_EARAS_2024-25_Odisha.pdf,74,5.1,Paddy,paddy,12,Jagatsinghpur,0,Winter,area,'000 ha,79.64,79.64,ok
2024-25,..\raw\earas\2024-25\Technical_Report_EARAS_2024-25_Odisha.pdf,74,5.1,Paddy,paddy,12,Jagatsinghpur,0,Winter,yield_rate,qtl/ha,40.46,40.46,ok
2024-25,..\raw\earas\2024-25\Technical_Report_EARAS_2024-25_Odisha.pdf,74,5.1,Paddy,rice,12,Jagatsinghpur,0,Winter,yield_rate,qtl/ha,26.71,26.71,ok
2024-25,..\raw\earas\2024-25\Technical_Report_EARAS_2024-25_Odisha.pdf,74,5.1,Paddy,paddy,12,Jagatsinghpur,0,Winter,production,'000 MT,322.27,322.27,ok
2024-25,..\raw\earas\2024-25\Technical_Report_EARAS_2024-25_Odisha.pdf,74,5.1,Paddy,rice,12,Jagatsinghpur,0,Winter,production,'000 MT,212.70,212.70,ok
2024-25,..\raw\earas\2024-25\Technical_Report_EARAS_2024-25_Odisha.pdf,74,5.1,Paddy,paddy,12,Jagatsinghpur,0,Summer,area,'000 ha,1.28,1.28,ok
2024-25,..\raw\earas\2024-25\Technical_Report_EARAS_2024-25_Odisha.pdf,74,5.1,Paddy,paddy,12,Jagatsinghpur,0,Summer,yield_rate,qtl/ha,48.41,48.41,ok
2024-25,..\raw\earas\2024-25\Technical_Report_EARAS_2024-25_Odisha.pdf,74,5.1,Paddy,rice,12,Jagatsinghpur,0,Summer,yield_rate,qtl/ha,31.95,31.95,ok
2024-25,..\raw\earas\2024-25\Technical_Report_EARAS_2024-25_Odisha.pdf,74,5.1,Paddy,paddy,12,Jagatsinghpur,0,Summer,production,'000 MT,6.20,6.20,ok
2024-25,..\raw\earas\2024-25\Technical_Report_EARAS_2024-25_Odisha.pdf,74,5.1,Paddy,rice,12,Jagatsinghpur,0,Summer,production,'000 MT,4.09,4.09,ok
2024-25,..\raw\earas\2024-25\Technical_Report_EARAS_2024-25_Odisha.pdf,74,5.1,Paddy,paddy,12,Jagatsinghpur,0,Total,area,'000 ha,81.24,81.24,ok
2024-25,..\raw\earas\2024-25\Technical_Report_EARAS_2024-25_Odisha.pdf,74,5.1,Paddy,paddy,12,Jagatsinghpur,0,Total,yield_rate,qtl/ha,40.53,40.53,ok
2024-25,..\raw\earas\2024-25\Technical_Report_EARAS_2024-25_Odisha.pdf,74,5.1,Paddy,rice,12,Jagatsinghpur,0,Total,yield_rate,qtl/ha,26.75,26.75,ok
2024-25,..\raw\earas\2024-25\Technical_Report_EARAS_2024-25_Odisha.pdf,74,5.1,Paddy,paddy,12,Jagatsinghpur,0,Total,production,'000 MT,329.30,329.30,ok
2024-25,..\raw\earas\2024-25\Technical_Report_EARAS_2024-25_Odisha.pdf,74,5.1,Paddy,rice,12,Jagatsinghpur,0,Total,production,'000 MT,217.34,217.34,ok
2024-25,..\raw\earas\2024-25\Technical_Report_EARAS_2024-25_Odisha.pdf,74,5.1,Paddy,paddy,13,Jajpur,0,Autumn,area,'000 ha,18.11,18.11,ok
2024-25,..\raw\earas\2024-25\Technical_Report_EARAS_2024-25_Odisha.pdf,74,5.1,Paddy,paddy,13,Jajpur,0,Autumn,yield_rate,qtl/ha,23.70,23.70,ok
2024-25,..\raw\earas\2024-25\Technical_Report_EARAS_2024-25_Odisha.pdf,74,5.1,Paddy,rice,13,Jajpur,0,Autumn,yield_rate,qtl/ha,15.64,15.64,ok
2024-25,..\raw\earas\2024-25\Technical_Report_EARAS_2024-25_Odisha.pdf,74,5.1,Paddy,paddy,13,Jajpur,0,Autumn,production,'000 MT,42.91,42.91,ok
2024-25,..\raw\earas\2024-25\Technical_Report_EARAS_2024-25_Odisha.pdf,74,5.1,Paddy,rice,13,Jajpur,0,Autumn,production,'000 MT,28.32,28.32,ok
2024-25,..\raw\earas\2024-25\Technical_Report_EARAS_2024-25_Odisha.pdf,74,5.1,Paddy,paddy,13,Jajpur,0,Winter,area,'000 ha,107.28,107.28,ok
2024-25,..\raw\earas\2024-25\Technical_Report_EARAS_2024-25_Odisha.pdf,74,5.1,Paddy,paddy,13,Jajpur,0,Winter,yield_rate,qtl/ha,36.21,36.21,ok
2024-25,..\raw\earas\2024-25\Technical_Report_EARAS_2024-25_Odisha.pdf,74,5.1,Paddy,rice,13,Jajpur,0,Winter,yield_rate,qtl/ha,23.90,23.90,ok
2024-25,..\raw\earas\2024-25\Technical_Report_EARAS_2024-25_Odisha.pdf,74,5.1,Paddy,paddy,13,Jajpur,0,Winter,production,'000 MT,388.46,388.46,ok
2024-25,..\raw\earas\2024-25\Technical_Report_EARAS_2024-25_Odisha.pdf,74,5.1,Paddy,rice,13,Jajpur,0,Winter,production,'000 MT,256.38,256.38,ok
2024-25,..\raw\earas\2024-25\Technical_Report_EARAS_2024-25_Odisha.pdf,74,5.1,Paddy,paddy,13,Jajpur,0,Summer,area,'000 ha,3.77,3.77,ok
2024-25,..\raw\earas\2024-25\Technical_Report_EARAS_2024-25_Odisha.pdf,74,5.1,Paddy,paddy,13,Jajpur,0,Summer,yield_rate,qtl/ha,40.41,40.41,ok
2024-25,..\raw\earas\2024-25\Technical_Report_EARAS_2024-25_Odisha.pdf,74,5.1,Paddy,rice,13,Jajpur,0,Summer,yield_rate,qtl/ha,26.67,26.67,ok
2024-25,..\raw\earas\2024-25\Technical_Report_EARAS_2024-25_Odisha.pdf,74,5.1,Paddy,paddy,13,Jajpur,0,Summer,production,'000 MT,15.23,15.23,ok
2024-25,..\raw\earas\2024-25\Technical_Report_EARAS_2024-25_Odisha.pdf,74,5.1,Paddy,rice,13,Jajpur,0,Summer,production,'000 MT,10.05,10.05,ok
2024-25,..\raw\earas\2024-25\Technical_Report_EARAS_2024-25_Odisha.pdf,74,5.1,Paddy,paddy,13,Jajpur,0,Total,area,'000 ha,129.16,129.16,ok
2024-25,..\raw\earas\2024-25\Technical_Report_EARAS_2024-25_Odisha.pdf,74,5.1,Paddy,paddy,13,Jajpur,0,Total,yield_rate,qtl/ha,34.58,34.58,ok
2024-25,..\raw\earas\2024-25\Technical_Report_EARAS_2024-25_Odisha.pdf,74,5.1,Paddy,rice,13,Jajpur,0,Total,yield_rate,qtl/ha,22.82,22.82,ok
2024-25,..\raw\earas\2024-25\Technical_Report_EARAS_2024-25_Odisha.pdf,74,5.1,Paddy,paddy,13,Jajpur,0,Total,production,'000 MT,446.60,446.60,ok
2024-25,..\raw\earas\2024-25\Technical_Report_EARAS_2024-25_Odisha.pdf,74,5.1,Paddy,rice,13,Jajpur,0,Total,production,'000 MT,294.75,294.75,ok
2024-25,..\raw\earas\2024-25\Technical_Report_EARAS_2024-25_Odisha.pdf,74,5.1,Paddy,paddy,14,Jharsuguda,0,Autumn,area,'000 ha,5.46,5.46,ok
2024-25,..\raw\earas\2024-25\Technical_Report_EARAS_2024-25_Odisha.pdf,74,5.1,Paddy,paddy,14,Jharsuguda,0,Autumn,yield_rate,qtl/ha,17.35,17.35,ok
2024-25,..\raw\earas\2024-25\Technical_Report_EARAS_2024-25_Odisha.pdf,74,5.1,Paddy,rice,14,Jharsuguda,0,Autumn,yield_rate,qtl/ha,11.45,11.45,ok
2024-25,..\raw\earas\2024-25\Technical_Report_EARAS_2024-25_Odisha.pdf,74,5.1,Paddy,paddy,14,Jharsuguda,0,Autumn,production,'000 MT,9.47,9.47,ok
2024-25,..\raw\earas\2024-25\Technical_Report_EARAS_2024-25_Odisha.pdf,74,5.1,Paddy,rice,14,Jharsuguda,0,Autumn,production,'000 MT,6.25,6.25,ok
2024-25,..\raw\earas\2024-25\Technical_Report_EARAS_2024-25_Odisha.pdf,74,5.1,Paddy,paddy,14,Jharsuguda,0,Winter,area,'000 ha,29.72,29.72,ok
2024-25,..\raw\earas\2024-25\Technical_Report_EARAS_2024-25_Odisha.pdf,74,5.1,Paddy,paddy,14,Jharsuguda,0,Winter,yield_rate,qtl/ha,40.27,40.27,ok
2024-25,..\raw\earas\2024-25\Technical_Report_EARAS_2024-25_Odisha.pdf,74,5.1,Paddy,rice,14,Jharsuguda,0,Winter,yield_rate,qtl/ha,26.58,26.58,ok
2024-25,..\raw\earas\2024-25\Technical_Report_EARAS_2024-25_Odisha.pdf,74,5.1,Paddy,paddy,14,Jharsuguda,0,Winter,production,'000 MT,119.69,119.69,ok
2024-25,..\raw\earas\2024-25\Technical_Report_EARAS_2024-25_Odisha.pdf,74,5.1,Paddy,rice,14,Jharsuguda,0,Winter,production,'000 MT,79.00,79.00,ok
2024-25,..\raw\earas\2024-25\Technical_Report_EARAS_2024-25_Odisha.pdf,74,5.1,Paddy,paddy,14,Jharsuguda,0,Summer,area,'000 ha,1.95,1.95,ok
2024-25,..\raw\earas\2024-25\Technical_Report_EARAS_2024-25_Odisha.pdf,74,5.1,Paddy,paddy,14,Jharsuguda,0,Summer,yield_rate,qtl/ha,59.02,59.02,ok
2024-25,..\raw\earas\2024-25\Technical_Report_EARAS_2024-25_Odisha.pdf,74,5.1,Paddy,rice,14,Jharsuguda,0,Summer,yield_rate,qtl/ha,38.95,38.95,ok
2024-25,..\raw\earas\2024-25\Technical_Report_EARAS_2024-25_Odisha.pdf,74,5.1,Paddy,paddy,14,Jharsuguda,0,Summer,production,'000 MT,11.52,11.52,ok
2024-25,..\raw\earas\2024-25\Technical_Report_EARAS_2024-25_Odisha.pdf,74,5.1,Paddy,rice,14,Jharsuguda,0,Summer,production,'000 MT,7.60,7.60,ok
2024-25,..\raw\earas\2024-25\Technical_Report_EARAS_2024-25_Odisha.pdf,74,5.1,Paddy,paddy,14,Jharsuguda,0,Total,area,'000 ha,37.13,37.13,ok
2024-25,..\raw\earas\2024-25\Technical_Report_EARAS_2024-25_Odisha.pdf,74,5.1,Paddy,paddy,14,Jharsuguda,0,Total,yield_rate,qtl/ha,37.88,37.88,ok
2024-25,..\raw\earas\2024-25\Technical_Report_EARAS_2024-25_Odisha.pdf,74,5.1,Paddy,rice,14,Jharsuguda,0,Total,yield_rate,qtl/ha,25.00,25.00,ok
2024-25,..\raw\earas\2024-25\Technical_Report_EARAS_2024-25_Odisha.pdf,74,5.1,Paddy,paddy,14,Jharsuguda,0,Total,production,'000 MT,140.68,140.68,ok
2024-25,..\raw\earas\2024-25\Technical_Report_EARAS_2024-25_Odisha.pdf,74,5.1,Paddy,rice,14,Jharsuguda,0,Total,production,'000 MT,92.85,92.85,ok
2024-25,..\raw\earas\2024-25\Technical_Report_EARAS_2024-25_Odisha.pdf,74,5.1,Paddy,paddy,15,Kalahandi,0,Autumn,area,'000 ha,12.88,12.88,ok
2024-25,..\raw\earas\2024-25\Technical_Report_EARAS_2024-25_Odisha.pdf,74,5.1,Paddy,paddy,15,Kalahandi,0,Autumn,yield_rate,qtl/ha,24.92,24.92,ok
2024-25,..\raw\earas\2024-25\Technical_Report_EARAS_2024-25_Odisha.pdf,74,5.1,Paddy,rice,15,Kalahandi,0,Autumn,yield_rate,qtl/ha,16.45,16.45,ok
2024-25,..\raw\earas\2024-25\Technical_Report_EARAS_2024-25_Odisha.pdf,74,5.1,Paddy,paddy,15,Kalahandi,0,Autumn,production,'000 MT,32.10,32.10,ok
2024-25,..\raw\earas\2024-25\Technical_Report_EARAS_2024-25_Odisha.pdf,74,5.1,Paddy,rice,15,Kalahandi,0,Autumn,production,'000 MT,21.18,21.18,ok
2024-25,..\raw\earas\2024-25\Technical_Report_EARAS_2024-25_Odisha.pdf,74,5.1,Paddy,paddy,15,Kalahandi,0,Winter,area,'000 ha,194.85,194.85,ok
2024-25,..\raw\earas\2024-25\Technical_Report_EARAS_2024-25_Odisha.pdf,74,5.1,Paddy,paddy,15,Kalahandi,0,Winter,yield_rate,qtl/ha,45.87,45.87,ok
2024-25,..\raw\earas\2024-25\Technical_Report_EARAS_2024-25_Odisha.pdf,74,5.1,Paddy,rice,15,Kalahandi,0,Winter,yield_rate,qtl/ha,30.27,30.27,ok
2024-25,..\raw\earas\2024-25\Technical_Report_EARAS_2024-25_Odisha.pdf,74,5.1,Paddy,paddy,15,Kalahandi,0,Winter,production,'000 MT,893.70,893.70,ok
2024-25,..\raw\earas\2024-25\Technical_Report_EARAS_2024-25_Odisha.pdf,74,5.1,Paddy,rice,15,Kalahandi,0,Winter,production,'000 MT,589.84,589.84,ok
2024-25,..\raw\earas\2024-25\Technical_Report_EARAS_2024-25_Odisha.pdf,74,5.1,Paddy,paddy,15,Kalahandi,0,Summer,area,'000 ha,56.15,56.15,ok
2024-25,..\raw\earas\2024-25\Technical_Report_EARAS_2024-25_Odisha.pdf,74,5.1,Paddy,paddy,15,Kalahandi,0,Summer,yield_rate,qtl/ha,53.83,53.83,ok
2024-25,..\raw\earas\2024-25\Technical_Report_EARAS_2024-25_Odisha.pdf,74,5.1,Paddy,rice,15,Kalahandi,0,Summer,yield_rate,qtl/ha,35.53,35.53,ok
2024-25,..\raw\earas\2024-25\Technical_Report_EARAS_2024-25_Odisha.pdf,74,5.1,Paddy,paddy,15,Kalahandi,0,Summer,production,'000 MT,302.27,302.27,ok
2024-25,..\raw\earas\2024-25\Technical_Report_EARAS_2024-25_Odisha.pdf,74,5.1,Paddy,rice,15,Kalahandi,0,Summer,production,'000 MT,199.50,199.50,ok
2024-25,..\raw\earas\2024-25\Technical_Report_EARAS_2024-25_Odisha.pdf,74,5.1,Paddy,paddy,15,Kalahandi,0,Total,area,'000 ha,263.88,263.88,ok
2024-25,..\raw\earas\2024-25\Technical_Report_EARAS_2024-25_Odisha.pdf,74,5.1,Paddy,paddy,15,Kalahandi,0,Total,yield_rate,qtl/ha,46.54,46.54,ok
2024-25,..\raw\earas\2024-25\Technical_Report_EARAS_2024-25_Odisha.pdf,74,5.1,Paddy,rice,15,Kalahandi,0,Total,yield_rate,qtl/ha,30.72,30.72,ok
2024-25,..\raw\earas\2024-25\Technical_Report_EARAS_2024-25_Odisha.pdf,74,5.1,Paddy,paddy,15,Kalahandi,0,Total,production,'000 MT,1228.07,1228.07,ok
2024-25,..\raw\earas\2024-25\Technical_Report_EARAS_2024-25_Odisha.pdf,74,5.1,Paddy,rice,15,Kalahandi,0,Total,production,'000 MT,810.52,810.52,ok
2024-25,..\raw\earas\2024-25\Technical_Report_EARAS_2024-25_Odisha.pdf,74,5.1,Paddy,paddy,16,Kandhamal,0,Autumn,area,'000 ha,0.76,0.76,ok
2024-25,..\raw\earas\2024-25\Technical_Report_EARAS_2024-25_Odisha.pdf,74,5.1,Paddy,paddy,16,Kandhamal,0,Autumn,yield_rate,qtl/ha,20.91,20.91,ok
2024-25,..\raw\earas\2024-25\Technical_Report_EARAS_2024-25_Odisha.pdf,74,5.1,Paddy,rice,16,Kandhamal,0,Autumn,yield_rate,qtl/ha,13.81,13.81,ok
2024-25,..\raw\earas\2024-25\Technical_Report_EARAS_2024-25_Odisha.pdf,74,5.1,Paddy,paddy,16,Kandhamal,0,Autumn,production,'000 MT,1.60,1.60,ok
2024-25,..\raw\earas\2024-25\Technical_Report_EARAS_2024-25_Odisha.pdf,74,5.1,Paddy,rice,16,Kandhamal,0,Autumn,production,'000 MT,1.05,1.05,ok
2024-25,..\raw\earas\2024-25\Technical_Report_EARAS_2024-25_Odisha.pdf,74,5.1,Paddy,paddy,16,Kandhamal,0,Winter,area,'000 ha,41.99,41.99,ok
2024-25,..\raw\earas\2024-25\Technical_Report_EARAS_2024-25_Odisha.pdf,74,5.1,Paddy,paddy,16,Kandhamal,0,Winter,yield_rate,qtl/ha,27.31,27.31,ok
2024-25,..\raw\earas\2024-25\Technical_Report_EARAS_2024-25_Odisha.pdf,74,5.1,Paddy,rice,16,Kandhamal,0,Winter,yield_rate,qtl/ha,18.03,18.03,ok
2024-25,..\raw\earas\2024-25\Technical_Report_EARAS_2024-25_Odisha.pdf,74,5.1,Paddy,paddy,16,Kandhamal,0,Winter,production,'000 MT,114.70,114.70,ok
2024-25,..\raw\earas\2024-25\Technical_Report_EARAS_2024-25_Odisha.pdf,74,5.1,Paddy,rice,16,Kandhamal,0,Winter,production,'000 MT,75.70,75.70,ok
2024-25,..\raw\earas\2024-25\Technical_Report_EARAS_2024-25_Odisha.pdf,74,5.1,Paddy,paddy,16,Kandhamal,0,Summer,area,'000 ha,0.45,0.45,ok
2024-25,..\raw\earas\2024-25\Technical_Report_EARAS_2024-25_Odisha.pdf,74,5.1,Paddy,paddy,16,Kandhamal,0,Summer,yield_rate,qtl/ha,31.76,31.76,ok
2024-25,..\raw\earas\2024-25\Technical_Report_EARAS_2024-25_Odisha.pdf,74,5.1,Paddy,rice,16,Kandhamal,0,Summer,yield_rate,qtl/ha,20.96,20.96,ok
2024-25,..\raw\earas\2024-25\Technical_Report_EARAS_2024-25_Odisha.pdf,74,5.1,Paddy,paddy,16,Kandhamal,0,Summer,production,'000 MT,1.42,1.42,ok
2024-25,..\raw\earas\2024-25\Technical_Report_EARAS_2024-25_Odisha.pdf,74,5.1,Paddy,rice,16,Kandhamal,0,Summer,production,'000 MT,0.93,0.93,ok
2024-25,..\raw\earas\2024-25\Technical_Report_EARAS_2024-25_Odisha.pdf,74,5.1,Paddy,paddy,16,Kandhamal,0,Total,area,'000 ha,43.20,43.20,ok
2024-25,..\raw\earas\2024-25\Technical_Report_EARAS_2024-25_Odisha.pdf,74,5.1,Paddy,paddy,16,Kandhamal,0,Total,yield_rate,qtl/ha,27.24,27.24,ok
2024-25,..\raw\earas\2024-25\Technical_Report_EARAS_2024-25_Odisha.pdf,74,5.1,Paddy,rice,16,Kandhamal,0,Total,yield_rate,qtl/ha,17.98,17.98,ok
2024-25,..\raw\earas\2024-25\Technical_Report_EARAS_2024-25_Odisha.pdf,74,5.1,Paddy,paddy,16,Kandhamal,0,Total,production,'000 MT,117.72,117.72,ok
2024-25,..\raw\earas\2024-25\Technical_Report_EARAS_2024-25_Odisha.pdf,74,5.1,Paddy,rice,16,Kandhamal,0,Total,production,'000 MT,77.68,77.68,ok
2024-25,..\raw\earas\2024-25\Technical_Report_EARAS_2024-25_Odisha.pdf,74,5.1,Paddy,paddy,17,Kendrapada,0,Autumn,area,'000 ha,0.80,0.80,ok
2024-25,..\raw\earas\2024-25\Technical_Report_EARAS_2024-25_Odisha.pdf,74,5.1,Paddy,paddy,17,Kendrapada,0,Autumn,yield_rate,qtl/ha,35.90,35.90,ok
2024-25,..\raw\earas\2024-25\Technical_Report_EARAS_2024-25_Odisha.pdf,74,5.1,Paddy,rice,17,Kendrapada,0,Autumn,yield_rate,qtl/ha,23.69,23.69,ok
2024-25,..\raw\earas\2024-25\Technical_Report_EARAS_2024-25_Odisha.pdf,74,5.1,Paddy,paddy,17,Kendrapada,0,Autumn,production,'000 MT,2.86,2.86,ok
2024-25,..\raw\earas\2024-25\Technical_Report_EARAS_2024-25_Odisha.pdf,74,5.1,Paddy,rice,17,Kendrapada,0,Autumn,production,'000 MT,1.89,1.89,ok
2024-25,..\raw\earas\2024-25\Technical_Report_EARAS_2024-25_Odisha.pdf,74,5.1,Paddy,paddy,17,Kendrapada,0,Winter,area,'000 ha,124.13,124.13,ok
2024-25,..\raw\earas\2024-25\Technical_Report_EARAS_2024-25_Odisha.pdf,74,5.1,Paddy,paddy,17,Kendrapada,0,Winter,yield_rate,qtl/ha,36.68,36.68,ok
2024-25,..\raw\earas\2024-25\Technical_Report_EARAS_2024-25_Odisha.pdf,74,5.1,Paddy,rice,17,Kendrapada,0,Winter,yield_rate,qtl/ha,24.21,24.21,ok
2024-25,..\raw\earas\2024-25\Technical_Report_EARAS_2024-25_Odisha.pdf,74,5.1,Paddy,paddy,17,Kendrapada,0,Winter,production,'000 MT,455.28,455.28,ok
2024-25,..\raw\earas\2024-25\Technical_Report_EARAS_2024-25_Odisha.pdf,74,5.1,Paddy,rice,17,Kendrapada,0,Winter,production,'000 MT,300.50,300.50,ok
2024-25,..\raw\earas\2024-25\Technical_Report_EARAS_2024-25_Odisha.pdf,74,5.1,Paddy,paddy,17,Kendrapada,0,Summer,area,'000 ha,2.11,2.11,ok
2024-25,..\raw\earas\2024-25\Technical_Report_EARAS_2024-25_Odisha.pdf,74,5.1,Paddy,paddy,17,Kendrapada,0,Summer,yield_rate,qtl/ha,49.55,49.55,ok
2024-25,..\raw\earas\2024-25\Technical_Report_EARAS_2024-25_Odisha.pdf,74,5.1,Paddy,rice,17,Kendrapada,0,Summer,yield_rate,qtl/ha,32.70,32.70,ok
2024-25,..\raw\earas\2024-25\Technical_Report_EARAS_2024-25_Odisha.pdf,74,5.1,Paddy,paddy,17,Kendrapada,0,Summer,production,'000 MT,10.47,10.47,ok
2024-25,..\raw\earas\2024-25\Technical_Report_EARAS_2024-25_Odisha.pdf,74,5.1,Paddy,rice,17,Kendrapada,0,Summer,production,'000 MT,6.91,6.91,ok
2024-25,..\raw\earas\2024-25\Technical_Report_EARAS_2024-25_Odisha.pdf,74,5.1,Paddy,paddy,17,Kendrapada,0,Total,area,'000 ha,127.04,127.04,ok
2024-25,..\raw\earas\2024-25\Technical_Report_EARAS_2024-25_Odisha.pdf,74,5.1,Paddy,paddy,17,Kendrapada,0,Total,yield_rate,qtl/ha,36.89,36.89,ok
2024-25,..\raw\earas\2024-25\Technical_Report_EARAS_2024-25_Odisha.pdf,74,5.1,Paddy,rice,17,Kendrapada,0,Total,yield_rate,qtl/ha,24.35,24.35,ok
2024-25,..\raw\earas\2024-25\Technical_Report_EARAS_2024-25_Odisha.pdf,74,5.1,Paddy,paddy,17,Kendrapada,0,Total,production,'000 MT,468.61,468.61,ok
2024-25,..\raw\earas\2024-25\Technical_Report_EARAS_2024-25_Odisha.pdf,74,5.1,Paddy,rice,17,Kendrapada,0,Total,production,'000 MT,309.30,309.30,ok
2024-25,..\raw\earas\2024-25\Technical_Report_EARAS_2024-25_Odisha.pdf,74,5.1,Paddy,paddy,18,Keonjhar,0,Autumn,area,'000 ha,1.69,1.69,ok
2024-25,..\raw\earas\2024-25\Technical_Report_EARAS_2024-25_Odisha.pdf,74,5.1,Paddy,paddy,18,Keonjhar,0,Autumn,yield_rate,qtl/ha,35.99,35.99,ok
2024-25,..\raw\earas\2024-25\Technical_Report_EARAS_2024-25_Odisha.pdf,74,5.1,Paddy,rice,18,Keonjhar,0,Autumn,yield_rate,qtl/ha,23.76,23.76,ok
2024-25,..\raw\earas\2024-25\Technical_Report_EARAS_2024-25_Odisha.pdf,74,5.1,Paddy,paddy,18,Keonjhar,0,Autumn,production,'000 MT,6.06,6.06,ok
2024-25,..\raw\earas\2024-25\Technical_Report_EARAS_2024-25_Odisha.pdf,74,5.1,Paddy,rice,18,Keonjhar,0,Autumn,production,'000 MT,4.00,4.00,ok
2024-25,..\raw\earas\2024-25\Technical_Report_EARAS_2024-25_Odisha.pdf,74,5.1,Paddy,paddy,18,Keonjhar,0,Winter,area,'000 ha,173.69,173.69,ok
2024-25,..\raw\earas\2024-25\Technical_Report_EARAS_2024-25_Odisha.pdf,74,5.1,Paddy,paddy,18,Keonjhar,0,Winter,yield_rate,qtl/ha,47.01,47.01,ok
2024-25,..\raw\earas\2024-25\Technical_Report_EARAS_2024-25_Odisha.pdf,74,5.1,Paddy,rice,18,Keonjhar,0,Winter,yield_rate,qtl/ha,31.02,31.02,ok
2024-25,..\raw\earas\2024-25\Technical_Report_EARAS_2024-25_Odisha.pdf,74,5.1,Paddy,paddy,18,Keonjhar,0,Winter,production,'000 MT,816.49,816.49,ok
2024-25,..\raw\earas\2024-25\Technical_Report_EARAS_2024-25_Odisha.pdf,74,5.1,Paddy,rice,18,Keonjhar,0,Winter,production,'000 MT,538.88,538.88,ok
2024-25,..\raw\earas\2024-25\Technical_Report_EARAS_2024-25_Odisha.pdf,74,5.1,Paddy,paddy,18,Keonjhar,0,Summer,area,'000 ha,1.30,1.30,ok
2024-25,..\raw\earas\2024-25\Technical_Report_EARAS_2024-25_Odisha.pdf,74,5.1,Paddy,paddy,18,Keonjhar,0,Summer,yield_rate,qtl/ha,32.84,32.84,ok
2024-25,..\raw\earas\2024-25\Technical_Report_EARAS_2024-25_Odisha.pdf,74,5.1,Paddy,rice,18,Keonjhar,0,Summer,yield_rate,qtl/ha,21.67,21.67,ok
2024-25,..\raw\earas\2024-25\Technical_Report_EARAS_2024-25_Odisha.pdf,74,5.1,Paddy,paddy,18,Keonjhar,0,Summer,production,'000 MT,4.28,4.28,ok
2024-25,..\raw\earas\2024-25\Technical_Report_EARAS_2024-25_Odisha.pdf,74,5.1,Paddy,rice,18,Keonjhar,0,Summer,production,'000 MT,2.82,2.82,ok
2024-25,..\raw\earas\2024-25\Technical_Report_EARAS_2024-25_Odisha.pdf,74,5.1,Paddy,paddy,18,Keonjhar,0,Total,area,'000 ha,176.68,176.68,ok
2024-25,..\raw\earas\2024-25\Technical_Report_EARAS_2024-25_Odisha.pdf,74,5.1,Paddy,paddy,18,Keonjhar,0,Total,yield_rate,qtl/ha,46.80,46.80,ok
2024-25,..\raw\earas\2024-25\Technical_Report_EARAS_2024-25_Odisha.pdf,74,5.1,Paddy,rice,18,Keonjhar,0,Total,yield_rate,qtl/ha,30.89,30.89,ok
2024-25,..\raw\earas\2024-25\Technical_Report_EARAS_2024-25_Odisha.pdf,74,5.1,Paddy,paddy,18,Keonjhar,0,Total,production,'000 MT,826.83,826.83,ok
2024-25,..\raw\earas\2024-25\Technical_Report_EARAS_2024-25_Odisha.pdf,74,5.1,Paddy,rice,18,Keonjhar,0,Total,production,'000 MT,545.70,545.70,ok
2024-25,..\raw\earas\2024-25\Technical_Report_EARAS_2024-25_Odisha.pdf,74,5.1,Paddy,paddy,19,Khurda,0,Autumn,area,'000 ha,0.01,0.01,ok
2024-25,..\raw\earas\2024-25\Technical_Report_EARAS_2024-25_Odisha.pdf,74,5.1,Paddy,paddy,19,Khurda,0,Autumn,yield_rate,qtl/ha,24.17,24.17,ok
2024-25,..\raw\earas\2024-25\Technical_Report_EARAS_2024-25_Odisha.pdf,74,5.1,Paddy,rice,19,Khurda,0,Autumn,yield_rate,qtl/ha,16.00,16.00,ok
2024-25,..\raw\earas\2024-25\Technical_Report_EARAS_2024-25_Odisha.pdf,74,5.1,Paddy,paddy,19,Khurda,0,Autumn,production,'000 MT,0.01,0.01,ok
2024-25,..\raw\earas\2024-25\Technical_Report_EARAS_2024-25_Odisha.pdf,74,5.1,Paddy,rice,19,Khurda,0,Autumn,production,'000 MT,0.01,0.01,ok
2024-25,..\raw\earas\2024-25\Technical_Report_EARAS_2024-25_Odisha.pdf,74,5.1,Paddy,paddy,19,Khurda,0,Winter,area,'000 ha,87.16,87.16,ok
2024-25,..\raw\earas\2024-25\Technical_Report_EARAS_2024-25_Odisha.pdf,74,5.1,Paddy,paddy,19,Khurda,0,Winter,yield_rate,qtl/ha,46.98,46.98,ok
2024-25,..\raw\earas\2024-25\Technical_Report_EARAS_2024-25_Odisha.pdf,74,5.1,Paddy,rice,19,Khurda,0,Winter,yield_rate,qtl/ha,31.01,31.01,ok
2024-25,..\raw\earas\2024-25\Technical_Report_EARAS_2024-25_Odisha.pdf,74,5.1,Paddy,paddy,19,Khurda,0,Winter,production,'000 MT,409.48,409.48,ok
2024-25,..\raw\earas\2024-25\Technical_Report_EARAS_2024-25_Odisha.pdf,74,5.1,Paddy,rice,19,Khurda,0,Winter,production,'000 MT,270.26,270.26,ok
2024-25,..\raw\earas\2024-25\Technical_Report_EARAS_2024-25_Odisha.pdf,74,5.1,Paddy,paddy,19,Khurda,0,Summer,area,'000 ha,1.75,1.75,ok
2024-25,..\raw\earas\2024-25\Technical_Report_EARAS_2024-25_Odisha.pdf,74,5.1,Paddy,paddy,19,Khurda,0,Summer,yield_rate,qtl/ha,55.81,55.81,ok
2024-25,..\raw\earas\2024-25\Technical_Report_EARAS_2024-25_Odisha.pdf,74,5.1,Paddy,rice,19,Khurda,0,Summer,yield_rate,qtl/ha,36.84,36.84,ok
2024-25,..\raw\earas\2024-25\Technical_Report_EARAS_2024-25_Odisha.pdf,74,5.1,Paddy,paddy,19,Khurda,0,Summer,production,'000 MT,9.78,9.78,ok
2024-25,..\raw\earas\2024-25\Technical_Report_EARAS_2024-25_Odisha.pdf,74,5.1,Paddy,rice,19,Khurda,0,Summer,production,'000 MT,6.46,6.46,ok
2024-25,..\raw\earas\2024-25\Technical_Report_EARAS_2024-25_Odisha.pdf,74,5.1,Paddy,paddy,19,Khurda,0,Total,area,'000 ha,88.92,88.92,ok
2024-25,..\raw\earas\2024-25\Technical_Report_EARAS_2024-25_Odisha.pdf,74,5.1,Paddy,paddy,19,Khurda,0,Total,yield_rate,qtl/ha,47.15,47.15,ok
2024-25,..\raw\earas\2024-25\Technical_Report_EARAS_2024-25_Odisha.pdf,74,5.1,Paddy,rice,19,Khurda,0,Total,yield_rate,qtl/ha,31.12,31.12,ok
2024-25,..\raw\earas\2024-25\Technical_Report_EARAS_2024-25_Odisha.pdf,74,5.1,Paddy,paddy,19,Khurda,0,Total,production,'000 MT,419.27,419.27,ok
2024-25,..\raw\earas\2024-25\Technical_Report_EARAS_2024-25_Odisha.pdf,74,5.1,Paddy,rice,19,Khurda,0,Total,production,'000 MT,276.73,276.73,ok
2024-25,..\raw\earas\2024-25\Technical_Report_EARAS_2024-25_Odisha.pdf,74,5.1,Paddy,paddy,20,Koraput,0,Autumn,area,'000 ha,1.99,1.99,ok
2024-25,..\raw\earas\2024-25\Technical_Report_EARAS_2024-25_Odisha.pdf,74,5.1,Paddy,paddy,20,Koraput,0,Autumn,yield_rate,qtl/ha,35.16,35.16,ok
2024-25,..\raw\earas\2024-25\Technical_Report_EARAS_2024-25_Odisha.pdf,74,5.1,Paddy,rice,20,Koraput,0,Autumn,yield_rate,qtl/ha,23.21,23.21,ok
2024-25,..\raw\earas\2024-25\Technical_Report_EARAS_2024-25_Odisha.pdf,74,5.1,Paddy,paddy,20,Koraput,0,Autumn,production,'000 MT,7.01,7.01,ok
2024-25,..\raw\earas\2024-25\Technical_Report_EARAS_2024-25_Odisha.pdf,74,5.1,Paddy,rice,20,Koraput,0,Autumn,production,'000 MT,4.63,4.63,ok
2024-25,..\raw\earas\2024-25\Technical_Report_EARAS_2024-25_Odisha.pdf,74,5.1,Paddy,paddy,20,Koraput,0,Winter,area,'000 ha,89.89,89.89,ok
2024-25,..\raw\earas\2024-25\Technical_Report_EARAS_2024-25_Odisha.pdf,74,5.1,Paddy,paddy,20,Koraput,0,Winter,yield_rate,qtl/ha,50.14,50.14,ok
2024-25,..\raw\earas\2024-25\Technical_Report_EARAS_2024-25_Odisha.pdf,74,5.1,Paddy,rice,20,Koraput,0,Winter,yield_rate,qtl/ha,33.10,33.10,ok
2024-25,..\raw\earas\2024-25\Technical_Report_EARAS_2024-25_Odisha.pdf,74,5.1,Paddy,paddy,20,Koraput,0,Winter,production,'000 MT,450.73,450.73,ok
2024-25,..\raw\earas\2024-25\Technical_Report_EARAS_2024-25_Odisha.pdf,74,5.1,Paddy,rice,20,Koraput,0,Winter,production,'000 MT,297.48,297.48,ok
2024-25,..\raw\earas\2024-25\Technical_Report_EARAS_2024-25_Odisha.pdf,74,5.1,Paddy,paddy,20,Koraput,0,Summer,area,'000 ha,31.90,31.90,ok
2024-25,..\raw\earas\2024-25\Technical_Report_EARAS_2024-25_Odisha.pdf,74,5.1,Paddy,paddy,20,Koraput,0,Summer,yield_rate,qtl/ha,48.49,48.49,ok
2024-25,..\raw\earas\2024-25\Technical_Report_EARAS_2024-25_Odisha.pdf,74,5.1,Paddy,rice,20,Koraput,0,Summer,yield_rate,qtl/ha,32.01,32.01,ok
2024-25,..\raw\earas\2024-25\Technical_Report_EARAS_2024-25_Odisha.pdf,74,5.1,Paddy,paddy,20,Koraput,0,Summer,production,'000 MT,154.72,154.72,ok
2024-25,..\raw\earas\2024-25\Technical_Report_EARAS_2024-25_Odisha.pdf,74,5.1,Paddy,rice,20,Koraput,0,Summer,production,'000 MT,102.12,102.12,ok
2024-25,..\raw\earas\2024-25\Technical_Report_EARAS_2024-25_Odisha.pdf,74,5.1,Paddy,paddy,20,Koraput,0,Total,area,'000 ha,123.78,123.78,ok
2024-25,..\raw\earas\2024-25\Technical_Report_EARAS_2024-25_Odisha.pdf,74,5.1,Paddy,paddy,20,Koraput,0,Total,yield_rate,qtl/ha,49.48,49.48,ok
2024-25,..\raw\earas\2024-25\Technical_Report_EARAS_2024-25_Odisha.pdf,74,5.1,Paddy,rice,20,Koraput,0,Total,yield_rate,qtl/ha,32.66,32.66,ok
2024-25,..\raw\earas\2024-25\Technical_Report_EARAS_2024-25_Odisha.pdf,74,5.1,Paddy,paddy,20,Koraput,0,Total,production,'000 MT,612.46,612.46,ok
2024-25,..\raw\earas\2024-25\Technical_Report_EARAS_2024-25_Odisha.pdf,74,5.1,Paddy,rice,20,Koraput,0,Total,production,'000 MT,404.23,404.23,ok
2024-25,..\raw\earas\2024-25\Technical_Report_EARAS_2024-25_Odisha.pdf,74,5.1,Paddy,paddy,21,Malkangiri,0,Autumn,area,'000 ha,13.93,13.93,ok
2024-25,..\raw\earas\2024-25\Technical_Report_EARAS_2024-25_Odisha.pdf,74,5.1,Paddy,paddy,21,Malkangiri,0,Autumn,yield_rate,qtl/ha,28.77,28.77,ok
2024-25,..\raw\earas\2024-25\Technical_Report_EARAS_2024-25_Odisha.pdf,74,5.1,Paddy,rice,21,Malkangiri,0,Autumn,yield_rate,qtl/ha,18.99,18.99,ok
2024-25,..\raw\earas\2024-25\Technical_Report_EARAS_2024-25_Odisha.pdf,74,5.1,Paddy,paddy,21,Malkangiri,0,Autumn,production,'000 MT,40.09,40.09,ok
2024-25,..\raw\earas\2024-25\Technical_Report_EARAS_2024-25_Odisha.pdf,74,5.1,Paddy,rice,21,Malkangiri,0,Autumn,production,'000 MT,26.46,26.46,ok
2024-25,..\raw\earas\2024-25\Technical_Report_EARAS_2024-25_Odisha.pdf,74,5.1,Paddy,paddy,21,Malkangiri,0,Winter,area,'000 ha,108.13,108.13,ok
2024-25,..\raw\earas\2024-25\Technical_Report_EARAS_2024-25_Odisha.pdf,74,5.1,Paddy,paddy,21,Malkangiri,0,Winter,yield_rate,qtl/ha,39.04,39.04,ok
2024-25,..\raw\earas\2024-25\Technical_Report_EARAS_2024-25_Odisha.pdf,74,5.1,Paddy,rice,21,Malkangiri,0,Winter,yield_rate,qtl/ha,25.76,25.76,ok
2024-25,..\raw\earas\2024-25\Technical_Report_EARAS_2024-25_Odisha.pdf,74,5.1,Paddy,paddy,21,Malkangiri,0,Winter,production,'000 MT,422.10,422.10,ok
2024-25,..\raw\earas\2024-25\Technical_Report_EARAS_2024-25_Odisha.pdf,74,5.1,Paddy,rice,21,Malkangiri,0,Winter,production,'000 MT,278.59,278.59,ok
2024-25,..\raw\earas\2024-25\Technical_Report_EARAS_2024-25_Odisha.pdf,74,5.1,Paddy,paddy,21,Malkangiri,0,Summer,area,'000 ha,4.81,4.81,ok
2024-25,..\raw\earas\2024-25\Technical_Report_EARAS_2024-25_Odisha.pdf,74,5.1,Paddy,paddy,21,Malkangiri,0,Summer,yield_rate,qtl/ha,36.08,36.08,ok
2024-25,..\raw\earas\2024-25\Technical_Report_EARAS_2024-25_Odisha.pdf,74,5.1,Paddy,rice,21,Malkangiri,0,Summer,yield_rate,qtl/ha,23.82,23.82,ok
2024-25,..\raw\earas\2024-25\Technical_Report_EARAS_2024-25_Odisha.pdf,74,5.1,Paddy,paddy,21,Malkangiri,0,Summer,production,'000 MT,17.36,17.36,ok
2024-25,..\raw\earas\2024-25\Technical_Report_EARAS_2024-25_Odisha.pdf,74,5.1,Paddy,rice,21,Malkangiri,0,Summer,production,'000 MT,11.45,11.45,ok
2024-25,..\raw\earas\2024-25\Technical_Report_EARAS_2024-25_Odisha.pdf,74,5.1,Paddy,paddy,21,Malkangiri,0,Total,area,'000 ha,126.87,126.87,ok
2024-25,..\raw\earas\2024-25\Technical_Report_EARAS_2024-25_Odisha.pdf,74,5.1,Paddy,paddy,21,Malkangiri,0,Total,yield_rate,qtl/ha,37.80,37.80,ok
2024-25,..\raw\earas\2024-25\Technical_Report_EARAS_2024-25_Odisha.pdf,74,5.1,Paddy,rice,21,Malkangiri,0,Total,yield_rate,qtl/ha,24.95,24.95,ok
2024-25,..\raw\earas\2024-25\Technical_Report_EARAS_2024-25_Odisha.pdf,74,5.1,Paddy,paddy,21,Malkangiri,0,Total,production,'000 MT,479.55,479.55,ok
2024-25,..\raw\earas\2024-25\Technical_Report_EARAS_2024-25_Odisha.pdf,74,5.1,Paddy,rice,21,Malkangiri,0,Total,production,'000 MT,316.50,316.50,ok
2024-25,..\raw\earas\2024-25\Technical_Report_EARAS_2024-25_Odisha.pdf,74,5.1,Paddy,paddy,22,Mayurbhanja,0,Autumn,area,'000 ha,4.23,4.23,ok
2024-25,..\raw\earas\2024-25\Technical_Report_EARAS_2024-25_Odisha.pdf,74,5.1,Paddy,paddy,22,Mayurbhanja,0,Autumn,yield_rate,qtl/ha,27.06,27.06,ok
2024-25,..\raw\earas\2024-25\Technical_Report_EARAS_2024-25_Odisha.pdf,74,5.1,Paddy,rice,22,Mayurbhanja,0,Autumn,yield_rate,qtl/ha,17.86,17.86,ok
2024-25,..\raw\earas\2024-25\Technical_Report_EARAS_2024-25_Odisha.pdf,74,5.1,Paddy,paddy,22,Mayurbhanja,0,Autumn,production,'000 MT,11.44,11.44,ok
2024-25,..\raw\earas\2024-25\Technical_Report_EARAS_2024-25_Odisha.pdf,74,5.1,Paddy,rice,22,Mayurbhanja,0,Autumn,production,'000 MT,7.56,7.56,ok
2024-25,..\raw\earas\2024-25\Technical_Report_EARAS_2024-25_Odisha.pdf,74,5.1,Paddy,paddy,22,Mayurbhanja,0,Winter,area,'000 ha,346.88,346.88,ok
2024-25,..\raw\earas\2024-25\Technical_Report_EARAS_2024-25_Odisha.pdf,74,5.1,Paddy,paddy,22,Mayurbhanja,0,Winter,yield_rate,qtl/ha,37.90,37.90,ok
2024-25,..\raw\earas\2024-25\Technical_Report_EARAS_2024-25_Odisha.pdf,74,5.1,Paddy,rice,22,Mayurbhanja,0,Winter,yield_rate,qtl/ha,25.01,25.01,ok
2024-25,..\raw\earas\2024-25\Technical_Report_EARAS_2024-25_Odisha.pdf,74,5.1,Paddy,paddy,22,Mayurbhanja,0,Winter,production,'000 MT,1314.68,1314.68,ok
2024-25,..\raw\earas\2024-25\Technical_Report_EARAS_2024-25_Odisha.pdf,74,5.1,Paddy,rice,22,Mayurbhanja,0,Winter,production,'000 MT,867.70,867.70,ok
2024-25,..\raw\earas\2024-25\Technical_Report_EARAS_2024-25_Odisha.pdf,74,5.1,Paddy,paddy,22,Mayurbhanja,0,Summer,area,'000 ha,9.25,9.25,ok
2024-25,..\raw\earas\2024-25\Technical_Report_EARAS_2024-25_Odisha.pdf,74,5.1,Paddy,paddy,22,Mayurbhanja,0,Summer,yield_rate,qtl/ha,39.78,39.78,ok
2024-25,..\raw\earas\2024-25\Technical_Report_EARAS_2024-25_Odisha.pdf,74,5.1,Paddy,rice,22,Mayurbhanja,0,Summer,yield_rate,qtl/ha,26.25,26.25,ok
2024-25,..\raw\earas\2024-25\Technical_Report_EARAS_2024-25_Odisha.pdf,74,5.1,Paddy,paddy,22,Mayurbhanja,0,Summer,production,'000 MT,36.80,36.80,ok
2024-25,..\raw\earas\2024-25\Technical_Report_EARAS_2024-25_Odisha.pdf,74,5.1,Paddy,rice,22,Mayurbhanja,0,Summer,production,'000 MT,24.29,24.29,ok
2024-25,..\raw\earas\2024-25\Technical_Report_EARAS_2024-25_Odisha.pdf,74,5.1,Paddy,paddy,22,Mayurbhanja,0,Total,area,'000 ha,360.36,360.36,ok
2024-25,..\raw\earas\2024-25\Technical_Report_EARAS_2024-25_Odisha.pdf,74,5.1,Paddy,paddy,22,Mayurbhanja,0,Total,yield_rate,qtl/ha,37.82,37.82,ok
2024-25,..\raw\earas\2024-25\Technical_Report_EARAS_2024-25_Odisha.pdf,74,5.1,Paddy,rice,22,Mayurbhanja,0,Total,yield_rate,qtl/ha,24.96,24.96,ok
2024-25,..\raw\earas\2024-25\Technical_Report_EARAS_2024-25_Odisha.pdf,74,5.1,Paddy,paddy,22,Mayurbhanja,0,Total,production,'000 MT,1362.92,1362.92,ok
2024-25,..\raw\earas\2024-25\Technical_Report_EARAS_2024-25_Odisha.pdf,74,5.1,Paddy,rice,22,Mayurbhanja,0,Total,production,'000 MT,899.55,899.55,ok
2024-25,..\raw\earas\2024-25\Technical_Report_EARAS_2024-25_Odisha.pdf,74,5.1,Paddy,paddy,23,Nuapada,0,Autumn,area,'000 ha,35.77,35.77,ok
2024-25,..\raw\earas\2024-25\Technical_Report_EARAS_2024-25_Odisha.pdf,74,5.1,Paddy,paddy,23,Nuapada,0,Autumn,yield_rate,qtl/ha,31.70,31.70,ok
2024-25,..\raw\earas\2024-25\Technical_Report_EARAS_2024-25_Odisha.pdf,74,5.1,Paddy,rice,23,Nuapada,0,Autumn,yield_rate,qtl/ha,20.92,20.92,ok
2024-25,..\raw\earas\2024-25\Technical_Report_EARAS_2024-25_Odisha.pdf,74,5.1,Paddy,paddy,23,Nuapada,0,Autumn,production,'000 MT,113.42,113.42,ok
2024-25,..\raw\earas\2024-25\Technical_Report_EARAS_2024-25_Odisha.pdf,74,5.1,Paddy,rice,23,Nuapada,0,Autumn,production,'000 MT,74.85,74.85,ok
2024-25,..\raw\earas\2024-25\Technical_Report_EARAS_2024-25_Odisha.pdf,74,5.1,Paddy,paddy,23,Nuapada,0,Winter,area,'000 ha,57.89,57.89,ok
2024-25,..\raw\earas\2024-25\Technical_Report_EARAS_2024-25_Odisha.pdf,74,5.1,Paddy,paddy,23,Nuapada,0,Winter,yield_rate,qtl/ha,37.78,37.78,ok
2024-25,..\raw\earas\2024-25\Technical_Report_EARAS_2024-25_Odisha.pdf,74,5.1,Paddy,rice,23,Nuapada,0,Winter,yield_rate,qtl/ha,24.94,24.94,ok
2024-25,..\raw\earas\2024-25\Technical_Report_EARAS_2024-25_Odisha.pdf,74,5.1,Paddy,paddy,23,Nuapada,0,Winter,production,'000 MT,218.72,218.72,ok
2024-25,..\raw\earas\2024-25\Technical_Report_EARAS_2024-25_Odisha.pdf,74,5.1,Paddy,rice,23,Nuapada,0,Winter,production,'000 MT,144.35,144.35,ok
2024-25,..\raw\earas\2024-25\Technical_Report_EARAS_2024-25_Odisha.pdf,74,5.1,Paddy,paddy,23,Nuapada,0,Summer,area,'000 ha,7.50,7.50,ok
2024-25,..\raw\earas\2024-25\Technical_Report_EARAS_2024-25_Odisha.pdf,74,5.1,Paddy,paddy,23,Nuapada,0,Summer,yield_rate,qtl/ha,44.14,44.14,ok
2024-25,..\raw\earas\2024-25\Technical_Report_EARAS_2024-25_Odisha.pdf,74,5.1,Paddy,rice,23,Nuapada,0,Summer,yield_rate,qtl/ha,29.13,29.13,ok
2024-25,..\raw\earas\2024-25\Technical_Report_EARAS_2024-25_Odisha.pdf,74,5.1,Paddy,paddy,23,Nuapada,0,Summer,production,'000 MT,33.10,33.10,ok
2024-25,..\raw\earas\2024-25\Technical_Report_EARAS_2024-25_Odisha.pdf,74,5.1,Paddy,rice,23,Nuapada,0,Summer,production,'000 MT,21.84,21.84,ok
2024-25,..\raw\earas\2024-25\Technical_Report_EARAS_2024-25_Odisha.pdf,74,5.1,Paddy,paddy,23,Nuapada,0,Total,area,'000 ha,101.16,101.16,ok
2024-25,..\raw\earas\2024-25\Technical_Report_EARAS_2024-25_Odisha.pdf,74,5.1,Paddy,paddy,23,Nuapada,0,Total,yield_rate,qtl/ha,36.10,36.10,ok
2024-25,..\raw\earas\2024-25\Technical_Report_EARAS_2024-25_Odisha.pdf,74,5.1,Paddy,rice,23,Nuapada,0,Total,yield_rate,qtl/ha,23.83,23.83,ok
2024-25,..\raw\earas\2024-25\Technical_Report_EARAS_2024-25_Odisha.pdf,74,5.1,Paddy,paddy,23,Nuapada,0,Total,production,'000 MT,365.24,365.24,ok
2024-25,..\raw\earas\2024-25\Technical_Report_EARAS_2024-25_Odisha.pdf,74,5.1,Paddy,rice,23,Nuapada,0,Total,production,'000 MT,241.04,241.04,ok
2024-25,..\raw\earas\2024-25\Technical_Report_EARAS_2024-25_Odisha.pdf,74,5.1,Paddy,paddy,24,Nayagada,0,Autumn,area,'000 ha,0.05,0.05,ok
2024-25,..\raw\earas\2024-25\Technical_Report_EARAS_2024-25_Odisha.pdf,74,5.1,Paddy,paddy,24,Nayagada,0,Autumn,yield_rate,qtl/ha,35.85,35.85,ok
2024-25,..\raw\earas\2024-25\Technical_Report_EARAS_2024-25_Odisha.pdf,74,5.1,Paddy,rice,24,Nayagada,0,Autumn,yield_rate,qtl/ha,23.65,23.65,ok
2024-25,..\raw\earas\2024-25\Technical_Report_EARAS_2024-25_Odisha.pdf,74,5.1,Paddy,paddy,24,Nayagada,0,Autumn,production,'000 MT,0.17,0.17,ok
2024-25,..\raw\earas\2024-25\Technical_Report_EARAS_2024-25_Odisha.pdf,74,5.1,Paddy,rice,24,Nayagada,0,Autumn,production,'000 MT,0.11,0.11,ok
2024-25,..\raw\earas\2024-25\Technical_Report_EARAS_2024-25_Odisha.pdf,74,5.1,Paddy,paddy,24,Nayagada,0,Winter,area,'000 ha,87.19,87.19,ok
2024-25,..\raw\earas\2024-25\Technical_Report_EARAS_2024-25_Odisha.pdf,74,5.1,Paddy,paddy,24,Nayagada,0,Winter,yield_rate,qtl/ha,39.78,39.78,ok
2024-25,..\raw\earas\2024-25\Technical_Report_EARAS_2024-25_Odisha.pdf,74,5.1,Paddy,rice,24,Nayagada,0,Winter,yield_rate,qtl/ha,26.25,26.25,ok
2024-25,..\raw\earas\2024-25\Technical_Report_EARAS_2024-25_Odisha.pdf,74,5.1,Paddy,paddy,24,Nayagada,0,Winter,production,'000 MT,346.84,346.84,ok
2024-25,..\raw\earas\2024-25\Technical_Report_EARAS_2024-25_Odisha.pdf,74,5.1,Paddy,rice,24,Nayagada,0,Winter,production,'000 MT,228.91,228.91,ok
2024-25,..\raw\earas\2024-25\Technical_Report_EARAS_2024-25_Odisha.pdf,74,5.1,Paddy,paddy,24,Nayagada,0,Summer,area,'000 ha,0.04,0.04,ok
2024-25,..\raw\earas\2024-25\Technical_Report_EARAS_2024-25_Odisha.pdf,74,5.1,Paddy,paddy,24,Nayagada,0,Summer,yield_rate,qtl/ha,49.79,49.79,ok
2024-25,..\raw\earas\2024-25\Technical_Report_EARAS_2024-25_Odisha.pdf,74,5.1,Paddy,rice,24,Nayagada,0,Summer,yield_rate,qtl/ha,32.86,32.86,ok
2024-25,..\raw\earas\2024-25\Technical_Report_EARAS_2024-25_Odisha.pdf,74,5.1,Paddy,paddy,24,Nayagada,0,Summer,production,'000 MT,0.21,0.21,ok
2024-25,..\raw\earas\2024-25\Technical_Report_EARAS_2024-25_Odisha.pdf,74,5.1,Paddy,rice,24,Nayagada,0,Summer,production,'000 MT,0.14,0.14,ok
2024-25,..\raw\earas\2024-25\Technical_Report_EARAS_2024-25_Odisha.pdf,74,5.1,Paddy,paddy,24,Nayagada,0,Total,area,'000 ha,87.28,87.28,ok
2024-25,..\raw\earas\2024-25\Technical_Report_EARAS_2024-25_Odisha.pdf,74,5.1,Paddy,paddy,24,Nayagada,0,Total,yield_rate,qtl/ha,39.78,39.78,ok
2024-25,..\raw\earas\2024-25\Technical_Report_EARAS_2024-25_Odisha.pdf,74,5.1,Paddy,rice,24,Nayagada,0,Total,yield_rate,qtl/ha,26.25,26.25,ok
2024-25,..\raw\earas\2024-25\Technical_Report_EARAS_2024-25_Odisha.pdf,74,5.1,Paddy,paddy,24,Nayagada,0,Total,production,'000 MT,347.22,347.22,ok
2024-25,..\raw\earas\2024-25\Technical_Report_EARAS_2024-25_Odisha.pdf,74,5.1,Paddy,rice,24,Nayagada,0,Total,production,'000 MT,229.16,229.16,ok
2024-25,..\raw\earas\2024-25\Technical_Report_EARAS_2024-25_Odisha.pdf,74,5.1,Paddy,paddy,25,Nawrangpur,0,Autumn,area,'000 ha,23.41,23.41,ok
2024-25,..\raw\earas\2024-25\Technical_Report_EARAS_2024-25_Odisha.pdf,74,5.1,Paddy,paddy,25,Nawrangpur,0,Autumn,yield_rate,qtl/ha,36.60,36.60,ok
2024-25,..\raw\earas\2024-25\Technical_Report_EARAS_2024-25_Odisha.pdf,74,5.1,Paddy,rice,25,Nawrangpur,0,Autumn,yield_rate,qtl/ha,24.16,24.16,ok
2024-25,..\raw\earas\2024-25\Technical_Report_EARAS_2024-25_Odisha.pdf,74,5.1,Paddy,paddy,25,Nawrangpur,0,Autumn,production,'000 MT,85.67,85.67,ok
2024-25,..\raw\earas\2024-25\Technical_Report_EARAS_2024-25_Odisha.pdf,74,5.1,Paddy,rice,25,Nawrangpur,0,Autumn,production,'000 MT,56.54,56.54,ok
2024-25,..\raw\earas\2024-25\Technical_Report_EARAS_2024-25_Odisha.pdf,74,5.1,Paddy,paddy,25,Nawrangpur,0,Winter,area,'000 ha,99.35,99.35,ok
2024-25,..\raw\earas\2024-25\Technical_Report_EARAS_2024-25_Odisha.pdf,74,5.1,Paddy,paddy,25,Nawrangpur,0,Winter,yield_rate,qtl/ha,41.56,41.56,ok
2024-25,..\raw\earas\2024-25\Technical_Report_EARAS_2024-25_Odisha.pdf,74,5.1,Paddy,rice,25,Nawrangpur,0,Winter,yield_rate,qtl/ha,27.43,27.43,ok
2024-25,..\raw\earas\2024-25\Technical_Report_EARAS_2024-25_Odisha.pdf,74,5.1,Paddy,paddy,25,Nawrangpur,0,Winter,production,'000 MT,412.85,412.85,ok
2024-25,..\raw\earas\2024-25\Technical_Report_EARAS_2024-25_Odisha.pdf,74,5.1,Paddy,rice,25,Nawrangpur,0,Winter,production,'000 MT,272.48,272.48,ok
2024-25,..\raw\earas\2024-25\Technical_Report_EARAS_2024-25_Odisha.pdf,74,5.1,Paddy,paddy,25,Nawrangpur,0,Summer,area,'000 ha,2.56,2.56,ok
2024-25,..\raw\earas\2024-25\Technical_Report_EARAS_2024-25_Odisha.pdf,74,5.1,Paddy,paddy,25,Nawrangpur,0,Summer,yield_rate,qtl/ha,41.20,41.20,ok
2024-25,..\raw\earas\2024-25\Technical_Report_EARAS_2024-25_Odisha.pdf,74,5.1,Paddy,rice,25,Nawrangpur,0,Summer,yield_rate,qtl/ha,27.20,27.20,ok
2024-25,..\raw\earas\2024-25\Technical_Report_EARAS_2024-25_Odisha.pdf,74,5.1,Paddy,paddy,25,Nawrangpur,0,Summer,production,'000 MT,10.54,10.54,ok
2024-25,..\raw\earas\2024-25\Technical_Report_EARAS_2024-25_Odisha.pdf,74,5.1,Paddy,rice,25,Nawrangpur,0,Summer,production,'000 MT,6.95,6.95,ok
2024-25,..\raw\earas\2024-25\Technical_Report_EARAS_2024-25_Odisha.pdf,74,5.1,Paddy,paddy,25,Nawrangpur,0,Total,area,'000 ha,125.32,125.32,ok
2024-25,..\raw\earas\2024-25\Technical_Report_EARAS_2024-25_Odisha.pdf,74,5.1,Paddy,paddy,25,Nawrangpur,0,Total,yield_rate,qtl/ha,40.62,40.62,ok
2024-25,..\raw\earas\2024-25\Technical_Report_EARAS_2024-25_Odisha.pdf,74,5.1,Paddy,rice,25,Nawrangpur,0,Total,yield_rate,qtl/ha,26.81,26.81,ok
2024-25,..\raw\earas\2024-25\Technical_Report_EARAS_2024-25_Odisha.pdf,74,5.1,Paddy,paddy,25,Nawrangpur,0,Total,production,'000 MT,509.06,509.06,ok
2024-25,..\raw\earas\2024-25\Technical_Report_EARAS_2024-25_Odisha.pdf,74,5.1,Paddy,rice,25,Nawrangpur,0,Total,production,'000 MT,335.97,335.97,ok
2024-25,..\raw\earas\2024-25\Technical_Report_EARAS_2024-25_Odisha.pdf,74,5.1,Paddy,paddy,26,Puri,0,Autumn,area,'000 ha,-,,dash
2024-25,..\raw\earas\2024-25\Technical_Report_EARAS_2024-25_Odisha.pdf,74,5.1,Paddy,paddy,26,Puri,0,Autumn,yield_rate,qtl/ha,-,,dash
2024-25,..\raw\earas\2024-25\Technical_Report_EARAS_2024-25_Odisha.pdf,74,5.1,Paddy,rice,26,Puri,0,Autumn,yield_rate,qtl/ha,-,,dash
2024-25,..\raw\earas\2024-25\Technical_Report_EARAS_2024-25_Odisha.pdf,74,5.1,Paddy,paddy,26,Puri,0,Autumn,production,'000 MT,-,,dash
2024-25,..\raw\earas\2024-25\Technical_Report_EARAS_2024-25_Odisha.pdf,74,5.1,Paddy,rice,26,Puri,0,Autumn,production,'000 MT,-,,dash
2024-25,..\raw\earas\2024-25\Technical_Report_EARAS_2024-25_Odisha.pdf,74,5.1,Paddy,paddy,26,Puri,0,Winter,area,'000 ha,89.47,89.47,ok
2024-25,..\raw\earas\2024-25\Technical_Report_EARAS_2024-25_Odisha.pdf,74,5.1,Paddy,paddy,26,Puri,0,Winter,yield_rate,qtl/ha,45.16,45.16,ok
2024-25,..\raw\earas\2024-25\Technical_Report_EARAS_2024-25_Odisha.pdf,74,5.1,Paddy,rice,26,Puri,0,Winter,yield_rate,qtl/ha,29.81,29.81,ok
2024-25,..\raw\earas\2024-25\Technical_Report_EARAS_2024-25_Odisha.pdf,74,5.1,Paddy,paddy,26,Puri,0,Winter,production,'000 MT,404.10,404.10,ok
2024-25,..\raw\earas\2024-25\Technical_Report_EARAS_2024-25_Odisha.pdf,74,5.1,Paddy,rice,26,Puri,0,Winter,production,'000 MT,266.70,266.70,ok
2024-25,..\raw\earas\2024-25\Technical_Report_EARAS_2024-25_Odisha.pdf,74,5.1,Paddy,paddy,26,Puri,0,Summer,area,'000 ha,33.24,33.24,ok
2024-25,..\raw\earas\2024-25\Technical_Report_EARAS_2024-25_Odisha.pdf,74,5.1,Paddy,paddy,26,Puri,0,Summer,yield_rate,qtl/ha,51.21,51.21,ok
2024-25,..\raw\earas\2024-25\Technical_Report_EARAS_2024-25_Odisha.pdf,74,5.1,Paddy,rice,26,Puri,0,Summer,yield_rate,qtl/ha,33.80,33.80,ok
2024-25,..\raw\earas\2024-25\Technical_Report_EARAS_2024-25_Odisha.pdf,74,5.1,Paddy,paddy,26,Puri,0,Summer,production,'000 MT,170.22,170.22,ok
2024-25,..\raw\earas\2024-25\Technical_Report_EARAS_2024-25_Odisha.pdf,74,5.1,Paddy,rice,26,Puri,0,Summer,production,'000 MT,112.35,112.35,ok
2024-25,..\raw\earas\2024-25\Technical_Report_EARAS_2024-25_Odisha.pdf,74,5.1,Paddy,paddy,26,Puri,0,Total,area,'000 ha,122.71,122.71,ok
2024-25,..\raw\earas\2024-25\Technical_Report_EARAS_2024-25_Odisha.pdf,74,5.1,Paddy,paddy,26,Puri,0,Total,yield_rate,qtl/ha,46.80,46.80,ok
2024-25,..\raw\earas\2024-25\Technical_Report_EARAS_2024-25_Odisha.pdf,74,5.1,Paddy,rice,26,Puri,0,Total,yield_rate,qtl/ha,30.89,30.89,ok
2024-25,..\raw\earas\2024-25\Technical_Report_EARAS_2024-25_Odisha.pdf,74,5.1,Paddy,paddy,26,Puri,0,Total,production,'000 MT,574.32,574.32,ok
2024-25,..\raw\earas\2024-25\Technical_Report_EARAS_2024-25_Odisha.pdf,74,5.1,Paddy,rice,26,Puri,0,Total,production,'000 MT,379.05,379.05,ok
2024-25,..\raw\earas\2024-25\Technical_Report_EARAS_2024-25_Odisha.pdf,74,5.1,Paddy,paddy,27,Raygada,0,Autumn,area,'000 ha,0.13,0.13,ok
2024-25,..\raw\earas\2024-25\Technical_Report_EARAS_2024-25_Odisha.pdf,74,5.1,Paddy,paddy,27,Raygada,0,Autumn,yield_rate,qtl/ha,16.25,16.25,ok
2024-25,..\raw\earas\2024-25\Technical_Report_EARAS_2024-25_Odisha.pdf,74,5.1,Paddy,rice,27,Raygada,0,Autumn,yield_rate,qtl/ha,10.72,10.72,ok
2024-25,..\raw\earas\2024-25\Technical_Report_EARAS_2024-25_Odisha.pdf,74,5.1,Paddy,paddy,27,Raygada,0,Autumn,production,'000 MT,0.21,0.21,ok
2024-25,..\raw\earas\2024-25\Technical_Report_EARAS_2024-25_Odisha.pdf,74,5.1,Paddy,rice,27,Raygada,0,Autumn,production,'000 MT,0.14,0.14,ok
2024-25,..\raw\earas\2024-25\Technical_Report_EARAS_2024-25_Odisha.pdf,74,5.1,Paddy,paddy,27,Raygada,0,Winter,area,'000 ha,52.90,52.90,ok
2024-25,..\raw\earas\2024-25\Technical_Report_EARAS_2024-25_Odisha.pdf,74,5.1,Paddy,paddy,27,Raygada,0,Winter,yield_rate,qtl/ha,42.76,42.76,ok
2024-25,..\raw\earas\2024-25\Technical_Report_EARAS_2024-25_Odisha.pdf,74,5.1,Paddy,rice,27,Raygada,0,Winter,yield_rate,qtl/ha,28.22,28.22,ok
2024-25,..\raw\earas\2024-25\Technical_Report_EARAS_2024-25_Odisha.pdf,74,5.1,Paddy,paddy,27,Raygada,0,Winter,production,'000 MT,226.23,226.23,ok
2024-25,..\raw\earas\2024-25\Technical_Report_EARAS_2024-25_Odisha.pdf,74,5.1,Paddy,rice,27,Raygada,0,Winter,production,'000 MT,149.31,149.31,ok
2024-25,..\raw\earas\2024-25\Technical_Report_EARAS_2024-25_Odisha.pdf,74,5.1,Paddy,paddy,27,Raygada,0,Summer,area,'000 ha,0.87,0.87,ok
2024-25,..\raw\earas\2024-25\Technical_Report_EARAS_2024-25_Odisha.pdf,74,5.1,Paddy,paddy,27,Raygada,0,Summer,yield_rate,qtl/ha,39.57,39.57,ok
2024-25,..\raw\earas\2024-25\Technical_Report_EARAS_2024-25_Odisha.pdf,74,5.1,Paddy,rice,27,Raygada,0,Summer,yield_rate,qtl/ha,26.11,26.11,ok
2024-25,..\raw\earas\2024-25\Technical_Report_EARAS_2024-25_Odisha.pdf,74,5.1,Paddy,paddy,27,Raygada,0,Summer,production,'000 MT,3.44,3.44,ok
2024-25,..\raw\earas\2024-25\Technical_Report_EARAS_2024-25_Odisha.pdf,74,5.1,Paddy,rice,27,Raygada,0,Summer,production,'000 MT,2.27,2.27,ok
2024-25,..\raw\earas\2024-25\Technical_Report_EARAS_2024-25_Odisha.pdf,74,5.1,Paddy,paddy,27,Raygada,0,Total,area,'000 ha,53.90,53.90,ok
2024-25,..\raw\earas\2024-25\Technical_Report_EARAS_2024-25_Odisha.pdf,74,5.1,Paddy,paddy,27,Raygada,0,Total,yield_rate,qtl/ha,42.65,42.65,ok
2024-25,..\raw\earas\2024-25\Technical_Report_EARAS_2024-25_Odisha.pdf,74,5.1,Paddy,rice,27,Raygada,0,Total,yield_rate,qtl/ha,28.15,28.15,ok
2024-25,..\raw\earas\2024-25\Technical_Report_EARAS_2024-25_Odisha.pdf,74,5.1,Paddy,paddy,27,Raygada,0,Total,production,'000 MT,229.88,229.88,ok
2024-25,..\raw\earas\2024-25\Technical_Report_EARAS_2024-25_Odisha.pdf,74,5.1,Paddy,rice,27,Raygada,0,Total,production,'000 MT,151.72,151.72,ok
2024-25,..\raw\earas\2024-25\Technical_Report_EARAS_2024-25_Odisha.pdf,74,5.1,Paddy,paddy,28,Sambalpur,0,Autumn,area,'000 ha,31.30,31.30,ok
2024-25,..\raw\earas\2024-25\Technical_Report_EARAS_2024-25_Odisha.pdf,74,5.1,Paddy,paddy,28,Sambalpur,0,Autumn,yield_rate,qtl/ha,17.77,17.77,ok
2024-25,..\raw\earas\2024-25\Technical_Report_EARAS_2024-25_Odisha.pdf,74,5.1,Paddy,rice,28,Sambalpur,0,Autumn,yield_rate,qtl/ha,11.73,11.73,ok
2024-25,..\raw\earas\2024-25\Technical_Report_EARAS_2024-25_Odisha.pdf,74,5.1,Paddy,paddy,28,Sambalpur,0,Autumn,production,'000 MT,55.62,55.62,ok
2024-25,..\raw\earas\2024-25\Technical_Report_EARAS_2024-25_Odisha.pdf,74,5.1,Paddy,rice,28,Sambalpur,0,Autumn,production,'000 MT,36.71,36.71,ok
2024-25,..\raw\earas\2024-25\Technical_Report_EARAS_2024-25_Odisha.pdf,74,5.1,Paddy,paddy,28,Sambalpur,0,Winter,area,'000 ha,96.08,96.08,ok
2024-25,..\raw\earas\2024-25\Technical_Report_EARAS_2024-25_Odisha.pdf,74,5.1,Paddy,paddy,28,Sambalpur,0,Winter,yield_rate,qtl/ha,41.30,41.30,ok
2024-25,..\raw\earas\2024-25\Technical_Report_EARAS_2024-25_Odisha.pdf,74,5.1,Paddy,rice,28,Sambalpur,0,Winter,yield_rate,qtl/ha,27.26,27.26,ok
2024-25,..\raw\earas\2024-25\Technical_Report_EARAS_2024-25_Odisha.pdf,74,5.1,Paddy,paddy,28,Sambalpur,0,Winter,production,'000 MT,396.82,396.82,ok
2024-25,..\raw\earas\2024-25\Technical_Report_EARAS_2024-25_Odisha.pdf,74,5.1,Paddy,rice,28,Sambalpur,0,Winter,production,'000 MT,261.90,261.90,ok
2024-25,..\raw\earas\2024-25\Technical_Report_EARAS_2024-25_Odisha.pdf,74,5.1,Paddy,paddy,28,Sambalpur,0,Summer,area,'000 ha,16.60,16.60,ok
2024-25,..\raw\earas\2024-25\Technical_Report_EARAS_2024-25_Odisha.pdf,74,5.1,Paddy,paddy,28,Sambalpur,0,Summer,yield_rate,qtl/ha,67.46,67.46,ok
2024-25,..\raw\earas\2024-25\Technical_Report_EARAS_2024-25_Odisha.pdf,74,5.1,Paddy,rice,28,Sambalpur,0,Summer,yield_rate,qtl/ha,44.52,44.52,ok
2024-25,..\raw\earas\2024-25\Technical_Report_EARAS_2024-25_Odisha.pdf,74,5.1,Paddy,paddy,28,Sambalpur,0,Summer,production,'000 MT,112.01,112.01,ok
2024-25,..\raw\earas\2024-25\Technical_Report_EARAS_2024-25_Odisha.pdf,74,5.1,Paddy,rice,28,Sambalpur,0,Summer,production,'000 MT,73.93,73.93,ok
2024-25,..\raw\earas\2024-25\Technical_Report_EARAS_2024-25_Odisha.pdf,74,5.1,Paddy,paddy,28,Sambalpur,0,Total,area,'000 ha,143.98,143.98,ok
2024-25,..\raw\earas\2024-25\Technical_Report_EARAS_2024-25_Odisha.pdf,74,5.1,Paddy,paddy,28,Sambalpur,0,Total,yield_rate,qtl/ha,39.20,39.20,ok
2024-25,..\raw\earas\2024-25\Technical_Report_EARAS_2024-25_Odisha.pdf,74,5.1,Paddy,rice,28,Sambalpur,0,Total,yield_rate,qtl/ha,25.87,25.87,ok
2024-25,..\raw\earas\2024-25\Technical_Report_EARAS_2024-25_Odisha.pdf,74,5.1,Paddy,paddy,28,Sambalpur,0,Total,production,'000 MT,564.45,564.45,ok
2024-25,..\raw\earas\2024-25\Technical_Report_EARAS_2024-25_Odisha.pdf,74,5.1,Paddy,rice,28,Sambalpur,0,Total,production,'000 MT,372.54,372.54,ok
2024-25,..\raw\earas\2024-25\Technical_Report_EARAS_2024-25_Odisha.pdf,74,5.1,Paddy,paddy,29,Sonepur,0,Autumn,area,'000 ha,5.47,5.47,ok
2024-25,..\raw\earas\2024-25\Technical_Report_EARAS_2024-25_Odisha.pdf,74,5.1,Paddy,paddy,29,Sonepur,0,Autumn,yield_rate,qtl/ha,29.53,29.53,ok
2024-25,..\raw\earas\2024-25\Technical_Report_EARAS_2024-25_Odisha.pdf,74,5.1,Paddy,rice,29,Sonepur,0,Autumn,yield_rate,qtl/ha,19.49,19.49,ok
2024-25,..\raw\earas\2024-25\Technical_Report_EARAS_2024-25_Odisha.pdf,74,5.1,Paddy,paddy,29,Sonepur,0,Autumn,production,'000 MT,16.17,16.17,ok
2024-25,..\raw\earas\2024-25\Technical_Report_EARAS_2024-25_Odisha.pdf,74,5.1,Paddy,rice,29,Sonepur,0,Autumn,production,'000 MT,10.67,10.67,ok
2024-25,..\raw\earas\2024-25\Technical_Report_EARAS_2024-25_Odisha.pdf,74,5.1,Paddy,paddy,29,Sonepur,0,Winter,area,'000 ha,93.71,93.71,ok
2024-25,..\raw\earas\2024-25\Technical_Report_EARAS_2024-25_Odisha.pdf,74,5.1,Paddy,paddy,29,Sonepur,0,Winter,yield_rate,qtl/ha,51.60,51.60,ok
2024-25,..\raw\earas\2024-25\Technical_Report_EARAS_2024-25_Odisha.pdf,74,5.1,Paddy,rice,29,Sonepur,0,Winter,yield_rate,qtl/ha,34.05,34.05,ok
2024-25,..\raw\earas\2024-25\Technical_Report_EARAS_2024-25_Odisha.pdf,74,5.1,Paddy,paddy,29,Sonepur,0,Winter,production,'000 MT,483.51,483.51,ok
2024-25,..\raw\earas\2024-25\Technical_Report_EARAS_2024-25_Odisha.pdf,74,5.1,Paddy,rice,29,Sonepur,0,Winter,production,'000 MT,319.12,319.12,ok
2024-25,..\raw\earas\2024-25\Technical_Report_EARAS_2024-25_Odisha.pdf,74,5.1,Paddy,paddy,29,Sonepur,0,Summer,area,'000 ha,41.00,41.00,ok
2024-25,..\raw\earas\2024-25\Technical_Report_EARAS_2024-25_Odisha.pdf,74,5.1,Paddy,paddy,29,Sonepur,0,Summer,yield_rate,qtl/ha,61.53,61.53,ok
2024-25,..\raw\earas\2024-25\Technical_Report_EARAS_2024-25_Odisha.pdf,74,5.1,Paddy,rice,29,Sonepur,0,Summer,yield_rate,qtl/ha,40.61,40.61,ok
2024-25,..\raw\earas\2024-25\Technical_Report_EARAS_2024-25_Odisha.pdf,74,5.1,Paddy,paddy,29,Sonepur,0,Summer,production,'000 MT,252.26,252.26,ok
2024-25,..\raw\earas\2024-25\Technical_Report_EARAS_2024-25_Odisha.pdf,74,5.1,Paddy,rice,29,Sonepur,0,Summer,production,'000 MT,166.49,166.49,ok
2024-25,..\raw\earas\2024-25\Technical_Report_EARAS_2024-25_Odisha.pdf,74,5.1,Paddy,paddy,29,Sonepur,0,Total,area,'000 ha,140.18,140.18,ok
2024-25,..\raw\earas\2024-25\Technical_Report_EARAS_2024-25_Odisha.pdf,74,5.1,Paddy,paddy,29,Sonepur,0,Total,yield_rate,qtl/ha,53.64,53.64,ok
2024-25,..\raw\earas\2024-25\Technical_Report_EARAS_2024-25_Odisha.pdf,74,5.1,Paddy,rice,29,Sonepur,0,Total,yield_rate,qtl/ha,35.40,35.40,ok
2024-25,..\raw\earas\2024-25\Technical_Report_EARAS_2024-25_Odisha.pdf,74,5.1,Paddy,paddy,29,Sonepur,0,Total,production,'000 MT,751.94,751.94,ok
2024-25,..\raw\earas\2024-25\Technical_Report_EARAS_2024-25_Odisha.pdf,74,5.1,Paddy,rice,29,Sonepur,0,Total,production,'000 MT,496.28,496.28,ok
2024-25,..\raw\earas\2024-25\Technical_Report_EARAS_2024-25_Odisha.pdf,74,5.1,Paddy,paddy,30,Sundargarh,0,Autumn,area,'000 ha,60.54,60.54,ok
2024-25,..\raw\earas\2024-25\Technical_Report_EARAS_2024-25_Odisha.pdf,74,5.1,Paddy,paddy,30,Sundargarh,0,Autumn,yield_rate,qtl/ha,23.05,23.05,ok
2024-25,..\raw\earas\2024-25\Technical_Report_EARAS_2024-25_Odisha.pdf,74,5.1,Paddy,rice,30,Sundargarh,0,Autumn,yield_rate,qtl/ha,15.21,15.21,ok
2024-25,..\raw\earas\2024-25\Technical_Report_EARAS_2024-25_Odisha.pdf,74,5.1,Paddy,paddy,30,Sundargarh,0,Autumn,production,'000 MT,139.52,139.52,ok
2024-25,..\raw\earas\2024-25\Technical_Report_EARAS_2024-25_Odisha.pdf,74,5.1,Paddy,rice,30,Sundargarh,0,Autumn,production,'000 MT,92.08,92.08,ok
2024-25,..\raw\earas\2024-25\Technical_Report_EARAS_2024-25_Odisha.pdf,74,5.1,Paddy,paddy,30,Sundargarh,0,Winter,area,'000 ha,129.03,129.03,ok
2024-25,..\raw\earas\2024-25\Technical_Report_EARAS_2024-25_Odisha.pdf,74,5.1,Paddy,paddy,30,Sundargarh,0,Winter,yield_rate,qtl/ha,28.09,28.09,ok
2024-25,..\raw\earas\2024-25\Technical_Report_EARAS_2024-25_Odisha.pdf,74,5.1,Paddy,rice,30,Sundargarh,0,Winter,yield_rate,qtl/ha,18.54,18.54,ok
2024-25,..\raw\earas\2024-25\Technical_Report_EARAS_2024-25_Odisha.pdf,74,5.1,Paddy,paddy,30,Sundargarh,0,Winter,production,'000 MT,362.47,362.47,ok
2024-25,..\raw\earas\2024-25\Technical_Report_EARAS_2024-25_Odisha.pdf,74,5.1,Paddy,rice,30,Sundargarh,0,Winter,production,'000 MT,239.23,239.23,ok
2024-25,..\raw\earas\2024-25\Technical_Report_EARAS_2024-25_Odisha.pdf,74,5.1,Paddy,paddy,30,Sundargarh,0,Summer,area,'000 ha,1.66,1.66,ok
2024-25,..\raw\earas\2024-25\Technical_Report_EARAS_2024-25_Odisha.pdf,74,5.1,Paddy,paddy,30,Sundargarh,0,Summer,yield_rate,qtl/ha,37.47,37.47,ok
2024-25,..\raw\earas\2024-25\Technical_Report_EARAS_2024-25_Odisha.pdf,74,5.1,Paddy,rice,30,Sundargarh,0,Summer,yield_rate,qtl/ha,24.73,24.73,ok
2024-25,..\raw\earas\2024-25\Technical_Report_EARAS_2024-25_Odisha.pdf,74,5.1,Paddy,paddy,30,Sundargarh,0,Summer,production,'000 MT,6.23,6.23,ok
2024-25,..\raw\earas\2024-25\Technical_Report_EARAS_2024-25_Odisha.pdf,74,5.1,Paddy,rice,30,Sundargarh,0,Summer,production,'000 MT,4.11,4.11,ok
2024-25,..\raw\earas\2024-25\Technical_Report_EARAS_2024-25_Odisha.pdf,74,5.1,Paddy,paddy,30,Sundargarh,0,Total,area,'000 ha,191.23,191.23,ok
2024-25,..\raw\earas\2024-25\Technical_Report_EARAS_2024-25_Odisha.pdf,74,5.1,Paddy,paddy,30,Sundargarh,0,Total,yield_rate,qtl/ha,26.58,26.58,ok
2024-25,..\raw\earas\2024-25\Technical_Report_EARAS_2024-25_Odisha.pdf,74,5.1,Paddy,rice,30,Sundargarh,0,Total,yield_rate,qtl/ha,17.54,17.54,ok
2024-25,..\raw\earas\2024-25\Technical_Report_EARAS_2024-25_Odisha.pdf,74,5.1,Paddy,paddy,30,Sundargarh,0,Total,production,'000 MT,508.22,508.22,ok
2024-25,..\raw\earas\2024-25\Technical_Report_EARAS_2024-25_Odisha.pdf,74,5.1,Paddy,rice,30,Sundargarh,0,Total,production,'000 MT,335.42,335.42,ok
2024-25,..\raw\earas\2024-25\Technical_Report_EARAS_2024-25_Odisha.pdf,74,5.1,Paddy,paddy,,STATE,1,Autumn,area,'000 ha,306.44,306.44,ok
2024-25,..\raw\earas\2024-25\Technical_Report_EARAS_2024-25_Odisha.pdf,74,5.1,Paddy,paddy,,STATE,1,Autumn,yield_rate,qtl/ha,26.72,26.72,ok
2024-25,..\raw\earas\2024-25\Technical_Report_EARAS_2024-25_Odisha.pdf,74,5.1,Paddy,rice,,STATE,1,Autumn,yield_rate,qtl/ha,17.64,17.64,ok
2024-25,..\raw\earas\2024-25\Technical_Report_EARAS_2024-25_Odisha.pdf,74,5.1,Paddy,paddy,,STATE,1,Autumn,production,'000 MT,818.91,818.91,ok
2024-25,..\raw\earas\2024-25\Technical_Report_EARAS_2024-25_Odisha.pdf,74,5.1,Paddy,rice,,STATE,1,Autumn,production,'000 MT,540.48,540.48,ok
2024-25,..\raw\earas\2024-25\Technical_Report_EARAS_2024-25_Odisha.pdf,74,5.1,Paddy,paddy,,STATE,1,Winter,area,'000 ha,3447.93,3447.93,ok
2024-25,..\raw\earas\2024-25\Technical_Report_EARAS_2024-25_Odisha.pdf,74,5.1,Paddy,paddy,,STATE,1,Winter,yield_rate,qtl/ha,42.28,42.28,ok
2024-25,..\raw\earas\2024-25\Technical_Report_EARAS_2024-25_Odisha.pdf,74,5.1,Paddy,rice,,STATE,1,Winter,yield_rate,qtl/ha,27.91,27.91,ok
2024-25,..\raw\earas\2024-25\Technical_Report_EARAS_2024-25_Odisha.pdf,74,5.1,Paddy,paddy,,STATE,1,Winter,production,'000 MT,14578.86,14578.86,ok
2024-25,..\raw\earas\2024-25\Technical_Report_EARAS_2024-25_Odisha.pdf,74,5.1,Paddy,rice,,STATE,1,Winter,production,'000 MT,9622.05,9622.05,ok
2024-25,..\raw\earas\2024-25\Technical_Report_EARAS_2024-25_Odisha.pdf,74,5.1,Paddy,paddy,,STATE,1,Summer,area,'000 ha,414.54,414.54,ok
2024-25,..\raw\earas\2024-25\Technical_Report_EARAS_2024-25_Odisha.pdf,74,5.1,Paddy,paddy,,STATE,1,Summer,yield_rate,qtl/ha,53.69,53.69,ok
2024-25,..\raw\earas\2024-25\Technical_Report_EARAS_2024-25_Odisha.pdf,74,5.1,Paddy,rice,,STATE,1,Summer,yield_rate,qtl/ha,35.43,35.43,ok
2024-25,..\raw\earas\2024-25\Technical_Report_EARAS_2024-25_Odisha.pdf,74,5.1,Paddy,paddy,,STATE,1,Summer,production,'000 MT,2225.51,2225.51,ok
2024-25,..\raw\earas\2024-25\Technical_Report_EARAS_2024-25_Odisha.pdf,74,5.1,Paddy,rice,,STATE,1,Summer,production,'000 MT,1468.83,1468.83,ok
2024-25,..\raw\earas\2024-25\Technical_Report_EARAS_2024-25_Odisha.pdf,74,5.1,Paddy,paddy,,STATE,1,Total,area,'000 ha,4168.91,4168.91,ok
2024-25,..\raw\earas\2024-25\Technical_Report_EARAS_2024-25_Odisha.pdf,74,5.1,Paddy,paddy,,STATE,1,Total,yield_rate,qtl/ha,42.27,42.27,ok
2024-25,..\raw\earas\2024-25\Technical_Report_EARAS_2024-25_Odisha.pdf,74,5.1,Paddy,rice,,STATE,1,Total,yield_rate,qtl/ha,27.90,27.90,ok
2024-25,..\raw\earas\2024-25\Technical_Report_EARAS_2024-25_Odisha.pdf,74,5.1,Paddy,paddy,,STATE,1,Total,production,'000 MT,17623.28,17623.28,ok
2024-25,..\raw\earas\2024-25\Technical_Report_EARAS_2024-25_Odisha.pdf,74,5.1,Paddy,rice,,STATE,1,Total,production,'000 MT,11631.36,11631.36,ok
2024-25,..\raw\earas\2024-25\Technical_Report_EARAS_2024-25_Odisha.pdf,75,5.2,Wheat,wheat,1,Angul,0,Autumn,area,ha,-,,dash
2024-25,..\raw\earas\2024-25\Technical_Report_EARAS_2024-25_Odisha.pdf,75,5.2,Wheat,wheat,1,Angul,0,Autumn,yield_rate,qtl/ha,-,,dash
2024-25,..\raw\earas\2024-25\Technical_Report_EARAS_2024-25_Odisha.pdf,75,5.2,Wheat,wheat,1,Angul,0,Autumn,production,qtl,-,,dash
2024-25,..\raw\earas\2024-25\Technical_Report_EARAS_2024-25_Odisha.pdf,75,5.2,Wheat,wheat,1,Angul,0,Winter,area,ha,-,,dash
2024-25,..\raw\earas\2024-25\Technical_Report_EARAS_2024-25_Odisha.pdf,75,5.2,Wheat,wheat,1,Angul,0,Winter,yield_rate,qtl/ha,-,,dash
2024-25,..\raw\earas\2024-25\Technical_Report_EARAS_2024-25_Odisha.pdf,75,5.2,Wheat,wheat,1,Angul,0,Winter,production,qtl,-,,dash
2024-25,..\raw\earas\2024-25\Technical_Report_EARAS_2024-25_Odisha.pdf,75,5.2,Wheat,wheat,1,Angul,0,Summer,area,ha,-,,dash
2024-25,..\raw\earas\2024-25\Technical_Report_EARAS_2024-25_Odisha.pdf,75,5.2,Wheat,wheat,1,Angul,0,Summer,yield_rate,qtl/ha,-,,dash
2024-25,..\raw\earas\2024-25\Technical_Report_EARAS_2024-25_Odisha.pdf,75,5.2,Wheat,wheat,1,Angul,0,Summer,production,qtl,-,,dash
2024-25,..\raw\earas\2024-25\Technical_Report_EARAS_2024-25_Odisha.pdf,75,5.2,Wheat,wheat,1,Angul,0,Total,area,ha,-,,dash
2024-25,..\raw\earas\2024-25\Technical_Report_EARAS_2024-25_Odisha.pdf,75,5.2,Wheat,wheat,1,Angul,0,Total,yield_rate,qtl/ha,-,,dash
2024-25,..\raw\earas\2024-25\Technical_Report_EARAS_2024-25_Odisha.pdf,75,5.2,Wheat,wheat,1,Angul,0,Total,production,qtl,-,,dash
2024-25,..\raw\earas\2024-25\Technical_Report_EARAS_2024-25_Odisha.pdf,75,5.2,Wheat,wheat,2,Balangir,0,Autumn,area,ha,-,,dash
2024-25,..\raw\earas\2024-25\Technical_Report_EARAS_2024-25_Odisha.pdf,75,5.2,Wheat,wheat,2,Balangir,0,Autumn,yield_rate,qtl/ha,-,,dash
2024-25,..\raw\earas\2024-25\Technical_Report_EARAS_2024-25_Odisha.pdf,75,5.2,Wheat,wheat,2,Balangir,0,Autumn,production,qtl,-,,dash
2024-25,..\raw\earas\2024-25\Technical_Report_EARAS_2024-25_Odisha.pdf,75,5.2,Wheat,wheat,2,Balangir,0,Winter,area,ha,-,,dash
2024-25,..\raw\earas\2024-25\Technical_Report_EARAS_2024-25_Odisha.pdf,75,5.2,Wheat,wheat,2,Balangir,0,Winter,yield_rate,qtl/ha,-,,dash
2024-25,..\raw\earas\2024-25\Technical_Report_EARAS_2024-25_Odisha.pdf,75,5.2,Wheat,wheat,2,Balangir,0,Winter,production,qtl,-,,dash
2024-25,..\raw\earas\2024-25\Technical_Report_EARAS_2024-25_Odisha.pdf,75,5.2,Wheat,wheat,2,Balangir,0,Summer,area,ha,4,4,ok
2024-25,..\raw\earas\2024-25\Technical_Report_EARAS_2024-25_Odisha.pdf,75,5.2,Wheat,wheat,2,Balangir,0,Summer,yield_rate,qtl/ha,27.70,27.70,ok
2024-25,..\raw\earas\2024-25\Technical_Report_EARAS_2024-25_Odisha.pdf,75,5.2,Wheat,wheat,2,Balangir,0,Summer,production,qtl,111,111,ok
2024-25,..\raw\earas\2024-25\Technical_Report_EARAS_2024-25_Odisha.pdf,75,5.2,Wheat,wheat,2,Balangir,0,Total,area,ha,4,4,ok
2024-25,..\raw\earas\2024-25\Technical_Report_EARAS_2024-25_Odisha.pdf,75,5.2,Wheat,wheat,2,Balangir,0,Total,yield_rate,qtl/ha,27.70,27.70,ok
2024-25,..\raw\earas\2024-25\Technical_Report_EARAS_2024-25_Odisha.pdf,75,5.2,Wheat,wheat,2,Balangir,0,Total,production,qtl,111,111,ok
2024-25,..\raw\earas\2024-25\Technical_Report_EARAS_2024-25_Odisha.pdf,75,5.2,Wheat,wheat,3,Balasore,0,Autumn,area,ha,-,,dash
2024-25,..\raw\earas\2024-25\Technical_Report_EARAS_2024-25_Odisha.pdf,75,5.2,Wheat,wheat,3,Balasore,0,Autumn,yield_rate,qtl/ha,-,,dash
2024-25,..\raw\earas\2024-25\Technical_Report_EARAS_2024-25_Odisha.pdf,75,5.2,Wheat,wheat,3,Balasore,0,Autumn,production,qtl,-,,dash
2024-25,..\raw\earas\2024-25\Technical_Report_EARAS_2024-25_Odisha.pdf,75,5.2,Wheat,wheat,3,Balasore,0,Winter,area,ha,-,,dash
2024-25,..\raw\earas\2024-25\Technical_Report_EARAS_2024-25_Odisha.pdf,75,5.2,Wheat,wheat,3,Balasore,0,Winter,yield_rate,qtl/ha,-,,dash
2024-25,..\raw\earas\2024-25\Technical_Report_EARAS_2024-25_Odisha.pdf,75,5.2,Wheat,wheat,3,Balasore,0,Winter,production,qtl,-,,dash
2024-25,..\raw\earas\2024-25\Technical_Report_EARAS_2024-25_Odisha.pdf,75,5.2,Wheat,wheat,3,Balasore,0,Summer,area,ha,6,6,ok
2024-25,..\raw\earas\2024-25\Technical_Report_EARAS_2024-25_Odisha.pdf,75,5.2,Wheat,wheat,3,Balasore,0,Summer,yield_rate,qtl/ha,18.83,18.83,ok
2024-25,..\raw\earas\2024-25\Technical_Report_EARAS_2024-25_Odisha.pdf,75,5.2,Wheat,wheat,3,Balasore,0,Summer,production,qtl,113,113,ok
2024-25,..\raw\earas\2024-25\Technical_Report_EARAS_2024-25_Odisha.pdf,75,5.2,Wheat,wheat,3,Balasore,0,Total,area,ha,6,6,ok
2024-25,..\raw\earas\2024-25\Technical_Report_EARAS_2024-25_Odisha.pdf,75,5.2,Wheat,wheat,3,Balasore,0,Total,yield_rate,qtl/ha,18.83,18.83,ok
2024-25,..\raw\earas\2024-25\Technical_Report_EARAS_2024-25_Odisha.pdf,75,5.2,Wheat,wheat,3,Balasore,0,Total,production,qtl,113,113,ok
2024-25,..\raw\earas\2024-25\Technical_Report_EARAS_2024-25_Odisha.pdf,75,5.2,Wheat,wheat,4,Bargarh,0,Autumn,area,ha,-,,dash
2024-25,..\raw\earas\2024-25\Technical_Report_EARAS_2024-25_Odisha.pdf,75,5.2,Wheat,wheat,4,Bargarh,0,Autumn,yield_rate,qtl/ha,-,,dash
2024-25,..\raw\earas\2024-25\Technical_Report_EARAS_2024-25_Odisha.pdf,75,5.2,Wheat,wheat,4,Bargarh,0,Autumn,production,qtl,-,,dash
2024-25,..\raw\earas\2024-25\Technical_Report_EARAS_2024-25_Odisha.pdf,75,5.2,Wheat,wheat,4,Bargarh,0,Winter,area,ha,-,,dash
2024-25,..\raw\earas\2024-25\Technical_Report_EARAS_2024-25_Odisha.pdf,75,5.2,Wheat,wheat,4,Bargarh,0,Winter,yield_rate,qtl/ha,-,,dash
2024-25,..\raw\earas\2024-25\Technical_Report_EARAS_2024-25_Odisha.pdf,75,5.2,Wheat,wheat,4,Bargarh,0,Winter,production,qtl,-,,dash
2024-25,..\raw\earas\2024-25\Technical_Report_EARAS_2024-25_Odisha.pdf,75,5.2,Wheat,wheat,4,Bargarh,0,Summer,area,ha,45,45,ok
2024-25,..\raw\earas\2024-25\Technical_Report_EARAS_2024-25_Odisha.pdf,75,5.2,Wheat,wheat,4,Bargarh,0,Summer,yield_rate,qtl/ha,18.98,18.98,ok
2024-25,..\raw\earas\2024-25\Technical_Report_EARAS_2024-25_Odisha.pdf,75,5.2,Wheat,wheat,4,Bargarh,0,Summer,production,qtl,854,854,ok
2024-25,..\raw\earas\2024-25\Technical_Report_EARAS_2024-25_Odisha.pdf,75,5.2,Wheat,wheat,4,Bargarh,0,Total,area,ha,45,45,ok
2024-25,..\raw\earas\2024-25\Technical_Report_EARAS_2024-25_Odisha.pdf,75,5.2,Wheat,wheat,4,Bargarh,0,Total,yield_rate,qtl/ha,18.98,18.98,ok
2024-25,..\raw\earas\2024-25\Technical_Report_EARAS_2024-25_Odisha.pdf,75,5.2,Wheat,wheat,4,Bargarh,0,Total,production,qtl,854,854,ok
2024-25,..\raw\earas\2024-25\Technical_Report_EARAS_2024-25_Odisha.pdf,75,5.2,Wheat,wheat,5,Bhadrak,0,Autumn,area,ha,-,,dash
2024-25,..\raw\earas\2024-25\Technical_Report_EARAS_2024-25_Odisha.pdf,75,5.2,Wheat,wheat,5,Bhadrak,0,Autumn,yield_rate,qtl/ha,-,,dash
2024-25,..\raw\earas\2024-25\Technical_Report_EARAS_2024-25_Odisha.pdf,75,5.2,Wheat,wheat,5,Bhadrak,0,Autumn,production,qtl,-,,dash
2024-25,..\raw\earas\2024-25\Technical_Report_EARAS_2024-25_Odisha.pdf,75,5.2,Wheat,wheat,5,Bhadrak,0,Winter,area,ha,-,,dash
2024-25,..\raw\earas\2024-25\Technical_Report_EARAS_2024-25_Odisha.pdf,75,5.2,Wheat,wheat,5,Bhadrak,0,Winter,yield_rate,qtl/ha,-,,dash
2024-25,..\raw\earas\2024-25\Technical_Report_EARAS_2024-25_Odisha.pdf,75,5.2,Wheat,wheat,5,Bhadrak,0,Winter,production,qtl,-,,dash
2024-25,..\raw\earas\2024-25\Technical_Report_EARAS_2024-25_Odisha.pdf,75,5.2,Wheat,wheat,5,Bhadrak,0,Summer,area,ha,3,3,ok
2024-25,..\raw\earas\2024-25\Technical_Report_EARAS_2024-25_Odisha.pdf,75,5.2,Wheat,wheat,5,Bhadrak,0,Summer,yield_rate,qtl/ha,8.33,8.33,ok
2024-25,..\raw\earas\2024-25\Technical_Report_EARAS_2024-25_Odisha.pdf,75,5.2,Wheat,wheat,5,Bhadrak,0,Summer,production,qtl,25,25,ok
2024-25,..\raw\earas\2024-25\Technical_Report_EARAS_2024-25_Odisha.pdf,75,5.2,Wheat,wheat,5,Bhadrak,0,Total,area,ha,3,3,ok
2024-25,..\raw\earas\2024-25\Technical_Report_EARAS_2024-25_Odisha.pdf,75,5.2,Wheat,wheat,5,Bhadrak,0,Total,yield_rate,qtl/ha,8.33,8.33,ok
2024-25,..\raw\earas\2024-25\Technical_Report_EARAS_2024-25_Odisha.pdf,75,5.2,Wheat,wheat,5,Bhadrak,0,Total,production,qtl,25,25,ok
2024-25,..\raw\earas\2024-25\Technical_Report_EARAS_2024-25_Odisha.pdf,75,5.2,Wheat,wheat,6,Boudh,0,Autumn,area,ha,-,,dash
2024-25,..\raw\earas\2024-25\Technical_Report_EARAS_2024-25_Odisha.pdf,75,5.2,Wheat,wheat,6,Boudh,0,Autumn,yield_rate,qtl/ha,-,,dash
2024-25,..\raw\earas\2024-25\Technical_Report_EARAS_2024-25_Odisha.pdf,75,5.2,Wheat,wheat,6,Boudh,0,Autumn,production,qtl,-,,dash
2024-25,..\raw\earas\2024-25\Technical_Report_EARAS_2024-25_Odisha.pdf,75,5.2,Wheat,wheat,6,Boudh,0,Winter,area,ha,-,,dash
2024-25,..\raw\earas\2024-25\Technical_Report_EARAS_2024-25_Odisha.pdf,75,5.2,Wheat,wheat,6,Boudh,0,Winter,yield_rate,qtl/ha,-,,dash
2024-25,..\raw\earas\2024-25\Technical_Report_EARAS_2024-25_Odisha.pdf,75,5.2,Wheat,wheat,6,Boudh,0,Winter,production,qtl,-,,dash
2024-25,..\raw\earas\2024-25\Technical_Report_EARAS_2024-25_Odisha.pdf,75,5.2,Wheat,wheat,6,Boudh,0,Summer,area,ha,-,,dash
2024-25,..\raw\earas\2024-25\Technical_Report_EARAS_2024-25_Odisha.pdf,75,5.2,Wheat,wheat,6,Boudh,0,Summer,yield_rate,qtl/ha,-,,dash
2024-25,..\raw\earas\2024-25\Technical_Report_EARAS_2024-25_Odisha.pdf,75,5.2,Wheat,wheat,6,Boudh,0,Summer,production,qtl,-,,dash
2024-25,..\raw\earas\2024-25\Technical_Report_EARAS_2024-25_Odisha.pdf,75,5.2,Wheat,wheat,6,Boudh,0,Total,area,ha,-,,dash
2024-25,..\raw\earas\2024-25\Technical_Report_EARAS_2024-25_Odisha.pdf,75,5.2,Wheat,wheat,6,Boudh,0,Total,yield_rate,qtl/ha,-,,dash
2024-25,..\raw\earas\2024-25\Technical_Report_EARAS_2024-25_Odisha.pdf,75,5.2,Wheat,wheat,6,Boudh,0,Total,production,qtl,-,,dash
2024-25,..\raw\earas\2024-25\Technical_Report_EARAS_2024-25_Odisha.pdf,75,5.2,Wheat,wheat,7,Cuttack,0,Autumn,area,ha,-,,dash
2024-25,..\raw\earas\2024-25\Technical_Report_EARAS_2024-25_Odisha.pdf,75,5.2,Wheat,wheat,7,Cuttack,0,Autumn,yield_rate,qtl/ha,-,,dash
2024-25,..\raw\earas\2024-25\Technical_Report_EARAS_2024-25_Odisha.pdf,75,5.2,Wheat,wheat,7,Cuttack,0,Autumn,production,qtl,-,,dash
2024-25,..\raw\earas\2024-25\Technical_Report_EARAS_2024-25_Odisha.pdf,75,5.2,Wheat,wheat,7,Cuttack,0,Winter,area,ha,-,,dash
2024-25,..\raw\earas\2024-25\Technical_Report_EARAS_2024-25_Odisha.pdf,75,5.2,Wheat,wheat,7,Cuttack,0,Winter,yield_rate,qtl/ha,-,,dash
2024-25,..\raw\earas\2024-25\Technical_Report_EARAS_2024-25_Odisha.pdf,75,5.2,Wheat,wheat,7,Cuttack,0,Winter,production,qtl,-,,dash
2024-25,..\raw\earas\2024-25\Technical_Report_EARAS_2024-25_Odisha.pdf,75,5.2,Wheat,wheat,7,Cuttack,0,Summer,area,ha,1,1,ok
2024-25,..\raw\earas\2024-25\Technical_Report_EARAS_2024-25_Odisha.pdf,75,5.2,Wheat,wheat,7,Cuttack,0,Summer,yield_rate,qtl/ha,7.88,7.88,ok
2024-25,..\raw\earas\2024-25\Technical_Report_EARAS_2024-25_Odisha.pdf,75,5.2,Wheat,wheat,7,Cuttack,0,Summer,production,qtl,8,8,ok
2024-25,..\raw\earas\2024-25\Technical_Report_EARAS_2024-25_Odisha.pdf,75,5.2,Wheat,wheat,7,Cuttack,0,Total,area,ha,1,1,ok
2024-25,..\raw\earas\2024-25\Technical_Report_EARAS_2024-25_Odisha.pdf,75,5.2,Wheat,wheat,7,Cuttack,0,Total,yield_rate,qtl/ha,7.88,7.88,ok
2024-25,..\raw\earas\2024-25\Technical_Report_EARAS_2024-25_Odisha.pdf,75,5.2,Wheat,wheat,7,Cuttack,0,Total,production,qtl,8,8,ok
2024-25,..\raw\earas\2024-25\Technical_Report_EARAS_2024-25_Odisha.pdf,75,5.2,Wheat,wheat,8,Deogarh,0,Autumn,area,ha,-,,dash
2024-25,..\raw\earas\2024-25\Technical_Report_EARAS_2024-25_Odisha.pdf,75,5.2,Wheat,wheat,8,Deogarh,0,Autumn,yield_rate,qtl/ha,-,,dash
2024-25,..\raw\earas\2024-25\Technical_Report_EARAS_2024-25_Odisha.pdf,75,5.2,Wheat,wheat,8,Deogarh,0,Autumn,production,qtl,-,,dash
2024-25,..\raw\earas\2024-25\Technical_Report_EARAS_2024-25_Odisha.pdf,75,5.2,Wheat,wheat,8,Deogarh,0,Winter,area,ha,-,,dash
2024-25,..\raw\earas\2024-25\Technical_Report_EARAS_2024-25_Odisha.pdf,75,5.2,Wheat,wheat,8,Deogarh,0,Winter,yield_rate,qtl/ha,-,,dash
2024-25,..\raw\earas\2024-25\Technical_Report_EARAS_2024-25_Odisha.pdf,75,5.2,Wheat,wheat,8,Deogarh,0,Winter,production,qtl,-,,dash
2024-25,..\raw\earas\2024-25\Technical_Report_EARAS_2024-25_Odisha.pdf,75,5.2,Wheat,wheat,8,Deogarh,0,Summer,area,ha,1,1,ok
2024-25,..\raw\earas\2024-25\Technical_Report_EARAS_2024-25_Odisha.pdf,75,5.2,Wheat,wheat,8,Deogarh,0,Summer,yield_rate,qtl/ha,12.65,12.65,ok
2024-25,..\raw\earas\2024-25\Technical_Report_EARAS_2024-25_Odisha.pdf,75,5.2,Wheat,wheat,8,Deogarh,0,Summer,production,qtl,13,13,ok
2024-25,..\raw\earas\2024-25\Technical_Report_EARAS_2024-25_Odisha.pdf,75,5.2,Wheat,wheat,8,Deogarh,0,Total,area,ha,1,1,ok
2024-25,..\raw\earas\2024-25\Technical_Report_EARAS_2024-25_Odisha.pdf,75,5.2,Wheat,wheat,8,Deogarh,0,Total,yield_rate,qtl/ha,12.65,12.65,ok
2024-25,..\raw\earas\2024-25\Technical_Report_EARAS_2024-25_Odisha.pdf,75,5.2,Wheat,wheat,8,Deogarh,0,Total,production,qtl,13,13,ok
2024-25,..\raw\earas\2024-25\Technical_Report_EARAS_2024-25_Odisha.pdf,75,5.2,Wheat,wheat,9,Dhenkanal,0,Autumn,area,ha,-,,dash
2024-25,..\raw\earas\2024-25\Technical_Report_EARAS_2024-25_Odisha.pdf,75,5.2,Wheat,wheat,9,Dhenkanal,0,Autumn,yield_rate,qtl/ha,-,,dash
2024-25,..\raw\earas\2024-25\Technical_Report_EARAS_2024-25_Odisha.pdf,75,5.2,Wheat,wheat,9,Dhenkanal,0,Autumn,production,qtl,-,,dash
2024-25,..\raw\earas\2024-25\Technical_Report_EARAS_2024-25_Odisha.pdf,75,5.2,Wheat,wheat,9,Dhenkanal,0,Winter,area,ha,-,,dash
2024-25,..\raw\earas\2024-25\Technical_Report_EARAS_2024-25_Odisha.pdf,75,5.2,Wheat,wheat,9,Dhenkanal,0,Winter,yield_rate,qtl/ha,-,,dash
2024-25,..\raw\earas\2024-25\Technical_Report_EARAS_2024-25_Odisha.pdf,75,5.2,Wheat,wheat,9,Dhenkanal,0,Winter,production,qtl,-,,dash
2024-25,..\raw\earas\2024-25\Technical_Report_EARAS_2024-25_Odisha.pdf,75,5.2,Wheat,wheat,9,Dhenkanal,0,Summer,area,ha,25,25,ok
2024-25,..\raw\earas\2024-25\Technical_Report_EARAS_2024-25_Odisha.pdf,75,5.2,Wheat,wheat,9,Dhenkanal,0,Summer,yield_rate,qtl/ha,18.04,18.04,ok
2024-25,..\raw\earas\2024-25\Technical_Report_EARAS_2024-25_Odisha.pdf,75,5.2,Wheat,wheat,9,Dhenkanal,0,Summer,production,qtl,451,451,ok
2024-25,..\raw\earas\2024-25\Technical_Report_EARAS_2024-25_Odisha.pdf,75,5.2,Wheat,wheat,9,Dhenkanal,0,Total,area,ha,25,25,ok
2024-25,..\raw\earas\2024-25\Technical_Report_EARAS_2024-25_Odisha.pdf,75,5.2,Wheat,wheat,9,Dhenkanal,0,Total,yield_rate,qtl/ha,18.04,18.04,ok
2024-25,..\raw\earas\2024-25\Technical_Report_EARAS_2024-25_Odisha.pdf,75,5.2,Wheat,wheat,9,Dhenkanal,0,Total,production,qtl,451,451,ok
2024-25,..\raw\earas\2024-25\Technical_Report_EARAS_2024-25_Odisha.pdf,75,5.2,Wheat,wheat,10,Gajapati,0,Autumn,area,ha,-,,dash
2024-25,..\raw\earas\2024-25\Technical_Report_EARAS_2024-25_Odisha.pdf,75,5.2,Wheat,wheat,10,Gajapati,0,Autumn,yield_rate,qtl/ha,-,,dash
2024-25,..\raw\earas\2024-25\Technical_Report_EARAS_2024-25_Odisha.pdf,75,5.2,Wheat,wheat,10,Gajapati,0,Autumn,production,qtl,-,,dash
2024-25,..\raw\earas\2024-25\Technical_Report_EARAS_2024-25_Odisha.pdf,75,5.2,Wheat,wheat,10,Gajapati,0,Winter,area,ha,-,,dash
2024-25,..\raw\earas\2024-25\Technical_Report_EARAS_2024-25_Odisha.pdf,75,5.2,Wheat,wheat,10,Gajapati,0,Winter,yield_rate,qtl/ha,-,,dash
2024-25,..\raw\earas\2024-25\Technical_Report_EARAS_2024-25_Odisha.pdf,75,5.2,Wheat,wheat,10,Gajapati,0,Winter,production,qtl,-,,dash
2024-25,..\raw\earas\2024-25\Technical_Report_EARAS_2024-25_Odisha.pdf,75,5.2,Wheat,wheat,10,Gajapati,0,Summer,area,ha,-,,dash
2024-25,..\raw\earas\2024-25\Technical_Report_EARAS_2024-25_Odisha.pdf,75,5.2,Wheat,wheat,10,Gajapati,0,Summer,yield_rate,qtl/ha,-,,dash
2024-25,..\raw\earas\2024-25\Technical_Report_EARAS_2024-25_Odisha.pdf,75,5.2,Wheat,wheat,10,Gajapati,0,Summer,production,qtl,-,,dash
2024-25,..\raw\earas\2024-25\Technical_Report_EARAS_2024-25_Odisha.pdf,75,5.2,Wheat,wheat,10,Gajapati,0,Total,area,ha,-,,dash
2024-25,..\raw\earas\2024-25\Technical_Report_EARAS_2024-25_Odisha.pdf,75,5.2,Wheat,wheat,10,Gajapati,0,Total,yield_rate,qtl/ha,-,,dash
2024-25,..\raw\earas\2024-25\Technical_Report_EARAS_2024-25_Odisha.pdf,75,5.2,Wheat,wheat,10,Gajapati,0,Total,production,qtl,-,,dash
2024-25,..\raw\earas\2024-25\Technical_Report_EARAS_2024-25_Odisha.pdf,75,5.2,Wheat,wheat,11,Ganjam,0,Autumn,area,ha,-,,dash
2024-25,..\raw\earas\2024-25\Technical_Report_EARAS_2024-25_Odisha.pdf,75,5.2,Wheat,wheat,11,Ganjam,0,Autumn,yield_rate,qtl/ha,-,,dash
2024-25,..\raw\earas\2024-25\Technical_Report_EARAS_2024-25_Odisha.pdf,75,5.2,Wheat,wheat,11,Ganjam,0,Autumn,production,qtl,-,,dash
2024-25,..\raw\earas\2024-25\Technical_Report_EARAS_2024-25_Odisha.pdf,75,5.2,Wheat,wheat,11,Ganjam,0,Winter,area,ha,-,,dash
2024-25,..\raw\earas\2024-25\Technical_Report_EARAS_2024-25_Odisha.pdf,75,5.2,Wheat,wheat,11,Ganjam,0,Winter,yield_rate,qtl/ha,-,,dash
2024-25,..\raw\earas\2024-25\Technical_Report_EARAS_2024-25_Odisha.pdf,75,5.2,Wheat,wheat,11,Ganjam,0,Winter,production,qtl,-,,dash
2024-25,..\raw\earas\2024-25\Technical_Report_EARAS_2024-25_Odisha.pdf,75,5.2,Wheat,wheat,11,Ganjam,0,Summer,area,ha,-,,dash
2024-25,..\raw\earas\2024-25\Technical_Report_EARAS_2024-25_Odisha.pdf,75,5.2,Wheat,wheat,11,Ganjam,0,Summer,yield_rate,qtl/ha,-,,dash
2024-25,..\raw\earas\2024-25\Technical_Report_EARAS_2024-25_Odisha.pdf,75,5.2,Wheat,wheat,11,Ganjam,0,Summer,production,qtl,-,,dash
2024-25,..\raw\earas\2024-25\Technical_Report_EARAS_2024-25_Odisha.pdf,75,5.2,Wheat,wheat,11,Ganjam,0,Total,area,ha,-,,dash
2024-25,..\raw\earas\2024-25\Technical_Report_EARAS_2024-25_Odisha.pdf,75,5.2,Wheat,wheat,11,Ganjam,0,Total,yield_rate,qtl/ha,-,,dash
2024-25,..\raw\earas\2024-25\Technical_Report_EARAS_2024-25_Odisha.pdf,75,5.2,Wheat,wheat,11,Ganjam,0,Total,production,qtl,-,,dash
2024-25,..\raw\earas\2024-25\Technical_Report_EARAS_2024-25_Odisha.pdf,75,5.2,Wheat,wheat,12,Jagatsinghpur,0,Autumn,area,ha,-,,dash
2024-25,..\raw\earas\2024-25\Technical_Report_EARAS_2024-25_Odisha.pdf,75,5.2,Wheat,wheat,12,Jagatsinghpur,0,Autumn,yield_rate,qtl/ha,-,,dash
2024-25,..\raw\earas\2024-25\Technical_Report_EARAS_2024-25_Odisha.pdf,75,5.2,Wheat,wheat,12,Jagatsinghpur,0,Autumn,production,qtl,-,,dash
2024-25,..\raw\earas\2024-25\Technical_Report_EARAS_2024-25_Odisha.pdf,75,5.2,Wheat,wheat,12,Jagatsinghpur,0,Winter,area,ha,-,,dash
2024-25,..\raw\earas\2024-25\Technical_Report_EARAS_2024-25_Odisha.pdf,75,5.2,Wheat,wheat,12,Jagatsinghpur,0,Winter,yield_rate,qtl/ha,-,,dash
2024-25,..\raw\earas\2024-25\Technical_Report_EARAS_2024-25_Odisha.pdf,75,5.2,Wheat,wheat,12,Jagatsinghpur,0,Winter,production,qtl,-,,dash
2024-25,..\raw\earas\2024-25\Technical_Report_EARAS_2024-25_Odisha.pdf,75,5.2,Wheat,wheat,12,Jagatsinghpur,0,Summer,area,ha,-,,dash
2024-25,..\raw\earas\2024-25\Technical_Report_EARAS_2024-25_Odisha.pdf,75,5.2,Wheat,wheat,12,Jagatsinghpur,0,Summer,yield_rate,qtl/ha,-,,dash
2024-25,..\raw\earas\2024-25\Technical_Report_EARAS_2024-25_Odisha.pdf,75,5.2,Wheat,wheat,12,Jagatsinghpur,0,Summer,production,qtl,-,,dash
2024-25,..\raw\earas\2024-25\Technical_Report_EARAS_2024-25_Odisha.pdf,75,5.2,Wheat,wheat,12,Jagatsinghpur,0,Total,area,ha,-,,dash
2024-25,..\raw\earas\2024-25\Technical_Report_EARAS_2024-25_Odisha.pdf,75,5.2,Wheat,wheat,12,Jagatsinghpur,0,Total,yield_rate,qtl/ha,-,,dash
2024-25,..\raw\earas\2024-25\Technical_Report_EARAS_2024-25_Odisha.pdf,75,5.2,Wheat,wheat,12,Jagatsinghpur,0,Total,production,qtl,-,,dash
2024-25,..\raw\earas\2024-25\Technical_Report_EARAS_2024-25_Odisha.pdf,75,5.2,Wheat,wheat,13,Jajpur,0,Autumn,area,ha,-,,dash
2024-25,..\raw\earas\2024-25\Technical_Report_EARAS_2024-25_Odisha.pdf,75,5.2,Wheat,wheat,13,Jajpur,0,Autumn,yield_rate,qtl/ha,-,,dash
2024-25,..\raw\earas\2024-25\Technical_Report_EARAS_2024-25_Odisha.pdf,75,5.2,Wheat,wheat,13,Jajpur,0,Autumn,production,qtl,-,,dash
2024-25,..\raw\earas\2024-25\Technical_Report_EARAS_2024-25_Odisha.pdf,75,5.2,Wheat,wheat,13,Jajpur,0,Winter,area,ha,-,,dash
2024-25,..\raw\earas\2024-25\Technical_Report_EARAS_2024-25_Odisha.pdf,75,5.2,Wheat,wheat,13,Jajpur,0,Winter,yield_rate,qtl/ha,-,,dash
2024-25,..\raw\earas\2024-25\Technical_Report_EARAS_2024-25_Odisha.pdf,75,5.2,Wheat,wheat,13,Jajpur,0,Winter,production,qtl,-,,dash
2024-25,..\raw\earas\2024-25\Technical_Report_EARAS_2024-25_Odisha.pdf,75,5.2,Wheat,wheat,13,Jajpur,0,Summer,area,ha,1,1,ok
2024-25,..\raw\earas\2024-25\Technical_Report_EARAS_2024-25_Odisha.pdf,75,5.2,Wheat,wheat,13,Jajpur,0,Summer,yield_rate,qtl/ha,5.05,5.05,ok
2024-25,..\raw\earas\2024-25\Technical_Report_EARAS_2024-25_Odisha.pdf,75,5.2,Wheat,wheat,13,Jajpur,0,Summer,production,qtl,5,5,ok
2024-25,..\raw\earas\2024-25\Technical_Report_EARAS_2024-25_Odisha.pdf,75,5.2,Wheat,wheat,13,Jajpur,0,Total,area,ha,1,1,ok
2024-25,..\raw\earas\2024-25\Technical_Report_EARAS_2024-25_Odisha.pdf,75,5.2,Wheat,wheat,13,Jajpur,0,Total,yield_rate,qtl/ha,5.05,5.05,ok
2024-25,..\raw\earas\2024-25\Technical_Report_EARAS_2024-25_Odisha.pdf,75,5.2,Wheat,wheat,13,Jajpur,0,Total,production,qtl,5,5,ok
2024-25,..\raw\earas\2024-25\Technical_Report_EARAS_2024-25_Odisha.pdf,75,5.2,Wheat,wheat,14,Jharsuguda,0,Autumn,area,ha,-,,dash
2024-25,..\raw\earas\2024-25\Technical_Report_EARAS_2024-25_Odisha.pdf,75,5.2,Wheat,wheat,14,Jharsuguda,0,Autumn,yield_rate,qtl/ha,-,,dash
2024-25,..\raw\earas\2024-25\Technical_Report_EARAS_2024-25_Odisha.pdf,75,5.2,Wheat,wheat,14,Jharsuguda,0,Autumn,production,qtl,-,,dash
2024-25,..\raw\earas\2024-25\Technical_Report_EARAS_2024-25_Odisha.pdf,75,5.2,Wheat,wheat,14,Jharsuguda,0,Winter,area,ha,-,,dash
2024-25,..\raw\earas\2024-25\Technical_Report_EARAS_2024-25_Odisha.pdf,75,5.2,Wheat,wheat,14,Jharsuguda,0,Winter,yield_rate,qtl/ha,-,,dash
2024-25,..\raw\earas\2024-25\Technical_Report_EARAS_2024-25_Odisha.pdf,75,5.2,Wheat,wheat,14,Jharsuguda,0,Winter,production,qtl,-,,dash
2024-25,..\raw\earas\2024-25\Technical_Report_EARAS_2024-25_Odisha.pdf,75,5.2,Wheat,wheat,14,Jharsuguda,0,Summer,area,ha,6,6,ok
2024-25,..\raw\earas\2024-25\Technical_Report_EARAS_2024-25_Odisha.pdf,75,5.2,Wheat,wheat,14,Jharsuguda,0,Summer,yield_rate,qtl/ha,4.50,4.50,ok
2024-25,..\raw\earas\2024-25\Technical_Report_EARAS_2024-25_Odisha.pdf,75,5.2,Wheat,wheat,14,Jharsuguda,0,Summer,production,qtl,27,27,ok
2024-25,..\raw\earas\2024-25\Technical_Report_EARAS_2024-25_Odisha.pdf,75,5.2,Wheat,wheat,14,Jharsuguda,0,Total,area,ha,6,6,ok
2024-25,..\raw\earas\2024-25\Technical_Report_EARAS_2024-25_Odisha.pdf,75,5.2,Wheat,wheat,14,Jharsuguda,0,Total,yield_rate,qtl/ha,4.50,4.50,ok
2024-25,..\raw\earas\2024-25\Technical_Report_EARAS_2024-25_Odisha.pdf,75,5.2,Wheat,wheat,14,Jharsuguda,0,Total,production,qtl,27,27,ok
2024-25,..\raw\earas\2024-25\Technical_Report_EARAS_2024-25_Odisha.pdf,75,5.2,Wheat,wheat,15,Kalahandi,0,Autumn,area,ha,-,,dash
2024-25,..\raw\earas\2024-25\Technical_Report_EARAS_2024-25_Odisha.pdf,75,5.2,Wheat,wheat,15,Kalahandi,0,Autumn,yield_rate,qtl/ha,-,,dash
2024-25,..\raw\earas\2024-25\Technical_Report_EARAS_2024-25_Odisha.pdf,75,5.2,Wheat,wheat,15,Kalahandi,0,Autumn,production,qtl,-,,dash
2024-25,..\raw\earas\2024-25\Technical_Report_EARAS_2024-25_Odisha.pdf,75,5.2,Wheat,wheat,15,Kalahandi,0,Winter,area,ha,-,,dash
2024-25,..\raw\earas\2024-25\Technical_Report_EARAS_2024-25_Odisha.pdf,75,5.2,Wheat,wheat,15,Kalahandi,0,Winter,yield_rate,qtl/ha,-,,dash
2024-25,..\raw\earas\2024-25\Technical_Report_EARAS_2024-25_Odisha.pdf,75,5.2,Wheat,wheat,15,Kalahandi,0,Winter,production,qtl,-,,dash
2024-25,..\raw\earas\2024-25\Technical_Report_EARAS_2024-25_Odisha.pdf,75,5.2,Wheat,wheat,15,Kalahandi,0,Summer,area,ha,-,,dash
2024-25,..\raw\earas\2024-25\Technical_Report_EARAS_2024-25_Odisha.pdf,75,5.2,Wheat,wheat,15,Kalahandi,0,Summer,yield_rate,qtl/ha,-,,dash
2024-25,..\raw\earas\2024-25\Technical_Report_EARAS_2024-25_Odisha.pdf,75,5.2,Wheat,wheat,15,Kalahandi,0,Summer,production,qtl,-,,dash
2024-25,..\raw\earas\2024-25\Technical_Report_EARAS_2024-25_Odisha.pdf,75,5.2,Wheat,wheat,15,Kalahandi,0,Total,area,ha,-,,dash
2024-25,..\raw\earas\2024-25\Technical_Report_EARAS_2024-25_Odisha.pdf,75,5.2,Wheat,wheat,15,Kalahandi,0,Total,yield_rate,qtl/ha,-,,dash
2024-25,..\raw\earas\2024-25\Technical_Report_EARAS_2024-25_Odisha.pdf,75,5.2,Wheat,wheat,15,Kalahandi,0,Total,production,qtl,-,,dash
2024-25,..\raw\earas\2024-25\Technical_Report_EARAS_2024-25_Odisha.pdf,75,5.2,Wheat,wheat,16,Kandhamal,0,Autumn,area,ha,-,,dash
2024-25,..\raw\earas\2024-25\Technical_Report_EARAS_2024-25_Odisha.pdf,75,5.2,Wheat,wheat,16,Kandhamal,0,Autumn,yield_rate,qtl/ha,-,,dash
2024-25,..\raw\earas\2024-25\Technical_Report_EARAS_2024-25_Odisha.pdf,75,5.2,Wheat,wheat,16,Kandhamal,0,Autumn,production,qtl,-,,dash
2024-25,..\raw\earas\2024-25\Technical_Report_EARAS_2024-25_Odisha.pdf,75,5.2,Wheat,wheat,16,Kandhamal,0,Winter,area,ha,-,,dash
2024-25,..\raw\earas\2024-25\Technical_Report_EARAS_2024-25_Odisha.pdf,75,5.2,Wheat,wheat,16,Kandhamal,0,Winter,yield_rate,qtl/ha,-,,dash
2024-25,..\raw\earas\2024-25\Technical_Report_EARAS_2024-25_Odisha.pdf,75,5.2,Wheat,wheat,16,Kandhamal,0,Winter,production,qtl,-,,dash
2024-25,..\raw\earas\2024-25\Technical_Report_EARAS_2024-25_Odisha.pdf,75,5.2,Wheat,wheat,16,Kandhamal,0,Summer,area,ha,1,1,ok
2024-25,..\raw\earas\2024-25\Technical_Report_EARAS_2024-25_Odisha.pdf,75,5.2,Wheat,wheat,16,Kandhamal,0,Summer,yield_rate,qtl/ha,15.56,15.56,ok
2024-25,..\raw\earas\2024-25\Technical_Report_EARAS_2024-25_Odisha.pdf,75,5.2,Wheat,wheat,16,Kandhamal,0,Summer,production,qtl,16,16,ok
2024-25,..\raw\earas\2024-25\Technical_Report_EARAS_2024-25_Odisha.pdf,75,5.2,Wheat,wheat,16,Kandhamal,0,Total,area,ha,1,1,ok
2024-25,..\raw\earas\2024-25\Technical_Report_EARAS_2024-25_Odisha.pdf,75,5.2,Wheat,wheat,16,Kandhamal,0,Total,yield_rate,qtl/ha,15.56,15.56,ok
2024-25,..\raw\earas\2024-25\Technical_Report_EARAS_2024-25_Odisha.pdf,75,5.2,Wheat,wheat,16,Kandhamal,0,Total,production,qtl,16,16,ok
2024-25,..\raw\earas\2024-25\Technical_Report_EARAS_2024-25_Odisha.pdf,75,5.2,Wheat,wheat,17,Kendrapada,0,Autumn,area,ha,-,,dash
2024-25,..\raw\earas\2024-25\Technical_Report_EARAS_2024-25_Odisha.pdf,75,5.2,Wheat,wheat,17,Kendrapada,0,Autumn,yield_rate,qtl/ha,-,,dash
2024-25,..\raw\earas\2024-25\Technical_Report_EARAS_2024-25_Odisha.pdf,75,5.2,Wheat,wheat,17,Kendrapada,0,Autumn,production,qtl,-,,dash
2024-25,..\raw\earas\2024-25\Technical_Report_EARAS_2024-25_Odisha.pdf,75,5.2,Wheat,wheat,17,Kendrapada,0,Winter,area,ha,-,,dash
2024-25,..\raw\earas\2024-25\Technical_Report_EARAS_2024-25_Odisha.pdf,75,5.2,Wheat,wheat,17,Kendrapada,0,Winter,yield_rate,qtl/ha,-,,dash
2024-25,..\raw\earas\2024-25\Technical_Report_EARAS_2024-25_Odisha.pdf,75,5.2,Wheat,wheat,17,Kendrapada,0,Winter,production,qtl,-,,dash
2024-25,..\raw\earas\2024-25\Technical_Report_EARAS_2024-25_Odisha.pdf,75,5.2,Wheat,wheat,17,Kendrapada,0,Summer,area,ha,S,,below_half_unit
2024-25,..\raw\earas\2024-25\Technical_Report_EARAS_2024-25_Odisha.pdf,75,5.2,Wheat,wheat,17,Kendrapada,0,Summer,yield_rate,qtl/ha,12.07,12.07,ok
2024-25,..\raw\earas\2024-25\Technical_Report_EARAS_2024-25_Odisha.pdf,75,5.2,Wheat,wheat,17,Kendrapada,0,Summer,production,qtl,-,,dash
2024-25,..\raw\earas\2024-25\Technical_Report_EARAS_2024-25_Odisha.pdf,75,5.2,Wheat,wheat,17,Kendrapada,0,Total,area,ha,S,,below_half_unit
2024-25,..\raw\earas\2024-25\Technical_Report_EARAS_2024-25_Odisha.pdf,75,5.2,Wheat,wheat,17,Kendrapada,0,Total,yield_rate,qtl/ha,12.07,12.07,ok
2024-25,..\raw\earas\2024-25\Technical_Report_EARAS_2024-25_Odisha.pdf,75,5.2,Wheat,wheat,17,Kendrapada,0,Total,production,qtl,-,,dash
2024-25,..\raw\earas\2024-25\Technical_Report_EARAS_2024-25_Odisha.pdf,75,5.2,Wheat,wheat,18,Keonjhar,0,Autumn,area,ha,-,,dash
2024-25,..\raw\earas\2024-25\Technical_Report_EARAS_2024-25_Odisha.pdf,75,5.2,Wheat,wheat,18,Keonjhar,0,Autumn,yield_rate,qtl/ha,-,,dash
2024-25,..\raw\earas\2024-25\Technical_Report_EARAS_2024-25_Odisha.pdf,75,5.2,Wheat,wheat,18,Keonjhar,0,Autumn,production,qtl,-,,dash
2024-25,..\raw\earas\2024-25\Technical_Report_EARAS_2024-25_Odisha.pdf,75,5.2,Wheat,wheat,18,Keonjhar,0,Winter,area,ha,-,,dash
2024-25,..\raw\earas\2024-25\Technical_Report_EARAS_2024-25_Odisha.pdf,75,5.2,Wheat,wheat,18,Keonjhar,0,Winter,yield_rate,qtl/ha,-,,dash
2024-25,..\raw\earas\2024-25\Technical_Report_EARAS_2024-25_Odisha.pdf,75,5.2,Wheat,wheat,18,Keonjhar,0,Winter,production,qtl,-,,dash
2024-25,..\raw\earas\2024-25\Technical_Report_EARAS_2024-25_Odisha.pdf,75,5.2,Wheat,wheat,18,Keonjhar,0,Summer,area,ha,12,12,ok
2024-25,..\raw\earas\2024-25\Technical_Report_EARAS_2024-25_Odisha.pdf,75,5.2,Wheat,wheat,18,Keonjhar,0,Summer,yield_rate,qtl/ha,14.67,14.67,ok
2024-25,..\raw\earas\2024-25\Technical_Report_EARAS_2024-25_Odisha.pdf,75,5.2,Wheat,wheat,18,Keonjhar,0,Summer,production,qtl,176,176,ok
2024-25,..\raw\earas\2024-25\Technical_Report_EARAS_2024-25_Odisha.pdf,75,5.2,Wheat,wheat,18,Keonjhar,0,Total,area,ha,12,12,ok
2024-25,..\raw\earas\2024-25\Technical_Report_EARAS_2024-25_Odisha.pdf,75,5.2,Wheat,wheat,18,Keonjhar,0,Total,yield_rate,qtl/ha,14.67,14.67,ok
2024-25,..\raw\earas\2024-25\Technical_Report_EARAS_2024-25_Odisha.pdf,75,5.2,Wheat,wheat,18,Keonjhar,0,Total,production,qtl,176,176,ok
2024-25,..\raw\earas\2024-25\Technical_Report_EARAS_2024-25_Odisha.pdf,75,5.2,Wheat,wheat,19,Khurda,0,Autumn,area,ha,-,,dash
2024-25,..\raw\earas\2024-25\Technical_Report_EARAS_2024-25_Odisha.pdf,75,5.2,Wheat,wheat,19,Khurda,0,Autumn,yield_rate,qtl/ha,-,,dash
2024-25,..\raw\earas\2024-25\Technical_Report_EARAS_2024-25_Odisha.pdf,75,5.2,Wheat,wheat,19,Khurda,0,Autumn,production,qtl,-,,dash
2024-25,..\raw\earas\2024-25\Technical_Report_EARAS_2024-25_Odisha.pdf,75,5.2,Wheat,wheat,19,Khurda,0,Winter,area,ha,-,,dash
2024-25,..\raw\earas\2024-25\Technical_Report_EARAS_2024-25_Odisha.pdf,75,5.2,Wheat,wheat,19,Khurda,0,Winter,yield_rate,qtl/ha,-,,dash
2024-25,..\raw\earas\2024-25\Technical_Report_EARAS_2024-25_Odisha.pdf,75,5.2,Wheat,wheat,19,Khurda,0,Winter,production,qtl,-,,dash
2024-25,..\raw\earas\2024-25\Technical_Report_EARAS_2024-25_Odisha.pdf,75,5.2,Wheat,wheat,19,Khurda,0,Summer,area,ha,-,,dash
2024-25,..\raw\earas\2024-25\Technical_Report_EARAS_2024-25_Odisha.pdf,75,5.2,Wheat,wheat,19,Khurda,0,Summer,yield_rate,qtl/ha,-,,dash
2024-25,..\raw\earas\2024-25\Technical_Report_EARAS_2024-25_Odisha.pdf,75,5.2,Wheat,wheat,19,Khurda,0,Summer,production,qtl,-,,dash
2024-25,..\raw\earas\2024-25\Technical_Report_EARAS_2024-25_Odisha.pdf,75,5.2,Wheat,wheat,19,Khurda,0,Total,area,ha,-,,dash
2024-25,..\raw\earas\2024-25\Technical_Report_EARAS_2024-25_Odisha.pdf,75,5.2,Wheat,wheat,19,Khurda,0,Total,yield_rate,qtl/ha,-,,dash
2024-25,..\raw\earas\2024-25\Technical_Report_EARAS_2024-25_Odisha.pdf,75,5.2,Wheat,wheat,19,Khurda,0,Total,production,qtl,-,,dash
2024-25,..\raw\earas\2024-25\Technical_Report_EARAS_2024-25_Odisha.pdf,75,5.2,Wheat,wheat,20,Koraput,0,Autumn,area,ha,-,,dash
2024-25,..\raw\earas\2024-25\Technical_Report_EARAS_2024-25_Odisha.pdf,75,5.2,Wheat,wheat,20,Koraput,0,Autumn,yield_rate,qtl/ha,-,,dash
2024-25,..\raw\earas\2024-25\Technical_Report_EARAS_2024-25_Odisha.pdf,75,5.2,Wheat,wheat,20,Koraput,0,Autumn,production,qtl,-,,dash
2024-25,..\raw\earas\2024-25\Technical_Report_EARAS_2024-25_Odisha.pdf,75,5.2,Wheat,wheat,20,Koraput,0,Winter,area,ha,-,,dash
2024-25,..\raw\earas\2024-25\Technical_Report_EARAS_2024-25_Odisha.pdf,75,5.2,Wheat,wheat,20,Koraput,0,Winter,yield_rate,qtl/ha,-,,dash
2024-25,..\raw\earas\2024-25\Technical_Report_EARAS_2024-25_Odisha.pdf,75,5.2,Wheat,wheat,20,Koraput,0,Winter,production,qtl,-,,dash
2024-25,..\raw\earas\2024-25\Technical_Report_EARAS_2024-25_Odisha.pdf,75,5.2,Wheat,wheat,20,Koraput,0,Summer,area,ha,-,,dash
2024-25,..\raw\earas\2024-25\Technical_Report_EARAS_2024-25_Odisha.pdf,75,5.2,Wheat,wheat,20,Koraput,0,Summer,yield_rate,qtl/ha,-,,dash
2024-25,..\raw\earas\2024-25\Technical_Report_EARAS_2024-25_Odisha.pdf,75,5.2,Wheat,wheat,20,Koraput,0,Summer,production,qtl,-,,dash
2024-25,..\raw\earas\2024-25\Technical_Report_EARAS_2024-25_Odisha.pdf,75,5.2,Wheat,wheat,20,Koraput,0,Total,area,ha,-,,dash
2024-25,..\raw\earas\2024-25\Technical_Report_EARAS_2024-25_Odisha.pdf,75,5.2,Wheat,wheat,20,Koraput,0,Total,yield_rate,qtl/ha,-,,dash
2024-25,..\raw\earas\2024-25\Technical_Report_EARAS_2024-25_Odisha.pdf,75,5.2,Wheat,wheat,20,Koraput,0,Total,production,qtl,-,,dash
2024-25,..\raw\earas\2024-25\Technical_Report_EARAS_2024-25_Odisha.pdf,75,5.2,Wheat,wheat,21,Malkangiri,0,Autumn,area,ha,-,,dash
2024-25,..\raw\earas\2024-25\Technical_Report_EARAS_2024-25_Odisha.pdf,75,5.2,Wheat,wheat,21,Malkangiri,0,Autumn,yield_rate,qtl/ha,-,,dash
2024-25,..\raw\earas\2024-25\Technical_Report_EARAS_2024-25_Odisha.pdf,75,5.2,Wheat,wheat,21,Malkangiri,0,Autumn,production,qtl,-,,dash
2024-25,..\raw\earas\2024-25\Technical_Report_EARAS_2024-25_Odisha.pdf,75,5.2,Wheat,wheat,21,Malkangiri,0,Winter,area,ha,-,,dash
2024-25,..\raw\earas\2024-25\Technical_Report_EARAS_2024-25_Odisha.pdf,75,5.2,Wheat,wheat,21,Malkangiri,0,Winter,yield_rate,qtl/ha,-,,dash
2024-25,..\raw\earas\2024-25\Technical_Report_EARAS_2024-25_Odisha.pdf,75,5.2,Wheat,wheat,21,Malkangiri,0,Winter,production,qtl,-,,dash
2024-25,..\raw\earas\2024-25\Technical_Report_EARAS_2024-25_Odisha.pdf,75,5.2,Wheat,wheat,21,Malkangiri,0,Summer,area,ha,-,,dash
2024-25,..\raw\earas\2024-25\Technical_Report_EARAS_2024-25_Odisha.pdf,75,5.2,Wheat,wheat,21,Malkangiri,0,Summer,yield_rate,qtl/ha,-,,dash
2024-25,..\raw\earas\2024-25\Technical_Report_EARAS_2024-25_Odisha.pdf,75,5.2,Wheat,wheat,21,Malkangiri,0,Summer,production,qtl,-,,dash
2024-25,..\raw\earas\2024-25\Technical_Report_EARAS_2024-25_Odisha.pdf,75,5.2,Wheat,wheat,21,Malkangiri,0,Total,area,ha,-,,dash
2024-25,..\raw\earas\2024-25\Technical_Report_EARAS_2024-25_Odisha.pdf,75,5.2,Wheat,wheat,21,Malkangiri,0,Total,yield_rate,qtl/ha,-,,dash
2024-25,..\raw\earas\2024-25\Technical_Report_EARAS_2024-25_Odisha.pdf,75,5.2,Wheat,wheat,21,Malkangiri,0,Total,production,qtl,-,,dash
2024-25,..\raw\earas\2024-25\Technical_Report_EARAS_2024-25_Odisha.pdf,75,5.2,Wheat,wheat,22,Mayurbhanja,0,Autumn,area,ha,-,,dash
2024-25,..\raw\earas\2024-25\Technical_Report_EARAS_2024-25_Odisha.pdf,75,5.2,Wheat,wheat,22,Mayurbhanja,0,Autumn,yield_rate,qtl/ha,-,,dash
2024-25,..\raw\earas\2024-25\Technical_Report_EARAS_2024-25_Odisha.pdf,75,5.2,Wheat,wheat,22,Mayurbhanja,0,Autumn,production,qtl,-,,dash
2024-25,..\raw\earas\2024-25\Technical_Report_EARAS_2024-25_Odisha.pdf,75,5.2,Wheat,wheat,22,Mayurbhanja,0,Winter,area,ha,-,,dash
2024-25,..\raw\earas\2024-25\Technical_Report_EARAS_2024-25_Odisha.pdf,75,5.2,Wheat,wheat,22,Mayurbhanja,0,Winter,yield_rate,qtl/ha,-,,dash
2024-25,..\raw\earas\2024-25\Technical_Report_EARAS_2024-25_Odisha.pdf,75,5.2,Wheat,wheat,22,Mayurbhanja,0,Winter,production,qtl,-,,dash
2024-25,..\raw\earas\2024-25\Technical_Report_EARAS_2024-25_Odisha.pdf,75,5.2,Wheat,wheat,22,Mayurbhanja,0,Summer,area,ha,73,73,ok
2024-25,..\raw\earas\2024-25\Technical_Report_EARAS_2024-25_Odisha.pdf,75,5.2,Wheat,wheat,22,Mayurbhanja,0,Summer,yield_rate,qtl/ha,15.49,15.49,ok
2024-25,..\raw\earas\2024-25\Technical_Report_EARAS_2024-25_Odisha.pdf,75,5.2,Wheat,wheat,22,Mayurbhanja,0,Summer,production,qtl,1131,1131,ok
2024-25,..\raw\earas\2024-25\Technical_Report_EARAS_2024-25_Odisha.pdf,75,5.2,Wheat,wheat,22,Mayurbhanja,0,Total,area,ha,73,73,ok
2024-25,..\raw\earas\2024-25\Technical_Report_EARAS_2024-25_Odisha.pdf,75,5.2,Wheat,wheat,22,Mayurbhanja,0,Total,yield_rate,qtl/ha,15.49,15.49,ok
2024-25,..\raw\earas\2024-25\Technical_Report_EARAS_2024-25_Odisha.pdf,75,5.2,Wheat,wheat,22,Mayurbhanja,0,Total,production,qtl,1131,1131,ok
2024-25,..\raw\earas\2024-25\Technical_Report_EARAS_2024-25_Odisha.pdf,75,5.2,Wheat,wheat,23,Nuapada,0,Autumn,area,ha,-,,dash
2024-25,..\raw\earas\2024-25\Technical_Report_EARAS_2024-25_Odisha.pdf,75,5.2,Wheat,wheat,23,Nuapada,0,Autumn,yield_rate,qtl/ha,-,,dash
2024-25,..\raw\earas\2024-25\Technical_Report_EARAS_2024-25_Odisha.pdf,75,5.2,Wheat,wheat,23,Nuapada,0,Autumn,production,qtl,-,,dash
2024-25,..\raw\earas\2024-25\Technical_Report_EARAS_2024-25_Odisha.pdf,75,5.2,Wheat,wheat,23,Nuapada,0,Winter,area,ha,-,,dash
2024-25,..\raw\earas\2024-25\Technical_Report_EARAS_2024-25_Odisha.pdf,75,5.2,Wheat,wheat,23,Nuapada,0,Winter,yield_rate,qtl/ha,-,,dash
2024-25,..\raw\earas\2024-25\Technical_Report_EARAS_2024-25_Odisha.pdf,75,5.2,Wheat,wheat,23,Nuapada,0,Winter,production,qtl,-,,dash
2024-25,..\raw\earas\2024-25\Technical_Report_EARAS_2024-25_Odisha.pdf,75,5.2,Wheat,wheat,23,Nuapada,0,Summer,area,ha,-,,dash
2024-25,..\raw\earas\2024-25\Technical_Report_EARAS_2024-25_Odisha.pdf,75,5.2,Wheat,wheat,23,Nuapada,0,Summer,yield_rate,qtl/ha,-,,dash
2024-25,..\raw\earas\2024-25\Technical_Report_EARAS_2024-25_Odisha.pdf,75,5.2,Wheat,wheat,23,Nuapada,0,Summer,production,qtl,-,,dash
2024-25,..\raw\earas\2024-25\Technical_Report_EARAS_2024-25_Odisha.pdf,75,5.2,Wheat,wheat,23,Nuapada,0,Total,area,ha,-,,dash
2024-25,..\raw\earas\2024-25\Technical_Report_EARAS_2024-25_Odisha.pdf,75,5.2,Wheat,wheat,23,Nuapada,0,Total,yield_rate,qtl/ha,-,,dash
2024-25,..\raw\earas\2024-25\Technical_Report_EARAS_2024-25_Odisha.pdf,75,5.2,Wheat,wheat,23,Nuapada,0,Total,production,qtl,-,,dash
2024-25,..\raw\earas\2024-25\Technical_Report_EARAS_2024-25_Odisha.pdf,75,5.2,Wheat,wheat,24,Nayagada,0,Autumn,area,ha,-,,dash
2024-25,..\raw\earas\2024-25\Technical_Report_EARAS_2024-25_Odisha.pdf,75,5.2,Wheat,wheat,24,Nayagada,0,Autumn,yield_rate,qtl/ha,-,,dash
2024-25,..\raw\earas\2024-25\Technical_Report_EARAS_2024-25_Odisha.pdf,75,5.2,Wheat,wheat,24,Nayagada,0,Autumn,production,qtl,-,,dash
2024-25,..\raw\earas\2024-25\Technical_Report_EARAS_2024-25_Odisha.pdf,75,5.2,Wheat,wheat,24,Nayagada,0,Winter,area,ha,-,,dash
2024-25,..\raw\earas\2024-25\Technical_Report_EARAS_2024-25_Odisha.pdf,75,5.2,Wheat,wheat,24,Nayagada,0,Winter,yield_rate,qtl/ha,-,,dash
2024-25,..\raw\earas\2024-25\Technical_Report_EARAS_2024-25_Odisha.pdf,75,5.2,Wheat,wheat,24,Nayagada,0,Winter,production,qtl,-,,dash
2024-25,..\raw\earas\2024-25\Technical_Report_EARAS_2024-25_Odisha.pdf,75,5.2,Wheat,wheat,24,Nayagada,0,Summer,area,ha,2,2,ok
2024-25,..\raw\earas\2024-25\Technical_Report_EARAS_2024-25_Odisha.pdf,75,5.2,Wheat,wheat,24,Nayagada,0,Summer,yield_rate,qtl/ha,14.00,14.00,ok
2024-25,..\raw\earas\2024-25\Technical_Report_EARAS_2024-25_Odisha.pdf,75,5.2,Wheat,wheat,24,Nayagada,0,Summer,production,qtl,28,28,ok
2024-25,..\raw\earas\2024-25\Technical_Report_EARAS_2024-25_Odisha.pdf,75,5.2,Wheat,wheat,24,Nayagada,0,Total,area,ha,2,2,ok
2024-25,..\raw\earas\2024-25\Technical_Report_EARAS_2024-25_Odisha.pdf,75,5.2,Wheat,wheat,24,Nayagada,0,Total,yield_rate,qtl/ha,14.00,14.00,ok
2024-25,..\raw\earas\2024-25\Technical_Report_EARAS_2024-25_Odisha.pdf,75,5.2,Wheat,wheat,24,Nayagada,0,Total,production,qtl,28,28,ok
2024-25,..\raw\earas\2024-25\Technical_Report_EARAS_2024-25_Odisha.pdf,75,5.2,Wheat,wheat,25,Nawarangpur,0,Autumn,area,ha,-,,dash
2024-25,..\raw\earas\2024-25\Technical_Report_EARAS_2024-25_Odisha.pdf,75,5.2,Wheat,wheat,25,Nawarangpur,0,Autumn,yield_rate,qtl/ha,-,,dash
2024-25,..\raw\earas\2024-25\Technical_Report_EARAS_2024-25_Odisha.pdf,75,5.2,Wheat,wheat,25,Nawarangpur,0,Autumn,production,qtl,-,,dash
2024-25,..\raw\earas\2024-25\Technical_Report_EARAS_2024-25_Odisha.pdf,75,5.2,Wheat,wheat,25,Nawarangpur,0,Winter,area,ha,-,,dash
2024-25,..\raw\earas\2024-25\Technical_Report_EARAS_2024-25_Odisha.pdf,75,5.2,Wheat,wheat,25,Nawarangpur,0,Winter,yield_rate,qtl/ha,-,,dash
2024-25,..\raw\earas\2024-25\Technical_Report_EARAS_2024-25_Odisha.pdf,75,5.2,Wheat,wheat,25,Nawarangpur,0,Winter,production,qtl,-,,dash
2024-25,..\raw\earas\2024-25\Technical_Report_EARAS_2024-25_Odisha.pdf,75,5.2,Wheat,wheat,25,Nawarangpur,0,Summer,area,ha,-,,dash
2024-25,..\raw\earas\2024-25\Technical_Report_EARAS_2024-25_Odisha.pdf,75,5.2,Wheat,wheat,25,Nawarangpur,0,Summer,yield_rate,qtl/ha,-,,dash
2024-25,..\raw\earas\2024-25\Technical_Report_EARAS_2024-25_Odisha.pdf,75,5.2,Wheat,wheat,25,Nawarangpur,0,Summer,production,qtl,-,,dash
2024-25,..\raw\earas\2024-25\Technical_Report_EARAS_2024-25_Odisha.pdf,75,5.2,Wheat,wheat,25,Nawarangpur,0,Total,area,ha,-,,dash
2024-25,..\raw\earas\2024-25\Technical_Report_EARAS_2024-25_Odisha.pdf,75,5.2,Wheat,wheat,25,Nawarangpur,0,Total,yield_rate,qtl/ha,-,,dash
2024-25,..\raw\earas\2024-25\Technical_Report_EARAS_2024-25_Odisha.pdf,75,5.2,Wheat,wheat,25,Nawarangpur,0,Total,production,qtl,-,,dash
2024-25,..\raw\earas\2024-25\Technical_Report_EARAS_2024-25_Odisha.pdf,75,5.2,Wheat,wheat,26,Puri,0,Autumn,area,ha,-,,dash
2024-25,..\raw\earas\2024-25\Technical_Report_EARAS_2024-25_Odisha.pdf,75,5.2,Wheat,wheat,26,Puri,0,Autumn,yield_rate,qtl/ha,-,,dash
2024-25,..\raw\earas\2024-25\Technical_Report_EARAS_2024-25_Odisha.pdf,75,5.2,Wheat,wheat,26,Puri,0,Autumn,production,qtl,-,,dash
2024-25,..\raw\earas\2024-25\Technical_Report_EARAS_2024-25_Odisha.pdf,75,5.2,Wheat,wheat,26,Puri,0,Winter,area,ha,-,,dash
2024-25,..\raw\earas\2024-25\Technical_Report_EARAS_2024-25_Odisha.pdf,75,5.2,Wheat,wheat,26,Puri,0,Winter,yield_rate,qtl/ha,-,,dash
2024-25,..\raw\earas\2024-25\Technical_Report_EARAS_2024-25_Odisha.pdf,75,5.2,Wheat,wheat,26,Puri,0,Winter,production,qtl,-,,dash
2024-25,..\raw\earas\2024-25\Technical_Report_EARAS_2024-25_Odisha.pdf,75,5.2,Wheat,wheat,26,Puri,0,Summer,area,ha,-,,dash
2024-25,..\raw\earas\2024-25\Technical_Report_EARAS_2024-25_Odisha.pdf,75,5.2,Wheat,wheat,26,Puri,0,Summer,yield_rate,qtl/ha,-,,dash
2024-25,..\raw\earas\2024-25\Technical_Report_EARAS_2024-25_Odisha.pdf,75,5.2,Wheat,wheat,26,Puri,0,Summer,production,qtl,-,,dash
2024-25,..\raw\earas\2024-25\Technical_Report_EARAS_2024-25_Odisha.pdf,75,5.2,Wheat,wheat,26,Puri,0,Total,area,ha,-,,dash
2024-25,..\raw\earas\2024-25\Technical_Report_EARAS_2024-25_Odisha.pdf,75,5.2,Wheat,wheat,26,Puri,0,Total,yield_rate,qtl/ha,-,,dash
2024-25,..\raw\earas\2024-25\Technical_Report_EARAS_2024-25_Odisha.pdf,75,5.2,Wheat,wheat,26,Puri,0,Total,production,qtl,-,,dash
2024-25,..\raw\earas\2024-25\Technical_Report_EARAS_2024-25_Odisha.pdf,75,5.2,Wheat,wheat,27,Raygada,0,Autumn,area,ha,-,,dash
2024-25,..\raw\earas\2024-25\Technical_Report_EARAS_2024-25_Odisha.pdf,75,5.2,Wheat,wheat,27,Raygada,0,Autumn,yield_rate,qtl/ha,-,,dash
2024-25,..\raw\earas\2024-25\Technical_Report_EARAS_2024-25_Odisha.pdf,75,5.2,Wheat,wheat,27,Raygada,0,Autumn,production,qtl,-,,dash
2024-25,..\raw\earas\2024-25\Technical_Report_EARAS_2024-25_Odisha.pdf,75,5.2,Wheat,wheat,27,Raygada,0,Winter,area,ha,-,,dash
2024-25,..\raw\earas\2024-25\Technical_Report_EARAS_2024-25_Odisha.pdf,75,5.2,Wheat,wheat,27,Raygada,0,Winter,yield_rate,qtl/ha,-,,dash
2024-25,..\raw\earas\2024-25\Technical_Report_EARAS_2024-25_Odisha.pdf,75,5.2,Wheat,wheat,27,Raygada,0,Winter,production,qtl,-,,dash
2024-25,..\raw\earas\2024-25\Technical_Report_EARAS_2024-25_Odisha.pdf,75,5.2,Wheat,wheat,27,Raygada,0,Summer,area,ha,-,,dash
2024-25,..\raw\earas\2024-25\Technical_Report_EARAS_2024-25_Odisha.pdf,75,5.2,Wheat,wheat,27,Raygada,0,Summer,yield_rate,qtl/ha,-,,dash
2024-25,..\raw\earas\2024-25\Technical_Report_EARAS_2024-25_Odisha.pdf,75,5.2,Wheat,wheat,27,Raygada,0,Summer,production,qtl,-,,dash
2024-25,..\raw\earas\2024-25\Technical_Report_EARAS_2024-25_Odisha.pdf,75,5.2,Wheat,wheat,27,Raygada,0,Total,area,ha,-,,dash
2024-25,..\raw\earas\2024-25\Technical_Report_EARAS_2024-25_Odisha.pdf,75,5.2,Wheat,wheat,27,Raygada,0,Total,yield_rate,qtl/ha,-,,dash
2024-25,..\raw\earas\2024-25\Technical_Report_EARAS_2024-25_Odisha.pdf,75,5.2,Wheat,wheat,27,Raygada,0,Total,production,qtl,-,,dash
2024-25,..\raw\earas\2024-25\Technical_Report_EARAS_2024-25_Odisha.pdf,75,5.2,Wheat,wheat,28,Sambalpur,0,Autumn,area,ha,-,,dash
2024-25,..\raw\earas\2024-25\Technical_Report_EARAS_2024-25_Odisha.pdf,75,5.2,Wheat,wheat,28,Sambalpur,0,Autumn,yield_rate,qtl/ha,-,,dash
2024-25,..\raw\earas\2024-25\Technical_Report_EARAS_2024-25_Odisha.pdf,75,5.2,Wheat,wheat,28,Sambalpur,0,Autumn,production,qtl,-,,dash
2024-25,..\raw\earas\2024-25\Technical_Report_EARAS_2024-25_Odisha.pdf,75,5.2,Wheat,wheat,28,Sambalpur,0,Winter,area,ha,-,,dash
2024-25,..\raw\earas\2024-25\Technical_Report_EARAS_2024-25_Odisha.pdf,75,5.2,Wheat,wheat,28,Sambalpur,0,Winter,yield_rate,qtl/ha,-,,dash
2024-25,..\raw\earas\2024-25\Technical_Report_EARAS_2024-25_Odisha.pdf,75,5.2,Wheat,wheat,28,Sambalpur,0,Winter,production,qtl,-,,dash
2024-25,..\raw\earas\2024-25\Technical_Report_EARAS_2024-25_Odisha.pdf,75,5.2,Wheat,wheat,28,Sambalpur,0,Summer,area,ha,29,29,ok
2024-25,..\raw\earas\2024-25\Technical_Report_EARAS_2024-25_Odisha.pdf,75,5.2,Wheat,wheat,28,Sambalpur,0,Summer,yield_rate,qtl/ha,27.63,27.63,ok
2024-25,..\raw\earas\2024-25\Technical_Report_EARAS_2024-25_Odisha.pdf,75,5.2,Wheat,wheat,28,Sambalpur,0,Summer,production,qtl,801,801,ok
2024-25,..\raw\earas\2024-25\Technical_Report_EARAS_2024-25_Odisha.pdf,75,5.2,Wheat,wheat,28,Sambalpur,0,Total,area,ha,29,29,ok
2024-25,..\raw\earas\2024-25\Technical_Report_EARAS_2024-25_Odisha.pdf,75,5.2,Wheat,wheat,28,Sambalpur,0,Total,yield_rate,qtl/ha,27.63,27.63,ok
2024-25,..\raw\earas\2024-25\Technical_Report_EARAS_2024-25_Odisha.pdf,75,5.2,Wheat,wheat,28,Sambalpur,0,Total,production,qtl,801,801,ok
2024-25,..\raw\earas\2024-25\Technical_Report_EARAS_2024-25_Odisha.pdf,75,5.2,Wheat,wheat,29,Subarnpur,0,Autumn,area,ha,-,,dash
2024-25,..\raw\earas\2024-25\Technical_Report_EARAS_2024-25_Odisha.pdf,75,5.2,Wheat,wheat,29,Subarnpur,0,Autumn,yield_rate,qtl/ha,-,,dash
2024-25,..\raw\earas\2024-25\Technical_Report_EARAS_2024-25_Odisha.pdf,75,5.2,Wheat,wheat,29,Subarnpur,0,Autumn,production,qtl,-,,dash
2024-25,..\raw\earas\2024-25\Technical_Report_EARAS_2024-25_Odisha.pdf,75,5.2,Wheat,wheat,29,Subarnpur,0,Winter,area,ha,-,,dash
2024-25,..\raw\earas\2024-25\Technical_Report_EARAS_2024-25_Odisha.pdf,75,5.2,Wheat,wheat,29,Subarnpur,0,Winter,yield_rate,qtl/ha,-,,dash
2024-25,..\raw\earas\2024-25\Technical_Report_EARAS_2024-25_Odisha.pdf,75,5.2,Wheat,wheat,29,Subarnpur,0,Winter,production,qtl,-,,dash
2024-25,..\raw\earas\2024-25\Technical_Report_EARAS_2024-25_Odisha.pdf,75,5.2,Wheat,wheat,29,Subarnpur,0,Summer,area,ha,-,,dash
2024-25,..\raw\earas\2024-25\Technical_Report_EARAS_2024-25_Odisha.pdf,75,5.2,Wheat,wheat,29,Subarnpur,0,Summer,yield_rate,qtl/ha,-,,dash
2024-25,..\raw\earas\2024-25\Technical_Report_EARAS_2024-25_Odisha.pdf,75,5.2,Wheat,wheat,29,Subarnpur,0,Summer,production,qtl,-,,dash
2024-25,..\raw\earas\2024-25\Technical_Report_EARAS_2024-25_Odisha.pdf,75,5.2,Wheat,wheat,29,Subarnpur,0,Total,area,ha,-,,dash
2024-25,..\raw\earas\2024-25\Technical_Report_EARAS_2024-25_Odisha.pdf,75,5.2,Wheat,wheat,29,Subarnpur,0,Total,yield_rate,qtl/ha,-,,dash
2024-25,..\raw\earas\2024-25\Technical_Report_EARAS_2024-25_Odisha.pdf,75,5.2,Wheat,wheat,29,Subarnpur,0,Total,production,qtl,-,,dash
2024-25,..\raw\earas\2024-25\Technical_Report_EARAS_2024-25_Odisha.pdf,75,5.2,Wheat,wheat,30,Sundargarh,0,Autumn,area,ha,-,,dash
2024-25,..\raw\earas\2024-25\Technical_Report_EARAS_2024-25_Odisha.pdf,75,5.2,Wheat,wheat,30,Sundargarh,0,Autumn,yield_rate,qtl/ha,-,,dash
2024-25,..\raw\earas\2024-25\Technical_Report_EARAS_2024-25_Odisha.pdf,75,5.2,Wheat,wheat,30,Sundargarh,0,Autumn,production,qtl,-,,dash
2024-25,..\raw\earas\2024-25\Technical_Report_EARAS_2024-25_Odisha.pdf,75,5.2,Wheat,wheat,30,Sundargarh,0,Winter,area,ha,-,,dash
2024-25,..\raw\earas\2024-25\Technical_Report_EARAS_2024-25_Odisha.pdf,75,5.2,Wheat,wheat,30,Sundargarh,0,Winter,yield_rate,qtl/ha,-,,dash
2024-25,..\raw\earas\2024-25\Technical_Report_EARAS_2024-25_Odisha.pdf,75,5.2,Wheat,wheat,30,Sundargarh,0,Winter,production,qtl,-,,dash
2024-25,..\raw\earas\2024-25\Technical_Report_EARAS_2024-25_Odisha.pdf,75,5.2,Wheat,wheat,30,Sundargarh,0,Summer,area,ha,94,94,ok
2024-25,..\raw\earas\2024-25\Technical_Report_EARAS_2024-25_Odisha.pdf,75,5.2,Wheat,wheat,30,Sundargarh,0,Summer,yield_rate,qtl/ha,17.91,17.91,ok
2024-25,..\raw\earas\2024-25\Technical_Report_EARAS_2024-25_Odisha.pdf,75,5.2,Wheat,wheat,30,Sundargarh,0,Summer,production,qtl,1684,1684,ok
2024-25,..\raw\earas\2024-25\Technical_Report_EARAS_2024-25_Odisha.pdf,75,5.2,Wheat,wheat,30,Sundargarh,0,Total,area,ha,94,94,ok
2024-25,..\raw\earas\2024-25\Technical_Report_EARAS_2024-25_Odisha.pdf,75,5.2,Wheat,wheat,30,Sundargarh,0,Total,yield_rate,qtl/ha,17.91,17.91,ok
2024-25,..\raw\earas\2024-25\Technical_Report_EARAS_2024-25_Odisha.pdf,75,5.2,Wheat,wheat,30,Sundargarh,0,Total,production,qtl,1684,1684,ok
2024-25,..\raw\earas\2024-25\Technical_Report_EARAS_2024-25_Odisha.pdf,75,5.2,Wheat,wheat,,STATE,1,Autumn,area,ha,-,,dash
2024-25,..\raw\earas\2024-25\Technical_Report_EARAS_2024-25_Odisha.pdf,75,5.2,Wheat,wheat,,STATE,1,Autumn,yield_rate,qtl/ha,-,,dash
2024-25,..\raw\earas\2024-25\Technical_Report_EARAS_2024-25_Odisha.pdf,75,5.2,Wheat,wheat,,STATE,1,Autumn,production,qtl,-,,dash
2024-25,..\raw\earas\2024-25\Technical_Report_EARAS_2024-25_Odisha.pdf,75,5.2,Wheat,wheat,,STATE,1,Winter,area,ha,-,,dash
2024-25,..\raw\earas\2024-25\Technical_Report_EARAS_2024-25_Odisha.pdf,75,5.2,Wheat,wheat,,STATE,1,Winter,yield_rate,qtl/ha,-,,dash
2024-25,..\raw\earas\2024-25\Technical_Report_EARAS_2024-25_Odisha.pdf,75,5.2,Wheat,wheat,,STATE,1,Winter,production,qtl,-,,dash
2024-25,..\raw\earas\2024-25\Technical_Report_EARAS_2024-25_Odisha.pdf,75,5.2,Wheat,wheat,,STATE,1,Summer,area,ha,303,303,ok
2024-25,..\raw\earas\2024-25\Technical_Report_EARAS_2024-25_Odisha.pdf,75,5.2,Wheat,wheat,,STATE,1,Summer,yield_rate,qtl/ha,17.96,17.96,ok
2024-25,..\raw\earas\2024-25\Technical_Report_EARAS_2024-25_Odisha.pdf,75,5.2,Wheat,wheat,,STATE,1,Summer,production,qtl,5443,5443,ok
2024-25,..\raw\earas\2024-25\Technical_Report_EARAS_2024-25_Odisha.pdf,75,5.2,Wheat,wheat,,STATE,1,Total,area,ha,303,303,ok
2024-25,..\raw\earas\2024-25\Technical_Report_EARAS_2024-25_Odisha.pdf,75,5.2,Wheat,wheat,,STATE,1,Total,yield_rate,qtl/ha,17.96,17.96,ok
2024-25,..\raw\earas\2024-25\Technical_Report_EARAS_2024-25_Odisha.pdf,75,5.2,Wheat,wheat,,STATE,1,Total,production,qtl,5443,5443,ok
2024-25,..\raw\earas\2024-25\Technical_Report_EARAS_2024-25_Odisha.pdf,76,5.3,Maize,maize,1,Angul,0,Autumn,area,ha,249,249,ok
2024-25,..\raw\earas\2024-25\Technical_Report_EARAS_2024-25_Odisha.pdf,76,5.3,Maize,maize,1,Angul,0,Autumn,yield_rate,qtl/ha,25.95,25.95,ok
2024-25,..\raw\earas\2024-25\Technical_Report_EARAS_2024-25_Odisha.pdf,76,5.3,Maize,maize,1,Angul,0,Autumn,production,qtl,6461,6461,ok
2024-25,..\raw\earas\2024-25\Technical_Report_EARAS_2024-25_Odisha.pdf,76,5.3,Maize,maize,1,Angul,0,Winter,area,ha,S,,below_half_unit
2024-25,..\raw\earas\2024-25\Technical_Report_EARAS_2024-25_Odisha.pdf,76,5.3,Maize,maize,1,Angul,0,Winter,yield_rate,qtl/ha,27.91,27.91,ok
2024-25,..\raw\earas\2024-25\Technical_Report_EARAS_2024-25_Odisha.pdf,76,5.3,Maize,maize,1,Angul,0,Winter,production,qtl,-,,dash
2024-25,..\raw\earas\2024-25\Technical_Report_EARAS_2024-25_Odisha.pdf,76,5.3,Maize,maize,1,Angul,0,Summer,area,ha,46,46,ok
2024-25,..\raw\earas\2024-25\Technical_Report_EARAS_2024-25_Odisha.pdf,76,5.3,Maize,maize,1,Angul,0,Summer,yield_rate,qtl/ha,24.17,24.17,ok
2024-25,..\raw\earas\2024-25\Technical_Report_EARAS_2024-25_Odisha.pdf,76,5.3,Maize,maize,1,Angul,0,Summer,production,qtl,1112,1112,ok
2024-25,..\raw\earas\2024-25\Technical_Report_EARAS_2024-25_Odisha.pdf,76,5.3,Maize,maize,1,Angul,0,Total,area,ha,295,295,ok
2024-25,..\raw\earas\2024-25\Technical_Report_EARAS_2024-25_Odisha.pdf,76,5.3,Maize,maize,1,Angul,0,Total,yield_rate,qtl/ha,25.67,25.67,ok
2024-25,..\raw\earas\2024-25\Technical_Report_EARAS_2024-25_Odisha.pdf,76,5.3,Maize,maize,1,Angul,0,Total,production,qtl,7573,7573,ok
2024-25,..\raw\earas\2024-25\Technical_Report_EARAS_2024-25_Odisha.pdf,76,5.3,Maize,maize,2,Balangir,0,Autumn,area,ha,744,744,ok
2024-25,..\raw\earas\2024-25\Technical_Report_EARAS_2024-25_Odisha.pdf,76,5.3,Maize,maize,2,Balangir,0,Autumn,yield_rate,qtl/ha,31.78,31.78,ok
2024-25,..\raw\earas\2024-25\Technical_Report_EARAS_2024-25_Odisha.pdf,76,5.3,Maize,maize,2,Balangir,0,Autumn,production,qtl,23646,23646,ok
2024-25,..\raw\earas\2024-25\Technical_Report_EARAS_2024-25_Odisha.pdf,76,5.3,Maize,maize,2,Balangir,0,Winter,area,ha,2,2,ok
2024-25,..\raw\earas\2024-25\Technical_Report_EARAS_2024-25_Odisha.pdf,76,5.3,Maize,maize,2,Balangir,0,Winter,yield_rate,qtl/ha,34.00,34.00,ok
2024-25,..\raw\earas\2024-25\Technical_Report_EARAS_2024-25_Odisha.pdf,76,5.3,Maize,maize,2,Balangir,0,Winter,production,qtl,68,68,ok
2024-25,..\raw\earas\2024-25\Technical_Report_EARAS_2024-25_Odisha.pdf,76,5.3,Maize,maize,2,Balangir,0,Summer,area,ha,-,,dash
2024-25,..\raw\earas\2024-25\Technical_Report_EARAS_2024-25_Odisha.pdf,76,5.3,Maize,maize,2,Balangir,0,Summer,yield_rate,qtl/ha,-,,dash
2024-25,..\raw\earas\2024-25\Technical_Report_EARAS_2024-25_Odisha.pdf,76,5.3,Maize,maize,2,Balangir,0,Summer,production,qtl,-,,dash
2024-25,..\raw\earas\2024-25\Technical_Report_EARAS_2024-25_Odisha.pdf,76,5.3,Maize,maize,2,Balangir,0,Total,area,ha,746,746,ok
2024-25,..\raw\earas\2024-25\Technical_Report_EARAS_2024-25_Odisha.pdf,76,5.3,Maize,maize,2,Balangir,0,Total,yield_rate,qtl/ha,31.79,31.79,ok
2024-25,..\raw\earas\2024-25\Technical_Report_EARAS_2024-25_Odisha.pdf,76,5.3,Maize,maize,2,Balangir,0,Total,production,qtl,23714,23714,ok
2024-25,..\raw\earas\2024-25\Technical_Report_EARAS_2024-25_Odisha.pdf,76,5.3,Maize,maize,3,Balasore,0,Autumn,area,ha,-,,dash
2024-25,..\raw\earas\2024-25\Technical_Report_EARAS_2024-25_Odisha.pdf,76,5.3,Maize,maize,3,Balasore,0,Autumn,yield_rate,qtl/ha,-,,dash
2024-25,..\raw\earas\2024-25\Technical_Report_EARAS_2024-25_Odisha.pdf,76,5.3,Maize,maize,3,Balasore,0,Autumn,production,qtl,-,,dash
2024-25,..\raw\earas\2024-25\Technical_Report_EARAS_2024-25_Odisha.pdf,76,5.3,Maize,maize,3,Balasore,0,Winter,area,ha,1,1,ok
2024-25,..\raw\earas\2024-25\Technical_Report_EARAS_2024-25_Odisha.pdf,76,5.3,Maize,maize,3,Balasore,0,Winter,yield_rate,qtl/ha,43.00,43.00,ok
2024-25,..\raw\earas\2024-25\Technical_Report_EARAS_2024-25_Odisha.pdf,76,5.3,Maize,maize,3,Balasore,0,Winter,production,qtl,43,43,ok
2024-25,..\raw\earas\2024-25\Technical_Report_EARAS_2024-25_Odisha.pdf,76,5.3,Maize,maize,3,Balasore,0,Summer,area,ha,2,2,ok
2024-25,..\raw\earas\2024-25\Technical_Report_EARAS_2024-25_Odisha.pdf,76,5.3,Maize,maize,3,Balasore,0,Summer,yield_rate,qtl/ha,33.56,33.56,ok
2024-25,..\raw\earas\2024-25\Technical_Report_EARAS_2024-25_Odisha.pdf,76,5.3,Maize,maize,3,Balasore,0,Summer,production,qtl,67,67,ok
2024-25,..\raw\earas\2024-25\Technical_Report_EARAS_2024-25_Odisha.pdf,76,5.3,Maize,maize,3,Balasore,0,Total,area,ha,3,3,ok
2024-25,..\raw\earas\2024-25\Technical_Report_EARAS_2024-25_Odisha.pdf,76,5.3,Maize,maize,3,Balasore,0,Total,yield_rate,qtl/ha,36.67,36.67,ok
2024-25,..\raw\earas\2024-25\Technical_Report_EARAS_2024-25_Odisha.pdf,76,5.3,Maize,maize,3,Balasore,0,Total,production,qtl,110,110,ok
2024-25,..\raw\earas\2024-25\Technical_Report_EARAS_2024-25_Odisha.pdf,76,5.3,Maize,maize,4,Bargarh,0,Autumn,area,ha,33,33,ok
2024-25,..\raw\earas\2024-25\Technical_Report_EARAS_2024-25_Odisha.pdf,76,5.3,Maize,maize,4,Bargarh,0,Autumn,yield_rate,qtl/ha,23.39,23.39,ok
2024-25,..\raw\earas\2024-25\Technical_Report_EARAS_2024-25_Odisha.pdf,76,5.3,Maize,maize,4,Bargarh,0,Autumn,production,qtl,772,772,ok
2024-25,..\raw\earas\2024-25\Technical_Report_EARAS_2024-25_Odisha.pdf,76,5.3,Maize,maize,4,Bargarh,0,Winter,area,ha,21,21,ok
2024-25,..\raw\earas\2024-25\Technical_Report_EARAS_2024-25_Odisha.pdf,76,5.3,Maize,maize,4,Bargarh,0,Winter,yield_rate,qtl/ha,24.90,24.90,ok
2024-25,..\raw\earas\2024-25\Technical_Report_EARAS_2024-25_Odisha.pdf,76,5.3,Maize,maize,4,Bargarh,0,Winter,production,qtl,523,523,ok
2024-25,..\raw\earas\2024-25\Technical_Report_EARAS_2024-25_Odisha.pdf,76,5.3,Maize,maize,4,Bargarh,0,Summer,area,ha,14,14,ok
2024-25,..\raw\earas\2024-25\Technical_Report_EARAS_2024-25_Odisha.pdf,76,5.3,Maize,maize,4,Bargarh,0,Summer,yield_rate,qtl/ha,15.50,15.50,ok
2024-25,..\raw\earas\2024-25\Technical_Report_EARAS_2024-25_Odisha.pdf,76,5.3,Maize,maize,4,Bargarh,0,Summer,production,qtl,217,217,ok
2024-25,..\raw\earas\2024-25\Technical_Report_EARAS_2024-25_Odisha.pdf,76,5.3,Maize,maize,4,Bargarh,0,Total,area,ha,68,68,ok
2024-25,..\raw\earas\2024-25\Technical_Report_EARAS_2024-25_Odisha.pdf,76,5.3,Maize,maize,4,Bargarh,0,Total,yield_rate,qtl/ha,22.24,22.24,ok
2024-25,..\raw\earas\2024-25\Technical_Report_EARAS_2024-25_Odisha.pdf,76,5.3,Maize,maize,4,Bargarh,0,Total,production,qtl,1512,1512,ok
2024-25,..\raw\earas\2024-25\Technical_Report_EARAS_2024-25_Odisha.pdf,76,5.3,Maize,maize,5,Bhadrak,0,Autumn,area,ha,-,,dash
2024-25,..\raw\earas\2024-25\Technical_Report_EARAS_2024-25_Odisha.pdf,76,5.3,Maize,maize,5,Bhadrak,0,Autumn,yield_rate,qtl/ha,-,,dash
2024-25,..\raw\earas\2024-25\Technical_Report_EARAS_2024-25_Odisha.pdf,76,5.3,Maize,maize,5,Bhadrak,0,Autumn,production,qtl,-,,dash
2024-25,..\raw\earas\2024-25\Technical_Report_EARAS_2024-25_Odisha.pdf,76,5.3,Maize,maize,5,Bhadrak,0,Winter,area,ha,1,1,ok
2024-25,..\raw\earas\2024-25\Technical_Report_EARAS_2024-25_Odisha.pdf,76,5.3,Maize,maize,5,Bhadrak,0,Winter,yield_rate,qtl/ha,25.35,25.35,ok
2024-25,..\raw\earas\2024-25\Technical_Report_EARAS_2024-25_Odisha.pdf,76,5.3,Maize,maize,5,Bhadrak,0,Winter,production,qtl,25,25,ok
2024-25,..\raw\earas\2024-25\Technical_Report_EARAS_2024-25_Odisha.pdf,76,5.3,Maize,maize,5,Bhadrak,0,Summer,area,ha,3,3,ok
2024-25,..\raw\earas\2024-25\Technical_Report_EARAS_2024-25_Odisha.pdf,76,5.3,Maize,maize,5,Bhadrak,0,Summer,yield_rate,qtl/ha,19.33,19.33,ok
2024-25,..\raw\earas\2024-25\Technical_Report_EARAS_2024-25_Odisha.pdf,76,5.3,Maize,maize,5,Bhadrak,0,Summer,production,qtl,58,58,ok
2024-25,..\raw\earas\2024-25\Technical_Report_EARAS_2024-25_Odisha.pdf,76,5.3,Maize,maize,5,Bhadrak,0,Total,area,ha,4,4,ok
2024-25,..\raw\earas\2024-25\Technical_Report_EARAS_2024-25_Odisha.pdf,76,5.3,Maize,maize,5,Bhadrak,0,Total,yield_rate,qtl/ha,20.75,20.75,ok
2024-25,..\raw\earas\2024-25\Technical_Report_EARAS_2024-25_Odisha.pdf,76,5.3,Maize,maize,5,Bhadrak,0,Total,production,qtl,83,83,ok
2024-25,..\raw\earas\2024-25\Technical_Report_EARAS_2024-25_Odisha.pdf,76,5.3,Maize,maize,6,Boudh,0,Autumn,area,ha,36,36,ok
2024-25,..\raw\earas\2024-25\Technical_Report_EARAS_2024-25_Odisha.pdf,76,5.3,Maize,maize,6,Boudh,0,Autumn,yield_rate,qtl/ha,12.06,12.06,ok
2024-25,..\raw\earas\2024-25\Technical_Report_EARAS_2024-25_Odisha.pdf,76,5.3,Maize,maize,6,Boudh,0,Autumn,production,qtl,434,434,ok
2024-25,..\raw\earas\2024-25\Technical_Report_EARAS_2024-25_Odisha.pdf,76,5.3,Maize,maize,6,Boudh,0,Winter,area,ha,1,1,ok
2024-25,..\raw\earas\2024-25\Technical_Report_EARAS_2024-25_Odisha.pdf,76,5.3,Maize,maize,6,Boudh,0,Winter,yield_rate,qtl/ha,15.00,15.00,ok
2024-25,..\raw\earas\2024-25\Technical_Report_EARAS_2024-25_Odisha.pdf,76,5.3,Maize,maize,6,Boudh,0,Winter,production,qtl,15,15,ok
2024-25,..\raw\earas\2024-25\Technical_Report_EARAS_2024-25_Odisha.pdf,76,5.3,Maize,maize,6,Boudh,0,Summer,area,ha,4,4,ok
2024-25,..\raw\earas\2024-25\Technical_Report_EARAS_2024-25_Odisha.pdf,76,5.3,Maize,maize,6,Boudh,0,Summer,yield_rate,qtl/ha,12.25,12.25,ok
2024-25,..\raw\earas\2024-25\Technical_Report_EARAS_2024-25_Odisha.pdf,76,5.3,Maize,maize,6,Boudh,0,Summer,production,qtl,49,49,ok
2024-25,..\raw\earas\2024-25\Technical_Report_EARAS_2024-25_Odisha.pdf,76,5.3,Maize,maize,6,Boudh,0,Total,area,ha,41,41,ok
2024-25,..\raw\earas\2024-25\Technical_Report_EARAS_2024-25_Odisha.pdf,76,5.3,Maize,maize,6,Boudh,0,Total,yield_rate,qtl/ha,12.15,12.15,ok
2024-25,..\raw\earas\2024-25\Technical_Report_EARAS_2024-25_Odisha.pdf,76,5.3,Maize,maize,6,Boudh,0,Total,production,qtl,498,498,ok
2024-25,..\raw\earas\2024-25\Technical_Report_EARAS_2024-25_Odisha.pdf,76,5.3,Maize,maize,7,Cuttack,0,Autumn,area,ha,-,,dash
2024-25,..\raw\earas\2024-25\Technical_Report_EARAS_2024-25_Odisha.pdf,76,5.3,Maize,maize,7,Cuttack,0,Autumn,yield_rate,qtl/ha,-,,dash
2024-25,..\raw\earas\2024-25\Technical_Report_EARAS_2024-25_Odisha.pdf,76,5.3,Maize,maize,7,Cuttack,0,Autumn,production,qtl,-,,dash
2024-25,..\raw\earas\2024-25\Technical_Report_EARAS_2024-25_Odisha.pdf,76,5.3,Maize,maize,7,Cuttack,0,Winter,area,ha,89,89,ok
2024-25,..\raw\earas\2024-25\Technical_Report_EARAS_2024-25_Odisha.pdf,76,5.3,Maize,maize,7,Cuttack,0,Winter,yield_rate,qtl/ha,43.92,43.92,ok
2024-25,..\raw\earas\2024-25\Technical_Report_EARAS_2024-25_Odisha.pdf,76,5.3,Maize,maize,7,Cuttack,0,Winter,production,qtl,3909,3909,ok
2024-25,..\raw\earas\2024-25\Technical_Report_EARAS_2024-25_Odisha.pdf,76,5.3,Maize,maize,7,Cuttack,0,Summer,area,ha,31,31,ok
2024-25,..\raw\earas\2024-25\Technical_Report_EARAS_2024-25_Odisha.pdf,76,5.3,Maize,maize,7,Cuttack,0,Summer,yield_rate,qtl/ha,38.77,38.77,ok
2024-25,..\raw\earas\2024-25\Technical_Report_EARAS_2024-25_Odisha.pdf,76,5.3,Maize,maize,7,Cuttack,0,Summer,production,qtl,1202,1202,ok
2024-25,..\raw\earas\2024-25\Technical_Report_EARAS_2024-25_Odisha.pdf,76,5.3,Maize,maize,7,Cuttack,0,Total,area,ha,120,120,ok
2024-25,..\raw\earas\2024-25\Technical_Report_EARAS_2024-25_Odisha.pdf,76,5.3,Maize,maize,7,Cuttack,0,Total,yield_rate,qtl/ha,42.59,42.59,ok
2024-25,..\raw\earas\2024-25\Technical_Report_EARAS_2024-25_Odisha.pdf,76,5.3,Maize,maize,7,Cuttack,0,Total,production,qtl,5111,5111,ok
2024-25,..\raw\earas\2024-25\Technical_Report_EARAS_2024-25_Odisha.pdf,76,5.3,Maize,maize,8,Deogarh,0,Autumn,area,ha,34,34,ok
2024-25,..\raw\earas\2024-25\Technical_Report_EARAS_2024-25_Odisha.pdf,76,5.3,Maize,maize,8,Deogarh,0,Autumn,yield_rate,qtl/ha,22.74,22.74,ok
2024-25,..\raw\earas\2024-25\Technical_Report_EARAS_2024-25_Odisha.pdf,76,5.3,Maize,maize,8,Deogarh,0,Autumn,production,qtl,773,773,ok
2024-25,..\raw\earas\2024-25\Technical_Report_EARAS_2024-25_Odisha.pdf,76,5.3,Maize,maize,8,Deogarh,0,Winter,area,ha,-,,dash
2024-25,..\raw\earas\2024-25\Technical_Report_EARAS_2024-25_Odisha.pdf,76,5.3,Maize,maize,8,Deogarh,0,Winter,yield_rate,qtl/ha,-,,dash
2024-25,..\raw\earas\2024-25\Technical_Report_EARAS_2024-25_Odisha.pdf,76,5.3,Maize,maize,8,Deogarh,0,Winter,production,qtl,-,,dash
2024-25,..\raw\earas\2024-25\Technical_Report_EARAS_2024-25_Odisha.pdf,76,5.3,Maize,maize,8,Deogarh,0,Summer,area,ha,17,17,ok
2024-25,..\raw\earas\2024-25\Technical_Report_EARAS_2024-25_Odisha.pdf,76,5.3,Maize,maize,8,Deogarh,0,Summer,yield_rate,qtl/ha,18.46,18.46,ok
2024-25,..\raw\earas\2024-25\Technical_Report_EARAS_2024-25_Odisha.pdf,76,5.3,Maize,maize,8,Deogarh,0,Summer,production,qtl,314,314,ok
2024-25,..\raw\earas\2024-25\Technical_Report_EARAS_2024-25_Odisha.pdf,76,5.3,Maize,maize,8,Deogarh,0,Total,area,ha,51,51,ok
2024-25,..\raw\earas\2024-25\Technical_Report_EARAS_2024-25_Odisha.pdf,76,5.3,Maize,maize,8,Deogarh,0,Total,yield_rate,qtl/ha,21.31,21.31,ok
2024-25,..\raw\earas\2024-25\Technical_Report_EARAS_2024-25_Odisha.pdf,76,5.3,Maize,maize,8,Deogarh,0,Total,production,qtl,1087,1087,ok
2024-25,..\raw\earas\2024-25\Technical_Report_EARAS_2024-25_Odisha.pdf,76,5.3,Maize,maize,9,Dhenkanal,0,Autumn,area,ha,125,125,ok
2024-25,..\raw\earas\2024-25\Technical_Report_EARAS_2024-25_Odisha.pdf,76,5.3,Maize,maize,9,Dhenkanal,0,Autumn,yield_rate,qtl/ha,25.72,25.72,ok
2024-25,..\raw\earas\2024-25\Technical_Report_EARAS_2024-25_Odisha.pdf,76,5.3,Maize,maize,9,Dhenkanal,0,Autumn,production,qtl,3215,3215,ok
2024-25,..\raw\earas\2024-25\Technical_Report_EARAS_2024-25_Odisha.pdf,76,5.3,Maize,maize,9,Dhenkanal,0,Winter,area,ha,88,88,ok
2024-25,..\raw\earas\2024-25\Technical_Report_EARAS_2024-25_Odisha.pdf,76,5.3,Maize,maize,9,Dhenkanal,0,Winter,yield_rate,qtl/ha,33.93,33.93,ok
2024-25,..\raw\earas\2024-25\Technical_Report_EARAS_2024-25_Odisha.pdf,76,5.3,Maize,maize,9,Dhenkanal,0,Winter,production,qtl,2986,2986,ok
2024-25,..\raw\earas\2024-25\Technical_Report_EARAS_2024-25_Odisha.pdf,76,5.3,Maize,maize,9,Dhenkanal,0,Summer,area,ha,175,175,ok
2024-25,..\raw\earas\2024-25\Technical_Report_EARAS_2024-25_Odisha.pdf,76,5.3,Maize,maize,9,Dhenkanal,0,Summer,yield_rate,qtl/ha,30.29,30.29,ok
2024-25,..\raw\earas\2024-25\Technical_Report_EARAS_2024-25_Odisha.pdf,76,5.3,Maize,maize,9,Dhenkanal,0,Summer,production,qtl,5300,5300,ok
2024-25,..\raw\earas\2024-25\Technical_Report_EARAS_2024-25_Odisha.pdf,76,5.3,Maize,maize,9,Dhenkanal,0,Total,area,ha,388,388,ok
2024-25,..\raw\earas\2024-25\Technical_Report_EARAS_2024-25_Odisha.pdf,76,5.3,Maize,maize,9,Dhenkanal,0,Total,yield_rate,qtl/ha,29.64,29.64,ok
2024-25,..\raw\earas\2024-25\Technical_Report_EARAS_2024-25_Odisha.pdf,76,5.3,Maize,maize,9,Dhenkanal,0,Total,production,qtl,11501,11501,ok
2024-25,..\raw\earas\2024-25\Technical_Report_EARAS_2024-25_Odisha.pdf,76,5.3,Maize,maize,10,Gajapati,0,Autumn,area,ha,17036,17036,ok
2024-25,..\raw\earas\2024-25\Technical_Report_EARAS_2024-25_Odisha.pdf,76,5.3,Maize,maize,10,Gajapati,0,Autumn,yield_rate,qtl/ha,25.01,25.01,ok
2024-25,..\raw\earas\2024-25\Technical_Report_EARAS_2024-25_Odisha.pdf,76,5.3,Maize,maize,10,Gajapati,0,Autumn,production,qtl,426081,426081,ok
2024-25,..\raw\earas\2024-25\Technical_Report_EARAS_2024-25_Odisha.pdf,76,5.3,Maize,maize,10,Gajapati,0,Winter,area,ha,-,,dash
2024-25,..\raw\earas\2024-25\Technical_Report_EARAS_2024-25_Odisha.pdf,76,5.3,Maize,maize,10,Gajapati,0,Winter,yield_rate,qtl/ha,-,,dash
2024-25,..\raw\earas\2024-25\Technical_Report_EARAS_2024-25_Odisha.pdf,76,5.3,Maize,maize,10,Gajapati,0,Winter,production,qtl,-,,dash
2024-25,..\raw\earas\2024-25\Technical_Report_EARAS_2024-25_Odisha.pdf,76,5.3,Maize,maize,10,Gajapati,0,Summer,area,ha,145,145,ok
2024-25,..\raw\earas\2024-25\Technical_Report_EARAS_2024-25_Odisha.pdf,76,5.3,Maize,maize,10,Gajapati,0,Summer,yield_rate,qtl/ha,19.50,19.50,ok
2024-25,..\raw\earas\2024-25\Technical_Report_EARAS_2024-25_Odisha.pdf,76,5.3,Maize,maize,10,Gajapati,0,Summer,production,qtl,2828,2828,ok
2024-25,..\raw\earas\2024-25\Technical_Report_EARAS_2024-25_Odisha.pdf,76,5.3,Maize,maize,10,Gajapati,0,Total,area,ha,17181,17181,ok
2024-25,..\raw\earas\2024-25\Technical_Report_EARAS_2024-25_Odisha.pdf,76,5.3,Maize,maize,10,Gajapati,0,Total,yield_rate,qtl/ha,24.96,24.96,ok
2024-25,..\raw\earas\2024-25\Technical_Report_EARAS_2024-25_Odisha.pdf,76,5.3,Maize,maize,10,Gajapati,0,Total,production,qtl,428909,428909,ok
2024-25,..\raw\earas\2024-25\Technical_Report_EARAS_2024-25_Odisha.pdf,76,5.3,Maize,maize,11,Ganjam,0,Autumn,area,ha,2393,2393,ok
2024-25,..\raw\earas\2024-25\Technical_Report_EARAS_2024-25_Odisha.pdf,76,5.3,Maize,maize,11,Ganjam,0,Autumn,yield_rate,qtl/ha,29.35,29.35,ok
2024-25,..\raw\earas\2024-25\Technical_Report_EARAS_2024-25_Odisha.pdf,76,5.3,Maize,maize,11,Ganjam,0,Autumn,production,qtl,70231,70231,ok
2024-25,..\raw\earas\2024-25\Technical_Report_EARAS_2024-25_Odisha.pdf,76,5.3,Maize,maize,11,Ganjam,0,Winter,area,ha,-,,dash
2024-25,..\raw\earas\2024-25\Technical_Report_EARAS_2024-25_Odisha.pdf,76,5.3,Maize,maize,11,Ganjam,0,Winter,yield_rate,qtl/ha,-,,dash
2024-25,..\raw\earas\2024-25\Technical_Report_EARAS_2024-25_Odisha.pdf,76,5.3,Maize,maize,11,Ganjam,0,Winter,production,qtl,-,,dash
2024-25,..\raw\earas\2024-25\Technical_Report_EARAS_2024-25_Odisha.pdf,76,5.3,Maize,maize,11,Ganjam,0,Summer,area,ha,86,86,ok
2024-25,..\raw\earas\2024-25\Technical_Report_EARAS_2024-25_Odisha.pdf,76,5.3,Maize,maize,11,Ganjam,0,Summer,yield_rate,qtl/ha,22.19,22.19,ok
2024-25,..\raw\earas\2024-25\Technical_Report_EARAS_2024-25_Odisha.pdf,76,5.3,Maize,maize,11,Ganjam,0,Summer,production,qtl,1908,1908,ok
2024-25,..\raw\earas\2024-25\Technical_Report_EARAS_2024-25_Odisha.pdf,76,5.3,Maize,maize,11,Ganjam,0,Total,area,ha,2479,2479,ok
2024-25,..\raw\earas\2024-25\Technical_Report_EARAS_2024-25_Odisha.pdf,76,5.3,Maize,maize,11,Ganjam,0,Total,yield_rate,qtl/ha,29.10,29.10,ok
2024-25,..\raw\earas\2024-25\Technical_Report_EARAS_2024-25_Odisha.pdf,76,5.3,Maize,maize,11,Ganjam,0,Total,production,qtl,72139,72139,ok
2024-25,..\raw\earas\2024-25\Technical_Report_EARAS_2024-25_Odisha.pdf,76,5.3,Maize,maize,12,Jagatsinghpur,0,Autumn,area,ha,-,,dash
2024-25,..\raw\earas\2024-25\Technical_Report_EARAS_2024-25_Odisha.pdf,76,5.3,Maize,maize,12,Jagatsinghpur,0,Autumn,yield_rate,qtl/ha,-,,dash
2024-25,..\raw\earas\2024-25\Technical_Report_EARAS_2024-25_Odisha.pdf,76,5.3,Maize,maize,12,Jagatsinghpur,0,Autumn,production,qtl,-,,dash
2024-25,..\raw\earas\2024-25\Technical_Report_EARAS_2024-25_Odisha.pdf,76,5.3,Maize,maize,12,Jagatsinghpur,0,Winter,area,ha,-,,dash
2024-25,..\raw\earas\2024-25\Technical_Report_EARAS_2024-25_Odisha.pdf,76,5.3,Maize,maize,12,Jagatsinghpur,0,Winter,yield_rate,qtl/ha,-,,dash
2024-25,..\raw\earas\2024-25\Technical_Report_EARAS_2024-25_Odisha.pdf,76,5.3,Maize,maize,12,Jagatsinghpur,0,Winter,production,qtl,-,,dash
2024-25,..\raw\earas\2024-25\Technical_Report_EARAS_2024-25_Odisha.pdf,76,5.3,Maize,maize,12,Jagatsinghpur,0,Summer,area,ha,1,1,ok
2024-25,..\raw\earas\2024-25\Technical_Report_EARAS_2024-25_Odisha.pdf,76,5.3,Maize,maize,12,Jagatsinghpur,0,Summer,yield_rate,qtl/ha,23.00,23.00,ok
2024-25,..\raw\earas\2024-25\Technical_Report_EARAS_2024-25_Odisha.pdf,76,5.3,Maize,maize,12,Jagatsinghpur,0,Summer,production,qtl,23,23,ok
2024-25,..\raw\earas\2024-25\Technical_Report_EARAS_2024-25_Odisha.pdf,76,5.3,Maize,maize,12,Jagatsinghpur,0,Total,area,ha,1,1,ok
2024-25,..\raw\earas\2024-25\Technical_Report_EARAS_2024-25_Odisha.pdf,76,5.3,Maize,maize,12,Jagatsinghpur,0,Total,yield_rate,qtl/ha,23.00,23.00,ok
2024-25,..\raw\earas\2024-25\Technical_Report_EARAS_2024-25_Odisha.pdf,76,5.3,Maize,maize,12,Jagatsinghpur,0,Total,production,qtl,23,23,ok
2024-25,..\raw\earas\2024-25\Technical_Report_EARAS_2024-25_Odisha.pdf,76,5.3,Maize,maize,13,Jajpur,0,Autumn,area,ha,-,,dash
2024-25,..\raw\earas\2024-25\Technical_Report_EARAS_2024-25_Odisha.pdf,76,5.3,Maize,maize,13,Jajpur,0,Autumn,yield_rate,qtl/ha,-,,dash
2024-25,..\raw\earas\2024-25\Technical_Report_EARAS_2024-25_Odisha.pdf,76,5.3,Maize,maize,13,Jajpur,0,Autumn,production,qtl,-,,dash
2024-25,..\raw\earas\2024-25\Technical_Report_EARAS_2024-25_Odisha.pdf,76,5.3,Maize,maize,13,Jajpur,0,Winter,area,ha,-,,dash
2024-25,..\raw\earas\2024-25\Technical_Report_EARAS_2024-25_Odisha.pdf,76,5.3,Maize,maize,13,Jajpur,0,Winter,yield_rate,qtl/ha,-,,dash
2024-25,..\raw\earas\2024-25\Technical_Report_EARAS_2024-25_Odisha.pdf,76,5.3,Maize,maize,13,Jajpur,0,Winter,production,qtl,-,,dash
2024-25,..\raw\earas\2024-25\Technical_Report_EARAS_2024-25_Odisha.pdf,76,5.3,Maize,maize,13,Jajpur,0,Summer,area,ha,1,1,ok
2024-25,..\raw\earas\2024-25\Technical_Report_EARAS_2024-25_Odisha.pdf,76,5.3,Maize,maize,13,Jajpur,0,Summer,yield_rate,qtl/ha,13.51,13.51,ok
2024-25,..\raw\earas\2024-25\Technical_Report_EARAS_2024-25_Odisha.pdf,76,5.3,Maize,maize,13,Jajpur,0,Summer,production,qtl,14,14,ok
2024-25,..\raw\earas\2024-25\Technical_Report_EARAS_2024-25_Odisha.pdf,76,5.3,Maize,maize,13,Jajpur,0,Total,area,ha,1,1,ok
2024-25,..\raw\earas\2024-25\Technical_Report_EARAS_2024-25_Odisha.pdf,76,5.3,Maize,maize,13,Jajpur,0,Total,yield_rate,qtl/ha,14.00,14.00,ok
2024-25,..\raw\earas\2024-25\Technical_Report_EARAS_2024-25_Odisha.pdf,76,5.3,Maize,maize,13,Jajpur,0,Total,production,qtl,14,14,ok
2024-25,..\raw\earas\2024-25\Technical_Report_EARAS_2024-25_Odisha.pdf,76,5.3,Maize,maize,14,Jharsuguda,0,Autumn,area,ha,82,82,ok
2024-25,..\raw\earas\2024-25\Technical_Report_EARAS_2024-25_Odisha.pdf,76,5.3,Maize,maize,14,Jharsuguda,0,Autumn,yield_rate,qtl/ha,40.60,40.60,ok
2024-25,..\raw\earas\2024-25\Technical_Report_EARAS_2024-25_Odisha.pdf,76,5.3,Maize,maize,14,Jharsuguda,0,Autumn,production,qtl,3329,3329,ok
2024-25,..\raw\earas\2024-25\Technical_Report_EARAS_2024-25_Odisha.pdf,76,5.3,Maize,maize,14,Jharsuguda,0,Winter,area,ha,19,19,ok
2024-25,..\raw\earas\2024-25\Technical_Report_EARAS_2024-25_Odisha.pdf,76,5.3,Maize,maize,14,Jharsuguda,0,Winter,yield_rate,qtl/ha,23.11,23.11,ok
2024-25,..\raw\earas\2024-25\Technical_Report_EARAS_2024-25_Odisha.pdf,76,5.3,Maize,maize,14,Jharsuguda,0,Winter,production,qtl,439,439,ok
2024-25,..\raw\earas\2024-25\Technical_Report_EARAS_2024-25_Odisha.pdf,76,5.3,Maize,maize,14,Jharsuguda,0,Summer,area,ha,3,3,ok
2024-25,..\raw\earas\2024-25\Technical_Report_EARAS_2024-25_Odisha.pdf,76,5.3,Maize,maize,14,Jharsuguda,0,Summer,yield_rate,qtl/ha,39.09,39.09,ok
2024-25,..\raw\earas\2024-25\Technical_Report_EARAS_2024-25_Odisha.pdf,76,5.3,Maize,maize,14,Jharsuguda,0,Summer,production,qtl,117,117,ok
2024-25,..\raw\earas\2024-25\Technical_Report_EARAS_2024-25_Odisha.pdf,76,5.3,Maize,maize,14,Jharsuguda,0,Total,area,ha,104,104,ok
2024-25,..\raw\earas\2024-25\Technical_Report_EARAS_2024-25_Odisha.pdf,76,5.3,Maize,maize,14,Jharsuguda,0,Total,yield_rate,qtl/ha,37.36,37.36,ok
2024-25,..\raw\earas\2024-25\Technical_Report_EARAS_2024-25_Odisha.pdf,76,5.3,Maize,maize,14,Jharsuguda,0,Total,production,qtl,3885,3885,ok
2024-25,..\raw\earas\2024-25\Technical_Report_EARAS_2024-25_Odisha.pdf,76,5.3,Maize,maize,15,Kalahandi,0,Autumn,area,ha,1911,1911,ok
2024-25,..\raw\earas\2024-25\Technical_Report_EARAS_2024-25_Odisha.pdf,76,5.3,Maize,maize,15,Kalahandi,0,Autumn,yield_rate,qtl/ha,19.66,19.66,ok
2024-25,..\raw\earas\2024-25\Technical_Report_EARAS_2024-25_Odisha.pdf,76,5.3,Maize,maize,15,Kalahandi,0,Autumn,production,qtl,37572,37572,ok
2024-25,..\raw\earas\2024-25\Technical_Report_EARAS_2024-25_Odisha.pdf,76,5.3,Maize,maize,15,Kalahandi,0,Winter,area,ha,3,3,ok
2024-25,..\raw\earas\2024-25\Technical_Report_EARAS_2024-25_Odisha.pdf,76,5.3,Maize,maize,15,Kalahandi,0,Winter,yield_rate,qtl/ha,26.00,26.00,ok
2024-25,..\raw\earas\2024-25\Technical_Report_EARAS_2024-25_Odisha.pdf,76,5.3,Maize,maize,15,Kalahandi,0,Winter,production,qtl,78,78,ok
2024-25,..\raw\earas\2024-25\Technical_Report_EARAS_2024-25_Odisha.pdf,76,5.3,Maize,maize,15,Kalahandi,0,Summer,area,ha,42,42,ok
2024-25,..\raw\earas\2024-25\Technical_Report_EARAS_2024-25_Odisha.pdf,76,5.3,Maize,maize,15,Kalahandi,0,Summer,yield_rate,qtl/ha,18.19,18.19,ok
2024-25,..\raw\earas\2024-25\Technical_Report_EARAS_2024-25_Odisha.pdf,76,5.3,Maize,maize,15,Kalahandi,0,Summer,production,qtl,764,764,ok
2024-25,..\raw\earas\2024-25\Technical_Report_EARAS_2024-25_Odisha.pdf,76,5.3,Maize,maize,15,Kalahandi,0,Total,area,ha,1956,1956,ok
2024-25,..\raw\earas\2024-25\Technical_Report_EARAS_2024-25_Odisha.pdf,76,5.3,Maize,maize,15,Kalahandi,0,Total,yield_rate,qtl/ha,19.64,19.64,ok
2024-25,..\raw\earas\2024-25\Technical_Report_EARAS_2024-25_Odisha.pdf,76,5.3,Maize,maize,15,Kalahandi,0,Total,production,qtl,38414,38414,ok
2024-25,..\raw\earas\2024-25\Technical_Report_EARAS_2024-25_Odisha.pdf,76,5.3,Maize,maize,16,Kandhamal,0,Autumn,area,ha,1761,1761,ok
2024-25,..\raw\earas\2024-25\Technical_Report_EARAS_2024-25_Odisha.pdf,76,5.3,Maize,maize,16,Kandhamal,0,Autumn,yield_rate,qtl/ha,16.76,16.76,ok
2024-25,..\raw\earas\2024-25\Technical_Report_EARAS_2024-25_Odisha.pdf,76,5.3,Maize,maize,16,Kandhamal,0,Autumn,production,qtl,29512,29512,ok
2024-25,..\raw\earas\2024-25\Technical_Report_EARAS_2024-25_Odisha.pdf,76,5.3,Maize,maize,16,Kandhamal,0,Winter,area,ha,66,66,ok
2024-25,..\raw\earas\2024-25\Technical_Report_EARAS_2024-25_Odisha.pdf,76,5.3,Maize,maize,16,Kandhamal,0,Winter,yield_rate,qtl/ha,14.82,14.82,ok
2024-25,..\raw\earas\2024-25\Technical_Report_EARAS_2024-25_Odisha.pdf,76,5.3,Maize,maize,16,Kandhamal,0,Winter,production,qtl,978,978,ok
2024-25,..\raw\earas\2024-25\Technical_Report_EARAS_2024-25_Odisha.pdf,76,5.3,Maize,maize,16,Kandhamal,0,Summer,area,ha,17,17,ok
2024-25,..\raw\earas\2024-25\Technical_Report_EARAS_2024-25_Odisha.pdf,76,5.3,Maize,maize,16,Kandhamal,0,Summer,yield_rate,qtl/ha,20.98,20.98,ok
2024-25,..\raw\earas\2024-25\Technical_Report_EARAS_2024-25_Odisha.pdf,76,5.3,Maize,maize,16,Kandhamal,0,Summer,production,qtl,357,357,ok
2024-25,..\raw\earas\2024-25\Technical_Report_EARAS_2024-25_Odisha.pdf,76,5.3,Maize,maize,16,Kandhamal,0,Total,area,ha,1844,1844,ok
2024-25,..\raw\earas\2024-25\Technical_Report_EARAS_2024-25_Odisha.pdf,76,5.3,Maize,maize,16,Kandhamal,0,Total,yield_rate,qtl/ha,16.73,16.73,ok
2024-25,..\raw\earas\2024-25\Technical_Report_EARAS_2024-25_Odisha.pdf,76,5.3,Maize,maize,16,Kandhamal,0,Total,production,qtl,30847,30847,ok
2024-25,..\raw\earas\2024-25\Technical_Report_EARAS_2024-25_Odisha.pdf,76,5.3,Maize,maize,17,Kendrapada,0,Autumn,area,ha,-,,dash
2024-25,..\raw\earas\2024-25\Technical_Report_EARAS_2024-25_Odisha.pdf,76,5.3,Maize,maize,17,Kendrapada,0,Autumn,yield_rate,qtl/ha,-,,dash
2024-25,..\raw\earas\2024-25\Technical_Report_EARAS_2024-25_Odisha.pdf,76,5.3,Maize,maize,17,Kendrapada,0,Autumn,production,qtl,-,,dash
2024-25,..\raw\earas\2024-25\Technical_Report_EARAS_2024-25_Odisha.pdf,76,5.3,Maize,maize,17,Kendrapada,0,Winter,area,ha,-,,dash
2024-25,..\raw\earas\2024-25\Technical_Report_EARAS_2024-25_Odisha.pdf,76,5.3,Maize,maize,17,Kendrapada,0,Winter,yield_rate,qtl/ha,-,,dash
2024-25,..\raw\earas\2024-25\Technical_Report_EARAS_2024-25_Odisha.pdf,76,5.3,Maize,maize,17,Kendrapada,0,Winter,production,qtl,-,,dash
2024-25,..\raw\earas\2024-25\Technical_Report_EARAS_2024-25_Odisha.pdf,76,5.3,Maize,maize,17,Kendrapada,0,Summer,area,ha,S,,below_half_unit
2024-25,..\raw\earas\2024-25\Technical_Report_EARAS_2024-25_Odisha.pdf,76,5.3,Maize,maize,17,Kendrapada,0,Summer,yield_rate,qtl/ha,14.26,14.26,ok
2024-25,..\raw\earas\2024-25\Technical_Report_EARAS_2024-25_Odisha.pdf,76,5.3,Maize,maize,17,Kendrapada,0,Summer,production,qtl,-,,dash
2024-25,..\raw\earas\2024-25\Technical_Report_EARAS_2024-25_Odisha.pdf,76,5.3,Maize,maize,17,Kendrapada,0,Total,area,ha,-,,dash
2024-25,..\raw\earas\2024-25\Technical_Report_EARAS_2024-25_Odisha.pdf,76,5.3,Maize,maize,17,Kendrapada,0,Total,yield_rate,qtl/ha,-,,dash
2024-25,..\raw\earas\2024-25\Technical_Report_EARAS_2024-25_Odisha.pdf,76,5.3,Maize,maize,17,Kendrapada,0,Total,production,qtl,-,,dash
2024-25,..\raw\earas\2024-25\Technical_Report_EARAS_2024-25_Odisha.pdf,76,5.3,Maize,maize,18,Keonjhar,0,Autumn,area,ha,1265,1265,ok
2024-25,..\raw\earas\2024-25\Technical_Report_EARAS_2024-25_Odisha.pdf,76,5.3,Maize,maize,18,Keonjhar,0,Autumn,yield_rate,qtl/ha,37.31,37.31,ok
2024-25,..\raw\earas\2024-25\Technical_Report_EARAS_2024-25_Odisha.pdf,76,5.3,Maize,maize,18,Keonjhar,0,Autumn,production,qtl,47196,47196,ok
2024-25,..\raw\earas\2024-25\Technical_Report_EARAS_2024-25_Odisha.pdf,76,5.3,Maize,maize,18,Keonjhar,0,Winter,area,ha,2,2,ok
2024-25,..\raw\earas\2024-25\Technical_Report_EARAS_2024-25_Odisha.pdf,76,5.3,Maize,maize,18,Keonjhar,0,Winter,yield_rate,qtl/ha,34.50,34.50,ok
2024-25,..\raw\earas\2024-25\Technical_Report_EARAS_2024-25_Odisha.pdf,76,5.3,Maize,maize,18,Keonjhar,0,Winter,production,qtl,69,69,ok
2024-25,..\raw\earas\2024-25\Technical_Report_EARAS_2024-25_Odisha.pdf,76,5.3,Maize,maize,18,Keonjhar,0,Summer,area,ha,12,12,ok
2024-25,..\raw\earas\2024-25\Technical_Report_EARAS_2024-25_Odisha.pdf,76,5.3,Maize,maize,18,Keonjhar,0,Summer,yield_rate,qtl/ha,29.72,29.72,ok
2024-25,..\raw\earas\2024-25\Technical_Report_EARAS_2024-25_Odisha.pdf,76,5.3,Maize,maize,18,Keonjhar,0,Summer,production,qtl,357,357,ok
2024-25,..\raw\earas\2024-25\Technical_Report_EARAS_2024-25_Odisha.pdf,76,5.3,Maize,maize,18,Keonjhar,0,Total,area,ha,1279,1279,ok
2024-25,..\raw\earas\2024-25\Technical_Report_EARAS_2024-25_Odisha.pdf,76,5.3,Maize,maize,18,Keonjhar,0,Total,yield_rate,qtl/ha,37.23,37.23,ok
2024-25,..\raw\earas\2024-25\Technical_Report_EARAS_2024-25_Odisha.pdf,76,5.3,Maize,maize,18,Keonjhar,0,Total,production,qtl,47622,47622,ok
2024-25,..\raw\earas\2024-25\Technical_Report_EARAS_2024-25_Odisha.pdf,76,5.3,Maize,maize,19,Khurda,0,Autumn,area,ha,1,1,ok
2024-25,..\raw\earas\2024-25\Technical_Report_EARAS_2024-25_Odisha.pdf,76,5.3,Maize,maize,19,Khurda,0,Autumn,yield_rate,qtl/ha,23.00,23.00,ok
2024-25,..\raw\earas\2024-25\Technical_Report_EARAS_2024-25_Odisha.pdf,76,5.3,Maize,maize,19,Khurda,0,Autumn,production,qtl,23,23,ok
2024-25,..\raw\earas\2024-25\Technical_Report_EARAS_2024-25_Odisha.pdf,76,5.3,Maize,maize,19,Khurda,0,Winter,area,ha,-,,dash
2024-25,..\raw\earas\2024-25\Technical_Report_EARAS_2024-25_Odisha.pdf,76,5.3,Maize,maize,19,Khurda,0,Winter,yield_rate,qtl/ha,-,,dash
2024-25,..\raw\earas\2024-25\Technical_Report_EARAS_2024-25_Odisha.pdf,76,5.3,Maize,maize,19,Khurda,0,Winter,production,qtl,-,,dash
2024-25,..\raw\earas\2024-25\Technical_Report_EARAS_2024-25_Odisha.pdf,76,5.3,Maize,maize,19,Khurda,0,Summer,area,ha,8,8,ok
2024-25,..\raw\earas\2024-25\Technical_Report_EARAS_2024-25_Odisha.pdf,76,5.3,Maize,maize,19,Khurda,0,Summer,yield_rate,qtl/ha,20.88,20.88,ok
2024-25,..\raw\earas\2024-25\Technical_Report_EARAS_2024-25_Odisha.pdf,76,5.3,Maize,maize,19,Khurda,0,Summer,production,qtl,167,167,ok
2024-25,..\raw\earas\2024-25\Technical_Report_EARAS_2024-25_Odisha.pdf,76,5.3,Maize,maize,19,Khurda,0,Total,area,ha,9,9,ok
2024-25,..\raw\earas\2024-25\Technical_Report_EARAS_2024-25_Odisha.pdf,76,5.3,Maize,maize,19,Khurda,0,Total,yield_rate,qtl/ha,21.11,21.11,ok
2024-25,..\raw\earas\2024-25\Technical_Report_EARAS_2024-25_Odisha.pdf,76,5.3,Maize,maize,19,Khurda,0,Total,production,qtl,190,190,ok
2024-25,..\raw\earas\2024-25\Technical_Report_EARAS_2024-25_Odisha.pdf,76,5.3,Maize,maize,20,Koraput,0,Autumn,area,ha,10957,10957,ok
2024-25,..\raw\earas\2024-25\Technical_Report_EARAS_2024-25_Odisha.pdf,76,5.3,Maize,maize,20,Koraput,0,Autumn,yield_rate,qtl/ha,26.23,26.23,ok
2024-25,..\raw\earas\2024-25\Technical_Report_EARAS_2024-25_Odisha.pdf,76,5.3,Maize,maize,20,Koraput,0,Autumn,production,qtl,287411,287411,ok
2024-25,..\raw\earas\2024-25\Technical_Report_EARAS_2024-25_Odisha.pdf,76,5.3,Maize,maize,20,Koraput,0,Winter,area,ha,-,,dash
2024-25,..\raw\earas\2024-25\Technical_Report_EARAS_2024-25_Odisha.pdf,76,5.3,Maize,maize,20,Koraput,0,Winter,yield_rate,qtl/ha,-,,dash
2024-25,..\raw\earas\2024-25\Technical_Report_EARAS_2024-25_Odisha.pdf,76,5.3,Maize,maize,20,Koraput,0,Winter,production,qtl,-,,dash
2024-25,..\raw\earas\2024-25\Technical_Report_EARAS_2024-25_Odisha.pdf,76,5.3,Maize,maize,20,Koraput,0,Summer,area,ha,1404,1404,ok
2024-25,..\raw\earas\2024-25\Technical_Report_EARAS_2024-25_Odisha.pdf,76,5.3,Maize,maize,20,Koraput,0,Summer,yield_rate,qtl/ha,22.55,22.55,ok
2024-25,..\raw\earas\2024-25\Technical_Report_EARAS_2024-25_Odisha.pdf,76,5.3,Maize,maize,20,Koraput,0,Summer,production,qtl,31660,31660,ok
2024-25,..\raw\earas\2024-25\Technical_Report_EARAS_2024-25_Odisha.pdf,76,5.3,Maize,maize,20,Koraput,0,Total,area,ha,12361,12361,ok
2024-25,..\raw\earas\2024-25\Technical_Report_EARAS_2024-25_Odisha.pdf,76,5.3,Maize,maize,20,Koraput,0,Total,yield_rate,qtl/ha,25.81,25.81,ok
2024-25,..\raw\earas\2024-25\Technical_Report_EARAS_2024-25_Odisha.pdf,76,5.3,Maize,maize,20,Koraput,0,Total,production,qtl,319071,319071,ok
2024-25,..\raw\earas\2024-25\Technical_Report_EARAS_2024-25_Odisha.pdf,76,5.3,Maize,maize,21,Malkangiri,0,Autumn,area,ha,636,636,ok
2024-25,..\raw\earas\2024-25\Technical_Report_EARAS_2024-25_Odisha.pdf,76,5.3,Maize,maize,21,Malkangiri,0,Autumn,yield_rate,qtl/ha,14.38,14.38,ok
2024-25,..\raw\earas\2024-25\Technical_Report_EARAS_2024-25_Odisha.pdf,76,5.3,Maize,maize,21,Malkangiri,0,Autumn,production,qtl,9147,9147,ok
2024-25,..\raw\earas\2024-25\Technical_Report_EARAS_2024-25_Odisha.pdf,76,5.3,Maize,maize,21,Malkangiri,0,Winter,area,ha,1,1,ok
2024-25,..\raw\earas\2024-25\Technical_Report_EARAS_2024-25_Odisha.pdf,76,5.3,Maize,maize,21,Malkangiri,0,Winter,yield_rate,qtl/ha,14.00,14.00,ok
2024-25,..\raw\earas\2024-25\Technical_Report_EARAS_2024-25_Odisha.pdf,76,5.3,Maize,maize,21,Malkangiri,0,Winter,production,qtl,14,14,ok
2024-25,..\raw\earas\2024-25\Technical_Report_EARAS_2024-25_Odisha.pdf,76,5.3,Maize,maize,21,Malkangiri,0,Summer,area,ha,29,29,ok
2024-25,..\raw\earas\2024-25\Technical_Report_EARAS_2024-25_Odisha.pdf,76,5.3,Maize,maize,21,Malkangiri,0,Summer,yield_rate,qtl/ha,16.41,16.41,ok
2024-25,..\raw\earas\2024-25\Technical_Report_EARAS_2024-25_Odisha.pdf,76,5.3,Maize,maize,21,Malkangiri,0,Summer,production,qtl,476,476,ok
2024-25,..\raw\earas\2024-25\Technical_Report_EARAS_2024-25_Odisha.pdf,76,5.3,Maize,maize,21,Malkangiri,0,Total,area,ha,666,666,ok
2024-25,..\raw\earas\2024-25\Technical_Report_EARAS_2024-25_Odisha.pdf,76,5.3,Maize,maize,21,Malkangiri,0,Total,yield_rate,qtl/ha,14.47,14.47,ok
2024-25,..\raw\earas\2024-25\Technical_Report_EARAS_2024-25_Odisha.pdf,76,5.3,Maize,maize,21,Malkangiri,0,Total,production,qtl,9637,9637,ok
2024-25,..\raw\earas\2024-25\Technical_Report_EARAS_2024-25_Odisha.pdf,76,5.3,Maize,maize,22,Mayurbhanja,0,Autumn,area,ha,659,659,ok
2024-25,..\raw\earas\2024-25\Technical_Report_EARAS_2024-25_Odisha.pdf,76,5.3,Maize,maize,22,Mayurbhanja,0,Autumn,yield_rate,qtl/ha,21.61,21.61,ok
2024-25,..\raw\earas\2024-25\Technical_Report_EARAS_2024-25_Odisha.pdf,76,5.3,Maize,maize,22,Mayurbhanja,0,Autumn,production,qtl,14238,14238,ok
2024-25,..\raw\earas\2024-25\Technical_Report_EARAS_2024-25_Odisha.pdf,76,5.3,Maize,maize,22,Mayurbhanja,0,Winter,area,ha,22,22,ok
2024-25,..\raw\earas\2024-25\Technical_Report_EARAS_2024-25_Odisha.pdf,76,5.3,Maize,maize,22,Mayurbhanja,0,Winter,yield_rate,qtl/ha,23.32,23.32,ok
2024-25,..\raw\earas\2024-25\Technical_Report_EARAS_2024-25_Odisha.pdf,76,5.3,Maize,maize,22,Mayurbhanja,0,Winter,production,qtl,513,513,ok
2024-25,..\raw\earas\2024-25\Technical_Report_EARAS_2024-25_Odisha.pdf,76,5.3,Maize,maize,22,Mayurbhanja,0,Summer,area,ha,173,173,ok
2024-25,..\raw\earas\2024-25\Technical_Report_EARAS_2024-25_Odisha.pdf,76,5.3,Maize,maize,22,Mayurbhanja,0,Summer,yield_rate,qtl/ha,25.41,25.41,ok
2024-25,..\raw\earas\2024-25\Technical_Report_EARAS_2024-25_Odisha.pdf,76,5.3,Maize,maize,22,Mayurbhanja,0,Summer,production,qtl,4396,4396,ok
2024-25,..\raw\earas\2024-25\Technical_Report_EARAS_2024-25_Odisha.pdf,76,5.3,Maize,maize,22,Mayurbhanja,0,Total,area,ha,854,854,ok
2024-25,..\raw\earas\2024-25\Technical_Report_EARAS_2024-25_Odisha.pdf,76,5.3,Maize,maize,22,Mayurbhanja,0,Total,yield_rate,qtl/ha,22.42,22.42,ok
2024-25,..\raw\earas\2024-25\Technical_Report_EARAS_2024-25_Odisha.pdf,76,5.3,Maize,maize,22,Mayurbhanja,0,Total,production,qtl,19147,19147,ok
2024-25,..\raw\earas\2024-25\Technical_Report_EARAS_2024-25_Odisha.pdf,76,5.3,Maize,maize,23,Nuapada,0,Autumn,area,ha,1390,1390,ok
2024-25,..\raw\earas\2024-25\Technical_Report_EARAS_2024-25_Odisha.pdf,76,5.3,Maize,maize,23,Nuapada,0,Autumn,yield_rate,qtl/ha,20.08,20.08,ok
2024-25,..\raw\earas\2024-25\Technical_Report_EARAS_2024-25_Odisha.pdf,76,5.3,Maize,maize,23,Nuapada,0,Autumn,production,qtl,27911,27911,ok
2024-25,..\raw\earas\2024-25\Technical_Report_EARAS_2024-25_Odisha.pdf,76,5.3,Maize,maize,23,Nuapada,0,Winter,area,ha,-,,dash
2024-25,..\raw\earas\2024-25\Technical_Report_EARAS_2024-25_Odisha.pdf,76,5.3,Maize,maize,23,Nuapada,0,Winter,yield_rate,qtl/ha,-,,dash
2024-25,..\raw\earas\2024-25\Technical_Report_EARAS_2024-25_Odisha.pdf,76,5.3,Maize,maize,23,Nuapada,0,Winter,production,qtl,-,,dash
2024-25,..\raw\earas\2024-25\Technical_Report_EARAS_2024-25_Odisha.pdf,76,5.3,Maize,maize,23,Nuapada,0,Summer,area,ha,-,,dash
2024-25,..\raw\earas\2024-25\Technical_Report_EARAS_2024-25_Odisha.pdf,76,5.3,Maize,maize,23,Nuapada,0,Summer,yield_rate,qtl/ha,-,,dash
2024-25,..\raw\earas\2024-25\Technical_Report_EARAS_2024-25_Odisha.pdf,76,5.3,Maize,maize,23,Nuapada,0,Summer,production,qtl,-,,dash
2024-25,..\raw\earas\2024-25\Technical_Report_EARAS_2024-25_Odisha.pdf,76,5.3,Maize,maize,23,Nuapada,0,Total,area,ha,1390,1390,ok
2024-25,..\raw\earas\2024-25\Technical_Report_EARAS_2024-25_Odisha.pdf,76,5.3,Maize,maize,23,Nuapada,0,Total,yield_rate,qtl/ha,20.08,20.08,ok
2024-25,..\raw\earas\2024-25\Technical_Report_EARAS_2024-25_Odisha.pdf,76,5.3,Maize,maize,23,Nuapada,0,Total,production,qtl,27911,27911,ok
2024-25,..\raw\earas\2024-25\Technical_Report_EARAS_2024-25_Odisha.pdf,76,5.3,Maize,maize,24,Nayagada,0,Autumn,area,ha,439,439,ok
2024-25,..\raw\earas\2024-25\Technical_Report_EARAS_2024-25_Odisha.pdf,76,5.3,Maize,maize,24,Nayagada,0,Autumn,yield_rate,qtl/ha,30.88,30.88,ok
2024-25,..\raw\earas\2024-25\Technical_Report_EARAS_2024-25_Odisha.pdf,76,5.3,Maize,maize,24,Nayagada,0,Autumn,production,qtl,13556,13556,ok
2024-25,..\raw\earas\2024-25\Technical_Report_EARAS_2024-25_Odisha.pdf,76,5.3,Maize,maize,24,Nayagada,0,Winter,area,ha,22,22,ok
2024-25,..\raw\earas\2024-25\Technical_Report_EARAS_2024-25_Odisha.pdf,76,5.3,Maize,maize,24,Nayagada,0,Winter,yield_rate,qtl/ha,45.82,45.82,ok
2024-25,..\raw\earas\2024-25\Technical_Report_EARAS_2024-25_Odisha.pdf,76,5.3,Maize,maize,24,Nayagada,0,Winter,production,qtl,1008,1008,ok
2024-25,..\raw\earas\2024-25\Technical_Report_EARAS_2024-25_Odisha.pdf,76,5.3,Maize,maize,24,Nayagada,0,Summer,area,ha,273,273,ok
2024-25,..\raw\earas\2024-25\Technical_Report_EARAS_2024-25_Odisha.pdf,76,5.3,Maize,maize,24,Nayagada,0,Summer,yield_rate,qtl/ha,38.57,38.57,ok
2024-25,..\raw\earas\2024-25\Technical_Report_EARAS_2024-25_Odisha.pdf,76,5.3,Maize,maize,24,Nayagada,0,Summer,production,qtl,10530,10530,ok
2024-25,..\raw\earas\2024-25\Technical_Report_EARAS_2024-25_Odisha.pdf,76,5.3,Maize,maize,24,Nayagada,0,Total,area,ha,734,734,ok
2024-25,..\raw\earas\2024-25\Technical_Report_EARAS_2024-25_Odisha.pdf,76,5.3,Maize,maize,24,Nayagada,0,Total,yield_rate,qtl/ha,34.19,34.19,ok
2024-25,..\raw\earas\2024-25\Technical_Report_EARAS_2024-25_Odisha.pdf,76,5.3,Maize,maize,24,Nayagada,0,Total,production,qtl,25094,25094,ok
2024-25,..\raw\earas\2024-25\Technical_Report_EARAS_2024-25_Odisha.pdf,76,5.3,Maize,maize,25,Nawarangpur,0,Autumn,area,ha,26435,26435,ok
2024-25,..\raw\earas\2024-25\Technical_Report_EARAS_2024-25_Odisha.pdf,76,5.3,Maize,maize,25,Nawarangpur,0,Autumn,yield_rate,qtl/ha,39.97,39.97,ok
2024-25,..\raw\earas\2024-25\Technical_Report_EARAS_2024-25_Odisha.pdf,76,5.3,Maize,maize,25,Nawarangpur,0,Autumn,production,qtl,1056607,1056607,ok
2024-25,..\raw\earas\2024-25\Technical_Report_EARAS_2024-25_Odisha.pdf,76,5.3,Maize,maize,25,Nawarangpur,0,Winter,area,ha,-,,dash
2024-25,..\raw\earas\2024-25\Technical_Report_EARAS_2024-25_Odisha.pdf,76,5.3,Maize,maize,25,Nawarangpur,0,Winter,yield_rate,qtl/ha,-,,dash
2024-25,..\raw\earas\2024-25\Technical_Report_EARAS_2024-25_Odisha.pdf,76,5.3,Maize,maize,25,Nawarangpur,0,Winter,production,qtl,-,,dash
2024-25,..\raw\earas\2024-25\Technical_Report_EARAS_2024-25_Odisha.pdf,76,5.3,Maize,maize,25,Nawarangpur,0,Summer,area,ha,13601,13601,ok
2024-25,..\raw\earas\2024-25\Technical_Report_EARAS_2024-25_Odisha.pdf,76,5.3,Maize,maize,25,Nawarangpur,0,Summer,yield_rate,qtl/ha,32.68,32.68,ok
2024-25,..\raw\earas\2024-25\Technical_Report_EARAS_2024-25_Odisha.pdf,76,5.3,Maize,maize,25,Nawarangpur,0,Summer,production,qtl,444481,444481,ok
2024-25,..\raw\earas\2024-25\Technical_Report_EARAS_2024-25_Odisha.pdf,76,5.3,Maize,maize,25,Nawarangpur,0,Total,area,ha,40036,40036,ok
2024-25,..\raw\earas\2024-25\Technical_Report_EARAS_2024-25_Odisha.pdf,76,5.3,Maize,maize,25,Nawarangpur,0,Total,yield_rate,qtl/ha,37.49,37.49,ok
2024-25,..\raw\earas\2024-25\Technical_Report_EARAS_2024-25_Odisha.pdf,76,5.3,Maize,maize,25,Nawarangpur,0,Total,production,qtl,1501088,1501088,ok
2024-25,..\raw\earas\2024-25\Technical_Report_EARAS_2024-25_Odisha.pdf,76,5.3,Maize,maize,26,Puri,0,Autumn,area,ha,-,,dash
2024-25,..\raw\earas\2024-25\Technical_Report_EARAS_2024-25_Odisha.pdf,76,5.3,Maize,maize,26,Puri,0,Autumn,yield_rate,qtl/ha,-,,dash
2024-25,..\raw\earas\2024-25\Technical_Report_EARAS_2024-25_Odisha.pdf,76,5.3,Maize,maize,26,Puri,0,Autumn,production,qtl,-,,dash
2024-25,..\raw\earas\2024-25\Technical_Report_EARAS_2024-25_Odisha.pdf,76,5.3,Maize,maize,26,Puri,0,Winter,area,ha,-,,dash
2024-25,..\raw\earas\2024-25\Technical_Report_EARAS_2024-25_Odisha.pdf,76,5.3,Maize,maize,26,Puri,0,Winter,yield_rate,qtl/ha,-,,dash
2024-25,..\raw\earas\2024-25\Technical_Report_EARAS_2024-25_Odisha.pdf,76,5.3,Maize,maize,26,Puri,0,Winter,production,qtl,-,,dash
2024-25,..\raw\earas\2024-25\Technical_Report_EARAS_2024-25_Odisha.pdf,76,5.3,Maize,maize,26,Puri,0,Summer,area,ha,1,1,ok
2024-25,..\raw\earas\2024-25\Technical_Report_EARAS_2024-25_Odisha.pdf,76,5.3,Maize,maize,26,Puri,0,Summer,yield_rate,qtl/ha,41.30,41.30,ok
2024-25,..\raw\earas\2024-25\Technical_Report_EARAS_2024-25_Odisha.pdf,76,5.3,Maize,maize,26,Puri,0,Summer,production,qtl,41,41,ok
2024-25,..\raw\earas\2024-25\Technical_Report_EARAS_2024-25_Odisha.pdf,76,5.3,Maize,maize,26,Puri,0,Total,area,ha,1,1,ok
2024-25,..\raw\earas\2024-25\Technical_Report_EARAS_2024-25_Odisha.pdf,76,5.3,Maize,maize,26,Puri,0,Total,yield_rate,qtl/ha,41.00,41.00,ok
2024-25,..\raw\earas\2024-25\Technical_Report_EARAS_2024-25_Odisha.pdf,76,5.3,Maize,maize,26,Puri,0,Total,production,qtl,41,41,ok
2024-25,..\raw\earas\2024-25\Technical_Report_EARAS_2024-25_Odisha.pdf,76,5.3,Maize,maize,27,Raygada,0,Autumn,area,ha,2871,2871,ok
2024-25,..\raw\earas\2024-25\Technical_Report_EARAS_2024-25_Odisha.pdf,76,5.3,Maize,maize,27,Raygada,0,Autumn,yield_rate,qtl/ha,18.47,18.47,ok
2024-25,..\raw\earas\2024-25\Technical_Report_EARAS_2024-25_Odisha.pdf,76,5.3,Maize,maize,27,Raygada,0,Autumn,production,qtl,53018,53018,ok
2024-25,..\raw\earas\2024-25\Technical_Report_EARAS_2024-25_Odisha.pdf,76,5.3,Maize,maize,27,Raygada,0,Winter,area,ha,13,13,ok
2024-25,..\raw\earas\2024-25\Technical_Report_EARAS_2024-25_Odisha.pdf,76,5.3,Maize,maize,27,Raygada,0,Winter,yield_rate,qtl/ha,21.31,21.31,ok
2024-25,..\raw\earas\2024-25\Technical_Report_EARAS_2024-25_Odisha.pdf,76,5.3,Maize,maize,27,Raygada,0,Winter,production,qtl,277,277,ok
2024-25,..\raw\earas\2024-25\Technical_Report_EARAS_2024-25_Odisha.pdf,76,5.3,Maize,maize,27,Raygada,0,Summer,area,ha,13,13,ok
2024-25,..\raw\earas\2024-25\Technical_Report_EARAS_2024-25_Odisha.pdf,76,5.3,Maize,maize,27,Raygada,0,Summer,yield_rate,qtl/ha,14.75,14.75,ok
2024-25,..\raw\earas\2024-25\Technical_Report_EARAS_2024-25_Odisha.pdf,76,5.3,Maize,maize,27,Raygada,0,Summer,production,qtl,192,192,ok
2024-25,..\raw\earas\2024-25\Technical_Report_EARAS_2024-25_Odisha.pdf,76,5.3,Maize,maize,27,Raygada,0,Total,area,ha,2897,2897,ok
2024-25,..\raw\earas\2024-25\Technical_Report_EARAS_2024-25_Odisha.pdf,76,5.3,Maize,maize,27,Raygada,0,Total,yield_rate,qtl/ha,18.46,18.46,ok
2024-25,..\raw\earas\2024-25\Technical_Report_EARAS_2024-25_Odisha.pdf,76,5.3,Maize,maize,27,Raygada,0,Total,production,qtl,53487,53487,ok
2024-25,..\raw\earas\2024-25\Technical_Report_EARAS_2024-25_Odisha.pdf,76,5.3,Maize,maize,28,Sambalpur,0,Autumn,area,ha,98,98,ok
2024-25,..\raw\earas\2024-25\Technical_Report_EARAS_2024-25_Odisha.pdf,76,5.3,Maize,maize,28,Sambalpur,0,Autumn,yield_rate,qtl/ha,25.09,25.09,ok
2024-25,..\raw\earas\2024-25\Technical_Report_EARAS_2024-25_Odisha.pdf,76,5.3,Maize,maize,28,Sambalpur,0,Autumn,production,qtl,2459,2459,ok
2024-25,..\raw\earas\2024-25\Technical_Report_EARAS_2024-25_Odisha.pdf,76,5.3,Maize,maize,28,Sambalpur,0,Winter,area,ha,5,5,ok
2024-25,..\raw\earas\2024-25\Technical_Report_EARAS_2024-25_Odisha.pdf,76,5.3,Maize,maize,28,Sambalpur,0,Winter,yield_rate,qtl/ha,21.99,21.99,ok
2024-25,..\raw\earas\2024-25\Technical_Report_EARAS_2024-25_Odisha.pdf,76,5.3,Maize,maize,28,Sambalpur,0,Winter,production,qtl,110,110,ok
2024-25,..\raw\earas\2024-25\Technical_Report_EARAS_2024-25_Odisha.pdf,76,5.3,Maize,maize,28,Sambalpur,0,Summer,area,ha,31,31,ok
2024-25,..\raw\earas\2024-25\Technical_Report_EARAS_2024-25_Odisha.pdf,76,5.3,Maize,maize,28,Sambalpur,0,Summer,yield_rate,qtl/ha,28.68,28.68,ok
2024-25,..\raw\earas\2024-25\Technical_Report_EARAS_2024-25_Odisha.pdf,76,5.3,Maize,maize,28,Sambalpur,0,Summer,production,qtl,889,889,ok
2024-25,..\raw\earas\2024-25\Technical_Report_EARAS_2024-25_Odisha.pdf,76,5.3,Maize,maize,28,Sambalpur,0,Total,area,ha,134,134,ok
2024-25,..\raw\earas\2024-25\Technical_Report_EARAS_2024-25_Odisha.pdf,76,5.3,Maize,maize,28,Sambalpur,0,Total,yield_rate,qtl/ha,25.81,25.81,ok
2024-25,..\raw\earas\2024-25\Technical_Report_EARAS_2024-25_Odisha.pdf,76,5.3,Maize,maize,28,Sambalpur,0,Total,production,qtl,3458,3458,ok
2024-25,..\raw\earas\2024-25\Technical_Report_EARAS_2024-25_Odisha.pdf,76,5.3,Maize,maize,29,Subarnapur,0,Autumn,area,ha,-,,dash
2024-25,..\raw\earas\2024-25\Technical_Report_EARAS_2024-25_Odisha.pdf,76,5.3,Maize,maize,29,Subarnapur,0,Autumn,yield_rate,qtl/ha,-,,dash
2024-25,..\raw\earas\2024-25\Technical_Report_EARAS_2024-25_Odisha.pdf,76,5.3,Maize,maize,29,Subarnapur,0,Autumn,production,qtl,-,,dash
2024-25,..\raw\earas\2024-25\Technical_Report_EARAS_2024-25_Odisha.pdf,76,5.3,Maize,maize,29,Subarnapur,0,Winter,area,ha,-,,dash
2024-25,..\raw\earas\2024-25\Technical_Report_EARAS_2024-25_Odisha.pdf,76,5.3,Maize,maize,29,Subarnapur,0,Winter,yield_rate,qtl/ha,-,,dash
2024-25,..\raw\earas\2024-25\Technical_Report_EARAS_2024-25_Odisha.pdf,76,5.3,Maize,maize,29,Subarnapur,0,Winter,production,qtl,-,,dash
2024-25,..\raw\earas\2024-25\Technical_Report_EARAS_2024-25_Odisha.pdf,76,5.3,Maize,maize,29,Subarnapur,0,Summer,area,ha,-,,dash
2024-25,..\raw\earas\2024-25\Technical_Report_EARAS_2024-25_Odisha.pdf,76,5.3,Maize,maize,29,Subarnapur,0,Summer,yield_rate,qtl/ha,-,,dash
2024-25,..\raw\earas\2024-25\Technical_Report_EARAS_2024-25_Odisha.pdf,76,5.3,Maize,maize,29,Subarnapur,0,Summer,production,qtl,-,,dash
2024-25,..\raw\earas\2024-25\Technical_Report_EARAS_2024-25_Odisha.pdf,76,5.3,Maize,maize,29,Subarnapur,0,Total,area,ha,-,,dash
2024-25,..\raw\earas\2024-25\Technical_Report_EARAS_2024-25_Odisha.pdf,76,5.3,Maize,maize,29,Subarnapur,0,Total,yield_rate,qtl/ha,-,,dash
2024-25,..\raw\earas\2024-25\Technical_Report_EARAS_2024-25_Odisha.pdf,76,5.3,Maize,maize,29,Subarnapur,0,Total,production,qtl,-,,dash
2024-25,..\raw\earas\2024-25\Technical_Report_EARAS_2024-25_Odisha.pdf,76,5.3,Maize,maize,30,Sundargarh,0,Autumn,area,ha,497,497,ok
2024-25,..\raw\earas\2024-25\Technical_Report_EARAS_2024-25_Odisha.pdf,76,5.3,Maize,maize,30,Sundargarh,0,Autumn,yield_rate,qtl/ha,27.11,27.11,ok
2024-25,..\raw\earas\2024-25\Technical_Report_EARAS_2024-25_Odisha.pdf,76,5.3,Maize,maize,30,Sundargarh,0,Autumn,production,qtl,13472,13472,ok
2024-25,..\raw\earas\2024-25\Technical_Report_EARAS_2024-25_Odisha.pdf,76,5.3,Maize,maize,30,Sundargarh,0,Winter,area,ha,9,9,ok
2024-25,..\raw\earas\2024-25\Technical_Report_EARAS_2024-25_Odisha.pdf,76,5.3,Maize,maize,30,Sundargarh,0,Winter,yield_rate,qtl/ha,21.56,21.56,ok
2024-25,..\raw\earas\2024-25\Technical_Report_EARAS_2024-25_Odisha.pdf,76,5.3,Maize,maize,30,Sundargarh,0,Winter,production,qtl,194,194,ok
2024-25,..\raw\earas\2024-25\Technical_Report_EARAS_2024-25_Odisha.pdf,76,5.3,Maize,maize,30,Sundargarh,0,Summer,area,ha,66,66,ok
2024-25,..\raw\earas\2024-25\Technical_Report_EARAS_2024-25_Odisha.pdf,76,5.3,Maize,maize,30,Sundargarh,0,Summer,yield_rate,qtl/ha,25.36,25.36,ok
2024-25,..\raw\earas\2024-25\Technical_Report_EARAS_2024-25_Odisha.pdf,76,5.3,Maize,maize,30,Sundargarh,0,Summer,production,qtl,1674,1674,ok
2024-25,..\raw\earas\2024-25\Technical_Report_EARAS_2024-25_Odisha.pdf,76,5.3,Maize,maize,30,Sundargarh,0,Total,area,ha,572,572,ok
2024-25,..\raw\earas\2024-25\Technical_Report_EARAS_2024-25_Odisha.pdf,76,5.3,Maize,maize,30,Sundargarh,0,Total,yield_rate,qtl/ha,26.82,26.82,ok
2024-25,..\raw\earas\2024-25\Technical_Report_EARAS_2024-25_Odisha.pdf,76,5.3,Maize,maize,30,Sundargarh,0,Total,production,qtl,15340,15340,ok
2024-25,..\raw\earas\2024-25\Technical_Report_EARAS_2024-25_Odisha.pdf,76,5.3,Maize,maize,,STATE,1,Autumn,area,ha,69652,69652,ok
2024-25,..\raw\earas\2024-25\Technical_Report_EARAS_2024-25_Odisha.pdf,76,5.3,Maize,maize,,STATE,1,Autumn,yield_rate,qtl/ha,30.54,30.54,ok
2024-25,..\raw\earas\2024-25\Technical_Report_EARAS_2024-25_Odisha.pdf,76,5.3,Maize,maize,,STATE,1,Autumn,production,qtl,2127064,2127064,ok
2024-25,..\raw\earas\2024-25\Technical_Report_EARAS_2024-25_Odisha.pdf,76,5.3,Maize,maize,,STATE,1,Winter,area,ha,365,365,ok
2024-25,..\raw\earas\2024-25\Technical_Report_EARAS_2024-25_Odisha.pdf,76,5.3,Maize,maize,,STATE,1,Winter,yield_rate,qtl/ha,30.82,30.82,ok
2024-25,..\raw\earas\2024-25\Technical_Report_EARAS_2024-25_Odisha.pdf,76,5.3,Maize,maize,,STATE,1,Winter,production,qtl,11249,11249,ok
2024-25,..\raw\earas\2024-25\Technical_Report_EARAS_2024-25_Odisha.pdf,76,5.3,Maize,maize,,STATE,1,Summer,area,ha,16198,16198,ok
2024-25,..\raw\earas\2024-25\Technical_Report_EARAS_2024-25_Odisha.pdf,76,5.3,Maize,maize,,STATE,1,Summer,yield_rate,qtl/ha,31.44,31.44,ok
2024-25,..\raw\earas\2024-25\Technical_Report_EARAS_2024-25_Odisha.pdf,76,5.3,Maize,maize,,STATE,1,Summer,production,qtl,509193,509193,ok
2024-25,..\raw\earas\2024-25\Technical_Report_EARAS_2024-25_Odisha.pdf,76,5.3,Maize,maize,,STATE,1,Total,area,ha,86215,86215,ok
2024-25,..\raw\earas\2024-25\Technical_Report_EARAS_2024-25_Odisha.pdf,76,5.3,Maize,maize,,STATE,1,Total,yield_rate,qtl/ha,30.71,30.71,ok
2024-25,..\raw\earas\2024-25\Technical_Report_EARAS_2024-25_Odisha.pdf,76,5.3,Maize,maize,,STATE,1,Total,production,qtl,2647506,2647506,ok
2024-25,..\raw\earas\2024-25\Technical_Report_EARAS_2024-25_Odisha.pdf,77,5.4,Ragi,ragi,1,Angul,0,Autumn,area,ha,424,424,ok
2024-25,..\raw\earas\2024-25\Technical_Report_EARAS_2024-25_Odisha.pdf,77,5.4,Ragi,ragi,1,Angul,0,Autumn,yield_rate,qtl/ha,8.01,8.01,ok
2024-25,..\raw\earas\2024-25\Technical_Report_EARAS_2024-25_Odisha.pdf,77,5.4,Ragi,ragi,1,Angul,0,Autumn,production,qtl,3396,3396,ok
2024-25,..\raw\earas\2024-25\Technical_Report_EARAS_2024-25_Odisha.pdf,77,5.4,Ragi,ragi,1,Angul,0,Winter,area,ha,-,,dash
2024-25,..\raw\earas\2024-25\Technical_Report_EARAS_2024-25_Odisha.pdf,77,5.4,Ragi,ragi,1,Angul,0,Winter,yield_rate,qtl/ha,-,,dash
2024-25,..\raw\earas\2024-25\Technical_Report_EARAS_2024-25_Odisha.pdf,77,5.4,Ragi,ragi,1,Angul,0,Winter,production,qtl,-,,dash
2024-25,..\raw\earas\2024-25\Technical_Report_EARAS_2024-25_Odisha.pdf,77,5.4,Ragi,ragi,1,Angul,0,Summer,area,ha,40,40,ok
2024-25,..\raw\earas\2024-25\Technical_Report_EARAS_2024-25_Odisha.pdf,77,5.4,Ragi,ragi,1,Angul,0,Summer,yield_rate,qtl/ha,9.62,9.62,ok
2024-25,..\raw\earas\2024-25\Technical_Report_EARAS_2024-25_Odisha.pdf,77,5.4,Ragi,ragi,1,Angul,0,Summer,production,qtl,385,385,ok
2024-25,..\raw\earas\2024-25\Technical_Report_EARAS_2024-25_Odisha.pdf,77,5.4,Ragi,ragi,1,Angul,0,Total,area,ha,464,464,ok
2024-25,..\raw\earas\2024-25\Technical_Report_EARAS_2024-25_Odisha.pdf,77,5.4,Ragi,ragi,1,Angul,0,Total,yield_rate,qtl/ha,8.15,8.15,ok
2024-25,..\raw\earas\2024-25\Technical_Report_EARAS_2024-25_Odisha.pdf,77,5.4,Ragi,ragi,1,Angul,0,Total,production,qtl,3781,3781,ok
2024-25,..\raw\earas\2024-25\Technical_Report_EARAS_2024-25_Odisha.pdf,77,5.4,Ragi,ragi,2,Balangir,0,Autumn,area,ha,206,206,ok
2024-25,..\raw\earas\2024-25\Technical_Report_EARAS_2024-25_Odisha.pdf,77,5.4,Ragi,ragi,2,Balangir,0,Autumn,yield_rate,qtl/ha,4.09,4.09,ok
2024-25,..\raw\earas\2024-25\Technical_Report_EARAS_2024-25_Odisha.pdf,77,5.4,Ragi,ragi,2,Balangir,0,Autumn,production,qtl,843,843,ok
2024-25,..\raw\earas\2024-25\Technical_Report_EARAS_2024-25_Odisha.pdf,77,5.4,Ragi,ragi,2,Balangir,0,Winter,area,ha,141,141,ok
2024-25,..\raw\earas\2024-25\Technical_Report_EARAS_2024-25_Odisha.pdf,77,5.4,Ragi,ragi,2,Balangir,0,Winter,yield_rate,qtl/ha,5.82,5.82,ok
2024-25,..\raw\earas\2024-25\Technical_Report_EARAS_2024-25_Odisha.pdf,77,5.4,Ragi,ragi,2,Balangir,0,Winter,production,qtl,821,821,ok
2024-25,..\raw\earas\2024-25\Technical_Report_EARAS_2024-25_Odisha.pdf,77,5.4,Ragi,ragi,2,Balangir,0,Summer,area,ha,-,,dash
2024-25,..\raw\earas\2024-25\Technical_Report_EARAS_2024-25_Odisha.pdf,77,5.4,Ragi,ragi,2,Balangir,0,Summer,yield_rate,qtl/ha,-,,dash
2024-25,..\raw\earas\2024-25\Technical_Report_EARAS_2024-25_Odisha.pdf,77,5.4,Ragi,ragi,2,Balangir,0,Summer,production,qtl,-,,dash
2024-25,..\raw\earas\2024-25\Technical_Report_EARAS_2024-25_Odisha.pdf,77,5.4,Ragi,ragi,2,Balangir,0,Total,area,ha,347,347,ok
2024-25,..\raw\earas\2024-25\Technical_Report_EARAS_2024-25_Odisha.pdf,77,5.4,Ragi,ragi,2,Balangir,0,Total,yield_rate,qtl/ha,4.80,4.80,ok
2024-25,..\raw\earas\2024-25\Technical_Report_EARAS_2024-25_Odisha.pdf,77,5.4,Ragi,ragi,2,Balangir,0,Total,production,qtl,1664,1664,ok
2024-25,..\raw\earas\2024-25\Technical_Report_EARAS_2024-25_Odisha.pdf,77,5.4,Ragi,ragi,3,Balasore,0,Autumn,area,ha,1,1,ok
2024-25,..\raw\earas\2024-25\Technical_Report_EARAS_2024-25_Odisha.pdf,77,5.4,Ragi,ragi,3,Balasore,0,Autumn,yield_rate,qtl/ha,2.25,2.25,ok
2024-25,..\raw\earas\2024-25\Technical_Report_EARAS_2024-25_Odisha.pdf,77,5.4,Ragi,ragi,3,Balasore,0,Autumn,production,qtl,2,2,ok
2024-25,..\raw\earas\2024-25\Technical_Report_EARAS_2024-25_Odisha.pdf,77,5.4,Ragi,ragi,3,Balasore,0,Winter,area,ha,62,62,ok
2024-25,..\raw\earas\2024-25\Technical_Report_EARAS_2024-25_Odisha.pdf,77,5.4,Ragi,ragi,3,Balasore,0,Winter,yield_rate,qtl/ha,4.52,4.52,ok
2024-25,..\raw\earas\2024-25\Technical_Report_EARAS_2024-25_Odisha.pdf,77,5.4,Ragi,ragi,3,Balasore,0,Winter,production,qtl,280,280,ok
2024-25,..\raw\earas\2024-25\Technical_Report_EARAS_2024-25_Odisha.pdf,77,5.4,Ragi,ragi,3,Balasore,0,Summer,area,ha,91,91,ok
2024-25,..\raw\earas\2024-25\Technical_Report_EARAS_2024-25_Odisha.pdf,77,5.4,Ragi,ragi,3,Balasore,0,Summer,yield_rate,qtl/ha,5.42,5.42,ok
2024-25,..\raw\earas\2024-25\Technical_Report_EARAS_2024-25_Odisha.pdf,77,5.4,Ragi,ragi,3,Balasore,0,Summer,production,qtl,493,493,ok
2024-25,..\raw\earas\2024-25\Technical_Report_EARAS_2024-25_Odisha.pdf,77,5.4,Ragi,ragi,3,Balasore,0,Total,area,ha,154,154,ok
2024-25,..\raw\earas\2024-25\Technical_Report_EARAS_2024-25_Odisha.pdf,77,5.4,Ragi,ragi,3,Balasore,0,Total,yield_rate,qtl/ha,5.03,5.03,ok
2024-25,..\raw\earas\2024-25\Technical_Report_EARAS_2024-25_Odisha.pdf,77,5.4,Ragi,ragi,3,Balasore,0,Total,production,qtl,775,775,ok
2024-25,..\raw\earas\2024-25\Technical_Report_EARAS_2024-25_Odisha.pdf,77,5.4,Ragi,ragi,4,Bargarh,0,Autumn,area,ha,1585,1585,ok
2024-25,..\raw\earas\2024-25\Technical_Report_EARAS_2024-25_Odisha.pdf,77,5.4,Ragi,ragi,4,Bargarh,0,Autumn,yield_rate,qtl/ha,5.31,5.31,ok
2024-25,..\raw\earas\2024-25\Technical_Report_EARAS_2024-25_Odisha.pdf,77,5.4,Ragi,ragi,4,Bargarh,0,Autumn,production,qtl,8416,8416,ok
2024-25,..\raw\earas\2024-25\Technical_Report_EARAS_2024-25_Odisha.pdf,77,5.4,Ragi,ragi,4,Bargarh,0,Winter,area,ha,391,391,ok
2024-25,..\raw\earas\2024-25\Technical_Report_EARAS_2024-25_Odisha.pdf,77,5.4,Ragi,ragi,4,Bargarh,0,Winter,yield_rate,qtl/ha,9.10,9.10,ok
2024-25,..\raw\earas\2024-25\Technical_Report_EARAS_2024-25_Odisha.pdf,77,5.4,Ragi,ragi,4,Bargarh,0,Winter,production,qtl,3558,3558,ok
2024-25,..\raw\earas\2024-25\Technical_Report_EARAS_2024-25_Odisha.pdf,77,5.4,Ragi,ragi,4,Bargarh,0,Summer,area,ha,205,205,ok
2024-25,..\raw\earas\2024-25\Technical_Report_EARAS_2024-25_Odisha.pdf,77,5.4,Ragi,ragi,4,Bargarh,0,Summer,yield_rate,qtl/ha,5.30,5.30,ok
2024-25,..\raw\earas\2024-25\Technical_Report_EARAS_2024-25_Odisha.pdf,77,5.4,Ragi,ragi,4,Bargarh,0,Summer,production,qtl,1087,1087,ok
2024-25,..\raw\earas\2024-25\Technical_Report_EARAS_2024-25_Odisha.pdf,77,5.4,Ragi,ragi,4,Bargarh,0,Total,area,ha,2181,2181,ok
2024-25,..\raw\earas\2024-25\Technical_Report_EARAS_2024-25_Odisha.pdf,77,5.4,Ragi,ragi,4,Bargarh,0,Total,yield_rate,qtl/ha,5.99,5.99,ok
2024-25,..\raw\earas\2024-25\Technical_Report_EARAS_2024-25_Odisha.pdf,77,5.4,Ragi,ragi,4,Bargarh,0,Total,production,qtl,13061,13061,ok
2024-25,..\raw\earas\2024-25\Technical_Report_EARAS_2024-25_Odisha.pdf,77,5.4,Ragi,ragi,5,Bhadrak,0,Autumn,area,ha,-,,dash
2024-25,..\raw\earas\2024-25\Technical_Report_EARAS_2024-25_Odisha.pdf,77,5.4,Ragi,ragi,5,Bhadrak,0,Autumn,yield_rate,qtl/ha,-,,dash
2024-25,..\raw\earas\2024-25\Technical_Report_EARAS_2024-25_Odisha.pdf,77,5.4,Ragi,ragi,5,Bhadrak,0,Autumn,production,qtl,-,,dash
2024-25,..\raw\earas\2024-25\Technical_Report_EARAS_2024-25_Odisha.pdf,77,5.4,Ragi,ragi,5,Bhadrak,0,Winter,area,ha,S,,below_half_unit
2024-25,..\raw\earas\2024-25\Technical_Report_EARAS_2024-25_Odisha.pdf,77,5.4,Ragi,ragi,5,Bhadrak,0,Winter,yield_rate,qtl/ha,5.17,5.17,ok
2024-25,..\raw\earas\2024-25\Technical_Report_EARAS_2024-25_Odisha.pdf,77,5.4,Ragi,ragi,5,Bhadrak,0,Winter,production,qtl,-,,dash
2024-25,..\raw\earas\2024-25\Technical_Report_EARAS_2024-25_Odisha.pdf,77,5.4,Ragi,ragi,5,Bhadrak,0,Summer,area,ha,2,2,ok
2024-25,..\raw\earas\2024-25\Technical_Report_EARAS_2024-25_Odisha.pdf,77,5.4,Ragi,ragi,5,Bhadrak,0,Summer,yield_rate,qtl/ha,1.20,1.20,ok
2024-25,..\raw\earas\2024-25\Technical_Report_EARAS_2024-25_Odisha.pdf,77,5.4,Ragi,ragi,5,Bhadrak,0,Summer,production,qtl,2,2,ok
2024-25,..\raw\earas\2024-25\Technical_Report_EARAS_2024-25_Odisha.pdf,77,5.4,Ragi,ragi,5,Bhadrak,0,Total,area,ha,2,2,ok
2024-25,..\raw\earas\2024-25\Technical_Report_EARAS_2024-25_Odisha.pdf,77,5.4,Ragi,ragi,5,Bhadrak,0,Total,yield_rate,qtl/ha,1.00,1.00,ok
2024-25,..\raw\earas\2024-25\Technical_Report_EARAS_2024-25_Odisha.pdf,77,5.4,Ragi,ragi,5,Bhadrak,0,Total,production,qtl,2,2,ok
2024-25,..\raw\earas\2024-25\Technical_Report_EARAS_2024-25_Odisha.pdf,77,5.4,Ragi,ragi,6,Boudh,0,Autumn,area,ha,-,,dash
2024-25,..\raw\earas\2024-25\Technical_Report_EARAS_2024-25_Odisha.pdf,77,5.4,Ragi,ragi,6,Boudh,0,Autumn,yield_rate,qtl/ha,-,,dash
2024-25,..\raw\earas\2024-25\Technical_Report_EARAS_2024-25_Odisha.pdf,77,5.4,Ragi,ragi,6,Boudh,0,Autumn,production,qtl,-,,dash
2024-25,..\raw\earas\2024-25\Technical_Report_EARAS_2024-25_Odisha.pdf,77,5.4,Ragi,ragi,6,Boudh,0,Winter,area,ha,25,25,ok
2024-25,..\raw\earas\2024-25\Technical_Report_EARAS_2024-25_Odisha.pdf,77,5.4,Ragi,ragi,6,Boudh,0,Winter,yield_rate,qtl/ha,3.93,3.93,ok
2024-25,..\raw\earas\2024-25\Technical_Report_EARAS_2024-25_Odisha.pdf,77,5.4,Ragi,ragi,6,Boudh,0,Winter,production,qtl,98,98,ok
2024-25,..\raw\earas\2024-25\Technical_Report_EARAS_2024-25_Odisha.pdf,77,5.4,Ragi,ragi,6,Boudh,0,Summer,area,ha,8,8,ok
2024-25,..\raw\earas\2024-25\Technical_Report_EARAS_2024-25_Odisha.pdf,77,5.4,Ragi,ragi,6,Boudh,0,Summer,yield_rate,qtl/ha,4.83,4.83,ok
2024-25,..\raw\earas\2024-25\Technical_Report_EARAS_2024-25_Odisha.pdf,77,5.4,Ragi,ragi,6,Boudh,0,Summer,production,qtl,39,39,ok
2024-25,..\raw\earas\2024-25\Technical_Report_EARAS_2024-25_Odisha.pdf,77,5.4,Ragi,ragi,6,Boudh,0,Total,area,ha,33,33,ok
2024-25,..\raw\earas\2024-25\Technical_Report_EARAS_2024-25_Odisha.pdf,77,5.4,Ragi,ragi,6,Boudh,0,Total,yield_rate,qtl/ha,4.15,4.15,ok
2024-25,..\raw\earas\2024-25\Technical_Report_EARAS_2024-25_Odisha.pdf,77,5.4,Ragi,ragi,6,Boudh,0,Total,production,qtl,137,137,ok
2024-25,..\raw\earas\2024-25\Technical_Report_EARAS_2024-25_Odisha.pdf,77,5.4,Ragi,ragi,7,Cuttack,0,Autumn,area,ha,167,167,ok
2024-25,..\raw\earas\2024-25\Technical_Report_EARAS_2024-25_Odisha.pdf,77,5.4,Ragi,ragi,7,Cuttack,0,Autumn,yield_rate,qtl/ha,8.92,8.92,ok
2024-25,..\raw\earas\2024-25\Technical_Report_EARAS_2024-25_Odisha.pdf,77,5.4,Ragi,ragi,7,Cuttack,0,Autumn,production,qtl,1490,1490,ok
2024-25,..\raw\earas\2024-25\Technical_Report_EARAS_2024-25_Odisha.pdf,77,5.4,Ragi,ragi,7,Cuttack,0,Winter,area,ha,-,,dash
2024-25,..\raw\earas\2024-25\Technical_Report_EARAS_2024-25_Odisha.pdf,77,5.4,Ragi,ragi,7,Cuttack,0,Winter,yield_rate,qtl/ha,-,,dash
2024-25,..\raw\earas\2024-25\Technical_Report_EARAS_2024-25_Odisha.pdf,77,5.4,Ragi,ragi,7,Cuttack,0,Winter,production,qtl,-,,dash
2024-25,..\raw\earas\2024-25\Technical_Report_EARAS_2024-25_Odisha.pdf,77,5.4,Ragi,ragi,7,Cuttack,0,Summer,area,ha,10,10,ok
2024-25,..\raw\earas\2024-25\Technical_Report_EARAS_2024-25_Odisha.pdf,77,5.4,Ragi,ragi,7,Cuttack,0,Summer,yield_rate,qtl/ha,10.41,10.41,ok
2024-25,..\raw\earas\2024-25\Technical_Report_EARAS_2024-25_Odisha.pdf,77,5.4,Ragi,ragi,7,Cuttack,0,Summer,production,qtl,104,104,ok
2024-25,..\raw\earas\2024-25\Technical_Report_EARAS_2024-25_Odisha.pdf,77,5.4,Ragi,ragi,7,Cuttack,0,Total,area,ha,177,177,ok
2024-25,..\raw\earas\2024-25\Technical_Report_EARAS_2024-25_Odisha.pdf,77,5.4,Ragi,ragi,7,Cuttack,0,Total,yield_rate,qtl/ha,9.01,9.01,ok
2024-25,..\raw\earas\2024-25\Technical_Report_EARAS_2024-25_Odisha.pdf,77,5.4,Ragi,ragi,7,Cuttack,0,Total,production,qtl,1594,1594,ok
2024-25,..\raw\earas\2024-25\Technical_Report_EARAS_2024-25_Odisha.pdf,77,5.4,Ragi,ragi,8,Deogarh,0,Autumn,area,ha,-,,dash
2024-25,..\raw\earas\2024-25\Technical_Report_EARAS_2024-25_Odisha.pdf,77,5.4,Ragi,ragi,8,Deogarh,0,Autumn,yield_rate,qtl/ha,-,,dash
2024-25,..\raw\earas\2024-25\Technical_Report_EARAS_2024-25_Odisha.pdf,77,5.4,Ragi,ragi,8,Deogarh,0,Autumn,production,qtl,-,,dash
2024-25,..\raw\earas\2024-25\Technical_Report_EARAS_2024-25_Odisha.pdf,77,5.4,Ragi,ragi,8,Deogarh,0,Winter,area,ha,20,20,ok
2024-25,..\raw\earas\2024-25\Technical_Report_EARAS_2024-25_Odisha.pdf,77,5.4,Ragi,ragi,8,Deogarh,0,Winter,yield_rate,qtl/ha,4.37,4.37,ok
2024-25,..\raw\earas\2024-25\Technical_Report_EARAS_2024-25_Odisha.pdf,77,5.4,Ragi,ragi,8,Deogarh,0,Winter,production,qtl,87,87,ok
2024-25,..\raw\earas\2024-25\Technical_Report_EARAS_2024-25_Odisha.pdf,77,5.4,Ragi,ragi,8,Deogarh,0,Summer,area,ha,-,,dash
2024-25,..\raw\earas\2024-25\Technical_Report_EARAS_2024-25_Odisha.pdf,77,5.4,Ragi,ragi,8,Deogarh,0,Summer,yield_rate,qtl/ha,-,,dash
2024-25,..\raw\earas\2024-25\Technical_Report_EARAS_2024-25_Odisha.pdf,77,5.4,Ragi,ragi,8,Deogarh,0,Summer,production,qtl,-,,dash
2024-25,..\raw\earas\2024-25\Technical_Report_EARAS_2024-25_Odisha.pdf,77,5.4,Ragi,ragi,8,Deogarh,0,Total,area,ha,20,20,ok
2024-25,..\raw\earas\2024-25\Technical_Report_EARAS_2024-25_Odisha.pdf,77,5.4,Ragi,ragi,8,Deogarh,0,Total,yield_rate,qtl/ha,4.35,4.35,ok
2024-25,..\raw\earas\2024-25\Technical_Report_EARAS_2024-25_Odisha.pdf,77,5.4,Ragi,ragi,8,Deogarh,0,Total,production,qtl,87,87,ok
2024-25,..\raw\earas\2024-25\Technical_Report_EARAS_2024-25_Odisha.pdf,77,5.4,Ragi,ragi,9,Dhenkanal,0,Autumn,area,ha,87,87,ok
2024-25,..\raw\earas\2024-25\Technical_Report_EARAS_2024-25_Odisha.pdf,77,5.4,Ragi,ragi,9,Dhenkanal,0,Autumn,yield_rate,qtl/ha,6.26,6.26,ok
2024-25,..\raw\earas\2024-25\Technical_Report_EARAS_2024-25_Odisha.pdf,77,5.4,Ragi,ragi,9,Dhenkanal,0,Autumn,production,qtl,545,545,ok
2024-25,..\raw\earas\2024-25\Technical_Report_EARAS_2024-25_Odisha.pdf,77,5.4,Ragi,ragi,9,Dhenkanal,0,Winter,area,ha,11,11,ok
2024-25,..\raw\earas\2024-25\Technical_Report_EARAS_2024-25_Odisha.pdf,77,5.4,Ragi,ragi,9,Dhenkanal,0,Winter,yield_rate,qtl/ha,5.39,5.39,ok
2024-25,..\raw\earas\2024-25\Technical_Report_EARAS_2024-25_Odisha.pdf,77,5.4,Ragi,ragi,9,Dhenkanal,0,Winter,production,qtl,59,59,ok
2024-25,..\raw\earas\2024-25\Technical_Report_EARAS_2024-25_Odisha.pdf,77,5.4,Ragi,ragi,9,Dhenkanal,0,Summer,area,ha,8,8,ok
2024-25,..\raw\earas\2024-25\Technical_Report_EARAS_2024-25_Odisha.pdf,77,5.4,Ragi,ragi,9,Dhenkanal,0,Summer,yield_rate,qtl/ha,5.01,5.01,ok
2024-25,..\raw\earas\2024-25\Technical_Report_EARAS_2024-25_Odisha.pdf,77,5.4,Ragi,ragi,9,Dhenkanal,0,Summer,production,qtl,40,40,ok
2024-25,..\raw\earas\2024-25\Technical_Report_EARAS_2024-25_Odisha.pdf,77,5.4,Ragi,ragi,9,Dhenkanal,0,Total,area,ha,106,106,ok
2024-25,..\raw\earas\2024-25\Technical_Report_EARAS_2024-25_Odisha.pdf,77,5.4,Ragi,ragi,9,Dhenkanal,0,Total,yield_rate,qtl/ha,6.08,6.08,ok
2024-25,..\raw\earas\2024-25\Technical_Report_EARAS_2024-25_Odisha.pdf,77,5.4,Ragi,ragi,9,Dhenkanal,0,Total,production,qtl,644,644,ok
2024-25,..\raw\earas\2024-25\Technical_Report_EARAS_2024-25_Odisha.pdf,77,5.4,Ragi,ragi,10,Gajapati,0,Autumn,area,ha,1077,1077,ok
2024-25,..\raw\earas\2024-25\Technical_Report_EARAS_2024-25_Odisha.pdf,77,5.4,Ragi,ragi,10,Gajapati,0,Autumn,yield_rate,qtl/ha,6.86,6.86,ok
2024-25,..\raw\earas\2024-25\Technical_Report_EARAS_2024-25_Odisha.pdf,77,5.4,Ragi,ragi,10,Gajapati,0,Autumn,production,qtl,7388,7388,ok
2024-25,..\raw\earas\2024-25\Technical_Report_EARAS_2024-25_Odisha.pdf,77,5.4,Ragi,ragi,10,Gajapati,0,Winter,area,ha,104,104,ok
2024-25,..\raw\earas\2024-25\Technical_Report_EARAS_2024-25_Odisha.pdf,77,5.4,Ragi,ragi,10,Gajapati,0,Winter,yield_rate,qtl/ha,5.62,5.62,ok
2024-25,..\raw\earas\2024-25\Technical_Report_EARAS_2024-25_Odisha.pdf,77,5.4,Ragi,ragi,10,Gajapati,0,Winter,production,qtl,584,584,ok
2024-25,..\raw\earas\2024-25\Technical_Report_EARAS_2024-25_Odisha.pdf,77,5.4,Ragi,ragi,10,Gajapati,0,Summer,area,ha,50,50,ok
2024-25,..\raw\earas\2024-25\Technical_Report_EARAS_2024-25_Odisha.pdf,77,5.4,Ragi,ragi,10,Gajapati,0,Summer,yield_rate,qtl/ha,6.41,6.41,ok
2024-25,..\raw\earas\2024-25\Technical_Report_EARAS_2024-25_Odisha.pdf,77,5.4,Ragi,ragi,10,Gajapati,0,Summer,production,qtl,321,321,ok
2024-25,..\raw\earas\2024-25\Technical_Report_EARAS_2024-25_Odisha.pdf,77,5.4,Ragi,ragi,10,Gajapati,0,Total,area,ha,1231,1231,ok
2024-25,..\raw\earas\2024-25\Technical_Report_EARAS_2024-25_Odisha.pdf,77,5.4,Ragi,ragi,10,Gajapati,0,Total,yield_rate,qtl/ha,6.74,6.74,ok
2024-25,..\raw\earas\2024-25\Technical_Report_EARAS_2024-25_Odisha.pdf,77,5.4,Ragi,ragi,10,Gajapati,0,Total,production,qtl,8293,8293,ok
2024-25,..\raw\earas\2024-25\Technical_Report_EARAS_2024-25_Odisha.pdf,77,5.4,Ragi,ragi,11,Ganjam,0,Autumn,area,ha,1254,1254,ok
2024-25,..\raw\earas\2024-25\Technical_Report_EARAS_2024-25_Odisha.pdf,77,5.4,Ragi,ragi,11,Ganjam,0,Autumn,yield_rate,qtl/ha,14.32,14.32,ok
2024-25,..\raw\earas\2024-25\Technical_Report_EARAS_2024-25_Odisha.pdf,77,5.4,Ragi,ragi,11,Ganjam,0,Autumn,production,qtl,17957,17957,ok
2024-25,..\raw\earas\2024-25\Technical_Report_EARAS_2024-25_Odisha.pdf,77,5.4,Ragi,ragi,11,Ganjam,0,Winter,area,ha,-,,dash
2024-25,..\raw\earas\2024-25\Technical_Report_EARAS_2024-25_Odisha.pdf,77,5.4,Ragi,ragi,11,Ganjam,0,Winter,yield_rate,qtl/ha,-,,dash
2024-25,..\raw\earas\2024-25\Technical_Report_EARAS_2024-25_Odisha.pdf,77,5.4,Ragi,ragi,11,Ganjam,0,Winter,production,qtl,-,,dash
2024-25,..\raw\earas\2024-25\Technical_Report_EARAS_2024-25_Odisha.pdf,77,5.4,Ragi,ragi,11,Ganjam,0,Summer,area,ha,92,92,ok
2024-25,..\raw\earas\2024-25\Technical_Report_EARAS_2024-25_Odisha.pdf,77,5.4,Ragi,ragi,11,Ganjam,0,Summer,yield_rate,qtl/ha,10.89,10.89,ok
2024-25,..\raw\earas\2024-25\Technical_Report_EARAS_2024-25_Odisha.pdf,77,5.4,Ragi,ragi,11,Ganjam,0,Summer,production,qtl,1002,1002,ok
2024-25,..\raw\earas\2024-25\Technical_Report_EARAS_2024-25_Odisha.pdf,77,5.4,Ragi,ragi,11,Ganjam,0,Total,area,ha,1346,1346,ok
2024-25,..\raw\earas\2024-25\Technical_Report_EARAS_2024-25_Odisha.pdf,77,5.4,Ragi,ragi,11,Ganjam,0,Total,yield_rate,qtl/ha,14.09,14.09,ok
2024-25,..\raw\earas\2024-25\Technical_Report_EARAS_2024-25_Odisha.pdf,77,5.4,Ragi,ragi,11,Ganjam,0,Total,production,qtl,18959,18959,ok
2024-25,..\raw\earas\2024-25\Technical_Report_EARAS_2024-25_Odisha.pdf,77,5.4,Ragi,ragi,12,Jagatsinghpur,0,Autumn,area,ha,S,,below_half_unit
2024-25,..\raw\earas\2024-25\Technical_Report_EARAS_2024-25_Odisha.pdf,77,5.4,Ragi,ragi,12,Jagatsinghpur,0,Autumn,yield_rate,qtl/ha,9.62,9.62,ok
2024-25,..\raw\earas\2024-25\Technical_Report_EARAS_2024-25_Odisha.pdf,77,5.4,Ragi,ragi,12,Jagatsinghpur,0,Autumn,production,qtl,-,,dash
2024-25,..\raw\earas\2024-25\Technical_Report_EARAS_2024-25_Odisha.pdf,77,5.4,Ragi,ragi,12,Jagatsinghpur,0,Winter,area,ha,-,,dash
2024-25,..\raw\earas\2024-25\Technical_Report_EARAS_2024-25_Odisha.pdf,77,5.4,Ragi,ragi,12,Jagatsinghpur,0,Winter,yield_rate,qtl/ha,-,,dash
2024-25,..\raw\earas\2024-25\Technical_Report_EARAS_2024-25_Odisha.pdf,77,5.4,Ragi,ragi,12,Jagatsinghpur,0,Winter,production,qtl,-,,dash
2024-25,..\raw\earas\2024-25\Technical_Report_EARAS_2024-25_Odisha.pdf,77,5.4,Ragi,ragi,12,Jagatsinghpur,0,Summer,area,ha,57,57,ok
2024-25,..\raw\earas\2024-25\Technical_Report_EARAS_2024-25_Odisha.pdf,77,5.4,Ragi,ragi,12,Jagatsinghpur,0,Summer,yield_rate,qtl/ha,4.92,4.92,ok
2024-25,..\raw\earas\2024-25\Technical_Report_EARAS_2024-25_Odisha.pdf,77,5.4,Ragi,ragi,12,Jagatsinghpur,0,Summer,production,qtl,280,280,ok
2024-25,..\raw\earas\2024-25\Technical_Report_EARAS_2024-25_Odisha.pdf,77,5.4,Ragi,ragi,12,Jagatsinghpur,0,Total,area,ha,57,57,ok
2024-25,..\raw\earas\2024-25\Technical_Report_EARAS_2024-25_Odisha.pdf,77,5.4,Ragi,ragi,12,Jagatsinghpur,0,Total,yield_rate,qtl/ha,4.91,4.91,ok
2024-25,..\raw\earas\2024-25\Technical_Report_EARAS_2024-25_Odisha.pdf,77,5.4,Ragi,ragi,12,Jagatsinghpur,0,Total,production,qtl,280,280,ok
2024-25,..\raw\earas\2024-25\Technical_Report_EARAS_2024-25_Odisha.pdf,77,5.4,Ragi,ragi,13,Jajpur,0,Autumn,area,ha,S,,below_half_unit
2024-25,..\raw\earas\2024-25\Technical_Report_EARAS_2024-25_Odisha.pdf,77,5.4,Ragi,ragi,13,Jajpur,0,Autumn,yield_rate,qtl/ha,3.89,3.89,ok
2024-25,..\raw\earas\2024-25\Technical_Report_EARAS_2024-25_Odisha.pdf,77,5.4,Ragi,ragi,13,Jajpur,0,Autumn,production,qtl,-,,dash
2024-25,..\raw\earas\2024-25\Technical_Report_EARAS_2024-25_Odisha.pdf,77,5.4,Ragi,ragi,13,Jajpur,0,Winter,area,ha,-,,dash
2024-25,..\raw\earas\2024-25\Technical_Report_EARAS_2024-25_Odisha.pdf,77,5.4,Ragi,ragi,13,Jajpur,0,Winter,yield_rate,qtl/ha,-,,dash
2024-25,..\raw\earas\2024-25\Technical_Report_EARAS_2024-25_Odisha.pdf,77,5.4,Ragi,ragi,13,Jajpur,0,Winter,production,qtl,-,,dash
2024-25,..\raw\earas\2024-25\Technical_Report_EARAS_2024-25_Odisha.pdf,77,5.4,Ragi,ragi,13,Jajpur,0,Summer,area,ha,-,,dash
2024-25,..\raw\earas\2024-25\Technical_Report_EARAS_2024-25_Odisha.pdf,77,5.4,Ragi,ragi,13,Jajpur,0,Summer,yield_rate,qtl/ha,-,,dash
2024-25,..\raw\earas\2024-25\Technical_Report_EARAS_2024-25_Odisha.pdf,77,5.4,Ragi,ragi,13,Jajpur,0,Summer,production,qtl,-,,dash
2024-25,..\raw\earas\2024-25\Technical_Report_EARAS_2024-25_Odisha.pdf,77,5.4,Ragi,ragi,13,Jajpur,0,Total,area,ha,S,,below_half_unit
2024-25,..\raw\earas\2024-25\Technical_Report_EARAS_2024-25_Odisha.pdf,77,5.4,Ragi,ragi,13,Jajpur,0,Total,yield_rate,qtl/ha,3.89,3.89,ok
2024-25,..\raw\earas\2024-25\Technical_Report_EARAS_2024-25_Odisha.pdf,77,5.4,Ragi,ragi,13,Jajpur,0,Total,production,qtl,-,,dash
2024-25,..\raw\earas\2024-25\Technical_Report_EARAS_2024-25_Odisha.pdf,77,5.4,Ragi,ragi,14,Jharsuguda,0,Autumn,area,ha,22,22,ok
2024-25,..\raw\earas\2024-25\Technical_Report_EARAS_2024-25_Odisha.pdf,77,5.4,Ragi,ragi,14,Jharsuguda,0,Autumn,yield_rate,qtl/ha,5.59,5.59,ok
2024-25,..\raw\earas\2024-25\Technical_Report_EARAS_2024-25_Odisha.pdf,77,5.4,Ragi,ragi,14,Jharsuguda,0,Autumn,production,qtl,123,123,ok
2024-25,..\raw\earas\2024-25\Technical_Report_EARAS_2024-25_Odisha.pdf,77,5.4,Ragi,ragi,14,Jharsuguda,0,Winter,area,ha,439,439,ok
2024-25,..\raw\earas\2024-25\Technical_Report_EARAS_2024-25_Odisha.pdf,77,5.4,Ragi,ragi,14,Jharsuguda,0,Winter,yield_rate,qtl/ha,6.52,6.52,ok
2024-25,..\raw\earas\2024-25\Technical_Report_EARAS_2024-25_Odisha.pdf,77,5.4,Ragi,ragi,14,Jharsuguda,0,Winter,production,qtl,2862,2862,ok
2024-25,..\raw\earas\2024-25\Technical_Report_EARAS_2024-25_Odisha.pdf,77,5.4,Ragi,ragi,14,Jharsuguda,0,Summer,area,ha,6,6,ok
2024-25,..\raw\earas\2024-25\Technical_Report_EARAS_2024-25_Odisha.pdf,77,5.4,Ragi,ragi,14,Jharsuguda,0,Summer,yield_rate,qtl/ha,4.43,4.43,ok
2024-25,..\raw\earas\2024-25\Technical_Report_EARAS_2024-25_Odisha.pdf,77,5.4,Ragi,ragi,14,Jharsuguda,0,Summer,production,qtl,27,27,ok
2024-25,..\raw\earas\2024-25\Technical_Report_EARAS_2024-25_Odisha.pdf,77,5.4,Ragi,ragi,14,Jharsuguda,0,Total,area,ha,467,467,ok
2024-25,..\raw\earas\2024-25\Technical_Report_EARAS_2024-25_Odisha.pdf,77,5.4,Ragi,ragi,14,Jharsuguda,0,Total,yield_rate,qtl/ha,6.45,6.45,ok
2024-25,..\raw\earas\2024-25\Technical_Report_EARAS_2024-25_Odisha.pdf,77,5.4,Ragi,ragi,14,Jharsuguda,0,Total,production,qtl,3012,3012,ok
2024-25,..\raw\earas\2024-25\Technical_Report_EARAS_2024-25_Odisha.pdf,77,5.4,Ragi,ragi,15,Kalahandi,0,Autumn,area,ha,24,24,ok
2024-25,..\raw\earas\2024-25\Technical_Report_EARAS_2024-25_Odisha.pdf,77,5.4,Ragi,ragi,15,Kalahandi,0,Autumn,yield_rate,qtl/ha,9.14,9.14,ok
2024-25,..\raw\earas\2024-25\Technical_Report_EARAS_2024-25_Odisha.pdf,77,5.4,Ragi,ragi,15,Kalahandi,0,Autumn,production,qtl,219,219,ok
2024-25,..\raw\earas\2024-25\Technical_Report_EARAS_2024-25_Odisha.pdf,77,5.4,Ragi,ragi,15,Kalahandi,0,Winter,area,ha,1212,1212,ok
2024-25,..\raw\earas\2024-25\Technical_Report_EARAS_2024-25_Odisha.pdf,77,5.4,Ragi,ragi,15,Kalahandi,0,Winter,yield_rate,qtl/ha,4.66,4.66,ok
2024-25,..\raw\earas\2024-25\Technical_Report_EARAS_2024-25_Odisha.pdf,77,5.4,Ragi,ragi,15,Kalahandi,0,Winter,production,qtl,5648,5648,ok
2024-25,..\raw\earas\2024-25\Technical_Report_EARAS_2024-25_Odisha.pdf,77,5.4,Ragi,ragi,15,Kalahandi,0,Summer,area,ha,-,,dash
2024-25,..\raw\earas\2024-25\Technical_Report_EARAS_2024-25_Odisha.pdf,77,5.4,Ragi,ragi,15,Kalahandi,0,Summer,yield_rate,qtl/ha,-,,dash
2024-25,..\raw\earas\2024-25\Technical_Report_EARAS_2024-25_Odisha.pdf,77,5.4,Ragi,ragi,15,Kalahandi,0,Summer,production,qtl,-,,dash
2024-25,..\raw\earas\2024-25\Technical_Report_EARAS_2024-25_Odisha.pdf,77,5.4,Ragi,ragi,15,Kalahandi,0,Total,area,ha,1236,1236,ok
2024-25,..\raw\earas\2024-25\Technical_Report_EARAS_2024-25_Odisha.pdf,77,5.4,Ragi,ragi,15,Kalahandi,0,Total,yield_rate,qtl/ha,4.75,4.75,ok
2024-25,..\raw\earas\2024-25\Technical_Report_EARAS_2024-25_Odisha.pdf,77,5.4,Ragi,ragi,15,Kalahandi,0,Total,production,qtl,5867,5867,ok
2024-25,..\raw\earas\2024-25\Technical_Report_EARAS_2024-25_Odisha.pdf,77,5.4,Ragi,ragi,16,Kandhamal,0,Autumn,area,ha,36,36,ok
2024-25,..\raw\earas\2024-25\Technical_Report_EARAS_2024-25_Odisha.pdf,77,5.4,Ragi,ragi,16,Kandhamal,0,Autumn,yield_rate,qtl/ha,7.03,7.03,ok
2024-25,..\raw\earas\2024-25\Technical_Report_EARAS_2024-25_Odisha.pdf,77,5.4,Ragi,ragi,16,Kandhamal,0,Autumn,production,qtl,253,253,ok
2024-25,..\raw\earas\2024-25\Technical_Report_EARAS_2024-25_Odisha.pdf,77,5.4,Ragi,ragi,16,Kandhamal,0,Winter,area,ha,416,416,ok
2024-25,..\raw\earas\2024-25\Technical_Report_EARAS_2024-25_Odisha.pdf,77,5.4,Ragi,ragi,16,Kandhamal,0,Winter,yield_rate,qtl/ha,6.70,6.70,ok
2024-25,..\raw\earas\2024-25\Technical_Report_EARAS_2024-25_Odisha.pdf,77,5.4,Ragi,ragi,16,Kandhamal,0,Winter,production,qtl,2787,2787,ok
2024-25,..\raw\earas\2024-25\Technical_Report_EARAS_2024-25_Odisha.pdf,77,5.4,Ragi,ragi,16,Kandhamal,0,Summer,area,ha,2,2,ok
2024-25,..\raw\earas\2024-25\Technical_Report_EARAS_2024-25_Odisha.pdf,77,5.4,Ragi,ragi,16,Kandhamal,0,Summer,yield_rate,qtl/ha,5.67,5.67,ok
2024-25,..\raw\earas\2024-25\Technical_Report_EARAS_2024-25_Odisha.pdf,77,5.4,Ragi,ragi,16,Kandhamal,0,Summer,production,qtl,11,11,ok
2024-25,..\raw\earas\2024-25\Technical_Report_EARAS_2024-25_Odisha.pdf,77,5.4,Ragi,ragi,16,Kandhamal,0,Total,area,ha,454,454,ok
2024-25,..\raw\earas\2024-25\Technical_Report_EARAS_2024-25_Odisha.pdf,77,5.4,Ragi,ragi,16,Kandhamal,0,Total,yield_rate,qtl/ha,6.72,6.72,ok
2024-25,..\raw\earas\2024-25\Technical_Report_EARAS_2024-25_Odisha.pdf,77,5.4,Ragi,ragi,16,Kandhamal,0,Total,production,qtl,3051,3051,ok
2024-25,..\raw\earas\2024-25\Technical_Report_EARAS_2024-25_Odisha.pdf,77,5.4,Ragi,ragi,17,Kendrapada,0,Autumn,area,ha,1,1,ok
2024-25,..\raw\earas\2024-25\Technical_Report_EARAS_2024-25_Odisha.pdf,77,5.4,Ragi,ragi,17,Kendrapada,0,Autumn,yield_rate,qtl/ha,3.87,3.87,ok
2024-25,..\raw\earas\2024-25\Technical_Report_EARAS_2024-25_Odisha.pdf,77,5.4,Ragi,ragi,17,Kendrapada,0,Autumn,production,qtl,4,4,ok
2024-25,..\raw\earas\2024-25\Technical_Report_EARAS_2024-25_Odisha.pdf,77,5.4,Ragi,ragi,17,Kendrapada,0,Winter,area,ha,1,1,ok
2024-25,..\raw\earas\2024-25\Technical_Report_EARAS_2024-25_Odisha.pdf,77,5.4,Ragi,ragi,17,Kendrapada,0,Winter,yield_rate,qtl/ha,3.97,3.97,ok
2024-25,..\raw\earas\2024-25\Technical_Report_EARAS_2024-25_Odisha.pdf,77,5.4,Ragi,ragi,17,Kendrapada,0,Winter,production,qtl,4,4,ok
2024-25,..\raw\earas\2024-25\Technical_Report_EARAS_2024-25_Odisha.pdf,77,5.4,Ragi,ragi,17,Kendrapada,0,Summer,area,ha,10,10,ok
2024-25,..\raw\earas\2024-25\Technical_Report_EARAS_2024-25_Odisha.pdf,77,5.4,Ragi,ragi,17,Kendrapada,0,Summer,yield_rate,qtl/ha,6.64,6.64,ok
2024-25,..\raw\earas\2024-25\Technical_Report_EARAS_2024-25_Odisha.pdf,77,5.4,Ragi,ragi,17,Kendrapada,0,Summer,production,qtl,66,66,ok
2024-25,..\raw\earas\2024-25\Technical_Report_EARAS_2024-25_Odisha.pdf,77,5.4,Ragi,ragi,17,Kendrapada,0,Total,area,ha,12,12,ok
2024-25,..\raw\earas\2024-25\Technical_Report_EARAS_2024-25_Odisha.pdf,77,5.4,Ragi,ragi,17,Kendrapada,0,Total,yield_rate,qtl/ha,6.17,6.17,ok
2024-25,..\raw\earas\2024-25\Technical_Report_EARAS_2024-25_Odisha.pdf,77,5.4,Ragi,ragi,17,Kendrapada,0,Total,production,qtl,74,74,ok
2024-25,..\raw\earas\2024-25\Technical_Report_EARAS_2024-25_Odisha.pdf,77,5.4,Ragi,ragi,18,Keonjhar,0,Autumn,area,ha,161,161,ok
2024-25,..\raw\earas\2024-25\Technical_Report_EARAS_2024-25_Odisha.pdf,77,5.4,Ragi,ragi,18,Keonjhar,0,Autumn,yield_rate,qtl/ha,8.78,8.78,ok
2024-25,..\raw\earas\2024-25\Technical_Report_EARAS_2024-25_Odisha.pdf,77,5.4,Ragi,ragi,18,Keonjhar,0,Autumn,production,qtl,1414,1414,ok
2024-25,..\raw\earas\2024-25\Technical_Report_EARAS_2024-25_Odisha.pdf,77,5.4,Ragi,ragi,18,Keonjhar,0,Winter,area,ha,213,213,ok
2024-25,..\raw\earas\2024-25\Technical_Report_EARAS_2024-25_Odisha.pdf,77,5.4,Ragi,ragi,18,Keonjhar,0,Winter,yield_rate,qtl/ha,5.91,5.91,ok
2024-25,..\raw\earas\2024-25\Technical_Report_EARAS_2024-25_Odisha.pdf,77,5.4,Ragi,ragi,18,Keonjhar,0,Winter,production,qtl,1259,1259,ok
2024-25,..\raw\earas\2024-25\Technical_Report_EARAS_2024-25_Odisha.pdf,77,5.4,Ragi,ragi,18,Keonjhar,0,Summer,area,ha,97,97,ok
2024-25,..\raw\earas\2024-25\Technical_Report_EARAS_2024-25_Odisha.pdf,77,5.4,Ragi,ragi,18,Keonjhar,0,Summer,yield_rate,qtl/ha,6.96,6.96,ok
2024-25,..\raw\earas\2024-25\Technical_Report_EARAS_2024-25_Odisha.pdf,77,5.4,Ragi,ragi,18,Keonjhar,0,Summer,production,qtl,675,675,ok
2024-25,..\raw\earas\2024-25\Technical_Report_EARAS_2024-25_Odisha.pdf,77,5.4,Ragi,ragi,18,Keonjhar,0,Total,area,ha,471,471,ok
2024-25,..\raw\earas\2024-25\Technical_Report_EARAS_2024-25_Odisha.pdf,77,5.4,Ragi,ragi,18,Keonjhar,0,Total,yield_rate,qtl/ha,7.11,7.11,ok
2024-25,..\raw\earas\2024-25\Technical_Report_EARAS_2024-25_Odisha.pdf,77,5.4,Ragi,ragi,18,Keonjhar,0,Total,production,qtl,3348,3348,ok
2024-25,..\raw\earas\2024-25\Technical_Report_EARAS_2024-25_Odisha.pdf,77,5.4,Ragi,ragi,19,Khurda,0,Autumn,area,ha,5,5,ok
2024-25,..\raw\earas\2024-25\Technical_Report_EARAS_2024-25_Odisha.pdf,77,5.4,Ragi,ragi,19,Khurda,0,Autumn,yield_rate,qtl/ha,2.96,2.96,ok
2024-25,..\raw\earas\2024-25\Technical_Report_EARAS_2024-25_Odisha.pdf,77,5.4,Ragi,ragi,19,Khurda,0,Autumn,production,qtl,15,15,ok
2024-25,..\raw\earas\2024-25\Technical_Report_EARAS_2024-25_Odisha.pdf,77,5.4,Ragi,ragi,19,Khurda,0,Winter,area,ha,10,10,ok
2024-25,..\raw\earas\2024-25\Technical_Report_EARAS_2024-25_Odisha.pdf,77,5.4,Ragi,ragi,19,Khurda,0,Winter,yield_rate,qtl/ha,5.44,5.44,ok
2024-25,..\raw\earas\2024-25\Technical_Report_EARAS_2024-25_Odisha.pdf,77,5.4,Ragi,ragi,19,Khurda,0,Winter,production,qtl,54,54,ok
2024-25,..\raw\earas\2024-25\Technical_Report_EARAS_2024-25_Odisha.pdf,77,5.4,Ragi,ragi,19,Khurda,0,Summer,area,ha,7,7,ok
2024-25,..\raw\earas\2024-25\Technical_Report_EARAS_2024-25_Odisha.pdf,77,5.4,Ragi,ragi,19,Khurda,0,Summer,yield_rate,qtl/ha,6.99,6.99,ok
2024-25,..\raw\earas\2024-25\Technical_Report_EARAS_2024-25_Odisha.pdf,77,5.4,Ragi,ragi,19,Khurda,0,Summer,production,qtl,49,49,ok
2024-25,..\raw\earas\2024-25\Technical_Report_EARAS_2024-25_Odisha.pdf,77,5.4,Ragi,ragi,19,Khurda,0,Total,area,ha,22,22,ok
2024-25,..\raw\earas\2024-25\Technical_Report_EARAS_2024-25_Odisha.pdf,77,5.4,Ragi,ragi,19,Khurda,0,Total,yield_rate,qtl/ha,5.36,5.36,ok
2024-25,..\raw\earas\2024-25\Technical_Report_EARAS_2024-25_Odisha.pdf,77,5.4,Ragi,ragi,19,Khurda,0,Total,production,qtl,118,118,ok
2024-25,..\raw\earas\2024-25\Technical_Report_EARAS_2024-25_Odisha.pdf,77,5.4,Ragi,ragi,20,Koraput,0,Autumn,area,ha,762,762,ok
2024-25,..\raw\earas\2024-25\Technical_Report_EARAS_2024-25_Odisha.pdf,77,5.4,Ragi,ragi,20,Koraput,0,Autumn,yield_rate,qtl/ha,8.72,8.72,ok
2024-25,..\raw\earas\2024-25\Technical_Report_EARAS_2024-25_Odisha.pdf,77,5.4,Ragi,ragi,20,Koraput,0,Autumn,production,qtl,6645,6645,ok
2024-25,..\raw\earas\2024-25\Technical_Report_EARAS_2024-25_Odisha.pdf,77,5.4,Ragi,ragi,20,Koraput,0,Winter,area,ha,25775,25775,ok
2024-25,..\raw\earas\2024-25\Technical_Report_EARAS_2024-25_Odisha.pdf,77,5.4,Ragi,ragi,20,Koraput,0,Winter,yield_rate,qtl/ha,10.08,10.08,ok
2024-25,..\raw\earas\2024-25\Technical_Report_EARAS_2024-25_Odisha.pdf,77,5.4,Ragi,ragi,20,Koraput,0,Winter,production,qtl,259812,259812,ok
2024-25,..\raw\earas\2024-25\Technical_Report_EARAS_2024-25_Odisha.pdf,77,5.4,Ragi,ragi,20,Koraput,0,Summer,area,ha,41,41,ok
2024-25,..\raw\earas\2024-25\Technical_Report_EARAS_2024-25_Odisha.pdf,77,5.4,Ragi,ragi,20,Koraput,0,Summer,yield_rate,qtl/ha,6.97,6.97,ok
2024-25,..\raw\earas\2024-25\Technical_Report_EARAS_2024-25_Odisha.pdf,77,5.4,Ragi,ragi,20,Koraput,0,Summer,production,qtl,286,286,ok
2024-25,..\raw\earas\2024-25\Technical_Report_EARAS_2024-25_Odisha.pdf,77,5.4,Ragi,ragi,20,Koraput,0,Total,area,ha,26578,26578,ok
2024-25,..\raw\earas\2024-25\Technical_Report_EARAS_2024-25_Odisha.pdf,77,5.4,Ragi,ragi,20,Koraput,0,Total,yield_rate,qtl/ha,10.04,10.04,ok
2024-25,..\raw\earas\2024-25\Technical_Report_EARAS_2024-25_Odisha.pdf,77,5.4,Ragi,ragi,20,Koraput,0,Total,production,qtl,266743,266743,ok
2024-25,..\raw\earas\2024-25\Technical_Report_EARAS_2024-25_Odisha.pdf,77,5.4,Ragi,ragi,21,Malkangiri,0,Autumn,area,ha,-,,dash
2024-25,..\raw\earas\2024-25\Technical_Report_EARAS_2024-25_Odisha.pdf,77,5.4,Ragi,ragi,21,Malkangiri,0,Autumn,yield_rate,qtl/ha,-,,dash
2024-25,..\raw\earas\2024-25\Technical_Report_EARAS_2024-25_Odisha.pdf,77,5.4,Ragi,ragi,21,Malkangiri,0,Autumn,production,qtl,-,,dash
2024-25,..\raw\earas\2024-25\Technical_Report_EARAS_2024-25_Odisha.pdf,77,5.4,Ragi,ragi,21,Malkangiri,0,Winter,area,ha,3994,3994,ok
2024-25,..\raw\earas\2024-25\Technical_Report_EARAS_2024-25_Odisha.pdf,77,5.4,Ragi,ragi,21,Malkangiri,0,Winter,yield_rate,qtl/ha,9.01,9.01,ok
2024-25,..\raw\earas\2024-25\Technical_Report_EARAS_2024-25_Odisha.pdf,77,5.4,Ragi,ragi,21,Malkangiri,0,Winter,production,qtl,35986,35986,ok
2024-25,..\raw\earas\2024-25\Technical_Report_EARAS_2024-25_Odisha.pdf,77,5.4,Ragi,ragi,21,Malkangiri,0,Summer,area,ha,-,,dash
2024-25,..\raw\earas\2024-25\Technical_Report_EARAS_2024-25_Odisha.pdf,77,5.4,Ragi,ragi,21,Malkangiri,0,Summer,yield_rate,qtl/ha,-,,dash
2024-25,..\raw\earas\2024-25\Technical_Report_EARAS_2024-25_Odisha.pdf,77,5.4,Ragi,ragi,21,Malkangiri,0,Summer,production,qtl,-,,dash
2024-25,..\raw\earas\2024-25\Technical_Report_EARAS_2024-25_Odisha.pdf,77,5.4,Ragi,ragi,21,Malkangiri,0,Total,area,ha,3994,3994,ok
2024-25,..\raw\earas\2024-25\Technical_Report_EARAS_2024-25_Odisha.pdf,77,5.4,Ragi,ragi,21,Malkangiri,0,Total,yield_rate,qtl/ha,9.01,9.01,ok
2024-25,..\raw\earas\2024-25\Technical_Report_EARAS_2024-25_Odisha.pdf,77,5.4,Ragi,ragi,21,Malkangiri,0,Total,production,qtl,35986,35986,ok
2024-25,..\raw\earas\2024-25\Technical_Report_EARAS_2024-25_Odisha.pdf,77,5.4,Ragi,ragi,22,Mayurbhanja,0,Autumn,area,ha,125,125,ok
2024-25,..\raw\earas\2024-25\Technical_Report_EARAS_2024-25_Odisha.pdf,77,5.4,Ragi,ragi,22,Mayurbhanja,0,Autumn,yield_rate,qtl/ha,6.59,6.59,ok
2024-25,..\raw\earas\2024-25\Technical_Report_EARAS_2024-25_Odisha.pdf,77,5.4,Ragi,ragi,22,Mayurbhanja,0,Autumn,production,qtl,824,824,ok
2024-25,..\raw\earas\2024-25\Technical_Report_EARAS_2024-25_Odisha.pdf,77,5.4,Ragi,ragi,22,Mayurbhanja,0,Winter,area,ha,341,341,ok
2024-25,..\raw\earas\2024-25\Technical_Report_EARAS_2024-25_Odisha.pdf,77,5.4,Ragi,ragi,22,Mayurbhanja,0,Winter,yield_rate,qtl/ha,7.23,7.23,ok
2024-25,..\raw\earas\2024-25\Technical_Report_EARAS_2024-25_Odisha.pdf,77,5.4,Ragi,ragi,22,Mayurbhanja,0,Winter,production,qtl,2465,2465,ok
2024-25,..\raw\earas\2024-25\Technical_Report_EARAS_2024-25_Odisha.pdf,77,5.4,Ragi,ragi,22,Mayurbhanja,0,Summer,area,ha,58,58,ok
2024-25,..\raw\earas\2024-25\Technical_Report_EARAS_2024-25_Odisha.pdf,77,5.4,Ragi,ragi,22,Mayurbhanja,0,Summer,yield_rate,qtl/ha,5.18,5.18,ok
2024-25,..\raw\earas\2024-25\Technical_Report_EARAS_2024-25_Odisha.pdf,77,5.4,Ragi,ragi,22,Mayurbhanja,0,Summer,production,qtl,300,300,ok
2024-25,..\raw\earas\2024-25\Technical_Report_EARAS_2024-25_Odisha.pdf,77,5.4,Ragi,ragi,22,Mayurbhanja,0,Total,area,ha,524,524,ok
2024-25,..\raw\earas\2024-25\Technical_Report_EARAS_2024-25_Odisha.pdf,77,5.4,Ragi,ragi,22,Mayurbhanja,0,Total,yield_rate,qtl/ha,6.85,6.85,ok
2024-25,..\raw\earas\2024-25\Technical_Report_EARAS_2024-25_Odisha.pdf,77,5.4,Ragi,ragi,22,Mayurbhanja,0,Total,production,qtl,3589,3589,ok
2024-25,..\raw\earas\2024-25\Technical_Report_EARAS_2024-25_Odisha.pdf,77,5.4,Ragi,ragi,23,Nuapada,0,Autumn,area,ha,1147,1147,ok
2024-25,..\raw\earas\2024-25\Technical_Report_EARAS_2024-25_Odisha.pdf,77,5.4,Ragi,ragi,23,Nuapada,0,Autumn,yield_rate,qtl/ha,5.40,5.40,ok
2024-25,..\raw\earas\2024-25\Technical_Report_EARAS_2024-25_Odisha.pdf,77,5.4,Ragi,ragi,23,Nuapada,0,Autumn,production,qtl,6194,6194,ok
2024-25,..\raw\earas\2024-25\Technical_Report_EARAS_2024-25_Odisha.pdf,77,5.4,Ragi,ragi,23,Nuapada,0,Winter,area,ha,-,,dash
2024-25,..\raw\earas\2024-25\Technical_Report_EARAS_2024-25_Odisha.pdf,77,5.4,Ragi,ragi,23,Nuapada,0,Winter,yield_rate,qtl/ha,-,,dash
2024-25,..\raw\earas\2024-25\Technical_Report_EARAS_2024-25_Odisha.pdf,77,5.4,Ragi,ragi,23,Nuapada,0,Winter,production,qtl,-,,dash
2024-25,..\raw\earas\2024-25\Technical_Report_EARAS_2024-25_Odisha.pdf,77,5.4,Ragi,ragi,23,Nuapada,0,Summer,area,ha,9,9,ok
2024-25,..\raw\earas\2024-25\Technical_Report_EARAS_2024-25_Odisha.pdf,77,5.4,Ragi,ragi,23,Nuapada,0,Summer,yield_rate,qtl/ha,7.95,7.95,ok
2024-25,..\raw\earas\2024-25\Technical_Report_EARAS_2024-25_Odisha.pdf,77,5.4,Ragi,ragi,23,Nuapada,0,Summer,production,qtl,72,72,ok
2024-25,..\raw\earas\2024-25\Technical_Report_EARAS_2024-25_Odisha.pdf,77,5.4,Ragi,ragi,23,Nuapada,0,Total,area,ha,1156,1156,ok
2024-25,..\raw\earas\2024-25\Technical_Report_EARAS_2024-25_Odisha.pdf,77,5.4,Ragi,ragi,23,Nuapada,0,Total,yield_rate,qtl/ha,5.42,5.42,ok
2024-25,..\raw\earas\2024-25\Technical_Report_EARAS_2024-25_Odisha.pdf,77,5.4,Ragi,ragi,23,Nuapada,0,Total,production,qtl,6266,6266,ok
2024-25,..\raw\earas\2024-25\Technical_Report_EARAS_2024-25_Odisha.pdf,77,5.4,Ragi,ragi,24,Nayagada,0,Autumn,area,ha,871,871,ok
2024-25,..\raw\earas\2024-25\Technical_Report_EARAS_2024-25_Odisha.pdf,77,5.4,Ragi,ragi,24,Nayagada,0,Autumn,yield_rate,qtl/ha,8.04,8.04,ok
2024-25,..\raw\earas\2024-25\Technical_Report_EARAS_2024-25_Odisha.pdf,77,5.4,Ragi,ragi,24,Nayagada,0,Autumn,production,qtl,7003,7003,ok
2024-25,..\raw\earas\2024-25\Technical_Report_EARAS_2024-25_Odisha.pdf,77,5.4,Ragi,ragi,24,Nayagada,0,Winter,area,ha,839,839,ok
2024-25,..\raw\earas\2024-25\Technical_Report_EARAS_2024-25_Odisha.pdf,77,5.4,Ragi,ragi,24,Nayagada,0,Winter,yield_rate,qtl/ha,6.47,6.47,ok
2024-25,..\raw\earas\2024-25\Technical_Report_EARAS_2024-25_Odisha.pdf,77,5.4,Ragi,ragi,24,Nayagada,0,Winter,production,qtl,5428,5428,ok
2024-25,..\raw\earas\2024-25\Technical_Report_EARAS_2024-25_Odisha.pdf,77,5.4,Ragi,ragi,24,Nayagada,0,Summer,area,ha,72,72,ok
2024-25,..\raw\earas\2024-25\Technical_Report_EARAS_2024-25_Odisha.pdf,77,5.4,Ragi,ragi,24,Nayagada,0,Summer,yield_rate,qtl/ha,7.45,7.45,ok
2024-25,..\raw\earas\2024-25\Technical_Report_EARAS_2024-25_Odisha.pdf,77,5.4,Ragi,ragi,24,Nayagada,0,Summer,production,qtl,536,536,ok
2024-25,..\raw\earas\2024-25\Technical_Report_EARAS_2024-25_Odisha.pdf,77,5.4,Ragi,ragi,24,Nayagada,0,Total,area,ha,1782,1782,ok
2024-25,..\raw\earas\2024-25\Technical_Report_EARAS_2024-25_Odisha.pdf,77,5.4,Ragi,ragi,24,Nayagada,0,Total,yield_rate,qtl/ha,7.28,7.28,ok
2024-25,..\raw\earas\2024-25\Technical_Report_EARAS_2024-25_Odisha.pdf,77,5.4,Ragi,ragi,24,Nayagada,0,Total,production,qtl,12967,12967,ok
2024-25,..\raw\earas\2024-25\Technical_Report_EARAS_2024-25_Odisha.pdf,77,5.4,Ragi,ragi,25,Nawarangpur,0,Autumn,area,ha,1429,1429,ok
2024-25,..\raw\earas\2024-25\Technical_Report_EARAS_2024-25_Odisha.pdf,77,5.4,Ragi,ragi,25,Nawarangpur,0,Autumn,yield_rate,qtl/ha,6.27,6.27,ok
2024-25,..\raw\earas\2024-25\Technical_Report_EARAS_2024-25_Odisha.pdf,77,5.4,Ragi,ragi,25,Nawarangpur,0,Autumn,production,qtl,8960,8960,ok
2024-25,..\raw\earas\2024-25\Technical_Report_EARAS_2024-25_Odisha.pdf,77,5.4,Ragi,ragi,25,Nawarangpur,0,Winter,area,ha,698,698,ok
2024-25,..\raw\earas\2024-25\Technical_Report_EARAS_2024-25_Odisha.pdf,77,5.4,Ragi,ragi,25,Nawarangpur,0,Winter,yield_rate,qtl/ha,7.79,7.79,ok
2024-25,..\raw\earas\2024-25\Technical_Report_EARAS_2024-25_Odisha.pdf,77,5.4,Ragi,ragi,25,Nawarangpur,0,Winter,production,qtl,5437,5437,ok
2024-25,..\raw\earas\2024-25\Technical_Report_EARAS_2024-25_Odisha.pdf,77,5.4,Ragi,ragi,25,Nawarangpur,0,Summer,area,ha,71,71,ok
2024-25,..\raw\earas\2024-25\Technical_Report_EARAS_2024-25_Odisha.pdf,77,5.4,Ragi,ragi,25,Nawarangpur,0,Summer,yield_rate,qtl/ha,6.82,6.82,ok
2024-25,..\raw\earas\2024-25\Technical_Report_EARAS_2024-25_Odisha.pdf,77,5.4,Ragi,ragi,25,Nawarangpur,0,Summer,production,qtl,484,484,ok
2024-25,..\raw\earas\2024-25\Technical_Report_EARAS_2024-25_Odisha.pdf,77,5.4,Ragi,ragi,25,Nawarangpur,0,Total,area,ha,2198,2198,ok
2024-25,..\raw\earas\2024-25\Technical_Report_EARAS_2024-25_Odisha.pdf,77,5.4,Ragi,ragi,25,Nawarangpur,0,Total,yield_rate,qtl/ha,6.77,6.77,ok
2024-25,..\raw\earas\2024-25\Technical_Report_EARAS_2024-25_Odisha.pdf,77,5.4,Ragi,ragi,25,Nawarangpur,0,Total,production,qtl,14881,14881,ok
2024-25,..\raw\earas\2024-25\Technical_Report_EARAS_2024-25_Odisha.pdf,77,5.4,Ragi,ragi,26,Puri,0,Autumn,area,ha,-,,dash
2024-25,..\raw\earas\2024-25\Technical_Report_EARAS_2024-25_Odisha.pdf,77,5.4,Ragi,ragi,26,Puri,0,Autumn,yield_rate,qtl/ha,-,,dash
2024-25,..\raw\earas\2024-25\Technical_Report_EARAS_2024-25_Odisha.pdf,77,5.4,Ragi,ragi,26,Puri,0,Autumn,production,qtl,-,,dash
2024-25,..\raw\earas\2024-25\Technical_Report_EARAS_2024-25_Odisha.pdf,77,5.4,Ragi,ragi,26,Puri,0,Winter,area,ha,10,10,ok
2024-25,..\raw\earas\2024-25\Technical_Report_EARAS_2024-25_Odisha.pdf,77,5.4,Ragi,ragi,26,Puri,0,Winter,yield_rate,qtl/ha,11.46,11.46,ok
2024-25,..\raw\earas\2024-25\Technical_Report_EARAS_2024-25_Odisha.pdf,77,5.4,Ragi,ragi,26,Puri,0,Winter,production,qtl,115,115,ok
2024-25,..\raw\earas\2024-25\Technical_Report_EARAS_2024-25_Odisha.pdf,77,5.4,Ragi,ragi,26,Puri,0,Summer,area,ha,47,47,ok
2024-25,..\raw\earas\2024-25\Technical_Report_EARAS_2024-25_Odisha.pdf,77,5.4,Ragi,ragi,26,Puri,0,Summer,yield_rate,qtl/ha,9.85,9.85,ok
2024-25,..\raw\earas\2024-25\Technical_Report_EARAS_2024-25_Odisha.pdf,77,5.4,Ragi,ragi,26,Puri,0,Summer,production,qtl,463,463,ok
2024-25,..\raw\earas\2024-25\Technical_Report_EARAS_2024-25_Odisha.pdf,77,5.4,Ragi,ragi,26,Puri,0,Total,area,ha,57,57,ok
2024-25,..\raw\earas\2024-25\Technical_Report_EARAS_2024-25_Odisha.pdf,77,5.4,Ragi,ragi,26,Puri,0,Total,yield_rate,qtl/ha,10.14,10.14,ok
2024-25,..\raw\earas\2024-25\Technical_Report_EARAS_2024-25_Odisha.pdf,77,5.4,Ragi,ragi,26,Puri,0,Total,production,qtl,578,578,ok
2024-25,..\raw\earas\2024-25\Technical_Report_EARAS_2024-25_Odisha.pdf,77,5.4,Ragi,ragi,27,Raygada,0,Autumn,area,ha,99,99,ok
2024-25,..\raw\earas\2024-25\Technical_Report_EARAS_2024-25_Odisha.pdf,77,5.4,Ragi,ragi,27,Raygada,0,Autumn,yield_rate,qtl/ha,6.23,6.23,ok
2024-25,..\raw\earas\2024-25\Technical_Report_EARAS_2024-25_Odisha.pdf,77,5.4,Ragi,ragi,27,Raygada,0,Autumn,production,qtl,617,617,ok
2024-25,..\raw\earas\2024-25\Technical_Report_EARAS_2024-25_Odisha.pdf,77,5.4,Ragi,ragi,27,Raygada,0,Winter,area,ha,7261,7261,ok
2024-25,..\raw\earas\2024-25\Technical_Report_EARAS_2024-25_Odisha.pdf,77,5.4,Ragi,ragi,27,Raygada,0,Winter,yield_rate,qtl/ha,7.23,7.23,ok
2024-25,..\raw\earas\2024-25\Technical_Report_EARAS_2024-25_Odisha.pdf,77,5.4,Ragi,ragi,27,Raygada,0,Winter,production,qtl,52497,52497,ok
2024-25,..\raw\earas\2024-25\Technical_Report_EARAS_2024-25_Odisha.pdf,77,5.4,Ragi,ragi,27,Raygada,0,Summer,area,ha,2,2,ok
2024-25,..\raw\earas\2024-25\Technical_Report_EARAS_2024-25_Odisha.pdf,77,5.4,Ragi,ragi,27,Raygada,0,Summer,yield_rate,qtl/ha,9.03,9.03,ok
2024-25,..\raw\earas\2024-25\Technical_Report_EARAS_2024-25_Odisha.pdf,77,5.4,Ragi,ragi,27,Raygada,0,Summer,production,qtl,18,18,ok
2024-25,..\raw\earas\2024-25\Technical_Report_EARAS_2024-25_Odisha.pdf,77,5.4,Ragi,ragi,27,Raygada,0,Total,area,ha,7362,7362,ok
2024-25,..\raw\earas\2024-25\Technical_Report_EARAS_2024-25_Odisha.pdf,77,5.4,Ragi,ragi,27,Raygada,0,Total,yield_rate,qtl/ha,7.22,7.22,ok
2024-25,..\raw\earas\2024-25\Technical_Report_EARAS_2024-25_Odisha.pdf,77,5.4,Ragi,ragi,27,Raygada,0,Total,production,qtl,53132,53132,ok
2024-25,..\raw\earas\2024-25\Technical_Report_EARAS_2024-25_Odisha.pdf,77,5.4,Ragi,ragi,28,Sambalpur,0,Autumn,area,ha,-,,dash
2024-25,..\raw\earas\2024-25\Technical_Report_EARAS_2024-25_Odisha.pdf,77,5.4,Ragi,ragi,28,Sambalpur,0,Autumn,yield_rate,qtl/ha,-,,dash
2024-25,..\raw\earas\2024-25\Technical_Report_EARAS_2024-25_Odisha.pdf,77,5.4,Ragi,ragi,28,Sambalpur,0,Autumn,production,qtl,-,,dash
2024-25,..\raw\earas\2024-25\Technical_Report_EARAS_2024-25_Odisha.pdf,77,5.4,Ragi,ragi,28,Sambalpur,0,Winter,area,ha,82,82,ok
2024-25,..\raw\earas\2024-25\Technical_Report_EARAS_2024-25_Odisha.pdf,77,5.4,Ragi,ragi,28,Sambalpur,0,Winter,yield_rate,qtl/ha,4.20,4.20,ok
2024-25,..\raw\earas\2024-25\Technical_Report_EARAS_2024-25_Odisha.pdf,77,5.4,Ragi,ragi,28,Sambalpur,0,Winter,production,qtl,344,344,ok
2024-25,..\raw\earas\2024-25\Technical_Report_EARAS_2024-25_Odisha.pdf,77,5.4,Ragi,ragi,28,Sambalpur,0,Summer,area,ha,3,3,ok
2024-25,..\raw\earas\2024-25\Technical_Report_EARAS_2024-25_Odisha.pdf,77,5.4,Ragi,ragi,28,Sambalpur,0,Summer,yield_rate,qtl/ha,9.09,9.09,ok
2024-25,..\raw\earas\2024-25\Technical_Report_EARAS_2024-25_Odisha.pdf,77,5.4,Ragi,ragi,28,Sambalpur,0,Summer,production,qtl,27,27,ok
2024-25,..\raw\earas\2024-25\Technical_Report_EARAS_2024-25_Odisha.pdf,77,5.4,Ragi,ragi,28,Sambalpur,0,Total,area,ha,85,85,ok
2024-25,..\raw\earas\2024-25\Technical_Report_EARAS_2024-25_Odisha.pdf,77,5.4,Ragi,ragi,28,Sambalpur,0,Total,yield_rate,qtl/ha,4.36,4.36,ok
2024-25,..\raw\earas\2024-25\Technical_Report_EARAS_2024-25_Odisha.pdf,77,5.4,Ragi,ragi,28,Sambalpur,0,Total,production,qtl,371,371,ok
2024-25,..\raw\earas\2024-25\Technical_Report_EARAS_2024-25_Odisha.pdf,77,5.4,Ragi,ragi,29,Subarnapur,0,Autumn,area,ha,-,,dash
2024-25,..\raw\earas\2024-25\Technical_Report_EARAS_2024-25_Odisha.pdf,77,5.4,Ragi,ragi,29,Subarnapur,0,Autumn,yield_rate,qtl/ha,-,,dash
2024-25,..\raw\earas\2024-25\Technical_Report_EARAS_2024-25_Odisha.pdf,77,5.4,Ragi,ragi,29,Subarnapur,0,Autumn,production,qtl,-,,dash
2024-25,..\raw\earas\2024-25\Technical_Report_EARAS_2024-25_Odisha.pdf,77,5.4,Ragi,ragi,29,Subarnapur,0,Winter,area,ha,18,18,ok
2024-25,..\raw\earas\2024-25\Technical_Report_EARAS_2024-25_Odisha.pdf,77,5.4,Ragi,ragi,29,Subarnapur,0,Winter,yield_rate,qtl/ha,7.73,7.73,ok
2024-25,..\raw\earas\2024-25\Technical_Report_EARAS_2024-25_Odisha.pdf,77,5.4,Ragi,ragi,29,Subarnapur,0,Winter,production,qtl,139,139,ok
2024-25,..\raw\earas\2024-25\Technical_Report_EARAS_2024-25_Odisha.pdf,77,5.4,Ragi,ragi,29,Subarnapur,0,Summer,area,ha,10,10,ok
2024-25,..\raw\earas\2024-25\Technical_Report_EARAS_2024-25_Odisha.pdf,77,5.4,Ragi,ragi,29,Subarnapur,0,Summer,yield_rate,qtl/ha,11.19,11.19,ok
2024-25,..\raw\earas\2024-25\Technical_Report_EARAS_2024-25_Odisha.pdf,77,5.4,Ragi,ragi,29,Subarnapur,0,Summer,production,qtl,112,112,ok
2024-25,..\raw\earas\2024-25\Technical_Report_EARAS_2024-25_Odisha.pdf,77,5.4,Ragi,ragi,29,Subarnapur,0,Total,area,ha,28,28,ok
2024-25,..\raw\earas\2024-25\Technical_Report_EARAS_2024-25_Odisha.pdf,77,5.4,Ragi,ragi,29,Subarnapur,0,Total,yield_rate,qtl/ha,8.96,8.96,ok
2024-25,..\raw\earas\2024-25\Technical_Report_EARAS_2024-25_Odisha.pdf,77,5.4,Ragi,ragi,29,Subarnapur,0,Total,production,qtl,251,251,ok
2024-25,..\raw\earas\2024-25\Technical_Report_EARAS_2024-25_Odisha.pdf,77,5.4,Ragi,ragi,30,Sundargarh,0,Autumn,area,ha,359,359,ok
2024-25,..\raw\earas\2024-25\Technical_Report_EARAS_2024-25_Odisha.pdf,77,5.4,Ragi,ragi,30,Sundargarh,0,Autumn,yield_rate,qtl/ha,6.13,6.13,ok
2024-25,..\raw\earas\2024-25\Technical_Report_EARAS_2024-25_Odisha.pdf,77,5.4,Ragi,ragi,30,Sundargarh,0,Autumn,production,qtl,2201,2201,ok
2024-25,..\raw\earas\2024-25\Technical_Report_EARAS_2024-25_Odisha.pdf,77,5.4,Ragi,ragi,30,Sundargarh,0,Winter,area,ha,166,166,ok
2024-25,..\raw\earas\2024-25\Technical_Report_EARAS_2024-25_Odisha.pdf,77,5.4,Ragi,ragi,30,Sundargarh,0,Winter,yield_rate,qtl/ha,5.18,5.18,ok
2024-25,..\raw\earas\2024-25\Technical_Report_EARAS_2024-25_Odisha.pdf,77,5.4,Ragi,ragi,30,Sundargarh,0,Winter,production,qtl,860,860,ok
2024-25,..\raw\earas\2024-25\Technical_Report_EARAS_2024-25_Odisha.pdf,77,5.4,Ragi,ragi,30,Sundargarh,0,Summer,area,ha,21,21,ok
2024-25,..\raw\earas\2024-25\Technical_Report_EARAS_2024-25_Odisha.pdf,77,5.4,Ragi,ragi,30,Sundargarh,0,Summer,yield_rate,qtl/ha,9.42,9.42,ok
2024-25,..\raw\earas\2024-25\Technical_Report_EARAS_2024-25_Odisha.pdf,77,5.4,Ragi,ragi,30,Sundargarh,0,Summer,production,qtl,198,198,ok
2024-25,..\raw\earas\2024-25\Technical_Report_EARAS_2024-25_Odisha.pdf,77,5.4,Ragi,ragi,30,Sundargarh,0,Total,area,ha,546,546,ok
2024-25,..\raw\earas\2024-25\Technical_Report_EARAS_2024-25_Odisha.pdf,77,5.4,Ragi,ragi,30,Sundargarh,0,Total,yield_rate,qtl/ha,5.97,5.97,ok
2024-25,..\raw\earas\2024-25\Technical_Report_EARAS_2024-25_Odisha.pdf,77,5.4,Ragi,ragi,30,Sundargarh,0,Total,production,qtl,3259,3259,ok
2024-25,..\raw\earas\2024-25\Technical_Report_EARAS_2024-25_Odisha.pdf,77,5.4,Ragi,ragi,,STATE,1,Autumn,area,ha,9842,9842,ok
2024-25,..\raw\earas\2024-25\Technical_Report_EARAS_2024-25_Odisha.pdf,77,5.4,Ragi,ragi,,STATE,1,Autumn,yield_rate,qtl/ha,7.57,7.57,ok
2024-25,..\raw\earas\2024-25\Technical_Report_EARAS_2024-25_Odisha.pdf,77,5.4,Ragi,ragi,,STATE,1,Autumn,production,qtl,74509,74509,ok
2024-25,..\raw\earas\2024-25\Technical_Report_EARAS_2024-25_Odisha.pdf,77,5.4,Ragi,ragi,,STATE,1,Winter,area,ha,42229,42229,ok
2024-25,..\raw\earas\2024-25\Technical_Report_EARAS_2024-25_Odisha.pdf,77,5.4,Ragi,ragi,,STATE,1,Winter,yield_rate,qtl/ha,9.03,9.03,ok
2024-25,..\raw\earas\2024-25\Technical_Report_EARAS_2024-25_Odisha.pdf,77,5.4,Ragi,ragi,,STATE,1,Winter,production,qtl,381184,381184,ok
2024-25,..\raw\earas\2024-25\Technical_Report_EARAS_2024-25_Odisha.pdf,77,5.4,Ragi,ragi,,STATE,1,Summer,area,ha,1019,1019,ok
2024-25,..\raw\earas\2024-25\Technical_Report_EARAS_2024-25_Odisha.pdf,77,5.4,Ragi,ragi,,STATE,1,Summer,yield_rate,qtl/ha,6.95,6.95,ok
2024-25,..\raw\earas\2024-25\Technical_Report_EARAS_2024-25_Odisha.pdf,77,5.4,Ragi,ragi,,STATE,1,Summer,production,qtl,7077,7077,ok
2024-25,..\raw\earas\2024-25\Technical_Report_EARAS_2024-25_Odisha.pdf,77,5.4,Ragi,ragi,,STATE,1,Total,area,ha,53090,53090,ok
2024-25,..\raw\earas\2024-25\Technical_Report_EARAS_2024-25_Odisha.pdf,77,5.4,Ragi,ragi,,STATE,1,Total,yield_rate,qtl/ha,8.72,8.72,ok
2024-25,..\raw\earas\2024-25\Technical_Report_EARAS_2024-25_Odisha.pdf,77,5.4,Ragi,ragi,,STATE,1,Total,production,qtl,462770,462770,ok
2024-25,..\raw\earas\2024-25\Technical_Report_EARAS_2024-25_Odisha.pdf,78,5.5,Mung,mung,1,Angul,0,Autumn,area,ha,572,572,ok
2024-25,..\raw\earas\2024-25\Technical_Report_EARAS_2024-25_Odisha.pdf,78,5.5,Mung,mung,1,Angul,0,Autumn,yield_rate,qtl/ha,4.18,4.18,ok
2024-25,..\raw\earas\2024-25\Technical_Report_EARAS_2024-25_Odisha.pdf,78,5.5,Mung,mung,1,Angul,0,Autumn,production,qtl,2391,2391,ok
2024-25,..\raw\earas\2024-25\Technical_Report_EARAS_2024-25_Odisha.pdf,78,5.5,Mung,mung,1,Angul,0,Winter,area,ha,740,740,ok
2024-25,..\raw\earas\2024-25\Technical_Report_EARAS_2024-25_Odisha.pdf,78,5.5,Mung,mung,1,Angul,0,Winter,yield_rate,qtl/ha,4.09,4.09,ok
2024-25,..\raw\earas\2024-25\Technical_Report_EARAS_2024-25_Odisha.pdf,78,5.5,Mung,mung,1,Angul,0,Winter,production,qtl,3027,3027,ok
2024-25,..\raw\earas\2024-25\Technical_Report_EARAS_2024-25_Odisha.pdf,78,5.5,Mung,mung,1,Angul,0,Summer,area,ha,1309,1309,ok
2024-25,..\raw\earas\2024-25\Technical_Report_EARAS_2024-25_Odisha.pdf,78,5.5,Mung,mung,1,Angul,0,Summer,yield_rate,qtl/ha,4.01,4.01,ok
2024-25,..\raw\earas\2024-25\Technical_Report_EARAS_2024-25_Odisha.pdf,78,5.5,Mung,mung,1,Angul,0,Summer,production,qtl,5249,5249,ok
2024-25,..\raw\earas\2024-25\Technical_Report_EARAS_2024-25_Odisha.pdf,78,5.5,Mung,mung,1,Angul,0,Total,area,ha,2621,2621,ok
2024-25,..\raw\earas\2024-25\Technical_Report_EARAS_2024-25_Odisha.pdf,78,5.5,Mung,mung,1,Angul,0,Total,yield_rate,qtl/ha,4.07,4.07,ok
2024-25,..\raw\earas\2024-25\Technical_Report_EARAS_2024-25_Odisha.pdf,78,5.5,Mung,mung,1,Angul,0,Total,production,qtl,10667,10667,ok
2024-25,..\raw\earas\2024-25\Technical_Report_EARAS_2024-25_Odisha.pdf,78,5.5,Mung,mung,2,Balangir,0,Autumn,area,ha,2333,2333,ok
2024-25,..\raw\earas\2024-25\Technical_Report_EARAS_2024-25_Odisha.pdf,78,5.5,Mung,mung,2,Balangir,0,Autumn,yield_rate,qtl/ha,3.49,3.49,ok
2024-25,..\raw\earas\2024-25\Technical_Report_EARAS_2024-25_Odisha.pdf,78,5.5,Mung,mung,2,Balangir,0,Autumn,production,qtl,8142,8142,ok
2024-25,..\raw\earas\2024-25\Technical_Report_EARAS_2024-25_Odisha.pdf,78,5.5,Mung,mung,2,Balangir,0,Winter,area,ha,8649,8649,ok
2024-25,..\raw\earas\2024-25\Technical_Report_EARAS_2024-25_Odisha.pdf,78,5.5,Mung,mung,2,Balangir,0,Winter,yield_rate,qtl/ha,3.80,3.80,ok
2024-25,..\raw\earas\2024-25\Technical_Report_EARAS_2024-25_Odisha.pdf,78,5.5,Mung,mung,2,Balangir,0,Winter,production,qtl,32866,32866,ok
2024-25,..\raw\earas\2024-25\Technical_Report_EARAS_2024-25_Odisha.pdf,78,5.5,Mung,mung,2,Balangir,0,Summer,area,ha,9849,9849,ok
2024-25,..\raw\earas\2024-25\Technical_Report_EARAS_2024-25_Odisha.pdf,78,5.5,Mung,mung,2,Balangir,0,Summer,yield_rate,qtl/ha,3.62,3.62,ok
2024-25,..\raw\earas\2024-25\Technical_Report_EARAS_2024-25_Odisha.pdf,78,5.5,Mung,mung,2,Balangir,0,Summer,production,qtl,35653,35653,ok
2024-25,..\raw\earas\2024-25\Technical_Report_EARAS_2024-25_Odisha.pdf,78,5.5,Mung,mung,2,Balangir,0,Total,area,ha,20831,20831,ok
2024-25,..\raw\earas\2024-25\Technical_Report_EARAS_2024-25_Odisha.pdf,78,5.5,Mung,mung,2,Balangir,0,Total,yield_rate,qtl/ha,3.68,3.68,ok
2024-25,..\raw\earas\2024-25\Technical_Report_EARAS_2024-25_Odisha.pdf,78,5.5,Mung,mung,2,Balangir,0,Total,production,qtl,76661,76661,ok
2024-25,..\raw\earas\2024-25\Technical_Report_EARAS_2024-25_Odisha.pdf,78,5.5,Mung,mung,3,Balasore,0,Autumn,area,ha,1,1,ok
2024-25,..\raw\earas\2024-25\Technical_Report_EARAS_2024-25_Odisha.pdf,78,5.5,Mung,mung,3,Balasore,0,Autumn,yield_rate,qtl/ha,5.96,5.96,ok
2024-25,..\raw\earas\2024-25\Technical_Report_EARAS_2024-25_Odisha.pdf,78,5.5,Mung,mung,3,Balasore,0,Autumn,production,qtl,6,6,ok
2024-25,..\raw\earas\2024-25\Technical_Report_EARAS_2024-25_Odisha.pdf,78,5.5,Mung,mung,3,Balasore,0,Winter,area,ha,-,,dash
2024-25,..\raw\earas\2024-25\Technical_Report_EARAS_2024-25_Odisha.pdf,78,5.5,Mung,mung,3,Balasore,0,Winter,yield_rate,qtl/ha,-,,dash
2024-25,..\raw\earas\2024-25\Technical_Report_EARAS_2024-25_Odisha.pdf,78,5.5,Mung,mung,3,Balasore,0,Winter,production,qtl,-,,dash
2024-25,..\raw\earas\2024-25\Technical_Report_EARAS_2024-25_Odisha.pdf,78,5.5,Mung,mung,3,Balasore,0,Summer,area,ha,2419,2419,ok
2024-25,..\raw\earas\2024-25\Technical_Report_EARAS_2024-25_Odisha.pdf,78,5.5,Mung,mung,3,Balasore,0,Summer,yield_rate,qtl/ha,3.91,3.91,ok
2024-25,..\raw\earas\2024-25\Technical_Report_EARAS_2024-25_Odisha.pdf,78,5.5,Mung,mung,3,Balasore,0,Summer,production,qtl,9458,9458,ok
2024-25,..\raw\earas\2024-25\Technical_Report_EARAS_2024-25_Odisha.pdf,78,5.5,Mung,mung,3,Balasore,0,Total,area,ha,2420,2420,ok
2024-25,..\raw\earas\2024-25\Technical_Report_EARAS_2024-25_Odisha.pdf,78,5.5,Mung,mung,3,Balasore,0,Total,yield_rate,qtl/ha,3.91,3.91,ok
2024-25,..\raw\earas\2024-25\Technical_Report_EARAS_2024-25_Odisha.pdf,78,5.5,Mung,mung,3,Balasore,0,Total,production,qtl,9464,9464,ok
2024-25,..\raw\earas\2024-25\Technical_Report_EARAS_2024-25_Odisha.pdf,78,5.5,Mung,mung,4,Bargarh,0,Autumn,area,ha,5913,5913,ok
2024-25,..\raw\earas\2024-25\Technical_Report_EARAS_2024-25_Odisha.pdf,78,5.5,Mung,mung,4,Bargarh,0,Autumn,yield_rate,qtl/ha,3.07,3.07,ok
2024-25,..\raw\earas\2024-25\Technical_Report_EARAS_2024-25_Odisha.pdf,78,5.5,Mung,mung,4,Bargarh,0,Autumn,production,qtl,18153,18153,ok
2024-25,..\raw\earas\2024-25\Technical_Report_EARAS_2024-25_Odisha.pdf,78,5.5,Mung,mung,4,Bargarh,0,Winter,area,ha,119,119,ok
2024-25,..\raw\earas\2024-25\Technical_Report_EARAS_2024-25_Odisha.pdf,78,5.5,Mung,mung,4,Bargarh,0,Winter,yield_rate,qtl/ha,2.79,2.79,ok
2024-25,..\raw\earas\2024-25\Technical_Report_EARAS_2024-25_Odisha.pdf,78,5.5,Mung,mung,4,Bargarh,0,Winter,production,qtl,332,332,ok
2024-25,..\raw\earas\2024-25\Technical_Report_EARAS_2024-25_Odisha.pdf,78,5.5,Mung,mung,4,Bargarh,0,Summer,area,ha,4248,4248,ok
2024-25,..\raw\earas\2024-25\Technical_Report_EARAS_2024-25_Odisha.pdf,78,5.5,Mung,mung,4,Bargarh,0,Summer,yield_rate,qtl/ha,3.72,3.72,ok
2024-25,..\raw\earas\2024-25\Technical_Report_EARAS_2024-25_Odisha.pdf,78,5.5,Mung,mung,4,Bargarh,0,Summer,production,qtl,15803,15803,ok
2024-25,..\raw\earas\2024-25\Technical_Report_EARAS_2024-25_Odisha.pdf,78,5.5,Mung,mung,4,Bargarh,0,Total,area,ha,10280,10280,ok
2024-25,..\raw\earas\2024-25\Technical_Report_EARAS_2024-25_Odisha.pdf,78,5.5,Mung,mung,4,Bargarh,0,Total,yield_rate,qtl/ha,3.34,3.34,ok
2024-25,..\raw\earas\2024-25\Technical_Report_EARAS_2024-25_Odisha.pdf,78,5.5,Mung,mung,4,Bargarh,0,Total,production,qtl,34288,34288,ok
2024-25,..\raw\earas\2024-25\Technical_Report_EARAS_2024-25_Odisha.pdf,78,5.5,Mung,mung,5,Bhadrak,0,Autumn,area,ha,-,,dash
2024-25,..\raw\earas\2024-25\Technical_Report_EARAS_2024-25_Odisha.pdf,78,5.5,Mung,mung,5,Bhadrak,0,Autumn,yield_rate,qtl/ha,-,,dash
2024-25,..\raw\earas\2024-25\Technical_Report_EARAS_2024-25_Odisha.pdf,78,5.5,Mung,mung,5,Bhadrak,0,Autumn,production,qtl,-,,dash
2024-25,..\raw\earas\2024-25\Technical_Report_EARAS_2024-25_Odisha.pdf,78,5.5,Mung,mung,5,Bhadrak,0,Winter,area,ha,-,,dash
2024-25,..\raw\earas\2024-25\Technical_Report_EARAS_2024-25_Odisha.pdf,78,5.5,Mung,mung,5,Bhadrak,0,Winter,yield_rate,qtl/ha,-,,dash
2024-25,..\raw\earas\2024-25\Technical_Report_EARAS_2024-25_Odisha.pdf,78,5.5,Mung,mung,5,Bhadrak,0,Winter,production,qtl,-,,dash
2024-25,..\raw\earas\2024-25\Technical_Report_EARAS_2024-25_Odisha.pdf,78,5.5,Mung,mung,5,Bhadrak,0,Summer,area,ha,2182,2182,ok
2024-25,..\raw\earas\2024-25\Technical_Report_EARAS_2024-25_Odisha.pdf,78,5.5,Mung,mung,5,Bhadrak,0,Summer,yield_rate,qtl/ha,4.20,4.20,ok
2024-25,..\raw\earas\2024-25\Technical_Report_EARAS_2024-25_Odisha.pdf,78,5.5,Mung,mung,5,Bhadrak,0,Summer,production,qtl,9164,9164,ok
2024-25,..\raw\earas\2024-25\Technical_Report_EARAS_2024-25_Odisha.pdf,78,5.5,Mung,mung,5,Bhadrak,0,Total,area,ha,2182,2182,ok
2024-25,..\raw\earas\2024-25\Technical_Report_EARAS_2024-25_Odisha.pdf,78,5.5,Mung,mung,5,Bhadrak,0,Total,yield_rate,qtl/ha,4.20,4.20,ok
2024-25,..\raw\earas\2024-25\Technical_Report_EARAS_2024-25_Odisha.pdf,78,5.5,Mung,mung,5,Bhadrak,0,Total,production,qtl,9164,9164,ok
2024-25,..\raw\earas\2024-25\Technical_Report_EARAS_2024-25_Odisha.pdf,78,5.5,Mung,mung,6,Boudh,0,Autumn,area,ha,152,152,ok
2024-25,..\raw\earas\2024-25\Technical_Report_EARAS_2024-25_Odisha.pdf,78,5.5,Mung,mung,6,Boudh,0,Autumn,yield_rate,qtl/ha,3.58,3.58,ok
2024-25,..\raw\earas\2024-25\Technical_Report_EARAS_2024-25_Odisha.pdf,78,5.5,Mung,mung,6,Boudh,0,Autumn,production,qtl,544,544,ok
2024-25,..\raw\earas\2024-25\Technical_Report_EARAS_2024-25_Odisha.pdf,78,5.5,Mung,mung,6,Boudh,0,Winter,area,ha,279,279,ok
2024-25,..\raw\earas\2024-25\Technical_Report_EARAS_2024-25_Odisha.pdf,78,5.5,Mung,mung,6,Boudh,0,Winter,yield_rate,qtl/ha,3.62,3.62,ok
2024-25,..\raw\earas\2024-25\Technical_Report_EARAS_2024-25_Odisha.pdf,78,5.5,Mung,mung,6,Boudh,0,Winter,production,qtl,1010,1010,ok
2024-25,..\raw\earas\2024-25\Technical_Report_EARAS_2024-25_Odisha.pdf,78,5.5,Mung,mung,6,Boudh,0,Summer,area,ha,2855,2855,ok
2024-25,..\raw\earas\2024-25\Technical_Report_EARAS_2024-25_Odisha.pdf,78,5.5,Mung,mung,6,Boudh,0,Summer,yield_rate,qtl/ha,3.20,3.20,ok
2024-25,..\raw\earas\2024-25\Technical_Report_EARAS_2024-25_Odisha.pdf,78,5.5,Mung,mung,6,Boudh,0,Summer,production,qtl,9136,9136,ok
2024-25,..\raw\earas\2024-25\Technical_Report_EARAS_2024-25_Odisha.pdf,78,5.5,Mung,mung,6,Boudh,0,Total,area,ha,3286,3286,ok
2024-25,..\raw\earas\2024-25\Technical_Report_EARAS_2024-25_Odisha.pdf,78,5.5,Mung,mung,6,Boudh,0,Total,yield_rate,qtl/ha,3.25,3.25,ok
2024-25,..\raw\earas\2024-25\Technical_Report_EARAS_2024-25_Odisha.pdf,78,5.5,Mung,mung,6,Boudh,0,Total,production,qtl,10690,10690,ok
2024-25,..\raw\earas\2024-25\Technical_Report_EARAS_2024-25_Odisha.pdf,78,5.5,Mung,mung,7,Cuttack,0,Autumn,area,ha,-,,dash
2024-25,..\raw\earas\2024-25\Technical_Report_EARAS_2024-25_Odisha.pdf,78,5.5,Mung,mung,7,Cuttack,0,Autumn,yield_rate,qtl/ha,-,,dash
2024-25,..\raw\earas\2024-25\Technical_Report_EARAS_2024-25_Odisha.pdf,78,5.5,Mung,mung,7,Cuttack,0,Autumn,production,qtl,-,,dash
2024-25,..\raw\earas\2024-25\Technical_Report_EARAS_2024-25_Odisha.pdf,78,5.5,Mung,mung,7,Cuttack,0,Winter,area,ha,117,117,ok
2024-25,..\raw\earas\2024-25\Technical_Report_EARAS_2024-25_Odisha.pdf,78,5.5,Mung,mung,7,Cuttack,0,Winter,yield_rate,qtl/ha,4.80,4.80,ok
2024-25,..\raw\earas\2024-25\Technical_Report_EARAS_2024-25_Odisha.pdf,78,5.5,Mung,mung,7,Cuttack,0,Winter,production,qtl,562,562,ok
2024-25,..\raw\earas\2024-25\Technical_Report_EARAS_2024-25_Odisha.pdf,78,5.5,Mung,mung,7,Cuttack,0,Summer,area,ha,20635,20635,ok
2024-25,..\raw\earas\2024-25\Technical_Report_EARAS_2024-25_Odisha.pdf,78,5.5,Mung,mung,7,Cuttack,0,Summer,yield_rate,qtl/ha,4.70,4.70,ok
2024-25,..\raw\earas\2024-25\Technical_Report_EARAS_2024-25_Odisha.pdf,78,5.5,Mung,mung,7,Cuttack,0,Summer,production,qtl,96985,96985,ok
2024-25,..\raw\earas\2024-25\Technical_Report_EARAS_2024-25_Odisha.pdf,78,5.5,Mung,mung,7,Cuttack,0,Total,area,ha,20752,20752,ok
2024-25,..\raw\earas\2024-25\Technical_Report_EARAS_2024-25_Odisha.pdf,78,5.5,Mung,mung,7,Cuttack,0,Total,yield_rate,qtl/ha,4.70,4.70,ok
2024-25,..\raw\earas\2024-25\Technical_Report_EARAS_2024-25_Odisha.pdf,78,5.5,Mung,mung,7,Cuttack,0,Total,production,qtl,97547,97547,ok
2024-25,..\raw\earas\2024-25\Technical_Report_EARAS_2024-25_Odisha.pdf,78,5.5,Mung,mung,8,Deogarh,0,Autumn,area,ha,81,81,ok
2024-25,..\raw\earas\2024-25\Technical_Report_EARAS_2024-25_Odisha.pdf,78,5.5,Mung,mung,8,Deogarh,0,Autumn,yield_rate,qtl/ha,2.88,2.88,ok
2024-25,..\raw\earas\2024-25\Technical_Report_EARAS_2024-25_Odisha.pdf,78,5.5,Mung,mung,8,Deogarh,0,Autumn,production,qtl,233,233,ok
2024-25,..\raw\earas\2024-25\Technical_Report_EARAS_2024-25_Odisha.pdf,78,5.5,Mung,mung,8,Deogarh,0,Winter,area,ha,1,1,ok
2024-25,..\raw\earas\2024-25\Technical_Report_EARAS_2024-25_Odisha.pdf,78,5.5,Mung,mung,8,Deogarh,0,Winter,yield_rate,qtl/ha,2.05,2.05,ok
2024-25,..\raw\earas\2024-25\Technical_Report_EARAS_2024-25_Odisha.pdf,78,5.5,Mung,mung,8,Deogarh,0,Winter,production,qtl,2,2,ok
2024-25,..\raw\earas\2024-25\Technical_Report_EARAS_2024-25_Odisha.pdf,78,5.5,Mung,mung,8,Deogarh,0,Summer,area,ha,262,262,ok
2024-25,..\raw\earas\2024-25\Technical_Report_EARAS_2024-25_Odisha.pdf,78,5.5,Mung,mung,8,Deogarh,0,Summer,yield_rate,qtl/ha,3.20,3.20,ok
2024-25,..\raw\earas\2024-25\Technical_Report_EARAS_2024-25_Odisha.pdf,78,5.5,Mung,mung,8,Deogarh,0,Summer,production,qtl,838,838,ok
2024-25,..\raw\earas\2024-25\Technical_Report_EARAS_2024-25_Odisha.pdf,78,5.5,Mung,mung,8,Deogarh,0,Total,area,ha,344,344,ok
2024-25,..\raw\earas\2024-25\Technical_Report_EARAS_2024-25_Odisha.pdf,78,5.5,Mung,mung,8,Deogarh,0,Total,yield_rate,qtl/ha,3.12,3.12,ok
2024-25,..\raw\earas\2024-25\Technical_Report_EARAS_2024-25_Odisha.pdf,78,5.5,Mung,mung,8,Deogarh,0,Total,production,qtl,1073,1073,ok
2024-25,..\raw\earas\2024-25\Technical_Report_EARAS_2024-25_Odisha.pdf,78,5.5,Mung,mung,9,Dhenkanal,0,Autumn,area,ha,42,42,ok
2024-25,..\raw\earas\2024-25\Technical_Report_EARAS_2024-25_Odisha.pdf,78,5.5,Mung,mung,9,Dhenkanal,0,Autumn,yield_rate,qtl/ha,5.01,5.01,ok
2024-25,..\raw\earas\2024-25\Technical_Report_EARAS_2024-25_Odisha.pdf,78,5.5,Mung,mung,9,Dhenkanal,0,Autumn,production,qtl,210,210,ok
2024-25,..\raw\earas\2024-25\Technical_Report_EARAS_2024-25_Odisha.pdf,78,5.5,Mung,mung,9,Dhenkanal,0,Winter,area,ha,342,342,ok
2024-25,..\raw\earas\2024-25\Technical_Report_EARAS_2024-25_Odisha.pdf,78,5.5,Mung,mung,9,Dhenkanal,0,Winter,yield_rate,qtl/ha,5.53,5.53,ok
2024-25,..\raw\earas\2024-25\Technical_Report_EARAS_2024-25_Odisha.pdf,78,5.5,Mung,mung,9,Dhenkanal,0,Winter,production,qtl,1891,1891,ok
2024-25,..\raw\earas\2024-25\Technical_Report_EARAS_2024-25_Odisha.pdf,78,5.5,Mung,mung,9,Dhenkanal,0,Summer,area,ha,4626,4626,ok
2024-25,..\raw\earas\2024-25\Technical_Report_EARAS_2024-25_Odisha.pdf,78,5.5,Mung,mung,9,Dhenkanal,0,Summer,yield_rate,qtl/ha,6.11,6.11,ok
2024-25,..\raw\earas\2024-25\Technical_Report_EARAS_2024-25_Odisha.pdf,78,5.5,Mung,mung,9,Dhenkanal,0,Summer,production,qtl,28265,28265,ok
2024-25,..\raw\earas\2024-25\Technical_Report_EARAS_2024-25_Odisha.pdf,78,5.5,Mung,mung,9,Dhenkanal,0,Total,area,ha,5010,5010,ok
2024-25,..\raw\earas\2024-25\Technical_Report_EARAS_2024-25_Odisha.pdf,78,5.5,Mung,mung,9,Dhenkanal,0,Total,yield_rate,qtl/ha,6.06,6.06,ok
2024-25,..\raw\earas\2024-25\Technical_Report_EARAS_2024-25_Odisha.pdf,78,5.5,Mung,mung,9,Dhenkanal,0,Total,production,qtl,30366,30366,ok
2024-25,..\raw\earas\2024-25\Technical_Report_EARAS_2024-25_Odisha.pdf,78,5.5,Mung,mung,10,Gajapati,0,Autumn,area,ha,-,,dash
2024-25,..\raw\earas\2024-25\Technical_Report_EARAS_2024-25_Odisha.pdf,78,5.5,Mung,mung,10,Gajapati,0,Autumn,yield_rate,qtl/ha,-,,dash
2024-25,..\raw\earas\2024-25\Technical_Report_EARAS_2024-25_Odisha.pdf,78,5.5,Mung,mung,10,Gajapati,0,Autumn,production,qtl,-,,dash
2024-25,..\raw\earas\2024-25\Technical_Report_EARAS_2024-25_Odisha.pdf,78,5.5,Mung,mung,10,Gajapati,0,Winter,area,ha,2004,2004,ok
2024-25,..\raw\earas\2024-25\Technical_Report_EARAS_2024-25_Odisha.pdf,78,5.5,Mung,mung,10,Gajapati,0,Winter,yield_rate,qtl/ha,2.71,2.71,ok
2024-25,..\raw\earas\2024-25\Technical_Report_EARAS_2024-25_Odisha.pdf,78,5.5,Mung,mung,10,Gajapati,0,Winter,production,qtl,5431,5431,ok
2024-25,..\raw\earas\2024-25\Technical_Report_EARAS_2024-25_Odisha.pdf,78,5.5,Mung,mung,10,Gajapati,0,Summer,area,ha,39,39,ok
2024-25,..\raw\earas\2024-25\Technical_Report_EARAS_2024-25_Odisha.pdf,78,5.5,Mung,mung,10,Gajapati,0,Summer,yield_rate,qtl/ha,2.25,2.25,ok
2024-25,..\raw\earas\2024-25\Technical_Report_EARAS_2024-25_Odisha.pdf,78,5.5,Mung,mung,10,Gajapati,0,Summer,production,qtl,88,88,ok
2024-25,..\raw\earas\2024-25\Technical_Report_EARAS_2024-25_Odisha.pdf,78,5.5,Mung,mung,10,Gajapati,0,Total,area,ha,2043,2043,ok
2024-25,..\raw\earas\2024-25\Technical_Report_EARAS_2024-25_Odisha.pdf,78,5.5,Mung,mung,10,Gajapati,0,Total,yield_rate,qtl/ha,2.70,2.70,ok
2024-25,..\raw\earas\2024-25\Technical_Report_EARAS_2024-25_Odisha.pdf,78,5.5,Mung,mung,10,Gajapati,0,Total,production,qtl,5519,5519,ok
2024-25,..\raw\earas\2024-25\Technical_Report_EARAS_2024-25_Odisha.pdf,78,5.5,Mung,mung,11,Ganjam,0,Autumn,area,ha,24,24,ok
2024-25,..\raw\earas\2024-25\Technical_Report_EARAS_2024-25_Odisha.pdf,78,5.5,Mung,mung,11,Ganjam,0,Autumn,yield_rate,qtl/ha,4.97,4.97,ok
2024-25,..\raw\earas\2024-25\Technical_Report_EARAS_2024-25_Odisha.pdf,78,5.5,Mung,mung,11,Ganjam,0,Autumn,production,qtl,119,119,ok
2024-25,..\raw\earas\2024-25\Technical_Report_EARAS_2024-25_Odisha.pdf,78,5.5,Mung,mung,11,Ganjam,0,Winter,area,ha,85465,85465,ok
2024-25,..\raw\earas\2024-25\Technical_Report_EARAS_2024-25_Odisha.pdf,78,5.5,Mung,mung,11,Ganjam,0,Winter,yield_rate,qtl/ha,2.83,2.83,ok
2024-25,..\raw\earas\2024-25\Technical_Report_EARAS_2024-25_Odisha.pdf,78,5.5,Mung,mung,11,Ganjam,0,Winter,production,qtl,241866,241866,ok
2024-25,..\raw\earas\2024-25\Technical_Report_EARAS_2024-25_Odisha.pdf,78,5.5,Mung,mung,11,Ganjam,0,Summer,area,ha,-,,dash
2024-25,..\raw\earas\2024-25\Technical_Report_EARAS_2024-25_Odisha.pdf,78,5.5,Mung,mung,11,Ganjam,0,Summer,yield_rate,qtl/ha,-,,dash
2024-25,..\raw\earas\2024-25\Technical_Report_EARAS_2024-25_Odisha.pdf,78,5.5,Mung,mung,11,Ganjam,0,Summer,production,qtl,-,,dash
2024-25,..\raw\earas\2024-25\Technical_Report_EARAS_2024-25_Odisha.pdf,78,5.5,Mung,mung,11,Ganjam,0,Total,area,ha,85489,85489,ok
2024-25,..\raw\earas\2024-25\Technical_Report_EARAS_2024-25_Odisha.pdf,78,5.5,Mung,mung,11,Ganjam,0,Total,yield_rate,qtl/ha,2.83,2.83,ok
2024-25,..\raw\earas\2024-25\Technical_Report_EARAS_2024-25_Odisha.pdf,78,5.5,Mung,mung,11,Ganjam,0,Total,production,qtl,241985,241985,ok
2024-25,..\raw\earas\2024-25\Technical_Report_EARAS_2024-25_Odisha.pdf,78,5.5,Mung,mung,12,Jagatsinghpur,0,Autumn,area,ha,-,,dash
2024-25,..\raw\earas\2024-25\Technical_Report_EARAS_2024-25_Odisha.pdf,78,5.5,Mung,mung,12,Jagatsinghpur,0,Autumn,yield_rate,qtl/ha,-,,dash
2024-25,..\raw\earas\2024-25\Technical_Report_EARAS_2024-25_Odisha.pdf,78,5.5,Mung,mung,12,Jagatsinghpur,0,Autumn,production,qtl,-,,dash
2024-25,..\raw\earas\2024-25\Technical_Report_EARAS_2024-25_Odisha.pdf,78,5.5,Mung,mung,12,Jagatsinghpur,0,Winter,area,ha,-,,dash
2024-25,..\raw\earas\2024-25\Technical_Report_EARAS_2024-25_Odisha.pdf,78,5.5,Mung,mung,12,Jagatsinghpur,0,Winter,yield_rate,qtl/ha,-,,dash
2024-25,..\raw\earas\2024-25\Technical_Report_EARAS_2024-25_Odisha.pdf,78,5.5,Mung,mung,12,Jagatsinghpur,0,Winter,production,qtl,-,,dash
2024-25,..\raw\earas\2024-25\Technical_Report_EARAS_2024-25_Odisha.pdf,78,5.5,Mung,mung,12,Jagatsinghpur,0,Summer,area,ha,35530,35530,ok
2024-25,..\raw\earas\2024-25\Technical_Report_EARAS_2024-25_Odisha.pdf,78,5.5,Mung,mung,12,Jagatsinghpur,0,Summer,yield_rate,qtl/ha,5.10,5.10,ok
2024-25,..\raw\earas\2024-25\Technical_Report_EARAS_2024-25_Odisha.pdf,78,5.5,Mung,mung,12,Jagatsinghpur,0,Summer,production,qtl,181203,181203,ok
2024-25,..\raw\earas\2024-25\Technical_Report_EARAS_2024-25_Odisha.pdf,78,5.5,Mung,mung,12,Jagatsinghpur,0,Total,area,ha,35530,35530,ok
2024-25,..\raw\earas\2024-25\Technical_Report_EARAS_2024-25_Odisha.pdf,78,5.5,Mung,mung,12,Jagatsinghpur,0,Total,yield_rate,qtl/ha,5.10,5.10,ok
2024-25,..\raw\earas\2024-25\Technical_Report_EARAS_2024-25_Odisha.pdf,78,5.5,Mung,mung,12,Jagatsinghpur,0,Total,production,qtl,181203,181203,ok
2024-25,..\raw\earas\2024-25\Technical_Report_EARAS_2024-25_Odisha.pdf,78,5.5,Mung,mung,13,Jajpur,0,Autumn,area,ha,-,,dash
2024-25,..\raw\earas\2024-25\Technical_Report_EARAS_2024-25_Odisha.pdf,78,5.5,Mung,mung,13,Jajpur,0,Autumn,yield_rate,qtl/ha,-,,dash
2024-25,..\raw\earas\2024-25\Technical_Report_EARAS_2024-25_Odisha.pdf,78,5.5,Mung,mung,13,Jajpur,0,Autumn,production,qtl,-,,dash
2024-25,..\raw\earas\2024-25\Technical_Report_EARAS_2024-25_Odisha.pdf,78,5.5,Mung,mung,13,Jajpur,0,Winter,area,ha,1,1,ok
2024-25,..\raw\earas\2024-25\Technical_Report_EARAS_2024-25_Odisha.pdf,78,5.5,Mung,mung,13,Jajpur,0,Winter,yield_rate,qtl/ha,5.09,5.09,ok
2024-25,..\raw\earas\2024-25\Technical_Report_EARAS_2024-25_Odisha.pdf,78,5.5,Mung,mung,13,Jajpur,0,Winter,production,qtl,5,5,ok
2024-25,..\raw\earas\2024-25\Technical_Report_EARAS_2024-25_Odisha.pdf,78,5.5,Mung,mung,13,Jajpur,0,Summer,area,ha,7200,7200,ok
2024-25,..\raw\earas\2024-25\Technical_Report_EARAS_2024-25_Odisha.pdf,78,5.5,Mung,mung,13,Jajpur,0,Summer,yield_rate,qtl/ha,4.33,4.33,ok
2024-25,..\raw\earas\2024-25\Technical_Report_EARAS_2024-25_Odisha.pdf,78,5.5,Mung,mung,13,Jajpur,0,Summer,production,qtl,31176,31176,ok
2024-25,..\raw\earas\2024-25\Technical_Report_EARAS_2024-25_Odisha.pdf,78,5.5,Mung,mung,13,Jajpur,0,Total,area,ha,7201,7201,ok
2024-25,..\raw\earas\2024-25\Technical_Report_EARAS_2024-25_Odisha.pdf,78,5.5,Mung,mung,13,Jajpur,0,Total,yield_rate,qtl/ha,4.33,4.33,ok
2024-25,..\raw\earas\2024-25\Technical_Report_EARAS_2024-25_Odisha.pdf,78,5.5,Mung,mung,13,Jajpur,0,Total,production,qtl,31181,31181,ok
2024-25,..\raw\earas\2024-25\Technical_Report_EARAS_2024-25_Odisha.pdf,78,5.5,Mung,mung,14,Jharsuguda,0,Autumn,area,ha,-,,dash
2024-25,..\raw\earas\2024-25\Technical_Report_EARAS_2024-25_Odisha.pdf,78,5.5,Mung,mung,14,Jharsuguda,0,Autumn,yield_rate,qtl/ha,-,,dash
2024-25,..\raw\earas\2024-25\Technical_Report_EARAS_2024-25_Odisha.pdf,78,5.5,Mung,mung,14,Jharsuguda,0,Autumn,production,qtl,-,,dash
2024-25,..\raw\earas\2024-25\Technical_Report_EARAS_2024-25_Odisha.pdf,78,5.5,Mung,mung,14,Jharsuguda,0,Winter,area,ha,15,15,ok
2024-25,..\raw\earas\2024-25\Technical_Report_EARAS_2024-25_Odisha.pdf,78,5.5,Mung,mung,14,Jharsuguda,0,Winter,yield_rate,qtl/ha,3.16,3.16,ok
2024-25,..\raw\earas\2024-25\Technical_Report_EARAS_2024-25_Odisha.pdf,78,5.5,Mung,mung,14,Jharsuguda,0,Winter,production,qtl,47,47,ok
2024-25,..\raw\earas\2024-25\Technical_Report_EARAS_2024-25_Odisha.pdf,78,5.5,Mung,mung,14,Jharsuguda,0,Summer,area,ha,1669,1669,ok
2024-25,..\raw\earas\2024-25\Technical_Report_EARAS_2024-25_Odisha.pdf,78,5.5,Mung,mung,14,Jharsuguda,0,Summer,yield_rate,qtl/ha,5.36,5.36,ok
2024-25,..\raw\earas\2024-25\Technical_Report_EARAS_2024-25_Odisha.pdf,78,5.5,Mung,mung,14,Jharsuguda,0,Summer,production,qtl,8946,8946,ok
2024-25,..\raw\earas\2024-25\Technical_Report_EARAS_2024-25_Odisha.pdf,78,5.5,Mung,mung,14,Jharsuguda,0,Total,area,ha,1684,1684,ok
2024-25,..\raw\earas\2024-25\Technical_Report_EARAS_2024-25_Odisha.pdf,78,5.5,Mung,mung,14,Jharsuguda,0,Total,yield_rate,qtl/ha,5.34,5.34,ok
2024-25,..\raw\earas\2024-25\Technical_Report_EARAS_2024-25_Odisha.pdf,78,5.5,Mung,mung,14,Jharsuguda,0,Total,production,qtl,8993,8993,ok
2024-25,..\raw\earas\2024-25\Technical_Report_EARAS_2024-25_Odisha.pdf,78,5.5,Mung,mung,15,Kalahandi,0,Autumn,area,ha,-,,dash
2024-25,..\raw\earas\2024-25\Technical_Report_EARAS_2024-25_Odisha.pdf,78,5.5,Mung,mung,15,Kalahandi,0,Autumn,yield_rate,qtl/ha,-,,dash
2024-25,..\raw\earas\2024-25\Technical_Report_EARAS_2024-25_Odisha.pdf,78,5.5,Mung,mung,15,Kalahandi,0,Autumn,production,qtl,-,,dash
2024-25,..\raw\earas\2024-25\Technical_Report_EARAS_2024-25_Odisha.pdf,78,5.5,Mung,mung,15,Kalahandi,0,Winter,area,ha,2462,2462,ok
2024-25,..\raw\earas\2024-25\Technical_Report_EARAS_2024-25_Odisha.pdf,78,5.5,Mung,mung,15,Kalahandi,0,Winter,yield_rate,qtl/ha,7.27,7.27,ok
2024-25,..\raw\earas\2024-25\Technical_Report_EARAS_2024-25_Odisha.pdf,78,5.5,Mung,mung,15,Kalahandi,0,Winter,production,qtl,17899,17899,ok
2024-25,..\raw\earas\2024-25\Technical_Report_EARAS_2024-25_Odisha.pdf,78,5.5,Mung,mung,15,Kalahandi,0,Summer,area,ha,17412,17412,ok
2024-25,..\raw\earas\2024-25\Technical_Report_EARAS_2024-25_Odisha.pdf,78,5.5,Mung,mung,15,Kalahandi,0,Summer,yield_rate,qtl/ha,6.39,6.39,ok
2024-25,..\raw\earas\2024-25\Technical_Report_EARAS_2024-25_Odisha.pdf,78,5.5,Mung,mung,15,Kalahandi,0,Summer,production,qtl,111263,111263,ok
2024-25,..\raw\earas\2024-25\Technical_Report_EARAS_2024-25_Odisha.pdf,78,5.5,Mung,mung,15,Kalahandi,0,Total,area,ha,19874,19874,ok
2024-25,..\raw\earas\2024-25\Technical_Report_EARAS_2024-25_Odisha.pdf,78,5.5,Mung,mung,15,Kalahandi,0,Total,yield_rate,qtl/ha,6.50,6.50,ok
2024-25,..\raw\earas\2024-25\Technical_Report_EARAS_2024-25_Odisha.pdf,78,5.5,Mung,mung,15,Kalahandi,0,Total,production,qtl,129162,129162,ok
2024-25,..\raw\earas\2024-25\Technical_Report_EARAS_2024-25_Odisha.pdf,78,5.5,Mung,mung,16,Kandhamal,0,Autumn,area,ha,4,4,ok
2024-25,..\raw\earas\2024-25\Technical_Report_EARAS_2024-25_Odisha.pdf,78,5.5,Mung,mung,16,Kandhamal,0,Autumn,yield_rate,qtl/ha,1.33,1.33,ok
2024-25,..\raw\earas\2024-25\Technical_Report_EARAS_2024-25_Odisha.pdf,78,5.5,Mung,mung,16,Kandhamal,0,Autumn,production,qtl,5,5,ok
2024-25,..\raw\earas\2024-25\Technical_Report_EARAS_2024-25_Odisha.pdf,78,5.5,Mung,mung,16,Kandhamal,0,Winter,area,ha,63,63,ok
2024-25,..\raw\earas\2024-25\Technical_Report_EARAS_2024-25_Odisha.pdf,78,5.5,Mung,mung,16,Kandhamal,0,Winter,yield_rate,qtl/ha,4.09,4.09,ok
2024-25,..\raw\earas\2024-25\Technical_Report_EARAS_2024-25_Odisha.pdf,78,5.5,Mung,mung,16,Kandhamal,0,Winter,production,qtl,258,258,ok
2024-25,..\raw\earas\2024-25\Technical_Report_EARAS_2024-25_Odisha.pdf,78,5.5,Mung,mung,16,Kandhamal,0,Summer,area,ha,2,2,ok
2024-25,..\raw\earas\2024-25\Technical_Report_EARAS_2024-25_Odisha.pdf,78,5.5,Mung,mung,16,Kandhamal,0,Summer,yield_rate,qtl/ha,1.98,1.98,ok
2024-25,..\raw\earas\2024-25\Technical_Report_EARAS_2024-25_Odisha.pdf,78,5.5,Mung,mung,16,Kandhamal,0,Summer,production,qtl,4,4,ok
2024-25,..\raw\earas\2024-25\Technical_Report_EARAS_2024-25_Odisha.pdf,78,5.5,Mung,mung,16,Kandhamal,0,Total,area,ha,69,69,ok
2024-25,..\raw\earas\2024-25\Technical_Report_EARAS_2024-25_Odisha.pdf,78,5.5,Mung,mung,16,Kandhamal,0,Total,yield_rate,qtl/ha,3.87,3.87,ok
2024-25,..\raw\earas\2024-25\Technical_Report_EARAS_2024-25_Odisha.pdf,78,5.5,Mung,mung,16,Kandhamal,0,Total,production,qtl,267,267,ok
2024-25,..\raw\earas\2024-25\Technical_Report_EARAS_2024-25_Odisha.pdf,78,5.5,Mung,mung,17,Kendrapada,0,Autumn,area,ha,-,,dash
2024-25,..\raw\earas\2024-25\Technical_Report_EARAS_2024-25_Odisha.pdf,78,5.5,Mung,mung,17,Kendrapada,0,Autumn,yield_rate,qtl/ha,-,,dash
2024-25,..\raw\earas\2024-25\Technical_Report_EARAS_2024-25_Odisha.pdf,78,5.5,Mung,mung,17,Kendrapada,0,Autumn,production,qtl,-,,dash
2024-25,..\raw\earas\2024-25\Technical_Report_EARAS_2024-25_Odisha.pdf,78,5.5,Mung,mung,17,Kendrapada,0,Winter,area,ha,-,,dash
2024-25,..\raw\earas\2024-25\Technical_Report_EARAS_2024-25_Odisha.pdf,78,5.5,Mung,mung,17,Kendrapada,0,Winter,yield_rate,qtl/ha,-,,dash
2024-25,..\raw\earas\2024-25\Technical_Report_EARAS_2024-25_Odisha.pdf,78,5.5,Mung,mung,17,Kendrapada,0,Winter,production,qtl,-,,dash
2024-25,..\raw\earas\2024-25\Technical_Report_EARAS_2024-25_Odisha.pdf,78,5.5,Mung,mung,17,Kendrapada,0,Summer,area,ha,33789,33789,ok
2024-25,..\raw\earas\2024-25\Technical_Report_EARAS_2024-25_Odisha.pdf,78,5.5,Mung,mung,17,Kendrapada,0,Summer,yield_rate,qtl/ha,4.73,4.73,ok
2024-25,..\raw\earas\2024-25\Technical_Report_EARAS_2024-25_Odisha.pdf,78,5.5,Mung,mung,17,Kendrapada,0,Summer,production,qtl,159822,159822,ok
2024-25,..\raw\earas\2024-25\Technical_Report_EARAS_2024-25_Odisha.pdf,78,5.5,Mung,mung,17,Kendrapada,0,Total,area,ha,33789,33789,ok
2024-25,..\raw\earas\2024-25\Technical_Report_EARAS_2024-25_Odisha.pdf,78,5.5,Mung,mung,17,Kendrapada,0,Total,yield_rate,qtl/ha,4.73,4.73,ok
2024-25,..\raw\earas\2024-25\Technical_Report_EARAS_2024-25_Odisha.pdf,78,5.5,Mung,mung,17,Kendrapada,0,Total,production,qtl,159822,159822,ok
2024-25,..\raw\earas\2024-25\Technical_Report_EARAS_2024-25_Odisha.pdf,78,5.5,Mung,mung,18,Keonjhar,0,Autumn,area,ha,-,,dash
2024-25,..\raw\earas\2024-25\Technical_Report_EARAS_2024-25_Odisha.pdf,78,5.5,Mung,mung,18,Keonjhar,0,Autumn,yield_rate,qtl/ha,-,,dash
2024-25,..\raw\earas\2024-25\Technical_Report_EARAS_2024-25_Odisha.pdf,78,5.5,Mung,mung,18,Keonjhar,0,Autumn,production,qtl,-,,dash
2024-25,..\raw\earas\2024-25\Technical_Report_EARAS_2024-25_Odisha.pdf,78,5.5,Mung,mung,18,Keonjhar,0,Winter,area,ha,169,169,ok
2024-25,..\raw\earas\2024-25\Technical_Report_EARAS_2024-25_Odisha.pdf,78,5.5,Mung,mung,18,Keonjhar,0,Winter,yield_rate,qtl/ha,5.54,5.54,ok
2024-25,..\raw\earas\2024-25\Technical_Report_EARAS_2024-25_Odisha.pdf,78,5.5,Mung,mung,18,Keonjhar,0,Winter,production,qtl,936,936,ok
2024-25,..\raw\earas\2024-25\Technical_Report_EARAS_2024-25_Odisha.pdf,78,5.5,Mung,mung,18,Keonjhar,0,Summer,area,ha,1305,1305,ok
2024-25,..\raw\earas\2024-25\Technical_Report_EARAS_2024-25_Odisha.pdf,78,5.5,Mung,mung,18,Keonjhar,0,Summer,yield_rate,qtl/ha,6.31,6.31,ok
2024-25,..\raw\earas\2024-25\Technical_Report_EARAS_2024-25_Odisha.pdf,78,5.5,Mung,mung,18,Keonjhar,0,Summer,production,qtl,8235,8235,ok
2024-25,..\raw\earas\2024-25\Technical_Report_EARAS_2024-25_Odisha.pdf,78,5.5,Mung,mung,18,Keonjhar,0,Total,area,ha,1474,1474,ok
2024-25,..\raw\earas\2024-25\Technical_Report_EARAS_2024-25_Odisha.pdf,78,5.5,Mung,mung,18,Keonjhar,0,Total,yield_rate,qtl/ha,6.22,6.22,ok
2024-25,..\raw\earas\2024-25\Technical_Report_EARAS_2024-25_Odisha.pdf,78,5.5,Mung,mung,18,Keonjhar,0,Total,production,qtl,9171,9171,ok
2024-25,..\raw\earas\2024-25\Technical_Report_EARAS_2024-25_Odisha.pdf,78,5.5,Mung,mung,19,Khurda,0,Autumn,area,ha,-,,dash
2024-25,..\raw\earas\2024-25\Technical_Report_EARAS_2024-25_Odisha.pdf,78,5.5,Mung,mung,19,Khurda,0,Autumn,yield_rate,qtl/ha,-,,dash
2024-25,..\raw\earas\2024-25\Technical_Report_EARAS_2024-25_Odisha.pdf,78,5.5,Mung,mung,19,Khurda,0,Autumn,production,qtl,-,,dash
2024-25,..\raw\earas\2024-25\Technical_Report_EARAS_2024-25_Odisha.pdf,78,5.5,Mung,mung,19,Khurda,0,Winter,area,ha,5,5,ok
2024-25,..\raw\earas\2024-25\Technical_Report_EARAS_2024-25_Odisha.pdf,78,5.5,Mung,mung,19,Khurda,0,Winter,yield_rate,qtl/ha,5.30,5.30,ok
2024-25,..\raw\earas\2024-25\Technical_Report_EARAS_2024-25_Odisha.pdf,78,5.5,Mung,mung,19,Khurda,0,Winter,production,qtl,27,27,ok
2024-25,..\raw\earas\2024-25\Technical_Report_EARAS_2024-25_Odisha.pdf,78,5.5,Mung,mung,19,Khurda,0,Summer,area,ha,13134,13134,ok
2024-25,..\raw\earas\2024-25\Technical_Report_EARAS_2024-25_Odisha.pdf,78,5.5,Mung,mung,19,Khurda,0,Summer,yield_rate,qtl/ha,5.19,5.19,ok
2024-25,..\raw\earas\2024-25\Technical_Report_EARAS_2024-25_Odisha.pdf,78,5.5,Mung,mung,19,Khurda,0,Summer,production,qtl,68165,68165,ok
2024-25,..\raw\earas\2024-25\Technical_Report_EARAS_2024-25_Odisha.pdf,78,5.5,Mung,mung,19,Khurda,0,Total,area,ha,13139,13139,ok
2024-25,..\raw\earas\2024-25\Technical_Report_EARAS_2024-25_Odisha.pdf,78,5.5,Mung,mung,19,Khurda,0,Total,yield_rate,qtl/ha,5.19,5.19,ok
2024-25,..\raw\earas\2024-25\Technical_Report_EARAS_2024-25_Odisha.pdf,78,5.5,Mung,mung,19,Khurda,0,Total,production,qtl,68192,68192,ok
2024-25,..\raw\earas\2024-25\Technical_Report_EARAS_2024-25_Odisha.pdf,78,5.5,Mung,mung,20,Koraput,0,Autumn,area,ha,-,,dash
2024-25,..\raw\earas\2024-25\Technical_Report_EARAS_2024-25_Odisha.pdf,78,5.5,Mung,mung,20,Koraput,0,Autumn,yield_rate,qtl/ha,-,,dash
2024-25,..\raw\earas\2024-25\Technical_Report_EARAS_2024-25_Odisha.pdf,78,5.5,Mung,mung,20,Koraput,0,Autumn,production,qtl,-,,dash
2024-25,..\raw\earas\2024-25\Technical_Report_EARAS_2024-25_Odisha.pdf,78,5.5,Mung,mung,20,Koraput,0,Winter,area,ha,32,32,ok
2024-25,..\raw\earas\2024-25\Technical_Report_EARAS_2024-25_Odisha.pdf,78,5.5,Mung,mung,20,Koraput,0,Winter,yield_rate,qtl/ha,4.52,4.52,ok
2024-25,..\raw\earas\2024-25\Technical_Report_EARAS_2024-25_Odisha.pdf,78,5.5,Mung,mung,20,Koraput,0,Winter,production,qtl,145,145,ok
2024-25,..\raw\earas\2024-25\Technical_Report_EARAS_2024-25_Odisha.pdf,78,5.5,Mung,mung,20,Koraput,0,Summer,area,ha,123,123,ok
2024-25,..\raw\earas\2024-25\Technical_Report_EARAS_2024-25_Odisha.pdf,78,5.5,Mung,mung,20,Koraput,0,Summer,yield_rate,qtl/ha,4.23,4.23,ok
2024-25,..\raw\earas\2024-25\Technical_Report_EARAS_2024-25_Odisha.pdf,78,5.5,Mung,mung,20,Koraput,0,Summer,production,qtl,520,520,ok
2024-25,..\raw\earas\2024-25\Technical_Report_EARAS_2024-25_Odisha.pdf,78,5.5,Mung,mung,20,Koraput,0,Total,area,ha,155,155,ok
2024-25,..\raw\earas\2024-25\Technical_Report_EARAS_2024-25_Odisha.pdf,78,5.5,Mung,mung,20,Koraput,0,Total,yield_rate,qtl/ha,4.29,4.29,ok
2024-25,..\raw\earas\2024-25\Technical_Report_EARAS_2024-25_Odisha.pdf,78,5.5,Mung,mung,20,Koraput,0,Total,production,qtl,665,665,ok
2024-25,..\raw\earas\2024-25\Technical_Report_EARAS_2024-25_Odisha.pdf,78,5.5,Mung,mung,21,Malkangiri,0,Autumn,area,ha,-,,dash
2024-25,..\raw\earas\2024-25\Technical_Report_EARAS_2024-25_Odisha.pdf,78,5.5,Mung,mung,21,Malkangiri,0,Autumn,yield_rate,qtl/ha,-,,dash
2024-25,..\raw\earas\2024-25\Technical_Report_EARAS_2024-25_Odisha.pdf,78,5.5,Mung,mung,21,Malkangiri,0,Autumn,production,qtl,-,,dash
2024-25,..\raw\earas\2024-25\Technical_Report_EARAS_2024-25_Odisha.pdf,78,5.5,Mung,mung,21,Malkangiri,0,Winter,area,ha,493,493,ok
2024-25,..\raw\earas\2024-25\Technical_Report_EARAS_2024-25_Odisha.pdf,78,5.5,Mung,mung,21,Malkangiri,0,Winter,yield_rate,qtl/ha,4.28,4.28,ok
2024-25,..\raw\earas\2024-25\Technical_Report_EARAS_2024-25_Odisha.pdf,78,5.5,Mung,mung,21,Malkangiri,0,Winter,production,qtl,2110,2110,ok
2024-25,..\raw\earas\2024-25\Technical_Report_EARAS_2024-25_Odisha.pdf,78,5.5,Mung,mung,21,Malkangiri,0,Summer,area,ha,70,70,ok
2024-25,..\raw\earas\2024-25\Technical_Report_EARAS_2024-25_Odisha.pdf,78,5.5,Mung,mung,21,Malkangiri,0,Summer,yield_rate,qtl/ha,4.81,4.81,ok
2024-25,..\raw\earas\2024-25\Technical_Report_EARAS_2024-25_Odisha.pdf,78,5.5,Mung,mung,21,Malkangiri,0,Summer,production,qtl,337,337,ok
2024-25,..\raw\earas\2024-25\Technical_Report_EARAS_2024-25_Odisha.pdf,78,5.5,Mung,mung,21,Malkangiri,0,Total,area,ha,563,563,ok
2024-25,..\raw\earas\2024-25\Technical_Report_EARAS_2024-25_Odisha.pdf,78,5.5,Mung,mung,21,Malkangiri,0,Total,yield_rate,qtl/ha,4.35,4.35,ok
2024-25,..\raw\earas\2024-25\Technical_Report_EARAS_2024-25_Odisha.pdf,78,5.5,Mung,mung,21,Malkangiri,0,Total,production,qtl,2447,2447,ok
2024-25,..\raw\earas\2024-25\Technical_Report_EARAS_2024-25_Odisha.pdf,78,5.5,Mung,mung,22,Mayurbhanja,0,Autumn,area,ha,6,6,ok
2024-25,..\raw\earas\2024-25\Technical_Report_EARAS_2024-25_Odisha.pdf,78,5.5,Mung,mung,22,Mayurbhanja,0,Autumn,yield_rate,qtl/ha,4.15,4.15,ok
2024-25,..\raw\earas\2024-25\Technical_Report_EARAS_2024-25_Odisha.pdf,78,5.5,Mung,mung,22,Mayurbhanja,0,Autumn,production,qtl,25,25,ok
2024-25,..\raw\earas\2024-25\Technical_Report_EARAS_2024-25_Odisha.pdf,78,5.5,Mung,mung,22,Mayurbhanja,0,Winter,area,ha,2,2,ok
2024-25,..\raw\earas\2024-25\Technical_Report_EARAS_2024-25_Odisha.pdf,78,5.5,Mung,mung,22,Mayurbhanja,0,Winter,yield_rate,qtl/ha,3.57,3.57,ok
2024-25,..\raw\earas\2024-25\Technical_Report_EARAS_2024-25_Odisha.pdf,78,5.5,Mung,mung,22,Mayurbhanja,0,Winter,production,qtl,7,7,ok
2024-25,..\raw\earas\2024-25\Technical_Report_EARAS_2024-25_Odisha.pdf,78,5.5,Mung,mung,22,Mayurbhanja,0,Summer,area,ha,1635,1635,ok
2024-25,..\raw\earas\2024-25\Technical_Report_EARAS_2024-25_Odisha.pdf,78,5.5,Mung,mung,22,Mayurbhanja,0,Summer,yield_rate,qtl/ha,5.50,5.50,ok
2024-25,..\raw\earas\2024-25\Technical_Report_EARAS_2024-25_Odisha.pdf,78,5.5,Mung,mung,22,Mayurbhanja,0,Summer,production,qtl,8993,8993,ok
2024-25,..\raw\earas\2024-25\Technical_Report_EARAS_2024-25_Odisha.pdf,78,5.5,Mung,mung,22,Mayurbhanja,0,Total,area,ha,1643,1643,ok
2024-25,..\raw\earas\2024-25\Technical_Report_EARAS_2024-25_Odisha.pdf,78,5.5,Mung,mung,22,Mayurbhanja,0,Total,yield_rate,qtl/ha,5.49,5.49,ok
2024-25,..\raw\earas\2024-25\Technical_Report_EARAS_2024-25_Odisha.pdf,78,5.5,Mung,mung,22,Mayurbhanja,0,Total,production,qtl,9025,9025,ok
2024-25,..\raw\earas\2024-25\Technical_Report_EARAS_2024-25_Odisha.pdf,78,5.5,Mung,mung,23,Nuapada,0,Autumn,area,ha,1811,1811,ok
2024-25,..\raw\earas\2024-25\Technical_Report_EARAS_2024-25_Odisha.pdf,78,5.5,Mung,mung,23,Nuapada,0,Autumn,yield_rate,qtl/ha,1.65,1.65,ok
2024-25,..\raw\earas\2024-25\Technical_Report_EARAS_2024-25_Odisha.pdf,78,5.5,Mung,mung,23,Nuapada,0,Autumn,production,qtl,2988,2988,ok
2024-25,..\raw\earas\2024-25\Technical_Report_EARAS_2024-25_Odisha.pdf,78,5.5,Mung,mung,23,Nuapada,0,Winter,area,ha,-,,dash
2024-25,..\raw\earas\2024-25\Technical_Report_EARAS_2024-25_Odisha.pdf,78,5.5,Mung,mung,23,Nuapada,0,Winter,yield_rate,qtl/ha,-,,dash
2024-25,..\raw\earas\2024-25\Technical_Report_EARAS_2024-25_Odisha.pdf,78,5.5,Mung,mung,23,Nuapada,0,Winter,production,qtl,-,,dash
2024-25,..\raw\earas\2024-25\Technical_Report_EARAS_2024-25_Odisha.pdf,78,5.5,Mung,mung,23,Nuapada,0,Summer,area,ha,3664,3664,ok
2024-25,..\raw\earas\2024-25\Technical_Report_EARAS_2024-25_Odisha.pdf,78,5.5,Mung,mung,23,Nuapada,0,Summer,yield_rate,qtl/ha,2.88,2.88,ok
2024-25,..\raw\earas\2024-25\Technical_Report_EARAS_2024-25_Odisha.pdf,78,5.5,Mung,mung,23,Nuapada,0,Summer,production,qtl,10552,10552,ok
2024-25,..\raw\earas\2024-25\Technical_Report_EARAS_2024-25_Odisha.pdf,78,5.5,Mung,mung,23,Nuapada,0,Total,area,ha,5475,5475,ok
2024-25,..\raw\earas\2024-25\Technical_Report_EARAS_2024-25_Odisha.pdf,78,5.5,Mung,mung,23,Nuapada,0,Total,yield_rate,qtl/ha,2.47,2.47,ok
2024-25,..\raw\earas\2024-25\Technical_Report_EARAS_2024-25_Odisha.pdf,78,5.5,Mung,mung,23,Nuapada,0,Total,production,qtl,13540,13540,ok
2024-25,..\raw\earas\2024-25\Technical_Report_EARAS_2024-25_Odisha.pdf,78,5.5,Mung,mung,24,Nayagada,0,Autumn,area,ha,1,1,ok
2024-25,..\raw\earas\2024-25\Technical_Report_EARAS_2024-25_Odisha.pdf,78,5.5,Mung,mung,24,Nayagada,0,Autumn,yield_rate,qtl/ha,3.92,3.92,ok
2024-25,..\raw\earas\2024-25\Technical_Report_EARAS_2024-25_Odisha.pdf,78,5.5,Mung,mung,24,Nayagada,0,Autumn,production,qtl,4,4,ok
2024-25,..\raw\earas\2024-25\Technical_Report_EARAS_2024-25_Odisha.pdf,78,5.5,Mung,mung,24,Nayagada,0,Winter,area,ha,2313,2313,ok
2024-25,..\raw\earas\2024-25\Technical_Report_EARAS_2024-25_Odisha.pdf,78,5.5,Mung,mung,24,Nayagada,0,Winter,yield_rate,qtl/ha,3.22,3.22,ok
2024-25,..\raw\earas\2024-25\Technical_Report_EARAS_2024-25_Odisha.pdf,78,5.5,Mung,mung,24,Nayagada,0,Winter,production,qtl,7448,7448,ok
2024-25,..\raw\earas\2024-25\Technical_Report_EARAS_2024-25_Odisha.pdf,78,5.5,Mung,mung,24,Nayagada,0,Summer,area,ha,47948,47948,ok
2024-25,..\raw\earas\2024-25\Technical_Report_EARAS_2024-25_Odisha.pdf,78,5.5,Mung,mung,24,Nayagada,0,Summer,yield_rate,qtl/ha,4.26,4.26,ok
2024-25,..\raw\earas\2024-25\Technical_Report_EARAS_2024-25_Odisha.pdf,78,5.5,Mung,mung,24,Nayagada,0,Summer,production,qtl,204258,204258,ok
2024-25,..\raw\earas\2024-25\Technical_Report_EARAS_2024-25_Odisha.pdf,78,5.5,Mung,mung,24,Nayagada,0,Total,area,ha,50262,50262,ok
2024-25,..\raw\earas\2024-25\Technical_Report_EARAS_2024-25_Odisha.pdf,78,5.5,Mung,mung,24,Nayagada,0,Total,yield_rate,qtl/ha,4.21,4.21,ok
2024-25,..\raw\earas\2024-25\Technical_Report_EARAS_2024-25_Odisha.pdf,78,5.5,Mung,mung,24,Nayagada,0,Total,production,qtl,211710,211710,ok
2024-25,..\raw\earas\2024-25\Technical_Report_EARAS_2024-25_Odisha.pdf,78,5.5,Mung,mung,25,Nawarangpur,0,Autumn,area,ha,-,,dash
2024-25,..\raw\earas\2024-25\Technical_Report_EARAS_2024-25_Odisha.pdf,78,5.5,Mung,mung,25,Nawarangpur,0,Autumn,yield_rate,qtl/ha,-,,dash
2024-25,..\raw\earas\2024-25\Technical_Report_EARAS_2024-25_Odisha.pdf,78,5.5,Mung,mung,25,Nawarangpur,0,Autumn,production,qtl,-,,dash
2024-25,..\raw\earas\2024-25\Technical_Report_EARAS_2024-25_Odisha.pdf,78,5.5,Mung,mung,25,Nawarangpur,0,Winter,area,ha,68,68,ok
2024-25,..\raw\earas\2024-25\Technical_Report_EARAS_2024-25_Odisha.pdf,78,5.5,Mung,mung,25,Nawarangpur,0,Winter,yield_rate,qtl/ha,7.15,7.15,ok
2024-25,..\raw\earas\2024-25\Technical_Report_EARAS_2024-25_Odisha.pdf,78,5.5,Mung,mung,25,Nawarangpur,0,Winter,production,qtl,486,486,ok
2024-25,..\raw\earas\2024-25\Technical_Report_EARAS_2024-25_Odisha.pdf,78,5.5,Mung,mung,25,Nawarangpur,0,Summer,area,ha,425,425,ok
2024-25,..\raw\earas\2024-25\Technical_Report_EARAS_2024-25_Odisha.pdf,78,5.5,Mung,mung,25,Nawarangpur,0,Summer,yield_rate,qtl/ha,7.09,7.09,ok
2024-25,..\raw\earas\2024-25\Technical_Report_EARAS_2024-25_Odisha.pdf,78,5.5,Mung,mung,25,Nawarangpur,0,Summer,production,qtl,3013,3013,ok
2024-25,..\raw\earas\2024-25\Technical_Report_EARAS_2024-25_Odisha.pdf,78,5.5,Mung,mung,25,Nawarangpur,0,Total,area,ha,493,493,ok
2024-25,..\raw\earas\2024-25\Technical_Report_EARAS_2024-25_Odisha.pdf,78,5.5,Mung,mung,25,Nawarangpur,0,Total,yield_rate,qtl/ha,7.10,7.10,ok
2024-25,..\raw\earas\2024-25\Technical_Report_EARAS_2024-25_Odisha.pdf,78,5.5,Mung,mung,25,Nawarangpur,0,Total,production,qtl,3499,3499,ok
2024-25,..\raw\earas\2024-25\Technical_Report_EARAS_2024-25_Odisha.pdf,78,5.5,Mung,mung,26,Puri,0,Autumn,area,ha,-,,dash
2024-25,..\raw\earas\2024-25\Technical_Report_EARAS_2024-25_Odisha.pdf,78,5.5,Mung,mung,26,Puri,0,Autumn,yield_rate,qtl/ha,-,,dash
2024-25,..\raw\earas\2024-25\Technical_Report_EARAS_2024-25_Odisha.pdf,78,5.5,Mung,mung,26,Puri,0,Autumn,production,qtl,-,,dash
2024-25,..\raw\earas\2024-25\Technical_Report_EARAS_2024-25_Odisha.pdf,78,5.5,Mung,mung,26,Puri,0,Winter,area,ha,-,,dash
2024-25,..\raw\earas\2024-25\Technical_Report_EARAS_2024-25_Odisha.pdf,78,5.5,Mung,mung,26,Puri,0,Winter,yield_rate,qtl/ha,-,,dash
2024-25,..\raw\earas\2024-25\Technical_Report_EARAS_2024-25_Odisha.pdf,78,5.5,Mung,mung,26,Puri,0,Winter,production,qtl,-,,dash
2024-25,..\raw\earas\2024-25\Technical_Report_EARAS_2024-25_Odisha.pdf,78,5.5,Mung,mung,26,Puri,0,Summer,area,ha,16172,16172,ok
2024-25,..\raw\earas\2024-25\Technical_Report_EARAS_2024-25_Odisha.pdf,78,5.5,Mung,mung,26,Puri,0,Summer,yield_rate,qtl/ha,5.40,5.40,ok
2024-25,..\raw\earas\2024-25\Technical_Report_EARAS_2024-25_Odisha.pdf,78,5.5,Mung,mung,26,Puri,0,Summer,production,qtl,87329,87329,ok
2024-25,..\raw\earas\2024-25\Technical_Report_EARAS_2024-25_Odisha.pdf,78,5.5,Mung,mung,26,Puri,0,Total,area,ha,16172,16172,ok
2024-25,..\raw\earas\2024-25\Technical_Report_EARAS_2024-25_Odisha.pdf,78,5.5,Mung,mung,26,Puri,0,Total,yield_rate,qtl/ha,5.40,5.40,ok
2024-25,..\raw\earas\2024-25\Technical_Report_EARAS_2024-25_Odisha.pdf,78,5.5,Mung,mung,26,Puri,0,Total,production,qtl,87329,87329,ok
2024-25,..\raw\earas\2024-25\Technical_Report_EARAS_2024-25_Odisha.pdf,78,5.5,Mung,mung,27,Raygada,0,Autumn,area,ha,-,,dash
2024-25,..\raw\earas\2024-25\Technical_Report_EARAS_2024-25_Odisha.pdf,78,5.5,Mung,mung,27,Raygada,0,Autumn,yield_rate,qtl/ha,-,,dash
2024-25,..\raw\earas\2024-25\Technical_Report_EARAS_2024-25_Odisha.pdf,78,5.5,Mung,mung,27,Raygada,0,Autumn,production,qtl,-,,dash
2024-25,..\raw\earas\2024-25\Technical_Report_EARAS_2024-25_Odisha.pdf,78,5.5,Mung,mung,27,Raygada,0,Winter,area,ha,55,55,ok
2024-25,..\raw\earas\2024-25\Technical_Report_EARAS_2024-25_Odisha.pdf,78,5.5,Mung,mung,27,Raygada,0,Winter,yield_rate,qtl/ha,3.41,3.41,ok
2024-25,..\raw\earas\2024-25\Technical_Report_EARAS_2024-25_Odisha.pdf,78,5.5,Mung,mung,27,Raygada,0,Winter,production,qtl,188,188,ok
2024-25,..\raw\earas\2024-25\Technical_Report_EARAS_2024-25_Odisha.pdf,78,5.5,Mung,mung,27,Raygada,0,Summer,area,ha,-,,dash
2024-25,..\raw\earas\2024-25\Technical_Report_EARAS_2024-25_Odisha.pdf,78,5.5,Mung,mung,27,Raygada,0,Summer,yield_rate,qtl/ha,-,,dash
2024-25,..\raw\earas\2024-25\Technical_Report_EARAS_2024-25_Odisha.pdf,78,5.5,Mung,mung,27,Raygada,0,Summer,production,qtl,-,,dash
2024-25,..\raw\earas\2024-25\Technical_Report_EARAS_2024-25_Odisha.pdf,78,5.5,Mung,mung,27,Raygada,0,Total,area,ha,55,55,ok
2024-25,..\raw\earas\2024-25\Technical_Report_EARAS_2024-25_Odisha.pdf,78,5.5,Mung,mung,27,Raygada,0,Total,yield_rate,qtl/ha,3.42,3.42,ok
2024-25,..\raw\earas\2024-25\Technical_Report_EARAS_2024-25_Odisha.pdf,78,5.5,Mung,mung,27,Raygada,0,Total,production,qtl,188,188,ok
2024-25,..\raw\earas\2024-25\Technical_Report_EARAS_2024-25_Odisha.pdf,78,5.5,Mung,mung,28,Sambalpur,0,Autumn,area,ha,37,37,ok
2024-25,..\raw\earas\2024-25\Technical_Report_EARAS_2024-25_Odisha.pdf,78,5.5,Mung,mung,28,Sambalpur,0,Autumn,yield_rate,qtl/ha,9.41,9.41,ok
2024-25,..\raw\earas\2024-25\Technical_Report_EARAS_2024-25_Odisha.pdf,78,5.5,Mung,mung,28,Sambalpur,0,Autumn,production,qtl,348,348,ok
2024-25,..\raw\earas\2024-25\Technical_Report_EARAS_2024-25_Odisha.pdf,78,5.5,Mung,mung,28,Sambalpur,0,Winter,area,ha,148,148,ok
2024-25,..\raw\earas\2024-25\Technical_Report_EARAS_2024-25_Odisha.pdf,78,5.5,Mung,mung,28,Sambalpur,0,Winter,yield_rate,qtl/ha,6.39,6.39,ok
2024-25,..\raw\earas\2024-25\Technical_Report_EARAS_2024-25_Odisha.pdf,78,5.5,Mung,mung,28,Sambalpur,0,Winter,production,qtl,946,946,ok
2024-25,..\raw\earas\2024-25\Technical_Report_EARAS_2024-25_Odisha.pdf,78,5.5,Mung,mung,28,Sambalpur,0,Summer,area,ha,1349,1349,ok
2024-25,..\raw\earas\2024-25\Technical_Report_EARAS_2024-25_Odisha.pdf,78,5.5,Mung,mung,28,Sambalpur,0,Summer,yield_rate,qtl/ha,8.53,8.53,ok
2024-25,..\raw\earas\2024-25\Technical_Report_EARAS_2024-25_Odisha.pdf,78,5.5,Mung,mung,28,Sambalpur,0,Summer,production,qtl,11507,11507,ok
2024-25,..\raw\earas\2024-25\Technical_Report_EARAS_2024-25_Odisha.pdf,78,5.5,Mung,mung,28,Sambalpur,0,Total,area,ha,1534,1534,ok
2024-25,..\raw\earas\2024-25\Technical_Report_EARAS_2024-25_Odisha.pdf,78,5.5,Mung,mung,28,Sambalpur,0,Total,yield_rate,qtl/ha,8.34,8.34,ok
2024-25,..\raw\earas\2024-25\Technical_Report_EARAS_2024-25_Odisha.pdf,78,5.5,Mung,mung,28,Sambalpur,0,Total,production,qtl,12801,12801,ok
2024-25,..\raw\earas\2024-25\Technical_Report_EARAS_2024-25_Odisha.pdf,78,5.5,Mung,mung,29,Subarnapur,0,Autumn,area,ha,-,,dash
2024-25,..\raw\earas\2024-25\Technical_Report_EARAS_2024-25_Odisha.pdf,78,5.5,Mung,mung,29,Subarnapur,0,Autumn,yield_rate,qtl/ha,-,,dash
2024-25,..\raw\earas\2024-25\Technical_Report_EARAS_2024-25_Odisha.pdf,78,5.5,Mung,mung,29,Subarnapur,0,Autumn,production,qtl,-,,dash
2024-25,..\raw\earas\2024-25\Technical_Report_EARAS_2024-25_Odisha.pdf,78,5.5,Mung,mung,29,Subarnapur,0,Winter,area,ha,7,7,ok
2024-25,..\raw\earas\2024-25\Technical_Report_EARAS_2024-25_Odisha.pdf,78,5.5,Mung,mung,29,Subarnapur,0,Winter,yield_rate,qtl/ha,4.70,4.70,ok
2024-25,..\raw\earas\2024-25\Technical_Report_EARAS_2024-25_Odisha.pdf,78,5.5,Mung,mung,29,Subarnapur,0,Winter,production,qtl,33,33,ok
2024-25,..\raw\earas\2024-25\Technical_Report_EARAS_2024-25_Odisha.pdf,78,5.5,Mung,mung,29,Subarnapur,0,Summer,area,ha,2764,2764,ok
2024-25,..\raw\earas\2024-25\Technical_Report_EARAS_2024-25_Odisha.pdf,78,5.5,Mung,mung,29,Subarnapur,0,Summer,yield_rate,qtl/ha,4.01,4.01,ok
2024-25,..\raw\earas\2024-25\Technical_Report_EARAS_2024-25_Odisha.pdf,78,5.5,Mung,mung,29,Subarnapur,0,Summer,production,qtl,11084,11084,ok
2024-25,..\raw\earas\2024-25\Technical_Report_EARAS_2024-25_Odisha.pdf,78,5.5,Mung,mung,29,Subarnapur,0,Total,area,ha,2771,2771,ok
2024-25,..\raw\earas\2024-25\Technical_Report_EARAS_2024-25_Odisha.pdf,78,5.5,Mung,mung,29,Subarnapur,0,Total,yield_rate,qtl/ha,4.01,4.01,ok
2024-25,..\raw\earas\2024-25\Technical_Report_EARAS_2024-25_Odisha.pdf,78,5.5,Mung,mung,29,Subarnapur,0,Total,production,qtl,11117,11117,ok
2024-25,..\raw\earas\2024-25\Technical_Report_EARAS_2024-25_Odisha.pdf,78,5.5,Mung,mung,30,Sundargarh,0,Autumn,area,ha,99,99,ok
2024-25,..\raw\earas\2024-25\Technical_Report_EARAS_2024-25_Odisha.pdf,78,5.5,Mung,mung,30,Sundargarh,0,Autumn,yield_rate,qtl/ha,5.05,5.05,ok
2024-25,..\raw\earas\2024-25\Technical_Report_EARAS_2024-25_Odisha.pdf,78,5.5,Mung,mung,30,Sundargarh,0,Autumn,production,qtl,500,500,ok
2024-25,..\raw\earas\2024-25\Technical_Report_EARAS_2024-25_Odisha.pdf,78,5.5,Mung,mung,30,Sundargarh,0,Winter,area,ha,44,44,ok
2024-25,..\raw\earas\2024-25\Technical_Report_EARAS_2024-25_Odisha.pdf,78,5.5,Mung,mung,30,Sundargarh,0,Winter,yield_rate,qtl/ha,4.50,4.50,ok
2024-25,..\raw\earas\2024-25\Technical_Report_EARAS_2024-25_Odisha.pdf,78,5.5,Mung,mung,30,Sundargarh,0,Winter,production,qtl,198,198,ok
2024-25,..\raw\earas\2024-25\Technical_Report_EARAS_2024-25_Odisha.pdf,78,5.5,Mung,mung,30,Sundargarh,0,Summer,area,ha,1334,1334,ok
2024-25,..\raw\earas\2024-25\Technical_Report_EARAS_2024-25_Odisha.pdf,78,5.5,Mung,mung,30,Sundargarh,0,Summer,yield_rate,qtl/ha,4.70,4.70,ok
2024-25,..\raw\earas\2024-25\Technical_Report_EARAS_2024-25_Odisha.pdf,78,5.5,Mung,mung,30,Sundargarh,0,Summer,production,qtl,6270,6270,ok
2024-25,..\raw\earas\2024-25\Technical_Report_EARAS_2024-25_Odisha.pdf,78,5.5,Mung,mung,30,Sundargarh,0,Total,area,ha,1477,1477,ok
2024-25,..\raw\earas\2024-25\Technical_Report_EARAS_2024-25_Odisha.pdf,78,5.5,Mung,mung,30,Sundargarh,0,Total,yield_rate,qtl/ha,4.72,4.72,ok
2024-25,..\raw\earas\2024-25\Technical_Report_EARAS_2024-25_Odisha.pdf,78,5.5,Mung,mung,30,Sundargarh,0,Total,production,qtl,6968,6968,ok
2024-25,..\raw\earas\2024-25\Technical_Report_EARAS_2024-25_Odisha.pdf,78,5.5,Mung,mung,,STATE,1,Autumn,area,ha,11076,11076,ok
2024-25,..\raw\earas\2024-25\Technical_Report_EARAS_2024-25_Odisha.pdf,78,5.5,Mung,mung,,STATE,1,Autumn,yield_rate,qtl/ha,3.04,3.04,ok
2024-25,..\raw\earas\2024-25\Technical_Report_EARAS_2024-25_Odisha.pdf,78,5.5,Mung,mung,,STATE,1,Autumn,production,qtl,33668,33668,ok
2024-25,..\raw\earas\2024-25\Technical_Report_EARAS_2024-25_Odisha.pdf,78,5.5,Mung,mung,,STATE,1,Winter,area,ha,103593,103593,ok
2024-25,..\raw\earas\2024-25\Technical_Report_EARAS_2024-25_Odisha.pdf,78,5.5,Mung,mung,,STATE,1,Winter,yield_rate,qtl/ha,3.07,3.07,ok
2024-25,..\raw\earas\2024-25\Technical_Report_EARAS_2024-25_Odisha.pdf,78,5.5,Mung,mung,,STATE,1,Winter,production,qtl,317720,317720,ok
2024-25,..\raw\earas\2024-25\Technical_Report_EARAS_2024-25_Odisha.pdf,78,5.5,Mung,mung,,STATE,1,Summer,area,ha,233949,233949,ok
2024-25,..\raw\earas\2024-25\Technical_Report_EARAS_2024-25_Odisha.pdf,78,5.5,Mung,mung,,STATE,1,Summer,yield_rate,qtl/ha,4.80,4.80,ok
2024-25,..\raw\earas\2024-25\Technical_Report_EARAS_2024-25_Odisha.pdf,78,5.5,Mung,mung,,STATE,1,Summer,production,qtl,1123316,1123316,ok
2024-25,..\raw\earas\2024-25\Technical_Report_EARAS_2024-25_Odisha.pdf,78,5.5,Mung,mung,,STATE,1,Total,area,ha,348618,348618,ok
2024-25,..\raw\earas\2024-25\Technical_Report_EARAS_2024-25_Odisha.pdf,78,5.5,Mung,mung,,STATE,1,Total,yield_rate,qtl/ha,4.23,4.23,ok
2024-25,..\raw\earas\2024-25\Technical_Report_EARAS_2024-25_Odisha.pdf,78,5.5,Mung,mung,,STATE,1,Total,production,qtl,1474704,1474704,ok
2024-25,..\raw\earas\2024-25\Technical_Report_EARAS_2024-25_Odisha.pdf,79,5.6,Biri,biri,1,Angul,0,Autumn,area,ha,678,678,ok
2024-25,..\raw\earas\2024-25\Technical_Report_EARAS_2024-25_Odisha.pdf,79,5.6,Biri,biri,1,Angul,0,Autumn,yield_rate,qtl/ha,4.32,4.32,ok
2024-25,..\raw\earas\2024-25\Technical_Report_EARAS_2024-25_Odisha.pdf,79,5.6,Biri,biri,1,Angul,0,Autumn,production,qtl,2929,2929,ok
2024-25,..\raw\earas\2024-25\Technical_Report_EARAS_2024-25_Odisha.pdf,79,5.6,Biri,biri,1,Angul,0,Winter,area,ha,749,749,ok
2024-25,..\raw\earas\2024-25\Technical_Report_EARAS_2024-25_Odisha.pdf,79,5.6,Biri,biri,1,Angul,0,Winter,yield_rate,qtl/ha,4.28,4.28,ok
2024-25,..\raw\earas\2024-25\Technical_Report_EARAS_2024-25_Odisha.pdf,79,5.6,Biri,biri,1,Angul,0,Winter,production,qtl,3206,3206,ok
2024-25,..\raw\earas\2024-25\Technical_Report_EARAS_2024-25_Odisha.pdf,79,5.6,Biri,biri,1,Angul,0,Summer,area,ha,601,601,ok
2024-25,..\raw\earas\2024-25\Technical_Report_EARAS_2024-25_Odisha.pdf,79,5.6,Biri,biri,1,Angul,0,Summer,yield_rate,qtl/ha,4.25,4.25,ok
2024-25,..\raw\earas\2024-25\Technical_Report_EARAS_2024-25_Odisha.pdf,79,5.6,Biri,biri,1,Angul,0,Summer,production,qtl,2554,2554,ok
2024-25,..\raw\earas\2024-25\Technical_Report_EARAS_2024-25_Odisha.pdf,79,5.6,Biri,biri,1,Angul,0,Total,area,ha,2028,2028,ok
2024-25,..\raw\earas\2024-25\Technical_Report_EARAS_2024-25_Odisha.pdf,79,5.6,Biri,biri,1,Angul,0,Total,yield_rate,qtl/ha,4.28,4.28,ok
2024-25,..\raw\earas\2024-25\Technical_Report_EARAS_2024-25_Odisha.pdf,79,5.6,Biri,biri,1,Angul,0,Total,production,qtl,8689,8689,ok
2024-25,..\raw\earas\2024-25\Technical_Report_EARAS_2024-25_Odisha.pdf,79,5.6,Biri,biri,2,Balangir,0,Autumn,area,ha,1115,1115,ok
2024-25,..\raw\earas\2024-25\Technical_Report_EARAS_2024-25_Odisha.pdf,79,5.6,Biri,biri,2,Balangir,0,Autumn,yield_rate,qtl/ha,3.43,3.43,ok
2024-25,..\raw\earas\2024-25\Technical_Report_EARAS_2024-25_Odisha.pdf,79,5.6,Biri,biri,2,Balangir,0,Autumn,production,qtl,3824,3824,ok
2024-25,..\raw\earas\2024-25\Technical_Report_EARAS_2024-25_Odisha.pdf,79,5.6,Biri,biri,2,Balangir,0,Winter,area,ha,1574,1574,ok
2024-25,..\raw\earas\2024-25\Technical_Report_EARAS_2024-25_Odisha.pdf,79,5.6,Biri,biri,2,Balangir,0,Winter,yield_rate,qtl/ha,3.53,3.53,ok
2024-25,..\raw\earas\2024-25\Technical_Report_EARAS_2024-25_Odisha.pdf,79,5.6,Biri,biri,2,Balangir,0,Winter,production,qtl,5556,5556,ok
2024-25,..\raw\earas\2024-25\Technical_Report_EARAS_2024-25_Odisha.pdf,79,5.6,Biri,biri,2,Balangir,0,Summer,area,ha,1047,1047,ok
2024-25,..\raw\earas\2024-25\Technical_Report_EARAS_2024-25_Odisha.pdf,79,5.6,Biri,biri,2,Balangir,0,Summer,yield_rate,qtl/ha,3.67,3.67,ok
2024-25,..\raw\earas\2024-25\Technical_Report_EARAS_2024-25_Odisha.pdf,79,5.6,Biri,biri,2,Balangir,0,Summer,production,qtl,3842,3842,ok
2024-25,..\raw\earas\2024-25\Technical_Report_EARAS_2024-25_Odisha.pdf,79,5.6,Biri,biri,2,Balangir,0,Total,area,ha,3736,3736,ok
2024-25,..\raw\earas\2024-25\Technical_Report_EARAS_2024-25_Odisha.pdf,79,5.6,Biri,biri,2,Balangir,0,Total,yield_rate,qtl/ha,3.54,3.54,ok
2024-25,..\raw\earas\2024-25\Technical_Report_EARAS_2024-25_Odisha.pdf,79,5.6,Biri,biri,2,Balangir,0,Total,production,qtl,13222,13222,ok
2024-25,..\raw\earas\2024-25\Technical_Report_EARAS_2024-25_Odisha.pdf,79,5.6,Biri,biri,3,Balasore,0,Autumn,area,ha,S,,below_half_unit
2024-25,..\raw\earas\2024-25\Technical_Report_EARAS_2024-25_Odisha.pdf,79,5.6,Biri,biri,3,Balasore,0,Autumn,yield_rate,qtl/ha,5.08,5.08,ok
2024-25,..\raw\earas\2024-25\Technical_Report_EARAS_2024-25_Odisha.pdf,79,5.6,Biri,biri,3,Balasore,0,Autumn,production,qtl,-,,dash
2024-25,..\raw\earas\2024-25\Technical_Report_EARAS_2024-25_Odisha.pdf,79,5.6,Biri,biri,3,Balasore,0,Winter,area,ha,10,10,ok
2024-25,..\raw\earas\2024-25\Technical_Report_EARAS_2024-25_Odisha.pdf,79,5.6,Biri,biri,3,Balasore,0,Winter,yield_rate,qtl/ha,3.19,3.19,ok
2024-25,..\raw\earas\2024-25\Technical_Report_EARAS_2024-25_Odisha.pdf,79,5.6,Biri,biri,3,Balasore,0,Winter,production,qtl,32,32,ok
2024-25,..\raw\earas\2024-25\Technical_Report_EARAS_2024-25_Odisha.pdf,79,5.6,Biri,biri,3,Balasore,0,Summer,area,ha,1612,1612,ok
2024-25,..\raw\earas\2024-25\Technical_Report_EARAS_2024-25_Odisha.pdf,79,5.6,Biri,biri,3,Balasore,0,Summer,yield_rate,qtl/ha,3.96,3.96,ok
2024-25,..\raw\earas\2024-25\Technical_Report_EARAS_2024-25_Odisha.pdf,79,5.6,Biri,biri,3,Balasore,0,Summer,production,qtl,6384,6384,ok
2024-25,..\raw\earas\2024-25\Technical_Report_EARAS_2024-25_Odisha.pdf,79,5.6,Biri,biri,3,Balasore,0,Total,area,ha,1622,1622,ok
2024-25,..\raw\earas\2024-25\Technical_Report_EARAS_2024-25_Odisha.pdf,79,5.6,Biri,biri,3,Balasore,0,Total,yield_rate,qtl/ha,3.96,3.96,ok
2024-25,..\raw\earas\2024-25\Technical_Report_EARAS_2024-25_Odisha.pdf,79,5.6,Biri,biri,3,Balasore,0,Total,production,qtl,6416,6416,ok
2024-25,..\raw\earas\2024-25\Technical_Report_EARAS_2024-25_Odisha.pdf,79,5.6,Biri,biri,4,Bargarh,0,Autumn,area,ha,1700,1700,ok
2024-25,..\raw\earas\2024-25\Technical_Report_EARAS_2024-25_Odisha.pdf,79,5.6,Biri,biri,4,Bargarh,0,Autumn,yield_rate,qtl/ha,3.36,3.36,ok
2024-25,..\raw\earas\2024-25\Technical_Report_EARAS_2024-25_Odisha.pdf,79,5.6,Biri,biri,4,Bargarh,0,Autumn,production,qtl,5712,5712,ok
2024-25,..\raw\earas\2024-25\Technical_Report_EARAS_2024-25_Odisha.pdf,79,5.6,Biri,biri,4,Bargarh,0,Winter,area,ha,33,33,ok
2024-25,..\raw\earas\2024-25\Technical_Report_EARAS_2024-25_Odisha.pdf,79,5.6,Biri,biri,4,Bargarh,0,Winter,yield_rate,qtl/ha,3.65,3.65,ok
2024-25,..\raw\earas\2024-25\Technical_Report_EARAS_2024-25_Odisha.pdf,79,5.6,Biri,biri,4,Bargarh,0,Winter,production,qtl,120,120,ok
2024-25,..\raw\earas\2024-25\Technical_Report_EARAS_2024-25_Odisha.pdf,79,5.6,Biri,biri,4,Bargarh,0,Summer,area,ha,754,754,ok
2024-25,..\raw\earas\2024-25\Technical_Report_EARAS_2024-25_Odisha.pdf,79,5.6,Biri,biri,4,Bargarh,0,Summer,yield_rate,qtl/ha,3.60,3.60,ok
2024-25,..\raw\earas\2024-25\Technical_Report_EARAS_2024-25_Odisha.pdf,79,5.6,Biri,biri,4,Bargarh,0,Summer,production,qtl,2714,2714,ok
2024-25,..\raw\earas\2024-25\Technical_Report_EARAS_2024-25_Odisha.pdf,79,5.6,Biri,biri,4,Bargarh,0,Total,area,ha,2487,2487,ok
2024-25,..\raw\earas\2024-25\Technical_Report_EARAS_2024-25_Odisha.pdf,79,5.6,Biri,biri,4,Bargarh,0,Total,yield_rate,qtl/ha,3.44,3.44,ok
2024-25,..\raw\earas\2024-25\Technical_Report_EARAS_2024-25_Odisha.pdf,79,5.6,Biri,biri,4,Bargarh,0,Total,production,qtl,8546,8546,ok
2024-25,..\raw\earas\2024-25\Technical_Report_EARAS_2024-25_Odisha.pdf,79,5.6,Biri,biri,5,Bhadrak,0,Autumn,area,ha,S,,below_half_unit
2024-25,..\raw\earas\2024-25\Technical_Report_EARAS_2024-25_Odisha.pdf,79,5.6,Biri,biri,5,Bhadrak,0,Autumn,yield_rate,qtl/ha,4.64,4.64,ok
2024-25,..\raw\earas\2024-25\Technical_Report_EARAS_2024-25_Odisha.pdf,79,5.6,Biri,biri,5,Bhadrak,0,Autumn,production,qtl,-,,dash
2024-25,..\raw\earas\2024-25\Technical_Report_EARAS_2024-25_Odisha.pdf,79,5.6,Biri,biri,5,Bhadrak,0,Winter,area,ha,371,371,ok
2024-25,..\raw\earas\2024-25\Technical_Report_EARAS_2024-25_Odisha.pdf,79,5.6,Biri,biri,5,Bhadrak,0,Winter,yield_rate,qtl/ha,3.68,3.68,ok
2024-25,..\raw\earas\2024-25\Technical_Report_EARAS_2024-25_Odisha.pdf,79,5.6,Biri,biri,5,Bhadrak,0,Winter,production,qtl,1365,1365,ok
2024-25,..\raw\earas\2024-25\Technical_Report_EARAS_2024-25_Odisha.pdf,79,5.6,Biri,biri,5,Bhadrak,0,Summer,area,ha,292,292,ok
2024-25,..\raw\earas\2024-25\Technical_Report_EARAS_2024-25_Odisha.pdf,79,5.6,Biri,biri,5,Bhadrak,0,Summer,yield_rate,qtl/ha,4.59,4.59,ok
2024-25,..\raw\earas\2024-25\Technical_Report_EARAS_2024-25_Odisha.pdf,79,5.6,Biri,biri,5,Bhadrak,0,Summer,production,qtl,1340,1340,ok
2024-25,..\raw\earas\2024-25\Technical_Report_EARAS_2024-25_Odisha.pdf,79,5.6,Biri,biri,5,Bhadrak,0,Total,area,ha,663,663,ok
2024-25,..\raw\earas\2024-25\Technical_Report_EARAS_2024-25_Odisha.pdf,79,5.6,Biri,biri,5,Bhadrak,0,Total,yield_rate,qtl/ha,4.08,4.08,ok
2024-25,..\raw\earas\2024-25\Technical_Report_EARAS_2024-25_Odisha.pdf,79,5.6,Biri,biri,5,Bhadrak,0,Total,production,qtl,2705,2705,ok
2024-25,..\raw\earas\2024-25\Technical_Report_EARAS_2024-25_Odisha.pdf,79,5.6,Biri,biri,6,Boudh,0,Autumn,area,ha,9,9,ok
2024-25,..\raw\earas\2024-25\Technical_Report_EARAS_2024-25_Odisha.pdf,79,5.6,Biri,biri,6,Boudh,0,Autumn,yield_rate,qtl/ha,2.60,2.60,ok
2024-25,..\raw\earas\2024-25\Technical_Report_EARAS_2024-25_Odisha.pdf,79,5.6,Biri,biri,6,Boudh,0,Autumn,production,qtl,23,23,ok
2024-25,..\raw\earas\2024-25\Technical_Report_EARAS_2024-25_Odisha.pdf,79,5.6,Biri,biri,6,Boudh,0,Winter,area,ha,131,131,ok
2024-25,..\raw\earas\2024-25\Technical_Report_EARAS_2024-25_Odisha.pdf,79,5.6,Biri,biri,6,Boudh,0,Winter,yield_rate,qtl/ha,3.68,3.68,ok
2024-25,..\raw\earas\2024-25\Technical_Report_EARAS_2024-25_Odisha.pdf,79,5.6,Biri,biri,6,Boudh,0,Winter,production,qtl,482,482,ok
2024-25,..\raw\earas\2024-25\Technical_Report_EARAS_2024-25_Odisha.pdf,79,5.6,Biri,biri,6,Boudh,0,Summer,area,ha,15,15,ok
2024-25,..\raw\earas\2024-25\Technical_Report_EARAS_2024-25_Odisha.pdf,79,5.6,Biri,biri,6,Boudh,0,Summer,yield_rate,qtl/ha,2.86,2.86,ok
2024-25,..\raw\earas\2024-25\Technical_Report_EARAS_2024-25_Odisha.pdf,79,5.6,Biri,biri,6,Boudh,0,Summer,production,qtl,43,43,ok
2024-25,..\raw\earas\2024-25\Technical_Report_EARAS_2024-25_Odisha.pdf,79,5.6,Biri,biri,6,Boudh,0,Total,area,ha,155,155,ok
2024-25,..\raw\earas\2024-25\Technical_Report_EARAS_2024-25_Odisha.pdf,79,5.6,Biri,biri,6,Boudh,0,Total,yield_rate,qtl/ha,3.54,3.54,ok
2024-25,..\raw\earas\2024-25\Technical_Report_EARAS_2024-25_Odisha.pdf,79,5.6,Biri,biri,6,Boudh,0,Total,production,qtl,548,548,ok
2024-25,..\raw\earas\2024-25\Technical_Report_EARAS_2024-25_Odisha.pdf,79,5.6,Biri,biri,7,Cuttack,0,Autumn,area,ha,-,,dash
2024-25,..\raw\earas\2024-25\Technical_Report_EARAS_2024-25_Odisha.pdf,79,5.6,Biri,biri,7,Cuttack,0,Autumn,yield_rate,qtl/ha,-,,dash
2024-25,..\raw\earas\2024-25\Technical_Report_EARAS_2024-25_Odisha.pdf,79,5.6,Biri,biri,7,Cuttack,0,Autumn,production,qtl,-,,dash
2024-25,..\raw\earas\2024-25\Technical_Report_EARAS_2024-25_Odisha.pdf,79,5.6,Biri,biri,7,Cuttack,0,Winter,area,ha,15803,15803,ok
2024-25,..\raw\earas\2024-25\Technical_Report_EARAS_2024-25_Odisha.pdf,79,5.6,Biri,biri,7,Cuttack,0,Winter,yield_rate,qtl/ha,4.25,4.25,ok
2024-25,..\raw\earas\2024-25\Technical_Report_EARAS_2024-25_Odisha.pdf,79,5.6,Biri,biri,7,Cuttack,0,Winter,production,qtl,67163,67163,ok
2024-25,..\raw\earas\2024-25\Technical_Report_EARAS_2024-25_Odisha.pdf,79,5.6,Biri,biri,7,Cuttack,0,Summer,area,ha,5674,5674,ok
2024-25,..\raw\earas\2024-25\Technical_Report_EARAS_2024-25_Odisha.pdf,79,5.6,Biri,biri,7,Cuttack,0,Summer,yield_rate,qtl/ha,4.43,4.43,ok
2024-25,..\raw\earas\2024-25\Technical_Report_EARAS_2024-25_Odisha.pdf,79,5.6,Biri,biri,7,Cuttack,0,Summer,production,qtl,25136,25136,ok
2024-25,..\raw\earas\2024-25\Technical_Report_EARAS_2024-25_Odisha.pdf,79,5.6,Biri,biri,7,Cuttack,0,Total,area,ha,21477,21477,ok
2024-25,..\raw\earas\2024-25\Technical_Report_EARAS_2024-25_Odisha.pdf,79,5.6,Biri,biri,7,Cuttack,0,Total,yield_rate,qtl/ha,4.30,4.30,ok
2024-25,..\raw\earas\2024-25\Technical_Report_EARAS_2024-25_Odisha.pdf,79,5.6,Biri,biri,7,Cuttack,0,Total,production,qtl,92299,92299,ok
2024-25,..\raw\earas\2024-25\Technical_Report_EARAS_2024-25_Odisha.pdf,79,5.6,Biri,biri,8,Deogarh,0,Autumn,area,ha,81,81,ok
2024-25,..\raw\earas\2024-25\Technical_Report_EARAS_2024-25_Odisha.pdf,79,5.6,Biri,biri,8,Deogarh,0,Autumn,yield_rate,qtl/ha,3.18,3.18,ok
2024-25,..\raw\earas\2024-25\Technical_Report_EARAS_2024-25_Odisha.pdf,79,5.6,Biri,biri,8,Deogarh,0,Autumn,production,qtl,258,258,ok
2024-25,..\raw\earas\2024-25\Technical_Report_EARAS_2024-25_Odisha.pdf,79,5.6,Biri,biri,8,Deogarh,0,Winter,area,ha,-,,dash
2024-25,..\raw\earas\2024-25\Technical_Report_EARAS_2024-25_Odisha.pdf,79,5.6,Biri,biri,8,Deogarh,0,Winter,yield_rate,qtl/ha,-,,dash
2024-25,..\raw\earas\2024-25\Technical_Report_EARAS_2024-25_Odisha.pdf,79,5.6,Biri,biri,8,Deogarh,0,Winter,production,qtl,-,,dash
2024-25,..\raw\earas\2024-25\Technical_Report_EARAS_2024-25_Odisha.pdf,79,5.6,Biri,biri,8,Deogarh,0,Summer,area,ha,92,92,ok
2024-25,..\raw\earas\2024-25\Technical_Report_EARAS_2024-25_Odisha.pdf,79,5.6,Biri,biri,8,Deogarh,0,Summer,yield_rate,qtl/ha,3.03,3.03,ok
2024-25,..\raw\earas\2024-25\Technical_Report_EARAS_2024-25_Odisha.pdf,79,5.6,Biri,biri,8,Deogarh,0,Summer,production,qtl,279,279,ok
2024-25,..\raw\earas\2024-25\Technical_Report_EARAS_2024-25_Odisha.pdf,79,5.6,Biri,biri,8,Deogarh,0,Total,area,ha,173,173,ok
2024-25,..\raw\earas\2024-25\Technical_Report_EARAS_2024-25_Odisha.pdf,79,5.6,Biri,biri,8,Deogarh,0,Total,yield_rate,qtl/ha,3.10,3.10,ok
2024-25,..\raw\earas\2024-25\Technical_Report_EARAS_2024-25_Odisha.pdf,79,5.6,Biri,biri,8,Deogarh,0,Total,production,qtl,537,537,ok
2024-25,..\raw\earas\2024-25\Technical_Report_EARAS_2024-25_Odisha.pdf,79,5.6,Biri,biri,9,Dhenkanal,0,Autumn,area,ha,69,69,ok
2024-25,..\raw\earas\2024-25\Technical_Report_EARAS_2024-25_Odisha.pdf,79,5.6,Biri,biri,9,Dhenkanal,0,Autumn,yield_rate,qtl/ha,4.67,4.67,ok
2024-25,..\raw\earas\2024-25\Technical_Report_EARAS_2024-25_Odisha.pdf,79,5.6,Biri,biri,9,Dhenkanal,0,Autumn,production,qtl,322,322,ok
2024-25,..\raw\earas\2024-25\Technical_Report_EARAS_2024-25_Odisha.pdf,79,5.6,Biri,biri,9,Dhenkanal,0,Winter,area,ha,2640,2640,ok
2024-25,..\raw\earas\2024-25\Technical_Report_EARAS_2024-25_Odisha.pdf,79,5.6,Biri,biri,9,Dhenkanal,0,Winter,yield_rate,qtl/ha,5.73,5.73,ok
2024-25,..\raw\earas\2024-25\Technical_Report_EARAS_2024-25_Odisha.pdf,79,5.6,Biri,biri,9,Dhenkanal,0,Winter,production,qtl,15127,15127,ok
2024-25,..\raw\earas\2024-25\Technical_Report_EARAS_2024-25_Odisha.pdf,79,5.6,Biri,biri,9,Dhenkanal,0,Summer,area,ha,167,167,ok
2024-25,..\raw\earas\2024-25\Technical_Report_EARAS_2024-25_Odisha.pdf,79,5.6,Biri,biri,9,Dhenkanal,0,Summer,yield_rate,qtl/ha,6.50,6.50,ok
2024-25,..\raw\earas\2024-25\Technical_Report_EARAS_2024-25_Odisha.pdf,79,5.6,Biri,biri,9,Dhenkanal,0,Summer,production,qtl,1086,1086,ok
2024-25,..\raw\earas\2024-25\Technical_Report_EARAS_2024-25_Odisha.pdf,79,5.6,Biri,biri,9,Dhenkanal,0,Total,area,ha,2876,2876,ok
2024-25,..\raw\earas\2024-25\Technical_Report_EARAS_2024-25_Odisha.pdf,79,5.6,Biri,biri,9,Dhenkanal,0,Total,yield_rate,qtl/ha,5.75,5.75,ok
2024-25,..\raw\earas\2024-25\Technical_Report_EARAS_2024-25_Odisha.pdf,79,5.6,Biri,biri,9,Dhenkanal,0,Total,production,qtl,16535,16535,ok
2024-25,..\raw\earas\2024-25\Technical_Report_EARAS_2024-25_Odisha.pdf,79,5.6,Biri,biri,10,Gajapati,0,Autumn,area,ha,-,,dash
2024-25,..\raw\earas\2024-25\Technical_Report_EARAS_2024-25_Odisha.pdf,79,5.6,Biri,biri,10,Gajapati,0,Autumn,yield_rate,qtl/ha,-,,dash
2024-25,..\raw\earas\2024-25\Technical_Report_EARAS_2024-25_Odisha.pdf,79,5.6,Biri,biri,10,Gajapati,0,Autumn,production,qtl,-,,dash
2024-25,..\raw\earas\2024-25\Technical_Report_EARAS_2024-25_Odisha.pdf,79,5.6,Biri,biri,10,Gajapati,0,Winter,area,ha,1664,1664,ok
2024-25,..\raw\earas\2024-25\Technical_Report_EARAS_2024-25_Odisha.pdf,79,5.6,Biri,biri,10,Gajapati,0,Winter,yield_rate,qtl/ha,3.00,3.00,ok
2024-25,..\raw\earas\2024-25\Technical_Report_EARAS_2024-25_Odisha.pdf,79,5.6,Biri,biri,10,Gajapati,0,Winter,production,qtl,4992,4992,ok
2024-25,..\raw\earas\2024-25\Technical_Report_EARAS_2024-25_Odisha.pdf,79,5.6,Biri,biri,10,Gajapati,0,Summer,area,ha,-,,dash
2024-25,..\raw\earas\2024-25\Technical_Report_EARAS_2024-25_Odisha.pdf,79,5.6,Biri,biri,10,Gajapati,0,Summer,yield_rate,qtl/ha,-,,dash
2024-25,..\raw\earas\2024-25\Technical_Report_EARAS_2024-25_Odisha.pdf,79,5.6,Biri,biri,10,Gajapati,0,Summer,production,qtl,-,,dash
2024-25,..\raw\earas\2024-25\Technical_Report_EARAS_2024-25_Odisha.pdf,79,5.6,Biri,biri,10,Gajapati,0,Total,area,ha,1664,1664,ok
2024-25,..\raw\earas\2024-25\Technical_Report_EARAS_2024-25_Odisha.pdf,79,5.6,Biri,biri,10,Gajapati,0,Total,yield_rate,qtl/ha,3.00,3.00,ok
2024-25,..\raw\earas\2024-25\Technical_Report_EARAS_2024-25_Odisha.pdf,79,5.6,Biri,biri,10,Gajapati,0,Total,production,qtl,4992,4992,ok
2024-25,..\raw\earas\2024-25\Technical_Report_EARAS_2024-25_Odisha.pdf,79,5.6,Biri,biri,11,Ganjam,0,Autumn,area,ha,1,1,ok
2024-25,..\raw\earas\2024-25\Technical_Report_EARAS_2024-25_Odisha.pdf,79,5.6,Biri,biri,11,Ganjam,0,Autumn,yield_rate,qtl/ha,2.18,2.18,ok
2024-25,..\raw\earas\2024-25\Technical_Report_EARAS_2024-25_Odisha.pdf,79,5.6,Biri,biri,11,Ganjam,0,Autumn,production,qtl,2,2,ok
2024-25,..\raw\earas\2024-25\Technical_Report_EARAS_2024-25_Odisha.pdf,79,5.6,Biri,biri,11,Ganjam,0,Winter,area,ha,9474,9474,ok
2024-25,..\raw\earas\2024-25\Technical_Report_EARAS_2024-25_Odisha.pdf,79,5.6,Biri,biri,11,Ganjam,0,Winter,yield_rate,qtl/ha,2.72,2.72,ok
2024-25,..\raw\earas\2024-25\Technical_Report_EARAS_2024-25_Odisha.pdf,79,5.6,Biri,biri,11,Ganjam,0,Winter,production,qtl,25769,25769,ok
2024-25,..\raw\earas\2024-25\Technical_Report_EARAS_2024-25_Odisha.pdf,79,5.6,Biri,biri,11,Ganjam,0,Summer,area,ha,-,,dash
2024-25,..\raw\earas\2024-25\Technical_Report_EARAS_2024-25_Odisha.pdf,79,5.6,Biri,biri,11,Ganjam,0,Summer,yield_rate,qtl/ha,-,,dash
2024-25,..\raw\earas\2024-25\Technical_Report_EARAS_2024-25_Odisha.pdf,79,5.6,Biri,biri,11,Ganjam,0,Summer,production,qtl,-,,dash
2024-25,..\raw\earas\2024-25\Technical_Report_EARAS_2024-25_Odisha.pdf,79,5.6,Biri,biri,11,Ganjam,0,Total,area,ha,9475,9475,ok
2024-25,..\raw\earas\2024-25\Technical_Report_EARAS_2024-25_Odisha.pdf,79,5.6,Biri,biri,11,Ganjam,0,Total,yield_rate,qtl/ha,2.72,2.72,ok
2024-25,..\raw\earas\2024-25\Technical_Report_EARAS_2024-25_Odisha.pdf,79,5.6,Biri,biri,11,Ganjam,0,Total,production,qtl,25771,25771,ok
2024-25,..\raw\earas\2024-25\Technical_Report_EARAS_2024-25_Odisha.pdf,79,5.6,Biri,biri,12,Jagatsinghpur,0,Autumn,area,ha,-,,dash
2024-25,..\raw\earas\2024-25\Technical_Report_EARAS_2024-25_Odisha.pdf,79,5.6,Biri,biri,12,Jagatsinghpur,0,Autumn,yield_rate,qtl/ha,-,,dash
2024-25,..\raw\earas\2024-25\Technical_Report_EARAS_2024-25_Odisha.pdf,79,5.6,Biri,biri,12,Jagatsinghpur,0,Autumn,production,qtl,-,,dash
2024-25,..\raw\earas\2024-25\Technical_Report_EARAS_2024-25_Odisha.pdf,79,5.6,Biri,biri,12,Jagatsinghpur,0,Winter,area,ha,464,464,ok
2024-25,..\raw\earas\2024-25\Technical_Report_EARAS_2024-25_Odisha.pdf,79,5.6,Biri,biri,12,Jagatsinghpur,0,Winter,yield_rate,qtl/ha,4.86,4.86,ok
2024-25,..\raw\earas\2024-25\Technical_Report_EARAS_2024-25_Odisha.pdf,79,5.6,Biri,biri,12,Jagatsinghpur,0,Winter,production,qtl,2255,2255,ok
2024-25,..\raw\earas\2024-25\Technical_Report_EARAS_2024-25_Odisha.pdf,79,5.6,Biri,biri,12,Jagatsinghpur,0,Summer,area,ha,2798,2798,ok
2024-25,..\raw\earas\2024-25\Technical_Report_EARAS_2024-25_Odisha.pdf,79,5.6,Biri,biri,12,Jagatsinghpur,0,Summer,yield_rate,qtl/ha,4.93,4.93,ok
2024-25,..\raw\earas\2024-25\Technical_Report_EARAS_2024-25_Odisha.pdf,79,5.6,Biri,biri,12,Jagatsinghpur,0,Summer,production,qtl,13794,13794,ok
2024-25,..\raw\earas\2024-25\Technical_Report_EARAS_2024-25_Odisha.pdf,79,5.6,Biri,biri,12,Jagatsinghpur,0,Total,area,ha,3262,3262,ok
2024-25,..\raw\earas\2024-25\Technical_Report_EARAS_2024-25_Odisha.pdf,79,5.6,Biri,biri,12,Jagatsinghpur,0,Total,yield_rate,qtl/ha,4.92,4.92,ok
2024-25,..\raw\earas\2024-25\Technical_Report_EARAS_2024-25_Odisha.pdf,79,5.6,Biri,biri,12,Jagatsinghpur,0,Total,production,qtl,16049,16049,ok
2024-25,..\raw\earas\2024-25\Technical_Report_EARAS_2024-25_Odisha.pdf,79,5.6,Biri,biri,13,Jajpur,0,Autumn,area,ha,-,,dash
2024-25,..\raw\earas\2024-25\Technical_Report_EARAS_2024-25_Odisha.pdf,79,5.6,Biri,biri,13,Jajpur,0,Autumn,yield_rate,qtl/ha,-,,dash
2024-25,..\raw\earas\2024-25\Technical_Report_EARAS_2024-25_Odisha.pdf,79,5.6,Biri,biri,13,Jajpur,0,Autumn,production,qtl,-,,dash
2024-25,..\raw\earas\2024-25\Technical_Report_EARAS_2024-25_Odisha.pdf,79,5.6,Biri,biri,13,Jajpur,0,Winter,area,ha,8272,8272,ok
2024-25,..\raw\earas\2024-25\Technical_Report_EARAS_2024-25_Odisha.pdf,79,5.6,Biri,biri,13,Jajpur,0,Winter,yield_rate,qtl/ha,4.42,4.42,ok
2024-25,..\raw\earas\2024-25\Technical_Report_EARAS_2024-25_Odisha.pdf,79,5.6,Biri,biri,13,Jajpur,0,Winter,production,qtl,36562,36562,ok
2024-25,..\raw\earas\2024-25\Technical_Report_EARAS_2024-25_Odisha.pdf,79,5.6,Biri,biri,13,Jajpur,0,Summer,area,ha,82,82,ok
2024-25,..\raw\earas\2024-25\Technical_Report_EARAS_2024-25_Odisha.pdf,79,5.6,Biri,biri,13,Jajpur,0,Summer,yield_rate,qtl/ha,4.50,4.50,ok
2024-25,..\raw\earas\2024-25\Technical_Report_EARAS_2024-25_Odisha.pdf,79,5.6,Biri,biri,13,Jajpur,0,Summer,production,qtl,369,369,ok
2024-25,..\raw\earas\2024-25\Technical_Report_EARAS_2024-25_Odisha.pdf,79,5.6,Biri,biri,13,Jajpur,0,Total,area,ha,8354,8354,ok
2024-25,..\raw\earas\2024-25\Technical_Report_EARAS_2024-25_Odisha.pdf,79,5.6,Biri,biri,13,Jajpur,0,Total,yield_rate,qtl/ha,4.42,4.42,ok
2024-25,..\raw\earas\2024-25\Technical_Report_EARAS_2024-25_Odisha.pdf,79,5.6,Biri,biri,13,Jajpur,0,Total,production,qtl,36931,36931,ok
2024-25,..\raw\earas\2024-25\Technical_Report_EARAS_2024-25_Odisha.pdf,79,5.6,Biri,biri,14,Jharsuguda,0,Autumn,area,ha,3,3,ok
2024-25,..\raw\earas\2024-25\Technical_Report_EARAS_2024-25_Odisha.pdf,79,5.6,Biri,biri,14,Jharsuguda,0,Autumn,yield_rate,qtl/ha,1.72,1.72,ok
2024-25,..\raw\earas\2024-25\Technical_Report_EARAS_2024-25_Odisha.pdf,79,5.6,Biri,biri,14,Jharsuguda,0,Autumn,production,qtl,5,5,ok
2024-25,..\raw\earas\2024-25\Technical_Report_EARAS_2024-25_Odisha.pdf,79,5.6,Biri,biri,14,Jharsuguda,0,Winter,area,ha,70,70,ok
2024-25,..\raw\earas\2024-25\Technical_Report_EARAS_2024-25_Odisha.pdf,79,5.6,Biri,biri,14,Jharsuguda,0,Winter,yield_rate,qtl/ha,2.41,2.41,ok
2024-25,..\raw\earas\2024-25\Technical_Report_EARAS_2024-25_Odisha.pdf,79,5.6,Biri,biri,14,Jharsuguda,0,Winter,production,qtl,169,169,ok
2024-25,..\raw\earas\2024-25\Technical_Report_EARAS_2024-25_Odisha.pdf,79,5.6,Biri,biri,14,Jharsuguda,0,Summer,area,ha,236,236,ok
2024-25,..\raw\earas\2024-25\Technical_Report_EARAS_2024-25_Odisha.pdf,79,5.6,Biri,biri,14,Jharsuguda,0,Summer,yield_rate,qtl/ha,3.27,3.27,ok
2024-25,..\raw\earas\2024-25\Technical_Report_EARAS_2024-25_Odisha.pdf,79,5.6,Biri,biri,14,Jharsuguda,0,Summer,production,qtl,772,772,ok
2024-25,..\raw\earas\2024-25\Technical_Report_EARAS_2024-25_Odisha.pdf,79,5.6,Biri,biri,14,Jharsuguda,0,Total,area,ha,309,309,ok
2024-25,..\raw\earas\2024-25\Technical_Report_EARAS_2024-25_Odisha.pdf,79,5.6,Biri,biri,14,Jharsuguda,0,Total,yield_rate,qtl/ha,3.06,3.06,ok
2024-25,..\raw\earas\2024-25\Technical_Report_EARAS_2024-25_Odisha.pdf,79,5.6,Biri,biri,14,Jharsuguda,0,Total,production,qtl,946,946,ok
2024-25,..\raw\earas\2024-25\Technical_Report_EARAS_2024-25_Odisha.pdf,79,5.6,Biri,biri,15,Kalahandi,0,Autumn,area,ha,5,5,ok
2024-25,..\raw\earas\2024-25\Technical_Report_EARAS_2024-25_Odisha.pdf,79,5.6,Biri,biri,15,Kalahandi,0,Autumn,yield_rate,qtl/ha,5.87,5.87,ok
2024-25,..\raw\earas\2024-25\Technical_Report_EARAS_2024-25_Odisha.pdf,79,5.6,Biri,biri,15,Kalahandi,0,Autumn,production,qtl,29,29,ok
2024-25,..\raw\earas\2024-25\Technical_Report_EARAS_2024-25_Odisha.pdf,79,5.6,Biri,biri,15,Kalahandi,0,Winter,area,ha,2550,2550,ok
2024-25,..\raw\earas\2024-25\Technical_Report_EARAS_2024-25_Odisha.pdf,79,5.6,Biri,biri,15,Kalahandi,0,Winter,yield_rate,qtl/ha,6.13,6.13,ok
2024-25,..\raw\earas\2024-25\Technical_Report_EARAS_2024-25_Odisha.pdf,79,5.6,Biri,biri,15,Kalahandi,0,Winter,production,qtl,15632,15632,ok
2024-25,..\raw\earas\2024-25\Technical_Report_EARAS_2024-25_Odisha.pdf,79,5.6,Biri,biri,15,Kalahandi,0,Summer,area,ha,601,601,ok
2024-25,..\raw\earas\2024-25\Technical_Report_EARAS_2024-25_Odisha.pdf,79,5.6,Biri,biri,15,Kalahandi,0,Summer,yield_rate,qtl/ha,7.03,7.03,ok
2024-25,..\raw\earas\2024-25\Technical_Report_EARAS_2024-25_Odisha.pdf,79,5.6,Biri,biri,15,Kalahandi,0,Summer,production,qtl,4225,4225,ok
2024-25,..\raw\earas\2024-25\Technical_Report_EARAS_2024-25_Odisha.pdf,79,5.6,Biri,biri,15,Kalahandi,0,Total,area,ha,3156,3156,ok
2024-25,..\raw\earas\2024-25\Technical_Report_EARAS_2024-25_Odisha.pdf,79,5.6,Biri,biri,15,Kalahandi,0,Total,yield_rate,qtl/ha,6.30,6.30,ok
2024-25,..\raw\earas\2024-25\Technical_Report_EARAS_2024-25_Odisha.pdf,79,5.6,Biri,biri,15,Kalahandi,0,Total,production,qtl,19886,19886,ok
2024-25,..\raw\earas\2024-25\Technical_Report_EARAS_2024-25_Odisha.pdf,79,5.6,Biri,biri,16,Kandhamal,0,Autumn,area,ha,-,,dash
2024-25,..\raw\earas\2024-25\Technical_Report_EARAS_2024-25_Odisha.pdf,79,5.6,Biri,biri,16,Kandhamal,0,Autumn,yield_rate,qtl/ha,-,,dash
2024-25,..\raw\earas\2024-25\Technical_Report_EARAS_2024-25_Odisha.pdf,79,5.6,Biri,biri,16,Kandhamal,0,Autumn,production,qtl,-,,dash
2024-25,..\raw\earas\2024-25\Technical_Report_EARAS_2024-25_Odisha.pdf,79,5.6,Biri,biri,16,Kandhamal,0,Winter,area,ha,1467,1467,ok
2024-25,..\raw\earas\2024-25\Technical_Report_EARAS_2024-25_Odisha.pdf,79,5.6,Biri,biri,16,Kandhamal,0,Winter,yield_rate,qtl/ha,4.31,4.31,ok
2024-25,..\raw\earas\2024-25\Technical_Report_EARAS_2024-25_Odisha.pdf,79,5.6,Biri,biri,16,Kandhamal,0,Winter,production,qtl,6323,6323,ok
2024-25,..\raw\earas\2024-25\Technical_Report_EARAS_2024-25_Odisha.pdf,79,5.6,Biri,biri,16,Kandhamal,0,Summer,area,ha,-,,dash
2024-25,..\raw\earas\2024-25\Technical_Report_EARAS_2024-25_Odisha.pdf,79,5.6,Biri,biri,16,Kandhamal,0,Summer,yield_rate,qtl/ha,-,,dash
2024-25,..\raw\earas\2024-25\Technical_Report_EARAS_2024-25_Odisha.pdf,79,5.6,Biri,biri,16,Kandhamal,0,Summer,production,qtl,-,,dash
2024-25,..\raw\earas\2024-25\Technical_Report_EARAS_2024-25_Odisha.pdf,79,5.6,Biri,biri,16,Kandhamal,0,Total,area,ha,1467,1467,ok
2024-25,..\raw\earas\2024-25\Technical_Report_EARAS_2024-25_Odisha.pdf,79,5.6,Biri,biri,16,Kandhamal,0,Total,yield_rate,qtl/ha,4.31,4.31,ok
2024-25,..\raw\earas\2024-25\Technical_Report_EARAS_2024-25_Odisha.pdf,79,5.6,Biri,biri,16,Kandhamal,0,Total,production,qtl,6323,6323,ok
2024-25,..\raw\earas\2024-25\Technical_Report_EARAS_2024-25_Odisha.pdf,79,5.6,Biri,biri,17,Kendrapada,0,Autumn,area,ha,-,,dash
2024-25,..\raw\earas\2024-25\Technical_Report_EARAS_2024-25_Odisha.pdf,79,5.6,Biri,biri,17,Kendrapada,0,Autumn,yield_rate,qtl/ha,-,,dash
2024-25,..\raw\earas\2024-25\Technical_Report_EARAS_2024-25_Odisha.pdf,79,5.6,Biri,biri,17,Kendrapada,0,Autumn,production,qtl,-,,dash
2024-25,..\raw\earas\2024-25\Technical_Report_EARAS_2024-25_Odisha.pdf,79,5.6,Biri,biri,17,Kendrapada,0,Winter,area,ha,8257,8257,ok
2024-25,..\raw\earas\2024-25\Technical_Report_EARAS_2024-25_Odisha.pdf,79,5.6,Biri,biri,17,Kendrapada,0,Winter,yield_rate,qtl/ha,4.94,4.94,ok
2024-25,..\raw\earas\2024-25\Technical_Report_EARAS_2024-25_Odisha.pdf,79,5.6,Biri,biri,17,Kendrapada,0,Winter,production,qtl,40790,40790,ok
2024-25,..\raw\earas\2024-25\Technical_Report_EARAS_2024-25_Odisha.pdf,79,5.6,Biri,biri,17,Kendrapada,0,Summer,area,ha,2300,2300,ok
2024-25,..\raw\earas\2024-25\Technical_Report_EARAS_2024-25_Odisha.pdf,79,5.6,Biri,biri,17,Kendrapada,0,Summer,yield_rate,qtl/ha,4.27,4.27,ok
2024-25,..\raw\earas\2024-25\Technical_Report_EARAS_2024-25_Odisha.pdf,79,5.6,Biri,biri,17,Kendrapada,0,Summer,production,qtl,9821,9821,ok
2024-25,..\raw\earas\2024-25\Technical_Report_EARAS_2024-25_Odisha.pdf,79,5.6,Biri,biri,17,Kendrapada,0,Total,area,ha,10557,10557,ok
2024-25,..\raw\earas\2024-25\Technical_Report_EARAS_2024-25_Odisha.pdf,79,5.6,Biri,biri,17,Kendrapada,0,Total,yield_rate,qtl/ha,4.79,4.79,ok
2024-25,..\raw\earas\2024-25\Technical_Report_EARAS_2024-25_Odisha.pdf,79,5.6,Biri,biri,17,Kendrapada,0,Total,production,qtl,50611,50611,ok
2024-25,..\raw\earas\2024-25\Technical_Report_EARAS_2024-25_Odisha.pdf,79,5.6,Biri,biri,18,Keonjhar,0,Autumn,area,ha,137,137,ok
2024-25,..\raw\earas\2024-25\Technical_Report_EARAS_2024-25_Odisha.pdf,79,5.6,Biri,biri,18,Keonjhar,0,Autumn,yield_rate,qtl/ha,3.25,3.25,ok
2024-25,..\raw\earas\2024-25\Technical_Report_EARAS_2024-25_Odisha.pdf,79,5.6,Biri,biri,18,Keonjhar,0,Autumn,production,qtl,445,445,ok
2024-25,..\raw\earas\2024-25\Technical_Report_EARAS_2024-25_Odisha.pdf,79,5.6,Biri,biri,18,Keonjhar,0,Winter,area,ha,387,387,ok
2024-25,..\raw\earas\2024-25\Technical_Report_EARAS_2024-25_Odisha.pdf,79,5.6,Biri,biri,18,Keonjhar,0,Winter,yield_rate,qtl/ha,8.51,8.51,ok
2024-25,..\raw\earas\2024-25\Technical_Report_EARAS_2024-25_Odisha.pdf,79,5.6,Biri,biri,18,Keonjhar,0,Winter,production,qtl,3293,3293,ok
2024-25,..\raw\earas\2024-25\Technical_Report_EARAS_2024-25_Odisha.pdf,79,5.6,Biri,biri,18,Keonjhar,0,Summer,area,ha,417,417,ok
2024-25,..\raw\earas\2024-25\Technical_Report_EARAS_2024-25_Odisha.pdf,79,5.6,Biri,biri,18,Keonjhar,0,Summer,yield_rate,qtl/ha,6.24,6.24,ok
2024-25,..\raw\earas\2024-25\Technical_Report_EARAS_2024-25_Odisha.pdf,79,5.6,Biri,biri,18,Keonjhar,0,Summer,production,qtl,2602,2602,ok
2024-25,..\raw\earas\2024-25\Technical_Report_EARAS_2024-25_Odisha.pdf,79,5.6,Biri,biri,18,Keonjhar,0,Total,area,ha,941,941,ok
2024-25,..\raw\earas\2024-25\Technical_Report_EARAS_2024-25_Odisha.pdf,79,5.6,Biri,biri,18,Keonjhar,0,Total,yield_rate,qtl/ha,6.74,6.74,ok
2024-25,..\raw\earas\2024-25\Technical_Report_EARAS_2024-25_Odisha.pdf,79,5.6,Biri,biri,18,Keonjhar,0,Total,production,qtl,6340,6340,ok
2024-25,..\raw\earas\2024-25\Technical_Report_EARAS_2024-25_Odisha.pdf,79,5.6,Biri,biri,19,Khurda,0,Autumn,area,ha,-,,dash
2024-25,..\raw\earas\2024-25\Technical_Report_EARAS_2024-25_Odisha.pdf,79,5.6,Biri,biri,19,Khurda,0,Autumn,yield_rate,qtl/ha,-,,dash
2024-25,..\raw\earas\2024-25\Technical_Report_EARAS_2024-25_Odisha.pdf,79,5.6,Biri,biri,19,Khurda,0,Autumn,production,qtl,-,,dash
2024-25,..\raw\earas\2024-25\Technical_Report_EARAS_2024-25_Odisha.pdf,79,5.6,Biri,biri,19,Khurda,0,Winter,area,ha,38,38,ok
2024-25,..\raw\earas\2024-25\Technical_Report_EARAS_2024-25_Odisha.pdf,79,5.6,Biri,biri,19,Khurda,0,Winter,yield_rate,qtl/ha,3.28,3.28,ok
2024-25,..\raw\earas\2024-25\Technical_Report_EARAS_2024-25_Odisha.pdf,79,5.6,Biri,biri,19,Khurda,0,Winter,production,qtl,125,125,ok
2024-25,..\raw\earas\2024-25\Technical_Report_EARAS_2024-25_Odisha.pdf,79,5.6,Biri,biri,19,Khurda,0,Summer,area,ha,2231,2231,ok
2024-25,..\raw\earas\2024-25\Technical_Report_EARAS_2024-25_Odisha.pdf,79,5.6,Biri,biri,19,Khurda,0,Summer,yield_rate,qtl/ha,5.02,5.02,ok
2024-25,..\raw\earas\2024-25\Technical_Report_EARAS_2024-25_Odisha.pdf,79,5.6,Biri,biri,19,Khurda,0,Summer,production,qtl,11200,11200,ok
2024-25,..\raw\earas\2024-25\Technical_Report_EARAS_2024-25_Odisha.pdf,79,5.6,Biri,biri,19,Khurda,0,Total,area,ha,2269,2269,ok
2024-25,..\raw\earas\2024-25\Technical_Report_EARAS_2024-25_Odisha.pdf,79,5.6,Biri,biri,19,Khurda,0,Total,yield_rate,qtl/ha,4.99,4.99,ok
2024-25,..\raw\earas\2024-25\Technical_Report_EARAS_2024-25_Odisha.pdf,79,5.6,Biri,biri,19,Khurda,0,Total,production,qtl,11325,11325,ok
2024-25,..\raw\earas\2024-25\Technical_Report_EARAS_2024-25_Odisha.pdf,79,5.6,Biri,biri,20,Koraput,0,Autumn,area,ha,-,,dash
2024-25,..\raw\earas\2024-25\Technical_Report_EARAS_2024-25_Odisha.pdf,79,5.6,Biri,biri,20,Koraput,0,Autumn,yield_rate,qtl/ha,-,,dash
2024-25,..\raw\earas\2024-25\Technical_Report_EARAS_2024-25_Odisha.pdf,79,5.6,Biri,biri,20,Koraput,0,Autumn,production,qtl,-,,dash
2024-25,..\raw\earas\2024-25\Technical_Report_EARAS_2024-25_Odisha.pdf,79,5.6,Biri,biri,20,Koraput,0,Winter,area,ha,621,621,ok
2024-25,..\raw\earas\2024-25\Technical_Report_EARAS_2024-25_Odisha.pdf,79,5.6,Biri,biri,20,Koraput,0,Winter,yield_rate,qtl/ha,3.36,3.36,ok
2024-25,..\raw\earas\2024-25\Technical_Report_EARAS_2024-25_Odisha.pdf,79,5.6,Biri,biri,20,Koraput,0,Winter,production,qtl,2087,2087,ok
2024-25,..\raw\earas\2024-25\Technical_Report_EARAS_2024-25_Odisha.pdf,79,5.6,Biri,biri,20,Koraput,0,Summer,area,ha,105,105,ok
2024-25,..\raw\earas\2024-25\Technical_Report_EARAS_2024-25_Odisha.pdf,79,5.6,Biri,biri,20,Koraput,0,Summer,yield_rate,qtl/ha,2.87,2.87,ok
2024-25,..\raw\earas\2024-25\Technical_Report_EARAS_2024-25_Odisha.pdf,79,5.6,Biri,biri,20,Koraput,0,Summer,production,qtl,301,301,ok
2024-25,..\raw\earas\2024-25\Technical_Report_EARAS_2024-25_Odisha.pdf,79,5.6,Biri,biri,20,Koraput,0,Total,area,ha,726,726,ok
2024-25,..\raw\earas\2024-25\Technical_Report_EARAS_2024-25_Odisha.pdf,79,5.6,Biri,biri,20,Koraput,0,Total,yield_rate,qtl/ha,3.29,3.29,ok
2024-25,..\raw\earas\2024-25\Technical_Report_EARAS_2024-25_Odisha.pdf,79,5.6,Biri,biri,20,Koraput,0,Total,production,qtl,2388,2388,ok
2024-25,..\raw\earas\2024-25\Technical_Report_EARAS_2024-25_Odisha.pdf,79,5.6,Biri,biri,21,Malkangiri,0,Autumn,area,ha,-,,dash
2024-25,..\raw\earas\2024-25\Technical_Report_EARAS_2024-25_Odisha.pdf,79,5.6,Biri,biri,21,Malkangiri,0,Autumn,yield_rate,qtl/ha,-,,dash
2024-25,..\raw\earas\2024-25\Technical_Report_EARAS_2024-25_Odisha.pdf,79,5.6,Biri,biri,21,Malkangiri,0,Autumn,production,qtl,-,,dash
2024-25,..\raw\earas\2024-25\Technical_Report_EARAS_2024-25_Odisha.pdf,79,5.6,Biri,biri,21,Malkangiri,0,Winter,area,ha,2179,2179,ok
2024-25,..\raw\earas\2024-25\Technical_Report_EARAS_2024-25_Odisha.pdf,79,5.6,Biri,biri,21,Malkangiri,0,Winter,yield_rate,qtl/ha,3.46,3.46,ok
2024-25,..\raw\earas\2024-25\Technical_Report_EARAS_2024-25_Odisha.pdf,79,5.6,Biri,biri,21,Malkangiri,0,Winter,production,qtl,7539,7539,ok
2024-25,..\raw\earas\2024-25\Technical_Report_EARAS_2024-25_Odisha.pdf,79,5.6,Biri,biri,21,Malkangiri,0,Summer,area,ha,13,13,ok
2024-25,..\raw\earas\2024-25\Technical_Report_EARAS_2024-25_Odisha.pdf,79,5.6,Biri,biri,21,Malkangiri,0,Summer,yield_rate,qtl/ha,3.90,3.90,ok
2024-25,..\raw\earas\2024-25\Technical_Report_EARAS_2024-25_Odisha.pdf,79,5.6,Biri,biri,21,Malkangiri,0,Summer,production,qtl,51,51,ok
2024-25,..\raw\earas\2024-25\Technical_Report_EARAS_2024-25_Odisha.pdf,79,5.6,Biri,biri,21,Malkangiri,0,Total,area,ha,2192,2192,ok
2024-25,..\raw\earas\2024-25\Technical_Report_EARAS_2024-25_Odisha.pdf,79,5.6,Biri,biri,21,Malkangiri,0,Total,yield_rate,qtl/ha,3.46,3.46,ok
2024-25,..\raw\earas\2024-25\Technical_Report_EARAS_2024-25_Odisha.pdf,79,5.6,Biri,biri,21,Malkangiri,0,Total,production,qtl,7590,7590,ok
2024-25,..\raw\earas\2024-25\Technical_Report_EARAS_2024-25_Odisha.pdf,79,5.6,Biri,biri,22,Mayurbhanja,0,Autumn,area,ha,365,365,ok
2024-25,..\raw\earas\2024-25\Technical_Report_EARAS_2024-25_Odisha.pdf,79,5.6,Biri,biri,22,Mayurbhanja,0,Autumn,yield_rate,qtl/ha,4.31,4.31,ok
2024-25,..\raw\earas\2024-25\Technical_Report_EARAS_2024-25_Odisha.pdf,79,5.6,Biri,biri,22,Mayurbhanja,0,Autumn,production,qtl,1573,1573,ok
2024-25,..\raw\earas\2024-25\Technical_Report_EARAS_2024-25_Odisha.pdf,79,5.6,Biri,biri,22,Mayurbhanja,0,Winter,area,ha,67,67,ok
2024-25,..\raw\earas\2024-25\Technical_Report_EARAS_2024-25_Odisha.pdf,79,5.6,Biri,biri,22,Mayurbhanja,0,Winter,yield_rate,qtl/ha,5.68,5.68,ok
2024-25,..\raw\earas\2024-25\Technical_Report_EARAS_2024-25_Odisha.pdf,79,5.6,Biri,biri,22,Mayurbhanja,0,Winter,production,qtl,381,381,ok
2024-25,..\raw\earas\2024-25\Technical_Report_EARAS_2024-25_Odisha.pdf,79,5.6,Biri,biri,22,Mayurbhanja,0,Summer,area,ha,265,265,ok
2024-25,..\raw\earas\2024-25\Technical_Report_EARAS_2024-25_Odisha.pdf,79,5.6,Biri,biri,22,Mayurbhanja,0,Summer,yield_rate,qtl/ha,5.21,5.21,ok
2024-25,..\raw\earas\2024-25\Technical_Report_EARAS_2024-25_Odisha.pdf,79,5.6,Biri,biri,22,Mayurbhanja,0,Summer,production,qtl,1381,1381,ok
2024-25,..\raw\earas\2024-25\Technical_Report_EARAS_2024-25_Odisha.pdf,79,5.6,Biri,biri,22,Mayurbhanja,0,Total,area,ha,697,697,ok
2024-25,..\raw\earas\2024-25\Technical_Report_EARAS_2024-25_Odisha.pdf,79,5.6,Biri,biri,22,Mayurbhanja,0,Total,yield_rate,qtl/ha,4.78,4.78,ok
2024-25,..\raw\earas\2024-25\Technical_Report_EARAS_2024-25_Odisha.pdf,79,5.6,Biri,biri,22,Mayurbhanja,0,Total,production,qtl,3335,3335,ok
2024-25,..\raw\earas\2024-25\Technical_Report_EARAS_2024-25_Odisha.pdf,79,5.6,Biri,biri,23,Nuapada,0,Autumn,area,ha,2697,2697,ok
2024-25,..\raw\earas\2024-25\Technical_Report_EARAS_2024-25_Odisha.pdf,79,5.6,Biri,biri,23,Nuapada,0,Autumn,yield_rate,qtl/ha,1.70,1.70,ok
2024-25,..\raw\earas\2024-25\Technical_Report_EARAS_2024-25_Odisha.pdf,79,5.6,Biri,biri,23,Nuapada,0,Autumn,production,qtl,4585,4585,ok
2024-25,..\raw\earas\2024-25\Technical_Report_EARAS_2024-25_Odisha.pdf,79,5.6,Biri,biri,23,Nuapada,0,Winter,area,ha,-,,dash
2024-25,..\raw\earas\2024-25\Technical_Report_EARAS_2024-25_Odisha.pdf,79,5.6,Biri,biri,23,Nuapada,0,Winter,yield_rate,qtl/ha,-,,dash
2024-25,..\raw\earas\2024-25\Technical_Report_EARAS_2024-25_Odisha.pdf,79,5.6,Biri,biri,23,Nuapada,0,Winter,production,qtl,-,,dash
2024-25,..\raw\earas\2024-25\Technical_Report_EARAS_2024-25_Odisha.pdf,79,5.6,Biri,biri,23,Nuapada,0,Summer,area,ha,192,192,ok
2024-25,..\raw\earas\2024-25\Technical_Report_EARAS_2024-25_Odisha.pdf,79,5.6,Biri,biri,23,Nuapada,0,Summer,yield_rate,qtl/ha,2.24,2.24,ok
2024-25,..\raw\earas\2024-25\Technical_Report_EARAS_2024-25_Odisha.pdf,79,5.6,Biri,biri,23,Nuapada,0,Summer,production,qtl,430,430,ok
2024-25,..\raw\earas\2024-25\Technical_Report_EARAS_2024-25_Odisha.pdf,79,5.6,Biri,biri,23,Nuapada,0,Total,area,ha,2889,2889,ok
2024-25,..\raw\earas\2024-25\Technical_Report_EARAS_2024-25_Odisha.pdf,79,5.6,Biri,biri,23,Nuapada,0,Total,yield_rate,qtl/ha,1.74,1.74,ok
2024-25,..\raw\earas\2024-25\Technical_Report_EARAS_2024-25_Odisha.pdf,79,5.6,Biri,biri,23,Nuapada,0,Total,production,qtl,5015,5015,ok
2024-25,..\raw\earas\2024-25\Technical_Report_EARAS_2024-25_Odisha.pdf,79,5.6,Biri,biri,24,Nayagada,0,Autumn,area,ha,-,,dash
2024-25,..\raw\earas\2024-25\Technical_Report_EARAS_2024-25_Odisha.pdf,79,5.6,Biri,biri,24,Nayagada,0,Autumn,yield_rate,qtl/ha,-,,dash
2024-25,..\raw\earas\2024-25\Technical_Report_EARAS_2024-25_Odisha.pdf,79,5.6,Biri,biri,24,Nayagada,0,Autumn,production,qtl,-,,dash
2024-25,..\raw\earas\2024-25\Technical_Report_EARAS_2024-25_Odisha.pdf,79,5.6,Biri,biri,24,Nayagada,0,Winter,area,ha,1749,1749,ok
2024-25,..\raw\earas\2024-25\Technical_Report_EARAS_2024-25_Odisha.pdf,79,5.6,Biri,biri,24,Nayagada,0,Winter,yield_rate,qtl/ha,3.96,3.96,ok
2024-25,..\raw\earas\2024-25\Technical_Report_EARAS_2024-25_Odisha.pdf,79,5.6,Biri,biri,24,Nayagada,0,Winter,production,qtl,6926,6926,ok
2024-25,..\raw\earas\2024-25\Technical_Report_EARAS_2024-25_Odisha.pdf,79,5.6,Biri,biri,24,Nayagada,0,Summer,area,ha,3376,3376,ok
2024-25,..\raw\earas\2024-25\Technical_Report_EARAS_2024-25_Odisha.pdf,79,5.6,Biri,biri,24,Nayagada,0,Summer,yield_rate,qtl/ha,3.79,3.79,ok
2024-25,..\raw\earas\2024-25\Technical_Report_EARAS_2024-25_Odisha.pdf,79,5.6,Biri,biri,24,Nayagada,0,Summer,production,qtl,12795,12795,ok
2024-25,..\raw\earas\2024-25\Technical_Report_EARAS_2024-25_Odisha.pdf,79,5.6,Biri,biri,24,Nayagada,0,Total,area,ha,5125,5125,ok
2024-25,..\raw\earas\2024-25\Technical_Report_EARAS_2024-25_Odisha.pdf,79,5.6,Biri,biri,24,Nayagada,0,Total,yield_rate,qtl/ha,3.85,3.85,ok
2024-25,..\raw\earas\2024-25\Technical_Report_EARAS_2024-25_Odisha.pdf,79,5.6,Biri,biri,24,Nayagada,0,Total,production,qtl,19721,19721,ok
2024-25,..\raw\earas\2024-25\Technical_Report_EARAS_2024-25_Odisha.pdf,79,5.6,Biri,biri,25,Nawarangpur,0,Autumn,area,ha,-,,dash
2024-25,..\raw\earas\2024-25\Technical_Report_EARAS_2024-25_Odisha.pdf,79,5.6,Biri,biri,25,Nawarangpur,0,Autumn,yield_rate,qtl/ha,-,,dash
2024-25,..\raw\earas\2024-25\Technical_Report_EARAS_2024-25_Odisha.pdf,79,5.6,Biri,biri,25,Nawarangpur,0,Autumn,production,qtl,-,,dash
2024-25,..\raw\earas\2024-25\Technical_Report_EARAS_2024-25_Odisha.pdf,79,5.6,Biri,biri,25,Nawarangpur,0,Winter,area,ha,1530,1530,ok
2024-25,..\raw\earas\2024-25\Technical_Report_EARAS_2024-25_Odisha.pdf,79,5.6,Biri,biri,25,Nawarangpur,0,Winter,yield_rate,qtl/ha,7.02,7.02,ok
2024-25,..\raw\earas\2024-25\Technical_Report_EARAS_2024-25_Odisha.pdf,79,5.6,Biri,biri,25,Nawarangpur,0,Winter,production,qtl,10741,10741,ok
2024-25,..\raw\earas\2024-25\Technical_Report_EARAS_2024-25_Odisha.pdf,79,5.6,Biri,biri,25,Nawarangpur,0,Summer,area,ha,123,123,ok
2024-25,..\raw\earas\2024-25\Technical_Report_EARAS_2024-25_Odisha.pdf,79,5.6,Biri,biri,25,Nawarangpur,0,Summer,yield_rate,qtl/ha,7.76,7.76,ok
2024-25,..\raw\earas\2024-25\Technical_Report_EARAS_2024-25_Odisha.pdf,79,5.6,Biri,biri,25,Nawarangpur,0,Summer,production,qtl,954,954,ok
2024-25,..\raw\earas\2024-25\Technical_Report_EARAS_2024-25_Odisha.pdf,79,5.6,Biri,biri,25,Nawarangpur,0,Total,area,ha,1653,1653,ok
2024-25,..\raw\earas\2024-25\Technical_Report_EARAS_2024-25_Odisha.pdf,79,5.6,Biri,biri,25,Nawarangpur,0,Total,yield_rate,qtl/ha,7.08,7.08,ok
2024-25,..\raw\earas\2024-25\Technical_Report_EARAS_2024-25_Odisha.pdf,79,5.6,Biri,biri,25,Nawarangpur,0,Total,production,qtl,11695,11695,ok
2024-25,..\raw\earas\2024-25\Technical_Report_EARAS_2024-25_Odisha.pdf,79,5.6,Biri,biri,26,Puri,0,Autumn,area,ha,-,,dash
2024-25,..\raw\earas\2024-25\Technical_Report_EARAS_2024-25_Odisha.pdf,79,5.6,Biri,biri,26,Puri,0,Autumn,yield_rate,qtl/ha,-,,dash
2024-25,..\raw\earas\2024-25\Technical_Report_EARAS_2024-25_Odisha.pdf,79,5.6,Biri,biri,26,Puri,0,Autumn,production,qtl,-,,dash
2024-25,..\raw\earas\2024-25\Technical_Report_EARAS_2024-25_Odisha.pdf,79,5.6,Biri,biri,26,Puri,0,Winter,area,ha,823,823,ok
2024-25,..\raw\earas\2024-25\Technical_Report_EARAS_2024-25_Odisha.pdf,79,5.6,Biri,biri,26,Puri,0,Winter,yield_rate,qtl/ha,4.35,4.35,ok
2024-25,..\raw\earas\2024-25\Technical_Report_EARAS_2024-25_Odisha.pdf,79,5.6,Biri,biri,26,Puri,0,Winter,production,qtl,3580,3580,ok
2024-25,..\raw\earas\2024-25\Technical_Report_EARAS_2024-25_Odisha.pdf,79,5.6,Biri,biri,26,Puri,0,Summer,area,ha,5508,5508,ok
2024-25,..\raw\earas\2024-25\Technical_Report_EARAS_2024-25_Odisha.pdf,79,5.6,Biri,biri,26,Puri,0,Summer,yield_rate,qtl/ha,6.36,6.36,ok
2024-25,..\raw\earas\2024-25\Technical_Report_EARAS_2024-25_Odisha.pdf,79,5.6,Biri,biri,26,Puri,0,Summer,production,qtl,35031,35031,ok
2024-25,..\raw\earas\2024-25\Technical_Report_EARAS_2024-25_Odisha.pdf,79,5.6,Biri,biri,26,Puri,0,Total,area,ha,6331,6331,ok
2024-25,..\raw\earas\2024-25\Technical_Report_EARAS_2024-25_Odisha.pdf,79,5.6,Biri,biri,26,Puri,0,Total,yield_rate,qtl/ha,6.10,6.10,ok
2024-25,..\raw\earas\2024-25\Technical_Report_EARAS_2024-25_Odisha.pdf,79,5.6,Biri,biri,26,Puri,0,Total,production,qtl,38611,38611,ok
2024-25,..\raw\earas\2024-25\Technical_Report_EARAS_2024-25_Odisha.pdf,79,5.6,Biri,biri,27,Raygada,0,Autumn,area,ha,-,,dash
2024-25,..\raw\earas\2024-25\Technical_Report_EARAS_2024-25_Odisha.pdf,79,5.6,Biri,biri,27,Raygada,0,Autumn,yield_rate,qtl/ha,-,,dash
2024-25,..\raw\earas\2024-25\Technical_Report_EARAS_2024-25_Odisha.pdf,79,5.6,Biri,biri,27,Raygada,0,Autumn,production,qtl,-,,dash
2024-25,..\raw\earas\2024-25\Technical_Report_EARAS_2024-25_Odisha.pdf,79,5.6,Biri,biri,27,Raygada,0,Winter,area,ha,2734,2734,ok
2024-25,..\raw\earas\2024-25\Technical_Report_EARAS_2024-25_Odisha.pdf,79,5.6,Biri,biri,27,Raygada,0,Winter,yield_rate,qtl/ha,3.05,3.05,ok
2024-25,..\raw\earas\2024-25\Technical_Report_EARAS_2024-25_Odisha.pdf,79,5.6,Biri,biri,27,Raygada,0,Winter,production,qtl,8339,8339,ok
2024-25,..\raw\earas\2024-25\Technical_Report_EARAS_2024-25_Odisha.pdf,79,5.6,Biri,biri,27,Raygada,0,Summer,area,ha,79,79,ok
2024-25,..\raw\earas\2024-25\Technical_Report_EARAS_2024-25_Odisha.pdf,79,5.6,Biri,biri,27,Raygada,0,Summer,yield_rate,qtl/ha,3.22,3.22,ok
2024-25,..\raw\earas\2024-25\Technical_Report_EARAS_2024-25_Odisha.pdf,79,5.6,Biri,biri,27,Raygada,0,Summer,production,qtl,254,254,ok
2024-25,..\raw\earas\2024-25\Technical_Report_EARAS_2024-25_Odisha.pdf,79,5.6,Biri,biri,27,Raygada,0,Total,area,ha,2813,2813,ok
2024-25,..\raw\earas\2024-25\Technical_Report_EARAS_2024-25_Odisha.pdf,79,5.6,Biri,biri,27,Raygada,0,Total,yield_rate,qtl/ha,3.05,3.05,ok
2024-25,..\raw\earas\2024-25\Technical_Report_EARAS_2024-25_Odisha.pdf,79,5.6,Biri,biri,27,Raygada,0,Total,production,qtl,8593,8593,ok
2024-25,..\raw\earas\2024-25\Technical_Report_EARAS_2024-25_Odisha.pdf,79,5.6,Biri,biri,28,Sambalpur,0,Autumn,area,ha,100,100,ok
2024-25,..\raw\earas\2024-25\Technical_Report_EARAS_2024-25_Odisha.pdf,79,5.6,Biri,biri,28,Sambalpur,0,Autumn,yield_rate,qtl/ha,7.52,7.52,ok
2024-25,..\raw\earas\2024-25\Technical_Report_EARAS_2024-25_Odisha.pdf,79,5.6,Biri,biri,28,Sambalpur,0,Autumn,production,qtl,752,752,ok
2024-25,..\raw\earas\2024-25\Technical_Report_EARAS_2024-25_Odisha.pdf,79,5.6,Biri,biri,28,Sambalpur,0,Winter,area,ha,88,88,ok
2024-25,..\raw\earas\2024-25\Technical_Report_EARAS_2024-25_Odisha.pdf,79,5.6,Biri,biri,28,Sambalpur,0,Winter,yield_rate,qtl/ha,5.74,5.74,ok
2024-25,..\raw\earas\2024-25\Technical_Report_EARAS_2024-25_Odisha.pdf,79,5.6,Biri,biri,28,Sambalpur,0,Winter,production,qtl,505,505,ok
2024-25,..\raw\earas\2024-25\Technical_Report_EARAS_2024-25_Odisha.pdf,79,5.6,Biri,biri,28,Sambalpur,0,Summer,area,ha,167,167,ok
2024-25,..\raw\earas\2024-25\Technical_Report_EARAS_2024-25_Odisha.pdf,79,5.6,Biri,biri,28,Sambalpur,0,Summer,yield_rate,qtl/ha,10.26,10.26,ok
2024-25,..\raw\earas\2024-25\Technical_Report_EARAS_2024-25_Odisha.pdf,79,5.6,Biri,biri,28,Sambalpur,0,Summer,production,qtl,1713,1713,ok
2024-25,..\raw\earas\2024-25\Technical_Report_EARAS_2024-25_Odisha.pdf,79,5.6,Biri,biri,28,Sambalpur,0,Total,area,ha,355,355,ok
2024-25,..\raw\earas\2024-25\Technical_Report_EARAS_2024-25_Odisha.pdf,79,5.6,Biri,biri,28,Sambalpur,0,Total,yield_rate,qtl/ha,8.37,8.37,ok
2024-25,..\raw\earas\2024-25\Technical_Report_EARAS_2024-25_Odisha.pdf,79,5.6,Biri,biri,28,Sambalpur,0,Total,production,qtl,2970,2970,ok
2024-25,..\raw\earas\2024-25\Technical_Report_EARAS_2024-25_Odisha.pdf,79,5.6,Biri,biri,29,Subarnapur,0,Autumn,area,ha,4,4,ok
2024-25,..\raw\earas\2024-25\Technical_Report_EARAS_2024-25_Odisha.pdf,79,5.6,Biri,biri,29,Subarnapur,0,Autumn,yield_rate,qtl/ha,2.67,2.67,ok
2024-25,..\raw\earas\2024-25\Technical_Report_EARAS_2024-25_Odisha.pdf,79,5.6,Biri,biri,29,Subarnapur,0,Autumn,production,qtl,11,11,ok
2024-25,..\raw\earas\2024-25\Technical_Report_EARAS_2024-25_Odisha.pdf,79,5.6,Biri,biri,29,Subarnapur,0,Winter,area,ha,-,,dash
2024-25,..\raw\earas\2024-25\Technical_Report_EARAS_2024-25_Odisha.pdf,79,5.6,Biri,biri,29,Subarnapur,0,Winter,yield_rate,qtl/ha,-,,dash
2024-25,..\raw\earas\2024-25\Technical_Report_EARAS_2024-25_Odisha.pdf,79,5.6,Biri,biri,29,Subarnapur,0,Winter,production,qtl,-,,dash
2024-25,..\raw\earas\2024-25\Technical_Report_EARAS_2024-25_Odisha.pdf,79,5.6,Biri,biri,29,Subarnapur,0,Summer,area,ha,-,,dash
2024-25,..\raw\earas\2024-25\Technical_Report_EARAS_2024-25_Odisha.pdf,79,5.6,Biri,biri,29,Subarnapur,0,Summer,yield_rate,qtl/ha,-,,dash
2024-25,..\raw\earas\2024-25\Technical_Report_EARAS_2024-25_Odisha.pdf,79,5.6,Biri,biri,29,Subarnapur,0,Summer,production,qtl,-,,dash
2024-25,..\raw\earas\2024-25\Technical_Report_EARAS_2024-25_Odisha.pdf,79,5.6,Biri,biri,29,Subarnapur,0,Total,area,ha,4,4,ok
2024-25,..\raw\earas\2024-25\Technical_Report_EARAS_2024-25_Odisha.pdf,79,5.6,Biri,biri,29,Subarnapur,0,Total,yield_rate,qtl/ha,2.75,2.75,ok
2024-25,..\raw\earas\2024-25\Technical_Report_EARAS_2024-25_Odisha.pdf,79,5.6,Biri,biri,29,Subarnapur,0,Total,production,qtl,11,11,ok
2024-25,..\raw\earas\2024-25\Technical_Report_EARAS_2024-25_Odisha.pdf,79,5.6,Biri,biri,30,Sundargarh,0,Autumn,area,ha,204,204,ok
2024-25,..\raw\earas\2024-25\Technical_Report_EARAS_2024-25_Odisha.pdf,79,5.6,Biri,biri,30,Sundargarh,0,Autumn,yield_rate,qtl/ha,4.94,4.94,ok
2024-25,..\raw\earas\2024-25\Technical_Report_EARAS_2024-25_Odisha.pdf,79,5.6,Biri,biri,30,Sundargarh,0,Autumn,production,qtl,1008,1008,ok
2024-25,..\raw\earas\2024-25\Technical_Report_EARAS_2024-25_Odisha.pdf,79,5.6,Biri,biri,30,Sundargarh,0,Winter,area,ha,302,302,ok
2024-25,..\raw\earas\2024-25\Technical_Report_EARAS_2024-25_Odisha.pdf,79,5.6,Biri,biri,30,Sundargarh,0,Winter,yield_rate,qtl/ha,3.98,3.98,ok
2024-25,..\raw\earas\2024-25\Technical_Report_EARAS_2024-25_Odisha.pdf,79,5.6,Biri,biri,30,Sundargarh,0,Winter,production,qtl,1202,1202,ok
2024-25,..\raw\earas\2024-25\Technical_Report_EARAS_2024-25_Odisha.pdf,79,5.6,Biri,biri,30,Sundargarh,0,Summer,area,ha,706,706,ok
2024-25,..\raw\earas\2024-25\Technical_Report_EARAS_2024-25_Odisha.pdf,79,5.6,Biri,biri,30,Sundargarh,0,Summer,yield_rate,qtl/ha,4.59,4.59,ok
2024-25,..\raw\earas\2024-25\Technical_Report_EARAS_2024-25_Odisha.pdf,79,5.6,Biri,biri,30,Sundargarh,0,Summer,production,qtl,3241,3241,ok
2024-25,..\raw\earas\2024-25\Technical_Report_EARAS_2024-25_Odisha.pdf,79,5.6,Biri,biri,30,Sundargarh,0,Total,area,ha,1212,1212,ok
2024-25,..\raw\earas\2024-25\Technical_Report_EARAS_2024-25_Odisha.pdf,79,5.6,Biri,biri,30,Sundargarh,0,Total,yield_rate,qtl/ha,4.50,4.50,ok
2024-25,..\raw\earas\2024-25\Technical_Report_EARAS_2024-25_Odisha.pdf,79,5.6,Biri,biri,30,Sundargarh,0,Total,production,qtl,5451,5451,ok
2024-25,..\raw\earas\2024-25\Technical_Report_EARAS_2024-25_Odisha.pdf,79,5.6,Biri,biri,,STATE,1,Autumn,area,ha,7168,7168,ok
2024-25,..\raw\earas\2024-25\Technical_Report_EARAS_2024-25_Odisha.pdf,79,5.6,Biri,biri,,STATE,1,Autumn,yield_rate,qtl/ha,3.00,3.00,ok
2024-25,..\raw\earas\2024-25\Technical_Report_EARAS_2024-25_Odisha.pdf,79,5.6,Biri,biri,,STATE,1,Autumn,production,qtl,21478,21478,ok
2024-25,..\raw\earas\2024-25\Technical_Report_EARAS_2024-25_Odisha.pdf,79,5.6,Biri,biri,,STATE,1,Winter,area,ha,64047,64047,ok
2024-25,..\raw\earas\2024-25\Technical_Report_EARAS_2024-25_Odisha.pdf,79,5.6,Biri,biri,,STATE,1,Winter,yield_rate,qtl/ha,4.22,4.22,ok
2024-25,..\raw\earas\2024-25\Technical_Report_EARAS_2024-25_Odisha.pdf,79,5.6,Biri,biri,,STATE,1,Winter,production,qtl,270261,270261,ok
2024-25,..\raw\earas\2024-25\Technical_Report_EARAS_2024-25_Odisha.pdf,79,5.6,Biri,biri,,STATE,1,Summer,area,ha,29453,29453,ok
2024-25,..\raw\earas\2024-25\Technical_Report_EARAS_2024-25_Odisha.pdf,79,5.6,Biri,biri,,STATE,1,Summer,yield_rate,qtl/ha,4.83,4.83,ok
2024-25,..\raw\earas\2024-25\Technical_Report_EARAS_2024-25_Odisha.pdf,79,5.6,Biri,biri,,STATE,1,Summer,production,qtl,142312,142312,ok
2024-25,..\raw\earas\2024-25\Technical_Report_EARAS_2024-25_Odisha.pdf,79,5.6,Biri,biri,,STATE,1,Total,area,ha,100668,100668,ok
2024-25,..\raw\earas\2024-25\Technical_Report_EARAS_2024-25_Odisha.pdf,79,5.6,Biri,biri,,STATE,1,Total,yield_rate,qtl/ha,4.31,4.31,ok
2024-25,..\raw\earas\2024-25\Technical_Report_EARAS_2024-25_Odisha.pdf,79,5.6,Biri,biri,,STATE,1,Total,production,qtl,434051,434051,ok
2024-25,..\raw\earas\2024-25\Technical_Report_EARAS_2024-25_Odisha.pdf,80,5.7,Kulthi,kulthi,1,Angul,0,Autumn,area,ha,-,,dash
2024-25,..\raw\earas\2024-25\Technical_Report_EARAS_2024-25_Odisha.pdf,80,5.7,Kulthi,kulthi,1,Angul,0,Autumn,yield_rate,qtl/ha,-,,dash
2024-25,..\raw\earas\2024-25\Technical_Report_EARAS_2024-25_Odisha.pdf,80,5.7,Kulthi,kulthi,1,Angul,0,Autumn,production,qtl,-,,dash
2024-25,..\raw\earas\2024-25\Technical_Report_EARAS_2024-25_Odisha.pdf,80,5.7,Kulthi,kulthi,1,Angul,0,Winter,area,ha,629,629,ok
2024-25,..\raw\earas\2024-25\Technical_Report_EARAS_2024-25_Odisha.pdf,80,5.7,Kulthi,kulthi,1,Angul,0,Winter,yield_rate,qtl/ha,4.30,4.30,ok
2024-25,..\raw\earas\2024-25\Technical_Report_EARAS_2024-25_Odisha.pdf,80,5.7,Kulthi,kulthi,1,Angul,0,Winter,production,qtl,2705,2705,ok
2024-25,..\raw\earas\2024-25\Technical_Report_EARAS_2024-25_Odisha.pdf,80,5.7,Kulthi,kulthi,1,Angul,0,Summer,area,ha,-,,dash
2024-25,..\raw\earas\2024-25\Technical_Report_EARAS_2024-25_Odisha.pdf,80,5.7,Kulthi,kulthi,1,Angul,0,Summer,yield_rate,qtl/ha,-,,dash
2024-25,..\raw\earas\2024-25\Technical_Report_EARAS_2024-25_Odisha.pdf,80,5.7,Kulthi,kulthi,1,Angul,0,Summer,production,qtl,-,,dash
2024-25,..\raw\earas\2024-25\Technical_Report_EARAS_2024-25_Odisha.pdf,80,5.7,Kulthi,kulthi,1,Angul,0,Total,area,ha,629,629,ok
2024-25,..\raw\earas\2024-25\Technical_Report_EARAS_2024-25_Odisha.pdf,80,5.7,Kulthi,kulthi,1,Angul,0,Total,yield_rate,qtl/ha,4.30,4.30,ok
2024-25,..\raw\earas\2024-25\Technical_Report_EARAS_2024-25_Odisha.pdf,80,5.7,Kulthi,kulthi,1,Angul,0,Total,production,qtl,2705,2705,ok
2024-25,..\raw\earas\2024-25\Technical_Report_EARAS_2024-25_Odisha.pdf,80,5.7,Kulthi,kulthi,2,Balangir,0,Autumn,area,ha,-,,dash
2024-25,..\raw\earas\2024-25\Technical_Report_EARAS_2024-25_Odisha.pdf,80,5.7,Kulthi,kulthi,2,Balangir,0,Autumn,yield_rate,qtl/ha,-,,dash
2024-25,..\raw\earas\2024-25\Technical_Report_EARAS_2024-25_Odisha.pdf,80,5.7,Kulthi,kulthi,2,Balangir,0,Autumn,production,qtl,-,,dash
2024-25,..\raw\earas\2024-25\Technical_Report_EARAS_2024-25_Odisha.pdf,80,5.7,Kulthi,kulthi,2,Balangir,0,Winter,area,ha,915,915,ok
2024-25,..\raw\earas\2024-25\Technical_Report_EARAS_2024-25_Odisha.pdf,80,5.7,Kulthi,kulthi,2,Balangir,0,Winter,yield_rate,qtl/ha,3.16,3.16,ok
2024-25,..\raw\earas\2024-25\Technical_Report_EARAS_2024-25_Odisha.pdf,80,5.7,Kulthi,kulthi,2,Balangir,0,Winter,production,qtl,2891,2891,ok
2024-25,..\raw\earas\2024-25\Technical_Report_EARAS_2024-25_Odisha.pdf,80,5.7,Kulthi,kulthi,2,Balangir,0,Summer,area,ha,-,,dash
2024-25,..\raw\earas\2024-25\Technical_Report_EARAS_2024-25_Odisha.pdf,80,5.7,Kulthi,kulthi,2,Balangir,0,Summer,yield_rate,qtl/ha,-,,dash
2024-25,..\raw\earas\2024-25\Technical_Report_EARAS_2024-25_Odisha.pdf,80,5.7,Kulthi,kulthi,2,Balangir,0,Summer,production,qtl,-,,dash
2024-25,..\raw\earas\2024-25\Technical_Report_EARAS_2024-25_Odisha.pdf,80,5.7,Kulthi,kulthi,2,Balangir,0,Total,area,ha,915,915,ok
2024-25,..\raw\earas\2024-25\Technical_Report_EARAS_2024-25_Odisha.pdf,80,5.7,Kulthi,kulthi,2,Balangir,0,Total,yield_rate,qtl/ha,3.16,3.16,ok
2024-25,..\raw\earas\2024-25\Technical_Report_EARAS_2024-25_Odisha.pdf,80,5.7,Kulthi,kulthi,2,Balangir,0,Total,production,qtl,2891,2891,ok
2024-25,..\raw\earas\2024-25\Technical_Report_EARAS_2024-25_Odisha.pdf,80,5.7,Kulthi,kulthi,3,Balasore,0,Autumn,area,ha,-,,dash
2024-25,..\raw\earas\2024-25\Technical_Report_EARAS_2024-25_Odisha.pdf,80,5.7,Kulthi,kulthi,3,Balasore,0,Autumn,yield_rate,qtl/ha,-,,dash
2024-25,..\raw\earas\2024-25\Technical_Report_EARAS_2024-25_Odisha.pdf,80,5.7,Kulthi,kulthi,3,Balasore,0,Autumn,production,qtl,-,,dash
2024-25,..\raw\earas\2024-25\Technical_Report_EARAS_2024-25_Odisha.pdf,80,5.7,Kulthi,kulthi,3,Balasore,0,Winter,area,ha,-,,dash
2024-25,..\raw\earas\2024-25\Technical_Report_EARAS_2024-25_Odisha.pdf,80,5.7,Kulthi,kulthi,3,Balasore,0,Winter,yield_rate,qtl/ha,-,,dash
2024-25,..\raw\earas\2024-25\Technical_Report_EARAS_2024-25_Odisha.pdf,80,5.7,Kulthi,kulthi,3,Balasore,0,Winter,production,qtl,-,,dash
2024-25,..\raw\earas\2024-25\Technical_Report_EARAS_2024-25_Odisha.pdf,80,5.7,Kulthi,kulthi,3,Balasore,0,Summer,area,ha,-,,dash
2024-25,..\raw\earas\2024-25\Technical_Report_EARAS_2024-25_Odisha.pdf,80,5.7,Kulthi,kulthi,3,Balasore,0,Summer,yield_rate,qtl/ha,-,,dash
2024-25,..\raw\earas\2024-25\Technical_Report_EARAS_2024-25_Odisha.pdf,80,5.7,Kulthi,kulthi,3,Balasore,0,Summer,production,qtl,-,,dash
2024-25,..\raw\earas\2024-25\Technical_Report_EARAS_2024-25_Odisha.pdf,80,5.7,Kulthi,kulthi,3,Balasore,0,Total,area,ha,-,,dash
2024-25,..\raw\earas\2024-25\Technical_Report_EARAS_2024-25_Odisha.pdf,80,5.7,Kulthi,kulthi,3,Balasore,0,Total,yield_rate,qtl/ha,-,,dash
2024-25,..\raw\earas\2024-25\Technical_Report_EARAS_2024-25_Odisha.pdf,80,5.7,Kulthi,kulthi,3,Balasore,0,Total,production,qtl,-,,dash
2024-25,..\raw\earas\2024-25\Technical_Report_EARAS_2024-25_Odisha.pdf,80,5.7,Kulthi,kulthi,4,Bargarh,0,Autumn,area,ha,-,,dash
2024-25,..\raw\earas\2024-25\Technical_Report_EARAS_2024-25_Odisha.pdf,80,5.7,Kulthi,kulthi,4,Bargarh,0,Autumn,yield_rate,qtl/ha,-,,dash
2024-25,..\raw\earas\2024-25\Technical_Report_EARAS_2024-25_Odisha.pdf,80,5.7,Kulthi,kulthi,4,Bargarh,0,Autumn,production,qtl,-,,dash
2024-25,..\raw\earas\2024-25\Technical_Report_EARAS_2024-25_Odisha.pdf,80,5.7,Kulthi,kulthi,4,Bargarh,0,Winter,area,ha,338,338,ok
2024-25,..\raw\earas\2024-25\Technical_Report_EARAS_2024-25_Odisha.pdf,80,5.7,Kulthi,kulthi,4,Bargarh,0,Winter,yield_rate,qtl/ha,2.48,2.48,ok
2024-25,..\raw\earas\2024-25\Technical_Report_EARAS_2024-25_Odisha.pdf,80,5.7,Kulthi,kulthi,4,Bargarh,0,Winter,production,qtl,838,838,ok
2024-25,..\raw\earas\2024-25\Technical_Report_EARAS_2024-25_Odisha.pdf,80,5.7,Kulthi,kulthi,4,Bargarh,0,Summer,area,ha,-,,dash
2024-25,..\raw\earas\2024-25\Technical_Report_EARAS_2024-25_Odisha.pdf,80,5.7,Kulthi,kulthi,4,Bargarh,0,Summer,yield_rate,qtl/ha,-,,dash
2024-25,..\raw\earas\2024-25\Technical_Report_EARAS_2024-25_Odisha.pdf,80,5.7,Kulthi,kulthi,4,Bargarh,0,Summer,production,qtl,-,,dash
2024-25,..\raw\earas\2024-25\Technical_Report_EARAS_2024-25_Odisha.pdf,80,5.7,Kulthi,kulthi,4,Bargarh,0,Total,area,ha,338,338,ok
2024-25,..\raw\earas\2024-25\Technical_Report_EARAS_2024-25_Odisha.pdf,80,5.7,Kulthi,kulthi,4,Bargarh,0,Total,yield_rate,qtl/ha,2.48,2.48,ok
2024-25,..\raw\earas\2024-25\Technical_Report_EARAS_2024-25_Odisha.pdf,80,5.7,Kulthi,kulthi,4,Bargarh,0,Total,production,qtl,838,838,ok
2024-25,..\raw\earas\2024-25\Technical_Report_EARAS_2024-25_Odisha.pdf,80,5.7,Kulthi,kulthi,5,Bhadrak,0,Autumn,area,ha,-,,dash
2024-25,..\raw\earas\2024-25\Technical_Report_EARAS_2024-25_Odisha.pdf,80,5.7,Kulthi,kulthi,5,Bhadrak,0,Autumn,yield_rate,qtl/ha,-,,dash
2024-25,..\raw\earas\2024-25\Technical_Report_EARAS_2024-25_Odisha.pdf,80,5.7,Kulthi,kulthi,5,Bhadrak,0,Autumn,production,qtl,-,,dash
2024-25,..\raw\earas\2024-25\Technical_Report_EARAS_2024-25_Odisha.pdf,80,5.7,Kulthi,kulthi,5,Bhadrak,0,Winter,area,ha,1,1,ok
2024-25,..\raw\earas\2024-25\Technical_Report_EARAS_2024-25_Odisha.pdf,80,5.7,Kulthi,kulthi,5,Bhadrak,0,Winter,yield_rate,qtl/ha,10.44,10.44,ok
2024-25,..\raw\earas\2024-25\Technical_Report_EARAS_2024-25_Odisha.pdf,80,5.7,Kulthi,kulthi,5,Bhadrak,0,Winter,production,qtl,10,10,ok
2024-25,..\raw\earas\2024-25\Technical_Report_EARAS_2024-25_Odisha.pdf,80,5.7,Kulthi,kulthi,5,Bhadrak,0,Summer,area,ha,-,,dash
2024-25,..\raw\earas\2024-25\Technical_Report_EARAS_2024-25_Odisha.pdf,80,5.7,Kulthi,kulthi,5,Bhadrak,0,Summer,yield_rate,qtl/ha,-,,dash
2024-25,..\raw\earas\2024-25\Technical_Report_EARAS_2024-25_Odisha.pdf,80,5.7,Kulthi,kulthi,5,Bhadrak,0,Summer,production,qtl,-,,dash
2024-25,..\raw\earas\2024-25\Technical_Report_EARAS_2024-25_Odisha.pdf,80,5.7,Kulthi,kulthi,5,Bhadrak,0,Total,area,ha,1,1,ok
2024-25,..\raw\earas\2024-25\Technical_Report_EARAS_2024-25_Odisha.pdf,80,5.7,Kulthi,kulthi,5,Bhadrak,0,Total,yield_rate,qtl/ha,10.44,10.44,ok
2024-25,..\raw\earas\2024-25\Technical_Report_EARAS_2024-25_Odisha.pdf,80,5.7,Kulthi,kulthi,5,Bhadrak,0,Total,production,qtl,10,10,ok
2024-25,..\raw\earas\2024-25\Technical_Report_EARAS_2024-25_Odisha.pdf,80,5.7,Kulthi,kulthi,6,Boudh,0,Autumn,area,ha,-,,dash
2024-25,..\raw\earas\2024-25\Technical_Report_EARAS_2024-25_Odisha.pdf,80,5.7,Kulthi,kulthi,6,Boudh,0,Autumn,yield_rate,qtl/ha,-,,dash
2024-25,..\raw\earas\2024-25\Technical_Report_EARAS_2024-25_Odisha.pdf,80,5.7,Kulthi,kulthi,6,Boudh,0,Autumn,production,qtl,-,,dash
2024-25,..\raw\earas\2024-25\Technical_Report_EARAS_2024-25_Odisha.pdf,80,5.7,Kulthi,kulthi,6,Boudh,0,Winter,area,ha,293,293,ok
2024-25,..\raw\earas\2024-25\Technical_Report_EARAS_2024-25_Odisha.pdf,80,5.7,Kulthi,kulthi,6,Boudh,0,Winter,yield_rate,qtl/ha,3.16,3.16,ok
2024-25,..\raw\earas\2024-25\Technical_Report_EARAS_2024-25_Odisha.pdf,80,5.7,Kulthi,kulthi,6,Boudh,0,Winter,production,qtl,926,926,ok
2024-25,..\raw\earas\2024-25\Technical_Report_EARAS_2024-25_Odisha.pdf,80,5.7,Kulthi,kulthi,6,Boudh,0,Summer,area,ha,1,1,ok
2024-25,..\raw\earas\2024-25\Technical_Report_EARAS_2024-25_Odisha.pdf,80,5.7,Kulthi,kulthi,6,Boudh,0,Summer,yield_rate,qtl/ha,2.90,2.90,ok
2024-25,..\raw\earas\2024-25\Technical_Report_EARAS_2024-25_Odisha.pdf,80,5.7,Kulthi,kulthi,6,Boudh,0,Summer,production,qtl,3,3,ok
2024-25,..\raw\earas\2024-25\Technical_Report_EARAS_2024-25_Odisha.pdf,80,5.7,Kulthi,kulthi,6,Boudh,0,Total,area,ha,294,294,ok
2024-25,..\raw\earas\2024-25\Technical_Report_EARAS_2024-25_Odisha.pdf,80,5.7,Kulthi,kulthi,6,Boudh,0,Total,yield_rate,qtl/ha,3.16,3.16,ok
2024-25,..\raw\earas\2024-25\Technical_Report_EARAS_2024-25_Odisha.pdf,80,5.7,Kulthi,kulthi,6,Boudh,0,Total,production,qtl,929,929,ok
2024-25,..\raw\earas\2024-25\Technical_Report_EARAS_2024-25_Odisha.pdf,80,5.7,Kulthi,kulthi,7,Cuttack,0,Autumn,area,ha,-,,dash
2024-25,..\raw\earas\2024-25\Technical_Report_EARAS_2024-25_Odisha.pdf,80,5.7,Kulthi,kulthi,7,Cuttack,0,Autumn,yield_rate,qtl/ha,-,,dash
2024-25,..\raw\earas\2024-25\Technical_Report_EARAS_2024-25_Odisha.pdf,80,5.7,Kulthi,kulthi,7,Cuttack,0,Autumn,production,qtl,-,,dash
2024-25,..\raw\earas\2024-25\Technical_Report_EARAS_2024-25_Odisha.pdf,80,5.7,Kulthi,kulthi,7,Cuttack,0,Winter,area,ha,2790,2790,ok
2024-25,..\raw\earas\2024-25\Technical_Report_EARAS_2024-25_Odisha.pdf,80,5.7,Kulthi,kulthi,7,Cuttack,0,Winter,yield_rate,qtl/ha,4.14,4.14,ok
2024-25,..\raw\earas\2024-25\Technical_Report_EARAS_2024-25_Odisha.pdf,80,5.7,Kulthi,kulthi,7,Cuttack,0,Winter,production,qtl,11551,11551,ok
2024-25,..\raw\earas\2024-25\Technical_Report_EARAS_2024-25_Odisha.pdf,80,5.7,Kulthi,kulthi,7,Cuttack,0,Summer,area,ha,7,7,ok
2024-25,..\raw\earas\2024-25\Technical_Report_EARAS_2024-25_Odisha.pdf,80,5.7,Kulthi,kulthi,7,Cuttack,0,Summer,yield_rate,qtl/ha,3.59,3.59,ok
2024-25,..\raw\earas\2024-25\Technical_Report_EARAS_2024-25_Odisha.pdf,80,5.7,Kulthi,kulthi,7,Cuttack,0,Summer,production,qtl,25,25,ok
2024-25,..\raw\earas\2024-25\Technical_Report_EARAS_2024-25_Odisha.pdf,80,5.7,Kulthi,kulthi,7,Cuttack,0,Total,area,ha,2797,2797,ok
2024-25,..\raw\earas\2024-25\Technical_Report_EARAS_2024-25_Odisha.pdf,80,5.7,Kulthi,kulthi,7,Cuttack,0,Total,yield_rate,qtl/ha,4.14,4.14,ok
2024-25,..\raw\earas\2024-25\Technical_Report_EARAS_2024-25_Odisha.pdf,80,5.7,Kulthi,kulthi,7,Cuttack,0,Total,production,qtl,11576,11576,ok
2024-25,..\raw\earas\2024-25\Technical_Report_EARAS_2024-25_Odisha.pdf,80,5.7,Kulthi,kulthi,8,Deogarh,0,Autumn,area,ha,-,,dash
2024-25,..\raw\earas\2024-25\Technical_Report_EARAS_2024-25_Odisha.pdf,80,5.7,Kulthi,kulthi,8,Deogarh,0,Autumn,yield_rate,qtl/ha,-,,dash
2024-25,..\raw\earas\2024-25\Technical_Report_EARAS_2024-25_Odisha.pdf,80,5.7,Kulthi,kulthi,8,Deogarh,0,Autumn,production,qtl,-,,dash
2024-25,..\raw\earas\2024-25\Technical_Report_EARAS_2024-25_Odisha.pdf,80,5.7,Kulthi,kulthi,8,Deogarh,0,Winter,area,ha,227,227,ok
2024-25,..\raw\earas\2024-25\Technical_Report_EARAS_2024-25_Odisha.pdf,80,5.7,Kulthi,kulthi,8,Deogarh,0,Winter,yield_rate,qtl/ha,3.70,3.70,ok
2024-25,..\raw\earas\2024-25\Technical_Report_EARAS_2024-25_Odisha.pdf,80,5.7,Kulthi,kulthi,8,Deogarh,0,Winter,production,qtl,840,840,ok
2024-25,..\raw\earas\2024-25\Technical_Report_EARAS_2024-25_Odisha.pdf,80,5.7,Kulthi,kulthi,8,Deogarh,0,Summer,area,ha,-,,dash
2024-25,..\raw\earas\2024-25\Technical_Report_EARAS_2024-25_Odisha.pdf,80,5.7,Kulthi,kulthi,8,Deogarh,0,Summer,yield_rate,qtl/ha,-,,dash
2024-25,..\raw\earas\2024-25\Technical_Report_EARAS_2024-25_Odisha.pdf,80,5.7,Kulthi,kulthi,8,Deogarh,0,Summer,production,qtl,-,,dash
2024-25,..\raw\earas\2024-25\Technical_Report_EARAS_2024-25_Odisha.pdf,80,5.7,Kulthi,kulthi,8,Deogarh,0,Total,area,ha,227,227,ok
2024-25,..\raw\earas\2024-25\Technical_Report_EARAS_2024-25_Odisha.pdf,80,5.7,Kulthi,kulthi,8,Deogarh,0,Total,yield_rate,qtl/ha,3.70,3.70,ok
2024-25,..\raw\earas\2024-25\Technical_Report_EARAS_2024-25_Odisha.pdf,80,5.7,Kulthi,kulthi,8,Deogarh,0,Total,production,qtl,840,840,ok
2024-25,..\raw\earas\2024-25\Technical_Report_EARAS_2024-25_Odisha.pdf,80,5.7,Kulthi,kulthi,9,Dhenkanal,0,Autumn,area,ha,-,,dash
2024-25,..\raw\earas\2024-25\Technical_Report_EARAS_2024-25_Odisha.pdf,80,5.7,Kulthi,kulthi,9,Dhenkanal,0,Autumn,yield_rate,qtl/ha,-,,dash
2024-25,..\raw\earas\2024-25\Technical_Report_EARAS_2024-25_Odisha.pdf,80,5.7,Kulthi,kulthi,9,Dhenkanal,0,Autumn,production,qtl,-,,dash
2024-25,..\raw\earas\2024-25\Technical_Report_EARAS_2024-25_Odisha.pdf,80,5.7,Kulthi,kulthi,9,Dhenkanal,0,Winter,area,ha,2119,2119,ok
2024-25,..\raw\earas\2024-25\Technical_Report_EARAS_2024-25_Odisha.pdf,80,5.7,Kulthi,kulthi,9,Dhenkanal,0,Winter,yield_rate,qtl/ha,5.50,5.50,ok
2024-25,..\raw\earas\2024-25\Technical_Report_EARAS_2024-25_Odisha.pdf,80,5.7,Kulthi,kulthi,9,Dhenkanal,0,Winter,production,qtl,11655,11655,ok
2024-25,..\raw\earas\2024-25\Technical_Report_EARAS_2024-25_Odisha.pdf,80,5.7,Kulthi,kulthi,9,Dhenkanal,0,Summer,area,ha,97,97,ok
2024-25,..\raw\earas\2024-25\Technical_Report_EARAS_2024-25_Odisha.pdf,80,5.7,Kulthi,kulthi,9,Dhenkanal,0,Summer,yield_rate,qtl/ha,6.36,6.36,ok
2024-25,..\raw\earas\2024-25\Technical_Report_EARAS_2024-25_Odisha.pdf,80,5.7,Kulthi,kulthi,9,Dhenkanal,0,Summer,production,qtl,617,617,ok
2024-25,..\raw\earas\2024-25\Technical_Report_EARAS_2024-25_Odisha.pdf,80,5.7,Kulthi,kulthi,9,Dhenkanal,0,Total,area,ha,2216,2216,ok
2024-25,..\raw\earas\2024-25\Technical_Report_EARAS_2024-25_Odisha.pdf,80,5.7,Kulthi,kulthi,9,Dhenkanal,0,Total,yield_rate,qtl/ha,5.54,5.54,ok
2024-25,..\raw\earas\2024-25\Technical_Report_EARAS_2024-25_Odisha.pdf,80,5.7,Kulthi,kulthi,9,Dhenkanal,0,Total,production,qtl,12272,12272,ok
2024-25,..\raw\earas\2024-25\Technical_Report_EARAS_2024-25_Odisha.pdf,80,5.7,Kulthi,kulthi,10,Gajapati,0,Autumn,area,ha,-,,dash
2024-25,..\raw\earas\2024-25\Technical_Report_EARAS_2024-25_Odisha.pdf,80,5.7,Kulthi,kulthi,10,Gajapati,0,Autumn,yield_rate,qtl/ha,-,,dash
2024-25,..\raw\earas\2024-25\Technical_Report_EARAS_2024-25_Odisha.pdf,80,5.7,Kulthi,kulthi,10,Gajapati,0,Autumn,production,qtl,-,,dash
2024-25,..\raw\earas\2024-25\Technical_Report_EARAS_2024-25_Odisha.pdf,80,5.7,Kulthi,kulthi,10,Gajapati,0,Winter,area,ha,90,90,ok
2024-25,..\raw\earas\2024-25\Technical_Report_EARAS_2024-25_Odisha.pdf,80,5.7,Kulthi,kulthi,10,Gajapati,0,Winter,yield_rate,qtl/ha,2.82,2.82,ok
2024-25,..\raw\earas\2024-25\Technical_Report_EARAS_2024-25_Odisha.pdf,80,5.7,Kulthi,kulthi,10,Gajapati,0,Winter,production,qtl,254,254,ok
2024-25,..\raw\earas\2024-25\Technical_Report_EARAS_2024-25_Odisha.pdf,80,5.7,Kulthi,kulthi,10,Gajapati,0,Summer,area,ha,-,,dash
2024-25,..\raw\earas\2024-25\Technical_Report_EARAS_2024-25_Odisha.pdf,80,5.7,Kulthi,kulthi,10,Gajapati,0,Summer,yield_rate,qtl/ha,-,,dash
2024-25,..\raw\earas\2024-25\Technical_Report_EARAS_2024-25_Odisha.pdf,80,5.7,Kulthi,kulthi,10,Gajapati,0,Summer,production,qtl,-,,dash
2024-25,..\raw\earas\2024-25\Technical_Report_EARAS_2024-25_Odisha.pdf,80,5.7,Kulthi,kulthi,10,Gajapati,0,Total,area,ha,90,90,ok
2024-25,..\raw\earas\2024-25\Technical_Report_EARAS_2024-25_Odisha.pdf,80,5.7,Kulthi,kulthi,10,Gajapati,0,Total,yield_rate,qtl/ha,2.82,2.82,ok
2024-25,..\raw\earas\2024-25\Technical_Report_EARAS_2024-25_Odisha.pdf,80,5.7,Kulthi,kulthi,10,Gajapati,0,Total,production,qtl,254,254,ok
2024-25,..\raw\earas\2024-25\Technical_Report_EARAS_2024-25_Odisha.pdf,80,5.7,Kulthi,kulthi,11,Ganjam,0,Autumn,area,ha,-,,dash
2024-25,..\raw\earas\2024-25\Technical_Report_EARAS_2024-25_Odisha.pdf,80,5.7,Kulthi,kulthi,11,Ganjam,0,Autumn,yield_rate,qtl/ha,-,,dash
2024-25,..\raw\earas\2024-25\Technical_Report_EARAS_2024-25_Odisha.pdf,80,5.7,Kulthi,kulthi,11,Ganjam,0,Autumn,production,qtl,-,,dash
2024-25,..\raw\earas\2024-25\Technical_Report_EARAS_2024-25_Odisha.pdf,80,5.7,Kulthi,kulthi,11,Ganjam,0,Winter,area,ha,3883,3883,ok
2024-25,..\raw\earas\2024-25\Technical_Report_EARAS_2024-25_Odisha.pdf,80,5.7,Kulthi,kulthi,11,Ganjam,0,Winter,yield_rate,qtl/ha,3.25,3.25,ok
2024-25,..\raw\earas\2024-25\Technical_Report_EARAS_2024-25_Odisha.pdf,80,5.7,Kulthi,kulthi,11,Ganjam,0,Winter,production,qtl,12620,12620,ok
2024-25,..\raw\earas\2024-25\Technical_Report_EARAS_2024-25_Odisha.pdf,80,5.7,Kulthi,kulthi,11,Ganjam,0,Summer,area,ha,-,,dash
2024-25,..\raw\earas\2024-25\Technical_Report_EARAS_2024-25_Odisha.pdf,80,5.7,Kulthi,kulthi,11,Ganjam,0,Summer,yield_rate,qtl/ha,-,,dash
2024-25,..\raw\earas\2024-25\Technical_Report_EARAS_2024-25_Odisha.pdf,80,5.7,Kulthi,kulthi,11,Ganjam,0,Summer,production,qtl,-,,dash
2024-25,..\raw\earas\2024-25\Technical_Report_EARAS_2024-25_Odisha.pdf,80,5.7,Kulthi,kulthi,11,Ganjam,0,Total,area,ha,3883,3883,ok
2024-25,..\raw\earas\2024-25\Technical_Report_EARAS_2024-25_Odisha.pdf,80,5.7,Kulthi,kulthi,11,Ganjam,0,Total,yield_rate,qtl/ha,3.25,3.25,ok
2024-25,..\raw\earas\2024-25\Technical_Report_EARAS_2024-25_Odisha.pdf,80,5.7,Kulthi,kulthi,11,Ganjam,0,Total,production,qtl,12620,12620,ok
2024-25,..\raw\earas\2024-25\Technical_Report_EARAS_2024-25_Odisha.pdf,80,5.7,Kulthi,kulthi,12,Jagatsinghpur,0,Autumn,area,ha,-,,dash
2024-25,..\raw\earas\2024-25\Technical_Report_EARAS_2024-25_Odisha.pdf,80,5.7,Kulthi,kulthi,12,Jagatsinghpur,0,Autumn,yield_rate,qtl/ha,-,,dash
2024-25,..\raw\earas\2024-25\Technical_Report_EARAS_2024-25_Odisha.pdf,80,5.7,Kulthi,kulthi,12,Jagatsinghpur,0,Autumn,production,qtl,-,,dash
2024-25,..\raw\earas\2024-25\Technical_Report_EARAS_2024-25_Odisha.pdf,80,5.7,Kulthi,kulthi,12,Jagatsinghpur,0,Winter,area,ha,270,270,ok
2024-25,..\raw\earas\2024-25\Technical_Report_EARAS_2024-25_Odisha.pdf,80,5.7,Kulthi,kulthi,12,Jagatsinghpur,0,Winter,yield_rate,qtl/ha,5.91,5.91,ok
2024-25,..\raw\earas\2024-25\Technical_Report_EARAS_2024-25_Odisha.pdf,80,5.7,Kulthi,kulthi,12,Jagatsinghpur,0,Winter,production,qtl,1596,1596,ok
2024-25,..\raw\earas\2024-25\Technical_Report_EARAS_2024-25_Odisha.pdf,80,5.7,Kulthi,kulthi,12,Jagatsinghpur,0,Summer,area,ha,26,26,ok
2024-25,..\raw\earas\2024-25\Technical_Report_EARAS_2024-25_Odisha.pdf,80,5.7,Kulthi,kulthi,12,Jagatsinghpur,0,Summer,yield_rate,qtl/ha,5.27,5.27,ok
2024-25,..\raw\earas\2024-25\Technical_Report_EARAS_2024-25_Odisha.pdf,80,5.7,Kulthi,kulthi,12,Jagatsinghpur,0,Summer,production,qtl,137,137,ok
2024-25,..\raw\earas\2024-25\Technical_Report_EARAS_2024-25_Odisha.pdf,80,5.7,Kulthi,kulthi,12,Jagatsinghpur,0,Total,area,ha,296,296,ok
2024-25,..\raw\earas\2024-25\Technical_Report_EARAS_2024-25_Odisha.pdf,80,5.7,Kulthi,kulthi,12,Jagatsinghpur,0,Total,yield_rate,qtl/ha,5.85,5.85,ok
2024-25,..\raw\earas\2024-25\Technical_Report_EARAS_2024-25_Odisha.pdf,80,5.7,Kulthi,kulthi,12,Jagatsinghpur,0,Total,production,qtl,1733,1733,ok
2024-25,..\raw\earas\2024-25\Technical_Report_EARAS_2024-25_Odisha.pdf,80,5.7,Kulthi,kulthi,13,Jajpur,0,Autumn,area,ha,-,,dash
2024-25,..\raw\earas\2024-25\Technical_Report_EARAS_2024-25_Odisha.pdf,80,5.7,Kulthi,kulthi,13,Jajpur,0,Autumn,yield_rate,qtl/ha,-,,dash
2024-25,..\raw\earas\2024-25\Technical_Report_EARAS_2024-25_Odisha.pdf,80,5.7,Kulthi,kulthi,13,Jajpur,0,Autumn,production,qtl,-,,dash
2024-25,..\raw\earas\2024-25\Technical_Report_EARAS_2024-25_Odisha.pdf,80,5.7,Kulthi,kulthi,13,Jajpur,0,Winter,area,ha,1613,1613,ok
2024-25,..\raw\earas\2024-25\Technical_Report_EARAS_2024-25_Odisha.pdf,80,5.7,Kulthi,kulthi,13,Jajpur,0,Winter,yield_rate,qtl/ha,4.15,4.15,ok
2024-25,..\raw\earas\2024-25\Technical_Report_EARAS_2024-25_Odisha.pdf,80,5.7,Kulthi,kulthi,13,Jajpur,0,Winter,production,qtl,6694,6694,ok
2024-25,..\raw\earas\2024-25\Technical_Report_EARAS_2024-25_Odisha.pdf,80,5.7,Kulthi,kulthi,13,Jajpur,0,Summer,area,ha,9,9,ok
2024-25,..\raw\earas\2024-25\Technical_Report_EARAS_2024-25_Odisha.pdf,80,5.7,Kulthi,kulthi,13,Jajpur,0,Summer,yield_rate,qtl/ha,6.92,6.92,ok
2024-25,..\raw\earas\2024-25\Technical_Report_EARAS_2024-25_Odisha.pdf,80,5.7,Kulthi,kulthi,13,Jajpur,0,Summer,production,qtl,62,62,ok
2024-25,..\raw\earas\2024-25\Technical_Report_EARAS_2024-25_Odisha.pdf,80,5.7,Kulthi,kulthi,13,Jajpur,0,Total,area,ha,1622,1622,ok
2024-25,..\raw\earas\2024-25\Technical_Report_EARAS_2024-25_Odisha.pdf,80,5.7,Kulthi,kulthi,13,Jajpur,0,Total,yield_rate,qtl/ha,4.17,4.17,ok
2024-25,..\raw\earas\2024-25\Technical_Report_EARAS_2024-25_Odisha.pdf,80,5.7,Kulthi,kulthi,13,Jajpur,0,Total,production,qtl,6756,6756,ok
2024-25,..\raw\earas\2024-25\Technical_Report_EARAS_2024-25_Odisha.pdf,80,5.7,Kulthi,kulthi,14,Jharsuguda,0,Autumn,area,ha,-,,dash
2024-25,..\raw\earas\2024-25\Technical_Report_EARAS_2024-25_Odisha.pdf,80,5.7,Kulthi,kulthi,14,Jharsuguda,0,Autumn,yield_rate,qtl/ha,-,,dash
2024-25,..\raw\earas\2024-25\Technical_Report_EARAS_2024-25_Odisha.pdf,80,5.7,Kulthi,kulthi,14,Jharsuguda,0,Autumn,production,qtl,-,,dash
2024-25,..\raw\earas\2024-25\Technical_Report_EARAS_2024-25_Odisha.pdf,80,5.7,Kulthi,kulthi,14,Jharsuguda,0,Winter,area,ha,192,192,ok
2024-25,..\raw\earas\2024-25\Technical_Report_EARAS_2024-25_Odisha.pdf,80,5.7,Kulthi,kulthi,14,Jharsuguda,0,Winter,yield_rate,qtl/ha,2.85,2.85,ok
2024-25,..\raw\earas\2024-25\Technical_Report_EARAS_2024-25_Odisha.pdf,80,5.7,Kulthi,kulthi,14,Jharsuguda,0,Winter,production,qtl,547,547,ok
2024-25,..\raw\earas\2024-25\Technical_Report_EARAS_2024-25_Odisha.pdf,80,5.7,Kulthi,kulthi,14,Jharsuguda,0,Summer,area,ha,-,,dash
2024-25,..\raw\earas\2024-25\Technical_Report_EARAS_2024-25_Odisha.pdf,80,5.7,Kulthi,kulthi,14,Jharsuguda,0,Summer,yield_rate,qtl/ha,-,,dash
2024-25,..\raw\earas\2024-25\Technical_Report_EARAS_2024-25_Odisha.pdf,80,5.7,Kulthi,kulthi,14,Jharsuguda,0,Summer,production,qtl,-,,dash
2024-25,..\raw\earas\2024-25\Technical_Report_EARAS_2024-25_Odisha.pdf,80,5.7,Kulthi,kulthi,14,Jharsuguda,0,Total,area,ha,192,192,ok
2024-25,..\raw\earas\2024-25\Technical_Report_EARAS_2024-25_Odisha.pdf,80,5.7,Kulthi,kulthi,14,Jharsuguda,0,Total,yield_rate,qtl/ha,2.85,2.85,ok
2024-25,..\raw\earas\2024-25\Technical_Report_EARAS_2024-25_Odisha.pdf,80,5.7,Kulthi,kulthi,14,Jharsuguda,0,Total,production,qtl,547,547,ok
2024-25,..\raw\earas\2024-25\Technical_Report_EARAS_2024-25_Odisha.pdf,80,5.7,Kulthi,kulthi,15,Kalahandi,0,Autumn,area,ha,-,,dash
2024-25,..\raw\earas\2024-25\Technical_Report_EARAS_2024-25_Odisha.pdf,80,5.7,Kulthi,kulthi,15,Kalahandi,0,Autumn,yield_rate,qtl/ha,-,,dash
2024-25,..\raw\earas\2024-25\Technical_Report_EARAS_2024-25_Odisha.pdf,80,5.7,Kulthi,kulthi,15,Kalahandi,0,Autumn,production,qtl,-,,dash
2024-25,..\raw\earas\2024-25\Technical_Report_EARAS_2024-25_Odisha.pdf,80,5.7,Kulthi,kulthi,15,Kalahandi,0,Winter,area,ha,2105,2105,ok
2024-25,..\raw\earas\2024-25\Technical_Report_EARAS_2024-25_Odisha.pdf,80,5.7,Kulthi,kulthi,15,Kalahandi,0,Winter,yield_rate,qtl/ha,5.38,5.38,ok
2024-25,..\raw\earas\2024-25\Technical_Report_EARAS_2024-25_Odisha.pdf,80,5.7,Kulthi,kulthi,15,Kalahandi,0,Winter,production,qtl,11325,11325,ok
2024-25,..\raw\earas\2024-25\Technical_Report_EARAS_2024-25_Odisha.pdf,80,5.7,Kulthi,kulthi,15,Kalahandi,0,Summer,area,ha,-,,dash
2024-25,..\raw\earas\2024-25\Technical_Report_EARAS_2024-25_Odisha.pdf,80,5.7,Kulthi,kulthi,15,Kalahandi,0,Summer,yield_rate,qtl/ha,-,,dash
2024-25,..\raw\earas\2024-25\Technical_Report_EARAS_2024-25_Odisha.pdf,80,5.7,Kulthi,kulthi,15,Kalahandi,0,Summer,production,qtl,-,,dash
2024-25,..\raw\earas\2024-25\Technical_Report_EARAS_2024-25_Odisha.pdf,80,5.7,Kulthi,kulthi,15,Kalahandi,0,Total,area,ha,2105,2105,ok
2024-25,..\raw\earas\2024-25\Technical_Report_EARAS_2024-25_Odisha.pdf,80,5.7,Kulthi,kulthi,15,Kalahandi,0,Total,yield_rate,qtl/ha,5.38,5.38,ok
2024-25,..\raw\earas\2024-25\Technical_Report_EARAS_2024-25_Odisha.pdf,80,5.7,Kulthi,kulthi,15,Kalahandi,0,Total,production,qtl,11325,11325,ok
2024-25,..\raw\earas\2024-25\Technical_Report_EARAS_2024-25_Odisha.pdf,80,5.7,Kulthi,kulthi,16,Kandhamal,0,Autumn,area,ha,-,,dash
2024-25,..\raw\earas\2024-25\Technical_Report_EARAS_2024-25_Odisha.pdf,80,5.7,Kulthi,kulthi,16,Kandhamal,0,Autumn,yield_rate,qtl/ha,-,,dash
2024-25,..\raw\earas\2024-25\Technical_Report_EARAS_2024-25_Odisha.pdf,80,5.7,Kulthi,kulthi,16,Kandhamal,0,Autumn,production,qtl,-,,dash
2024-25,..\raw\earas\2024-25\Technical_Report_EARAS_2024-25_Odisha.pdf,80,5.7,Kulthi,kulthi,16,Kandhamal,0,Winter,area,ha,694,694,ok
2024-25,..\raw\earas\2024-25\Technical_Report_EARAS_2024-25_Odisha.pdf,80,5.7,Kulthi,kulthi,16,Kandhamal,0,Winter,yield_rate,qtl/ha,5.13,5.13,ok
2024-25,..\raw\earas\2024-25\Technical_Report_EARAS_2024-25_Odisha.pdf,80,5.7,Kulthi,kulthi,16,Kandhamal,0,Winter,production,qtl,3560,3560,ok
2024-25,..\raw\earas\2024-25\Technical_Report_EARAS_2024-25_Odisha.pdf,80,5.7,Kulthi,kulthi,16,Kandhamal,0,Summer,area,ha,-,,dash
2024-25,..\raw\earas\2024-25\Technical_Report_EARAS_2024-25_Odisha.pdf,80,5.7,Kulthi,kulthi,16,Kandhamal,0,Summer,yield_rate,qtl/ha,-,,dash
2024-25,..\raw\earas\2024-25\Technical_Report_EARAS_2024-25_Odisha.pdf,80,5.7,Kulthi,kulthi,16,Kandhamal,0,Summer,production,qtl,-,,dash
2024-25,..\raw\earas\2024-25\Technical_Report_EARAS_2024-25_Odisha.pdf,80,5.7,Kulthi,kulthi,16,Kandhamal,0,Total,area,ha,694,694,ok
2024-25,..\raw\earas\2024-25\Technical_Report_EARAS_2024-25_Odisha.pdf,80,5.7,Kulthi,kulthi,16,Kandhamal,0,Total,yield_rate,qtl/ha,5.13,5.13,ok
2024-25,..\raw\earas\2024-25\Technical_Report_EARAS_2024-25_Odisha.pdf,80,5.7,Kulthi,kulthi,16,Kandhamal,0,Total,production,qtl,3560,3560,ok
2024-25,..\raw\earas\2024-25\Technical_Report_EARAS_2024-25_Odisha.pdf,80,5.7,Kulthi,kulthi,17,Kendrapada,0,Autumn,area,ha,-,,dash
2024-25,..\raw\earas\2024-25\Technical_Report_EARAS_2024-25_Odisha.pdf,80,5.7,Kulthi,kulthi,17,Kendrapada,0,Autumn,yield_rate,qtl/ha,-,,dash
2024-25,..\raw\earas\2024-25\Technical_Report_EARAS_2024-25_Odisha.pdf,80,5.7,Kulthi,kulthi,17,Kendrapada,0,Autumn,production,qtl,-,,dash
2024-25,..\raw\earas\2024-25\Technical_Report_EARAS_2024-25_Odisha.pdf,80,5.7,Kulthi,kulthi,17,Kendrapada,0,Winter,area,ha,204,204,ok
2024-25,..\raw\earas\2024-25\Technical_Report_EARAS_2024-25_Odisha.pdf,80,5.7,Kulthi,kulthi,17,Kendrapada,0,Winter,yield_rate,qtl/ha,5.50,5.50,ok
2024-25,..\raw\earas\2024-25\Technical_Report_EARAS_2024-25_Odisha.pdf,80,5.7,Kulthi,kulthi,17,Kendrapada,0,Winter,production,qtl,1122,1122,ok
2024-25,..\raw\earas\2024-25\Technical_Report_EARAS_2024-25_Odisha.pdf,80,5.7,Kulthi,kulthi,17,Kendrapada,0,Summer,area,ha,2,2,ok
2024-25,..\raw\earas\2024-25\Technical_Report_EARAS_2024-25_Odisha.pdf,80,5.7,Kulthi,kulthi,17,Kendrapada,0,Summer,yield_rate,qtl/ha,5.89,5.89,ok
2024-25,..\raw\earas\2024-25\Technical_Report_EARAS_2024-25_Odisha.pdf,80,5.7,Kulthi,kulthi,17,Kendrapada,0,Summer,production,qtl,12,12,ok
2024-25,..\raw\earas\2024-25\Technical_Report_EARAS_2024-25_Odisha.pdf,80,5.7,Kulthi,kulthi,17,Kendrapada,0,Total,area,ha,206,206,ok
2024-25,..\raw\earas\2024-25\Technical_Report_EARAS_2024-25_Odisha.pdf,80,5.7,Kulthi,kulthi,17,Kendrapada,0,Total,yield_rate,qtl/ha,5.50,5.50,ok
2024-25,..\raw\earas\2024-25\Technical_Report_EARAS_2024-25_Odisha.pdf,80,5.7,Kulthi,kulthi,17,Kendrapada,0,Total,production,qtl,1134,1134,ok
2024-25,..\raw\earas\2024-25\Technical_Report_EARAS_2024-25_Odisha.pdf,80,5.7,Kulthi,kulthi,18,Keonjhar,0,Autumn,area,ha,-,,dash
2024-25,..\raw\earas\2024-25\Technical_Report_EARAS_2024-25_Odisha.pdf,80,5.7,Kulthi,kulthi,18,Keonjhar,0,Autumn,yield_rate,qtl/ha,-,,dash
2024-25,..\raw\earas\2024-25\Technical_Report_EARAS_2024-25_Odisha.pdf,80,5.7,Kulthi,kulthi,18,Keonjhar,0,Autumn,production,qtl,-,,dash
2024-25,..\raw\earas\2024-25\Technical_Report_EARAS_2024-25_Odisha.pdf,80,5.7,Kulthi,kulthi,18,Keonjhar,0,Winter,area,ha,919,919,ok
2024-25,..\raw\earas\2024-25\Technical_Report_EARAS_2024-25_Odisha.pdf,80,5.7,Kulthi,kulthi,18,Keonjhar,0,Winter,yield_rate,qtl/ha,4.70,4.70,ok
2024-25,..\raw\earas\2024-25\Technical_Report_EARAS_2024-25_Odisha.pdf,80,5.7,Kulthi,kulthi,18,Keonjhar,0,Winter,production,qtl,4319,4319,ok
2024-25,..\raw\earas\2024-25\Technical_Report_EARAS_2024-25_Odisha.pdf,80,5.7,Kulthi,kulthi,18,Keonjhar,0,Summer,area,ha,2,2,ok
2024-25,..\raw\earas\2024-25\Technical_Report_EARAS_2024-25_Odisha.pdf,80,5.7,Kulthi,kulthi,18,Keonjhar,0,Summer,yield_rate,qtl/ha,3.74,3.74,ok
2024-25,..\raw\earas\2024-25\Technical_Report_EARAS_2024-25_Odisha.pdf,80,5.7,Kulthi,kulthi,18,Keonjhar,0,Summer,production,qtl,7,7,ok
2024-25,..\raw\earas\2024-25\Technical_Report_EARAS_2024-25_Odisha.pdf,80,5.7,Kulthi,kulthi,18,Keonjhar,0,Total,area,ha,921,921,ok
2024-25,..\raw\earas\2024-25\Technical_Report_EARAS_2024-25_Odisha.pdf,80,5.7,Kulthi,kulthi,18,Keonjhar,0,Total,yield_rate,qtl/ha,4.70,4.70,ok
2024-25,..\raw\earas\2024-25\Technical_Report_EARAS_2024-25_Odisha.pdf,80,5.7,Kulthi,kulthi,18,Keonjhar,0,Total,production,qtl,4326,4326,ok
2024-25,..\raw\earas\2024-25\Technical_Report_EARAS_2024-25_Odisha.pdf,80,5.7,Kulthi,kulthi,19,Khurda,0,Autumn,area,ha,-,,dash
2024-25,..\raw\earas\2024-25\Technical_Report_EARAS_2024-25_Odisha.pdf,80,5.7,Kulthi,kulthi,19,Khurda,0,Autumn,yield_rate,qtl/ha,-,,dash
2024-25,..\raw\earas\2024-25\Technical_Report_EARAS_2024-25_Odisha.pdf,80,5.7,Kulthi,kulthi,19,Khurda,0,Autumn,production,qtl,-,,dash
2024-25,..\raw\earas\2024-25\Technical_Report_EARAS_2024-25_Odisha.pdf,80,5.7,Kulthi,kulthi,19,Khurda,0,Winter,area,ha,183,183,ok
2024-25,..\raw\earas\2024-25\Technical_Report_EARAS_2024-25_Odisha.pdf,80,5.7,Kulthi,kulthi,19,Khurda,0,Winter,yield_rate,qtl/ha,5.73,5.73,ok
2024-25,..\raw\earas\2024-25\Technical_Report_EARAS_2024-25_Odisha.pdf,80,5.7,Kulthi,kulthi,19,Khurda,0,Winter,production,qtl,1049,1049,ok
2024-25,..\raw\earas\2024-25\Technical_Report_EARAS_2024-25_Odisha.pdf,80,5.7,Kulthi,kulthi,19,Khurda,0,Summer,area,ha,127,127,ok
2024-25,..\raw\earas\2024-25\Technical_Report_EARAS_2024-25_Odisha.pdf,80,5.7,Kulthi,kulthi,19,Khurda,0,Summer,yield_rate,qtl/ha,3.88,3.88,ok
2024-25,..\raw\earas\2024-25\Technical_Report_EARAS_2024-25_Odisha.pdf,80,5.7,Kulthi,kulthi,19,Khurda,0,Summer,production,qtl,493,493,ok
2024-25,..\raw\earas\2024-25\Technical_Report_EARAS_2024-25_Odisha.pdf,80,5.7,Kulthi,kulthi,19,Khurda,0,Total,area,ha,310,310,ok
2024-25,..\raw\earas\2024-25\Technical_Report_EARAS_2024-25_Odisha.pdf,80,5.7,Kulthi,kulthi,19,Khurda,0,Total,yield_rate,qtl/ha,4.97,4.97,ok
2024-25,..\raw\earas\2024-25\Technical_Report_EARAS_2024-25_Odisha.pdf,80,5.7,Kulthi,kulthi,19,Khurda,0,Total,production,qtl,1542,1542,ok
2024-25,..\raw\earas\2024-25\Technical_Report_EARAS_2024-25_Odisha.pdf,80,5.7,Kulthi,kulthi,20,Koraput,0,Autumn,area,ha,-,,dash
2024-25,..\raw\earas\2024-25\Technical_Report_EARAS_2024-25_Odisha.pdf,80,5.7,Kulthi,kulthi,20,Koraput,0,Autumn,yield_rate,qtl/ha,-,,dash
2024-25,..\raw\earas\2024-25\Technical_Report_EARAS_2024-25_Odisha.pdf,80,5.7,Kulthi,kulthi,20,Koraput,0,Autumn,production,qtl,-,,dash
2024-25,..\raw\earas\2024-25\Technical_Report_EARAS_2024-25_Odisha.pdf,80,5.7,Kulthi,kulthi,20,Koraput,0,Winter,area,ha,1410,1410,ok
2024-25,..\raw\earas\2024-25\Technical_Report_EARAS_2024-25_Odisha.pdf,80,5.7,Kulthi,kulthi,20,Koraput,0,Winter,yield_rate,qtl/ha,3.23,3.23,ok
2024-25,..\raw\earas\2024-25\Technical_Report_EARAS_2024-25_Odisha.pdf,80,5.7,Kulthi,kulthi,20,Koraput,0,Winter,production,qtl,4554,4554,ok
2024-25,..\raw\earas\2024-25\Technical_Report_EARAS_2024-25_Odisha.pdf,80,5.7,Kulthi,kulthi,20,Koraput,0,Summer,area,ha,-,,dash
2024-25,..\raw\earas\2024-25\Technical_Report_EARAS_2024-25_Odisha.pdf,80,5.7,Kulthi,kulthi,20,Koraput,0,Summer,yield_rate,qtl/ha,-,,dash
2024-25,..\raw\earas\2024-25\Technical_Report_EARAS_2024-25_Odisha.pdf,80,5.7,Kulthi,kulthi,20,Koraput,0,Summer,production,qtl,-,,dash
2024-25,..\raw\earas\2024-25\Technical_Report_EARAS_2024-25_Odisha.pdf,80,5.7,Kulthi,kulthi,20,Koraput,0,Total,area,ha,1410,1410,ok
2024-25,..\raw\earas\2024-25\Technical_Report_EARAS_2024-25_Odisha.pdf,80,5.7,Kulthi,kulthi,20,Koraput,0,Total,yield_rate,qtl/ha,3.23,3.23,ok
2024-25,..\raw\earas\2024-25\Technical_Report_EARAS_2024-25_Odisha.pdf,80,5.7,Kulthi,kulthi,20,Koraput,0,Total,production,qtl,4554,4554,ok
2024-25,..\raw\earas\2024-25\Technical_Report_EARAS_2024-25_Odisha.pdf,80,5.7,Kulthi,kulthi,21,Malkangiri,0,Autumn,area,ha,-,,dash
2024-25,..\raw\earas\2024-25\Technical_Report_EARAS_2024-25_Odisha.pdf,80,5.7,Kulthi,kulthi,21,Malkangiri,0,Autumn,yield_rate,qtl/ha,-,,dash
2024-25,..\raw\earas\2024-25\Technical_Report_EARAS_2024-25_Odisha.pdf,80,5.7,Kulthi,kulthi,21,Malkangiri,0,Autumn,production,qtl,-,,dash
2024-25,..\raw\earas\2024-25\Technical_Report_EARAS_2024-25_Odisha.pdf,80,5.7,Kulthi,kulthi,21,Malkangiri,0,Winter,area,ha,1168,1168,ok
2024-25,..\raw\earas\2024-25\Technical_Report_EARAS_2024-25_Odisha.pdf,80,5.7,Kulthi,kulthi,21,Malkangiri,0,Winter,yield_rate,qtl/ha,4.01,4.01,ok
2024-25,..\raw\earas\2024-25\Technical_Report_EARAS_2024-25_Odisha.pdf,80,5.7,Kulthi,kulthi,21,Malkangiri,0,Winter,production,qtl,4684,4684,ok
2024-25,..\raw\earas\2024-25\Technical_Report_EARAS_2024-25_Odisha.pdf,80,5.7,Kulthi,kulthi,21,Malkangiri,0,Summer,area,ha,-,,dash
2024-25,..\raw\earas\2024-25\Technical_Report_EARAS_2024-25_Odisha.pdf,80,5.7,Kulthi,kulthi,21,Malkangiri,0,Summer,yield_rate,qtl/ha,-,,dash
2024-25,..\raw\earas\2024-25\Technical_Report_EARAS_2024-25_Odisha.pdf,80,5.7,Kulthi,kulthi,21,Malkangiri,0,Summer,production,qtl,-,,dash
2024-25,..\raw\earas\2024-25\Technical_Report_EARAS_2024-25_Odisha.pdf,80,5.7,Kulthi,kulthi,21,Malkangiri,0,Total,area,ha,1168,1168,ok
2024-25,..\raw\earas\2024-25\Technical_Report_EARAS_2024-25_Odisha.pdf,80,5.7,Kulthi,kulthi,21,Malkangiri,0,Total,yield_rate,qtl/ha,4.01,4.01,ok
2024-25,..\raw\earas\2024-25\Technical_Report_EARAS_2024-25_Odisha.pdf,80,5.7,Kulthi,kulthi,21,Malkangiri,0,Total,production,qtl,4684,4684,ok
2024-25,..\raw\earas\2024-25\Technical_Report_EARAS_2024-25_Odisha.pdf,80,5.7,Kulthi,kulthi,22,Mayurbhanja,0,Autumn,area,ha,-,,dash
2024-25,..\raw\earas\2024-25\Technical_Report_EARAS_2024-25_Odisha.pdf,80,5.7,Kulthi,kulthi,22,Mayurbhanja,0,Autumn,yield_rate,qtl/ha,-,,dash
2024-25,..\raw\earas\2024-25\Technical_Report_EARAS_2024-25_Odisha.pdf,80,5.7,Kulthi,kulthi,22,Mayurbhanja,0,Autumn,production,qtl,-,,dash
2024-25,..\raw\earas\2024-25\Technical_Report_EARAS_2024-25_Odisha.pdf,80,5.7,Kulthi,kulthi,22,Mayurbhanja,0,Winter,area,ha,193,193,ok
2024-25,..\raw\earas\2024-25\Technical_Report_EARAS_2024-25_Odisha.pdf,80,5.7,Kulthi,kulthi,22,Mayurbhanja,0,Winter,yield_rate,qtl/ha,5.50,5.50,ok
2024-25,..\raw\earas\2024-25\Technical_Report_EARAS_2024-25_Odisha.pdf,80,5.7,Kulthi,kulthi,22,Mayurbhanja,0,Winter,production,qtl,1062,1062,ok
2024-25,..\raw\earas\2024-25\Technical_Report_EARAS_2024-25_Odisha.pdf,80,5.7,Kulthi,kulthi,22,Mayurbhanja,0,Summer,area,ha,S,,below_half_unit
2024-25,..\raw\earas\2024-25\Technical_Report_EARAS_2024-25_Odisha.pdf,80,5.7,Kulthi,kulthi,22,Mayurbhanja,0,Summer,yield_rate,qtl/ha,4.49,4.49,ok
2024-25,..\raw\earas\2024-25\Technical_Report_EARAS_2024-25_Odisha.pdf,80,5.7,Kulthi,kulthi,22,Mayurbhanja,0,Summer,production,qtl,-,,dash
2024-25,..\raw\earas\2024-25\Technical_Report_EARAS_2024-25_Odisha.pdf,80,5.7,Kulthi,kulthi,22,Mayurbhanja,0,Total,area,ha,193,193,ok
2024-25,..\raw\earas\2024-25\Technical_Report_EARAS_2024-25_Odisha.pdf,80,5.7,Kulthi,kulthi,22,Mayurbhanja,0,Total,yield_rate,qtl/ha,5.50,5.50,ok
2024-25,..\raw\earas\2024-25\Technical_Report_EARAS_2024-25_Odisha.pdf,80,5.7,Kulthi,kulthi,22,Mayurbhanja,0,Total,production,qtl,1062,1062,ok
2024-25,..\raw\earas\2024-25\Technical_Report_EARAS_2024-25_Odisha.pdf,80,5.7,Kulthi,kulthi,23,Nuapada,0,Autumn,area,ha,-,,dash
2024-25,..\raw\earas\2024-25\Technical_Report_EARAS_2024-25_Odisha.pdf,80,5.7,Kulthi,kulthi,23,Nuapada,0,Autumn,yield_rate,qtl/ha,-,,dash
2024-25,..\raw\earas\2024-25\Technical_Report_EARAS_2024-25_Odisha.pdf,80,5.7,Kulthi,kulthi,23,Nuapada,0,Autumn,production,qtl,-,,dash
2024-25,..\raw\earas\2024-25\Technical_Report_EARAS_2024-25_Odisha.pdf,80,5.7,Kulthi,kulthi,23,Nuapada,0,Winter,area,ha,2437,2437,ok
2024-25,..\raw\earas\2024-25\Technical_Report_EARAS_2024-25_Odisha.pdf,80,5.7,Kulthi,kulthi,23,Nuapada,0,Winter,yield_rate,qtl/ha,2.39,2.39,ok
2024-25,..\raw\earas\2024-25\Technical_Report_EARAS_2024-25_Odisha.pdf,80,5.7,Kulthi,kulthi,23,Nuapada,0,Winter,production,qtl,5824,5824,ok
2024-25,..\raw\earas\2024-25\Technical_Report_EARAS_2024-25_Odisha.pdf,80,5.7,Kulthi,kulthi,23,Nuapada,0,Summer,area,ha,-,,dash
2024-25,..\raw\earas\2024-25\Technical_Report_EARAS_2024-25_Odisha.pdf,80,5.7,Kulthi,kulthi,23,Nuapada,0,Summer,yield_rate,qtl/ha,-,,dash
2024-25,..\raw\earas\2024-25\Technical_Report_EARAS_2024-25_Odisha.pdf,80,5.7,Kulthi,kulthi,23,Nuapada,0,Summer,production,qtl,-,,dash
2024-25,..\raw\earas\2024-25\Technical_Report_EARAS_2024-25_Odisha.pdf,80,5.7,Kulthi,kulthi,23,Nuapada,0,Total,area,ha,2437,2437,ok
2024-25,..\raw\earas\2024-25\Technical_Report_EARAS_2024-25_Odisha.pdf,80,5.7,Kulthi,kulthi,23,Nuapada,0,Total,yield_rate,qtl/ha,2.39,2.39,ok
2024-25,..\raw\earas\2024-25\Technical_Report_EARAS_2024-25_Odisha.pdf,80,5.7,Kulthi,kulthi,23,Nuapada,0,Total,production,qtl,5824,5824,ok
2024-25,..\raw\earas\2024-25\Technical_Report_EARAS_2024-25_Odisha.pdf,80,5.7,Kulthi,kulthi,24,Nayagada,0,Autumn,area,ha,-,,dash
2024-25,..\raw\earas\2024-25\Technical_Report_EARAS_2024-25_Odisha.pdf,80,5.7,Kulthi,kulthi,24,Nayagada,0,Autumn,yield_rate,qtl/ha,-,,dash
2024-25,..\raw\earas\2024-25\Technical_Report_EARAS_2024-25_Odisha.pdf,80,5.7,Kulthi,kulthi,24,Nayagada,0,Autumn,production,qtl,-,,dash
2024-25,..\raw\earas\2024-25\Technical_Report_EARAS_2024-25_Odisha.pdf,80,5.7,Kulthi,kulthi,24,Nayagada,0,Winter,area,ha,973,973,ok
2024-25,..\raw\earas\2024-25\Technical_Report_EARAS_2024-25_Odisha.pdf,80,5.7,Kulthi,kulthi,24,Nayagada,0,Winter,yield_rate,qtl/ha,3.40,3.40,ok
2024-25,..\raw\earas\2024-25\Technical_Report_EARAS_2024-25_Odisha.pdf,80,5.7,Kulthi,kulthi,24,Nayagada,0,Winter,production,qtl,3308,3308,ok
2024-25,..\raw\earas\2024-25\Technical_Report_EARAS_2024-25_Odisha.pdf,80,5.7,Kulthi,kulthi,24,Nayagada,0,Summer,area,ha,397,397,ok
2024-25,..\raw\earas\2024-25\Technical_Report_EARAS_2024-25_Odisha.pdf,80,5.7,Kulthi,kulthi,24,Nayagada,0,Summer,yield_rate,qtl/ha,3.70,3.70,ok
2024-25,..\raw\earas\2024-25\Technical_Report_EARAS_2024-25_Odisha.pdf,80,5.7,Kulthi,kulthi,24,Nayagada,0,Summer,production,qtl,1469,1469,ok
2024-25,..\raw\earas\2024-25\Technical_Report_EARAS_2024-25_Odisha.pdf,80,5.7,Kulthi,kulthi,24,Nayagada,0,Total,area,ha,1370,1370,ok
2024-25,..\raw\earas\2024-25\Technical_Report_EARAS_2024-25_Odisha.pdf,80,5.7,Kulthi,kulthi,24,Nayagada,0,Total,yield_rate,qtl/ha,3.49,3.49,ok
2024-25,..\raw\earas\2024-25\Technical_Report_EARAS_2024-25_Odisha.pdf,80,5.7,Kulthi,kulthi,24,Nayagada,0,Total,production,qtl,4777,4777,ok
2024-25,..\raw\earas\2024-25\Technical_Report_EARAS_2024-25_Odisha.pdf,80,5.7,Kulthi,kulthi,25,Nawarangpur,0,Autumn,area,ha,-,,dash
2024-25,..\raw\earas\2024-25\Technical_Report_EARAS_2024-25_Odisha.pdf,80,5.7,Kulthi,kulthi,25,Nawarangpur,0,Autumn,yield_rate,qtl/ha,-,,dash
2024-25,..\raw\earas\2024-25\Technical_Report_EARAS_2024-25_Odisha.pdf,80,5.7,Kulthi,kulthi,25,Nawarangpur,0,Autumn,production,qtl,-,,dash
2024-25,..\raw\earas\2024-25\Technical_Report_EARAS_2024-25_Odisha.pdf,80,5.7,Kulthi,kulthi,25,Nawarangpur,0,Winter,area,ha,1373,1373,ok
2024-25,..\raw\earas\2024-25\Technical_Report_EARAS_2024-25_Odisha.pdf,80,5.7,Kulthi,kulthi,25,Nawarangpur,0,Winter,yield_rate,qtl/ha,6.71,6.71,ok
2024-25,..\raw\earas\2024-25\Technical_Report_EARAS_2024-25_Odisha.pdf,80,5.7,Kulthi,kulthi,25,Nawarangpur,0,Winter,production,qtl,9213,9213,ok
2024-25,..\raw\earas\2024-25\Technical_Report_EARAS_2024-25_Odisha.pdf,80,5.7,Kulthi,kulthi,25,Nawarangpur,0,Summer,area,ha,-,,dash
2024-25,..\raw\earas\2024-25\Technical_Report_EARAS_2024-25_Odisha.pdf,80,5.7,Kulthi,kulthi,25,Nawarangpur,0,Summer,yield_rate,qtl/ha,-,,dash
2024-25,..\raw\earas\2024-25\Technical_Report_EARAS_2024-25_Odisha.pdf,80,5.7,Kulthi,kulthi,25,Nawarangpur,0,Summer,production,qtl,-,,dash
2024-25,..\raw\earas\2024-25\Technical_Report_EARAS_2024-25_Odisha.pdf,80,5.7,Kulthi,kulthi,25,Nawarangpur,0,Total,area,ha,1373,1373,ok
2024-25,..\raw\earas\2024-25\Technical_Report_EARAS_2024-25_Odisha.pdf,80,5.7,Kulthi,kulthi,25,Nawarangpur,0,Total,yield_rate,qtl/ha,6.71,6.71,ok
2024-25,..\raw\earas\2024-25\Technical_Report_EARAS_2024-25_Odisha.pdf,80,5.7,Kulthi,kulthi,25,Nawarangpur,0,Total,production,qtl,9213,9213,ok
2024-25,..\raw\earas\2024-25\Technical_Report_EARAS_2024-25_Odisha.pdf,80,5.7,Kulthi,kulthi,26,Puri,0,Autumn,area,ha,-,,dash
2024-25,..\raw\earas\2024-25\Technical_Report_EARAS_2024-25_Odisha.pdf,80,5.7,Kulthi,kulthi,26,Puri,0,Autumn,yield_rate,qtl/ha,-,,dash
2024-25,..\raw\earas\2024-25\Technical_Report_EARAS_2024-25_Odisha.pdf,80,5.7,Kulthi,kulthi,26,Puri,0,Autumn,production,qtl,-,,dash
2024-25,..\raw\earas\2024-25\Technical_Report_EARAS_2024-25_Odisha.pdf,80,5.7,Kulthi,kulthi,26,Puri,0,Winter,area,ha,550,550,ok
2024-25,..\raw\earas\2024-25\Technical_Report_EARAS_2024-25_Odisha.pdf,80,5.7,Kulthi,kulthi,26,Puri,0,Winter,yield_rate,qtl/ha,4.49,4.49,ok
2024-25,..\raw\earas\2024-25\Technical_Report_EARAS_2024-25_Odisha.pdf,80,5.7,Kulthi,kulthi,26,Puri,0,Winter,production,qtl,2470,2470,ok
2024-25,..\raw\earas\2024-25\Technical_Report_EARAS_2024-25_Odisha.pdf,80,5.7,Kulthi,kulthi,26,Puri,0,Summer,area,ha,4,4,ok
2024-25,..\raw\earas\2024-25\Technical_Report_EARAS_2024-25_Odisha.pdf,80,5.7,Kulthi,kulthi,26,Puri,0,Summer,yield_rate,qtl/ha,3.28,3.28,ok
2024-25,..\raw\earas\2024-25\Technical_Report_EARAS_2024-25_Odisha.pdf,80,5.7,Kulthi,kulthi,26,Puri,0,Summer,production,qtl,13.00,13.00,ok
2024-25,..\raw\earas\2024-25\Technical_Report_EARAS_2024-25_Odisha.pdf,80,5.7,Kulthi,kulthi,26,Puri,0,Total,area,ha,554,554,ok
2024-25,..\raw\earas\2024-25\Technical_Report_EARAS_2024-25_Odisha.pdf,80,5.7,Kulthi,kulthi,26,Puri,0,Total,yield_rate,qtl/ha,4.48,4.48,ok
2024-25,..\raw\earas\2024-25\Technical_Report_EARAS_2024-25_Odisha.pdf,80,5.7,Kulthi,kulthi,26,Puri,0,Total,production,qtl,2483,2483,ok
2024-25,..\raw\earas\2024-25\Technical_Report_EARAS_2024-25_Odisha.pdf,80,5.7,Kulthi,kulthi,27,Raygada,0,Autumn,area,ha,-,,dash
2024-25,..\raw\earas\2024-25\Technical_Report_EARAS_2024-25_Odisha.pdf,80,5.7,Kulthi,kulthi,27,Raygada,0,Autumn,yield_rate,qtl/ha,-,,dash
2024-25,..\raw\earas\2024-25\Technical_Report_EARAS_2024-25_Odisha.pdf,80,5.7,Kulthi,kulthi,27,Raygada,0,Autumn,production,qtl,-,,dash
2024-25,..\raw\earas\2024-25\Technical_Report_EARAS_2024-25_Odisha.pdf,80,5.7,Kulthi,kulthi,27,Raygada,0,Winter,area,ha,1025,1025,ok
2024-25,..\raw\earas\2024-25\Technical_Report_EARAS_2024-25_Odisha.pdf,80,5.7,Kulthi,kulthi,27,Raygada,0,Winter,yield_rate,qtl/ha,3.24,3.24,ok
2024-25,..\raw\earas\2024-25\Technical_Report_EARAS_2024-25_Odisha.pdf,80,5.7,Kulthi,kulthi,27,Raygada,0,Winter,production,qtl,3321,3321,ok
2024-25,..\raw\earas\2024-25\Technical_Report_EARAS_2024-25_Odisha.pdf,80,5.7,Kulthi,kulthi,27,Raygada,0,Summer,area,ha,-,,dash
2024-25,..\raw\earas\2024-25\Technical_Report_EARAS_2024-25_Odisha.pdf,80,5.7,Kulthi,kulthi,27,Raygada,0,Summer,yield_rate,qtl/ha,-,,dash
2024-25,..\raw\earas\2024-25\Technical_Report_EARAS_2024-25_Odisha.pdf,80,5.7,Kulthi,kulthi,27,Raygada,0,Summer,production,qtl,-,,dash
2024-25,..\raw\earas\2024-25\Technical_Report_EARAS_2024-25_Odisha.pdf,80,5.7,Kulthi,kulthi,27,Raygada,0,Total,area,ha,1025,1025,ok
2024-25,..\raw\earas\2024-25\Technical_Report_EARAS_2024-25_Odisha.pdf,80,5.7,Kulthi,kulthi,27,Raygada,0,Total,yield_rate,qtl/ha,3.24,3.24,ok
2024-25,..\raw\earas\2024-25\Technical_Report_EARAS_2024-25_Odisha.pdf,80,5.7,Kulthi,kulthi,27,Raygada,0,Total,production,qtl,3321,3321,ok
2024-25,..\raw\earas\2024-25\Technical_Report_EARAS_2024-25_Odisha.pdf,80,5.7,Kulthi,kulthi,28,Sambalpur,0,Autumn,area,ha,-,,dash
2024-25,..\raw\earas\2024-25\Technical_Report_EARAS_2024-25_Odisha.pdf,80,5.7,Kulthi,kulthi,28,Sambalpur,0,Autumn,yield_rate,qtl/ha,-,,dash
2024-25,..\raw\earas\2024-25\Technical_Report_EARAS_2024-25_Odisha.pdf,80,5.7,Kulthi,kulthi,28,Sambalpur,0,Autumn,production,qtl,-,,dash
2024-25,..\raw\earas\2024-25\Technical_Report_EARAS_2024-25_Odisha.pdf,80,5.7,Kulthi,kulthi,28,Sambalpur,0,Winter,area,ha,534,534,ok
2024-25,..\raw\earas\2024-25\Technical_Report_EARAS_2024-25_Odisha.pdf,80,5.7,Kulthi,kulthi,28,Sambalpur,0,Winter,yield_rate,qtl/ha,5.91,5.91,ok
2024-25,..\raw\earas\2024-25\Technical_Report_EARAS_2024-25_Odisha.pdf,80,5.7,Kulthi,kulthi,28,Sambalpur,0,Winter,production,qtl,3156,3156,ok
2024-25,..\raw\earas\2024-25\Technical_Report_EARAS_2024-25_Odisha.pdf,80,5.7,Kulthi,kulthi,28,Sambalpur,0,Summer,area,ha,-,,dash
2024-25,..\raw\earas\2024-25\Technical_Report_EARAS_2024-25_Odisha.pdf,80,5.7,Kulthi,kulthi,28,Sambalpur,0,Summer,yield_rate,qtl/ha,-,,dash
2024-25,..\raw\earas\2024-25\Technical_Report_EARAS_2024-25_Odisha.pdf,80,5.7,Kulthi,kulthi,28,Sambalpur,0,Summer,production,qtl,-,,dash
2024-25,..\raw\earas\2024-25\Technical_Report_EARAS_2024-25_Odisha.pdf,80,5.7,Kulthi,kulthi,28,Sambalpur,0,Total,area,ha,534,534,ok
2024-25,..\raw\earas\2024-25\Technical_Report_EARAS_2024-25_Odisha.pdf,80,5.7,Kulthi,kulthi,28,Sambalpur,0,Total,yield_rate,qtl/ha,5.91,5.91,ok
2024-25,..\raw\earas\2024-25\Technical_Report_EARAS_2024-25_Odisha.pdf,80,5.7,Kulthi,kulthi,28,Sambalpur,0,Total,production,qtl,3156,3156,ok
2024-25,..\raw\earas\2024-25\Technical_Report_EARAS_2024-25_Odisha.pdf,80,5.7,Kulthi,kulthi,29,Subarnapur,0,Autumn,area,ha,-,,dash
2024-25,..\raw\earas\2024-25\Technical_Report_EARAS_2024-25_Odisha.pdf,80,5.7,Kulthi,kulthi,29,Subarnapur,0,Autumn,yield_rate,qtl/ha,-,,dash
2024-25,..\raw\earas\2024-25\Technical_Report_EARAS_2024-25_Odisha.pdf,80,5.7,Kulthi,kulthi,29,Subarnapur,0,Autumn,production,qtl,-,,dash
2024-25,..\raw\earas\2024-25\Technical_Report_EARAS_2024-25_Odisha.pdf,80,5.7,Kulthi,kulthi,29,Subarnapur,0,Winter,area,ha,107,107,ok
2024-25,..\raw\earas\2024-25\Technical_Report_EARAS_2024-25_Odisha.pdf,80,5.7,Kulthi,kulthi,29,Subarnapur,0,Winter,yield_rate,qtl/ha,4.33,4.33,ok
2024-25,..\raw\earas\2024-25\Technical_Report_EARAS_2024-25_Odisha.pdf,80,5.7,Kulthi,kulthi,29,Subarnapur,0,Winter,production,qtl,463,463,ok
2024-25,..\raw\earas\2024-25\Technical_Report_EARAS_2024-25_Odisha.pdf,80,5.7,Kulthi,kulthi,29,Subarnapur,0,Summer,area,ha,-,,dash
2024-25,..\raw\earas\2024-25\Technical_Report_EARAS_2024-25_Odisha.pdf,80,5.7,Kulthi,kulthi,29,Subarnapur,0,Summer,yield_rate,qtl/ha,-,,dash
2024-25,..\raw\earas\2024-25\Technical_Report_EARAS_2024-25_Odisha.pdf,80,5.7,Kulthi,kulthi,29,Subarnapur,0,Summer,production,qtl,-,,dash
2024-25,..\raw\earas\2024-25\Technical_Report_EARAS_2024-25_Odisha.pdf,80,5.7,Kulthi,kulthi,29,Subarnapur,0,Total,area,ha,107,107,ok
2024-25,..\raw\earas\2024-25\Technical_Report_EARAS_2024-25_Odisha.pdf,80,5.7,Kulthi,kulthi,29,Subarnapur,0,Total,yield_rate,qtl/ha,4.33,4.33,ok
2024-25,..\raw\earas\2024-25\Technical_Report_EARAS_2024-25_Odisha.pdf,80,5.7,Kulthi,kulthi,29,Subarnapur,0,Total,production,qtl,463,463,ok
2024-25,..\raw\earas\2024-25\Technical_Report_EARAS_2024-25_Odisha.pdf,80,5.7,Kulthi,kulthi,30,Sundargarh,0,Autumn,area,ha,-,,dash
2024-25,..\raw\earas\2024-25\Technical_Report_EARAS_2024-25_Odisha.pdf,80,5.7,Kulthi,kulthi,30,Sundargarh,0,Autumn,yield_rate,qtl/ha,-,,dash
2024-25,..\raw\earas\2024-25\Technical_Report_EARAS_2024-25_Odisha.pdf,80,5.7,Kulthi,kulthi,30,Sundargarh,0,Autumn,production,qtl,-,,dash
2024-25,..\raw\earas\2024-25\Technical_Report_EARAS_2024-25_Odisha.pdf,80,5.7,Kulthi,kulthi,30,Sundargarh,0,Winter,area,ha,1189,1189,ok
2024-25,..\raw\earas\2024-25\Technical_Report_EARAS_2024-25_Odisha.pdf,80,5.7,Kulthi,kulthi,30,Sundargarh,0,Winter,yield_rate,qtl/ha,4.16,4.16,ok
2024-25,..\raw\earas\2024-25\Technical_Report_EARAS_2024-25_Odisha.pdf,80,5.7,Kulthi,kulthi,30,Sundargarh,0,Winter,production,qtl,4946,4946,ok
2024-25,..\raw\earas\2024-25\Technical_Report_EARAS_2024-25_Odisha.pdf,80,5.7,Kulthi,kulthi,30,Sundargarh,0,Summer,area,ha,-,,dash
2024-25,..\raw\earas\2024-25\Technical_Report_EARAS_2024-25_Odisha.pdf,80,5.7,Kulthi,kulthi,30,Sundargarh,0,Summer,yield_rate,qtl/ha,-,,dash
2024-25,..\raw\earas\2024-25\Technical_Report_EARAS_2024-25_Odisha.pdf,80,5.7,Kulthi,kulthi,30,Sundargarh,0,Summer,production,qtl,-,,dash
2024-25,..\raw\earas\2024-25\Technical_Report_EARAS_2024-25_Odisha.pdf,80,5.7,Kulthi,kulthi,30,Sundargarh,0,Total,area,ha,1189,1189,ok
2024-25,..\raw\earas\2024-25\Technical_Report_EARAS_2024-25_Odisha.pdf,80,5.7,Kulthi,kulthi,30,Sundargarh,0,Total,yield_rate,qtl/ha,4.16,4.16,ok
2024-25,..\raw\earas\2024-25\Technical_Report_EARAS_2024-25_Odisha.pdf,80,5.7,Kulthi,kulthi,30,Sundargarh,0,Total,production,qtl,4946,4946,ok
2024-25,..\raw\earas\2024-25\Technical_Report_EARAS_2024-25_Odisha.pdf,80,5.7,Kulthi,kulthi,,STATE,1,Autumn,area,ha,-,,dash
2024-25,..\raw\earas\2024-25\Technical_Report_EARAS_2024-25_Odisha.pdf,80,5.7,Kulthi,kulthi,,STATE,1,Autumn,yield_rate,qtl/ha,-,,dash
2024-25,..\raw\earas\2024-25\Technical_Report_EARAS_2024-25_Odisha.pdf,80,5.7,Kulthi,kulthi,,STATE,1,Autumn,production,qtl,-,,dash
2024-25,..\raw\earas\2024-25\Technical_Report_EARAS_2024-25_Odisha.pdf,80,5.7,Kulthi,kulthi,,STATE,1,Winter,area,ha,28424,28424,ok
2024-25,..\raw\earas\2024-25\Technical_Report_EARAS_2024-25_Odisha.pdf,80,5.7,Kulthi,kulthi,,STATE,1,Winter,yield_rate,qtl/ha,4.13,4.13,ok
2024-25,..\raw\earas\2024-25\Technical_Report_EARAS_2024-25_Odisha.pdf,80,5.7,Kulthi,kulthi,,STATE,1,Winter,production,qtl,117503,117503,ok
2024-25,..\raw\earas\2024-25\Technical_Report_EARAS_2024-25_Odisha.pdf,80,5.7,Kulthi,kulthi,,STATE,1,Summer,area,ha,672,672,ok
2024-25,..\raw\earas\2024-25\Technical_Report_EARAS_2024-25_Odisha.pdf,80,5.7,Kulthi,kulthi,,STATE,1,Summer,yield_rate,qtl/ha,4.22,4.22,ok
2024-25,..\raw\earas\2024-25\Technical_Report_EARAS_2024-25_Odisha.pdf,80,5.7,Kulthi,kulthi,,STATE,1,Summer,production,qtl,2838,2838,ok
2024-25,..\raw\earas\2024-25\Technical_Report_EARAS_2024-25_Odisha.pdf,80,5.7,Kulthi,kulthi,,STATE,1,Total,area,ha,29096,29096,ok
2024-25,..\raw\earas\2024-25\Technical_Report_EARAS_2024-25_Odisha.pdf,80,5.7,Kulthi,kulthi,,STATE,1,Total,yield_rate,qtl/ha,4.14,4.14,ok
2024-25,..\raw\earas\2024-25\Technical_Report_EARAS_2024-25_Odisha.pdf,80,5.7,Kulthi,kulthi,,STATE,1,Total,production,qtl,120341,120341,ok
2024-25,..\raw\earas\2024-25\Technical_Report_EARAS_2024-25_Odisha.pdf,81,5.8,Til,til,1,Angul,0,Autumn,area,ha,421,421,ok
2024-25,..\raw\earas\2024-25\Technical_Report_EARAS_2024-25_Odisha.pdf,81,5.8,Til,til,1,Angul,0,Autumn,yield_rate,qtl/ha,2.36,2.36,ok
2024-25,..\raw\earas\2024-25\Technical_Report_EARAS_2024-25_Odisha.pdf,81,5.8,Til,til,1,Angul,0,Autumn,production,qtl,994,994,ok
2024-25,..\raw\earas\2024-25\Technical_Report_EARAS_2024-25_Odisha.pdf,81,5.8,Til,til,1,Angul,0,Winter,area,ha,61,61,ok
2024-25,..\raw\earas\2024-25\Technical_Report_EARAS_2024-25_Odisha.pdf,81,5.8,Til,til,1,Angul,0,Winter,yield_rate,qtl/ha,1.93,1.93,ok
2024-25,..\raw\earas\2024-25\Technical_Report_EARAS_2024-25_Odisha.pdf,81,5.8,Til,til,1,Angul,0,Winter,production,qtl,118,118,ok
2024-25,..\raw\earas\2024-25\Technical_Report_EARAS_2024-25_Odisha.pdf,81,5.8,Til,til,1,Angul,0,Summer,area,ha,154,154,ok
2024-25,..\raw\earas\2024-25\Technical_Report_EARAS_2024-25_Odisha.pdf,81,5.8,Til,til,1,Angul,0,Summer,yield_rate,qtl/ha,2.33,2.33,ok
2024-25,..\raw\earas\2024-25\Technical_Report_EARAS_2024-25_Odisha.pdf,81,5.8,Til,til,1,Angul,0,Summer,production,qtl,359,359,ok
2024-25,..\raw\earas\2024-25\Technical_Report_EARAS_2024-25_Odisha.pdf,81,5.8,Til,til,1,Angul,0,Total,area,ha,636,636,ok
2024-25,..\raw\earas\2024-25\Technical_Report_EARAS_2024-25_Odisha.pdf,81,5.8,Til,til,1,Angul,0,Total,yield_rate,qtl/ha,2.31,2.31,ok
2024-25,..\raw\earas\2024-25\Technical_Report_EARAS_2024-25_Odisha.pdf,81,5.8,Til,til,1,Angul,0,Total,production,qtl,1471,1471,ok
2024-25,..\raw\earas\2024-25\Technical_Report_EARAS_2024-25_Odisha.pdf,81,5.8,Til,til,2,Balangir,0,Autumn,area,ha,46,46,ok
2024-25,..\raw\earas\2024-25\Technical_Report_EARAS_2024-25_Odisha.pdf,81,5.8,Til,til,2,Balangir,0,Autumn,yield_rate,qtl/ha,1.85,1.85,ok
2024-25,..\raw\earas\2024-25\Technical_Report_EARAS_2024-25_Odisha.pdf,81,5.8,Til,til,2,Balangir,0,Autumn,production,qtl,85,85,ok
2024-25,..\raw\earas\2024-25\Technical_Report_EARAS_2024-25_Odisha.pdf,81,5.8,Til,til,2,Balangir,0,Winter,area,ha,38,38,ok
2024-25,..\raw\earas\2024-25\Technical_Report_EARAS_2024-25_Odisha.pdf,81,5.8,Til,til,2,Balangir,0,Winter,yield_rate,qtl/ha,1.27,1.27,ok
2024-25,..\raw\earas\2024-25\Technical_Report_EARAS_2024-25_Odisha.pdf,81,5.8,Til,til,2,Balangir,0,Winter,production,qtl,48,48,ok
2024-25,..\raw\earas\2024-25\Technical_Report_EARAS_2024-25_Odisha.pdf,81,5.8,Til,til,2,Balangir,0,Summer,area,ha,49,49,ok
2024-25,..\raw\earas\2024-25\Technical_Report_EARAS_2024-25_Odisha.pdf,81,5.8,Til,til,2,Balangir,0,Summer,yield_rate,qtl/ha,1.50,1.50,ok
2024-25,..\raw\earas\2024-25\Technical_Report_EARAS_2024-25_Odisha.pdf,81,5.8,Til,til,2,Balangir,0,Summer,production,qtl,74,74,ok
2024-25,..\raw\earas\2024-25\Technical_Report_EARAS_2024-25_Odisha.pdf,81,5.8,Til,til,2,Balangir,0,Total,area,ha,133,133,ok
2024-25,..\raw\earas\2024-25\Technical_Report_EARAS_2024-25_Odisha.pdf,81,5.8,Til,til,2,Balangir,0,Total,yield_rate,qtl/ha,1.56,1.56,ok
2024-25,..\raw\earas\2024-25\Technical_Report_EARAS_2024-25_Odisha.pdf,81,5.8,Til,til,2,Balangir,0,Total,production,qtl,207,207,ok
2024-25,..\raw\earas\2024-25\Technical_Report_EARAS_2024-25_Odisha.pdf,81,5.8,Til,til,3,Balasore,0,Autumn,area,ha,-,,dash
2024-25,..\raw\earas\2024-25\Technical_Report_EARAS_2024-25_Odisha.pdf,81,5.8,Til,til,3,Balasore,0,Autumn,yield_rate,qtl/ha,-,,dash
2024-25,..\raw\earas\2024-25\Technical_Report_EARAS_2024-25_Odisha.pdf,81,5.8,Til,til,3,Balasore,0,Autumn,production,qtl,-,,dash
2024-25,..\raw\earas\2024-25\Technical_Report_EARAS_2024-25_Odisha.pdf,81,5.8,Til,til,3,Balasore,0,Winter,area,ha,-,,dash
2024-25,..\raw\earas\2024-25\Technical_Report_EARAS_2024-25_Odisha.pdf,81,5.8,Til,til,3,Balasore,0,Winter,yield_rate,qtl/ha,-,,dash
2024-25,..\raw\earas\2024-25\Technical_Report_EARAS_2024-25_Odisha.pdf,81,5.8,Til,til,3,Balasore,0,Winter,production,qtl,-,,dash
2024-25,..\raw\earas\2024-25\Technical_Report_EARAS_2024-25_Odisha.pdf,81,5.8,Til,til,3,Balasore,0,Summer,area,ha,782,782,ok
2024-25,..\raw\earas\2024-25\Technical_Report_EARAS_2024-25_Odisha.pdf,81,5.8,Til,til,3,Balasore,0,Summer,yield_rate,qtl/ha,3.24,3.24,ok
2024-25,..\raw\earas\2024-25\Technical_Report_EARAS_2024-25_Odisha.pdf,81,5.8,Til,til,3,Balasore,0,Summer,production,qtl,2534,2534,ok
2024-25,..\raw\earas\2024-25\Technical_Report_EARAS_2024-25_Odisha.pdf,81,5.8,Til,til,3,Balasore,0,Total,area,ha,782,782,ok
2024-25,..\raw\earas\2024-25\Technical_Report_EARAS_2024-25_Odisha.pdf,81,5.8,Til,til,3,Balasore,0,Total,yield_rate,qtl/ha,3.24,3.24,ok
2024-25,..\raw\earas\2024-25\Technical_Report_EARAS_2024-25_Odisha.pdf,81,5.8,Til,til,3,Balasore,0,Total,production,qtl,2534,2534,ok
2024-25,..\raw\earas\2024-25\Technical_Report_EARAS_2024-25_Odisha.pdf,81,5.8,Til,til,4,Bargarh,0,Autumn,area,ha,101,101,ok
2024-25,..\raw\earas\2024-25\Technical_Report_EARAS_2024-25_Odisha.pdf,81,5.8,Til,til,4,Bargarh,0,Autumn,yield_rate,qtl/ha,3.40,3.40,ok
2024-25,..\raw\earas\2024-25\Technical_Report_EARAS_2024-25_Odisha.pdf,81,5.8,Til,til,4,Bargarh,0,Autumn,production,qtl,343,343,ok
2024-25,..\raw\earas\2024-25\Technical_Report_EARAS_2024-25_Odisha.pdf,81,5.8,Til,til,4,Bargarh,0,Winter,area,ha,-,,dash
2024-25,..\raw\earas\2024-25\Technical_Report_EARAS_2024-25_Odisha.pdf,81,5.8,Til,til,4,Bargarh,0,Winter,yield_rate,qtl/ha,-,,dash
2024-25,..\raw\earas\2024-25\Technical_Report_EARAS_2024-25_Odisha.pdf,81,5.8,Til,til,4,Bargarh,0,Winter,production,qtl,-,,dash
2024-25,..\raw\earas\2024-25\Technical_Report_EARAS_2024-25_Odisha.pdf,81,5.8,Til,til,4,Bargarh,0,Summer,area,ha,16,16,ok
2024-25,..\raw\earas\2024-25\Technical_Report_EARAS_2024-25_Odisha.pdf,81,5.8,Til,til,4,Bargarh,0,Summer,yield_rate,qtl/ha,2.39,2.39,ok
2024-25,..\raw\earas\2024-25\Technical_Report_EARAS_2024-25_Odisha.pdf,81,5.8,Til,til,4,Bargarh,0,Summer,production,qtl,38,38,ok
2024-25,..\raw\earas\2024-25\Technical_Report_EARAS_2024-25_Odisha.pdf,81,5.8,Til,til,4,Bargarh,0,Total,area,ha,117,117,ok
2024-25,..\raw\earas\2024-25\Technical_Report_EARAS_2024-25_Odisha.pdf,81,5.8,Til,til,4,Bargarh,0,Total,yield_rate,qtl/ha,3.26,3.26,ok
2024-25,..\raw\earas\2024-25\Technical_Report_EARAS_2024-25_Odisha.pdf,81,5.8,Til,til,4,Bargarh,0,Total,production,qtl,381,381,ok
2024-25,..\raw\earas\2024-25\Technical_Report_EARAS_2024-25_Odisha.pdf,81,5.8,Til,til,5,Bhadrak,0,Autumn,area,ha,S,,below_half_unit
2024-25,..\raw\earas\2024-25\Technical_Report_EARAS_2024-25_Odisha.pdf,81,5.8,Til,til,5,Bhadrak,0,Autumn,yield_rate,qtl/ha,1.94,1.94,ok
2024-25,..\raw\earas\2024-25\Technical_Report_EARAS_2024-25_Odisha.pdf,81,5.8,Til,til,5,Bhadrak,0,Autumn,production,qtl,-,,dash
2024-25,..\raw\earas\2024-25\Technical_Report_EARAS_2024-25_Odisha.pdf,81,5.8,Til,til,5,Bhadrak,0,Winter,area,ha,-,,dash
2024-25,..\raw\earas\2024-25\Technical_Report_EARAS_2024-25_Odisha.pdf,81,5.8,Til,til,5,Bhadrak,0,Winter,yield_rate,qtl/ha,-,,dash
2024-25,..\raw\earas\2024-25\Technical_Report_EARAS_2024-25_Odisha.pdf,81,5.8,Til,til,5,Bhadrak,0,Winter,production,qtl,-,,dash
2024-25,..\raw\earas\2024-25\Technical_Report_EARAS_2024-25_Odisha.pdf,81,5.8,Til,til,5,Bhadrak,0,Summer,area,ha,60,60,ok
2024-25,..\raw\earas\2024-25\Technical_Report_EARAS_2024-25_Odisha.pdf,81,5.8,Til,til,5,Bhadrak,0,Summer,yield_rate,qtl/ha,3.20,3.20,ok
2024-25,..\raw\earas\2024-25\Technical_Report_EARAS_2024-25_Odisha.pdf,81,5.8,Til,til,5,Bhadrak,0,Summer,production,qtl,192,192,ok
2024-25,..\raw\earas\2024-25\Technical_Report_EARAS_2024-25_Odisha.pdf,81,5.8,Til,til,5,Bhadrak,0,Total,area,ha,60,60,ok
2024-25,..\raw\earas\2024-25\Technical_Report_EARAS_2024-25_Odisha.pdf,81,5.8,Til,til,5,Bhadrak,0,Total,yield_rate,qtl/ha,3.20,3.20,ok
2024-25,..\raw\earas\2024-25\Technical_Report_EARAS_2024-25_Odisha.pdf,81,5.8,Til,til,5,Bhadrak,0,Total,production,qtl,192,192,ok
2024-25,..\raw\earas\2024-25\Technical_Report_EARAS_2024-25_Odisha.pdf,81,5.8,Til,til,6,Boudh,0,Autumn,area,ha,-,,dash
2024-25,..\raw\earas\2024-25\Technical_Report_EARAS_2024-25_Odisha.pdf,81,5.8,Til,til,6,Boudh,0,Autumn,yield_rate,qtl/ha,-,,dash
2024-25,..\raw\earas\2024-25\Technical_Report_EARAS_2024-25_Odisha.pdf,81,5.8,Til,til,6,Boudh,0,Autumn,production,qtl,-,,dash
2024-25,..\raw\earas\2024-25\Technical_Report_EARAS_2024-25_Odisha.pdf,81,5.8,Til,til,6,Boudh,0,Winter,area,ha,11,11,ok
2024-25,..\raw\earas\2024-25\Technical_Report_EARAS_2024-25_Odisha.pdf,81,5.8,Til,til,6,Boudh,0,Winter,yield_rate,qtl/ha,1.91,1.91,ok
2024-25,..\raw\earas\2024-25\Technical_Report_EARAS_2024-25_Odisha.pdf,81,5.8,Til,til,6,Boudh,0,Winter,production,qtl,21,21,ok
2024-25,..\raw\earas\2024-25\Technical_Report_EARAS_2024-25_Odisha.pdf,81,5.8,Til,til,6,Boudh,0,Summer,area,ha,-,,dash
2024-25,..\raw\earas\2024-25\Technical_Report_EARAS_2024-25_Odisha.pdf,81,5.8,Til,til,6,Boudh,0,Summer,yield_rate,qtl/ha,-,,dash
2024-25,..\raw\earas\2024-25\Technical_Report_EARAS_2024-25_Odisha.pdf,81,5.8,Til,til,6,Boudh,0,Summer,production,qtl,-,,dash
2024-25,..\raw\earas\2024-25\Technical_Report_EARAS_2024-25_Odisha.pdf,81,5.8,Til,til,6,Boudh,0,Total,area,ha,11,11,ok
2024-25,..\raw\earas\2024-25\Technical_Report_EARAS_2024-25_Odisha.pdf,81,5.8,Til,til,6,Boudh,0,Total,yield_rate,qtl/ha,1.91,1.91,ok
2024-25,..\raw\earas\2024-25\Technical_Report_EARAS_2024-25_Odisha.pdf,81,5.8,Til,til,6,Boudh,0,Total,production,qtl,21,21,ok
2024-25,..\raw\earas\2024-25\Technical_Report_EARAS_2024-25_Odisha.pdf,81,5.8,Til,til,7,Cuttack,0,Autumn,area,ha,-,,dash
2024-25,..\raw\earas\2024-25\Technical_Report_EARAS_2024-25_Odisha.pdf,81,5.8,Til,til,7,Cuttack,0,Autumn,yield_rate,qtl/ha,-,,dash
2024-25,..\raw\earas\2024-25\Technical_Report_EARAS_2024-25_Odisha.pdf,81,5.8,Til,til,7,Cuttack,0,Autumn,production,qtl,-,,dash
2024-25,..\raw\earas\2024-25\Technical_Report_EARAS_2024-25_Odisha.pdf,81,5.8,Til,til,7,Cuttack,0,Winter,area,ha,-,,dash
2024-25,..\raw\earas\2024-25\Technical_Report_EARAS_2024-25_Odisha.pdf,81,5.8,Til,til,7,Cuttack,0,Winter,yield_rate,qtl/ha,-,,dash
2024-25,..\raw\earas\2024-25\Technical_Report_EARAS_2024-25_Odisha.pdf,81,5.8,Til,til,7,Cuttack,0,Winter,production,qtl,-,,dash
2024-25,..\raw\earas\2024-25\Technical_Report_EARAS_2024-25_Odisha.pdf,81,5.8,Til,til,7,Cuttack,0,Summer,area,ha,141,141,ok
2024-25,..\raw\earas\2024-25\Technical_Report_EARAS_2024-25_Odisha.pdf,81,5.8,Til,til,7,Cuttack,0,Summer,yield_rate,qtl/ha,3.56,3.56,ok
2024-25,..\raw\earas\2024-25\Technical_Report_EARAS_2024-25_Odisha.pdf,81,5.8,Til,til,7,Cuttack,0,Summer,production,qtl,502,502,ok
2024-25,..\raw\earas\2024-25\Technical_Report_EARAS_2024-25_Odisha.pdf,81,5.8,Til,til,7,Cuttack,0,Total,area,ha,141,141,ok
2024-25,..\raw\earas\2024-25\Technical_Report_EARAS_2024-25_Odisha.pdf,81,5.8,Til,til,7,Cuttack,0,Total,yield_rate,qtl/ha,3.56,3.56,ok
2024-25,..\raw\earas\2024-25\Technical_Report_EARAS_2024-25_Odisha.pdf,81,5.8,Til,til,7,Cuttack,0,Total,production,qtl,502,502,ok
2024-25,..\raw\earas\2024-25\Technical_Report_EARAS_2024-25_Odisha.pdf,81,5.8,Til,til,8,Deogarh,0,Autumn,area,ha,1,1,ok
2024-25,..\raw\earas\2024-25\Technical_Report_EARAS_2024-25_Odisha.pdf,81,5.8,Til,til,8,Deogarh,0,Autumn,yield_rate,qtl/ha,2.77,2.77,ok
2024-25,..\raw\earas\2024-25\Technical_Report_EARAS_2024-25_Odisha.pdf,81,5.8,Til,til,8,Deogarh,0,Autumn,production,qtl,3,3,ok
2024-25,..\raw\earas\2024-25\Technical_Report_EARAS_2024-25_Odisha.pdf,81,5.8,Til,til,8,Deogarh,0,Winter,area,ha,170,170,ok
2024-25,..\raw\earas\2024-25\Technical_Report_EARAS_2024-25_Odisha.pdf,81,5.8,Til,til,8,Deogarh,0,Winter,yield_rate,qtl/ha,2.36,2.36,ok
2024-25,..\raw\earas\2024-25\Technical_Report_EARAS_2024-25_Odisha.pdf,81,5.8,Til,til,8,Deogarh,0,Winter,production,qtl,401,401,ok
2024-25,..\raw\earas\2024-25\Technical_Report_EARAS_2024-25_Odisha.pdf,81,5.8,Til,til,8,Deogarh,0,Summer,area,ha,13,13,ok
2024-25,..\raw\earas\2024-25\Technical_Report_EARAS_2024-25_Odisha.pdf,81,5.8,Til,til,8,Deogarh,0,Summer,yield_rate,qtl/ha,2.68,2.68,ok
2024-25,..\raw\earas\2024-25\Technical_Report_EARAS_2024-25_Odisha.pdf,81,5.8,Til,til,8,Deogarh,0,Summer,production,qtl,35,35,ok
2024-25,..\raw\earas\2024-25\Technical_Report_EARAS_2024-25_Odisha.pdf,81,5.8,Til,til,8,Deogarh,0,Total,area,ha,184,184,ok
2024-25,..\raw\earas\2024-25\Technical_Report_EARAS_2024-25_Odisha.pdf,81,5.8,Til,til,8,Deogarh,0,Total,yield_rate,qtl/ha,2.39,2.39,ok
2024-25,..\raw\earas\2024-25\Technical_Report_EARAS_2024-25_Odisha.pdf,81,5.8,Til,til,8,Deogarh,0,Total,production,qtl,439,439,ok
2024-25,..\raw\earas\2024-25\Technical_Report_EARAS_2024-25_Odisha.pdf,81,5.8,Til,til,9,Dhenkanal,0,Autumn,area,ha,72,72,ok
2024-25,..\raw\earas\2024-25\Technical_Report_EARAS_2024-25_Odisha.pdf,81,5.8,Til,til,9,Dhenkanal,0,Autumn,yield_rate,qtl/ha,3.01,3.01,ok
2024-25,..\raw\earas\2024-25\Technical_Report_EARAS_2024-25_Odisha.pdf,81,5.8,Til,til,9,Dhenkanal,0,Autumn,production,qtl,217,217,ok
2024-25,..\raw\earas\2024-25\Technical_Report_EARAS_2024-25_Odisha.pdf,81,5.8,Til,til,9,Dhenkanal,0,Winter,area,ha,447,447,ok
2024-25,..\raw\earas\2024-25\Technical_Report_EARAS_2024-25_Odisha.pdf,81,5.8,Til,til,9,Dhenkanal,0,Winter,yield_rate,qtl/ha,3.55,3.55,ok
2024-25,..\raw\earas\2024-25\Technical_Report_EARAS_2024-25_Odisha.pdf,81,5.8,Til,til,9,Dhenkanal,0,Winter,production,qtl,1587,1587,ok
2024-25,..\raw\earas\2024-25\Technical_Report_EARAS_2024-25_Odisha.pdf,81,5.8,Til,til,9,Dhenkanal,0,Summer,area,ha,116,116,ok
2024-25,..\raw\earas\2024-25\Technical_Report_EARAS_2024-25_Odisha.pdf,81,5.8,Til,til,9,Dhenkanal,0,Summer,yield_rate,qtl/ha,3.33,3.33,ok
2024-25,..\raw\earas\2024-25\Technical_Report_EARAS_2024-25_Odisha.pdf,81,5.8,Til,til,9,Dhenkanal,0,Summer,production,qtl,386,386,ok
2024-25,..\raw\earas\2024-25\Technical_Report_EARAS_2024-25_Odisha.pdf,81,5.8,Til,til,9,Dhenkanal,0,Total,area,ha,635,635,ok
2024-25,..\raw\earas\2024-25\Technical_Report_EARAS_2024-25_Odisha.pdf,81,5.8,Til,til,9,Dhenkanal,0,Total,yield_rate,qtl/ha,3.45,3.45,ok
2024-25,..\raw\earas\2024-25\Technical_Report_EARAS_2024-25_Odisha.pdf,81,5.8,Til,til,9,Dhenkanal,0,Total,production,qtl,2190,2190,ok
2024-25,..\raw\earas\2024-25\Technical_Report_EARAS_2024-25_Odisha.pdf,81,5.8,Til,til,10,Gajapati,0,Autumn,area,ha,-,,dash
2024-25,..\raw\earas\2024-25\Technical_Report_EARAS_2024-25_Odisha.pdf,81,5.8,Til,til,10,Gajapati,0,Autumn,yield_rate,qtl/ha,-,,dash
2024-25,..\raw\earas\2024-25\Technical_Report_EARAS_2024-25_Odisha.pdf,81,5.8,Til,til,10,Gajapati,0,Autumn,production,qtl,-,,dash
2024-25,..\raw\earas\2024-25\Technical_Report_EARAS_2024-25_Odisha.pdf,81,5.8,Til,til,10,Gajapati,0,Winter,area,ha,-,,dash
2024-25,..\raw\earas\2024-25\Technical_Report_EARAS_2024-25_Odisha.pdf,81,5.8,Til,til,10,Gajapati,0,Winter,yield_rate,qtl/ha,-,,dash
2024-25,..\raw\earas\2024-25\Technical_Report_EARAS_2024-25_Odisha.pdf,81,5.8,Til,til,10,Gajapati,0,Winter,production,qtl,-,,dash
2024-25,..\raw\earas\2024-25\Technical_Report_EARAS_2024-25_Odisha.pdf,81,5.8,Til,til,10,Gajapati,0,Summer,area,ha,3295,3295,ok
2024-25,..\raw\earas\2024-25\Technical_Report_EARAS_2024-25_Odisha.pdf,81,5.8,Til,til,10,Gajapati,0,Summer,yield_rate,qtl/ha,2.50,2.50,ok
2024-25,..\raw\earas\2024-25\Technical_Report_EARAS_2024-25_Odisha.pdf,81,5.8,Til,til,10,Gajapati,0,Summer,production,qtl,8238,8238,ok
2024-25,..\raw\earas\2024-25\Technical_Report_EARAS_2024-25_Odisha.pdf,81,5.8,Til,til,10,Gajapati,0,Total,area,ha,3295,3295,ok
2024-25,..\raw\earas\2024-25\Technical_Report_EARAS_2024-25_Odisha.pdf,81,5.8,Til,til,10,Gajapati,0,Total,yield_rate,qtl/ha,2.50,2.50,ok
2024-25,..\raw\earas\2024-25\Technical_Report_EARAS_2024-25_Odisha.pdf,81,5.8,Til,til,10,Gajapati,0,Total,production,qtl,8238,8238,ok
2024-25,..\raw\earas\2024-25\Technical_Report_EARAS_2024-25_Odisha.pdf,81,5.8,Til,til,11,Ganjam,0,Autumn,area,ha,-,,dash
2024-25,..\raw\earas\2024-25\Technical_Report_EARAS_2024-25_Odisha.pdf,81,5.8,Til,til,11,Ganjam,0,Autumn,yield_rate,qtl/ha,-,,dash
2024-25,..\raw\earas\2024-25\Technical_Report_EARAS_2024-25_Odisha.pdf,81,5.8,Til,til,11,Ganjam,0,Autumn,production,qtl,-,,dash
2024-25,..\raw\earas\2024-25\Technical_Report_EARAS_2024-25_Odisha.pdf,81,5.8,Til,til,11,Ganjam,0,Winter,area,ha,-,,dash
2024-25,..\raw\earas\2024-25\Technical_Report_EARAS_2024-25_Odisha.pdf,81,5.8,Til,til,11,Ganjam,0,Winter,yield_rate,qtl/ha,-,,dash
2024-25,..\raw\earas\2024-25\Technical_Report_EARAS_2024-25_Odisha.pdf,81,5.8,Til,til,11,Ganjam,0,Winter,production,qtl,-,,dash
2024-25,..\raw\earas\2024-25\Technical_Report_EARAS_2024-25_Odisha.pdf,81,5.8,Til,til,11,Ganjam,0,Summer,area,ha,10165,10165,ok
2024-25,..\raw\earas\2024-25\Technical_Report_EARAS_2024-25_Odisha.pdf,81,5.8,Til,til,11,Ganjam,0,Summer,yield_rate,qtl/ha,2.24,2.24,ok
2024-25,..\raw\earas\2024-25\Technical_Report_EARAS_2024-25_Odisha.pdf,81,5.8,Til,til,11,Ganjam,0,Summer,production,qtl,22770,22770,ok
2024-25,..\raw\earas\2024-25\Technical_Report_EARAS_2024-25_Odisha.pdf,81,5.8,Til,til,11,Ganjam,0,Total,area,ha,10165,10165,ok
2024-25,..\raw\earas\2024-25\Technical_Report_EARAS_2024-25_Odisha.pdf,81,5.8,Til,til,11,Ganjam,0,Total,yield_rate,qtl/ha,2.24,2.24,ok
2024-25,..\raw\earas\2024-25\Technical_Report_EARAS_2024-25_Odisha.pdf,81,5.8,Til,til,11,Ganjam,0,Total,production,qtl,22770,22770,ok
2024-25,..\raw\earas\2024-25\Technical_Report_EARAS_2024-25_Odisha.pdf,81,5.8,Til,til,12,Jagatsinghpur,0,Autumn,area,ha,-,,dash
2024-25,..\raw\earas\2024-25\Technical_Report_EARAS_2024-25_Odisha.pdf,81,5.8,Til,til,12,Jagatsinghpur,0,Autumn,yield_rate,qtl/ha,-,,dash
2024-25,..\raw\earas\2024-25\Technical_Report_EARAS_2024-25_Odisha.pdf,81,5.8,Til,til,12,Jagatsinghpur,0,Autumn,production,qtl,-,,dash
2024-25,..\raw\earas\2024-25\Technical_Report_EARAS_2024-25_Odisha.pdf,81,5.8,Til,til,12,Jagatsinghpur,0,Winter,area,ha,-,,dash
2024-25,..\raw\earas\2024-25\Technical_Report_EARAS_2024-25_Odisha.pdf,81,5.8,Til,til,12,Jagatsinghpur,0,Winter,yield_rate,qtl/ha,-,,dash
2024-25,..\raw\earas\2024-25\Technical_Report_EARAS_2024-25_Odisha.pdf,81,5.8,Til,til,12,Jagatsinghpur,0,Winter,production,qtl,-,,dash
2024-25,..\raw\earas\2024-25\Technical_Report_EARAS_2024-25_Odisha.pdf,81,5.8,Til,til,12,Jagatsinghpur,0,Summer,area,ha,16,16,ok
2024-25,..\raw\earas\2024-25\Technical_Report_EARAS_2024-25_Odisha.pdf,81,5.8,Til,til,12,Jagatsinghpur,0,Summer,yield_rate,qtl/ha,5.47,5.47,ok
2024-25,..\raw\earas\2024-25\Technical_Report_EARAS_2024-25_Odisha.pdf,81,5.8,Til,til,12,Jagatsinghpur,0,Summer,production,qtl,88,88,ok
2024-25,..\raw\earas\2024-25\Technical_Report_EARAS_2024-25_Odisha.pdf,81,5.8,Til,til,12,Jagatsinghpur,0,Total,area,ha,16,16,ok
2024-25,..\raw\earas\2024-25\Technical_Report_EARAS_2024-25_Odisha.pdf,81,5.8,Til,til,12,Jagatsinghpur,0,Total,yield_rate,qtl/ha,5.50,5.50,ok
2024-25,..\raw\earas\2024-25\Technical_Report_EARAS_2024-25_Odisha.pdf,81,5.8,Til,til,12,Jagatsinghpur,0,Total,production,qtl,88,88,ok
2024-25,..\raw\earas\2024-25\Technical_Report_EARAS_2024-25_Odisha.pdf,81,5.8,Til,til,13,Jajpur,0,Autumn,area,ha,7,7,ok
2024-25,..\raw\earas\2024-25\Technical_Report_EARAS_2024-25_Odisha.pdf,81,5.8,Til,til,13,Jajpur,0,Autumn,yield_rate,qtl/ha,1.12,1.12,ok
2024-25,..\raw\earas\2024-25\Technical_Report_EARAS_2024-25_Odisha.pdf,81,5.8,Til,til,13,Jajpur,0,Autumn,production,qtl,8,8,ok
2024-25,..\raw\earas\2024-25\Technical_Report_EARAS_2024-25_Odisha.pdf,81,5.8,Til,til,13,Jajpur,0,Winter,area,ha,-,,dash
2024-25,..\raw\earas\2024-25\Technical_Report_EARAS_2024-25_Odisha.pdf,81,5.8,Til,til,13,Jajpur,0,Winter,yield_rate,qtl/ha,-,,dash
2024-25,..\raw\earas\2024-25\Technical_Report_EARAS_2024-25_Odisha.pdf,81,5.8,Til,til,13,Jajpur,0,Winter,production,qtl,-,,dash
2024-25,..\raw\earas\2024-25\Technical_Report_EARAS_2024-25_Odisha.pdf,81,5.8,Til,til,13,Jajpur,0,Summer,area,ha,-,,dash
2024-25,..\raw\earas\2024-25\Technical_Report_EARAS_2024-25_Odisha.pdf,81,5.8,Til,til,13,Jajpur,0,Summer,yield_rate,qtl/ha,-,,dash
2024-25,..\raw\earas\2024-25\Technical_Report_EARAS_2024-25_Odisha.pdf,81,5.8,Til,til,13,Jajpur,0,Summer,production,qtl,-,,dash
2024-25,..\raw\earas\2024-25\Technical_Report_EARAS_2024-25_Odisha.pdf,81,5.8,Til,til,13,Jajpur,0,Total,area,ha,7,7,ok
2024-25,..\raw\earas\2024-25\Technical_Report_EARAS_2024-25_Odisha.pdf,81,5.8,Til,til,13,Jajpur,0,Total,yield_rate,qtl/ha,1.14,1.14,ok
2024-25,..\raw\earas\2024-25\Technical_Report_EARAS_2024-25_Odisha.pdf,81,5.8,Til,til,13,Jajpur,0,Total,production,qtl,8,8,ok
2024-25,..\raw\earas\2024-25\Technical_Report_EARAS_2024-25_Odisha.pdf,81,5.8,Til,til,14,Jharsuguda,0,Autumn,area,ha,-,,dash
2024-25,..\raw\earas\2024-25\Technical_Report_EARAS_2024-25_Odisha.pdf,81,5.8,Til,til,14,Jharsuguda,0,Autumn,yield_rate,qtl/ha,-,,dash
2024-25,..\raw\earas\2024-25\Technical_Report_EARAS_2024-25_Odisha.pdf,81,5.8,Til,til,14,Jharsuguda,0,Autumn,production,qtl,-,,dash
2024-25,..\raw\earas\2024-25\Technical_Report_EARAS_2024-25_Odisha.pdf,81,5.8,Til,til,14,Jharsuguda,0,Winter,area,ha,789,789,ok
2024-25,..\raw\earas\2024-25\Technical_Report_EARAS_2024-25_Odisha.pdf,81,5.8,Til,til,14,Jharsuguda,0,Winter,yield_rate,qtl/ha,2.96,2.96,ok
2024-25,..\raw\earas\2024-25\Technical_Report_EARAS_2024-25_Odisha.pdf,81,5.8,Til,til,14,Jharsuguda,0,Winter,production,qtl,2335,2335,ok
2024-25,..\raw\earas\2024-25\Technical_Report_EARAS_2024-25_Odisha.pdf,81,5.8,Til,til,14,Jharsuguda,0,Summer,area,ha,4,4,ok
2024-25,..\raw\earas\2024-25\Technical_Report_EARAS_2024-25_Odisha.pdf,81,5.8,Til,til,14,Jharsuguda,0,Summer,yield_rate,qtl/ha,2.57,2.57,ok
2024-25,..\raw\earas\2024-25\Technical_Report_EARAS_2024-25_Odisha.pdf,81,5.8,Til,til,14,Jharsuguda,0,Summer,production,qtl,10,10,ok
2024-25,..\raw\earas\2024-25\Technical_Report_EARAS_2024-25_Odisha.pdf,81,5.8,Til,til,14,Jharsuguda,0,Total,area,ha,793,793,ok
2024-25,..\raw\earas\2024-25\Technical_Report_EARAS_2024-25_Odisha.pdf,81,5.8,Til,til,14,Jharsuguda,0,Total,yield_rate,qtl/ha,2.96,2.96,ok
2024-25,..\raw\earas\2024-25\Technical_Report_EARAS_2024-25_Odisha.pdf,81,5.8,Til,til,14,Jharsuguda,0,Total,production,qtl,2345,2345,ok
2024-25,..\raw\earas\2024-25\Technical_Report_EARAS_2024-25_Odisha.pdf,81,5.8,Til,til,15,Kalahandi,0,Autumn,area,ha,-,,dash
2024-25,..\raw\earas\2024-25\Technical_Report_EARAS_2024-25_Odisha.pdf,81,5.8,Til,til,15,Kalahandi,0,Autumn,yield_rate,qtl/ha,-,,dash
2024-25,..\raw\earas\2024-25\Technical_Report_EARAS_2024-25_Odisha.pdf,81,5.8,Til,til,15,Kalahandi,0,Autumn,production,qtl,-,,dash
2024-25,..\raw\earas\2024-25\Technical_Report_EARAS_2024-25_Odisha.pdf,81,5.8,Til,til,15,Kalahandi,0,Winter,area,ha,24,24,ok
2024-25,..\raw\earas\2024-25\Technical_Report_EARAS_2024-25_Odisha.pdf,81,5.8,Til,til,15,Kalahandi,0,Winter,yield_rate,qtl/ha,2.66,2.66,ok
2024-25,..\raw\earas\2024-25\Technical_Report_EARAS_2024-25_Odisha.pdf,81,5.8,Til,til,15,Kalahandi,0,Winter,production,qtl,64,64,ok
2024-25,..\raw\earas\2024-25\Technical_Report_EARAS_2024-25_Odisha.pdf,81,5.8,Til,til,15,Kalahandi,0,Summer,area,ha,-,,dash
2024-25,..\raw\earas\2024-25\Technical_Report_EARAS_2024-25_Odisha.pdf,81,5.8,Til,til,15,Kalahandi,0,Summer,yield_rate,qtl/ha,-,,dash
2024-25,..\raw\earas\2024-25\Technical_Report_EARAS_2024-25_Odisha.pdf,81,5.8,Til,til,15,Kalahandi,0,Summer,production,qtl,-,,dash
2024-25,..\raw\earas\2024-25\Technical_Report_EARAS_2024-25_Odisha.pdf,81,5.8,Til,til,15,Kalahandi,0,Total,area,ha,24,24,ok
2024-25,..\raw\earas\2024-25\Technical_Report_EARAS_2024-25_Odisha.pdf,81,5.8,Til,til,15,Kalahandi,0,Total,yield_rate,qtl/ha,2.67,2.67,ok
2024-25,..\raw\earas\2024-25\Technical_Report_EARAS_2024-25_Odisha.pdf,81,5.8,Til,til,15,Kalahandi,0,Total,production,qtl,64,64,ok
2024-25,..\raw\earas\2024-25\Technical_Report_EARAS_2024-25_Odisha.pdf,81,5.8,Til,til,16,Kandhamal,0,Autumn,area,ha,-,,dash
2024-25,..\raw\earas\2024-25\Technical_Report_EARAS_2024-25_Odisha.pdf,81,5.8,Til,til,16,Kandhamal,0,Autumn,yield_rate,qtl/ha,-,,dash
2024-25,..\raw\earas\2024-25\Technical_Report_EARAS_2024-25_Odisha.pdf,81,5.8,Til,til,16,Kandhamal,0,Autumn,production,qtl,-,,dash
2024-25,..\raw\earas\2024-25\Technical_Report_EARAS_2024-25_Odisha.pdf,81,5.8,Til,til,16,Kandhamal,0,Winter,area,ha,4,4,ok
2024-25,..\raw\earas\2024-25\Technical_Report_EARAS_2024-25_Odisha.pdf,81,5.8,Til,til,16,Kandhamal,0,Winter,yield_rate,qtl/ha,2.48,2.48,ok
2024-25,..\raw\earas\2024-25\Technical_Report_EARAS_2024-25_Odisha.pdf,81,5.8,Til,til,16,Kandhamal,0,Winter,production,qtl,10,10,ok
2024-25,..\raw\earas\2024-25\Technical_Report_EARAS_2024-25_Odisha.pdf,81,5.8,Til,til,16,Kandhamal,0,Summer,area,ha,-,,dash
2024-25,..\raw\earas\2024-25\Technical_Report_EARAS_2024-25_Odisha.pdf,81,5.8,Til,til,16,Kandhamal,0,Summer,yield_rate,qtl/ha,-,,dash
2024-25,..\raw\earas\2024-25\Technical_Report_EARAS_2024-25_Odisha.pdf,81,5.8,Til,til,16,Kandhamal,0,Summer,production,qtl,-,,dash
2024-25,..\raw\earas\2024-25\Technical_Report_EARAS_2024-25_Odisha.pdf,81,5.8,Til,til,16,Kandhamal,0,Total,area,ha,4,4,ok
2024-25,..\raw\earas\2024-25\Technical_Report_EARAS_2024-25_Odisha.pdf,81,5.8,Til,til,16,Kandhamal,0,Total,yield_rate,qtl/ha,2.50,2.50,ok
2024-25,..\raw\earas\2024-25\Technical_Report_EARAS_2024-25_Odisha.pdf,81,5.8,Til,til,16,Kandhamal,0,Total,production,qtl,10,10,ok
2024-25,..\raw\earas\2024-25\Technical_Report_EARAS_2024-25_Odisha.pdf,81,5.8,Til,til,17,Kendrapada,0,Autumn,area,ha,-,,dash
2024-25,..\raw\earas\2024-25\Technical_Report_EARAS_2024-25_Odisha.pdf,81,5.8,Til,til,17,Kendrapada,0,Autumn,yield_rate,qtl/ha,-,,dash
2024-25,..\raw\earas\2024-25\Technical_Report_EARAS_2024-25_Odisha.pdf,81,5.8,Til,til,17,Kendrapada,0,Autumn,production,qtl,-,,dash
2024-25,..\raw\earas\2024-25\Technical_Report_EARAS_2024-25_Odisha.pdf,81,5.8,Til,til,17,Kendrapada,0,Winter,area,ha,-,,dash
2024-25,..\raw\earas\2024-25\Technical_Report_EARAS_2024-25_Odisha.pdf,81,5.8,Til,til,17,Kendrapada,0,Winter,yield_rate,qtl/ha,-,,dash
2024-25,..\raw\earas\2024-25\Technical_Report_EARAS_2024-25_Odisha.pdf,81,5.8,Til,til,17,Kendrapada,0,Winter,production,qtl,-,,dash
2024-25,..\raw\earas\2024-25\Technical_Report_EARAS_2024-25_Odisha.pdf,81,5.8,Til,til,17,Kendrapada,0,Summer,area,ha,18,18,ok
2024-25,..\raw\earas\2024-25\Technical_Report_EARAS_2024-25_Odisha.pdf,81,5.8,Til,til,17,Kendrapada,0,Summer,yield_rate,qtl/ha,3.40,3.40,ok
2024-25,..\raw\earas\2024-25\Technical_Report_EARAS_2024-25_Odisha.pdf,81,5.8,Til,til,17,Kendrapada,0,Summer,production,qtl,61,61,ok
2024-25,..\raw\earas\2024-25\Technical_Report_EARAS_2024-25_Odisha.pdf,81,5.8,Til,til,17,Kendrapada,0,Total,area,ha,18,18,ok
2024-25,..\raw\earas\2024-25\Technical_Report_EARAS_2024-25_Odisha.pdf,81,5.8,Til,til,17,Kendrapada,0,Total,yield_rate,qtl/ha,3.39,3.39,ok
2024-25,..\raw\earas\2024-25\Technical_Report_EARAS_2024-25_Odisha.pdf,81,5.8,Til,til,17,Kendrapada,0,Total,production,qtl,61,61,ok
2024-25,..\raw\earas\2024-25\Technical_Report_EARAS_2024-25_Odisha.pdf,81,5.8,Til,til,18,Keonjhar,0,Autumn,area,ha,278,278,ok
2024-25,..\raw\earas\2024-25\Technical_Report_EARAS_2024-25_Odisha.pdf,81,5.8,Til,til,18,Keonjhar,0,Autumn,yield_rate,qtl/ha,3.79,3.79,ok
2024-25,..\raw\earas\2024-25\Technical_Report_EARAS_2024-25_Odisha.pdf,81,5.8,Til,til,18,Keonjhar,0,Autumn,production,qtl,1054,1054,ok
2024-25,..\raw\earas\2024-25\Technical_Report_EARAS_2024-25_Odisha.pdf,81,5.8,Til,til,18,Keonjhar,0,Winter,area,ha,136,136,ok
2024-25,..\raw\earas\2024-25\Technical_Report_EARAS_2024-25_Odisha.pdf,81,5.8,Til,til,18,Keonjhar,0,Winter,yield_rate,qtl/ha,1.79,1.79,ok
2024-25,..\raw\earas\2024-25\Technical_Report_EARAS_2024-25_Odisha.pdf,81,5.8,Til,til,18,Keonjhar,0,Winter,production,qtl,243,243,ok
2024-25,..\raw\earas\2024-25\Technical_Report_EARAS_2024-25_Odisha.pdf,81,5.8,Til,til,18,Keonjhar,0,Summer,area,ha,20,20,ok
2024-25,..\raw\earas\2024-25\Technical_Report_EARAS_2024-25_Odisha.pdf,81,5.8,Til,til,18,Keonjhar,0,Summer,yield_rate,qtl/ha,3.92,3.92,ok
2024-25,..\raw\earas\2024-25\Technical_Report_EARAS_2024-25_Odisha.pdf,81,5.8,Til,til,18,Keonjhar,0,Summer,production,qtl,78,78,ok
2024-25,..\raw\earas\2024-25\Technical_Report_EARAS_2024-25_Odisha.pdf,81,5.8,Til,til,18,Keonjhar,0,Total,area,ha,434,434,ok
2024-25,..\raw\earas\2024-25\Technical_Report_EARAS_2024-25_Odisha.pdf,81,5.8,Til,til,18,Keonjhar,0,Total,yield_rate,qtl/ha,3.17,3.17,ok
2024-25,..\raw\earas\2024-25\Technical_Report_EARAS_2024-25_Odisha.pdf,81,5.8,Til,til,18,Keonjhar,0,Total,production,qtl,1375,1375,ok
2024-25,..\raw\earas\2024-25\Technical_Report_EARAS_2024-25_Odisha.pdf,81,5.8,Til,til,19,Khurda,0,Autumn,area,ha,-,,dash
2024-25,..\raw\earas\2024-25\Technical_Report_EARAS_2024-25_Odisha.pdf,81,5.8,Til,til,19,Khurda,0,Autumn,yield_rate,qtl/ha,-,,dash
2024-25,..\raw\earas\2024-25\Technical_Report_EARAS_2024-25_Odisha.pdf,81,5.8,Til,til,19,Khurda,0,Autumn,production,qtl,-,,dash
2024-25,..\raw\earas\2024-25\Technical_Report_EARAS_2024-25_Odisha.pdf,81,5.8,Til,til,19,Khurda,0,Winter,area,ha,3,3,ok
2024-25,..\raw\earas\2024-25\Technical_Report_EARAS_2024-25_Odisha.pdf,81,5.8,Til,til,19,Khurda,0,Winter,yield_rate,qtl/ha,4.21,4.21,ok
2024-25,..\raw\earas\2024-25\Technical_Report_EARAS_2024-25_Odisha.pdf,81,5.8,Til,til,19,Khurda,0,Winter,production,qtl,13,13,ok
2024-25,..\raw\earas\2024-25\Technical_Report_EARAS_2024-25_Odisha.pdf,81,5.8,Til,til,19,Khurda,0,Summer,area,ha,242,242,ok
2024-25,..\raw\earas\2024-25\Technical_Report_EARAS_2024-25_Odisha.pdf,81,5.8,Til,til,19,Khurda,0,Summer,yield_rate,qtl/ha,4.13,4.13,ok
2024-25,..\raw\earas\2024-25\Technical_Report_EARAS_2024-25_Odisha.pdf,81,5.8,Til,til,19,Khurda,0,Summer,production,qtl,999,999,ok
2024-25,..\raw\earas\2024-25\Technical_Report_EARAS_2024-25_Odisha.pdf,81,5.8,Til,til,19,Khurda,0,Total,area,ha,245,245,ok
2024-25,..\raw\earas\2024-25\Technical_Report_EARAS_2024-25_Odisha.pdf,81,5.8,Til,til,19,Khurda,0,Total,yield_rate,qtl/ha,4.13,4.13,ok
2024-25,..\raw\earas\2024-25\Technical_Report_EARAS_2024-25_Odisha.pdf,81,5.8,Til,til,19,Khurda,0,Total,production,qtl,1012,1012,ok
2024-25,..\raw\earas\2024-25\Technical_Report_EARAS_2024-25_Odisha.pdf,81,5.8,Til,til,20,Koraput,0,Autumn,area,ha,-,,dash
2024-25,..\raw\earas\2024-25\Technical_Report_EARAS_2024-25_Odisha.pdf,81,5.8,Til,til,20,Koraput,0,Autumn,yield_rate,qtl/ha,-,,dash
2024-25,..\raw\earas\2024-25\Technical_Report_EARAS_2024-25_Odisha.pdf,81,5.8,Til,til,20,Koraput,0,Autumn,production,qtl,-,,dash
2024-25,..\raw\earas\2024-25\Technical_Report_EARAS_2024-25_Odisha.pdf,81,5.8,Til,til,20,Koraput,0,Winter,area,ha,4,4,ok
2024-25,..\raw\earas\2024-25\Technical_Report_EARAS_2024-25_Odisha.pdf,81,5.8,Til,til,20,Koraput,0,Winter,yield_rate,qtl/ha,1.23,1.23,ok
2024-25,..\raw\earas\2024-25\Technical_Report_EARAS_2024-25_Odisha.pdf,81,5.8,Til,til,20,Koraput,0,Winter,production,qtl,5,5,ok
2024-25,..\raw\earas\2024-25\Technical_Report_EARAS_2024-25_Odisha.pdf,81,5.8,Til,til,20,Koraput,0,Summer,area,ha,-,,dash
2024-25,..\raw\earas\2024-25\Technical_Report_EARAS_2024-25_Odisha.pdf,81,5.8,Til,til,20,Koraput,0,Summer,yield_rate,qtl/ha,-,,dash
2024-25,..\raw\earas\2024-25\Technical_Report_EARAS_2024-25_Odisha.pdf,81,5.8,Til,til,20,Koraput,0,Summer,production,qtl,-,,dash
2024-25,..\raw\earas\2024-25\Technical_Report_EARAS_2024-25_Odisha.pdf,81,5.8,Til,til,20,Koraput,0,Total,area,ha,4,4,ok
2024-25,..\raw\earas\2024-25\Technical_Report_EARAS_2024-25_Odisha.pdf,81,5.8,Til,til,20,Koraput,0,Total,yield_rate,qtl/ha,1.25,1.25,ok
2024-25,..\raw\earas\2024-25\Technical_Report_EARAS_2024-25_Odisha.pdf,81,5.8,Til,til,20,Koraput,0,Total,production,qtl,5,5,ok
2024-25,..\raw\earas\2024-25\Technical_Report_EARAS_2024-25_Odisha.pdf,81,5.8,Til,til,21,Malkangiri,0,Autumn,area,ha,-,,dash
2024-25,..\raw\earas\2024-25\Technical_Report_EARAS_2024-25_Odisha.pdf,81,5.8,Til,til,21,Malkangiri,0,Autumn,yield_rate,qtl/ha,-,,dash
2024-25,..\raw\earas\2024-25\Technical_Report_EARAS_2024-25_Odisha.pdf,81,5.8,Til,til,21,Malkangiri,0,Autumn,production,qtl,-,,dash
2024-25,..\raw\earas\2024-25\Technical_Report_EARAS_2024-25_Odisha.pdf,81,5.8,Til,til,21,Malkangiri,0,Winter,area,ha,4516,4516,ok
2024-25,..\raw\earas\2024-25\Technical_Report_EARAS_2024-25_Odisha.pdf,81,5.8,Til,til,21,Malkangiri,0,Winter,yield_rate,qtl/ha,3.13,3.13,ok
2024-25,..\raw\earas\2024-25\Technical_Report_EARAS_2024-25_Odisha.pdf,81,5.8,Til,til,21,Malkangiri,0,Winter,production,qtl,14135,14135,ok
2024-25,..\raw\earas\2024-25\Technical_Report_EARAS_2024-25_Odisha.pdf,81,5.8,Til,til,21,Malkangiri,0,Summer,area,ha,-,,dash
2024-25,..\raw\earas\2024-25\Technical_Report_EARAS_2024-25_Odisha.pdf,81,5.8,Til,til,21,Malkangiri,0,Summer,yield_rate,qtl/ha,-,,dash
2024-25,..\raw\earas\2024-25\Technical_Report_EARAS_2024-25_Odisha.pdf,81,5.8,Til,til,21,Malkangiri,0,Summer,production,qtl,-,,dash
2024-25,..\raw\earas\2024-25\Technical_Report_EARAS_2024-25_Odisha.pdf,81,5.8,Til,til,21,Malkangiri,0,Total,area,ha,4516,4516,ok
2024-25,..\raw\earas\2024-25\Technical_Report_EARAS_2024-25_Odisha.pdf,81,5.8,Til,til,21,Malkangiri,0,Total,yield_rate,qtl/ha,3.13,3.13,ok
2024-25,..\raw\earas\2024-25\Technical_Report_EARAS_2024-25_Odisha.pdf,81,5.8,Til,til,21,Malkangiri,0,Total,production,qtl,14135,14135,ok
2024-25,..\raw\earas\2024-25\Technical_Report_EARAS_2024-25_Odisha.pdf,81,5.8,Til,til,22,Mayurbhanja,0,Autumn,area,ha,17,17,ok
2024-25,..\raw\earas\2024-25\Technical_Report_EARAS_2024-25_Odisha.pdf,81,5.8,Til,til,22,Mayurbhanja,0,Autumn,yield_rate,qtl/ha,4.08,4.08,ok
2024-25,..\raw\earas\2024-25\Technical_Report_EARAS_2024-25_Odisha.pdf,81,5.8,Til,til,22,Mayurbhanja,0,Autumn,production,qtl,69,69,ok
2024-25,..\raw\earas\2024-25\Technical_Report_EARAS_2024-25_Odisha.pdf,81,5.8,Til,til,22,Mayurbhanja,0,Winter,area,ha,11,11,ok
2024-25,..\raw\earas\2024-25\Technical_Report_EARAS_2024-25_Odisha.pdf,81,5.8,Til,til,22,Mayurbhanja,0,Winter,yield_rate,qtl/ha,4.67,4.67,ok
2024-25,..\raw\earas\2024-25\Technical_Report_EARAS_2024-25_Odisha.pdf,81,5.8,Til,til,22,Mayurbhanja,0,Winter,production,qtl,51,51,ok
2024-25,..\raw\earas\2024-25\Technical_Report_EARAS_2024-25_Odisha.pdf,81,5.8,Til,til,22,Mayurbhanja,0,Summer,area,ha,261,261,ok
2024-25,..\raw\earas\2024-25\Technical_Report_EARAS_2024-25_Odisha.pdf,81,5.8,Til,til,22,Mayurbhanja,0,Summer,yield_rate,qtl/ha,3.28,3.28,ok
2024-25,..\raw\earas\2024-25\Technical_Report_EARAS_2024-25_Odisha.pdf,81,5.8,Til,til,22,Mayurbhanja,0,Summer,production,qtl,856,856,ok
2024-25,..\raw\earas\2024-25\Technical_Report_EARAS_2024-25_Odisha.pdf,81,5.8,Til,til,22,Mayurbhanja,0,Total,area,ha,289,289,ok
2024-25,..\raw\earas\2024-25\Technical_Report_EARAS_2024-25_Odisha.pdf,81,5.8,Til,til,22,Mayurbhanja,0,Total,yield_rate,qtl/ha,3.38,3.38,ok
2024-25,..\raw\earas\2024-25\Technical_Report_EARAS_2024-25_Odisha.pdf,81,5.8,Til,til,22,Mayurbhanja,0,Total,production,qtl,976,976,ok
2024-25,..\raw\earas\2024-25\Technical_Report_EARAS_2024-25_Odisha.pdf,81,5.8,Til,til,23,Nuapada,0,Autumn,area,ha,599,599,ok
2024-25,..\raw\earas\2024-25\Technical_Report_EARAS_2024-25_Odisha.pdf,81,5.8,Til,til,23,Nuapada,0,Autumn,yield_rate,qtl/ha,1.48,1.48,ok
2024-25,..\raw\earas\2024-25\Technical_Report_EARAS_2024-25_Odisha.pdf,81,5.8,Til,til,23,Nuapada,0,Autumn,production,qtl,887,887,ok
2024-25,..\raw\earas\2024-25\Technical_Report_EARAS_2024-25_Odisha.pdf,81,5.8,Til,til,23,Nuapada,0,Winter,area,ha,-,,dash
2024-25,..\raw\earas\2024-25\Technical_Report_EARAS_2024-25_Odisha.pdf,81,5.8,Til,til,23,Nuapada,0,Winter,yield_rate,qtl/ha,-,,dash
2024-25,..\raw\earas\2024-25\Technical_Report_EARAS_2024-25_Odisha.pdf,81,5.8,Til,til,23,Nuapada,0,Winter,production,qtl,-,,dash
2024-25,..\raw\earas\2024-25\Technical_Report_EARAS_2024-25_Odisha.pdf,81,5.8,Til,til,23,Nuapada,0,Summer,area,ha,5,5,ok
2024-25,..\raw\earas\2024-25\Technical_Report_EARAS_2024-25_Odisha.pdf,81,5.8,Til,til,23,Nuapada,0,Summer,yield_rate,qtl/ha,3.18,3.18,ok
2024-25,..\raw\earas\2024-25\Technical_Report_EARAS_2024-25_Odisha.pdf,81,5.8,Til,til,23,Nuapada,0,Summer,production,qtl,16,16,ok
2024-25,..\raw\earas\2024-25\Technical_Report_EARAS_2024-25_Odisha.pdf,81,5.8,Til,til,23,Nuapada,0,Total,area,ha,604,604,ok
2024-25,..\raw\earas\2024-25\Technical_Report_EARAS_2024-25_Odisha.pdf,81,5.8,Til,til,23,Nuapada,0,Total,yield_rate,qtl/ha,1.50,1.50,ok
2024-25,..\raw\earas\2024-25\Technical_Report_EARAS_2024-25_Odisha.pdf,81,5.8,Til,til,23,Nuapada,0,Total,production,qtl,903,903,ok
2024-25,..\raw\earas\2024-25\Technical_Report_EARAS_2024-25_Odisha.pdf,81,5.8,Til,til,24,Nayagada,0,Autumn,area,ha,S,,below_half_unit
2024-25,..\raw\earas\2024-25\Technical_Report_EARAS_2024-25_Odisha.pdf,81,5.8,Til,til,24,Nayagada,0,Autumn,yield_rate,qtl/ha,3.61,3.61,ok
2024-25,..\raw\earas\2024-25\Technical_Report_EARAS_2024-25_Odisha.pdf,81,5.8,Til,til,24,Nayagada,0,Autumn,production,qtl,-,,dash
2024-25,..\raw\earas\2024-25\Technical_Report_EARAS_2024-25_Odisha.pdf,81,5.8,Til,til,24,Nayagada,0,Winter,area,ha,61,61,ok
2024-25,..\raw\earas\2024-25\Technical_Report_EARAS_2024-25_Odisha.pdf,81,5.8,Til,til,24,Nayagada,0,Winter,yield_rate,qtl/ha,2.44,2.44,ok
2024-25,..\raw\earas\2024-25\Technical_Report_EARAS_2024-25_Odisha.pdf,81,5.8,Til,til,24,Nayagada,0,Winter,production,qtl,149,149,ok
2024-25,..\raw\earas\2024-25\Technical_Report_EARAS_2024-25_Odisha.pdf,81,5.8,Til,til,24,Nayagada,0,Summer,area,ha,130,130,ok
2024-25,..\raw\earas\2024-25\Technical_Report_EARAS_2024-25_Odisha.pdf,81,5.8,Til,til,24,Nayagada,0,Summer,yield_rate,qtl/ha,2.59,2.59,ok
2024-25,..\raw\earas\2024-25\Technical_Report_EARAS_2024-25_Odisha.pdf,81,5.8,Til,til,24,Nayagada,0,Summer,production,qtl,337,337,ok
2024-25,..\raw\earas\2024-25\Technical_Report_EARAS_2024-25_Odisha.pdf,81,5.8,Til,til,24,Nayagada,0,Total,area,ha,191,191,ok
2024-25,..\raw\earas\2024-25\Technical_Report_EARAS_2024-25_Odisha.pdf,81,5.8,Til,til,24,Nayagada,0,Total,yield_rate,qtl/ha,2.54,2.54,ok
2024-25,..\raw\earas\2024-25\Technical_Report_EARAS_2024-25_Odisha.pdf,81,5.8,Til,til,24,Nayagada,0,Total,production,qtl,486,486,ok
2024-25,..\raw\earas\2024-25\Technical_Report_EARAS_2024-25_Odisha.pdf,81,5.8,Til,til,25,Nawarangpur,0,Autumn,area,ha,-,,dash
2024-25,..\raw\earas\2024-25\Technical_Report_EARAS_2024-25_Odisha.pdf,81,5.8,Til,til,25,Nawarangpur,0,Autumn,yield_rate,qtl/ha,-,,dash
2024-25,..\raw\earas\2024-25\Technical_Report_EARAS_2024-25_Odisha.pdf,81,5.8,Til,til,25,Nawarangpur,0,Autumn,production,qtl,-,,dash
2024-25,..\raw\earas\2024-25\Technical_Report_EARAS_2024-25_Odisha.pdf,81,5.8,Til,til,25,Nawarangpur,0,Winter,area,ha,-,,dash
2024-25,..\raw\earas\2024-25\Technical_Report_EARAS_2024-25_Odisha.pdf,81,5.8,Til,til,25,Nawarangpur,0,Winter,yield_rate,qtl/ha,-,,dash
2024-25,..\raw\earas\2024-25\Technical_Report_EARAS_2024-25_Odisha.pdf,81,5.8,Til,til,25,Nawarangpur,0,Winter,production,qtl,-,,dash
2024-25,..\raw\earas\2024-25\Technical_Report_EARAS_2024-25_Odisha.pdf,81,5.8,Til,til,25,Nawarangpur,0,Summer,area,ha,-,,dash
2024-25,..\raw\earas\2024-25\Technical_Report_EARAS_2024-25_Odisha.pdf,81,5.8,Til,til,25,Nawarangpur,0,Summer,yield_rate,qtl/ha,-,,dash
2024-25,..\raw\earas\2024-25\Technical_Report_EARAS_2024-25_Odisha.pdf,81,5.8,Til,til,25,Nawarangpur,0,Summer,production,qtl,-,,dash
2024-25,..\raw\earas\2024-25\Technical_Report_EARAS_2024-25_Odisha.pdf,81,5.8,Til,til,25,Nawarangpur,0,Total,area,ha,-,,dash
2024-25,..\raw\earas\2024-25\Technical_Report_EARAS_2024-25_Odisha.pdf,81,5.8,Til,til,25,Nawarangpur,0,Total,yield_rate,qtl/ha,-,,dash
2024-25,..\raw\earas\2024-25\Technical_Report_EARAS_2024-25_Odisha.pdf,81,5.8,Til,til,25,Nawarangpur,0,Total,production,qtl,-,,dash
2024-25,..\raw\earas\2024-25\Technical_Report_EARAS_2024-25_Odisha.pdf,81,5.8,Til,til,26,Puri,0,Autumn,area,ha,-,,dash
2024-25,..\raw\earas\2024-25\Technical_Report_EARAS_2024-25_Odisha.pdf,81,5.8,Til,til,26,Puri,0,Autumn,yield_rate,qtl/ha,-,,dash
2024-25,..\raw\earas\2024-25\Technical_Report_EARAS_2024-25_Odisha.pdf,81,5.8,Til,til,26,Puri,0,Autumn,production,qtl,-,,dash
2024-25,..\raw\earas\2024-25\Technical_Report_EARAS_2024-25_Odisha.pdf,81,5.8,Til,til,26,Puri,0,Winter,area,ha,-,,dash
2024-25,..\raw\earas\2024-25\Technical_Report_EARAS_2024-25_Odisha.pdf,81,5.8,Til,til,26,Puri,0,Winter,yield_rate,qtl/ha,-,,dash
2024-25,..\raw\earas\2024-25\Technical_Report_EARAS_2024-25_Odisha.pdf,81,5.8,Til,til,26,Puri,0,Winter,production,qtl,-,,dash
2024-25,..\raw\earas\2024-25\Technical_Report_EARAS_2024-25_Odisha.pdf,81,5.8,Til,til,26,Puri,0,Summer,area,ha,157,157,ok
2024-25,..\raw\earas\2024-25\Technical_Report_EARAS_2024-25_Odisha.pdf,81,5.8,Til,til,26,Puri,0,Summer,yield_rate,qtl/ha,3.71,3.71,ok
2024-25,..\raw\earas\2024-25\Technical_Report_EARAS_2024-25_Odisha.pdf,81,5.8,Til,til,26,Puri,0,Summer,production,qtl,582,582,ok
2024-25,..\raw\earas\2024-25\Technical_Report_EARAS_2024-25_Odisha.pdf,81,5.8,Til,til,26,Puri,0,Total,area,ha,157,157,ok
2024-25,..\raw\earas\2024-25\Technical_Report_EARAS_2024-25_Odisha.pdf,81,5.8,Til,til,26,Puri,0,Total,yield_rate,qtl/ha,3.71,3.71,ok
2024-25,..\raw\earas\2024-25\Technical_Report_EARAS_2024-25_Odisha.pdf,81,5.8,Til,til,26,Puri,0,Total,production,qtl,582,582,ok
2024-25,..\raw\earas\2024-25\Technical_Report_EARAS_2024-25_Odisha.pdf,81,5.8,Til,til,27,Raygada,0,Autumn,area,ha,-,,dash
2024-25,..\raw\earas\2024-25\Technical_Report_EARAS_2024-25_Odisha.pdf,81,5.8,Til,til,27,Raygada,0,Autumn,yield_rate,qtl/ha,-,,dash
2024-25,..\raw\earas\2024-25\Technical_Report_EARAS_2024-25_Odisha.pdf,81,5.8,Til,til,27,Raygada,0,Autumn,production,qtl,-,,dash
2024-25,..\raw\earas\2024-25\Technical_Report_EARAS_2024-25_Odisha.pdf,81,5.8,Til,til,27,Raygada,0,Winter,area,ha,742,742,ok
2024-25,..\raw\earas\2024-25\Technical_Report_EARAS_2024-25_Odisha.pdf,81,5.8,Til,til,27,Raygada,0,Winter,yield_rate,qtl/ha,2.64,2.64,ok
2024-25,..\raw\earas\2024-25\Technical_Report_EARAS_2024-25_Odisha.pdf,81,5.8,Til,til,27,Raygada,0,Winter,production,qtl,1959,1959,ok
2024-25,..\raw\earas\2024-25\Technical_Report_EARAS_2024-25_Odisha.pdf,81,5.8,Til,til,27,Raygada,0,Summer,area,ha,249,249,ok
2024-25,..\raw\earas\2024-25\Technical_Report_EARAS_2024-25_Odisha.pdf,81,5.8,Til,til,27,Raygada,0,Summer,yield_rate,qtl/ha,3.11,3.11,ok
2024-25,..\raw\earas\2024-25\Technical_Report_EARAS_2024-25_Odisha.pdf,81,5.8,Til,til,27,Raygada,0,Summer,production,qtl,774,774,ok
2024-25,..\raw\earas\2024-25\Technical_Report_EARAS_2024-25_Odisha.pdf,81,5.8,Til,til,27,Raygada,0,Total,area,ha,991,991,ok
2024-25,..\raw\earas\2024-25\Technical_Report_EARAS_2024-25_Odisha.pdf,81,5.8,Til,til,27,Raygada,0,Total,yield_rate,qtl/ha,2.76,2.76,ok
2024-25,..\raw\earas\2024-25\Technical_Report_EARAS_2024-25_Odisha.pdf,81,5.8,Til,til,27,Raygada,0,Total,production,qtl,2733,2733,ok
2024-25,..\raw\earas\2024-25\Technical_Report_EARAS_2024-25_Odisha.pdf,81,5.8,Til,til,28,Sambalpur,0,Autumn,area,ha,-,,dash
2024-25,..\raw\earas\2024-25\Technical_Report_EARAS_2024-25_Odisha.pdf,81,5.8,Til,til,28,Sambalpur,0,Autumn,yield_rate,qtl/ha,-,,dash
2024-25,..\raw\earas\2024-25\Technical_Report_EARAS_2024-25_Odisha.pdf,81,5.8,Til,til,28,Sambalpur,0,Autumn,production,qtl,-,,dash
2024-25,..\raw\earas\2024-25\Technical_Report_EARAS_2024-25_Odisha.pdf,81,5.8,Til,til,28,Sambalpur,0,Winter,area,ha,559,559,ok
2024-25,..\raw\earas\2024-25\Technical_Report_EARAS_2024-25_Odisha.pdf,81,5.8,Til,til,28,Sambalpur,0,Winter,yield_rate,qtl/ha,4.07,4.07,ok
2024-25,..\raw\earas\2024-25\Technical_Report_EARAS_2024-25_Odisha.pdf,81,5.8,Til,til,28,Sambalpur,0,Winter,production,qtl,2275,2275,ok
2024-25,..\raw\earas\2024-25\Technical_Report_EARAS_2024-25_Odisha.pdf,81,5.8,Til,til,28,Sambalpur,0,Summer,area,ha,2,2,ok
2024-25,..\raw\earas\2024-25\Technical_Report_EARAS_2024-25_Odisha.pdf,81,5.8,Til,til,28,Sambalpur,0,Summer,yield_rate,qtl/ha,2.86,2.86,ok
2024-25,..\raw\earas\2024-25\Technical_Report_EARAS_2024-25_Odisha.pdf,81,5.8,Til,til,28,Sambalpur,0,Summer,production,qtl,6,6,ok
2024-25,..\raw\earas\2024-25\Technical_Report_EARAS_2024-25_Odisha.pdf,81,5.8,Til,til,28,Sambalpur,0,Total,area,ha,561,561,ok
2024-25,..\raw\earas\2024-25\Technical_Report_EARAS_2024-25_Odisha.pdf,81,5.8,Til,til,28,Sambalpur,0,Total,yield_rate,qtl/ha,4.07,4.07,ok
2024-25,..\raw\earas\2024-25\Technical_Report_EARAS_2024-25_Odisha.pdf,81,5.8,Til,til,28,Sambalpur,0,Total,production,qtl,2281,2281,ok
2024-25,..\raw\earas\2024-25\Technical_Report_EARAS_2024-25_Odisha.pdf,81,5.8,Til,til,29,Subarnapur,0,Autumn,area,ha,-,,dash
2024-25,..\raw\earas\2024-25\Technical_Report_EARAS_2024-25_Odisha.pdf,81,5.8,Til,til,29,Subarnapur,0,Autumn,yield_rate,qtl/ha,-,,dash
2024-25,..\raw\earas\2024-25\Technical_Report_EARAS_2024-25_Odisha.pdf,81,5.8,Til,til,29,Subarnapur,0,Autumn,production,qtl,-,,dash
2024-25,..\raw\earas\2024-25\Technical_Report_EARAS_2024-25_Odisha.pdf,81,5.8,Til,til,29,Subarnapur,0,Winter,area,ha,9,9,ok
2024-25,..\raw\earas\2024-25\Technical_Report_EARAS_2024-25_Odisha.pdf,81,5.8,Til,til,29,Subarnapur,0,Winter,yield_rate,qtl/ha,2.28,2.28,ok
2024-25,..\raw\earas\2024-25\Technical_Report_EARAS_2024-25_Odisha.pdf,81,5.8,Til,til,29,Subarnapur,0,Winter,production,qtl,21,21,ok
2024-25,..\raw\earas\2024-25\Technical_Report_EARAS_2024-25_Odisha.pdf,81,5.8,Til,til,29,Subarnapur,0,Summer,area,ha,40,40,ok
2024-25,..\raw\earas\2024-25\Technical_Report_EARAS_2024-25_Odisha.pdf,81,5.8,Til,til,29,Subarnapur,0,Summer,yield_rate,qtl/ha,1.40,1.40,ok
2024-25,..\raw\earas\2024-25\Technical_Report_EARAS_2024-25_Odisha.pdf,81,5.8,Til,til,29,Subarnapur,0,Summer,production,qtl,56,56,ok
2024-25,..\raw\earas\2024-25\Technical_Report_EARAS_2024-25_Odisha.pdf,81,5.8,Til,til,29,Subarnapur,0,Total,area,ha,49,49,ok
2024-25,..\raw\earas\2024-25\Technical_Report_EARAS_2024-25_Odisha.pdf,81,5.8,Til,til,29,Subarnapur,0,Total,yield_rate,qtl/ha,1.57,1.57,ok
2024-25,..\raw\earas\2024-25\Technical_Report_EARAS_2024-25_Odisha.pdf,81,5.8,Til,til,29,Subarnapur,0,Total,production,qtl,77,77,ok
2024-25,..\raw\earas\2024-25\Technical_Report_EARAS_2024-25_Odisha.pdf,81,5.8,Til,til,30,Sundargarh,0,Autumn,area,ha,174,174,ok
2024-25,..\raw\earas\2024-25\Technical_Report_EARAS_2024-25_Odisha.pdf,81,5.8,Til,til,30,Sundargarh,0,Autumn,yield_rate,qtl/ha,3.04,3.04,ok
2024-25,..\raw\earas\2024-25\Technical_Report_EARAS_2024-25_Odisha.pdf,81,5.8,Til,til,30,Sundargarh,0,Autumn,production,qtl,529,529,ok
2024-25,..\raw\earas\2024-25\Technical_Report_EARAS_2024-25_Odisha.pdf,81,5.8,Til,til,30,Sundargarh,0,Winter,area,ha,482,482,ok
2024-25,..\raw\earas\2024-25\Technical_Report_EARAS_2024-25_Odisha.pdf,81,5.8,Til,til,30,Sundargarh,0,Winter,yield_rate,qtl/ha,3.30,3.30,ok
2024-25,..\raw\earas\2024-25\Technical_Report_EARAS_2024-25_Odisha.pdf,81,5.8,Til,til,30,Sundargarh,0,Winter,production,qtl,1591,1591,ok
2024-25,..\raw\earas\2024-25\Technical_Report_EARAS_2024-25_Odisha.pdf,81,5.8,Til,til,30,Sundargarh,0,Summer,area,ha,119,119,ok
2024-25,..\raw\earas\2024-25\Technical_Report_EARAS_2024-25_Odisha.pdf,81,5.8,Til,til,30,Sundargarh,0,Summer,yield_rate,qtl/ha,2.38,2.38,ok
2024-25,..\raw\earas\2024-25\Technical_Report_EARAS_2024-25_Odisha.pdf,81,5.8,Til,til,30,Sundargarh,0,Summer,production,qtl,283,283,ok
2024-25,..\raw\earas\2024-25\Technical_Report_EARAS_2024-25_Odisha.pdf,81,5.8,Til,til,30,Sundargarh,0,Total,area,ha,775,775,ok
2024-25,..\raw\earas\2024-25\Technical_Report_EARAS_2024-25_Odisha.pdf,81,5.8,Til,til,30,Sundargarh,0,Total,yield_rate,qtl/ha,3.10,3.10,ok
2024-25,..\raw\earas\2024-25\Technical_Report_EARAS_2024-25_Odisha.pdf,81,5.8,Til,til,30,Sundargarh,0,Total,production,qtl,2403,2403,ok
2024-25,..\raw\earas\2024-25\Technical_Report_EARAS_2024-25_Odisha.pdf,81,5.8,Til,til,,STATE,1,Autumn,area,ha,1716,1716,ok
2024-25,..\raw\earas\2024-25\Technical_Report_EARAS_2024-25_Odisha.pdf,81,5.8,Til,til,,STATE,1,Autumn,yield_rate,qtl/ha,2.44,2.44,ok
2024-25,..\raw\earas\2024-25\Technical_Report_EARAS_2024-25_Odisha.pdf,81,5.8,Til,til,,STATE,1,Autumn,production,qtl,4189,4189,ok
2024-25,..\raw\earas\2024-25\Technical_Report_EARAS_2024-25_Odisha.pdf,81,5.8,Til,til,,STATE,1,Winter,area,ha,8067,8067,ok
2024-25,..\raw\earas\2024-25\Technical_Report_EARAS_2024-25_Odisha.pdf,81,5.8,Til,til,,STATE,1,Winter,yield_rate,qtl/ha,3.10,3.10,ok
2024-25,..\raw\earas\2024-25\Technical_Report_EARAS_2024-25_Odisha.pdf,81,5.8,Til,til,,STATE,1,Winter,production,qtl,25026,25026,ok
2024-25,..\raw\earas\2024-25\Technical_Report_EARAS_2024-25_Odisha.pdf,81,5.8,Til,til,,STATE,1,Summer,area,ha,16054,16054,ok
2024-25,..\raw\earas\2024-25\Technical_Report_EARAS_2024-25_Odisha.pdf,81,5.8,Til,til,,STATE,1,Summer,yield_rate,qtl/ha,2.45,2.45,ok
2024-25,..\raw\earas\2024-25\Technical_Report_EARAS_2024-25_Odisha.pdf,81,5.8,Til,til,,STATE,1,Summer,production,qtl,39274,39274,ok
2024-25,..\raw\earas\2024-25\Technical_Report_EARAS_2024-25_Odisha.pdf,81,5.8,Til,til,,STATE,1,Total,area,ha,25837,25837,ok
2024-25,..\raw\earas\2024-25\Technical_Report_EARAS_2024-25_Odisha.pdf,81,5.8,Til,til,,STATE,1,Total,yield_rate,qtl/ha,2.65,2.65,ok
2024-25,..\raw\earas\2024-25\Technical_Report_EARAS_2024-25_Odisha.pdf,81,5.8,Til,til,,STATE,1,Total,production,qtl,68489,68489,ok
2024-25,..\raw\earas\2024-25\Technical_Report_EARAS_2024-25_Odisha.pdf,82,5.9,Grountnut,grountnut,1,Angul,0,Autumn,area,ha,640,640,ok
2024-25,..\raw\earas\2024-25\Technical_Report_EARAS_2024-25_Odisha.pdf,82,5.9,Grountnut,grountnut,1,Angul,0,Autumn,yield_rate,qtl/ha,19.43,19.43,ok
2024-25,..\raw\earas\2024-25\Technical_Report_EARAS_2024-25_Odisha.pdf,82,5.9,Grountnut,grountnut,1,Angul,0,Autumn,production,qtl,12435,12435,ok
2024-25,..\raw\earas\2024-25\Technical_Report_EARAS_2024-25_Odisha.pdf,82,5.9,Grountnut,grountnut,1,Angul,0,Winter,area,ha,149,149,ok
2024-25,..\raw\earas\2024-25\Technical_Report_EARAS_2024-25_Odisha.pdf,82,5.9,Grountnut,grountnut,1,Angul,0,Winter,yield_rate,qtl/ha,17.71,17.71,ok
2024-25,..\raw\earas\2024-25\Technical_Report_EARAS_2024-25_Odisha.pdf,82,5.9,Grountnut,grountnut,1,Angul,0,Winter,production,qtl,2639,2639,ok
2024-25,..\raw\earas\2024-25\Technical_Report_EARAS_2024-25_Odisha.pdf,82,5.9,Grountnut,grountnut,1,Angul,0,Summer,area,ha,513,513,ok
2024-25,..\raw\earas\2024-25\Technical_Report_EARAS_2024-25_Odisha.pdf,82,5.9,Grountnut,grountnut,1,Angul,0,Summer,yield_rate,qtl/ha,19.40,19.40,ok
2024-25,..\raw\earas\2024-25\Technical_Report_EARAS_2024-25_Odisha.pdf,82,5.9,Grountnut,grountnut,1,Angul,0,Summer,production,qtl,9952,9952,ok
2024-25,..\raw\earas\2024-25\Technical_Report_EARAS_2024-25_Odisha.pdf,82,5.9,Grountnut,grountnut,1,Angul,0,Total,area,ha,1302,1302,ok
2024-25,..\raw\earas\2024-25\Technical_Report_EARAS_2024-25_Odisha.pdf,82,5.9,Grountnut,grountnut,1,Angul,0,Total,yield_rate,qtl/ha,19.22,19.22,ok
2024-25,..\raw\earas\2024-25\Technical_Report_EARAS_2024-25_Odisha.pdf,82,5.9,Grountnut,grountnut,1,Angul,0,Total,production,qtl,25026,25026,ok
2024-25,..\raw\earas\2024-25\Technical_Report_EARAS_2024-25_Odisha.pdf,82,5.9,Grountnut,grountnut,2,Balangir,0,Autumn,area,ha,1294,1294,ok
2024-25,..\raw\earas\2024-25\Technical_Report_EARAS_2024-25_Odisha.pdf,82,5.9,Grountnut,grountnut,2,Balangir,0,Autumn,yield_rate,qtl/ha,19.86,19.86,ok
2024-25,..\raw\earas\2024-25\Technical_Report_EARAS_2024-25_Odisha.pdf,82,5.9,Grountnut,grountnut,2,Balangir,0,Autumn,production,qtl,25699,25699,ok
2024-25,..\raw\earas\2024-25\Technical_Report_EARAS_2024-25_Odisha.pdf,82,5.9,Grountnut,grountnut,2,Balangir,0,Winter,area,ha,121,121,ok
2024-25,..\raw\earas\2024-25\Technical_Report_EARAS_2024-25_Odisha.pdf,82,5.9,Grountnut,grountnut,2,Balangir,0,Winter,yield_rate,qtl/ha,20.25,20.25,ok
2024-25,..\raw\earas\2024-25\Technical_Report_EARAS_2024-25_Odisha.pdf,82,5.9,Grountnut,grountnut,2,Balangir,0,Winter,production,qtl,2450,2450,ok
2024-25,..\raw\earas\2024-25\Technical_Report_EARAS_2024-25_Odisha.pdf,82,5.9,Grountnut,grountnut,2,Balangir,0,Summer,area,ha,784,784,ok
2024-25,..\raw\earas\2024-25\Technical_Report_EARAS_2024-25_Odisha.pdf,82,5.9,Grountnut,grountnut,2,Balangir,0,Summer,yield_rate,qtl/ha,21.64,21.64,ok
2024-25,..\raw\earas\2024-25\Technical_Report_EARAS_2024-25_Odisha.pdf,82,5.9,Grountnut,grountnut,2,Balangir,0,Summer,production,qtl,16966,16966,ok
2024-25,..\raw\earas\2024-25\Technical_Report_EARAS_2024-25_Odisha.pdf,82,5.9,Grountnut,grountnut,2,Balangir,0,Total,area,ha,2199,2199,ok
2024-25,..\raw\earas\2024-25\Technical_Report_EARAS_2024-25_Odisha.pdf,82,5.9,Grountnut,grountnut,2,Balangir,0,Total,yield_rate,qtl/ha,20.52,20.52,ok
2024-25,..\raw\earas\2024-25\Technical_Report_EARAS_2024-25_Odisha.pdf,82,5.9,Grountnut,grountnut,2,Balangir,0,Total,production,qtl,45115,45115,ok
2024-25,..\raw\earas\2024-25\Technical_Report_EARAS_2024-25_Odisha.pdf,82,5.9,Grountnut,grountnut,3,Balasore,0,Autumn,area,ha,-,,dash
2024-25,..\raw\earas\2024-25\Technical_Report_EARAS_2024-25_Odisha.pdf,82,5.9,Grountnut,grountnut,3,Balasore,0,Autumn,yield_rate,qtl/ha,-,,dash
2024-25,..\raw\earas\2024-25\Technical_Report_EARAS_2024-25_Odisha.pdf,82,5.9,Grountnut,grountnut,3,Balasore,0,Autumn,production,qtl,-,,dash
2024-25,..\raw\earas\2024-25\Technical_Report_EARAS_2024-25_Odisha.pdf,82,5.9,Grountnut,grountnut,3,Balasore,0,Winter,area,ha,-,,dash
2024-25,..\raw\earas\2024-25\Technical_Report_EARAS_2024-25_Odisha.pdf,82,5.9,Grountnut,grountnut,3,Balasore,0,Winter,yield_rate,qtl/ha,-,,dash
2024-25,..\raw\earas\2024-25\Technical_Report_EARAS_2024-25_Odisha.pdf,82,5.9,Grountnut,grountnut,3,Balasore,0,Winter,production,qtl,-,,dash
2024-25,..\raw\earas\2024-25\Technical_Report_EARAS_2024-25_Odisha.pdf,82,5.9,Grountnut,grountnut,3,Balasore,0,Summer,area,ha,1958,1958,ok
2024-25,..\raw\earas\2024-25\Technical_Report_EARAS_2024-25_Odisha.pdf,82,5.9,Grountnut,grountnut,3,Balasore,0,Summer,yield_rate,qtl/ha,16.72,16.72,ok
2024-25,..\raw\earas\2024-25\Technical_Report_EARAS_2024-25_Odisha.pdf,82,5.9,Grountnut,grountnut,3,Balasore,0,Summer,production,qtl,32738,32738,ok
2024-25,..\raw\earas\2024-25\Technical_Report_EARAS_2024-25_Odisha.pdf,82,5.9,Grountnut,grountnut,3,Balasore,0,Total,area,ha,1958,1958,ok
2024-25,..\raw\earas\2024-25\Technical_Report_EARAS_2024-25_Odisha.pdf,82,5.9,Grountnut,grountnut,3,Balasore,0,Total,yield_rate,qtl/ha,16.72,16.72,ok
2024-25,..\raw\earas\2024-25\Technical_Report_EARAS_2024-25_Odisha.pdf,82,5.9,Grountnut,grountnut,3,Balasore,0,Total,production,qtl,32738,32738,ok
2024-25,..\raw\earas\2024-25\Technical_Report_EARAS_2024-25_Odisha.pdf,82,5.9,Grountnut,grountnut,4,Bargarh,0,Autumn,area,ha,4413,4413,ok
2024-25,..\raw\earas\2024-25\Technical_Report_EARAS_2024-25_Odisha.pdf,82,5.9,Grountnut,grountnut,4,Bargarh,0,Autumn,yield_rate,qtl/ha,16.90,16.90,ok
2024-25,..\raw\earas\2024-25\Technical_Report_EARAS_2024-25_Odisha.pdf,82,5.9,Grountnut,grountnut,4,Bargarh,0,Autumn,production,qtl,74580,74580,ok
2024-25,..\raw\earas\2024-25\Technical_Report_EARAS_2024-25_Odisha.pdf,82,5.9,Grountnut,grountnut,4,Bargarh,0,Winter,area,ha,39,39,ok
2024-25,..\raw\earas\2024-25\Technical_Report_EARAS_2024-25_Odisha.pdf,82,5.9,Grountnut,grountnut,4,Bargarh,0,Winter,yield_rate,qtl/ha,16.22,16.22,ok
2024-25,..\raw\earas\2024-25\Technical_Report_EARAS_2024-25_Odisha.pdf,82,5.9,Grountnut,grountnut,4,Bargarh,0,Winter,production,qtl,633,633,ok
2024-25,..\raw\earas\2024-25\Technical_Report_EARAS_2024-25_Odisha.pdf,82,5.9,Grountnut,grountnut,4,Bargarh,0,Summer,area,ha,2322,2322,ok
2024-25,..\raw\earas\2024-25\Technical_Report_EARAS_2024-25_Odisha.pdf,82,5.9,Grountnut,grountnut,4,Bargarh,0,Summer,yield_rate,qtl/ha,21.19,21.19,ok
2024-25,..\raw\earas\2024-25\Technical_Report_EARAS_2024-25_Odisha.pdf,82,5.9,Grountnut,grountnut,4,Bargarh,0,Summer,production,qtl,49203,49203,ok
2024-25,..\raw\earas\2024-25\Technical_Report_EARAS_2024-25_Odisha.pdf,82,5.9,Grountnut,grountnut,4,Bargarh,0,Total,area,ha,6774,6774,ok
2024-25,..\raw\earas\2024-25\Technical_Report_EARAS_2024-25_Odisha.pdf,82,5.9,Grountnut,grountnut,4,Bargarh,0,Total,yield_rate,qtl/ha,18.37,18.37,ok
2024-25,..\raw\earas\2024-25\Technical_Report_EARAS_2024-25_Odisha.pdf,82,5.9,Grountnut,grountnut,4,Bargarh,0,Total,production,qtl,124416,124416,ok
2024-25,..\raw\earas\2024-25\Technical_Report_EARAS_2024-25_Odisha.pdf,82,5.9,Grountnut,grountnut,5,Bhadrak,0,Autumn,area,ha,-,,dash
2024-25,..\raw\earas\2024-25\Technical_Report_EARAS_2024-25_Odisha.pdf,82,5.9,Grountnut,grountnut,5,Bhadrak,0,Autumn,yield_rate,qtl/ha,-,,dash
2024-25,..\raw\earas\2024-25\Technical_Report_EARAS_2024-25_Odisha.pdf,82,5.9,Grountnut,grountnut,5,Bhadrak,0,Autumn,production,qtl,-,,dash
2024-25,..\raw\earas\2024-25\Technical_Report_EARAS_2024-25_Odisha.pdf,82,5.9,Grountnut,grountnut,5,Bhadrak,0,Winter,area,ha,-,,dash
2024-25,..\raw\earas\2024-25\Technical_Report_EARAS_2024-25_Odisha.pdf,82,5.9,Grountnut,grountnut,5,Bhadrak,0,Winter,yield_rate,qtl/ha,-,,dash
2024-25,..\raw\earas\2024-25\Technical_Report_EARAS_2024-25_Odisha.pdf,82,5.9,Grountnut,grountnut,5,Bhadrak,0,Winter,production,qtl,-,,dash
2024-25,..\raw\earas\2024-25\Technical_Report_EARAS_2024-25_Odisha.pdf,82,5.9,Grountnut,grountnut,5,Bhadrak,0,Summer,area,ha,1,1,ok
2024-25,..\raw\earas\2024-25\Technical_Report_EARAS_2024-25_Odisha.pdf,82,5.9,Grountnut,grountnut,5,Bhadrak,0,Summer,yield_rate,qtl/ha,29.07,29.07,ok
2024-25,..\raw\earas\2024-25\Technical_Report_EARAS_2024-25_Odisha.pdf,82,5.9,Grountnut,grountnut,5,Bhadrak,0,Summer,production,qtl,29,29,ok
2024-25,..\raw\earas\2024-25\Technical_Report_EARAS_2024-25_Odisha.pdf,82,5.9,Grountnut,grountnut,5,Bhadrak,0,Total,area,ha,1,1,ok
2024-25,..\raw\earas\2024-25\Technical_Report_EARAS_2024-25_Odisha.pdf,82,5.9,Grountnut,grountnut,5,Bhadrak,0,Total,yield_rate,qtl/ha,29.00,29.00,ok
2024-25,..\raw\earas\2024-25\Technical_Report_EARAS_2024-25_Odisha.pdf,82,5.9,Grountnut,grountnut,5,Bhadrak,0,Total,production,qtl,29,29,ok
2024-25,..\raw\earas\2024-25\Technical_Report_EARAS_2024-25_Odisha.pdf,82,5.9,Grountnut,grountnut,6,Boudh,0,Autumn,area,ha,89,89,ok
2024-25,..\raw\earas\2024-25\Technical_Report_EARAS_2024-25_Odisha.pdf,82,5.9,Grountnut,grountnut,6,Boudh,0,Autumn,yield_rate,qtl/ha,13.05,13.05,ok
2024-25,..\raw\earas\2024-25\Technical_Report_EARAS_2024-25_Odisha.pdf,82,5.9,Grountnut,grountnut,6,Boudh,0,Autumn,production,qtl,1161,1161,ok
2024-25,..\raw\earas\2024-25\Technical_Report_EARAS_2024-25_Odisha.pdf,82,5.9,Grountnut,grountnut,6,Boudh,0,Winter,area,ha,23,23,ok
2024-25,..\raw\earas\2024-25\Technical_Report_EARAS_2024-25_Odisha.pdf,82,5.9,Grountnut,grountnut,6,Boudh,0,Winter,yield_rate,qtl/ha,13.44,13.44,ok
2024-25,..\raw\earas\2024-25\Technical_Report_EARAS_2024-25_Odisha.pdf,82,5.9,Grountnut,grountnut,6,Boudh,0,Winter,production,qtl,309,309,ok
2024-25,..\raw\earas\2024-25\Technical_Report_EARAS_2024-25_Odisha.pdf,82,5.9,Grountnut,grountnut,6,Boudh,0,Summer,area,ha,-,,dash
2024-25,..\raw\earas\2024-25\Technical_Report_EARAS_2024-25_Odisha.pdf,82,5.9,Grountnut,grountnut,6,Boudh,0,Summer,yield_rate,qtl/ha,-,,dash
2024-25,..\raw\earas\2024-25\Technical_Report_EARAS_2024-25_Odisha.pdf,82,5.9,Grountnut,grountnut,6,Boudh,0,Summer,production,qtl,-,,dash
2024-25,..\raw\earas\2024-25\Technical_Report_EARAS_2024-25_Odisha.pdf,82,5.9,Grountnut,grountnut,6,Boudh,0,Total,area,ha,112,112,ok
2024-25,..\raw\earas\2024-25\Technical_Report_EARAS_2024-25_Odisha.pdf,82,5.9,Grountnut,grountnut,6,Boudh,0,Total,yield_rate,qtl/ha,13.13,13.13,ok
2024-25,..\raw\earas\2024-25\Technical_Report_EARAS_2024-25_Odisha.pdf,82,5.9,Grountnut,grountnut,6,Boudh,0,Total,production,qtl,1470,1470,ok
2024-25,..\raw\earas\2024-25\Technical_Report_EARAS_2024-25_Odisha.pdf,82,5.9,Grountnut,grountnut,7,Cuttack,0,Autumn,area,ha,122,122,ok
2024-25,..\raw\earas\2024-25\Technical_Report_EARAS_2024-25_Odisha.pdf,82,5.9,Grountnut,grountnut,7,Cuttack,0,Autumn,yield_rate,qtl/ha,16.15,16.15,ok
2024-25,..\raw\earas\2024-25\Technical_Report_EARAS_2024-25_Odisha.pdf,82,5.9,Grountnut,grountnut,7,Cuttack,0,Autumn,production,qtl,1970,1970,ok
2024-25,..\raw\earas\2024-25\Technical_Report_EARAS_2024-25_Odisha.pdf,82,5.9,Grountnut,grountnut,7,Cuttack,0,Winter,area,ha,-,,dash
2024-25,..\raw\earas\2024-25\Technical_Report_EARAS_2024-25_Odisha.pdf,82,5.9,Grountnut,grountnut,7,Cuttack,0,Winter,yield_rate,qtl/ha,-,,dash
2024-25,..\raw\earas\2024-25\Technical_Report_EARAS_2024-25_Odisha.pdf,82,5.9,Grountnut,grountnut,7,Cuttack,0,Winter,production,qtl,-,,dash
2024-25,..\raw\earas\2024-25\Technical_Report_EARAS_2024-25_Odisha.pdf,82,5.9,Grountnut,grountnut,7,Cuttack,0,Summer,area,ha,1329,1329,ok
2024-25,..\raw\earas\2024-25\Technical_Report_EARAS_2024-25_Odisha.pdf,82,5.9,Grountnut,grountnut,7,Cuttack,0,Summer,yield_rate,qtl/ha,23.48,23.48,ok
2024-25,..\raw\earas\2024-25\Technical_Report_EARAS_2024-25_Odisha.pdf,82,5.9,Grountnut,grountnut,7,Cuttack,0,Summer,production,qtl,31205,31205,ok
2024-25,..\raw\earas\2024-25\Technical_Report_EARAS_2024-25_Odisha.pdf,82,5.9,Grountnut,grountnut,7,Cuttack,0,Total,area,ha,1451,1451,ok
2024-25,..\raw\earas\2024-25\Technical_Report_EARAS_2024-25_Odisha.pdf,82,5.9,Grountnut,grountnut,7,Cuttack,0,Total,yield_rate,qtl/ha,22.86,22.86,ok
2024-25,..\raw\earas\2024-25\Technical_Report_EARAS_2024-25_Odisha.pdf,82,5.9,Grountnut,grountnut,7,Cuttack,0,Total,production,qtl,33175,33175,ok
2024-25,..\raw\earas\2024-25\Technical_Report_EARAS_2024-25_Odisha.pdf,82,5.9,Grountnut,grountnut,8,Deogarh,0,Autumn,area,ha,182,182,ok
2024-25,..\raw\earas\2024-25\Technical_Report_EARAS_2024-25_Odisha.pdf,82,5.9,Grountnut,grountnut,8,Deogarh,0,Autumn,yield_rate,qtl/ha,30.99,30.99,ok
2024-25,..\raw\earas\2024-25\Technical_Report_EARAS_2024-25_Odisha.pdf,82,5.9,Grountnut,grountnut,8,Deogarh,0,Autumn,production,qtl,5640,5640,ok
2024-25,..\raw\earas\2024-25\Technical_Report_EARAS_2024-25_Odisha.pdf,82,5.9,Grountnut,grountnut,8,Deogarh,0,Winter,area,ha,-,,dash
2024-25,..\raw\earas\2024-25\Technical_Report_EARAS_2024-25_Odisha.pdf,82,5.9,Grountnut,grountnut,8,Deogarh,0,Winter,yield_rate,qtl/ha,-,,dash
2024-25,..\raw\earas\2024-25\Technical_Report_EARAS_2024-25_Odisha.pdf,82,5.9,Grountnut,grountnut,8,Deogarh,0,Winter,production,qtl,-,,dash
2024-25,..\raw\earas\2024-25\Technical_Report_EARAS_2024-25_Odisha.pdf,82,5.9,Grountnut,grountnut,8,Deogarh,0,Summer,area,ha,120,120,ok
2024-25,..\raw\earas\2024-25\Technical_Report_EARAS_2024-25_Odisha.pdf,82,5.9,Grountnut,grountnut,8,Deogarh,0,Summer,yield_rate,qtl/ha,38.57,38.57,ok
2024-25,..\raw\earas\2024-25\Technical_Report_EARAS_2024-25_Odisha.pdf,82,5.9,Grountnut,grountnut,8,Deogarh,0,Summer,production,qtl,4628,4628,ok
2024-25,..\raw\earas\2024-25\Technical_Report_EARAS_2024-25_Odisha.pdf,82,5.9,Grountnut,grountnut,8,Deogarh,0,Total,area,ha,302,302,ok
2024-25,..\raw\earas\2024-25\Technical_Report_EARAS_2024-25_Odisha.pdf,82,5.9,Grountnut,grountnut,8,Deogarh,0,Total,yield_rate,qtl/ha,34.00,34.00,ok
2024-25,..\raw\earas\2024-25\Technical_Report_EARAS_2024-25_Odisha.pdf,82,5.9,Grountnut,grountnut,8,Deogarh,0,Total,production,qtl,10268,10268,ok
2024-25,..\raw\earas\2024-25\Technical_Report_EARAS_2024-25_Odisha.pdf,82,5.9,Grountnut,grountnut,9,Dhenkanal,0,Autumn,area,ha,76,76,ok
2024-25,..\raw\earas\2024-25\Technical_Report_EARAS_2024-25_Odisha.pdf,82,5.9,Grountnut,grountnut,9,Dhenkanal,0,Autumn,yield_rate,qtl/ha,16.62,16.62,ok
2024-25,..\raw\earas\2024-25\Technical_Report_EARAS_2024-25_Odisha.pdf,82,5.9,Grountnut,grountnut,9,Dhenkanal,0,Autumn,production,qtl,1263,1263,ok
2024-25,..\raw\earas\2024-25\Technical_Report_EARAS_2024-25_Odisha.pdf,82,5.9,Grountnut,grountnut,9,Dhenkanal,0,Winter,area,ha,1346,1346,ok
2024-25,..\raw\earas\2024-25\Technical_Report_EARAS_2024-25_Odisha.pdf,82,5.9,Grountnut,grountnut,9,Dhenkanal,0,Winter,yield_rate,qtl/ha,21.73,21.73,ok
2024-25,..\raw\earas\2024-25\Technical_Report_EARAS_2024-25_Odisha.pdf,82,5.9,Grountnut,grountnut,9,Dhenkanal,0,Winter,production,qtl,29249,29249,ok
2024-25,..\raw\earas\2024-25\Technical_Report_EARAS_2024-25_Odisha.pdf,82,5.9,Grountnut,grountnut,9,Dhenkanal,0,Summer,area,ha,284,284,ok
2024-25,..\raw\earas\2024-25\Technical_Report_EARAS_2024-25_Odisha.pdf,82,5.9,Grountnut,grountnut,9,Dhenkanal,0,Summer,yield_rate,qtl/ha,23.61,23.61,ok
2024-25,..\raw\earas\2024-25\Technical_Report_EARAS_2024-25_Odisha.pdf,82,5.9,Grountnut,grountnut,9,Dhenkanal,0,Summer,production,qtl,6705,6705,ok
2024-25,..\raw\earas\2024-25\Technical_Report_EARAS_2024-25_Odisha.pdf,82,5.9,Grountnut,grountnut,9,Dhenkanal,0,Total,area,ha,1706,1706,ok
2024-25,..\raw\earas\2024-25\Technical_Report_EARAS_2024-25_Odisha.pdf,82,5.9,Grountnut,grountnut,9,Dhenkanal,0,Total,yield_rate,qtl/ha,21.82,21.82,ok
2024-25,..\raw\earas\2024-25\Technical_Report_EARAS_2024-25_Odisha.pdf,82,5.9,Grountnut,grountnut,9,Dhenkanal,0,Total,production,qtl,37217,37217,ok
2024-25,..\raw\earas\2024-25\Technical_Report_EARAS_2024-25_Odisha.pdf,82,5.9,Grountnut,grountnut,10,Gajapati,0,Autumn,area,ha,116,116,ok
2024-25,..\raw\earas\2024-25\Technical_Report_EARAS_2024-25_Odisha.pdf,82,5.9,Grountnut,grountnut,10,Gajapati,0,Autumn,yield_rate,qtl/ha,17.58,17.58,ok
2024-25,..\raw\earas\2024-25\Technical_Report_EARAS_2024-25_Odisha.pdf,82,5.9,Grountnut,grountnut,10,Gajapati,0,Autumn,production,qtl,2039,2039,ok
2024-25,..\raw\earas\2024-25\Technical_Report_EARAS_2024-25_Odisha.pdf,82,5.9,Grountnut,grountnut,10,Gajapati,0,Winter,area,ha,-,,dash
2024-25,..\raw\earas\2024-25\Technical_Report_EARAS_2024-25_Odisha.pdf,82,5.9,Grountnut,grountnut,10,Gajapati,0,Winter,yield_rate,qtl/ha,-,,dash
2024-25,..\raw\earas\2024-25\Technical_Report_EARAS_2024-25_Odisha.pdf,82,5.9,Grountnut,grountnut,10,Gajapati,0,Winter,production,qtl,-,,dash
2024-25,..\raw\earas\2024-25\Technical_Report_EARAS_2024-25_Odisha.pdf,82,5.9,Grountnut,grountnut,10,Gajapati,0,Summer,area,ha,185,185,ok
2024-25,..\raw\earas\2024-25\Technical_Report_EARAS_2024-25_Odisha.pdf,82,5.9,Grountnut,grountnut,10,Gajapati,0,Summer,yield_rate,qtl/ha,15.95,15.95,ok
2024-25,..\raw\earas\2024-25\Technical_Report_EARAS_2024-25_Odisha.pdf,82,5.9,Grountnut,grountnut,10,Gajapati,0,Summer,production,qtl,2951,2951,ok
2024-25,..\raw\earas\2024-25\Technical_Report_EARAS_2024-25_Odisha.pdf,82,5.9,Grountnut,grountnut,10,Gajapati,0,Total,area,ha,301,301,ok
2024-25,..\raw\earas\2024-25\Technical_Report_EARAS_2024-25_Odisha.pdf,82,5.9,Grountnut,grountnut,10,Gajapati,0,Total,yield_rate,qtl/ha,16.58,16.58,ok
2024-25,..\raw\earas\2024-25\Technical_Report_EARAS_2024-25_Odisha.pdf,82,5.9,Grountnut,grountnut,10,Gajapati,0,Total,production,qtl,4990,4990,ok
2024-25,..\raw\earas\2024-25\Technical_Report_EARAS_2024-25_Odisha.pdf,82,5.9,Grountnut,grountnut,11,Ganjam,0,Autumn,area,ha,342,342,ok
2024-25,..\raw\earas\2024-25\Technical_Report_EARAS_2024-25_Odisha.pdf,82,5.9,Grountnut,grountnut,11,Ganjam,0,Autumn,yield_rate,qtl/ha,18.39,18.39,ok
2024-25,..\raw\earas\2024-25\Technical_Report_EARAS_2024-25_Odisha.pdf,82,5.9,Grountnut,grountnut,11,Ganjam,0,Autumn,production,qtl,6289,6289,ok
2024-25,..\raw\earas\2024-25\Technical_Report_EARAS_2024-25_Odisha.pdf,82,5.9,Grountnut,grountnut,11,Ganjam,0,Winter,area,ha,-,,dash
2024-25,..\raw\earas\2024-25\Technical_Report_EARAS_2024-25_Odisha.pdf,82,5.9,Grountnut,grountnut,11,Ganjam,0,Winter,yield_rate,qtl/ha,-,,dash
2024-25,..\raw\earas\2024-25\Technical_Report_EARAS_2024-25_Odisha.pdf,82,5.9,Grountnut,grountnut,11,Ganjam,0,Winter,production,qtl,-,,dash
2024-25,..\raw\earas\2024-25\Technical_Report_EARAS_2024-25_Odisha.pdf,82,5.9,Grountnut,grountnut,11,Ganjam,0,Summer,area,ha,2499,2499,ok
2024-25,..\raw\earas\2024-25\Technical_Report_EARAS_2024-25_Odisha.pdf,82,5.9,Grountnut,grountnut,11,Ganjam,0,Summer,yield_rate,qtl/ha,24.02,24.02,ok
2024-25,..\raw\earas\2024-25\Technical_Report_EARAS_2024-25_Odisha.pdf,82,5.9,Grountnut,grountnut,11,Ganjam,0,Summer,production,qtl,60026,60026,ok
2024-25,..\raw\earas\2024-25\Technical_Report_EARAS_2024-25_Odisha.pdf,82,5.9,Grountnut,grountnut,11,Ganjam,0,Total,area,ha,2841,2841,ok
2024-25,..\raw\earas\2024-25\Technical_Report_EARAS_2024-25_Odisha.pdf,82,5.9,Grountnut,grountnut,11,Ganjam,0,Total,yield_rate,qtl/ha,23.34,23.34,ok
2024-25,..\raw\earas\2024-25\Technical_Report_EARAS_2024-25_Odisha.pdf,82,5.9,Grountnut,grountnut,11,Ganjam,0,Total,production,qtl,66315,66315,ok
2024-25,..\raw\earas\2024-25\Technical_Report_EARAS_2024-25_Odisha.pdf,82,5.9,Grountnut,grountnut,12,Jagatsinghpur,0,Autumn,area,ha,2,2,ok
2024-25,..\raw\earas\2024-25\Technical_Report_EARAS_2024-25_Odisha.pdf,82,5.9,Grountnut,grountnut,12,Jagatsinghpur,0,Autumn,yield_rate,qtl/ha,10.88,10.88,ok
2024-25,..\raw\earas\2024-25\Technical_Report_EARAS_2024-25_Odisha.pdf,82,5.9,Grountnut,grountnut,12,Jagatsinghpur,0,Autumn,production,qtl,22,22,ok
2024-25,..\raw\earas\2024-25\Technical_Report_EARAS_2024-25_Odisha.pdf,82,5.9,Grountnut,grountnut,12,Jagatsinghpur,0,Winter,area,ha,13,13,ok
2024-25,..\raw\earas\2024-25\Technical_Report_EARAS_2024-25_Odisha.pdf,82,5.9,Grountnut,grountnut,12,Jagatsinghpur,0,Winter,yield_rate,qtl/ha,18.25,18.25,ok
2024-25,..\raw\earas\2024-25\Technical_Report_EARAS_2024-25_Odisha.pdf,82,5.9,Grountnut,grountnut,12,Jagatsinghpur,0,Winter,production,qtl,237,237,ok
2024-25,..\raw\earas\2024-25\Technical_Report_EARAS_2024-25_Odisha.pdf,82,5.9,Grountnut,grountnut,12,Jagatsinghpur,0,Summer,area,ha,121,121,ok
2024-25,..\raw\earas\2024-25\Technical_Report_EARAS_2024-25_Odisha.pdf,82,5.9,Grountnut,grountnut,12,Jagatsinghpur,0,Summer,yield_rate,qtl/ha,25.82,25.82,ok
2024-25,..\raw\earas\2024-25\Technical_Report_EARAS_2024-25_Odisha.pdf,82,5.9,Grountnut,grountnut,12,Jagatsinghpur,0,Summer,production,qtl,3124,3124,ok
2024-25,..\raw\earas\2024-25\Technical_Report_EARAS_2024-25_Odisha.pdf,82,5.9,Grountnut,grountnut,12,Jagatsinghpur,0,Total,area,ha,136,136,ok
2024-25,..\raw\earas\2024-25\Technical_Report_EARAS_2024-25_Odisha.pdf,82,5.9,Grountnut,grountnut,12,Jagatsinghpur,0,Total,yield_rate,qtl/ha,24.88,24.88,ok
2024-25,..\raw\earas\2024-25\Technical_Report_EARAS_2024-25_Odisha.pdf,82,5.9,Grountnut,grountnut,12,Jagatsinghpur,0,Total,production,qtl,3383,3383,ok
2024-25,..\raw\earas\2024-25\Technical_Report_EARAS_2024-25_Odisha.pdf,82,5.9,Grountnut,grountnut,13,Jajpur,0,Autumn,area,ha,-,,dash
2024-25,..\raw\earas\2024-25\Technical_Report_EARAS_2024-25_Odisha.pdf,82,5.9,Grountnut,grountnut,13,Jajpur,0,Autumn,yield_rate,qtl/ha,-,,dash
2024-25,..\raw\earas\2024-25\Technical_Report_EARAS_2024-25_Odisha.pdf,82,5.9,Grountnut,grountnut,13,Jajpur,0,Autumn,production,qtl,-,,dash
2024-25,..\raw\earas\2024-25\Technical_Report_EARAS_2024-25_Odisha.pdf,82,5.9,Grountnut,grountnut,13,Jajpur,0,Winter,area,ha,36,36,ok
2024-25,..\raw\earas\2024-25\Technical_Report_EARAS_2024-25_Odisha.pdf,82,5.9,Grountnut,grountnut,13,Jajpur,0,Winter,yield_rate,qtl/ha,26.18,26.18,ok
2024-25,..\raw\earas\2024-25\Technical_Report_EARAS_2024-25_Odisha.pdf,82,5.9,Grountnut,grountnut,13,Jajpur,0,Winter,production,qtl,942,942,ok
2024-25,..\raw\earas\2024-25\Technical_Report_EARAS_2024-25_Odisha.pdf,82,5.9,Grountnut,grountnut,13,Jajpur,0,Summer,area,ha,9483,9483,ok
2024-25,..\raw\earas\2024-25\Technical_Report_EARAS_2024-25_Odisha.pdf,82,5.9,Grountnut,grountnut,13,Jajpur,0,Summer,yield_rate,qtl/ha,21.59,21.59,ok
2024-25,..\raw\earas\2024-25\Technical_Report_EARAS_2024-25_Odisha.pdf,82,5.9,Grountnut,grountnut,13,Jajpur,0,Summer,production,qtl,204738,204738,ok
2024-25,..\raw\earas\2024-25\Technical_Report_EARAS_2024-25_Odisha.pdf,82,5.9,Grountnut,grountnut,13,Jajpur,0,Total,area,ha,9519,9519,ok
2024-25,..\raw\earas\2024-25\Technical_Report_EARAS_2024-25_Odisha.pdf,82,5.9,Grountnut,grountnut,13,Jajpur,0,Total,yield_rate,qtl/ha,21.61,21.61,ok
2024-25,..\raw\earas\2024-25\Technical_Report_EARAS_2024-25_Odisha.pdf,82,5.9,Grountnut,grountnut,13,Jajpur,0,Total,production,qtl,205680,205680,ok
2024-25,..\raw\earas\2024-25\Technical_Report_EARAS_2024-25_Odisha.pdf,82,5.9,Grountnut,grountnut,14,Jharsuguda,0,Autumn,area,ha,28,28,ok
2024-25,..\raw\earas\2024-25\Technical_Report_EARAS_2024-25_Odisha.pdf,82,5.9,Grountnut,grountnut,14,Jharsuguda,0,Autumn,yield_rate,qtl/ha,15.33,15.33,ok
2024-25,..\raw\earas\2024-25\Technical_Report_EARAS_2024-25_Odisha.pdf,82,5.9,Grountnut,grountnut,14,Jharsuguda,0,Autumn,production,qtl,429,429,ok
2024-25,..\raw\earas\2024-25\Technical_Report_EARAS_2024-25_Odisha.pdf,82,5.9,Grountnut,grountnut,14,Jharsuguda,0,Winter,area,ha,5,5,ok
2024-25,..\raw\earas\2024-25\Technical_Report_EARAS_2024-25_Odisha.pdf,82,5.9,Grountnut,grountnut,14,Jharsuguda,0,Winter,yield_rate,qtl/ha,13.93,13.93,ok
2024-25,..\raw\earas\2024-25\Technical_Report_EARAS_2024-25_Odisha.pdf,82,5.9,Grountnut,grountnut,14,Jharsuguda,0,Winter,production,qtl,70,70,ok
2024-25,..\raw\earas\2024-25\Technical_Report_EARAS_2024-25_Odisha.pdf,82,5.9,Grountnut,grountnut,14,Jharsuguda,0,Summer,area,ha,357,357,ok
2024-25,..\raw\earas\2024-25\Technical_Report_EARAS_2024-25_Odisha.pdf,82,5.9,Grountnut,grountnut,14,Jharsuguda,0,Summer,yield_rate,qtl/ha,19.91,19.91,ok
2024-25,..\raw\earas\2024-25\Technical_Report_EARAS_2024-25_Odisha.pdf,82,5.9,Grountnut,grountnut,14,Jharsuguda,0,Summer,production,qtl,7108,7108,ok
2024-25,..\raw\earas\2024-25\Technical_Report_EARAS_2024-25_Odisha.pdf,82,5.9,Grountnut,grountnut,14,Jharsuguda,0,Total,area,ha,390,390,ok
2024-25,..\raw\earas\2024-25\Technical_Report_EARAS_2024-25_Odisha.pdf,82,5.9,Grountnut,grountnut,14,Jharsuguda,0,Total,yield_rate,qtl/ha,19.51,19.51,ok
2024-25,..\raw\earas\2024-25\Technical_Report_EARAS_2024-25_Odisha.pdf,82,5.9,Grountnut,grountnut,14,Jharsuguda,0,Total,production,qtl,7607,7607,ok
2024-25,..\raw\earas\2024-25\Technical_Report_EARAS_2024-25_Odisha.pdf,82,5.9,Grountnut,grountnut,15,Kalahandi,0,Autumn,area,ha,701,701,ok
2024-25,..\raw\earas\2024-25\Technical_Report_EARAS_2024-25_Odisha.pdf,82,5.9,Grountnut,grountnut,15,Kalahandi,0,Autumn,yield_rate,qtl/ha,13.99,13.99,ok
2024-25,..\raw\earas\2024-25\Technical_Report_EARAS_2024-25_Odisha.pdf,82,5.9,Grountnut,grountnut,15,Kalahandi,0,Autumn,production,qtl,9807,9807,ok
2024-25,..\raw\earas\2024-25\Technical_Report_EARAS_2024-25_Odisha.pdf,82,5.9,Grountnut,grountnut,15,Kalahandi,0,Winter,area,ha,3,3,ok
2024-25,..\raw\earas\2024-25\Technical_Report_EARAS_2024-25_Odisha.pdf,82,5.9,Grountnut,grountnut,15,Kalahandi,0,Winter,yield_rate,qtl/ha,14.49,14.49,ok
2024-25,..\raw\earas\2024-25\Technical_Report_EARAS_2024-25_Odisha.pdf,82,5.9,Grountnut,grountnut,15,Kalahandi,0,Winter,production,qtl,43,43,ok
2024-25,..\raw\earas\2024-25\Technical_Report_EARAS_2024-25_Odisha.pdf,82,5.9,Grountnut,grountnut,15,Kalahandi,0,Summer,area,ha,642,642,ok
2024-25,..\raw\earas\2024-25\Technical_Report_EARAS_2024-25_Odisha.pdf,82,5.9,Grountnut,grountnut,15,Kalahandi,0,Summer,yield_rate,qtl/ha,12.79,12.79,ok
2024-25,..\raw\earas\2024-25\Technical_Report_EARAS_2024-25_Odisha.pdf,82,5.9,Grountnut,grountnut,15,Kalahandi,0,Summer,production,qtl,8211,8211,ok
2024-25,..\raw\earas\2024-25\Technical_Report_EARAS_2024-25_Odisha.pdf,82,5.9,Grountnut,grountnut,15,Kalahandi,0,Total,area,ha,1346,1346,ok
2024-25,..\raw\earas\2024-25\Technical_Report_EARAS_2024-25_Odisha.pdf,82,5.9,Grountnut,grountnut,15,Kalahandi,0,Total,yield_rate,qtl/ha,13.42,13.42,ok
2024-25,..\raw\earas\2024-25\Technical_Report_EARAS_2024-25_Odisha.pdf,82,5.9,Grountnut,grountnut,15,Kalahandi,0,Total,production,qtl,18061,18061,ok
2024-25,..\raw\earas\2024-25\Technical_Report_EARAS_2024-25_Odisha.pdf,82,5.9,Grountnut,grountnut,16,Kandhamal,0,Autumn,area,ha,57,57,ok
2024-25,..\raw\earas\2024-25\Technical_Report_EARAS_2024-25_Odisha.pdf,82,5.9,Grountnut,grountnut,16,Kandhamal,0,Autumn,yield_rate,qtl/ha,10.62,10.62,ok
2024-25,..\raw\earas\2024-25\Technical_Report_EARAS_2024-25_Odisha.pdf,82,5.9,Grountnut,grountnut,16,Kandhamal,0,Autumn,production,qtl,605,605,ok
2024-25,..\raw\earas\2024-25\Technical_Report_EARAS_2024-25_Odisha.pdf,82,5.9,Grountnut,grountnut,16,Kandhamal,0,Winter,area,ha,73,73,ok
2024-25,..\raw\earas\2024-25\Technical_Report_EARAS_2024-25_Odisha.pdf,82,5.9,Grountnut,grountnut,16,Kandhamal,0,Winter,yield_rate,qtl/ha,10.47,10.47,ok
2024-25,..\raw\earas\2024-25\Technical_Report_EARAS_2024-25_Odisha.pdf,82,5.9,Grountnut,grountnut,16,Kandhamal,0,Winter,production,qtl,764,764,ok
2024-25,..\raw\earas\2024-25\Technical_Report_EARAS_2024-25_Odisha.pdf,82,5.9,Grountnut,grountnut,16,Kandhamal,0,Summer,area,ha,-,,dash
2024-25,..\raw\earas\2024-25\Technical_Report_EARAS_2024-25_Odisha.pdf,82,5.9,Grountnut,grountnut,16,Kandhamal,0,Summer,yield_rate,qtl/ha,-,,dash
2024-25,..\raw\earas\2024-25\Technical_Report_EARAS_2024-25_Odisha.pdf,82,5.9,Grountnut,grountnut,16,Kandhamal,0,Summer,production,qtl,-,,dash
2024-25,..\raw\earas\2024-25\Technical_Report_EARAS_2024-25_Odisha.pdf,82,5.9,Grountnut,grountnut,16,Kandhamal,0,Total,area,ha,130,130,ok
2024-25,..\raw\earas\2024-25\Technical_Report_EARAS_2024-25_Odisha.pdf,82,5.9,Grountnut,grountnut,16,Kandhamal,0,Total,yield_rate,qtl/ha,10.53,10.53,ok
2024-25,..\raw\earas\2024-25\Technical_Report_EARAS_2024-25_Odisha.pdf,82,5.9,Grountnut,grountnut,16,Kandhamal,0,Total,production,qtl,1369,1369,ok
2024-25,..\raw\earas\2024-25\Technical_Report_EARAS_2024-25_Odisha.pdf,82,5.9,Grountnut,grountnut,17,Kendrapada,0,Autumn,area,ha,-,,dash
2024-25,..\raw\earas\2024-25\Technical_Report_EARAS_2024-25_Odisha.pdf,82,5.9,Grountnut,grountnut,17,Kendrapada,0,Autumn,yield_rate,qtl/ha,-,,dash
2024-25,..\raw\earas\2024-25\Technical_Report_EARAS_2024-25_Odisha.pdf,82,5.9,Grountnut,grountnut,17,Kendrapada,0,Autumn,production,qtl,-,,dash
2024-25,..\raw\earas\2024-25\Technical_Report_EARAS_2024-25_Odisha.pdf,82,5.9,Grountnut,grountnut,17,Kendrapada,0,Winter,area,ha,-,,dash
2024-25,..\raw\earas\2024-25\Technical_Report_EARAS_2024-25_Odisha.pdf,82,5.9,Grountnut,grountnut,17,Kendrapada,0,Winter,yield_rate,qtl/ha,-,,dash
2024-25,..\raw\earas\2024-25\Technical_Report_EARAS_2024-25_Odisha.pdf,82,5.9,Grountnut,grountnut,17,Kendrapada,0,Winter,production,qtl,-,,dash
2024-25,..\raw\earas\2024-25\Technical_Report_EARAS_2024-25_Odisha.pdf,82,5.9,Grountnut,grountnut,17,Kendrapada,0,Summer,area,ha,544,544,ok
2024-25,..\raw\earas\2024-25\Technical_Report_EARAS_2024-25_Odisha.pdf,82,5.9,Grountnut,grountnut,17,Kendrapada,0,Summer,yield_rate,qtl/ha,22.56,22.56,ok
2024-25,..\raw\earas\2024-25\Technical_Report_EARAS_2024-25_Odisha.pdf,82,5.9,Grountnut,grountnut,17,Kendrapada,0,Summer,production,qtl,12273,12273,ok
2024-25,..\raw\earas\2024-25\Technical_Report_EARAS_2024-25_Odisha.pdf,82,5.9,Grountnut,grountnut,17,Kendrapada,0,Total,area,ha,544,544,ok
2024-25,..\raw\earas\2024-25\Technical_Report_EARAS_2024-25_Odisha.pdf,82,5.9,Grountnut,grountnut,17,Kendrapada,0,Total,yield_rate,qtl/ha,22.56,22.56,ok
2024-25,..\raw\earas\2024-25\Technical_Report_EARAS_2024-25_Odisha.pdf,82,5.9,Grountnut,grountnut,17,Kendrapada,0,Total,production,qtl,12273,12273,ok
2024-25,..\raw\earas\2024-25\Technical_Report_EARAS_2024-25_Odisha.pdf,82,5.9,Grountnut,grountnut,18,Keonjhar,0,Autumn,area,ha,342,342,ok
2024-25,..\raw\earas\2024-25\Technical_Report_EARAS_2024-25_Odisha.pdf,82,5.9,Grountnut,grountnut,18,Keonjhar,0,Autumn,yield_rate,qtl/ha,14.11,14.11,ok
2024-25,..\raw\earas\2024-25\Technical_Report_EARAS_2024-25_Odisha.pdf,82,5.9,Grountnut,grountnut,18,Keonjhar,0,Autumn,production,qtl,4826,4826,ok
2024-25,..\raw\earas\2024-25\Technical_Report_EARAS_2024-25_Odisha.pdf,82,5.9,Grountnut,grountnut,18,Keonjhar,0,Winter,area,ha,26,26,ok
2024-25,..\raw\earas\2024-25\Technical_Report_EARAS_2024-25_Odisha.pdf,82,5.9,Grountnut,grountnut,18,Keonjhar,0,Winter,yield_rate,qtl/ha,15.09,15.09,ok
2024-25,..\raw\earas\2024-25\Technical_Report_EARAS_2024-25_Odisha.pdf,82,5.9,Grountnut,grountnut,18,Keonjhar,0,Winter,production,qtl,392,392,ok
2024-25,..\raw\earas\2024-25\Technical_Report_EARAS_2024-25_Odisha.pdf,82,5.9,Grountnut,grountnut,18,Keonjhar,0,Summer,area,ha,57,57,ok
2024-25,..\raw\earas\2024-25\Technical_Report_EARAS_2024-25_Odisha.pdf,82,5.9,Grountnut,grountnut,18,Keonjhar,0,Summer,yield_rate,qtl/ha,28.98,28.98,ok
2024-25,..\raw\earas\2024-25\Technical_Report_EARAS_2024-25_Odisha.pdf,82,5.9,Grountnut,grountnut,18,Keonjhar,0,Summer,production,qtl,1652,1652,ok
2024-25,..\raw\earas\2024-25\Technical_Report_EARAS_2024-25_Odisha.pdf,82,5.9,Grountnut,grountnut,18,Keonjhar,0,Total,area,ha,425,425,ok
2024-25,..\raw\earas\2024-25\Technical_Report_EARAS_2024-25_Odisha.pdf,82,5.9,Grountnut,grountnut,18,Keonjhar,0,Total,yield_rate,qtl/ha,16.16,16.16,ok
2024-25,..\raw\earas\2024-25\Technical_Report_EARAS_2024-25_Odisha.pdf,82,5.9,Grountnut,grountnut,18,Keonjhar,0,Total,production,qtl,6870,6870,ok
2024-25,..\raw\earas\2024-25\Technical_Report_EARAS_2024-25_Odisha.pdf,82,5.9,Grountnut,grountnut,19,Khurda,0,Autumn,area,ha,-,,dash
2024-25,..\raw\earas\2024-25\Technical_Report_EARAS_2024-25_Odisha.pdf,82,5.9,Grountnut,grountnut,19,Khurda,0,Autumn,yield_rate,qtl/ha,-,,dash
2024-25,..\raw\earas\2024-25\Technical_Report_EARAS_2024-25_Odisha.pdf,82,5.9,Grountnut,grountnut,19,Khurda,0,Autumn,production,qtl,-,,dash
2024-25,..\raw\earas\2024-25\Technical_Report_EARAS_2024-25_Odisha.pdf,82,5.9,Grountnut,grountnut,19,Khurda,0,Winter,area,ha,2,2,ok
2024-25,..\raw\earas\2024-25\Technical_Report_EARAS_2024-25_Odisha.pdf,82,5.9,Grountnut,grountnut,19,Khurda,0,Winter,yield_rate,qtl/ha,33.09,33.09,ok
2024-25,..\raw\earas\2024-25\Technical_Report_EARAS_2024-25_Odisha.pdf,82,5.9,Grountnut,grountnut,19,Khurda,0,Winter,production,qtl,66,66,ok
2024-25,..\raw\earas\2024-25\Technical_Report_EARAS_2024-25_Odisha.pdf,82,5.9,Grountnut,grountnut,19,Khurda,0,Summer,area,ha,303,303,ok
2024-25,..\raw\earas\2024-25\Technical_Report_EARAS_2024-25_Odisha.pdf,82,5.9,Grountnut,grountnut,19,Khurda,0,Summer,yield_rate,qtl/ha,17.56,17.56,ok
2024-25,..\raw\earas\2024-25\Technical_Report_EARAS_2024-25_Odisha.pdf,82,5.9,Grountnut,grountnut,19,Khurda,0,Summer,production,qtl,5321,5321,ok
2024-25,..\raw\earas\2024-25\Technical_Report_EARAS_2024-25_Odisha.pdf,82,5.9,Grountnut,grountnut,19,Khurda,0,Total,area,ha,305,305,ok
2024-25,..\raw\earas\2024-25\Technical_Report_EARAS_2024-25_Odisha.pdf,82,5.9,Grountnut,grountnut,19,Khurda,0,Total,yield_rate,qtl/ha,17.66,17.66,ok
2024-25,..\raw\earas\2024-25\Technical_Report_EARAS_2024-25_Odisha.pdf,82,5.9,Grountnut,grountnut,19,Khurda,0,Total,production,qtl,5387,5387,ok
2024-25,..\raw\earas\2024-25\Technical_Report_EARAS_2024-25_Odisha.pdf,82,5.9,Grountnut,grountnut,20,Koraput,0,Autumn,area,ha,128,128,ok
2024-25,..\raw\earas\2024-25\Technical_Report_EARAS_2024-25_Odisha.pdf,82,5.9,Grountnut,grountnut,20,Koraput,0,Autumn,yield_rate,qtl/ha,18.40,18.40,ok
2024-25,..\raw\earas\2024-25\Technical_Report_EARAS_2024-25_Odisha.pdf,82,5.9,Grountnut,grountnut,20,Koraput,0,Autumn,production,qtl,2355,2355,ok
2024-25,..\raw\earas\2024-25\Technical_Report_EARAS_2024-25_Odisha.pdf,82,5.9,Grountnut,grountnut,20,Koraput,0,Winter,area,ha,354,354,ok
2024-25,..\raw\earas\2024-25\Technical_Report_EARAS_2024-25_Odisha.pdf,82,5.9,Grountnut,grountnut,20,Koraput,0,Winter,yield_rate,qtl/ha,17.85,17.85,ok
2024-25,..\raw\earas\2024-25\Technical_Report_EARAS_2024-25_Odisha.pdf,82,5.9,Grountnut,grountnut,20,Koraput,0,Winter,production,qtl,6319,6319,ok
2024-25,..\raw\earas\2024-25\Technical_Report_EARAS_2024-25_Odisha.pdf,82,5.9,Grountnut,grountnut,20,Koraput,0,Summer,area,ha,64,64,ok
2024-25,..\raw\earas\2024-25\Technical_Report_EARAS_2024-25_Odisha.pdf,82,5.9,Grountnut,grountnut,20,Koraput,0,Summer,yield_rate,qtl/ha,20.99,20.99,ok
2024-25,..\raw\earas\2024-25\Technical_Report_EARAS_2024-25_Odisha.pdf,82,5.9,Grountnut,grountnut,20,Koraput,0,Summer,production,qtl,1343,1343,ok
2024-25,..\raw\earas\2024-25\Technical_Report_EARAS_2024-25_Odisha.pdf,82,5.9,Grountnut,grountnut,20,Koraput,0,Total,area,ha,546,546,ok
2024-25,..\raw\earas\2024-25\Technical_Report_EARAS_2024-25_Odisha.pdf,82,5.9,Grountnut,grountnut,20,Koraput,0,Total,yield_rate,qtl/ha,18.35,18.35,ok
2024-25,..\raw\earas\2024-25\Technical_Report_EARAS_2024-25_Odisha.pdf,82,5.9,Grountnut,grountnut,20,Koraput,0,Total,production,qtl,10017,10017,ok
2024-25,..\raw\earas\2024-25\Technical_Report_EARAS_2024-25_Odisha.pdf,82,5.9,Grountnut,grountnut,21,Malkangiri,0,Autumn,area,ha,-,,dash
2024-25,..\raw\earas\2024-25\Technical_Report_EARAS_2024-25_Odisha.pdf,82,5.9,Grountnut,grountnut,21,Malkangiri,0,Autumn,yield_rate,qtl/ha,-,,dash
2024-25,..\raw\earas\2024-25\Technical_Report_EARAS_2024-25_Odisha.pdf,82,5.9,Grountnut,grountnut,21,Malkangiri,0,Autumn,production,qtl,-,,dash
2024-25,..\raw\earas\2024-25\Technical_Report_EARAS_2024-25_Odisha.pdf,82,5.9,Grountnut,grountnut,21,Malkangiri,0,Winter,area,ha,-,,dash
2024-25,..\raw\earas\2024-25\Technical_Report_EARAS_2024-25_Odisha.pdf,82,5.9,Grountnut,grountnut,21,Malkangiri,0,Winter,yield_rate,qtl/ha,-,,dash
2024-25,..\raw\earas\2024-25\Technical_Report_EARAS_2024-25_Odisha.pdf,82,5.9,Grountnut,grountnut,21,Malkangiri,0,Winter,production,qtl,-,,dash
2024-25,..\raw\earas\2024-25\Technical_Report_EARAS_2024-25_Odisha.pdf,82,5.9,Grountnut,grountnut,21,Malkangiri,0,Summer,area,ha,5989,5989,ok
2024-25,..\raw\earas\2024-25\Technical_Report_EARAS_2024-25_Odisha.pdf,82,5.9,Grountnut,grountnut,21,Malkangiri,0,Summer,yield_rate,qtl/ha,30.33,30.33,ok
2024-25,..\raw\earas\2024-25\Technical_Report_EARAS_2024-25_Odisha.pdf,82,5.9,Grountnut,grountnut,21,Malkangiri,0,Summer,production,qtl,181646,181646,ok
2024-25,..\raw\earas\2024-25\Technical_Report_EARAS_2024-25_Odisha.pdf,82,5.9,Grountnut,grountnut,21,Malkangiri,0,Total,area,ha,5989,5989,ok
2024-25,..\raw\earas\2024-25\Technical_Report_EARAS_2024-25_Odisha.pdf,82,5.9,Grountnut,grountnut,21,Malkangiri,0,Total,yield_rate,qtl/ha,30.33,30.33,ok
2024-25,..\raw\earas\2024-25\Technical_Report_EARAS_2024-25_Odisha.pdf,82,5.9,Grountnut,grountnut,21,Malkangiri,0,Total,production,qtl,181646,181646,ok
2024-25,..\raw\earas\2024-25\Technical_Report_EARAS_2024-25_Odisha.pdf,82,5.9,Grountnut,grountnut,22,Mayurbhanja,0,Autumn,area,ha,68,68,ok
2024-25,..\raw\earas\2024-25\Technical_Report_EARAS_2024-25_Odisha.pdf,82,5.9,Grountnut,grountnut,22,Mayurbhanja,0,Autumn,yield_rate,qtl/ha,13.75,13.75,ok
2024-25,..\raw\earas\2024-25\Technical_Report_EARAS_2024-25_Odisha.pdf,82,5.9,Grountnut,grountnut,22,Mayurbhanja,0,Autumn,production,qtl,935,935,ok
2024-25,..\raw\earas\2024-25\Technical_Report_EARAS_2024-25_Odisha.pdf,82,5.9,Grountnut,grountnut,22,Mayurbhanja,0,Winter,area,ha,73,73,ok
2024-25,..\raw\earas\2024-25\Technical_Report_EARAS_2024-25_Odisha.pdf,82,5.9,Grountnut,grountnut,22,Mayurbhanja,0,Winter,yield_rate,qtl/ha,11.13,11.13,ok
2024-25,..\raw\earas\2024-25\Technical_Report_EARAS_2024-25_Odisha.pdf,82,5.9,Grountnut,grountnut,22,Mayurbhanja,0,Winter,production,qtl,812,812,ok
2024-25,..\raw\earas\2024-25\Technical_Report_EARAS_2024-25_Odisha.pdf,82,5.9,Grountnut,grountnut,22,Mayurbhanja,0,Summer,area,ha,1245,1245,ok
2024-25,..\raw\earas\2024-25\Technical_Report_EARAS_2024-25_Odisha.pdf,82,5.9,Grountnut,grountnut,22,Mayurbhanja,0,Summer,yield_rate,qtl/ha,21.86,21.86,ok
2024-25,..\raw\earas\2024-25\Technical_Report_EARAS_2024-25_Odisha.pdf,82,5.9,Grountnut,grountnut,22,Mayurbhanja,0,Summer,production,qtl,27216,27216,ok
2024-25,..\raw\earas\2024-25\Technical_Report_EARAS_2024-25_Odisha.pdf,82,5.9,Grountnut,grountnut,22,Mayurbhanja,0,Total,area,ha,1386,1386,ok
2024-25,..\raw\earas\2024-25\Technical_Report_EARAS_2024-25_Odisha.pdf,82,5.9,Grountnut,grountnut,22,Mayurbhanja,0,Total,yield_rate,qtl/ha,20.90,20.90,ok
2024-25,..\raw\earas\2024-25\Technical_Report_EARAS_2024-25_Odisha.pdf,82,5.9,Grountnut,grountnut,22,Mayurbhanja,0,Total,production,qtl,28963,28963,ok
2024-25,..\raw\earas\2024-25\Technical_Report_EARAS_2024-25_Odisha.pdf,82,5.9,Grountnut,grountnut,23,Nuapada,0,Autumn,area,ha,1246,1246,ok
2024-25,..\raw\earas\2024-25\Technical_Report_EARAS_2024-25_Odisha.pdf,82,5.9,Grountnut,grountnut,23,Nuapada,0,Autumn,yield_rate,qtl/ha,14.49,14.49,ok
2024-25,..\raw\earas\2024-25\Technical_Report_EARAS_2024-25_Odisha.pdf,82,5.9,Grountnut,grountnut,23,Nuapada,0,Autumn,production,qtl,18055,18055,ok
2024-25,..\raw\earas\2024-25\Technical_Report_EARAS_2024-25_Odisha.pdf,82,5.9,Grountnut,grountnut,23,Nuapada,0,Winter,area,ha,-,,dash
2024-25,..\raw\earas\2024-25\Technical_Report_EARAS_2024-25_Odisha.pdf,82,5.9,Grountnut,grountnut,23,Nuapada,0,Winter,yield_rate,qtl/ha,-,,dash
2024-25,..\raw\earas\2024-25\Technical_Report_EARAS_2024-25_Odisha.pdf,82,5.9,Grountnut,grountnut,23,Nuapada,0,Winter,production,qtl,-,,dash
2024-25,..\raw\earas\2024-25\Technical_Report_EARAS_2024-25_Odisha.pdf,82,5.9,Grountnut,grountnut,23,Nuapada,0,Summer,area,ha,761,761,ok
2024-25,..\raw\earas\2024-25\Technical_Report_EARAS_2024-25_Odisha.pdf,82,5.9,Grountnut,grountnut,23,Nuapada,0,Summer,yield_rate,qtl/ha,21.52,21.52,ok
2024-25,..\raw\earas\2024-25\Technical_Report_EARAS_2024-25_Odisha.pdf,82,5.9,Grountnut,grountnut,23,Nuapada,0,Summer,production,qtl,16377,16377,ok
2024-25,..\raw\earas\2024-25\Technical_Report_EARAS_2024-25_Odisha.pdf,82,5.9,Grountnut,grountnut,23,Nuapada,0,Total,area,ha,2007,2007,ok
2024-25,..\raw\earas\2024-25\Technical_Report_EARAS_2024-25_Odisha.pdf,82,5.9,Grountnut,grountnut,23,Nuapada,0,Total,yield_rate,qtl/ha,17.16,17.16,ok
2024-25,..\raw\earas\2024-25\Technical_Report_EARAS_2024-25_Odisha.pdf,82,5.9,Grountnut,grountnut,23,Nuapada,0,Total,production,qtl,34432,34432,ok
2024-25,..\raw\earas\2024-25\Technical_Report_EARAS_2024-25_Odisha.pdf,82,5.9,Grountnut,grountnut,24,Nayagada,0,Autumn,area,ha,178,178,ok
2024-25,..\raw\earas\2024-25\Technical_Report_EARAS_2024-25_Odisha.pdf,82,5.9,Grountnut,grountnut,24,Nayagada,0,Autumn,yield_rate,qtl/ha,12.83,12.83,ok
2024-25,..\raw\earas\2024-25\Technical_Report_EARAS_2024-25_Odisha.pdf,82,5.9,Grountnut,grountnut,24,Nayagada,0,Autumn,production,qtl,2284,2284,ok
2024-25,..\raw\earas\2024-25\Technical_Report_EARAS_2024-25_Odisha.pdf,82,5.9,Grountnut,grountnut,24,Nayagada,0,Winter,area,ha,4,4,ok
2024-25,..\raw\earas\2024-25\Technical_Report_EARAS_2024-25_Odisha.pdf,82,5.9,Grountnut,grountnut,24,Nayagada,0,Winter,yield_rate,qtl/ha,14.43,14.43,ok
2024-25,..\raw\earas\2024-25\Technical_Report_EARAS_2024-25_Odisha.pdf,82,5.9,Grountnut,grountnut,24,Nayagada,0,Winter,production,qtl,58,58,ok
2024-25,..\raw\earas\2024-25\Technical_Report_EARAS_2024-25_Odisha.pdf,82,5.9,Grountnut,grountnut,24,Nayagada,0,Summer,area,ha,131,131,ok
2024-25,..\raw\earas\2024-25\Technical_Report_EARAS_2024-25_Odisha.pdf,82,5.9,Grountnut,grountnut,24,Nayagada,0,Summer,yield_rate,qtl/ha,21.94,21.94,ok
2024-25,..\raw\earas\2024-25\Technical_Report_EARAS_2024-25_Odisha.pdf,82,5.9,Grountnut,grountnut,24,Nayagada,0,Summer,production,qtl,2874,2874,ok
2024-25,..\raw\earas\2024-25\Technical_Report_EARAS_2024-25_Odisha.pdf,82,5.9,Grountnut,grountnut,24,Nayagada,0,Total,area,ha,313,313,ok
2024-25,..\raw\earas\2024-25\Technical_Report_EARAS_2024-25_Odisha.pdf,82,5.9,Grountnut,grountnut,24,Nayagada,0,Total,yield_rate,qtl/ha,16.66,16.66,ok
2024-25,..\raw\earas\2024-25\Technical_Report_EARAS_2024-25_Odisha.pdf,82,5.9,Grountnut,grountnut,24,Nayagada,0,Total,production,qtl,5216,5216,ok
2024-25,..\raw\earas\2024-25\Technical_Report_EARAS_2024-25_Odisha.pdf,82,5.9,Grountnut,grountnut,25,Nawarangpur,0,Autumn,area,ha,17,17,ok
2024-25,..\raw\earas\2024-25\Technical_Report_EARAS_2024-25_Odisha.pdf,82,5.9,Grountnut,grountnut,25,Nawarangpur,0,Autumn,yield_rate,qtl/ha,9.60,9.60,ok
2024-25,..\raw\earas\2024-25\Technical_Report_EARAS_2024-25_Odisha.pdf,82,5.9,Grountnut,grountnut,25,Nawarangpur,0,Autumn,production,qtl,163,163,ok
2024-25,..\raw\earas\2024-25\Technical_Report_EARAS_2024-25_Odisha.pdf,82,5.9,Grountnut,grountnut,25,Nawarangpur,0,Winter,area,ha,-,,dash
2024-25,..\raw\earas\2024-25\Technical_Report_EARAS_2024-25_Odisha.pdf,82,5.9,Grountnut,grountnut,25,Nawarangpur,0,Winter,yield_rate,qtl/ha,-,,dash
2024-25,..\raw\earas\2024-25\Technical_Report_EARAS_2024-25_Odisha.pdf,82,5.9,Grountnut,grountnut,25,Nawarangpur,0,Winter,production,qtl,-,,dash
2024-25,..\raw\earas\2024-25\Technical_Report_EARAS_2024-25_Odisha.pdf,82,5.9,Grountnut,grountnut,25,Nawarangpur,0,Summer,area,ha,147,147,ok
2024-25,..\raw\earas\2024-25\Technical_Report_EARAS_2024-25_Odisha.pdf,82,5.9,Grountnut,grountnut,25,Nawarangpur,0,Summer,yield_rate,qtl/ha,10.28,10.28,ok
2024-25,..\raw\earas\2024-25\Technical_Report_EARAS_2024-25_Odisha.pdf,82,5.9,Grountnut,grountnut,25,Nawarangpur,0,Summer,production,qtl,1511,1511,ok
2024-25,..\raw\earas\2024-25\Technical_Report_EARAS_2024-25_Odisha.pdf,82,5.9,Grountnut,grountnut,25,Nawarangpur,0,Total,area,ha,164,164,ok
2024-25,..\raw\earas\2024-25\Technical_Report_EARAS_2024-25_Odisha.pdf,82,5.9,Grountnut,grountnut,25,Nawarangpur,0,Total,yield_rate,qtl/ha,10.21,10.21,ok
2024-25,..\raw\earas\2024-25\Technical_Report_EARAS_2024-25_Odisha.pdf,82,5.9,Grountnut,grountnut,25,Nawarangpur,0,Total,production,qtl,1674,1674,ok
2024-25,..\raw\earas\2024-25\Technical_Report_EARAS_2024-25_Odisha.pdf,82,5.9,Grountnut,grountnut,26,Puri,0,Autumn,area,ha,-,,dash
2024-25,..\raw\earas\2024-25\Technical_Report_EARAS_2024-25_Odisha.pdf,82,5.9,Grountnut,grountnut,26,Puri,0,Autumn,yield_rate,qtl/ha,-,,dash
2024-25,..\raw\earas\2024-25\Technical_Report_EARAS_2024-25_Odisha.pdf,82,5.9,Grountnut,grountnut,26,Puri,0,Autumn,production,qtl,-,,dash
2024-25,..\raw\earas\2024-25\Technical_Report_EARAS_2024-25_Odisha.pdf,82,5.9,Grountnut,grountnut,26,Puri,0,Winter,area,ha,-,,dash
2024-25,..\raw\earas\2024-25\Technical_Report_EARAS_2024-25_Odisha.pdf,82,5.9,Grountnut,grountnut,26,Puri,0,Winter,yield_rate,qtl/ha,-,,dash
2024-25,..\raw\earas\2024-25\Technical_Report_EARAS_2024-25_Odisha.pdf,82,5.9,Grountnut,grountnut,26,Puri,0,Winter,production,qtl,-,,dash
2024-25,..\raw\earas\2024-25\Technical_Report_EARAS_2024-25_Odisha.pdf,82,5.9,Grountnut,grountnut,26,Puri,0,Summer,area,ha,1404,1404,ok
2024-25,..\raw\earas\2024-25\Technical_Report_EARAS_2024-25_Odisha.pdf,82,5.9,Grountnut,grountnut,26,Puri,0,Summer,yield_rate,qtl/ha,15.41,15.41,ok
2024-25,..\raw\earas\2024-25\Technical_Report_EARAS_2024-25_Odisha.pdf,82,5.9,Grountnut,grountnut,26,Puri,0,Summer,production,qtl,21636,21636,ok
2024-25,..\raw\earas\2024-25\Technical_Report_EARAS_2024-25_Odisha.pdf,82,5.9,Grountnut,grountnut,26,Puri,0,Total,area,ha,1404,1404,ok
2024-25,..\raw\earas\2024-25\Technical_Report_EARAS_2024-25_Odisha.pdf,82,5.9,Grountnut,grountnut,26,Puri,0,Total,yield_rate,qtl/ha,15.41,15.41,ok
2024-25,..\raw\earas\2024-25\Technical_Report_EARAS_2024-25_Odisha.pdf,82,5.9,Grountnut,grountnut,26,Puri,0,Total,production,qtl,21636,21636,ok
2024-25,..\raw\earas\2024-25\Technical_Report_EARAS_2024-25_Odisha.pdf,82,5.9,Grountnut,grountnut,27,Raygada,0,Autumn,area,ha,39,39,ok
2024-25,..\raw\earas\2024-25\Technical_Report_EARAS_2024-25_Odisha.pdf,82,5.9,Grountnut,grountnut,27,Raygada,0,Autumn,yield_rate,qtl/ha,10.55,10.55,ok
2024-25,..\raw\earas\2024-25\Technical_Report_EARAS_2024-25_Odisha.pdf,82,5.9,Grountnut,grountnut,27,Raygada,0,Autumn,production,qtl,411,411,ok
2024-25,..\raw\earas\2024-25\Technical_Report_EARAS_2024-25_Odisha.pdf,82,5.9,Grountnut,grountnut,27,Raygada,0,Winter,area,ha,300,300,ok
2024-25,..\raw\earas\2024-25\Technical_Report_EARAS_2024-25_Odisha.pdf,82,5.9,Grountnut,grountnut,27,Raygada,0,Winter,yield_rate,qtl/ha,10.66,10.66,ok
2024-25,..\raw\earas\2024-25\Technical_Report_EARAS_2024-25_Odisha.pdf,82,5.9,Grountnut,grountnut,27,Raygada,0,Winter,production,qtl,3198,3198,ok
2024-25,..\raw\earas\2024-25\Technical_Report_EARAS_2024-25_Odisha.pdf,82,5.9,Grountnut,grountnut,27,Raygada,0,Summer,area,ha,41,41,ok
2024-25,..\raw\earas\2024-25\Technical_Report_EARAS_2024-25_Odisha.pdf,82,5.9,Grountnut,grountnut,27,Raygada,0,Summer,yield_rate,qtl/ha,14.96,14.96,ok
2024-25,..\raw\earas\2024-25\Technical_Report_EARAS_2024-25_Odisha.pdf,82,5.9,Grountnut,grountnut,27,Raygada,0,Summer,production,qtl,613,613,ok
2024-25,..\raw\earas\2024-25\Technical_Report_EARAS_2024-25_Odisha.pdf,82,5.9,Grountnut,grountnut,27,Raygada,0,Total,area,ha,380,380,ok
2024-25,..\raw\earas\2024-25\Technical_Report_EARAS_2024-25_Odisha.pdf,82,5.9,Grountnut,grountnut,27,Raygada,0,Total,yield_rate,qtl/ha,11.11,11.11,ok
2024-25,..\raw\earas\2024-25\Technical_Report_EARAS_2024-25_Odisha.pdf,82,5.9,Grountnut,grountnut,27,Raygada,0,Total,production,qtl,4222,4222,ok
2024-25,..\raw\earas\2024-25\Technical_Report_EARAS_2024-25_Odisha.pdf,82,5.9,Grountnut,grountnut,28,Sambalpur,0,Autumn,area,ha,4,4,ok
2024-25,..\raw\earas\2024-25\Technical_Report_EARAS_2024-25_Odisha.pdf,82,5.9,Grountnut,grountnut,28,Sambalpur,0,Autumn,yield_rate,qtl/ha,12.29,12.29,ok
2024-25,..\raw\earas\2024-25\Technical_Report_EARAS_2024-25_Odisha.pdf,82,5.9,Grountnut,grountnut,28,Sambalpur,0,Autumn,production,qtl,49,49,ok
2024-25,..\raw\earas\2024-25\Technical_Report_EARAS_2024-25_Odisha.pdf,82,5.9,Grountnut,grountnut,28,Sambalpur,0,Winter,area,ha,1,1,ok
2024-25,..\raw\earas\2024-25\Technical_Report_EARAS_2024-25_Odisha.pdf,82,5.9,Grountnut,grountnut,28,Sambalpur,0,Winter,yield_rate,qtl/ha,31.81,31.81,ok
2024-25,..\raw\earas\2024-25\Technical_Report_EARAS_2024-25_Odisha.pdf,82,5.9,Grountnut,grountnut,28,Sambalpur,0,Winter,production,qtl,32,32,ok
2024-25,..\raw\earas\2024-25\Technical_Report_EARAS_2024-25_Odisha.pdf,82,5.9,Grountnut,grountnut,28,Sambalpur,0,Summer,area,ha,104,104,ok
2024-25,..\raw\earas\2024-25\Technical_Report_EARAS_2024-25_Odisha.pdf,82,5.9,Grountnut,grountnut,28,Sambalpur,0,Summer,yield_rate,qtl/ha,29.86,29.86,ok
2024-25,..\raw\earas\2024-25\Technical_Report_EARAS_2024-25_Odisha.pdf,82,5.9,Grountnut,grountnut,28,Sambalpur,0,Summer,production,qtl,3105,3105,ok
2024-25,..\raw\earas\2024-25\Technical_Report_EARAS_2024-25_Odisha.pdf,82,5.9,Grountnut,grountnut,28,Sambalpur,0,Total,area,ha,109,109,ok
2024-25,..\raw\earas\2024-25\Technical_Report_EARAS_2024-25_Odisha.pdf,82,5.9,Grountnut,grountnut,28,Sambalpur,0,Total,yield_rate,qtl/ha,29.23,29.23,ok
2024-25,..\raw\earas\2024-25\Technical_Report_EARAS_2024-25_Odisha.pdf,82,5.9,Grountnut,grountnut,28,Sambalpur,0,Total,production,qtl,3186,3186,ok
2024-25,..\raw\earas\2024-25\Technical_Report_EARAS_2024-25_Odisha.pdf,82,5.9,Grountnut,grountnut,29,Subarnapur,0,Autumn,area,ha,6,6,ok
2024-25,..\raw\earas\2024-25\Technical_Report_EARAS_2024-25_Odisha.pdf,82,5.9,Grountnut,grountnut,29,Subarnapur,0,Autumn,yield_rate,qtl/ha,14.29,14.29,ok
2024-25,..\raw\earas\2024-25\Technical_Report_EARAS_2024-25_Odisha.pdf,82,5.9,Grountnut,grountnut,29,Subarnapur,0,Autumn,production,qtl,86,86,ok
2024-25,..\raw\earas\2024-25\Technical_Report_EARAS_2024-25_Odisha.pdf,82,5.9,Grountnut,grountnut,29,Subarnapur,0,Winter,area,ha,-,,dash
2024-25,..\raw\earas\2024-25\Technical_Report_EARAS_2024-25_Odisha.pdf,82,5.9,Grountnut,grountnut,29,Subarnapur,0,Winter,yield_rate,qtl/ha,-,,dash
2024-25,..\raw\earas\2024-25\Technical_Report_EARAS_2024-25_Odisha.pdf,82,5.9,Grountnut,grountnut,29,Subarnapur,0,Winter,production,qtl,-,,dash
2024-25,..\raw\earas\2024-25\Technical_Report_EARAS_2024-25_Odisha.pdf,82,5.9,Grountnut,grountnut,29,Subarnapur,0,Summer,area,ha,183,183,ok
2024-25,..\raw\earas\2024-25\Technical_Report_EARAS_2024-25_Odisha.pdf,82,5.9,Grountnut,grountnut,29,Subarnapur,0,Summer,yield_rate,qtl/ha,18.80,18.80,ok
2024-25,..\raw\earas\2024-25\Technical_Report_EARAS_2024-25_Odisha.pdf,82,5.9,Grountnut,grountnut,29,Subarnapur,0,Summer,production,qtl,3440,3440,ok
2024-25,..\raw\earas\2024-25\Technical_Report_EARAS_2024-25_Odisha.pdf,82,5.9,Grountnut,grountnut,29,Subarnapur,0,Total,area,ha,189,189,ok
2024-25,..\raw\earas\2024-25\Technical_Report_EARAS_2024-25_Odisha.pdf,82,5.9,Grountnut,grountnut,29,Subarnapur,0,Total,yield_rate,qtl/ha,18.66,18.66,ok
2024-25,..\raw\earas\2024-25\Technical_Report_EARAS_2024-25_Odisha.pdf,82,5.9,Grountnut,grountnut,29,Subarnapur,0,Total,production,qtl,3526,3526,ok
2024-25,..\raw\earas\2024-25\Technical_Report_EARAS_2024-25_Odisha.pdf,82,5.9,Grountnut,grountnut,30,Sundargarh,0,Autumn,area,ha,817,817,ok
2024-25,..\raw\earas\2024-25\Technical_Report_EARAS_2024-25_Odisha.pdf,82,5.9,Grountnut,grountnut,30,Sundargarh,0,Autumn,yield_rate,qtl/ha,10.84,10.84,ok
2024-25,..\raw\earas\2024-25\Technical_Report_EARAS_2024-25_Odisha.pdf,82,5.9,Grountnut,grountnut,30,Sundargarh,0,Autumn,production,qtl,8856,8856,ok
2024-25,..\raw\earas\2024-25\Technical_Report_EARAS_2024-25_Odisha.pdf,82,5.9,Grountnut,grountnut,30,Sundargarh,0,Winter,area,ha,25,25,ok
2024-25,..\raw\earas\2024-25\Technical_Report_EARAS_2024-25_Odisha.pdf,82,5.9,Grountnut,grountnut,30,Sundargarh,0,Winter,yield_rate,qtl/ha,7.51,7.51,ok
2024-25,..\raw\earas\2024-25\Technical_Report_EARAS_2024-25_Odisha.pdf,82,5.9,Grountnut,grountnut,30,Sundargarh,0,Winter,production,qtl,188,188,ok
2024-25,..\raw\earas\2024-25\Technical_Report_EARAS_2024-25_Odisha.pdf,82,5.9,Grountnut,grountnut,30,Sundargarh,0,Summer,area,ha,264,264,ok
2024-25,..\raw\earas\2024-25\Technical_Report_EARAS_2024-25_Odisha.pdf,82,5.9,Grountnut,grountnut,30,Sundargarh,0,Summer,yield_rate,qtl/ha,18.78,18.78,ok
2024-25,..\raw\earas\2024-25\Technical_Report_EARAS_2024-25_Odisha.pdf,82,5.9,Grountnut,grountnut,30,Sundargarh,0,Summer,production,qtl,4958,4958,ok
2024-25,..\raw\earas\2024-25\Technical_Report_EARAS_2024-25_Odisha.pdf,82,5.9,Grountnut,grountnut,30,Sundargarh,0,Total,area,ha,1106,1106,ok
2024-25,..\raw\earas\2024-25\Technical_Report_EARAS_2024-25_Odisha.pdf,82,5.9,Grountnut,grountnut,30,Sundargarh,0,Total,yield_rate,qtl/ha,12.66,12.66,ok
2024-25,..\raw\earas\2024-25\Technical_Report_EARAS_2024-25_Odisha.pdf,82,5.9,Grountnut,grountnut,30,Sundargarh,0,Total,production,qtl,14002,14002,ok
2024-25,..\raw\earas\2024-25\Technical_Report_EARAS_2024-25_Odisha.pdf,82,5.9,Grountnut,grountnut,,STATE,1,Autumn,area,ha,10907,10907,ok
2024-25,..\raw\earas\2024-25\Technical_Report_EARAS_2024-25_Odisha.pdf,82,5.9,Grountnut,grountnut,,STATE,1,Autumn,yield_rate,qtl/ha,16.50,16.50,ok
2024-25,..\raw\earas\2024-25\Technical_Report_EARAS_2024-25_Odisha.pdf,82,5.9,Grountnut,grountnut,,STATE,1,Autumn,production,qtl,179959,179959,ok
2024-25,..\raw\earas\2024-25\Technical_Report_EARAS_2024-25_Odisha.pdf,82,5.9,Grountnut,grountnut,,STATE,1,Winter,area,ha,2593,2593,ok
2024-25,..\raw\earas\2024-25\Technical_Report_EARAS_2024-25_Odisha.pdf,82,5.9,Grountnut,grountnut,,STATE,1,Winter,yield_rate,qtl/ha,18.67,18.67,ok
2024-25,..\raw\earas\2024-25\Technical_Report_EARAS_2024-25_Odisha.pdf,82,5.9,Grountnut,grountnut,,STATE,1,Winter,production,qtl,48401,48401,ok
2024-25,..\raw\earas\2024-25\Technical_Report_EARAS_2024-25_Odisha.pdf,82,5.9,Grountnut,grountnut,,STATE,1,Summer,area,ha,31835,31835,ok
2024-25,..\raw\earas\2024-25\Technical_Report_EARAS_2024-25_Odisha.pdf,82,5.9,Grountnut,grountnut,,STATE,1,Summer,yield_rate,qtl/ha,22.67,22.67,ok
2024-25,..\raw\earas\2024-25\Technical_Report_EARAS_2024-25_Odisha.pdf,82,5.9,Grountnut,grountnut,,STATE,1,Summer,production,qtl,721549,721549,ok
2024-25,..\raw\earas\2024-25\Technical_Report_EARAS_2024-25_Odisha.pdf,82,5.9,Grountnut,grountnut,,STATE,1,Total,area,ha,45335,45335,ok
2024-25,..\raw\earas\2024-25\Technical_Report_EARAS_2024-25_Odisha.pdf,82,5.9,Grountnut,grountnut,,STATE,1,Total,yield_rate,qtl/ha,20.95,20.95,ok
2024-25,..\raw\earas\2024-25\Technical_Report_EARAS_2024-25_Odisha.pdf,82,5.9,Grountnut,grountnut,,STATE,1,Total,production,qtl,949909,949909,ok
2024-25,..\raw\earas\2024-25\Technical_Report_EARAS_2024-25_Odisha.pdf,83,5.10,Mustard,mustard,1,Angul,0,Autumn,area,ha,-,,dash
2024-25,..\raw\earas\2024-25\Technical_Report_EARAS_2024-25_Odisha.pdf,83,5.10,Mustard,mustard,1,Angul,0,Autumn,yield_rate,qtl/ha,-,,dash
2024-25,..\raw\earas\2024-25\Technical_Report_EARAS_2024-25_Odisha.pdf,83,5.10,Mustard,mustard,1,Angul,0,Autumn,production,qtl,-,,dash
2024-25,..\raw\earas\2024-25\Technical_Report_EARAS_2024-25_Odisha.pdf,83,5.10,Mustard,mustard,1,Angul,0,Winter,area,ha,306,306,ok
2024-25,..\raw\earas\2024-25\Technical_Report_EARAS_2024-25_Odisha.pdf,83,5.10,Mustard,mustard,1,Angul,0,Winter,yield_rate,qtl/ha,2.03,2.03,ok
2024-25,..\raw\earas\2024-25\Technical_Report_EARAS_2024-25_Odisha.pdf,83,5.10,Mustard,mustard,1,Angul,0,Winter,production,qtl,621,621,ok
2024-25,..\raw\earas\2024-25\Technical_Report_EARAS_2024-25_Odisha.pdf,83,5.10,Mustard,mustard,1,Angul,0,Summer,area,ha,-,,dash
2024-25,..\raw\earas\2024-25\Technical_Report_EARAS_2024-25_Odisha.pdf,83,5.10,Mustard,mustard,1,Angul,0,Summer,yield_rate,qtl/ha,-,,dash
2024-25,..\raw\earas\2024-25\Technical_Report_EARAS_2024-25_Odisha.pdf,83,5.10,Mustard,mustard,1,Angul,0,Summer,production,qtl,-,,dash
2024-25,..\raw\earas\2024-25\Technical_Report_EARAS_2024-25_Odisha.pdf,83,5.10,Mustard,mustard,1,Angul,0,Total,area,ha,306,306,ok
2024-25,..\raw\earas\2024-25\Technical_Report_EARAS_2024-25_Odisha.pdf,83,5.10,Mustard,mustard,1,Angul,0,Total,yield_rate,qtl/ha,2.03,2.03,ok
2024-25,..\raw\earas\2024-25\Technical_Report_EARAS_2024-25_Odisha.pdf,83,5.10,Mustard,mustard,1,Angul,0,Total,production,qtl,621,621,ok
2024-25,..\raw\earas\2024-25\Technical_Report_EARAS_2024-25_Odisha.pdf,83,5.10,Mustard,mustard,2,Balangir,0,Autumn,area,ha,-,,dash
2024-25,..\raw\earas\2024-25\Technical_Report_EARAS_2024-25_Odisha.pdf,83,5.10,Mustard,mustard,2,Balangir,0,Autumn,yield_rate,qtl/ha,-,,dash
2024-25,..\raw\earas\2024-25\Technical_Report_EARAS_2024-25_Odisha.pdf,83,5.10,Mustard,mustard,2,Balangir,0,Autumn,production,qtl,-,,dash
2024-25,..\raw\earas\2024-25\Technical_Report_EARAS_2024-25_Odisha.pdf,83,5.10,Mustard,mustard,2,Balangir,0,Winter,area,ha,823,823,ok
2024-25,..\raw\earas\2024-25\Technical_Report_EARAS_2024-25_Odisha.pdf,83,5.10,Mustard,mustard,2,Balangir,0,Winter,yield_rate,qtl/ha,1.20,1.20,ok
2024-25,..\raw\earas\2024-25\Technical_Report_EARAS_2024-25_Odisha.pdf,83,5.10,Mustard,mustard,2,Balangir,0,Winter,production,qtl,988,988,ok
2024-25,..\raw\earas\2024-25\Technical_Report_EARAS_2024-25_Odisha.pdf,83,5.10,Mustard,mustard,2,Balangir,0,Summer,area,ha,-,,dash
2024-25,..\raw\earas\2024-25\Technical_Report_EARAS_2024-25_Odisha.pdf,83,5.10,Mustard,mustard,2,Balangir,0,Summer,yield_rate,qtl/ha,-,,dash
2024-25,..\raw\earas\2024-25\Technical_Report_EARAS_2024-25_Odisha.pdf,83,5.10,Mustard,mustard,2,Balangir,0,Summer,production,qtl,-,,dash
2024-25,..\raw\earas\2024-25\Technical_Report_EARAS_2024-25_Odisha.pdf,83,5.10,Mustard,mustard,2,Balangir,0,Total,area,ha,823,823,ok
2024-25,..\raw\earas\2024-25\Technical_Report_EARAS_2024-25_Odisha.pdf,83,5.10,Mustard,mustard,2,Balangir,0,Total,yield_rate,qtl/ha,1.20,1.20,ok
2024-25,..\raw\earas\2024-25\Technical_Report_EARAS_2024-25_Odisha.pdf,83,5.10,Mustard,mustard,2,Balangir,0,Total,production,qtl,988,988,ok
2024-25,..\raw\earas\2024-25\Technical_Report_EARAS_2024-25_Odisha.pdf,83,5.10,Mustard,mustard,3,Balasore,0,Autumn,area,ha,-,,dash
2024-25,..\raw\earas\2024-25\Technical_Report_EARAS_2024-25_Odisha.pdf,83,5.10,Mustard,mustard,3,Balasore,0,Autumn,yield_rate,qtl/ha,-,,dash
2024-25,..\raw\earas\2024-25\Technical_Report_EARAS_2024-25_Odisha.pdf,83,5.10,Mustard,mustard,3,Balasore,0,Autumn,production,qtl,-,,dash
2024-25,..\raw\earas\2024-25\Technical_Report_EARAS_2024-25_Odisha.pdf,83,5.10,Mustard,mustard,3,Balasore,0,Winter,area,ha,780,780,ok
2024-25,..\raw\earas\2024-25\Technical_Report_EARAS_2024-25_Odisha.pdf,83,5.10,Mustard,mustard,3,Balasore,0,Winter,yield_rate,qtl/ha,3.10,3.10,ok
2024-25,..\raw\earas\2024-25\Technical_Report_EARAS_2024-25_Odisha.pdf,83,5.10,Mustard,mustard,3,Balasore,0,Winter,production,qtl,2418,2418,ok
2024-25,..\raw\earas\2024-25\Technical_Report_EARAS_2024-25_Odisha.pdf,83,5.10,Mustard,mustard,3,Balasore,0,Summer,area,ha,-,,dash
2024-25,..\raw\earas\2024-25\Technical_Report_EARAS_2024-25_Odisha.pdf,83,5.10,Mustard,mustard,3,Balasore,0,Summer,yield_rate,qtl/ha,-,,dash
2024-25,..\raw\earas\2024-25\Technical_Report_EARAS_2024-25_Odisha.pdf,83,5.10,Mustard,mustard,3,Balasore,0,Summer,production,qtl,-,,dash
2024-25,..\raw\earas\2024-25\Technical_Report_EARAS_2024-25_Odisha.pdf,83,5.10,Mustard,mustard,3,Balasore,0,Total,area,ha,780,780,ok
2024-25,..\raw\earas\2024-25\Technical_Report_EARAS_2024-25_Odisha.pdf,83,5.10,Mustard,mustard,3,Balasore,0,Total,yield_rate,qtl/ha,3.10,3.10,ok
2024-25,..\raw\earas\2024-25\Technical_Report_EARAS_2024-25_Odisha.pdf,83,5.10,Mustard,mustard,3,Balasore,0,Total,production,qtl,2418,2418,ok
2024-25,..\raw\earas\2024-25\Technical_Report_EARAS_2024-25_Odisha.pdf,83,5.10,Mustard,mustard,4,Bargarh,0,Autumn,area,ha,-,,dash
2024-25,..\raw\earas\2024-25\Technical_Report_EARAS_2024-25_Odisha.pdf,83,5.10,Mustard,mustard,4,Bargarh,0,Autumn,yield_rate,qtl/ha,-,,dash
2024-25,..\raw\earas\2024-25\Technical_Report_EARAS_2024-25_Odisha.pdf,83,5.10,Mustard,mustard,4,Bargarh,0,Autumn,production,qtl,-,,dash
2024-25,..\raw\earas\2024-25\Technical_Report_EARAS_2024-25_Odisha.pdf,83,5.10,Mustard,mustard,4,Bargarh,0,Winter,area,ha,1464,1464,ok
2024-25,..\raw\earas\2024-25\Technical_Report_EARAS_2024-25_Odisha.pdf,83,5.10,Mustard,mustard,4,Bargarh,0,Winter,yield_rate,qtl/ha,2.64,2.64,ok
2024-25,..\raw\earas\2024-25\Technical_Report_EARAS_2024-25_Odisha.pdf,83,5.10,Mustard,mustard,4,Bargarh,0,Winter,production,qtl,3865,3865,ok
2024-25,..\raw\earas\2024-25\Technical_Report_EARAS_2024-25_Odisha.pdf,83,5.10,Mustard,mustard,4,Bargarh,0,Summer,area,ha,-,,dash
2024-25,..\raw\earas\2024-25\Technical_Report_EARAS_2024-25_Odisha.pdf,83,5.10,Mustard,mustard,4,Bargarh,0,Summer,yield_rate,qtl/ha,-,,dash
2024-25,..\raw\earas\2024-25\Technical_Report_EARAS_2024-25_Odisha.pdf,83,5.10,Mustard,mustard,4,Bargarh,0,Summer,production,qtl,-,,dash
2024-25,..\raw\earas\2024-25\Technical_Report_EARAS_2024-25_Odisha.pdf,83,5.10,Mustard,mustard,4,Bargarh,0,Total,area,ha,1464,1464,ok
2024-25,..\raw\earas\2024-25\Technical_Report_EARAS_2024-25_Odisha.pdf,83,5.10,Mustard,mustard,4,Bargarh,0,Total,yield_rate,qtl/ha,2.64,2.64,ok
2024-25,..\raw\earas\2024-25\Technical_Report_EARAS_2024-25_Odisha.pdf,83,5.10,Mustard,mustard,4,Bargarh,0,Total,production,qtl,3865,3865,ok
2024-25,..\raw\earas\2024-25\Technical_Report_EARAS_2024-25_Odisha.pdf,83,5.10,Mustard,mustard,5,Bhadrak,0,Autumn,area,ha,-,,dash
2024-25,..\raw\earas\2024-25\Technical_Report_EARAS_2024-25_Odisha.pdf,83,5.10,Mustard,mustard,5,Bhadrak,0,Autumn,yield_rate,qtl/ha,-,,dash
2024-25,..\raw\earas\2024-25\Technical_Report_EARAS_2024-25_Odisha.pdf,83,5.10,Mustard,mustard,5,Bhadrak,0,Autumn,production,qtl,-,,dash
2024-25,..\raw\earas\2024-25\Technical_Report_EARAS_2024-25_Odisha.pdf,83,5.10,Mustard,mustard,5,Bhadrak,0,Winter,area,ha,78,78,ok
2024-25,..\raw\earas\2024-25\Technical_Report_EARAS_2024-25_Odisha.pdf,83,5.10,Mustard,mustard,5,Bhadrak,0,Winter,yield_rate,qtl/ha,5.47,5.47,ok
2024-25,..\raw\earas\2024-25\Technical_Report_EARAS_2024-25_Odisha.pdf,83,5.10,Mustard,mustard,5,Bhadrak,0,Winter,production,qtl,427,427,ok
2024-25,..\raw\earas\2024-25\Technical_Report_EARAS_2024-25_Odisha.pdf,83,5.10,Mustard,mustard,5,Bhadrak,0,Summer,area,ha,-,,dash
2024-25,..\raw\earas\2024-25\Technical_Report_EARAS_2024-25_Odisha.pdf,83,5.10,Mustard,mustard,5,Bhadrak,0,Summer,yield_rate,qtl/ha,-,,dash
2024-25,..\raw\earas\2024-25\Technical_Report_EARAS_2024-25_Odisha.pdf,83,5.10,Mustard,mustard,5,Bhadrak,0,Summer,production,qtl,-,,dash
2024-25,..\raw\earas\2024-25\Technical_Report_EARAS_2024-25_Odisha.pdf,83,5.10,Mustard,mustard,5,Bhadrak,0,Total,area,ha,78,78,ok
2024-25,..\raw\earas\2024-25\Technical_Report_EARAS_2024-25_Odisha.pdf,83,5.10,Mustard,mustard,5,Bhadrak,0,Total,yield_rate,qtl/ha,5.47,5.47,ok
2024-25,..\raw\earas\2024-25\Technical_Report_EARAS_2024-25_Odisha.pdf,83,5.10,Mustard,mustard,5,Bhadrak,0,Total,production,qtl,427,427,ok
2024-25,..\raw\earas\2024-25\Technical_Report_EARAS_2024-25_Odisha.pdf,83,5.10,Mustard,mustard,6,Boudh,0,Autumn,area,ha,-,,dash
2024-25,..\raw\earas\2024-25\Technical_Report_EARAS_2024-25_Odisha.pdf,83,5.10,Mustard,mustard,6,Boudh,0,Autumn,yield_rate,qtl/ha,-,,dash
2024-25,..\raw\earas\2024-25\Technical_Report_EARAS_2024-25_Odisha.pdf,83,5.10,Mustard,mustard,6,Boudh,0,Autumn,production,qtl,-,,dash
2024-25,..\raw\earas\2024-25\Technical_Report_EARAS_2024-25_Odisha.pdf,83,5.10,Mustard,mustard,6,Boudh,0,Winter,area,ha,51,51,ok
2024-25,..\raw\earas\2024-25\Technical_Report_EARAS_2024-25_Odisha.pdf,83,5.10,Mustard,mustard,6,Boudh,0,Winter,yield_rate,qtl/ha,1.70,1.70,ok
2024-25,..\raw\earas\2024-25\Technical_Report_EARAS_2024-25_Odisha.pdf,83,5.10,Mustard,mustard,6,Boudh,0,Winter,production,qtl,87,87,ok
2024-25,..\raw\earas\2024-25\Technical_Report_EARAS_2024-25_Odisha.pdf,83,5.10,Mustard,mustard,6,Boudh,0,Summer,area,ha,-,,dash
2024-25,..\raw\earas\2024-25\Technical_Report_EARAS_2024-25_Odisha.pdf,83,5.10,Mustard,mustard,6,Boudh,0,Summer,yield_rate,qtl/ha,-,,dash
2024-25,..\raw\earas\2024-25\Technical_Report_EARAS_2024-25_Odisha.pdf,83,5.10,Mustard,mustard,6,Boudh,0,Summer,production,qtl,-,,dash
2024-25,..\raw\earas\2024-25\Technical_Report_EARAS_2024-25_Odisha.pdf,83,5.10,Mustard,mustard,6,Boudh,0,Total,area,ha,51,51,ok
2024-25,..\raw\earas\2024-25\Technical_Report_EARAS_2024-25_Odisha.pdf,83,5.10,Mustard,mustard,6,Boudh,0,Total,yield_rate,qtl/ha,1.70,1.70,ok
2024-25,..\raw\earas\2024-25\Technical_Report_EARAS_2024-25_Odisha.pdf,83,5.10,Mustard,mustard,6,Boudh,0,Total,production,qtl,87,87,ok
2024-25,..\raw\earas\2024-25\Technical_Report_EARAS_2024-25_Odisha.pdf,83,5.10,Mustard,mustard,7,Cuttack,0,Autumn,area,ha,-,,dash
2024-25,..\raw\earas\2024-25\Technical_Report_EARAS_2024-25_Odisha.pdf,83,5.10,Mustard,mustard,7,Cuttack,0,Autumn,yield_rate,qtl/ha,-,,dash
2024-25,..\raw\earas\2024-25\Technical_Report_EARAS_2024-25_Odisha.pdf,83,5.10,Mustard,mustard,7,Cuttack,0,Autumn,production,qtl,-,,dash
2024-25,..\raw\earas\2024-25\Technical_Report_EARAS_2024-25_Odisha.pdf,83,5.10,Mustard,mustard,7,Cuttack,0,Winter,area,ha,136,136,ok
2024-25,..\raw\earas\2024-25\Technical_Report_EARAS_2024-25_Odisha.pdf,83,5.10,Mustard,mustard,7,Cuttack,0,Winter,yield_rate,qtl/ha,2.45,2.45,ok
2024-25,..\raw\earas\2024-25\Technical_Report_EARAS_2024-25_Odisha.pdf,83,5.10,Mustard,mustard,7,Cuttack,0,Winter,production,qtl,333,333,ok
2024-25,..\raw\earas\2024-25\Technical_Report_EARAS_2024-25_Odisha.pdf,83,5.10,Mustard,mustard,7,Cuttack,0,Summer,area,ha,-,,dash
2024-25,..\raw\earas\2024-25\Technical_Report_EARAS_2024-25_Odisha.pdf,83,5.10,Mustard,mustard,7,Cuttack,0,Summer,yield_rate,qtl/ha,-,,dash
2024-25,..\raw\earas\2024-25\Technical_Report_EARAS_2024-25_Odisha.pdf,83,5.10,Mustard,mustard,7,Cuttack,0,Summer,production,qtl,-,,dash
2024-25,..\raw\earas\2024-25\Technical_Report_EARAS_2024-25_Odisha.pdf,83,5.10,Mustard,mustard,7,Cuttack,0,Total,area,ha,136,136,ok
2024-25,..\raw\earas\2024-25\Technical_Report_EARAS_2024-25_Odisha.pdf,83,5.10,Mustard,mustard,7,Cuttack,0,Total,yield_rate,qtl/ha,2.45,2.45,ok
2024-25,..\raw\earas\2024-25\Technical_Report_EARAS_2024-25_Odisha.pdf,83,5.10,Mustard,mustard,7,Cuttack,0,Total,production,qtl,333,333,ok
2024-25,..\raw\earas\2024-25\Technical_Report_EARAS_2024-25_Odisha.pdf,83,5.10,Mustard,mustard,8,Deogarh,0,Autumn,area,ha,-,,dash
2024-25,..\raw\earas\2024-25\Technical_Report_EARAS_2024-25_Odisha.pdf,83,5.10,Mustard,mustard,8,Deogarh,0,Autumn,yield_rate,qtl/ha,-,,dash
2024-25,..\raw\earas\2024-25\Technical_Report_EARAS_2024-25_Odisha.pdf,83,5.10,Mustard,mustard,8,Deogarh,0,Autumn,production,qtl,-,,dash
2024-25,..\raw\earas\2024-25\Technical_Report_EARAS_2024-25_Odisha.pdf,83,5.10,Mustard,mustard,8,Deogarh,0,Winter,area,ha,629,629,ok
2024-25,..\raw\earas\2024-25\Technical_Report_EARAS_2024-25_Odisha.pdf,83,5.10,Mustard,mustard,8,Deogarh,0,Winter,yield_rate,qtl/ha,2.41,2.41,ok
2024-25,..\raw\earas\2024-25\Technical_Report_EARAS_2024-25_Odisha.pdf,83,5.10,Mustard,mustard,8,Deogarh,0,Winter,production,qtl,1516,1516,ok
2024-25,..\raw\earas\2024-25\Technical_Report_EARAS_2024-25_Odisha.pdf,83,5.10,Mustard,mustard,8,Deogarh,0,Summer,area,ha,-,,dash
2024-25,..\raw\earas\2024-25\Technical_Report_EARAS_2024-25_Odisha.pdf,83,5.10,Mustard,mustard,8,Deogarh,0,Summer,yield_rate,qtl/ha,-,,dash
2024-25,..\raw\earas\2024-25\Technical_Report_EARAS_2024-25_Odisha.pdf,83,5.10,Mustard,mustard,8,Deogarh,0,Summer,production,qtl,-,,dash
2024-25,..\raw\earas\2024-25\Technical_Report_EARAS_2024-25_Odisha.pdf,83,5.10,Mustard,mustard,8,Deogarh,0,Total,area,ha,629,629,ok
2024-25,..\raw\earas\2024-25\Technical_Report_EARAS_2024-25_Odisha.pdf,83,5.10,Mustard,mustard,8,Deogarh,0,Total,yield_rate,qtl/ha,2.41,2.41,ok
2024-25,..\raw\earas\2024-25\Technical_Report_EARAS_2024-25_Odisha.pdf,83,5.10,Mustard,mustard,8,Deogarh,0,Total,production,qtl,1516,1516,ok
2024-25,..\raw\earas\2024-25\Technical_Report_EARAS_2024-25_Odisha.pdf,83,5.10,Mustard,mustard,9,Dhenkanal,0,Autumn,area,ha,-,,dash
2024-25,..\raw\earas\2024-25\Technical_Report_EARAS_2024-25_Odisha.pdf,83,5.10,Mustard,mustard,9,Dhenkanal,0,Autumn,yield_rate,qtl/ha,-,,dash
2024-25,..\raw\earas\2024-25\Technical_Report_EARAS_2024-25_Odisha.pdf,83,5.10,Mustard,mustard,9,Dhenkanal,0,Autumn,production,qtl,-,,dash
2024-25,..\raw\earas\2024-25\Technical_Report_EARAS_2024-25_Odisha.pdf,83,5.10,Mustard,mustard,9,Dhenkanal,0,Winter,area,ha,284,284,ok
2024-25,..\raw\earas\2024-25\Technical_Report_EARAS_2024-25_Odisha.pdf,83,5.10,Mustard,mustard,9,Dhenkanal,0,Winter,yield_rate,qtl/ha,2.55,2.55,ok
2024-25,..\raw\earas\2024-25\Technical_Report_EARAS_2024-25_Odisha.pdf,83,5.10,Mustard,mustard,9,Dhenkanal,0,Winter,production,qtl,724,724,ok
2024-25,..\raw\earas\2024-25\Technical_Report_EARAS_2024-25_Odisha.pdf,83,5.10,Mustard,mustard,9,Dhenkanal,0,Summer,area,ha,-,,dash
2024-25,..\raw\earas\2024-25\Technical_Report_EARAS_2024-25_Odisha.pdf,83,5.10,Mustard,mustard,9,Dhenkanal,0,Summer,yield_rate,qtl/ha,-,,dash
2024-25,..\raw\earas\2024-25\Technical_Report_EARAS_2024-25_Odisha.pdf,83,5.10,Mustard,mustard,9,Dhenkanal,0,Summer,production,qtl,-,,dash
2024-25,..\raw\earas\2024-25\Technical_Report_EARAS_2024-25_Odisha.pdf,83,5.10,Mustard,mustard,9,Dhenkanal,0,Total,area,ha,284,284,ok
2024-25,..\raw\earas\2024-25\Technical_Report_EARAS_2024-25_Odisha.pdf,83,5.10,Mustard,mustard,9,Dhenkanal,0,Total,yield_rate,qtl/ha,2.55,2.55,ok
2024-25,..\raw\earas\2024-25\Technical_Report_EARAS_2024-25_Odisha.pdf,83,5.10,Mustard,mustard,9,Dhenkanal,0,Total,production,qtl,724,724,ok
2024-25,..\raw\earas\2024-25\Technical_Report_EARAS_2024-25_Odisha.pdf,83,5.10,Mustard,mustard,10,Gajapati,0,Autumn,area,ha,-,,dash
2024-25,..\raw\earas\2024-25\Technical_Report_EARAS_2024-25_Odisha.pdf,83,5.10,Mustard,mustard,10,Gajapati,0,Autumn,yield_rate,qtl/ha,-,,dash
2024-25,..\raw\earas\2024-25\Technical_Report_EARAS_2024-25_Odisha.pdf,83,5.10,Mustard,mustard,10,Gajapati,0,Autumn,production,qtl,-,,dash
2024-25,..\raw\earas\2024-25\Technical_Report_EARAS_2024-25_Odisha.pdf,83,5.10,Mustard,mustard,10,Gajapati,0,Winter,area,ha,19,19,ok
2024-25,..\raw\earas\2024-25\Technical_Report_EARAS_2024-25_Odisha.pdf,83,5.10,Mustard,mustard,10,Gajapati,0,Winter,yield_rate,qtl/ha,1.13,1.13,ok
2024-25,..\raw\earas\2024-25\Technical_Report_EARAS_2024-25_Odisha.pdf,83,5.10,Mustard,mustard,10,Gajapati,0,Winter,production,qtl,21,21,ok
2024-25,..\raw\earas\2024-25\Technical_Report_EARAS_2024-25_Odisha.pdf,83,5.10,Mustard,mustard,10,Gajapati,0,Summer,area,ha,-,,dash
2024-25,..\raw\earas\2024-25\Technical_Report_EARAS_2024-25_Odisha.pdf,83,5.10,Mustard,mustard,10,Gajapati,0,Summer,yield_rate,qtl/ha,-,,dash
2024-25,..\raw\earas\2024-25\Technical_Report_EARAS_2024-25_Odisha.pdf,83,5.10,Mustard,mustard,10,Gajapati,0,Summer,production,qtl,-,,dash
2024-25,..\raw\earas\2024-25\Technical_Report_EARAS_2024-25_Odisha.pdf,83,5.10,Mustard,mustard,10,Gajapati,0,Total,area,ha,19,19,ok
2024-25,..\raw\earas\2024-25\Technical_Report_EARAS_2024-25_Odisha.pdf,83,5.10,Mustard,mustard,10,Gajapati,0,Total,yield_rate,qtl/ha,1.13,1.13,ok
2024-25,..\raw\earas\2024-25\Technical_Report_EARAS_2024-25_Odisha.pdf,83,5.10,Mustard,mustard,10,Gajapati,0,Total,production,qtl,21,21,ok
2024-25,..\raw\earas\2024-25\Technical_Report_EARAS_2024-25_Odisha.pdf,83,5.10,Mustard,mustard,11,Ganjam,0,Autumn,area,ha,-,,dash
2024-25,..\raw\earas\2024-25\Technical_Report_EARAS_2024-25_Odisha.pdf,83,5.10,Mustard,mustard,11,Ganjam,0,Autumn,yield_rate,qtl/ha,-,,dash
2024-25,..\raw\earas\2024-25\Technical_Report_EARAS_2024-25_Odisha.pdf,83,5.10,Mustard,mustard,11,Ganjam,0,Autumn,production,qtl,-,,dash
2024-25,..\raw\earas\2024-25\Technical_Report_EARAS_2024-25_Odisha.pdf,83,5.10,Mustard,mustard,11,Ganjam,0,Winter,area,ha,166,166,ok
2024-25,..\raw\earas\2024-25\Technical_Report_EARAS_2024-25_Odisha.pdf,83,5.10,Mustard,mustard,11,Ganjam,0,Winter,yield_rate,qtl/ha,1.06,1.06,ok
2024-25,..\raw\earas\2024-25\Technical_Report_EARAS_2024-25_Odisha.pdf,83,5.10,Mustard,mustard,11,Ganjam,0,Winter,production,qtl,176,176,ok
2024-25,..\raw\earas\2024-25\Technical_Report_EARAS_2024-25_Odisha.pdf,83,5.10,Mustard,mustard,11,Ganjam,0,Summer,area,ha,-,,dash
2024-25,..\raw\earas\2024-25\Technical_Report_EARAS_2024-25_Odisha.pdf,83,5.10,Mustard,mustard,11,Ganjam,0,Summer,yield_rate,qtl/ha,-,,dash
2024-25,..\raw\earas\2024-25\Technical_Report_EARAS_2024-25_Odisha.pdf,83,5.10,Mustard,mustard,11,Ganjam,0,Summer,production,qtl,-,,dash
2024-25,..\raw\earas\2024-25\Technical_Report_EARAS_2024-25_Odisha.pdf,83,5.10,Mustard,mustard,11,Ganjam,0,Total,area,ha,166,166,ok
2024-25,..\raw\earas\2024-25\Technical_Report_EARAS_2024-25_Odisha.pdf,83,5.10,Mustard,mustard,11,Ganjam,0,Total,yield_rate,qtl/ha,1.06,1.06,ok
2024-25,..\raw\earas\2024-25\Technical_Report_EARAS_2024-25_Odisha.pdf,83,5.10,Mustard,mustard,11,Ganjam,0,Total,production,qtl,176,176,ok
2024-25,..\raw\earas\2024-25\Technical_Report_EARAS_2024-25_Odisha.pdf,83,5.10,Mustard,mustard,12,Jagatsinghpur,0,Autumn,area,ha,-,,dash
2024-25,..\raw\earas\2024-25\Technical_Report_EARAS_2024-25_Odisha.pdf,83,5.10,Mustard,mustard,12,Jagatsinghpur,0,Autumn,yield_rate,qtl/ha,-,,dash
2024-25,..\raw\earas\2024-25\Technical_Report_EARAS_2024-25_Odisha.pdf,83,5.10,Mustard,mustard,12,Jagatsinghpur,0,Autumn,production,qtl,-,,dash
2024-25,..\raw\earas\2024-25\Technical_Report_EARAS_2024-25_Odisha.pdf,83,5.10,Mustard,mustard,12,Jagatsinghpur,0,Winter,area,ha,42,42,ok
2024-25,..\raw\earas\2024-25\Technical_Report_EARAS_2024-25_Odisha.pdf,83,5.10,Mustard,mustard,12,Jagatsinghpur,0,Winter,yield_rate,qtl/ha,3.32,3.32,ok
2024-25,..\raw\earas\2024-25\Technical_Report_EARAS_2024-25_Odisha.pdf,83,5.10,Mustard,mustard,12,Jagatsinghpur,0,Winter,production,qtl,139,139,ok
2024-25,..\raw\earas\2024-25\Technical_Report_EARAS_2024-25_Odisha.pdf,83,5.10,Mustard,mustard,12,Jagatsinghpur,0,Summer,area,ha,-,,dash
2024-25,..\raw\earas\2024-25\Technical_Report_EARAS_2024-25_Odisha.pdf,83,5.10,Mustard,mustard,12,Jagatsinghpur,0,Summer,yield_rate,qtl/ha,-,,dash
2024-25,..\raw\earas\2024-25\Technical_Report_EARAS_2024-25_Odisha.pdf,83,5.10,Mustard,mustard,12,Jagatsinghpur,0,Summer,production,qtl,-,,dash
2024-25,..\raw\earas\2024-25\Technical_Report_EARAS_2024-25_Odisha.pdf,83,5.10,Mustard,mustard,12,Jagatsinghpur,0,Total,area,ha,42,42,ok
2024-25,..\raw\earas\2024-25\Technical_Report_EARAS_2024-25_Odisha.pdf,83,5.10,Mustard,mustard,12,Jagatsinghpur,0,Total,yield_rate,qtl/ha,3.32,3.32,ok
2024-25,..\raw\earas\2024-25\Technical_Report_EARAS_2024-25_Odisha.pdf,83,5.10,Mustard,mustard,12,Jagatsinghpur,0,Total,production,qtl,139,139,ok
2024-25,..\raw\earas\2024-25\Technical_Report_EARAS_2024-25_Odisha.pdf,83,5.10,Mustard,mustard,13,Jajpur,0,Autumn,area,ha,-,,dash
2024-25,..\raw\earas\2024-25\Technical_Report_EARAS_2024-25_Odisha.pdf,83,5.10,Mustard,mustard,13,Jajpur,0,Autumn,yield_rate,qtl/ha,-,,dash
2024-25,..\raw\earas\2024-25\Technical_Report_EARAS_2024-25_Odisha.pdf,83,5.10,Mustard,mustard,13,Jajpur,0,Autumn,production,qtl,-,,dash
2024-25,..\raw\earas\2024-25\Technical_Report_EARAS_2024-25_Odisha.pdf,83,5.10,Mustard,mustard,13,Jajpur,0,Winter,area,ha,593,593,ok
2024-25,..\raw\earas\2024-25\Technical_Report_EARAS_2024-25_Odisha.pdf,83,5.10,Mustard,mustard,13,Jajpur,0,Winter,yield_rate,qtl/ha,2.43,2.43,ok
2024-25,..\raw\earas\2024-25\Technical_Report_EARAS_2024-25_Odisha.pdf,83,5.10,Mustard,mustard,13,Jajpur,0,Winter,production,qtl,1441,1441,ok
2024-25,..\raw\earas\2024-25\Technical_Report_EARAS_2024-25_Odisha.pdf,83,5.10,Mustard,mustard,13,Jajpur,0,Summer,area,ha,-,,dash
2024-25,..\raw\earas\2024-25\Technical_Report_EARAS_2024-25_Odisha.pdf,83,5.10,Mustard,mustard,13,Jajpur,0,Summer,yield_rate,qtl/ha,-,,dash
2024-25,..\raw\earas\2024-25\Technical_Report_EARAS_2024-25_Odisha.pdf,83,5.10,Mustard,mustard,13,Jajpur,0,Summer,production,qtl,-,,dash
2024-25,..\raw\earas\2024-25\Technical_Report_EARAS_2024-25_Odisha.pdf,83,5.10,Mustard,mustard,13,Jajpur,0,Total,area,ha,593,593,ok
2024-25,..\raw\earas\2024-25\Technical_Report_EARAS_2024-25_Odisha.pdf,83,5.10,Mustard,mustard,13,Jajpur,0,Total,yield_rate,qtl/ha,2.43,2.43,ok
2024-25,..\raw\earas\2024-25\Technical_Report_EARAS_2024-25_Odisha.pdf,83,5.10,Mustard,mustard,13,Jajpur,0,Total,production,qtl,1441,1441,ok
2024-25,..\raw\earas\2024-25\Technical_Report_EARAS_2024-25_Odisha.pdf,83,5.10,Mustard,mustard,14,Jharsuguda,0,Autumn,area,ha,-,,dash
2024-25,..\raw\earas\2024-25\Technical_Report_EARAS_2024-25_Odisha.pdf,83,5.10,Mustard,mustard,14,Jharsuguda,0,Autumn,yield_rate,qtl/ha,-,,dash
2024-25,..\raw\earas\2024-25\Technical_Report_EARAS_2024-25_Odisha.pdf,83,5.10,Mustard,mustard,14,Jharsuguda,0,Autumn,production,qtl,-,,dash
2024-25,..\raw\earas\2024-25\Technical_Report_EARAS_2024-25_Odisha.pdf,83,5.10,Mustard,mustard,14,Jharsuguda,0,Winter,area,ha,2024,2024,ok
2024-25,..\raw\earas\2024-25\Technical_Report_EARAS_2024-25_Odisha.pdf,83,5.10,Mustard,mustard,14,Jharsuguda,0,Winter,yield_rate,qtl/ha,2.68,2.68,ok
2024-25,..\raw\earas\2024-25\Technical_Report_EARAS_2024-25_Odisha.pdf,83,5.10,Mustard,mustard,14,Jharsuguda,0,Winter,production,qtl,5424,5424,ok
2024-25,..\raw\earas\2024-25\Technical_Report_EARAS_2024-25_Odisha.pdf,83,5.10,Mustard,mustard,14,Jharsuguda,0,Summer,area,ha,-,,dash
2024-25,..\raw\earas\2024-25\Technical_Report_EARAS_2024-25_Odisha.pdf,83,5.10,Mustard,mustard,14,Jharsuguda,0,Summer,yield_rate,qtl/ha,-,,dash
2024-25,..\raw\earas\2024-25\Technical_Report_EARAS_2024-25_Odisha.pdf,83,5.10,Mustard,mustard,14,Jharsuguda,0,Summer,production,qtl,-,,dash
2024-25,..\raw\earas\2024-25\Technical_Report_EARAS_2024-25_Odisha.pdf,83,5.10,Mustard,mustard,14,Jharsuguda,0,Total,area,ha,2024,2024,ok
2024-25,..\raw\earas\2024-25\Technical_Report_EARAS_2024-25_Odisha.pdf,83,5.10,Mustard,mustard,14,Jharsuguda,0,Total,yield_rate,qtl/ha,2.68,2.68,ok
2024-25,..\raw\earas\2024-25\Technical_Report_EARAS_2024-25_Odisha.pdf,83,5.10,Mustard,mustard,14,Jharsuguda,0,Total,production,qtl,5424,5424,ok
2024-25,..\raw\earas\2024-25\Technical_Report_EARAS_2024-25_Odisha.pdf,83,5.10,Mustard,mustard,15,Kalahandi,0,Autumn,area,ha,-,,dash
2024-25,..\raw\earas\2024-25\Technical_Report_EARAS_2024-25_Odisha.pdf,83,5.10,Mustard,mustard,15,Kalahandi,0,Autumn,yield_rate,qtl/ha,-,,dash
2024-25,..\raw\earas\2024-25\Technical_Report_EARAS_2024-25_Odisha.pdf,83,5.10,Mustard,mustard,15,Kalahandi,0,Autumn,production,qtl,-,,dash
2024-25,..\raw\earas\2024-25\Technical_Report_EARAS_2024-25_Odisha.pdf,83,5.10,Mustard,mustard,15,Kalahandi,0,Winter,area,ha,438,438,ok
2024-25,..\raw\earas\2024-25\Technical_Report_EARAS_2024-25_Odisha.pdf,83,5.10,Mustard,mustard,15,Kalahandi,0,Winter,yield_rate,qtl/ha,3.13,3.13,ok
2024-25,..\raw\earas\2024-25\Technical_Report_EARAS_2024-25_Odisha.pdf,83,5.10,Mustard,mustard,15,Kalahandi,0,Winter,production,qtl,1371,1371,ok
2024-25,..\raw\earas\2024-25\Technical_Report_EARAS_2024-25_Odisha.pdf,83,5.10,Mustard,mustard,15,Kalahandi,0,Summer,area,ha,-,,dash
2024-25,..\raw\earas\2024-25\Technical_Report_EARAS_2024-25_Odisha.pdf,83,5.10,Mustard,mustard,15,Kalahandi,0,Summer,yield_rate,qtl/ha,-,,dash
2024-25,..\raw\earas\2024-25\Technical_Report_EARAS_2024-25_Odisha.pdf,83,5.10,Mustard,mustard,15,Kalahandi,0,Summer,production,qtl,-,,dash
2024-25,..\raw\earas\2024-25\Technical_Report_EARAS_2024-25_Odisha.pdf,83,5.10,Mustard,mustard,15,Kalahandi,0,Total,area,ha,438,438,ok
2024-25,..\raw\earas\2024-25\Technical_Report_EARAS_2024-25_Odisha.pdf,83,5.10,Mustard,mustard,15,Kalahandi,0,Total,yield_rate,qtl/ha,3.13,3.13,ok
2024-25,..\raw\earas\2024-25\Technical_Report_EARAS_2024-25_Odisha.pdf,83,5.10,Mustard,mustard,15,Kalahandi,0,Total,production,qtl,1371,1371,ok
2024-25,..\raw\earas\2024-25\Technical_Report_EARAS_2024-25_Odisha.pdf,83,5.10,Mustard,mustard,16,Kandhamal,0,Autumn,area,ha,-,,dash
2024-25,..\raw\earas\2024-25\Technical_Report_EARAS_2024-25_Odisha.pdf,83,5.10,Mustard,mustard,16,Kandhamal,0,Autumn,yield_rate,qtl/ha,-,,dash
2024-25,..\raw\earas\2024-25\Technical_Report_EARAS_2024-25_Odisha.pdf,83,5.10,Mustard,mustard,16,Kandhamal,0,Autumn,production,qtl,-,,dash
2024-25,..\raw\earas\2024-25\Technical_Report_EARAS_2024-25_Odisha.pdf,83,5.10,Mustard,mustard,16,Kandhamal,0,Winter,area,ha,831,831,ok
2024-25,..\raw\earas\2024-25\Technical_Report_EARAS_2024-25_Odisha.pdf,83,5.10,Mustard,mustard,16,Kandhamal,0,Winter,yield_rate,qtl/ha,2.79,2.79,ok
2024-25,..\raw\earas\2024-25\Technical_Report_EARAS_2024-25_Odisha.pdf,83,5.10,Mustard,mustard,16,Kandhamal,0,Winter,production,qtl,2318,2318,ok
2024-25,..\raw\earas\2024-25\Technical_Report_EARAS_2024-25_Odisha.pdf,83,5.10,Mustard,mustard,16,Kandhamal,0,Summer,area,ha,-,,dash
2024-25,..\raw\earas\2024-25\Technical_Report_EARAS_2024-25_Odisha.pdf,83,5.10,Mustard,mustard,16,Kandhamal,0,Summer,yield_rate,qtl/ha,-,,dash
2024-25,..\raw\earas\2024-25\Technical_Report_EARAS_2024-25_Odisha.pdf,83,5.10,Mustard,mustard,16,Kandhamal,0,Summer,production,qtl,-,,dash
2024-25,..\raw\earas\2024-25\Technical_Report_EARAS_2024-25_Odisha.pdf,83,5.10,Mustard,mustard,16,Kandhamal,0,Total,area,ha,831,831,ok
2024-25,..\raw\earas\2024-25\Technical_Report_EARAS_2024-25_Odisha.pdf,83,5.10,Mustard,mustard,16,Kandhamal,0,Total,yield_rate,qtl/ha,2.79,2.79,ok
2024-25,..\raw\earas\2024-25\Technical_Report_EARAS_2024-25_Odisha.pdf,83,5.10,Mustard,mustard,16,Kandhamal,0,Total,production,qtl,2318,2318,ok
2024-25,..\raw\earas\2024-25\Technical_Report_EARAS_2024-25_Odisha.pdf,83,5.10,Mustard,mustard,17,Kendrapada,0,Autumn,area,ha,-,,dash
2024-25,..\raw\earas\2024-25\Technical_Report_EARAS_2024-25_Odisha.pdf,83,5.10,Mustard,mustard,17,Kendrapada,0,Autumn,yield_rate,qtl/ha,-,,dash
2024-25,..\raw\earas\2024-25\Technical_Report_EARAS_2024-25_Odisha.pdf,83,5.10,Mustard,mustard,17,Kendrapada,0,Autumn,production,qtl,-,,dash
2024-25,..\raw\earas\2024-25\Technical_Report_EARAS_2024-25_Odisha.pdf,83,5.10,Mustard,mustard,17,Kendrapada,0,Winter,area,ha,64,64,ok
2024-25,..\raw\earas\2024-25\Technical_Report_EARAS_2024-25_Odisha.pdf,83,5.10,Mustard,mustard,17,Kendrapada,0,Winter,yield_rate,qtl/ha,3.06,3.06,ok
2024-25,..\raw\earas\2024-25\Technical_Report_EARAS_2024-25_Odisha.pdf,83,5.10,Mustard,mustard,17,Kendrapada,0,Winter,production,qtl,196,196,ok
2024-25,..\raw\earas\2024-25\Technical_Report_EARAS_2024-25_Odisha.pdf,83,5.10,Mustard,mustard,17,Kendrapada,0,Summer,area,ha,-,,dash
2024-25,..\raw\earas\2024-25\Technical_Report_EARAS_2024-25_Odisha.pdf,83,5.10,Mustard,mustard,17,Kendrapada,0,Summer,yield_rate,qtl/ha,-,,dash
2024-25,..\raw\earas\2024-25\Technical_Report_EARAS_2024-25_Odisha.pdf,83,5.10,Mustard,mustard,17,Kendrapada,0,Summer,production,qtl,-,,dash
2024-25,..\raw\earas\2024-25\Technical_Report_EARAS_2024-25_Odisha.pdf,83,5.10,Mustard,mustard,17,Kendrapada,0,Total,area,ha,64,64,ok
2024-25,..\raw\earas\2024-25\Technical_Report_EARAS_2024-25_Odisha.pdf,83,5.10,Mustard,mustard,17,Kendrapada,0,Total,yield_rate,qtl/ha,3.06,3.06,ok
2024-25,..\raw\earas\2024-25\Technical_Report_EARAS_2024-25_Odisha.pdf,83,5.10,Mustard,mustard,17,Kendrapada,0,Total,production,qtl,196,196,ok
2024-25,..\raw\earas\2024-25\Technical_Report_EARAS_2024-25_Odisha.pdf,83,5.10,Mustard,mustard,18,Keonjhar,0,Autumn,area,ha,-,,dash
2024-25,..\raw\earas\2024-25\Technical_Report_EARAS_2024-25_Odisha.pdf,83,5.10,Mustard,mustard,18,Keonjhar,0,Autumn,yield_rate,qtl/ha,-,,dash
2024-25,..\raw\earas\2024-25\Technical_Report_EARAS_2024-25_Odisha.pdf,83,5.10,Mustard,mustard,18,Keonjhar,0,Autumn,production,qtl,-,,dash
2024-25,..\raw\earas\2024-25\Technical_Report_EARAS_2024-25_Odisha.pdf,83,5.10,Mustard,mustard,18,Keonjhar,0,Winter,area,ha,1677,1677,ok
2024-25,..\raw\earas\2024-25\Technical_Report_EARAS_2024-25_Odisha.pdf,83,5.10,Mustard,mustard,18,Keonjhar,0,Winter,yield_rate,qtl/ha,4.15,4.15,ok
2024-25,..\raw\earas\2024-25\Technical_Report_EARAS_2024-25_Odisha.pdf,83,5.10,Mustard,mustard,18,Keonjhar,0,Winter,production,qtl,6960,6960,ok
2024-25,..\raw\earas\2024-25\Technical_Report_EARAS_2024-25_Odisha.pdf,83,5.10,Mustard,mustard,18,Keonjhar,0,Summer,area,ha,-,,dash
2024-25,..\raw\earas\2024-25\Technical_Report_EARAS_2024-25_Odisha.pdf,83,5.10,Mustard,mustard,18,Keonjhar,0,Summer,yield_rate,qtl/ha,-,,dash
2024-25,..\raw\earas\2024-25\Technical_Report_EARAS_2024-25_Odisha.pdf,83,5.10,Mustard,mustard,18,Keonjhar,0,Summer,production,qtl,-,,dash
2024-25,..\raw\earas\2024-25\Technical_Report_EARAS_2024-25_Odisha.pdf,83,5.10,Mustard,mustard,18,Keonjhar,0,Total,area,ha,1677,1677,ok
2024-25,..\raw\earas\2024-25\Technical_Report_EARAS_2024-25_Odisha.pdf,83,5.10,Mustard,mustard,18,Keonjhar,0,Total,yield_rate,qtl/ha,4.15,4.15,ok
2024-25,..\raw\earas\2024-25\Technical_Report_EARAS_2024-25_Odisha.pdf,83,5.10,Mustard,mustard,18,Keonjhar,0,Total,production,qtl,6960,6960,ok
2024-25,..\raw\earas\2024-25\Technical_Report_EARAS_2024-25_Odisha.pdf,83,5.10,Mustard,mustard,19,Khurda,0,Autumn,area,ha,-,,dash
2024-25,..\raw\earas\2024-25\Technical_Report_EARAS_2024-25_Odisha.pdf,83,5.10,Mustard,mustard,19,Khurda,0,Autumn,yield_rate,qtl/ha,-,,dash
2024-25,..\raw\earas\2024-25\Technical_Report_EARAS_2024-25_Odisha.pdf,83,5.10,Mustard,mustard,19,Khurda,0,Autumn,production,qtl,-,,dash
2024-25,..\raw\earas\2024-25\Technical_Report_EARAS_2024-25_Odisha.pdf,83,5.10,Mustard,mustard,19,Khurda,0,Winter,area,ha,19,19,ok
2024-25,..\raw\earas\2024-25\Technical_Report_EARAS_2024-25_Odisha.pdf,83,5.10,Mustard,mustard,19,Khurda,0,Winter,yield_rate,qtl/ha,1.23,1.23,ok
2024-25,..\raw\earas\2024-25\Technical_Report_EARAS_2024-25_Odisha.pdf,83,5.10,Mustard,mustard,19,Khurda,0,Winter,production,qtl,23,23,ok
2024-25,..\raw\earas\2024-25\Technical_Report_EARAS_2024-25_Odisha.pdf,83,5.10,Mustard,mustard,19,Khurda,0,Summer,area,ha,-,,dash
2024-25,..\raw\earas\2024-25\Technical_Report_EARAS_2024-25_Odisha.pdf,83,5.10,Mustard,mustard,19,Khurda,0,Summer,yield_rate,qtl/ha,-,,dash
2024-25,..\raw\earas\2024-25\Technical_Report_EARAS_2024-25_Odisha.pdf,83,5.10,Mustard,mustard,19,Khurda,0,Summer,production,qtl,-,,dash
2024-25,..\raw\earas\2024-25\Technical_Report_EARAS_2024-25_Odisha.pdf,83,5.10,Mustard,mustard,19,Khurda,0,Total,area,ha,19,19,ok
2024-25,..\raw\earas\2024-25\Technical_Report_EARAS_2024-25_Odisha.pdf,83,5.10,Mustard,mustard,19,Khurda,0,Total,yield_rate,qtl/ha,1.23,1.23,ok
2024-25,..\raw\earas\2024-25\Technical_Report_EARAS_2024-25_Odisha.pdf,83,5.10,Mustard,mustard,19,Khurda,0,Total,production,qtl,23,23,ok
2024-25,..\raw\earas\2024-25\Technical_Report_EARAS_2024-25_Odisha.pdf,83,5.10,Mustard,mustard,20,Koraput,0,Autumn,area,ha,-,,dash
2024-25,..\raw\earas\2024-25\Technical_Report_EARAS_2024-25_Odisha.pdf,83,5.10,Mustard,mustard,20,Koraput,0,Autumn,yield_rate,qtl/ha,-,,dash
2024-25,..\raw\earas\2024-25\Technical_Report_EARAS_2024-25_Odisha.pdf,83,5.10,Mustard,mustard,20,Koraput,0,Autumn,production,qtl,-,,dash
2024-25,..\raw\earas\2024-25\Technical_Report_EARAS_2024-25_Odisha.pdf,83,5.10,Mustard,mustard,20,Koraput,0,Winter,area,ha,5,5,ok
2024-25,..\raw\earas\2024-25\Technical_Report_EARAS_2024-25_Odisha.pdf,83,5.10,Mustard,mustard,20,Koraput,0,Winter,yield_rate,qtl/ha,1.45,1.45,ok
2024-25,..\raw\earas\2024-25\Technical_Report_EARAS_2024-25_Odisha.pdf,83,5.10,Mustard,mustard,20,Koraput,0,Winter,production,qtl,7,7,ok
2024-25,..\raw\earas\2024-25\Technical_Report_EARAS_2024-25_Odisha.pdf,83,5.10,Mustard,mustard,20,Koraput,0,Summer,area,ha,-,,dash
2024-25,..\raw\earas\2024-25\Technical_Report_EARAS_2024-25_Odisha.pdf,83,5.10,Mustard,mustard,20,Koraput,0,Summer,yield_rate,qtl/ha,-,,dash
2024-25,..\raw\earas\2024-25\Technical_Report_EARAS_2024-25_Odisha.pdf,83,5.10,Mustard,mustard,20,Koraput,0,Summer,production,qtl,-,,dash
2024-25,..\raw\earas\2024-25\Technical_Report_EARAS_2024-25_Odisha.pdf,83,5.10,Mustard,mustard,20,Koraput,0,Total,area,ha,5,5,ok
2024-25,..\raw\earas\2024-25\Technical_Report_EARAS_2024-25_Odisha.pdf,83,5.10,Mustard,mustard,20,Koraput,0,Total,yield_rate,qtl/ha,1.45,1.45,ok
2024-25,..\raw\earas\2024-25\Technical_Report_EARAS_2024-25_Odisha.pdf,83,5.10,Mustard,mustard,20,Koraput,0,Total,production,qtl,7,7,ok
2024-25,..\raw\earas\2024-25\Technical_Report_EARAS_2024-25_Odisha.pdf,83,5.10,Mustard,mustard,21,Malkangiri,0,Autumn,area,ha,-,,dash
2024-25,..\raw\earas\2024-25\Technical_Report_EARAS_2024-25_Odisha.pdf,83,5.10,Mustard,mustard,21,Malkangiri,0,Autumn,yield_rate,qtl/ha,-,,dash
2024-25,..\raw\earas\2024-25\Technical_Report_EARAS_2024-25_Odisha.pdf,83,5.10,Mustard,mustard,21,Malkangiri,0,Autumn,production,qtl,-,,dash
2024-25,..\raw\earas\2024-25\Technical_Report_EARAS_2024-25_Odisha.pdf,83,5.10,Mustard,mustard,21,Malkangiri,0,Winter,area,ha,-,,dash
2024-25,..\raw\earas\2024-25\Technical_Report_EARAS_2024-25_Odisha.pdf,83,5.10,Mustard,mustard,21,Malkangiri,0,Winter,yield_rate,qtl/ha,-,,dash
2024-25,..\raw\earas\2024-25\Technical_Report_EARAS_2024-25_Odisha.pdf,83,5.10,Mustard,mustard,21,Malkangiri,0,Winter,production,qtl,-,,dash
2024-25,..\raw\earas\2024-25\Technical_Report_EARAS_2024-25_Odisha.pdf,83,5.10,Mustard,mustard,21,Malkangiri,0,Summer,area,ha,-,,dash
2024-25,..\raw\earas\2024-25\Technical_Report_EARAS_2024-25_Odisha.pdf,83,5.10,Mustard,mustard,21,Malkangiri,0,Summer,yield_rate,qtl/ha,-,,dash
2024-25,..\raw\earas\2024-25\Technical_Report_EARAS_2024-25_Odisha.pdf,83,5.10,Mustard,mustard,21,Malkangiri,0,Summer,production,qtl,-,,dash
2024-25,..\raw\earas\2024-25\Technical_Report_EARAS_2024-25_Odisha.pdf,83,5.10,Mustard,mustard,21,Malkangiri,0,Total,area,ha,-,,dash
2024-25,..\raw\earas\2024-25\Technical_Report_EARAS_2024-25_Odisha.pdf,83,5.10,Mustard,mustard,21,Malkangiri,0,Total,yield_rate,qtl/ha,-,,dash
2024-25,..\raw\earas\2024-25\Technical_Report_EARAS_2024-25_Odisha.pdf,83,5.10,Mustard,mustard,21,Malkangiri,0,Total,production,qtl,-,,dash
2024-25,..\raw\earas\2024-25\Technical_Report_EARAS_2024-25_Odisha.pdf,83,5.10,Mustard,mustard,22,Mayurbhanja,0,Autumn,area,ha,-,,dash
2024-25,..\raw\earas\2024-25\Technical_Report_EARAS_2024-25_Odisha.pdf,83,5.10,Mustard,mustard,22,Mayurbhanja,0,Autumn,yield_rate,qtl/ha,-,,dash
2024-25,..\raw\earas\2024-25\Technical_Report_EARAS_2024-25_Odisha.pdf,83,5.10,Mustard,mustard,22,Mayurbhanja,0,Autumn,production,qtl,-,,dash
2024-25,..\raw\earas\2024-25\Technical_Report_EARAS_2024-25_Odisha.pdf,83,5.10,Mustard,mustard,22,Mayurbhanja,0,Winter,area,ha,805,805,ok
2024-25,..\raw\earas\2024-25\Technical_Report_EARAS_2024-25_Odisha.pdf,83,5.10,Mustard,mustard,22,Mayurbhanja,0,Winter,yield_rate,qtl/ha,4.22,4.22,ok
2024-25,..\raw\earas\2024-25\Technical_Report_EARAS_2024-25_Odisha.pdf,83,5.10,Mustard,mustard,22,Mayurbhanja,0,Winter,production,qtl,3397,3397,ok
2024-25,..\raw\earas\2024-25\Technical_Report_EARAS_2024-25_Odisha.pdf,83,5.10,Mustard,mustard,22,Mayurbhanja,0,Summer,area,ha,-,,dash
2024-25,..\raw\earas\2024-25\Technical_Report_EARAS_2024-25_Odisha.pdf,83,5.10,Mustard,mustard,22,Mayurbhanja,0,Summer,yield_rate,qtl/ha,-,,dash
2024-25,..\raw\earas\2024-25\Technical_Report_EARAS_2024-25_Odisha.pdf,83,5.10,Mustard,mustard,22,Mayurbhanja,0,Summer,production,qtl,-,,dash
2024-25,..\raw\earas\2024-25\Technical_Report_EARAS_2024-25_Odisha.pdf,83,5.10,Mustard,mustard,22,Mayurbhanja,0,Total,area,ha,805,805,ok
2024-25,..\raw\earas\2024-25\Technical_Report_EARAS_2024-25_Odisha.pdf,83,5.10,Mustard,mustard,22,Mayurbhanja,0,Total,yield_rate,qtl/ha,4.22,4.22,ok
2024-25,..\raw\earas\2024-25\Technical_Report_EARAS_2024-25_Odisha.pdf,83,5.10,Mustard,mustard,22,Mayurbhanja,0,Total,production,qtl,3397,3397,ok
2024-25,..\raw\earas\2024-25\Technical_Report_EARAS_2024-25_Odisha.pdf,83,5.10,Mustard,mustard,23,Nuapada,0,Autumn,area,ha,-,,dash
2024-25,..\raw\earas\2024-25\Technical_Report_EARAS_2024-25_Odisha.pdf,83,5.10,Mustard,mustard,23,Nuapada,0,Autumn,yield_rate,qtl/ha,-,,dash
2024-25,..\raw\earas\2024-25\Technical_Report_EARAS_2024-25_Odisha.pdf,83,5.10,Mustard,mustard,23,Nuapada,0,Autumn,production,qtl,-,,dash
2024-25,..\raw\earas\2024-25\Technical_Report_EARAS_2024-25_Odisha.pdf,83,5.10,Mustard,mustard,23,Nuapada,0,Winter,area,ha,692,692,ok
2024-25,..\raw\earas\2024-25\Technical_Report_EARAS_2024-25_Odisha.pdf,83,5.10,Mustard,mustard,23,Nuapada,0,Winter,yield_rate,qtl/ha,1.72,1.72,ok
2024-25,..\raw\earas\2024-25\Technical_Report_EARAS_2024-25_Odisha.pdf,83,5.10,Mustard,mustard,23,Nuapada,0,Winter,production,qtl,1190,1190,ok
2024-25,..\raw\earas\2024-25\Technical_Report_EARAS_2024-25_Odisha.pdf,83,5.10,Mustard,mustard,23,Nuapada,0,Summer,area,ha,-,,dash
2024-25,..\raw\earas\2024-25\Technical_Report_EARAS_2024-25_Odisha.pdf,83,5.10,Mustard,mustard,23,Nuapada,0,Summer,yield_rate,qtl/ha,-,,dash
2024-25,..\raw\earas\2024-25\Technical_Report_EARAS_2024-25_Odisha.pdf,83,5.10,Mustard,mustard,23,Nuapada,0,Summer,production,qtl,-,,dash
2024-25,..\raw\earas\2024-25\Technical_Report_EARAS_2024-25_Odisha.pdf,83,5.10,Mustard,mustard,23,Nuapada,0,Total,area,ha,692,692,ok
2024-25,..\raw\earas\2024-25\Technical_Report_EARAS_2024-25_Odisha.pdf,83,5.10,Mustard,mustard,23,Nuapada,0,Total,yield_rate,qtl/ha,1.72,1.72,ok
2024-25,..\raw\earas\2024-25\Technical_Report_EARAS_2024-25_Odisha.pdf,83,5.10,Mustard,mustard,23,Nuapada,0,Total,production,qtl,1190,1190,ok
2024-25,..\raw\earas\2024-25\Technical_Report_EARAS_2024-25_Odisha.pdf,83,5.10,Mustard,mustard,24,Nayagada,0,Autumn,area,ha,-,,dash
2024-25,..\raw\earas\2024-25\Technical_Report_EARAS_2024-25_Odisha.pdf,83,5.10,Mustard,mustard,24,Nayagada,0,Autumn,yield_rate,qtl/ha,-,,dash
2024-25,..\raw\earas\2024-25\Technical_Report_EARAS_2024-25_Odisha.pdf,83,5.10,Mustard,mustard,24,Nayagada,0,Autumn,production,qtl,-,,dash
2024-25,..\raw\earas\2024-25\Technical_Report_EARAS_2024-25_Odisha.pdf,83,5.10,Mustard,mustard,24,Nayagada,0,Winter,area,ha,433,433,ok
2024-25,..\raw\earas\2024-25\Technical_Report_EARAS_2024-25_Odisha.pdf,83,5.10,Mustard,mustard,24,Nayagada,0,Winter,yield_rate,qtl/ha,1.92,1.92,ok
2024-25,..\raw\earas\2024-25\Technical_Report_EARAS_2024-25_Odisha.pdf,83,5.10,Mustard,mustard,24,Nayagada,0,Winter,production,qtl,831,831,ok
2024-25,..\raw\earas\2024-25\Technical_Report_EARAS_2024-25_Odisha.pdf,83,5.10,Mustard,mustard,24,Nayagada,0,Summer,area,ha,-,,dash
2024-25,..\raw\earas\2024-25\Technical_Report_EARAS_2024-25_Odisha.pdf,83,5.10,Mustard,mustard,24,Nayagada,0,Summer,yield_rate,qtl/ha,-,,dash
2024-25,..\raw\earas\2024-25\Technical_Report_EARAS_2024-25_Odisha.pdf,83,5.10,Mustard,mustard,24,Nayagada,0,Summer,production,qtl,-,,dash
2024-25,..\raw\earas\2024-25\Technical_Report_EARAS_2024-25_Odisha.pdf,83,5.10,Mustard,mustard,24,Nayagada,0,Total,area,ha,433,433,ok
2024-25,..\raw\earas\2024-25\Technical_Report_EARAS_2024-25_Odisha.pdf,83,5.10,Mustard,mustard,24,Nayagada,0,Total,yield_rate,qtl/ha,1.92,1.92,ok
2024-25,..\raw\earas\2024-25\Technical_Report_EARAS_2024-25_Odisha.pdf,83,5.10,Mustard,mustard,24,Nayagada,0,Total,production,qtl,831,831,ok
2024-25,..\raw\earas\2024-25\Technical_Report_EARAS_2024-25_Odisha.pdf,83,5.10,Mustard,mustard,25,Nawarangpur,0,Autumn,area,ha,-,,dash
2024-25,..\raw\earas\2024-25\Technical_Report_EARAS_2024-25_Odisha.pdf,83,5.10,Mustard,mustard,25,Nawarangpur,0,Autumn,yield_rate,qtl/ha,-,,dash
2024-25,..\raw\earas\2024-25\Technical_Report_EARAS_2024-25_Odisha.pdf,83,5.10,Mustard,mustard,25,Nawarangpur,0,Autumn,production,qtl,-,,dash
2024-25,..\raw\earas\2024-25\Technical_Report_EARAS_2024-25_Odisha.pdf,83,5.10,Mustard,mustard,25,Nawarangpur,0,Winter,area,ha,-,,dash
2024-25,..\raw\earas\2024-25\Technical_Report_EARAS_2024-25_Odisha.pdf,83,5.10,Mustard,mustard,25,Nawarangpur,0,Winter,yield_rate,qtl/ha,-,,dash
2024-25,..\raw\earas\2024-25\Technical_Report_EARAS_2024-25_Odisha.pdf,83,5.10,Mustard,mustard,25,Nawarangpur,0,Winter,production,qtl,-,,dash
2024-25,..\raw\earas\2024-25\Technical_Report_EARAS_2024-25_Odisha.pdf,83,5.10,Mustard,mustard,25,Nawarangpur,0,Summer,area,ha,-,,dash
2024-25,..\raw\earas\2024-25\Technical_Report_EARAS_2024-25_Odisha.pdf,83,5.10,Mustard,mustard,25,Nawarangpur,0,Summer,yield_rate,qtl/ha,-,,dash
2024-25,..\raw\earas\2024-25\Technical_Report_EARAS_2024-25_Odisha.pdf,83,5.10,Mustard,mustard,25,Nawarangpur,0,Summer,production,qtl,-,,dash
2024-25,..\raw\earas\2024-25\Technical_Report_EARAS_2024-25_Odisha.pdf,83,5.10,Mustard,mustard,25,Nawarangpur,0,Total,area,ha,-,,dash
2024-25,..\raw\earas\2024-25\Technical_Report_EARAS_2024-25_Odisha.pdf,83,5.10,Mustard,mustard,25,Nawarangpur,0,Total,yield_rate,qtl/ha,-,,dash
2024-25,..\raw\earas\2024-25\Technical_Report_EARAS_2024-25_Odisha.pdf,83,5.10,Mustard,mustard,25,Nawarangpur,0,Total,production,qtl,-,,dash
2024-25,..\raw\earas\2024-25\Technical_Report_EARAS_2024-25_Odisha.pdf,83,5.10,Mustard,mustard,26,Puri,0,Autumn,area,ha,-,,dash
2024-25,..\raw\earas\2024-25\Technical_Report_EARAS_2024-25_Odisha.pdf,83,5.10,Mustard,mustard,26,Puri,0,Autumn,yield_rate,qtl/ha,-,,dash
2024-25,..\raw\earas\2024-25\Technical_Report_EARAS_2024-25_Odisha.pdf,83,5.10,Mustard,mustard,26,Puri,0,Autumn,production,qtl,-,,dash
2024-25,..\raw\earas\2024-25\Technical_Report_EARAS_2024-25_Odisha.pdf,83,5.10,Mustard,mustard,26,Puri,0,Winter,area,ha,8,8,ok
2024-25,..\raw\earas\2024-25\Technical_Report_EARAS_2024-25_Odisha.pdf,83,5.10,Mustard,mustard,26,Puri,0,Winter,yield_rate,qtl/ha,2.56,2.56,ok
2024-25,..\raw\earas\2024-25\Technical_Report_EARAS_2024-25_Odisha.pdf,83,5.10,Mustard,mustard,26,Puri,0,Winter,production,qtl,20,20,ok
2024-25,..\raw\earas\2024-25\Technical_Report_EARAS_2024-25_Odisha.pdf,83,5.10,Mustard,mustard,26,Puri,0,Summer,area,ha,-,,dash
2024-25,..\raw\earas\2024-25\Technical_Report_EARAS_2024-25_Odisha.pdf,83,5.10,Mustard,mustard,26,Puri,0,Summer,yield_rate,qtl/ha,-,,dash
2024-25,..\raw\earas\2024-25\Technical_Report_EARAS_2024-25_Odisha.pdf,83,5.10,Mustard,mustard,26,Puri,0,Summer,production,qtl,-,,dash
2024-25,..\raw\earas\2024-25\Technical_Report_EARAS_2024-25_Odisha.pdf,83,5.10,Mustard,mustard,26,Puri,0,Total,area,ha,8,8,ok
2024-25,..\raw\earas\2024-25\Technical_Report_EARAS_2024-25_Odisha.pdf,83,5.10,Mustard,mustard,26,Puri,0,Total,yield_rate,qtl/ha,2.56,2.56,ok
2024-25,..\raw\earas\2024-25\Technical_Report_EARAS_2024-25_Odisha.pdf,83,5.10,Mustard,mustard,26,Puri,0,Total,production,qtl,20,20,ok
2024-25,..\raw\earas\2024-25\Technical_Report_EARAS_2024-25_Odisha.pdf,83,5.10,Mustard,mustard,27,Raygada,0,Autumn,area,ha,-,,dash
2024-25,..\raw\earas\2024-25\Technical_Report_EARAS_2024-25_Odisha.pdf,83,5.10,Mustard,mustard,27,Raygada,0,Autumn,yield_rate,qtl/ha,-,,dash
2024-25,..\raw\earas\2024-25\Technical_Report_EARAS_2024-25_Odisha.pdf,83,5.10,Mustard,mustard,27,Raygada,0,Autumn,production,qtl,-,,dash
2024-25,..\raw\earas\2024-25\Technical_Report_EARAS_2024-25_Odisha.pdf,83,5.10,Mustard,mustard,27,Raygada,0,Winter,area,ha,419,419,ok
2024-25,..\raw\earas\2024-25\Technical_Report_EARAS_2024-25_Odisha.pdf,83,5.10,Mustard,mustard,27,Raygada,0,Winter,yield_rate,qtl/ha,2.11,2.11,ok
2024-25,..\raw\earas\2024-25\Technical_Report_EARAS_2024-25_Odisha.pdf,83,5.10,Mustard,mustard,27,Raygada,0,Winter,production,qtl,884,884,ok
2024-25,..\raw\earas\2024-25\Technical_Report_EARAS_2024-25_Odisha.pdf,83,5.10,Mustard,mustard,27,Raygada,0,Summer,area,ha,-,,dash
2024-25,..\raw\earas\2024-25\Technical_Report_EARAS_2024-25_Odisha.pdf,83,5.10,Mustard,mustard,27,Raygada,0,Summer,yield_rate,qtl/ha,-,,dash
2024-25,..\raw\earas\2024-25\Technical_Report_EARAS_2024-25_Odisha.pdf,83,5.10,Mustard,mustard,27,Raygada,0,Summer,production,qtl,-,,dash
2024-25,..\raw\earas\2024-25\Technical_Report_EARAS_2024-25_Odisha.pdf,83,5.10,Mustard,mustard,27,Raygada,0,Total,area,ha,419,419,ok
2024-25,..\raw\earas\2024-25\Technical_Report_EARAS_2024-25_Odisha.pdf,83,5.10,Mustard,mustard,27,Raygada,0,Total,yield_rate,qtl/ha,2.11,2.11,ok
2024-25,..\raw\earas\2024-25\Technical_Report_EARAS_2024-25_Odisha.pdf,83,5.10,Mustard,mustard,27,Raygada,0,Total,production,qtl,884,884,ok
2024-25,..\raw\earas\2024-25\Technical_Report_EARAS_2024-25_Odisha.pdf,83,5.10,Mustard,mustard,28,Sambalpur,0,Autumn,area,ha,-,,dash
2024-25,..\raw\earas\2024-25\Technical_Report_EARAS_2024-25_Odisha.pdf,83,5.10,Mustard,mustard,28,Sambalpur,0,Autumn,yield_rate,qtl/ha,-,,dash
2024-25,..\raw\earas\2024-25\Technical_Report_EARAS_2024-25_Odisha.pdf,83,5.10,Mustard,mustard,28,Sambalpur,0,Autumn,production,qtl,-,,dash
2024-25,..\raw\earas\2024-25\Technical_Report_EARAS_2024-25_Odisha.pdf,83,5.10,Mustard,mustard,28,Sambalpur,0,Winter,area,ha,1373,1373,ok
2024-25,..\raw\earas\2024-25\Technical_Report_EARAS_2024-25_Odisha.pdf,83,5.10,Mustard,mustard,28,Sambalpur,0,Winter,yield_rate,qtl/ha,6.62,6.62,ok
2024-25,..\raw\earas\2024-25\Technical_Report_EARAS_2024-25_Odisha.pdf,83,5.10,Mustard,mustard,28,Sambalpur,0,Winter,production,qtl,9089,9089,ok
2024-25,..\raw\earas\2024-25\Technical_Report_EARAS_2024-25_Odisha.pdf,83,5.10,Mustard,mustard,28,Sambalpur,0,Summer,area,ha,-,,dash
2024-25,..\raw\earas\2024-25\Technical_Report_EARAS_2024-25_Odisha.pdf,83,5.10,Mustard,mustard,28,Sambalpur,0,Summer,yield_rate,qtl/ha,-,,dash
2024-25,..\raw\earas\2024-25\Technical_Report_EARAS_2024-25_Odisha.pdf,83,5.10,Mustard,mustard,28,Sambalpur,0,Summer,production,qtl,-,,dash
2024-25,..\raw\earas\2024-25\Technical_Report_EARAS_2024-25_Odisha.pdf,83,5.10,Mustard,mustard,28,Sambalpur,0,Total,area,ha,1373,1373,ok
2024-25,..\raw\earas\2024-25\Technical_Report_EARAS_2024-25_Odisha.pdf,83,5.10,Mustard,mustard,28,Sambalpur,0,Total,yield_rate,qtl/ha,6.62,6.62,ok
2024-25,..\raw\earas\2024-25\Technical_Report_EARAS_2024-25_Odisha.pdf,83,5.10,Mustard,mustard,28,Sambalpur,0,Total,production,qtl,9089,9089,ok
2024-25,..\raw\earas\2024-25\Technical_Report_EARAS_2024-25_Odisha.pdf,83,5.10,Mustard,mustard,29,Subarnapur,0,Autumn,area,ha,-,,dash
2024-25,..\raw\earas\2024-25\Technical_Report_EARAS_2024-25_Odisha.pdf,83,5.10,Mustard,mustard,29,Subarnapur,0,Autumn,yield_rate,qtl/ha,-,,dash
2024-25,..\raw\earas\2024-25\Technical_Report_EARAS_2024-25_Odisha.pdf,83,5.10,Mustard,mustard,29,Subarnapur,0,Autumn,production,qtl,-,,dash
2024-25,..\raw\earas\2024-25\Technical_Report_EARAS_2024-25_Odisha.pdf,83,5.10,Mustard,mustard,29,Subarnapur,0,Winter,area,ha,6,6,ok
2024-25,..\raw\earas\2024-25\Technical_Report_EARAS_2024-25_Odisha.pdf,83,5.10,Mustard,mustard,29,Subarnapur,0,Winter,yield_rate,qtl/ha,2.32,2.32,ok
2024-25,..\raw\earas\2024-25\Technical_Report_EARAS_2024-25_Odisha.pdf,83,5.10,Mustard,mustard,29,Subarnapur,0,Winter,production,qtl,14,14,ok
2024-25,..\raw\earas\2024-25\Technical_Report_EARAS_2024-25_Odisha.pdf,83,5.10,Mustard,mustard,29,Subarnapur,0,Summer,area,ha,-,,dash
2024-25,..\raw\earas\2024-25\Technical_Report_EARAS_2024-25_Odisha.pdf,83,5.10,Mustard,mustard,29,Subarnapur,0,Summer,yield_rate,qtl/ha,-,,dash
2024-25,..\raw\earas\2024-25\Technical_Report_EARAS_2024-25_Odisha.pdf,83,5.10,Mustard,mustard,29,Subarnapur,0,Summer,production,qtl,-,,dash
2024-25,..\raw\earas\2024-25\Technical_Report_EARAS_2024-25_Odisha.pdf,83,5.10,Mustard,mustard,29,Subarnapur,0,Total,area,ha,6,6,ok
2024-25,..\raw\earas\2024-25\Technical_Report_EARAS_2024-25_Odisha.pdf,83,5.10,Mustard,mustard,29,Subarnapur,0,Total,yield_rate,qtl/ha,2.32,2.32,ok
2024-25,..\raw\earas\2024-25\Technical_Report_EARAS_2024-25_Odisha.pdf,83,5.10,Mustard,mustard,29,Subarnapur,0,Total,production,qtl,14,14,ok
2024-25,..\raw\earas\2024-25\Technical_Report_EARAS_2024-25_Odisha.pdf,83,5.10,Mustard,mustard,30,Sundargarh,0,Autumn,area,ha,-,,dash
2024-25,..\raw\earas\2024-25\Technical_Report_EARAS_2024-25_Odisha.pdf,83,5.10,Mustard,mustard,30,Sundargarh,0,Autumn,yield_rate,qtl/ha,-,,dash
2024-25,..\raw\earas\2024-25\Technical_Report_EARAS_2024-25_Odisha.pdf,83,5.10,Mustard,mustard,30,Sundargarh,0,Autumn,production,qtl,-,,dash
2024-25,..\raw\earas\2024-25\Technical_Report_EARAS_2024-25_Odisha.pdf,83,5.10,Mustard,mustard,30,Sundargarh,0,Winter,area,ha,2433,2433,ok
2024-25,..\raw\earas\2024-25\Technical_Report_EARAS_2024-25_Odisha.pdf,83,5.10,Mustard,mustard,30,Sundargarh,0,Winter,yield_rate,qtl/ha,5.07,5.07,ok
2024-25,..\raw\earas\2024-25\Technical_Report_EARAS_2024-25_Odisha.pdf,83,5.10,Mustard,mustard,30,Sundargarh,0,Winter,production,qtl,12335,12335,ok
2024-25,..\raw\earas\2024-25\Technical_Report_EARAS_2024-25_Odisha.pdf,83,5.10,Mustard,mustard,30,Sundargarh,0,Summer,area,ha,-,,dash
2024-25,..\raw\earas\2024-25\Technical_Report_EARAS_2024-25_Odisha.pdf,83,5.10,Mustard,mustard,30,Sundargarh,0,Summer,yield_rate,qtl/ha,-,,dash
2024-25,..\raw\earas\2024-25\Technical_Report_EARAS_2024-25_Odisha.pdf,83,5.10,Mustard,mustard,30,Sundargarh,0,Summer,production,qtl,-,,dash
2024-25,..\raw\earas\2024-25\Technical_Report_EARAS_2024-25_Odisha.pdf,83,5.10,Mustard,mustard,30,Sundargarh,0,Total,area,ha,2433,2433,ok
2024-25,..\raw\earas\2024-25\Technical_Report_EARAS_2024-25_Odisha.pdf,83,5.10,Mustard,mustard,30,Sundargarh,0,Total,yield_rate,qtl/ha,5.07,5.07,ok
2024-25,..\raw\earas\2024-25\Technical_Report_EARAS_2024-25_Odisha.pdf,83,5.10,Mustard,mustard,30,Sundargarh,0,Total,production,qtl,12335,12335,ok
2024-25,..\raw\earas\2024-25\Technical_Report_EARAS_2024-25_Odisha.pdf,83,5.10,Mustard,mustard,,STATE,1,Autumn,area,ha,-,,dash
2024-25,..\raw\earas\2024-25\Technical_Report_EARAS_2024-25_Odisha.pdf,83,5.10,Mustard,mustard,,STATE,1,Autumn,yield_rate,qtl/ha,-,,dash
2024-25,..\raw\earas\2024-25\Technical_Report_EARAS_2024-25_Odisha.pdf,83,5.10,Mustard,mustard,,STATE,1,Autumn,production,qtl,-,,dash
2024-25,..\raw\earas\2024-25\Technical_Report_EARAS_2024-25_Odisha.pdf,83,5.10,Mustard,mustard,,STATE,1,Winter,area,ha,16598,16598,ok
2024-25,..\raw\earas\2024-25\Technical_Report_EARAS_2024-25_Odisha.pdf,83,5.10,Mustard,mustard,,STATE,1,Winter,yield_rate,qtl/ha,3.42,3.42,ok
2024-25,..\raw\earas\2024-25\Technical_Report_EARAS_2024-25_Odisha.pdf,83,5.10,Mustard,mustard,,STATE,1,Winter,production,qtl,56815,56815,ok
2024-25,..\raw\earas\2024-25\Technical_Report_EARAS_2024-25_Odisha.pdf,83,5.10,Mustard,mustard,,STATE,1,Summer,area,ha,-,,dash
2024-25,..\raw\earas\2024-25\Technical_Report_EARAS_2024-25_Odisha.pdf,83,5.10,Mustard,mustard,,STATE,1,Summer,yield_rate,qtl/ha,-,,dash
2024-25,..\raw\earas\2024-25\Technical_Report_EARAS_2024-25_Odisha.pdf,83,5.10,Mustard,mustard,,STATE,1,Summer,production,qtl,-,,dash
2024-25,..\raw\earas\2024-25\Technical_Report_EARAS_2024-25_Odisha.pdf,83,5.10,Mustard,mustard,,STATE,1,Total,area,ha,16598,16598,ok
2024-25,..\raw\earas\2024-25\Technical_Report_EARAS_2024-25_Odisha.pdf,83,5.10,Mustard,mustard,,STATE,1,Total,yield_rate,qtl/ha,3.42,3.42,ok
2024-25,..\raw\earas\2024-25\Technical_Report_EARAS_2024-25_Odisha.pdf,83,5.10,Mustard,mustard,,STATE,1,Total,production,qtl,56815,56815,ok
2024-25,..\raw\earas\2024-25\Technical_Report_EARAS_2024-25_Odisha.pdf,84,5.11,Nizer,nizer,1,Angul,0,Autumn,area,ha,-,,dash
2024-25,..\raw\earas\2024-25\Technical_Report_EARAS_2024-25_Odisha.pdf,84,5.11,Nizer,nizer,1,Angul,0,Autumn,yield_rate,qtl/ha,-,,dash
2024-25,..\raw\earas\2024-25\Technical_Report_EARAS_2024-25_Odisha.pdf,84,5.11,Nizer,nizer,1,Angul,0,Autumn,production,qtl,-,,dash
2024-25,..\raw\earas\2024-25\Technical_Report_EARAS_2024-25_Odisha.pdf,84,5.11,Nizer,nizer,1,Angul,0,Winter,area,ha,-,,dash
2024-25,..\raw\earas\2024-25\Technical_Report_EARAS_2024-25_Odisha.pdf,84,5.11,Nizer,nizer,1,Angul,0,Winter,yield_rate,qtl/ha,-,,dash
2024-25,..\raw\earas\2024-25\Technical_Report_EARAS_2024-25_Odisha.pdf,84,5.11,Nizer,nizer,1,Angul,0,Winter,production,qtl,-,,dash
2024-25,..\raw\earas\2024-25\Technical_Report_EARAS_2024-25_Odisha.pdf,84,5.11,Nizer,nizer,1,Angul,0,Summer,area,ha,-,,dash
2024-25,..\raw\earas\2024-25\Technical_Report_EARAS_2024-25_Odisha.pdf,84,5.11,Nizer,nizer,1,Angul,0,Summer,yield_rate,qtl/ha,-,,dash
2024-25,..\raw\earas\2024-25\Technical_Report_EARAS_2024-25_Odisha.pdf,84,5.11,Nizer,nizer,1,Angul,0,Summer,production,qtl,-,,dash
2024-25,..\raw\earas\2024-25\Technical_Report_EARAS_2024-25_Odisha.pdf,84,5.11,Nizer,nizer,1,Angul,0,Total,area,ha,-,,dash
2024-25,..\raw\earas\2024-25\Technical_Report_EARAS_2024-25_Odisha.pdf,84,5.11,Nizer,nizer,1,Angul,0,Total,yield_rate,qtl/ha,-,,dash
2024-25,..\raw\earas\2024-25\Technical_Report_EARAS_2024-25_Odisha.pdf,84,5.11,Nizer,nizer,1,Angul,0,Total,production,qtl,-,,dash
2024-25,..\raw\earas\2024-25\Technical_Report_EARAS_2024-25_Odisha.pdf,84,5.11,Nizer,nizer,2,Balangir,0,Autumn,area,ha,-,,dash
2024-25,..\raw\earas\2024-25\Technical_Report_EARAS_2024-25_Odisha.pdf,84,5.11,Nizer,nizer,2,Balangir,0,Autumn,yield_rate,qtl/ha,-,,dash
2024-25,..\raw\earas\2024-25\Technical_Report_EARAS_2024-25_Odisha.pdf,84,5.11,Nizer,nizer,2,Balangir,0,Autumn,production,qtl,-,,dash
2024-25,..\raw\earas\2024-25\Technical_Report_EARAS_2024-25_Odisha.pdf,84,5.11,Nizer,nizer,2,Balangir,0,Winter,area,ha,-,,dash
2024-25,..\raw\earas\2024-25\Technical_Report_EARAS_2024-25_Odisha.pdf,84,5.11,Nizer,nizer,2,Balangir,0,Winter,yield_rate,qtl/ha,-,,dash
2024-25,..\raw\earas\2024-25\Technical_Report_EARAS_2024-25_Odisha.pdf,84,5.11,Nizer,nizer,2,Balangir,0,Winter,production,qtl,-,,dash
2024-25,..\raw\earas\2024-25\Technical_Report_EARAS_2024-25_Odisha.pdf,84,5.11,Nizer,nizer,2,Balangir,0,Summer,area,ha,-,,dash
2024-25,..\raw\earas\2024-25\Technical_Report_EARAS_2024-25_Odisha.pdf,84,5.11,Nizer,nizer,2,Balangir,0,Summer,yield_rate,qtl/ha,-,,dash
2024-25,..\raw\earas\2024-25\Technical_Report_EARAS_2024-25_Odisha.pdf,84,5.11,Nizer,nizer,2,Balangir,0,Summer,production,qtl,-,,dash
2024-25,..\raw\earas\2024-25\Technical_Report_EARAS_2024-25_Odisha.pdf,84,5.11,Nizer,nizer,2,Balangir,0,Total,area,ha,-,,dash
2024-25,..\raw\earas\2024-25\Technical_Report_EARAS_2024-25_Odisha.pdf,84,5.11,Nizer,nizer,2,Balangir,0,Total,yield_rate,qtl/ha,-,,dash
2024-25,..\raw\earas\2024-25\Technical_Report_EARAS_2024-25_Odisha.pdf,84,5.11,Nizer,nizer,2,Balangir,0,Total,production,qtl,-,,dash
2024-25,..\raw\earas\2024-25\Technical_Report_EARAS_2024-25_Odisha.pdf,84,5.11,Nizer,nizer,3,Balasore,0,Autumn,area,ha,-,,dash
2024-25,..\raw\earas\2024-25\Technical_Report_EARAS_2024-25_Odisha.pdf,84,5.11,Nizer,nizer,3,Balasore,0,Autumn,yield_rate,qtl/ha,-,,dash
2024-25,..\raw\earas\2024-25\Technical_Report_EARAS_2024-25_Odisha.pdf,84,5.11,Nizer,nizer,3,Balasore,0,Autumn,production,qtl,-,,dash
2024-25,..\raw\earas\2024-25\Technical_Report_EARAS_2024-25_Odisha.pdf,84,5.11,Nizer,nizer,3,Balasore,0,Winter,area,ha,-,,dash
2024-25,..\raw\earas\2024-25\Technical_Report_EARAS_2024-25_Odisha.pdf,84,5.11,Nizer,nizer,3,Balasore,0,Winter,yield_rate,qtl/ha,-,,dash
2024-25,..\raw\earas\2024-25\Technical_Report_EARAS_2024-25_Odisha.pdf,84,5.11,Nizer,nizer,3,Balasore,0,Winter,production,qtl,-,,dash
2024-25,..\raw\earas\2024-25\Technical_Report_EARAS_2024-25_Odisha.pdf,84,5.11,Nizer,nizer,3,Balasore,0,Summer,area,ha,-,,dash
2024-25,..\raw\earas\2024-25\Technical_Report_EARAS_2024-25_Odisha.pdf,84,5.11,Nizer,nizer,3,Balasore,0,Summer,yield_rate,qtl/ha,-,,dash
2024-25,..\raw\earas\2024-25\Technical_Report_EARAS_2024-25_Odisha.pdf,84,5.11,Nizer,nizer,3,Balasore,0,Summer,production,qtl,-,,dash
2024-25,..\raw\earas\2024-25\Technical_Report_EARAS_2024-25_Odisha.pdf,84,5.11,Nizer,nizer,3,Balasore,0,Total,area,ha,-,,dash
2024-25,..\raw\earas\2024-25\Technical_Report_EARAS_2024-25_Odisha.pdf,84,5.11,Nizer,nizer,3,Balasore,0,Total,yield_rate,qtl/ha,-,,dash
2024-25,..\raw\earas\2024-25\Technical_Report_EARAS_2024-25_Odisha.pdf,84,5.11,Nizer,nizer,3,Balasore,0,Total,production,qtl,-,,dash
2024-25,..\raw\earas\2024-25\Technical_Report_EARAS_2024-25_Odisha.pdf,84,5.11,Nizer,nizer,4,Bargarh,0,Autumn,area,ha,-,,dash
2024-25,..\raw\earas\2024-25\Technical_Report_EARAS_2024-25_Odisha.pdf,84,5.11,Nizer,nizer,4,Bargarh,0,Autumn,yield_rate,qtl/ha,-,,dash
2024-25,..\raw\earas\2024-25\Technical_Report_EARAS_2024-25_Odisha.pdf,84,5.11,Nizer,nizer,4,Bargarh,0,Autumn,production,qtl,-,,dash
2024-25,..\raw\earas\2024-25\Technical_Report_EARAS_2024-25_Odisha.pdf,84,5.11,Nizer,nizer,4,Bargarh,0,Winter,area,ha,-,,dash
2024-25,..\raw\earas\2024-25\Technical_Report_EARAS_2024-25_Odisha.pdf,84,5.11,Nizer,nizer,4,Bargarh,0,Winter,yield_rate,qtl/ha,-,,dash
2024-25,..\raw\earas\2024-25\Technical_Report_EARAS_2024-25_Odisha.pdf,84,5.11,Nizer,nizer,4,Bargarh,0,Winter,production,qtl,-,,dash
2024-25,..\raw\earas\2024-25\Technical_Report_EARAS_2024-25_Odisha.pdf,84,5.11,Nizer,nizer,4,Bargarh,0,Summer,area,ha,-,,dash
2024-25,..\raw\earas\2024-25\Technical_Report_EARAS_2024-25_Odisha.pdf,84,5.11,Nizer,nizer,4,Bargarh,0,Summer,yield_rate,qtl/ha,-,,dash
2024-25,..\raw\earas\2024-25\Technical_Report_EARAS_2024-25_Odisha.pdf,84,5.11,Nizer,nizer,4,Bargarh,0,Summer,production,qtl,-,,dash
2024-25,..\raw\earas\2024-25\Technical_Report_EARAS_2024-25_Odisha.pdf,84,5.11,Nizer,nizer,4,Bargarh,0,Total,area,ha,-,,dash
2024-25,..\raw\earas\2024-25\Technical_Report_EARAS_2024-25_Odisha.pdf,84,5.11,Nizer,nizer,4,Bargarh,0,Total,yield_rate,qtl/ha,-,,dash
2024-25,..\raw\earas\2024-25\Technical_Report_EARAS_2024-25_Odisha.pdf,84,5.11,Nizer,nizer,4,Bargarh,0,Total,production,qtl,-,,dash
2024-25,..\raw\earas\2024-25\Technical_Report_EARAS_2024-25_Odisha.pdf,84,5.11,Nizer,nizer,5,Bhadrak,0,Autumn,area,ha,-,,dash
2024-25,..\raw\earas\2024-25\Technical_Report_EARAS_2024-25_Odisha.pdf,84,5.11,Nizer,nizer,5,Bhadrak,0,Autumn,yield_rate,qtl/ha,-,,dash
2024-25,..\raw\earas\2024-25\Technical_Report_EARAS_2024-25_Odisha.pdf,84,5.11,Nizer,nizer,5,Bhadrak,0,Autumn,production,qtl,-,,dash
2024-25,..\raw\earas\2024-25\Technical_Report_EARAS_2024-25_Odisha.pdf,84,5.11,Nizer,nizer,5,Bhadrak,0,Winter,area,ha,-,,dash
2024-25,..\raw\earas\2024-25\Technical_Report_EARAS_2024-25_Odisha.pdf,84,5.11,Nizer,nizer,5,Bhadrak,0,Winter,yield_rate,qtl/ha,-,,dash
2024-25,..\raw\earas\2024-25\Technical_Report_EARAS_2024-25_Odisha.pdf,84,5.11,Nizer,nizer,5,Bhadrak,0,Winter,production,qtl,-,,dash
2024-25,..\raw\earas\2024-25\Technical_Report_EARAS_2024-25_Odisha.pdf,84,5.11,Nizer,nizer,5,Bhadrak,0,Summer,area,ha,-,,dash
2024-25,..\raw\earas\2024-25\Technical_Report_EARAS_2024-25_Odisha.pdf,84,5.11,Nizer,nizer,5,Bhadrak,0,Summer,yield_rate,qtl/ha,-,,dash
2024-25,..\raw\earas\2024-25\Technical_Report_EARAS_2024-25_Odisha.pdf,84,5.11,Nizer,nizer,5,Bhadrak,0,Summer,production,qtl,-,,dash
2024-25,..\raw\earas\2024-25\Technical_Report_EARAS_2024-25_Odisha.pdf,84,5.11,Nizer,nizer,5,Bhadrak,0,Total,area,ha,-,,dash
2024-25,..\raw\earas\2024-25\Technical_Report_EARAS_2024-25_Odisha.pdf,84,5.11,Nizer,nizer,5,Bhadrak,0,Total,yield_rate,qtl/ha,-,,dash
2024-25,..\raw\earas\2024-25\Technical_Report_EARAS_2024-25_Odisha.pdf,84,5.11,Nizer,nizer,5,Bhadrak,0,Total,production,qtl,-,,dash
2024-25,..\raw\earas\2024-25\Technical_Report_EARAS_2024-25_Odisha.pdf,84,5.11,Nizer,nizer,6,Boudh,0,Autumn,area,ha,-,,dash
2024-25,..\raw\earas\2024-25\Technical_Report_EARAS_2024-25_Odisha.pdf,84,5.11,Nizer,nizer,6,Boudh,0,Autumn,yield_rate,qtl/ha,-,,dash
2024-25,..\raw\earas\2024-25\Technical_Report_EARAS_2024-25_Odisha.pdf,84,5.11,Nizer,nizer,6,Boudh,0,Autumn,production,qtl,-,,dash
2024-25,..\raw\earas\2024-25\Technical_Report_EARAS_2024-25_Odisha.pdf,84,5.11,Nizer,nizer,6,Boudh,0,Winter,area,ha,-,,dash
2024-25,..\raw\earas\2024-25\Technical_Report_EARAS_2024-25_Odisha.pdf,84,5.11,Nizer,nizer,6,Boudh,0,Winter,yield_rate,qtl/ha,-,,dash
2024-25,..\raw\earas\2024-25\Technical_Report_EARAS_2024-25_Odisha.pdf,84,5.11,Nizer,nizer,6,Boudh,0,Winter,production,qtl,-,,dash
2024-25,..\raw\earas\2024-25\Technical_Report_EARAS_2024-25_Odisha.pdf,84,5.11,Nizer,nizer,6,Boudh,0,Summer,area,ha,-,,dash
2024-25,..\raw\earas\2024-25\Technical_Report_EARAS_2024-25_Odisha.pdf,84,5.11,Nizer,nizer,6,Boudh,0,Summer,yield_rate,qtl/ha,-,,dash
2024-25,..\raw\earas\2024-25\Technical_Report_EARAS_2024-25_Odisha.pdf,84,5.11,Nizer,nizer,6,Boudh,0,Summer,production,qtl,-,,dash
2024-25,..\raw\earas\2024-25\Technical_Report_EARAS_2024-25_Odisha.pdf,84,5.11,Nizer,nizer,6,Boudh,0,Total,area,ha,-,,dash
2024-25,..\raw\earas\2024-25\Technical_Report_EARAS_2024-25_Odisha.pdf,84,5.11,Nizer,nizer,6,Boudh,0,Total,yield_rate,qtl/ha,-,,dash
2024-25,..\raw\earas\2024-25\Technical_Report_EARAS_2024-25_Odisha.pdf,84,5.11,Nizer,nizer,6,Boudh,0,Total,production,qtl,-,,dash
2024-25,..\raw\earas\2024-25\Technical_Report_EARAS_2024-25_Odisha.pdf,84,5.11,Nizer,nizer,7,Cuttack,0,Autumn,area,ha,-,,dash
2024-25,..\raw\earas\2024-25\Technical_Report_EARAS_2024-25_Odisha.pdf,84,5.11,Nizer,nizer,7,Cuttack,0,Autumn,yield_rate,qtl/ha,-,,dash
2024-25,..\raw\earas\2024-25\Technical_Report_EARAS_2024-25_Odisha.pdf,84,5.11,Nizer,nizer,7,Cuttack,0,Autumn,production,qtl,-,,dash
2024-25,..\raw\earas\2024-25\Technical_Report_EARAS_2024-25_Odisha.pdf,84,5.11,Nizer,nizer,7,Cuttack,0,Winter,area,ha,-,,dash
2024-25,..\raw\earas\2024-25\Technical_Report_EARAS_2024-25_Odisha.pdf,84,5.11,Nizer,nizer,7,Cuttack,0,Winter,yield_rate,qtl/ha,-,,dash
2024-25,..\raw\earas\2024-25\Technical_Report_EARAS_2024-25_Odisha.pdf,84,5.11,Nizer,nizer,7,Cuttack,0,Winter,production,qtl,-,,dash
2024-25,..\raw\earas\2024-25\Technical_Report_EARAS_2024-25_Odisha.pdf,84,5.11,Nizer,nizer,7,Cuttack,0,Summer,area,ha,-,,dash
2024-25,..\raw\earas\2024-25\Technical_Report_EARAS_2024-25_Odisha.pdf,84,5.11,Nizer,nizer,7,Cuttack,0,Summer,yield_rate,qtl/ha,-,,dash
2024-25,..\raw\earas\2024-25\Technical_Report_EARAS_2024-25_Odisha.pdf,84,5.11,Nizer,nizer,7,Cuttack,0,Summer,production,qtl,-,,dash
2024-25,..\raw\earas\2024-25\Technical_Report_EARAS_2024-25_Odisha.pdf,84,5.11,Nizer,nizer,7,Cuttack,0,Total,area,ha,-,,dash
2024-25,..\raw\earas\2024-25\Technical_Report_EARAS_2024-25_Odisha.pdf,84,5.11,Nizer,nizer,7,Cuttack,0,Total,yield_rate,qtl/ha,-,,dash
2024-25,..\raw\earas\2024-25\Technical_Report_EARAS_2024-25_Odisha.pdf,84,5.11,Nizer,nizer,7,Cuttack,0,Total,production,qtl,-,,dash
2024-25,..\raw\earas\2024-25\Technical_Report_EARAS_2024-25_Odisha.pdf,84,5.11,Nizer,nizer,8,Deogarh,0,Autumn,area,ha,-,,dash
2024-25,..\raw\earas\2024-25\Technical_Report_EARAS_2024-25_Odisha.pdf,84,5.11,Nizer,nizer,8,Deogarh,0,Autumn,yield_rate,qtl/ha,-,,dash
2024-25,..\raw\earas\2024-25\Technical_Report_EARAS_2024-25_Odisha.pdf,84,5.11,Nizer,nizer,8,Deogarh,0,Autumn,production,qtl,-,,dash
2024-25,..\raw\earas\2024-25\Technical_Report_EARAS_2024-25_Odisha.pdf,84,5.11,Nizer,nizer,8,Deogarh,0,Winter,area,ha,-,,dash
2024-25,..\raw\earas\2024-25\Technical_Report_EARAS_2024-25_Odisha.pdf,84,5.11,Nizer,nizer,8,Deogarh,0,Winter,yield_rate,qtl/ha,-,,dash
2024-25,..\raw\earas\2024-25\Technical_Report_EARAS_2024-25_Odisha.pdf,84,5.11,Nizer,nizer,8,Deogarh,0,Winter,production,qtl,-,,dash
2024-25,..\raw\earas\2024-25\Technical_Report_EARAS_2024-25_Odisha.pdf,84,5.11,Nizer,nizer,8,Deogarh,0,Summer,area,ha,-,,dash
2024-25,..\raw\earas\2024-25\Technical_Report_EARAS_2024-25_Odisha.pdf,84,5.11,Nizer,nizer,8,Deogarh,0,Summer,yield_rate,qtl/ha,-,,dash
2024-25,..\raw\earas\2024-25\Technical_Report_EARAS_2024-25_Odisha.pdf,84,5.11,Nizer,nizer,8,Deogarh,0,Summer,production,qtl,-,,dash
2024-25,..\raw\earas\2024-25\Technical_Report_EARAS_2024-25_Odisha.pdf,84,5.11,Nizer,nizer,8,Deogarh,0,Total,area,ha,-,,dash
2024-25,..\raw\earas\2024-25\Technical_Report_EARAS_2024-25_Odisha.pdf,84,5.11,Nizer,nizer,8,Deogarh,0,Total,yield_rate,qtl/ha,-,,dash
2024-25,..\raw\earas\2024-25\Technical_Report_EARAS_2024-25_Odisha.pdf,84,5.11,Nizer,nizer,8,Deogarh,0,Total,production,qtl,-,,dash
2024-25,..\raw\earas\2024-25\Technical_Report_EARAS_2024-25_Odisha.pdf,84,5.11,Nizer,nizer,9,Dhenkanal,0,Autumn,area,ha,-,,dash
2024-25,..\raw\earas\2024-25\Technical_Report_EARAS_2024-25_Odisha.pdf,84,5.11,Nizer,nizer,9,Dhenkanal,0,Autumn,yield_rate,qtl/ha,-,,dash
2024-25,..\raw\earas\2024-25\Technical_Report_EARAS_2024-25_Odisha.pdf,84,5.11,Nizer,nizer,9,Dhenkanal,0,Autumn,production,qtl,-,,dash
2024-25,..\raw\earas\2024-25\Technical_Report_EARAS_2024-25_Odisha.pdf,84,5.11,Nizer,nizer,9,Dhenkanal,0,Winter,area,ha,-,,dash
2024-25,..\raw\earas\2024-25\Technical_Report_EARAS_2024-25_Odisha.pdf,84,5.11,Nizer,nizer,9,Dhenkanal,0,Winter,yield_rate,qtl/ha,-,,dash
2024-25,..\raw\earas\2024-25\Technical_Report_EARAS_2024-25_Odisha.pdf,84,5.11,Nizer,nizer,9,Dhenkanal,0,Winter,production,qtl,-,,dash
2024-25,..\raw\earas\2024-25\Technical_Report_EARAS_2024-25_Odisha.pdf,84,5.11,Nizer,nizer,9,Dhenkanal,0,Summer,area,ha,-,,dash
2024-25,..\raw\earas\2024-25\Technical_Report_EARAS_2024-25_Odisha.pdf,84,5.11,Nizer,nizer,9,Dhenkanal,0,Summer,yield_rate,qtl/ha,-,,dash
2024-25,..\raw\earas\2024-25\Technical_Report_EARAS_2024-25_Odisha.pdf,84,5.11,Nizer,nizer,9,Dhenkanal,0,Summer,production,qtl,-,,dash
2024-25,..\raw\earas\2024-25\Technical_Report_EARAS_2024-25_Odisha.pdf,84,5.11,Nizer,nizer,9,Dhenkanal,0,Total,area,ha,-,,dash
2024-25,..\raw\earas\2024-25\Technical_Report_EARAS_2024-25_Odisha.pdf,84,5.11,Nizer,nizer,9,Dhenkanal,0,Total,yield_rate,qtl/ha,-,,dash
2024-25,..\raw\earas\2024-25\Technical_Report_EARAS_2024-25_Odisha.pdf,84,5.11,Nizer,nizer,9,Dhenkanal,0,Total,production,qtl,-,,dash
2024-25,..\raw\earas\2024-25\Technical_Report_EARAS_2024-25_Odisha.pdf,84,5.11,Nizer,nizer,10,Gajapati,0,Autumn,area,ha,-,,dash
2024-25,..\raw\earas\2024-25\Technical_Report_EARAS_2024-25_Odisha.pdf,84,5.11,Nizer,nizer,10,Gajapati,0,Autumn,yield_rate,qtl/ha,-,,dash
2024-25,..\raw\earas\2024-25\Technical_Report_EARAS_2024-25_Odisha.pdf,84,5.11,Nizer,nizer,10,Gajapati,0,Autumn,production,qtl,-,,dash
2024-25,..\raw\earas\2024-25\Technical_Report_EARAS_2024-25_Odisha.pdf,84,5.11,Nizer,nizer,10,Gajapati,0,Winter,area,ha,S,,below_half_unit
2024-25,..\raw\earas\2024-25\Technical_Report_EARAS_2024-25_Odisha.pdf,84,5.11,Nizer,nizer,10,Gajapati,0,Winter,yield_rate,qtl/ha,1.59,1.59,ok
2024-25,..\raw\earas\2024-25\Technical_Report_EARAS_2024-25_Odisha.pdf,84,5.11,Nizer,nizer,10,Gajapati,0,Winter,production,qtl,-,,dash
2024-25,..\raw\earas\2024-25\Technical_Report_EARAS_2024-25_Odisha.pdf,84,5.11,Nizer,nizer,10,Gajapati,0,Summer,area,ha,-,,dash
2024-25,..\raw\earas\2024-25\Technical_Report_EARAS_2024-25_Odisha.pdf,84,5.11,Nizer,nizer,10,Gajapati,0,Summer,yield_rate,qtl/ha,-,,dash
2024-25,..\raw\earas\2024-25\Technical_Report_EARAS_2024-25_Odisha.pdf,84,5.11,Nizer,nizer,10,Gajapati,0,Summer,production,qtl,-,,dash
2024-25,..\raw\earas\2024-25\Technical_Report_EARAS_2024-25_Odisha.pdf,84,5.11,Nizer,nizer,10,Gajapati,0,Total,area,ha,S,,below_half_unit
2024-25,..\raw\earas\2024-25\Technical_Report_EARAS_2024-25_Odisha.pdf,84,5.11,Nizer,nizer,10,Gajapati,0,Total,yield_rate,qtl/ha,1.59,1.59,ok
2024-25,..\raw\earas\2024-25\Technical_Report_EARAS_2024-25_Odisha.pdf,84,5.11,Nizer,nizer,10,Gajapati,0,Total,production,qtl,-,,dash
2024-25,..\raw\earas\2024-25\Technical_Report_EARAS_2024-25_Odisha.pdf,84,5.11,Nizer,nizer,11,Ganjam,0,Autumn,area,ha,-,,dash
2024-25,..\raw\earas\2024-25\Technical_Report_EARAS_2024-25_Odisha.pdf,84,5.11,Nizer,nizer,11,Ganjam,0,Autumn,yield_rate,qtl/ha,-,,dash
2024-25,..\raw\earas\2024-25\Technical_Report_EARAS_2024-25_Odisha.pdf,84,5.11,Nizer,nizer,11,Ganjam,0,Autumn,production,qtl,-,,dash
2024-25,..\raw\earas\2024-25\Technical_Report_EARAS_2024-25_Odisha.pdf,84,5.11,Nizer,nizer,11,Ganjam,0,Winter,area,ha,-,,dash
2024-25,..\raw\earas\2024-25\Technical_Report_EARAS_2024-25_Odisha.pdf,84,5.11,Nizer,nizer,11,Ganjam,0,Winter,yield_rate,qtl/ha,-,,dash
2024-25,..\raw\earas\2024-25\Technical_Report_EARAS_2024-25_Odisha.pdf,84,5.11,Nizer,nizer,11,Ganjam,0,Winter,production,qtl,-,,dash
2024-25,..\raw\earas\2024-25\Technical_Report_EARAS_2024-25_Odisha.pdf,84,5.11,Nizer,nizer,11,Ganjam,0,Summer,area,ha,-,,dash
2024-25,..\raw\earas\2024-25\Technical_Report_EARAS_2024-25_Odisha.pdf,84,5.11,Nizer,nizer,11,Ganjam,0,Summer,yield_rate,qtl/ha,-,,dash
2024-25,..\raw\earas\2024-25\Technical_Report_EARAS_2024-25_Odisha.pdf,84,5.11,Nizer,nizer,11,Ganjam,0,Summer,production,qtl,-,,dash
2024-25,..\raw\earas\2024-25\Technical_Report_EARAS_2024-25_Odisha.pdf,84,5.11,Nizer,nizer,11,Ganjam,0,Total,area,ha,-,,dash
2024-25,..\raw\earas\2024-25\Technical_Report_EARAS_2024-25_Odisha.pdf,84,5.11,Nizer,nizer,11,Ganjam,0,Total,yield_rate,qtl/ha,-,,dash
2024-25,..\raw\earas\2024-25\Technical_Report_EARAS_2024-25_Odisha.pdf,84,5.11,Nizer,nizer,11,Ganjam,0,Total,production,qtl,-,,dash
2024-25,..\raw\earas\2024-25\Technical_Report_EARAS_2024-25_Odisha.pdf,84,5.11,Nizer,nizer,12,Jagatsinghpur,0,Autumn,area,ha,-,,dash
2024-25,..\raw\earas\2024-25\Technical_Report_EARAS_2024-25_Odisha.pdf,84,5.11,Nizer,nizer,12,Jagatsinghpur,0,Autumn,yield_rate,qtl/ha,-,,dash
2024-25,..\raw\earas\2024-25\Technical_Report_EARAS_2024-25_Odisha.pdf,84,5.11,Nizer,nizer,12,Jagatsinghpur,0,Autumn,production,qtl,-,,dash
2024-25,..\raw\earas\2024-25\Technical_Report_EARAS_2024-25_Odisha.pdf,84,5.11,Nizer,nizer,12,Jagatsinghpur,0,Winter,area,ha,-,,dash
2024-25,..\raw\earas\2024-25\Technical_Report_EARAS_2024-25_Odisha.pdf,84,5.11,Nizer,nizer,12,Jagatsinghpur,0,Winter,yield_rate,qtl/ha,-,,dash
2024-25,..\raw\earas\2024-25\Technical_Report_EARAS_2024-25_Odisha.pdf,84,5.11,Nizer,nizer,12,Jagatsinghpur,0,Winter,production,qtl,-,,dash
2024-25,..\raw\earas\2024-25\Technical_Report_EARAS_2024-25_Odisha.pdf,84,5.11,Nizer,nizer,12,Jagatsinghpur,0,Summer,area,ha,-,,dash
2024-25,..\raw\earas\2024-25\Technical_Report_EARAS_2024-25_Odisha.pdf,84,5.11,Nizer,nizer,12,Jagatsinghpur,0,Summer,yield_rate,qtl/ha,-,,dash
2024-25,..\raw\earas\2024-25\Technical_Report_EARAS_2024-25_Odisha.pdf,84,5.11,Nizer,nizer,12,Jagatsinghpur,0,Summer,production,qtl,-,,dash
2024-25,..\raw\earas\2024-25\Technical_Report_EARAS_2024-25_Odisha.pdf,84,5.11,Nizer,nizer,12,Jagatsinghpur,0,Total,area,ha,-,,dash
2024-25,..\raw\earas\2024-25\Technical_Report_EARAS_2024-25_Odisha.pdf,84,5.11,Nizer,nizer,12,Jagatsinghpur,0,Total,yield_rate,qtl/ha,-,,dash
2024-25,..\raw\earas\2024-25\Technical_Report_EARAS_2024-25_Odisha.pdf,84,5.11,Nizer,nizer,12,Jagatsinghpur,0,Total,production,qtl,-,,dash
2024-25,..\raw\earas\2024-25\Technical_Report_EARAS_2024-25_Odisha.pdf,84,5.11,Nizer,nizer,13,Jajpur,0,Autumn,area,ha,-,,dash
2024-25,..\raw\earas\2024-25\Technical_Report_EARAS_2024-25_Odisha.pdf,84,5.11,Nizer,nizer,13,Jajpur,0,Autumn,yield_rate,qtl/ha,-,,dash
2024-25,..\raw\earas\2024-25\Technical_Report_EARAS_2024-25_Odisha.pdf,84,5.11,Nizer,nizer,13,Jajpur,0,Autumn,production,qtl,-,,dash
2024-25,..\raw\earas\2024-25\Technical_Report_EARAS_2024-25_Odisha.pdf,84,5.11,Nizer,nizer,13,Jajpur,0,Winter,area,ha,-,,dash
2024-25,..\raw\earas\2024-25\Technical_Report_EARAS_2024-25_Odisha.pdf,84,5.11,Nizer,nizer,13,Jajpur,0,Winter,yield_rate,qtl/ha,-,,dash
2024-25,..\raw\earas\2024-25\Technical_Report_EARAS_2024-25_Odisha.pdf,84,5.11,Nizer,nizer,13,Jajpur,0,Winter,production,qtl,-,,dash
2024-25,..\raw\earas\2024-25\Technical_Report_EARAS_2024-25_Odisha.pdf,84,5.11,Nizer,nizer,13,Jajpur,0,Summer,area,ha,-,,dash
2024-25,..\raw\earas\2024-25\Technical_Report_EARAS_2024-25_Odisha.pdf,84,5.11,Nizer,nizer,13,Jajpur,0,Summer,yield_rate,qtl/ha,-,,dash
2024-25,..\raw\earas\2024-25\Technical_Report_EARAS_2024-25_Odisha.pdf,84,5.11,Nizer,nizer,13,Jajpur,0,Summer,production,qtl,-,,dash
2024-25,..\raw\earas\2024-25\Technical_Report_EARAS_2024-25_Odisha.pdf,84,5.11,Nizer,nizer,13,Jajpur,0,Total,area,ha,-,,dash
2024-25,..\raw\earas\2024-25\Technical_Report_EARAS_2024-25_Odisha.pdf,84,5.11,Nizer,nizer,13,Jajpur,0,Total,yield_rate,qtl/ha,-,,dash
2024-25,..\raw\earas\2024-25\Technical_Report_EARAS_2024-25_Odisha.pdf,84,5.11,Nizer,nizer,13,Jajpur,0,Total,production,qtl,-,,dash
2024-25,..\raw\earas\2024-25\Technical_Report_EARAS_2024-25_Odisha.pdf,84,5.11,Nizer,nizer,14,Jharsuguda,0,Autumn,area,ha,-,,dash
2024-25,..\raw\earas\2024-25\Technical_Report_EARAS_2024-25_Odisha.pdf,84,5.11,Nizer,nizer,14,Jharsuguda,0,Autumn,yield_rate,qtl/ha,-,,dash
2024-25,..\raw\earas\2024-25\Technical_Report_EARAS_2024-25_Odisha.pdf,84,5.11,Nizer,nizer,14,Jharsuguda,0,Autumn,production,qtl,-,,dash
2024-25,..\raw\earas\2024-25\Technical_Report_EARAS_2024-25_Odisha.pdf,84,5.11,Nizer,nizer,14,Jharsuguda,0,Winter,area,ha,-,,dash
2024-25,..\raw\earas\2024-25\Technical_Report_EARAS_2024-25_Odisha.pdf,84,5.11,Nizer,nizer,14,Jharsuguda,0,Winter,yield_rate,qtl/ha,-,,dash
2024-25,..\raw\earas\2024-25\Technical_Report_EARAS_2024-25_Odisha.pdf,84,5.11,Nizer,nizer,14,Jharsuguda,0,Winter,production,qtl,-,,dash
2024-25,..\raw\earas\2024-25\Technical_Report_EARAS_2024-25_Odisha.pdf,84,5.11,Nizer,nizer,14,Jharsuguda,0,Summer,area,ha,-,,dash
2024-25,..\raw\earas\2024-25\Technical_Report_EARAS_2024-25_Odisha.pdf,84,5.11,Nizer,nizer,14,Jharsuguda,0,Summer,yield_rate,qtl/ha,-,,dash
2024-25,..\raw\earas\2024-25\Technical_Report_EARAS_2024-25_Odisha.pdf,84,5.11,Nizer,nizer,14,Jharsuguda,0,Summer,production,qtl,-,,dash
2024-25,..\raw\earas\2024-25\Technical_Report_EARAS_2024-25_Odisha.pdf,84,5.11,Nizer,nizer,14,Jharsuguda,0,Total,area,ha,-,,dash
2024-25,..\raw\earas\2024-25\Technical_Report_EARAS_2024-25_Odisha.pdf,84,5.11,Nizer,nizer,14,Jharsuguda,0,Total,yield_rate,qtl/ha,-,,dash
2024-25,..\raw\earas\2024-25\Technical_Report_EARAS_2024-25_Odisha.pdf,84,5.11,Nizer,nizer,14,Jharsuguda,0,Total,production,qtl,-,,dash
2024-25,..\raw\earas\2024-25\Technical_Report_EARAS_2024-25_Odisha.pdf,84,5.11,Nizer,nizer,15,Kalahandi,0,Autumn,area,ha,-,,dash
2024-25,..\raw\earas\2024-25\Technical_Report_EARAS_2024-25_Odisha.pdf,84,5.11,Nizer,nizer,15,Kalahandi,0,Autumn,yield_rate,qtl/ha,-,,dash
2024-25,..\raw\earas\2024-25\Technical_Report_EARAS_2024-25_Odisha.pdf,84,5.11,Nizer,nizer,15,Kalahandi,0,Autumn,production,qtl,-,,dash
2024-25,..\raw\earas\2024-25\Technical_Report_EARAS_2024-25_Odisha.pdf,84,5.11,Nizer,nizer,15,Kalahandi,0,Winter,area,ha,689,689,ok
2024-25,..\raw\earas\2024-25\Technical_Report_EARAS_2024-25_Odisha.pdf,84,5.11,Nizer,nizer,15,Kalahandi,0,Winter,yield_rate,qtl/ha,3.81,3.81,ok
2024-25,..\raw\earas\2024-25\Technical_Report_EARAS_2024-25_Odisha.pdf,84,5.11,Nizer,nizer,15,Kalahandi,0,Winter,production,qtl,2625,2625,ok
2024-25,..\raw\earas\2024-25\Technical_Report_EARAS_2024-25_Odisha.pdf,84,5.11,Nizer,nizer,15,Kalahandi,0,Summer,area,ha,-,,dash
2024-25,..\raw\earas\2024-25\Technical_Report_EARAS_2024-25_Odisha.pdf,84,5.11,Nizer,nizer,15,Kalahandi,0,Summer,yield_rate,qtl/ha,-,,dash
2024-25,..\raw\earas\2024-25\Technical_Report_EARAS_2024-25_Odisha.pdf,84,5.11,Nizer,nizer,15,Kalahandi,0,Summer,production,qtl,-,,dash
2024-25,..\raw\earas\2024-25\Technical_Report_EARAS_2024-25_Odisha.pdf,84,5.11,Nizer,nizer,15,Kalahandi,0,Total,area,ha,689,689,ok
2024-25,..\raw\earas\2024-25\Technical_Report_EARAS_2024-25_Odisha.pdf,84,5.11,Nizer,nizer,15,Kalahandi,0,Total,yield_rate,qtl/ha,3.81,3.81,ok
2024-25,..\raw\earas\2024-25\Technical_Report_EARAS_2024-25_Odisha.pdf,84,5.11,Nizer,nizer,15,Kalahandi,0,Total,production,qtl,2625,2625,ok
2024-25,..\raw\earas\2024-25\Technical_Report_EARAS_2024-25_Odisha.pdf,84,5.11,Nizer,nizer,16,Kandhamal,0,Autumn,area,ha,-,,dash
2024-25,..\raw\earas\2024-25\Technical_Report_EARAS_2024-25_Odisha.pdf,84,5.11,Nizer,nizer,16,Kandhamal,0,Autumn,yield_rate,qtl/ha,-,,dash
2024-25,..\raw\earas\2024-25\Technical_Report_EARAS_2024-25_Odisha.pdf,84,5.11,Nizer,nizer,16,Kandhamal,0,Autumn,production,qtl,-,,dash
2024-25,..\raw\earas\2024-25\Technical_Report_EARAS_2024-25_Odisha.pdf,84,5.11,Nizer,nizer,16,Kandhamal,0,Winter,area,ha,268,268,ok
2024-25,..\raw\earas\2024-25\Technical_Report_EARAS_2024-25_Odisha.pdf,84,5.11,Nizer,nizer,16,Kandhamal,0,Winter,yield_rate,qtl/ha,3.35,3.35,ok
2024-25,..\raw\earas\2024-25\Technical_Report_EARAS_2024-25_Odisha.pdf,84,5.11,Nizer,nizer,16,Kandhamal,0,Winter,production,qtl,898,898,ok
2024-25,..\raw\earas\2024-25\Technical_Report_EARAS_2024-25_Odisha.pdf,84,5.11,Nizer,nizer,16,Kandhamal,0,Summer,area,ha,-,,dash
2024-25,..\raw\earas\2024-25\Technical_Report_EARAS_2024-25_Odisha.pdf,84,5.11,Nizer,nizer,16,Kandhamal,0,Summer,yield_rate,qtl/ha,-,,dash
2024-25,..\raw\earas\2024-25\Technical_Report_EARAS_2024-25_Odisha.pdf,84,5.11,Nizer,nizer,16,Kandhamal,0,Summer,production,qtl,-,,dash
2024-25,..\raw\earas\2024-25\Technical_Report_EARAS_2024-25_Odisha.pdf,84,5.11,Nizer,nizer,16,Kandhamal,0,Total,area,ha,268,268,ok
2024-25,..\raw\earas\2024-25\Technical_Report_EARAS_2024-25_Odisha.pdf,84,5.11,Nizer,nizer,16,Kandhamal,0,Total,yield_rate,qtl/ha,3.35,3.35,ok
2024-25,..\raw\earas\2024-25\Technical_Report_EARAS_2024-25_Odisha.pdf,84,5.11,Nizer,nizer,16,Kandhamal,0,Total,production,qtl,898,898,ok
2024-25,..\raw\earas\2024-25\Technical_Report_EARAS_2024-25_Odisha.pdf,84,5.11,Nizer,nizer,17,Kendrapada,0,Autumn,area,ha,-,,dash
2024-25,..\raw\earas\2024-25\Technical_Report_EARAS_2024-25_Odisha.pdf,84,5.11,Nizer,nizer,17,Kendrapada,0,Autumn,yield_rate,qtl/ha,-,,dash
2024-25,..\raw\earas\2024-25\Technical_Report_EARAS_2024-25_Odisha.pdf,84,5.11,Nizer,nizer,17,Kendrapada,0,Autumn,production,qtl,-,,dash
2024-25,..\raw\earas\2024-25\Technical_Report_EARAS_2024-25_Odisha.pdf,84,5.11,Nizer,nizer,17,Kendrapada,0,Winter,area,ha,-,,dash
2024-25,..\raw\earas\2024-25\Technical_Report_EARAS_2024-25_Odisha.pdf,84,5.11,Nizer,nizer,17,Kendrapada,0,Winter,yield_rate,qtl/ha,-,,dash
2024-25,..\raw\earas\2024-25\Technical_Report_EARAS_2024-25_Odisha.pdf,84,5.11,Nizer,nizer,17,Kendrapada,0,Winter,production,qtl,-,,dash
2024-25,..\raw\earas\2024-25\Technical_Report_EARAS_2024-25_Odisha.pdf,84,5.11,Nizer,nizer,17,Kendrapada,0,Summer,area,ha,-,,dash
2024-25,..\raw\earas\2024-25\Technical_Report_EARAS_2024-25_Odisha.pdf,84,5.11,Nizer,nizer,17,Kendrapada,0,Summer,yield_rate,qtl/ha,-,,dash
2024-25,..\raw\earas\2024-25\Technical_Report_EARAS_2024-25_Odisha.pdf,84,5.11,Nizer,nizer,17,Kendrapada,0,Summer,production,qtl,-,,dash
2024-25,..\raw\earas\2024-25\Technical_Report_EARAS_2024-25_Odisha.pdf,84,5.11,Nizer,nizer,17,Kendrapada,0,Total,area,ha,-,,dash
2024-25,..\raw\earas\2024-25\Technical_Report_EARAS_2024-25_Odisha.pdf,84,5.11,Nizer,nizer,17,Kendrapada,0,Total,yield_rate,qtl/ha,-,,dash
2024-25,..\raw\earas\2024-25\Technical_Report_EARAS_2024-25_Odisha.pdf,84,5.11,Nizer,nizer,17,Kendrapada,0,Total,production,qtl,-,,dash
2024-25,..\raw\earas\2024-25\Technical_Report_EARAS_2024-25_Odisha.pdf,84,5.11,Nizer,nizer,18,Keonjhar,0,Autumn,area,ha,-,,dash
2024-25,..\raw\earas\2024-25\Technical_Report_EARAS_2024-25_Odisha.pdf,84,5.11,Nizer,nizer,18,Keonjhar,0,Autumn,yield_rate,qtl/ha,-,,dash
2024-25,..\raw\earas\2024-25\Technical_Report_EARAS_2024-25_Odisha.pdf,84,5.11,Nizer,nizer,18,Keonjhar,0,Autumn,production,qtl,-,,dash
2024-25,..\raw\earas\2024-25\Technical_Report_EARAS_2024-25_Odisha.pdf,84,5.11,Nizer,nizer,18,Keonjhar,0,Winter,area,ha,360,360,ok
2024-25,..\raw\earas\2024-25\Technical_Report_EARAS_2024-25_Odisha.pdf,84,5.11,Nizer,nizer,18,Keonjhar,0,Winter,yield_rate,qtl/ha,3.40,3.40,ok
2024-25,..\raw\earas\2024-25\Technical_Report_EARAS_2024-25_Odisha.pdf,84,5.11,Nizer,nizer,18,Keonjhar,0,Winter,production,qtl,1224,1224,ok
2024-25,..\raw\earas\2024-25\Technical_Report_EARAS_2024-25_Odisha.pdf,84,5.11,Nizer,nizer,18,Keonjhar,0,Summer,area,ha,-,,dash
2024-25,..\raw\earas\2024-25\Technical_Report_EARAS_2024-25_Odisha.pdf,84,5.11,Nizer,nizer,18,Keonjhar,0,Summer,yield_rate,qtl/ha,-,,dash
2024-25,..\raw\earas\2024-25\Technical_Report_EARAS_2024-25_Odisha.pdf,84,5.11,Nizer,nizer,18,Keonjhar,0,Summer,production,qtl,-,,dash
2024-25,..\raw\earas\2024-25\Technical_Report_EARAS_2024-25_Odisha.pdf,84,5.11,Nizer,nizer,18,Keonjhar,0,Total,area,ha,360,360,ok
2024-25,..\raw\earas\2024-25\Technical_Report_EARAS_2024-25_Odisha.pdf,84,5.11,Nizer,nizer,18,Keonjhar,0,Total,yield_rate,qtl/ha,3.40,3.40,ok
2024-25,..\raw\earas\2024-25\Technical_Report_EARAS_2024-25_Odisha.pdf,84,5.11,Nizer,nizer,18,Keonjhar,0,Total,production,qtl,1224,1224,ok
2024-25,..\raw\earas\2024-25\Technical_Report_EARAS_2024-25_Odisha.pdf,84,5.11,Nizer,nizer,19,Khurda,0,Autumn,area,ha,-,,dash
2024-25,..\raw\earas\2024-25\Technical_Report_EARAS_2024-25_Odisha.pdf,84,5.11,Nizer,nizer,19,Khurda,0,Autumn,yield_rate,qtl/ha,-,,dash
2024-25,..\raw\earas\2024-25\Technical_Report_EARAS_2024-25_Odisha.pdf,84,5.11,Nizer,nizer,19,Khurda,0,Autumn,production,qtl,-,,dash
2024-25,..\raw\earas\2024-25\Technical_Report_EARAS_2024-25_Odisha.pdf,84,5.11,Nizer,nizer,19,Khurda,0,Winter,area,ha,-,,dash
2024-25,..\raw\earas\2024-25\Technical_Report_EARAS_2024-25_Odisha.pdf,84,5.11,Nizer,nizer,19,Khurda,0,Winter,yield_rate,qtl/ha,-,,dash
2024-25,..\raw\earas\2024-25\Technical_Report_EARAS_2024-25_Odisha.pdf,84,5.11,Nizer,nizer,19,Khurda,0,Winter,production,qtl,-,,dash
2024-25,..\raw\earas\2024-25\Technical_Report_EARAS_2024-25_Odisha.pdf,84,5.11,Nizer,nizer,19,Khurda,0,Summer,area,ha,-,,dash
2024-25,..\raw\earas\2024-25\Technical_Report_EARAS_2024-25_Odisha.pdf,84,5.11,Nizer,nizer,19,Khurda,0,Summer,yield_rate,qtl/ha,-,,dash
2024-25,..\raw\earas\2024-25\Technical_Report_EARAS_2024-25_Odisha.pdf,84,5.11,Nizer,nizer,19,Khurda,0,Summer,production,qtl,-,,dash
2024-25,..\raw\earas\2024-25\Technical_Report_EARAS_2024-25_Odisha.pdf,84,5.11,Nizer,nizer,19,Khurda,0,Total,area,ha,-,,dash
2024-25,..\raw\earas\2024-25\Technical_Report_EARAS_2024-25_Odisha.pdf,84,5.11,Nizer,nizer,19,Khurda,0,Total,yield_rate,qtl/ha,-,,dash
2024-25,..\raw\earas\2024-25\Technical_Report_EARAS_2024-25_Odisha.pdf,84,5.11,Nizer,nizer,19,Khurda,0,Total,production,qtl,-,,dash
2024-25,..\raw\earas\2024-25\Technical_Report_EARAS_2024-25_Odisha.pdf,84,5.11,Nizer,nizer,20,Koraput,0,Autumn,area,ha,-,,dash
2024-25,..\raw\earas\2024-25\Technical_Report_EARAS_2024-25_Odisha.pdf,84,5.11,Nizer,nizer,20,Koraput,0,Autumn,yield_rate,qtl/ha,-,,dash
2024-25,..\raw\earas\2024-25\Technical_Report_EARAS_2024-25_Odisha.pdf,84,5.11,Nizer,nizer,20,Koraput,0,Autumn,production,qtl,-,,dash
2024-25,..\raw\earas\2024-25\Technical_Report_EARAS_2024-25_Odisha.pdf,84,5.11,Nizer,nizer,20,Koraput,0,Winter,area,ha,5139,5139,ok
2024-25,..\raw\earas\2024-25\Technical_Report_EARAS_2024-25_Odisha.pdf,84,5.11,Nizer,nizer,20,Koraput,0,Winter,yield_rate,qtl/ha,2.99,2.99,ok
2024-25,..\raw\earas\2024-25\Technical_Report_EARAS_2024-25_Odisha.pdf,84,5.11,Nizer,nizer,20,Koraput,0,Winter,production,qtl,15366,15366,ok
2024-25,..\raw\earas\2024-25\Technical_Report_EARAS_2024-25_Odisha.pdf,84,5.11,Nizer,nizer,20,Koraput,0,Summer,area,ha,-,,dash
2024-25,..\raw\earas\2024-25\Technical_Report_EARAS_2024-25_Odisha.pdf,84,5.11,Nizer,nizer,20,Koraput,0,Summer,yield_rate,qtl/ha,-,,dash
2024-25,..\raw\earas\2024-25\Technical_Report_EARAS_2024-25_Odisha.pdf,84,5.11,Nizer,nizer,20,Koraput,0,Summer,production,qtl,-,,dash
2024-25,..\raw\earas\2024-25\Technical_Report_EARAS_2024-25_Odisha.pdf,84,5.11,Nizer,nizer,20,Koraput,0,Total,area,ha,5139,5139,ok
2024-25,..\raw\earas\2024-25\Technical_Report_EARAS_2024-25_Odisha.pdf,84,5.11,Nizer,nizer,20,Koraput,0,Total,yield_rate,qtl/ha,2.99,2.99,ok
2024-25,..\raw\earas\2024-25\Technical_Report_EARAS_2024-25_Odisha.pdf,84,5.11,Nizer,nizer,20,Koraput,0,Total,production,qtl,15366,15366,ok
2024-25,..\raw\earas\2024-25\Technical_Report_EARAS_2024-25_Odisha.pdf,84,5.11,Nizer,nizer,21,Malkangiri,0,Autumn,area,ha,-,,dash
2024-25,..\raw\earas\2024-25\Technical_Report_EARAS_2024-25_Odisha.pdf,84,5.11,Nizer,nizer,21,Malkangiri,0,Autumn,yield_rate,qtl/ha,-,,dash
2024-25,..\raw\earas\2024-25\Technical_Report_EARAS_2024-25_Odisha.pdf,84,5.11,Nizer,nizer,21,Malkangiri,0,Autumn,production,qtl,-,,dash
2024-25,..\raw\earas\2024-25\Technical_Report_EARAS_2024-25_Odisha.pdf,84,5.11,Nizer,nizer,21,Malkangiri,0,Winter,area,ha,194,194,ok
2024-25,..\raw\earas\2024-25\Technical_Report_EARAS_2024-25_Odisha.pdf,84,5.11,Nizer,nizer,21,Malkangiri,0,Winter,yield_rate,qtl/ha,3.04,3.04,ok
2024-25,..\raw\earas\2024-25\Technical_Report_EARAS_2024-25_Odisha.pdf,84,5.11,Nizer,nizer,21,Malkangiri,0,Winter,production,qtl,590,590,ok
2024-25,..\raw\earas\2024-25\Technical_Report_EARAS_2024-25_Odisha.pdf,84,5.11,Nizer,nizer,21,Malkangiri,0,Summer,area,ha,-,,dash
2024-25,..\raw\earas\2024-25\Technical_Report_EARAS_2024-25_Odisha.pdf,84,5.11,Nizer,nizer,21,Malkangiri,0,Summer,yield_rate,qtl/ha,-,,dash
2024-25,..\raw\earas\2024-25\Technical_Report_EARAS_2024-25_Odisha.pdf,84,5.11,Nizer,nizer,21,Malkangiri,0,Summer,production,qtl,-,,dash
2024-25,..\raw\earas\2024-25\Technical_Report_EARAS_2024-25_Odisha.pdf,84,5.11,Nizer,nizer,21,Malkangiri,0,Total,area,ha,194,194,ok
2024-25,..\raw\earas\2024-25\Technical_Report_EARAS_2024-25_Odisha.pdf,84,5.11,Nizer,nizer,21,Malkangiri,0,Total,yield_rate,qtl/ha,3.04,3.04,ok
2024-25,..\raw\earas\2024-25\Technical_Report_EARAS_2024-25_Odisha.pdf,84,5.11,Nizer,nizer,21,Malkangiri,0,Total,production,qtl,590,590,ok
2024-25,..\raw\earas\2024-25\Technical_Report_EARAS_2024-25_Odisha.pdf,84,5.11,Nizer,nizer,22,Mayurbhanja,0,Autumn,area,ha,-,,dash
2024-25,..\raw\earas\2024-25\Technical_Report_EARAS_2024-25_Odisha.pdf,84,5.11,Nizer,nizer,22,Mayurbhanja,0,Autumn,yield_rate,qtl/ha,-,,dash
2024-25,..\raw\earas\2024-25\Technical_Report_EARAS_2024-25_Odisha.pdf,84,5.11,Nizer,nizer,22,Mayurbhanja,0,Autumn,production,qtl,-,,dash
2024-25,..\raw\earas\2024-25\Technical_Report_EARAS_2024-25_Odisha.pdf,84,5.11,Nizer,nizer,22,Mayurbhanja,0,Winter,area,ha,1,1,ok
2024-25,..\raw\earas\2024-25\Technical_Report_EARAS_2024-25_Odisha.pdf,84,5.11,Nizer,nizer,22,Mayurbhanja,0,Winter,yield_rate,qtl/ha,5.73,5.73,ok
2024-25,..\raw\earas\2024-25\Technical_Report_EARAS_2024-25_Odisha.pdf,84,5.11,Nizer,nizer,22,Mayurbhanja,0,Winter,production,qtl,6,6,ok
2024-25,..\raw\earas\2024-25\Technical_Report_EARAS_2024-25_Odisha.pdf,84,5.11,Nizer,nizer,22,Mayurbhanja,0,Summer,area,ha,-,,dash
2024-25,..\raw\earas\2024-25\Technical_Report_EARAS_2024-25_Odisha.pdf,84,5.11,Nizer,nizer,22,Mayurbhanja,0,Summer,yield_rate,qtl/ha,-,,dash
2024-25,..\raw\earas\2024-25\Technical_Report_EARAS_2024-25_Odisha.pdf,84,5.11,Nizer,nizer,22,Mayurbhanja,0,Summer,production,qtl,-,,dash
2024-25,..\raw\earas\2024-25\Technical_Report_EARAS_2024-25_Odisha.pdf,84,5.11,Nizer,nizer,22,Mayurbhanja,0,Total,area,ha,1,1,ok
2024-25,..\raw\earas\2024-25\Technical_Report_EARAS_2024-25_Odisha.pdf,84,5.11,Nizer,nizer,22,Mayurbhanja,0,Total,yield_rate,qtl/ha,5.73,5.73,ok
2024-25,..\raw\earas\2024-25\Technical_Report_EARAS_2024-25_Odisha.pdf,84,5.11,Nizer,nizer,22,Mayurbhanja,0,Total,production,qtl,6,6,ok
2024-25,..\raw\earas\2024-25\Technical_Report_EARAS_2024-25_Odisha.pdf,84,5.11,Nizer,nizer,23,Nuapada,0,Autumn,area,ha,-,,dash
2024-25,..\raw\earas\2024-25\Technical_Report_EARAS_2024-25_Odisha.pdf,84,5.11,Nizer,nizer,23,Nuapada,0,Autumn,yield_rate,qtl/ha,-,,dash
2024-25,..\raw\earas\2024-25\Technical_Report_EARAS_2024-25_Odisha.pdf,84,5.11,Nizer,nizer,23,Nuapada,0,Autumn,production,qtl,-,,dash
2024-25,..\raw\earas\2024-25\Technical_Report_EARAS_2024-25_Odisha.pdf,84,5.11,Nizer,nizer,23,Nuapada,0,Winter,area,ha,-,,dash
2024-25,..\raw\earas\2024-25\Technical_Report_EARAS_2024-25_Odisha.pdf,84,5.11,Nizer,nizer,23,Nuapada,0,Winter,yield_rate,qtl/ha,-,,dash
2024-25,..\raw\earas\2024-25\Technical_Report_EARAS_2024-25_Odisha.pdf,84,5.11,Nizer,nizer,23,Nuapada,0,Winter,production,qtl,-,,dash
2024-25,..\raw\earas\2024-25\Technical_Report_EARAS_2024-25_Odisha.pdf,84,5.11,Nizer,nizer,23,Nuapada,0,Summer,area,ha,-,,dash
2024-25,..\raw\earas\2024-25\Technical_Report_EARAS_2024-25_Odisha.pdf,84,5.11,Nizer,nizer,23,Nuapada,0,Summer,yield_rate,qtl/ha,-,,dash
2024-25,..\raw\earas\2024-25\Technical_Report_EARAS_2024-25_Odisha.pdf,84,5.11,Nizer,nizer,23,Nuapada,0,Summer,production,qtl,-,,dash
2024-25,..\raw\earas\2024-25\Technical_Report_EARAS_2024-25_Odisha.pdf,84,5.11,Nizer,nizer,23,Nuapada,0,Total,area,ha,-,,dash
2024-25,..\raw\earas\2024-25\Technical_Report_EARAS_2024-25_Odisha.pdf,84,5.11,Nizer,nizer,23,Nuapada,0,Total,yield_rate,qtl/ha,-,,dash
2024-25,..\raw\earas\2024-25\Technical_Report_EARAS_2024-25_Odisha.pdf,84,5.11,Nizer,nizer,23,Nuapada,0,Total,production,qtl,-,,dash
2024-25,..\raw\earas\2024-25\Technical_Report_EARAS_2024-25_Odisha.pdf,84,5.11,Nizer,nizer,24,Nayagada,0,Autumn,area,ha,-,,dash
2024-25,..\raw\earas\2024-25\Technical_Report_EARAS_2024-25_Odisha.pdf,84,5.11,Nizer,nizer,24,Nayagada,0,Autumn,yield_rate,qtl/ha,-,,dash
2024-25,..\raw\earas\2024-25\Technical_Report_EARAS_2024-25_Odisha.pdf,84,5.11,Nizer,nizer,24,Nayagada,0,Autumn,production,qtl,-,,dash
2024-25,..\raw\earas\2024-25\Technical_Report_EARAS_2024-25_Odisha.pdf,84,5.11,Nizer,nizer,24,Nayagada,0,Winter,area,ha,-,,dash
2024-25,..\raw\earas\2024-25\Technical_Report_EARAS_2024-25_Odisha.pdf,84,5.11,Nizer,nizer,24,Nayagada,0,Winter,yield_rate,qtl/ha,-,,dash
2024-25,..\raw\earas\2024-25\Technical_Report_EARAS_2024-25_Odisha.pdf,84,5.11,Nizer,nizer,24,Nayagada,0,Winter,production,qtl,-,,dash
2024-25,..\raw\earas\2024-25\Technical_Report_EARAS_2024-25_Odisha.pdf,84,5.11,Nizer,nizer,24,Nayagada,0,Summer,area,ha,-,,dash
2024-25,..\raw\earas\2024-25\Technical_Report_EARAS_2024-25_Odisha.pdf,84,5.11,Nizer,nizer,24,Nayagada,0,Summer,yield_rate,qtl/ha,-,,dash
2024-25,..\raw\earas\2024-25\Technical_Report_EARAS_2024-25_Odisha.pdf,84,5.11,Nizer,nizer,24,Nayagada,0,Summer,production,qtl,-,,dash
2024-25,..\raw\earas\2024-25\Technical_Report_EARAS_2024-25_Odisha.pdf,84,5.11,Nizer,nizer,24,Nayagada,0,Total,area,ha,-,,dash
2024-25,..\raw\earas\2024-25\Technical_Report_EARAS_2024-25_Odisha.pdf,84,5.11,Nizer,nizer,24,Nayagada,0,Total,yield_rate,qtl/ha,-,,dash
2024-25,..\raw\earas\2024-25\Technical_Report_EARAS_2024-25_Odisha.pdf,84,5.11,Nizer,nizer,24,Nayagada,0,Total,production,qtl,-,,dash
2024-25,..\raw\earas\2024-25\Technical_Report_EARAS_2024-25_Odisha.pdf,84,5.11,Nizer,nizer,25,Nawarangpur,0,Autumn,area,ha,-,,dash
2024-25,..\raw\earas\2024-25\Technical_Report_EARAS_2024-25_Odisha.pdf,84,5.11,Nizer,nizer,25,Nawarangpur,0,Autumn,yield_rate,qtl/ha,-,,dash
2024-25,..\raw\earas\2024-25\Technical_Report_EARAS_2024-25_Odisha.pdf,84,5.11,Nizer,nizer,25,Nawarangpur,0,Autumn,production,qtl,-,,dash
2024-25,..\raw\earas\2024-25\Technical_Report_EARAS_2024-25_Odisha.pdf,84,5.11,Nizer,nizer,25,Nawarangpur,0,Winter,area,ha,5,5,ok
2024-25,..\raw\earas\2024-25\Technical_Report_EARAS_2024-25_Odisha.pdf,84,5.11,Nizer,nizer,25,Nawarangpur,0,Winter,yield_rate,qtl/ha,3.92,3.92,ok
2024-25,..\raw\earas\2024-25\Technical_Report_EARAS_2024-25_Odisha.pdf,84,5.11,Nizer,nizer,25,Nawarangpur,0,Winter,production,qtl,20,20,ok
2024-25,..\raw\earas\2024-25\Technical_Report_EARAS_2024-25_Odisha.pdf,84,5.11,Nizer,nizer,25,Nawarangpur,0,Summer,area,ha,-,,dash
2024-25,..\raw\earas\2024-25\Technical_Report_EARAS_2024-25_Odisha.pdf,84,5.11,Nizer,nizer,25,Nawarangpur,0,Summer,yield_rate,qtl/ha,-,,dash
2024-25,..\raw\earas\2024-25\Technical_Report_EARAS_2024-25_Odisha.pdf,84,5.11,Nizer,nizer,25,Nawarangpur,0,Summer,production,qtl,-,,dash
2024-25,..\raw\earas\2024-25\Technical_Report_EARAS_2024-25_Odisha.pdf,84,5.11,Nizer,nizer,25,Nawarangpur,0,Total,area,ha,5,5,ok
2024-25,..\raw\earas\2024-25\Technical_Report_EARAS_2024-25_Odisha.pdf,84,5.11,Nizer,nizer,25,Nawarangpur,0,Total,yield_rate,qtl/ha,3.92,3.92,ok
2024-25,..\raw\earas\2024-25\Technical_Report_EARAS_2024-25_Odisha.pdf,84,5.11,Nizer,nizer,25,Nawarangpur,0,Total,production,qtl,20,20,ok
2024-25,..\raw\earas\2024-25\Technical_Report_EARAS_2024-25_Odisha.pdf,84,5.11,Nizer,nizer,26,Puri,0,Autumn,area,ha,-,,dash
2024-25,..\raw\earas\2024-25\Technical_Report_EARAS_2024-25_Odisha.pdf,84,5.11,Nizer,nizer,26,Puri,0,Autumn,yield_rate,qtl/ha,-,,dash
2024-25,..\raw\earas\2024-25\Technical_Report_EARAS_2024-25_Odisha.pdf,84,5.11,Nizer,nizer,26,Puri,0,Autumn,production,qtl,-,,dash
2024-25,..\raw\earas\2024-25\Technical_Report_EARAS_2024-25_Odisha.pdf,84,5.11,Nizer,nizer,26,Puri,0,Winter,area,ha,-,,dash
2024-25,..\raw\earas\2024-25\Technical_Report_EARAS_2024-25_Odisha.pdf,84,5.11,Nizer,nizer,26,Puri,0,Winter,yield_rate,qtl/ha,-,,dash
2024-25,..\raw\earas\2024-25\Technical_Report_EARAS_2024-25_Odisha.pdf,84,5.11,Nizer,nizer,26,Puri,0,Winter,production,qtl,-,,dash
2024-25,..\raw\earas\2024-25\Technical_Report_EARAS_2024-25_Odisha.pdf,84,5.11,Nizer,nizer,26,Puri,0,Summer,area,ha,-,,dash
2024-25,..\raw\earas\2024-25\Technical_Report_EARAS_2024-25_Odisha.pdf,84,5.11,Nizer,nizer,26,Puri,0,Summer,yield_rate,qtl/ha,-,,dash
2024-25,..\raw\earas\2024-25\Technical_Report_EARAS_2024-25_Odisha.pdf,84,5.11,Nizer,nizer,26,Puri,0,Summer,production,qtl,-,,dash
2024-25,..\raw\earas\2024-25\Technical_Report_EARAS_2024-25_Odisha.pdf,84,5.11,Nizer,nizer,26,Puri,0,Total,area,ha,-,,dash
2024-25,..\raw\earas\2024-25\Technical_Report_EARAS_2024-25_Odisha.pdf,84,5.11,Nizer,nizer,26,Puri,0,Total,yield_rate,qtl/ha,-,,dash
2024-25,..\raw\earas\2024-25\Technical_Report_EARAS_2024-25_Odisha.pdf,84,5.11,Nizer,nizer,26,Puri,0,Total,production,qtl,-,,dash
2024-25,..\raw\earas\2024-25\Technical_Report_EARAS_2024-25_Odisha.pdf,84,5.11,Nizer,nizer,27,Raygada,0,Autumn,area,ha,-,,dash
2024-25,..\raw\earas\2024-25\Technical_Report_EARAS_2024-25_Odisha.pdf,84,5.11,Nizer,nizer,27,Raygada,0,Autumn,yield_rate,qtl/ha,-,,dash
2024-25,..\raw\earas\2024-25\Technical_Report_EARAS_2024-25_Odisha.pdf,84,5.11,Nizer,nizer,27,Raygada,0,Autumn,production,qtl,-,,dash
2024-25,..\raw\earas\2024-25\Technical_Report_EARAS_2024-25_Odisha.pdf,84,5.11,Nizer,nizer,27,Raygada,0,Winter,area,ha,725,725,ok
2024-25,..\raw\earas\2024-25\Technical_Report_EARAS_2024-25_Odisha.pdf,84,5.11,Nizer,nizer,27,Raygada,0,Winter,yield_rate,qtl/ha,3.33,3.33,ok
2024-25,..\raw\earas\2024-25\Technical_Report_EARAS_2024-25_Odisha.pdf,84,5.11,Nizer,nizer,27,Raygada,0,Winter,production,qtl,2414,2414,ok
2024-25,..\raw\earas\2024-25\Technical_Report_EARAS_2024-25_Odisha.pdf,84,5.11,Nizer,nizer,27,Raygada,0,Summer,area,ha,-,,dash
2024-25,..\raw\earas\2024-25\Technical_Report_EARAS_2024-25_Odisha.pdf,84,5.11,Nizer,nizer,27,Raygada,0,Summer,yield_rate,qtl/ha,-,,dash
2024-25,..\raw\earas\2024-25\Technical_Report_EARAS_2024-25_Odisha.pdf,84,5.11,Nizer,nizer,27,Raygada,0,Summer,production,qtl,-,,dash
2024-25,..\raw\earas\2024-25\Technical_Report_EARAS_2024-25_Odisha.pdf,84,5.11,Nizer,nizer,27,Raygada,0,Total,area,ha,725,725,ok
2024-25,..\raw\earas\2024-25\Technical_Report_EARAS_2024-25_Odisha.pdf,84,5.11,Nizer,nizer,27,Raygada,0,Total,yield_rate,qtl/ha,3.33,3.33,ok
2024-25,..\raw\earas\2024-25\Technical_Report_EARAS_2024-25_Odisha.pdf,84,5.11,Nizer,nizer,27,Raygada,0,Total,production,qtl,2414,2414,ok
2024-25,..\raw\earas\2024-25\Technical_Report_EARAS_2024-25_Odisha.pdf,84,5.11,Nizer,nizer,28,Sambalpur,0,Autumn,area,ha,-,,dash
2024-25,..\raw\earas\2024-25\Technical_Report_EARAS_2024-25_Odisha.pdf,84,5.11,Nizer,nizer,28,Sambalpur,0,Autumn,yield_rate,qtl/ha,-,,dash
2024-25,..\raw\earas\2024-25\Technical_Report_EARAS_2024-25_Odisha.pdf,84,5.11,Nizer,nizer,28,Sambalpur,0,Autumn,production,qtl,-,,dash
2024-25,..\raw\earas\2024-25\Technical_Report_EARAS_2024-25_Odisha.pdf,84,5.11,Nizer,nizer,28,Sambalpur,0,Winter,area,ha,-,,dash
2024-25,..\raw\earas\2024-25\Technical_Report_EARAS_2024-25_Odisha.pdf,84,5.11,Nizer,nizer,28,Sambalpur,0,Winter,yield_rate,qtl/ha,-,,dash
2024-25,..\raw\earas\2024-25\Technical_Report_EARAS_2024-25_Odisha.pdf,84,5.11,Nizer,nizer,28,Sambalpur,0,Winter,production,qtl,-,,dash
2024-25,..\raw\earas\2024-25\Technical_Report_EARAS_2024-25_Odisha.pdf,84,5.11,Nizer,nizer,28,Sambalpur,0,Summer,area,ha,-,,dash
2024-25,..\raw\earas\2024-25\Technical_Report_EARAS_2024-25_Odisha.pdf,84,5.11,Nizer,nizer,28,Sambalpur,0,Summer,yield_rate,qtl/ha,-,,dash
2024-25,..\raw\earas\2024-25\Technical_Report_EARAS_2024-25_Odisha.pdf,84,5.11,Nizer,nizer,28,Sambalpur,0,Summer,production,qtl,-,,dash
2024-25,..\raw\earas\2024-25\Technical_Report_EARAS_2024-25_Odisha.pdf,84,5.11,Nizer,nizer,28,Sambalpur,0,Total,area,ha,-,,dash
2024-25,..\raw\earas\2024-25\Technical_Report_EARAS_2024-25_Odisha.pdf,84,5.11,Nizer,nizer,28,Sambalpur,0,Total,yield_rate,qtl/ha,-,,dash
2024-25,..\raw\earas\2024-25\Technical_Report_EARAS_2024-25_Odisha.pdf,84,5.11,Nizer,nizer,28,Sambalpur,0,Total,production,qtl,-,,dash
2024-25,..\raw\earas\2024-25\Technical_Report_EARAS_2024-25_Odisha.pdf,84,5.11,Nizer,nizer,29,Subarnapur,0,Autumn,area,ha,-,,dash
2024-25,..\raw\earas\2024-25\Technical_Report_EARAS_2024-25_Odisha.pdf,84,5.11,Nizer,nizer,29,Subarnapur,0,Autumn,yield_rate,qtl/ha,-,,dash
2024-25,..\raw\earas\2024-25\Technical_Report_EARAS_2024-25_Odisha.pdf,84,5.11,Nizer,nizer,29,Subarnapur,0,Autumn,production,qtl,-,,dash
2024-25,..\raw\earas\2024-25\Technical_Report_EARAS_2024-25_Odisha.pdf,84,5.11,Nizer,nizer,29,Subarnapur,0,Winter,area,ha,-,,dash
2024-25,..\raw\earas\2024-25\Technical_Report_EARAS_2024-25_Odisha.pdf,84,5.11,Nizer,nizer,29,Subarnapur,0,Winter,yield_rate,qtl/ha,-,,dash
2024-25,..\raw\earas\2024-25\Technical_Report_EARAS_2024-25_Odisha.pdf,84,5.11,Nizer,nizer,29,Subarnapur,0,Winter,production,qtl,-,,dash
2024-25,..\raw\earas\2024-25\Technical_Report_EARAS_2024-25_Odisha.pdf,84,5.11,Nizer,nizer,29,Subarnapur,0,Summer,area,ha,-,,dash
2024-25,..\raw\earas\2024-25\Technical_Report_EARAS_2024-25_Odisha.pdf,84,5.11,Nizer,nizer,29,Subarnapur,0,Summer,yield_rate,qtl/ha,-,,dash
2024-25,..\raw\earas\2024-25\Technical_Report_EARAS_2024-25_Odisha.pdf,84,5.11,Nizer,nizer,29,Subarnapur,0,Summer,production,qtl,-,,dash
2024-25,..\raw\earas\2024-25\Technical_Report_EARAS_2024-25_Odisha.pdf,84,5.11,Nizer,nizer,29,Subarnapur,0,Total,area,ha,-,,dash
2024-25,..\raw\earas\2024-25\Technical_Report_EARAS_2024-25_Odisha.pdf,84,5.11,Nizer,nizer,29,Subarnapur,0,Total,yield_rate,qtl/ha,-,,dash
2024-25,..\raw\earas\2024-25\Technical_Report_EARAS_2024-25_Odisha.pdf,84,5.11,Nizer,nizer,29,Subarnapur,0,Total,production,qtl,-,,dash
2024-25,..\raw\earas\2024-25\Technical_Report_EARAS_2024-25_Odisha.pdf,84,5.11,Nizer,nizer,30,Sundargarh,0,Autumn,area,ha,-,,dash
2024-25,..\raw\earas\2024-25\Technical_Report_EARAS_2024-25_Odisha.pdf,84,5.11,Nizer,nizer,30,Sundargarh,0,Autumn,yield_rate,qtl/ha,-,,dash
2024-25,..\raw\earas\2024-25\Technical_Report_EARAS_2024-25_Odisha.pdf,84,5.11,Nizer,nizer,30,Sundargarh,0,Autumn,production,qtl,-,,dash
2024-25,..\raw\earas\2024-25\Technical_Report_EARAS_2024-25_Odisha.pdf,84,5.11,Nizer,nizer,30,Sundargarh,0,Winter,area,ha,57,57,ok
2024-25,..\raw\earas\2024-25\Technical_Report_EARAS_2024-25_Odisha.pdf,84,5.11,Nizer,nizer,30,Sundargarh,0,Winter,yield_rate,qtl/ha,5.40,5.40,ok
2024-25,..\raw\earas\2024-25\Technical_Report_EARAS_2024-25_Odisha.pdf,84,5.11,Nizer,nizer,30,Sundargarh,0,Winter,production,qtl,308,308,ok
2024-25,..\raw\earas\2024-25\Technical_Report_EARAS_2024-25_Odisha.pdf,84,5.11,Nizer,nizer,30,Sundargarh,0,Summer,area,ha,-,,dash
2024-25,..\raw\earas\2024-25\Technical_Report_EARAS_2024-25_Odisha.pdf,84,5.11,Nizer,nizer,30,Sundargarh,0,Summer,yield_rate,qtl/ha,-,,dash
2024-25,..\raw\earas\2024-25\Technical_Report_EARAS_2024-25_Odisha.pdf,84,5.11,Nizer,nizer,30,Sundargarh,0,Summer,production,qtl,-,,dash
2024-25,..\raw\earas\2024-25\Technical_Report_EARAS_2024-25_Odisha.pdf,84,5.11,Nizer,nizer,30,Sundargarh,0,Total,area,ha,57,57,ok
2024-25,..\raw\earas\2024-25\Technical_Report_EARAS_2024-25_Odisha.pdf,84,5.11,Nizer,nizer,30,Sundargarh,0,Total,yield_rate,qtl/ha,5.40,5.40,ok
2024-25,..\raw\earas\2024-25\Technical_Report_EARAS_2024-25_Odisha.pdf,84,5.11,Nizer,nizer,30,Sundargarh,0,Total,production,qtl,308,308,ok
2024-25,..\raw\earas\2024-25\Technical_Report_EARAS_2024-25_Odisha.pdf,84,5.11,Nizer,nizer,,STATE,1,Autumn,area,ha,-,,dash
2024-25,..\raw\earas\2024-25\Technical_Report_EARAS_2024-25_Odisha.pdf,84,5.11,Nizer,nizer,,STATE,1,Autumn,yield_rate,qtl/ha,-,,dash
2024-25,..\raw\earas\2024-25\Technical_Report_EARAS_2024-25_Odisha.pdf,84,5.11,Nizer,nizer,,STATE,1,Autumn,production,qtl,-,,dash
2024-25,..\raw\earas\2024-25\Technical_Report_EARAS_2024-25_Odisha.pdf,84,5.11,Nizer,nizer,,STATE,1,Winter,area,ha,7438,7438,ok
2024-25,..\raw\earas\2024-25\Technical_Report_EARAS_2024-25_Odisha.pdf,84,5.11,Nizer,nizer,,STATE,1,Winter,yield_rate,qtl/ha,3.15,3.15,ok
2024-25,..\raw\earas\2024-25\Technical_Report_EARAS_2024-25_Odisha.pdf,84,5.11,Nizer,nizer,,STATE,1,Winter,production,qtl,23451,23451,ok
2024-25,..\raw\earas\2024-25\Technical_Report_EARAS_2024-25_Odisha.pdf,84,5.11,Nizer,nizer,,STATE,1,Summer,area,ha,-,,dash
2024-25,..\raw\earas\2024-25\Technical_Report_EARAS_2024-25_Odisha.pdf,84,5.11,Nizer,nizer,,STATE,1,Summer,yield_rate,qtl/ha,-,,dash
2024-25,..\raw\earas\2024-25\Technical_Report_EARAS_2024-25_Odisha.pdf,84,5.11,Nizer,nizer,,STATE,1,Summer,production,qtl,-,,dash
2024-25,..\raw\earas\2024-25\Technical_Report_EARAS_2024-25_Odisha.pdf,84,5.11,Nizer,nizer,,STATE,1,Total,area,ha,7438,7438,ok
2024-25,..\raw\earas\2024-25\Technical_Report_EARAS_2024-25_Odisha.pdf,84,5.11,Nizer,nizer,,STATE,1,Total,yield_rate,qtl/ha,3.15,3.15,ok
2024-25,..\raw\earas\2024-25\Technical_Report_EARAS_2024-25_Odisha.pdf,84,5.11,Nizer,nizer,,STATE,1,Total,production,qtl,23451,23451,ok
2024-25,..\raw\earas\2024-25\Technical_Report_EARAS_2024-25_Odisha.pdf,85,5.12,Jute,jute,1,Angul,0,Autumn,area,ha,-,,dash
2024-25,..\raw\earas\2024-25\Technical_Report_EARAS_2024-25_Odisha.pdf,85,5.12,Jute,jute,1,Angul,0,Autumn,yield_rate,qtl/ha,-,,dash
2024-25,..\raw\earas\2024-25\Technical_Report_EARAS_2024-25_Odisha.pdf,85,5.12,Jute,jute,1,Angul,0,Autumn,production,qtl,-,,dash
2024-25,..\raw\earas\2024-25\Technical_Report_EARAS_2024-25_Odisha.pdf,85,5.12,Jute,jute,1,Angul,0,Winter,area,ha,-,,dash
2024-25,..\raw\earas\2024-25\Technical_Report_EARAS_2024-25_Odisha.pdf,85,5.12,Jute,jute,1,Angul,0,Winter,yield_rate,qtl/ha,-,,dash
2024-25,..\raw\earas\2024-25\Technical_Report_EARAS_2024-25_Odisha.pdf,85,5.12,Jute,jute,1,Angul,0,Winter,production,qtl,-,,dash
2024-25,..\raw\earas\2024-25\Technical_Report_EARAS_2024-25_Odisha.pdf,85,5.12,Jute,jute,1,Angul,0,Summer,area,ha,-,,dash
2024-25,..\raw\earas\2024-25\Technical_Report_EARAS_2024-25_Odisha.pdf,85,5.12,Jute,jute,1,Angul,0,Summer,yield_rate,qtl/ha,-,,dash
2024-25,..\raw\earas\2024-25\Technical_Report_EARAS_2024-25_Odisha.pdf,85,5.12,Jute,jute,1,Angul,0,Summer,production,qtl,-,,dash
2024-25,..\raw\earas\2024-25\Technical_Report_EARAS_2024-25_Odisha.pdf,85,5.12,Jute,jute,1,Angul,0,Total,area,ha,-,,dash
2024-25,..\raw\earas\2024-25\Technical_Report_EARAS_2024-25_Odisha.pdf,85,5.12,Jute,jute,1,Angul,0,Total,yield_rate,qtl/ha,-,,dash
2024-25,..\raw\earas\2024-25\Technical_Report_EARAS_2024-25_Odisha.pdf,85,5.12,Jute,jute,1,Angul,0,Total,production,qtl,-,,dash
2024-25,..\raw\earas\2024-25\Technical_Report_EARAS_2024-25_Odisha.pdf,85,5.12,Jute,jute,2,Balangir,0,Autumn,area,ha,-,,dash
2024-25,..\raw\earas\2024-25\Technical_Report_EARAS_2024-25_Odisha.pdf,85,5.12,Jute,jute,2,Balangir,0,Autumn,yield_rate,qtl/ha,-,,dash
2024-25,..\raw\earas\2024-25\Technical_Report_EARAS_2024-25_Odisha.pdf,85,5.12,Jute,jute,2,Balangir,0,Autumn,production,qtl,-,,dash
2024-25,..\raw\earas\2024-25\Technical_Report_EARAS_2024-25_Odisha.pdf,85,5.12,Jute,jute,2,Balangir,0,Winter,area,ha,-,,dash
2024-25,..\raw\earas\2024-25\Technical_Report_EARAS_2024-25_Odisha.pdf,85,5.12,Jute,jute,2,Balangir,0,Winter,yield_rate,qtl/ha,-,,dash
2024-25,..\raw\earas\2024-25\Technical_Report_EARAS_2024-25_Odisha.pdf,85,5.12,Jute,jute,2,Balangir,0,Winter,production,qtl,-,,dash
2024-25,..\raw\earas\2024-25\Technical_Report_EARAS_2024-25_Odisha.pdf,85,5.12,Jute,jute,2,Balangir,0,Summer,area,ha,-,,dash
2024-25,..\raw\earas\2024-25\Technical_Report_EARAS_2024-25_Odisha.pdf,85,5.12,Jute,jute,2,Balangir,0,Summer,yield_rate,qtl/ha,-,,dash
2024-25,..\raw\earas\2024-25\Technical_Report_EARAS_2024-25_Odisha.pdf,85,5.12,Jute,jute,2,Balangir,0,Summer,production,qtl,-,,dash
2024-25,..\raw\earas\2024-25\Technical_Report_EARAS_2024-25_Odisha.pdf,85,5.12,Jute,jute,2,Balangir,0,Total,area,ha,-,,dash
2024-25,..\raw\earas\2024-25\Technical_Report_EARAS_2024-25_Odisha.pdf,85,5.12,Jute,jute,2,Balangir,0,Total,yield_rate,qtl/ha,-,,dash
2024-25,..\raw\earas\2024-25\Technical_Report_EARAS_2024-25_Odisha.pdf,85,5.12,Jute,jute,2,Balangir,0,Total,production,qtl,-,,dash
2024-25,..\raw\earas\2024-25\Technical_Report_EARAS_2024-25_Odisha.pdf,85,5.12,Jute,jute,3,Balasore,0,Autumn,area,ha,141,141,ok
2024-25,..\raw\earas\2024-25\Technical_Report_EARAS_2024-25_Odisha.pdf,85,5.12,Jute,jute,3,Balasore,0,Autumn,yield_rate,qtl/ha,22.32,22.32,ok
2024-25,..\raw\earas\2024-25\Technical_Report_EARAS_2024-25_Odisha.pdf,85,5.12,Jute,jute,3,Balasore,0,Autumn,production,qtl,3147,3147,ok
2024-25,..\raw\earas\2024-25\Technical_Report_EARAS_2024-25_Odisha.pdf,85,5.12,Jute,jute,3,Balasore,0,Winter,area,ha,-,,dash
2024-25,..\raw\earas\2024-25\Technical_Report_EARAS_2024-25_Odisha.pdf,85,5.12,Jute,jute,3,Balasore,0,Winter,yield_rate,qtl/ha,-,,dash
2024-25,..\raw\earas\2024-25\Technical_Report_EARAS_2024-25_Odisha.pdf,85,5.12,Jute,jute,3,Balasore,0,Winter,production,qtl,-,,dash
2024-25,..\raw\earas\2024-25\Technical_Report_EARAS_2024-25_Odisha.pdf,85,5.12,Jute,jute,3,Balasore,0,Summer,area,ha,-,,dash
2024-25,..\raw\earas\2024-25\Technical_Report_EARAS_2024-25_Odisha.pdf,85,5.12,Jute,jute,3,Balasore,0,Summer,yield_rate,qtl/ha,-,,dash
2024-25,..\raw\earas\2024-25\Technical_Report_EARAS_2024-25_Odisha.pdf,85,5.12,Jute,jute,3,Balasore,0,Summer,production,qtl,-,,dash
2024-25,..\raw\earas\2024-25\Technical_Report_EARAS_2024-25_Odisha.pdf,85,5.12,Jute,jute,3,Balasore,0,Total,area,ha,141,141,ok
2024-25,..\raw\earas\2024-25\Technical_Report_EARAS_2024-25_Odisha.pdf,85,5.12,Jute,jute,3,Balasore,0,Total,yield_rate,qtl/ha,22.32,22.32,ok
2024-25,..\raw\earas\2024-25\Technical_Report_EARAS_2024-25_Odisha.pdf,85,5.12,Jute,jute,3,Balasore,0,Total,production,qtl,3147,3147,ok
2024-25,..\raw\earas\2024-25\Technical_Report_EARAS_2024-25_Odisha.pdf,85,5.12,Jute,jute,4,Bargarh,0,Autumn,area,ha,-,,dash
2024-25,..\raw\earas\2024-25\Technical_Report_EARAS_2024-25_Odisha.pdf,85,5.12,Jute,jute,4,Bargarh,0,Autumn,yield_rate,qtl/ha,-,,dash
2024-25,..\raw\earas\2024-25\Technical_Report_EARAS_2024-25_Odisha.pdf,85,5.12,Jute,jute,4,Bargarh,0,Autumn,production,qtl,-,,dash
2024-25,..\raw\earas\2024-25\Technical_Report_EARAS_2024-25_Odisha.pdf,85,5.12,Jute,jute,4,Bargarh,0,Winter,area,ha,-,,dash
2024-25,..\raw\earas\2024-25\Technical_Report_EARAS_2024-25_Odisha.pdf,85,5.12,Jute,jute,4,Bargarh,0,Winter,yield_rate,qtl/ha,-,,dash
2024-25,..\raw\earas\2024-25\Technical_Report_EARAS_2024-25_Odisha.pdf,85,5.12,Jute,jute,4,Bargarh,0,Winter,production,qtl,-,,dash
2024-25,..\raw\earas\2024-25\Technical_Report_EARAS_2024-25_Odisha.pdf,85,5.12,Jute,jute,4,Bargarh,0,Summer,area,ha,-,,dash
2024-25,..\raw\earas\2024-25\Technical_Report_EARAS_2024-25_Odisha.pdf,85,5.12,Jute,jute,4,Bargarh,0,Summer,yield_rate,qtl/ha,-,,dash
2024-25,..\raw\earas\2024-25\Technical_Report_EARAS_2024-25_Odisha.pdf,85,5.12,Jute,jute,4,Bargarh,0,Summer,production,qtl,-,,dash
2024-25,..\raw\earas\2024-25\Technical_Report_EARAS_2024-25_Odisha.pdf,85,5.12,Jute,jute,4,Bargarh,0,Total,area,ha,-,,dash
2024-25,..\raw\earas\2024-25\Technical_Report_EARAS_2024-25_Odisha.pdf,85,5.12,Jute,jute,4,Bargarh,0,Total,yield_rate,qtl/ha,-,,dash
2024-25,..\raw\earas\2024-25\Technical_Report_EARAS_2024-25_Odisha.pdf,85,5.12,Jute,jute,4,Bargarh,0,Total,production,qtl,-,,dash
2024-25,..\raw\earas\2024-25\Technical_Report_EARAS_2024-25_Odisha.pdf,85,5.12,Jute,jute,5,Bhadrak,0,Autumn,area,ha,20,20,ok
2024-25,..\raw\earas\2024-25\Technical_Report_EARAS_2024-25_Odisha.pdf,85,5.12,Jute,jute,5,Bhadrak,0,Autumn,yield_rate,qtl/ha,15.17,15.17,ok
2024-25,..\raw\earas\2024-25\Technical_Report_EARAS_2024-25_Odisha.pdf,85,5.12,Jute,jute,5,Bhadrak,0,Autumn,production,qtl,303,303,ok
2024-25,..\raw\earas\2024-25\Technical_Report_EARAS_2024-25_Odisha.pdf,85,5.12,Jute,jute,5,Bhadrak,0,Winter,area,ha,-,,dash
2024-25,..\raw\earas\2024-25\Technical_Report_EARAS_2024-25_Odisha.pdf,85,5.12,Jute,jute,5,Bhadrak,0,Winter,yield_rate,qtl/ha,-,,dash
2024-25,..\raw\earas\2024-25\Technical_Report_EARAS_2024-25_Odisha.pdf,85,5.12,Jute,jute,5,Bhadrak,0,Winter,production,qtl,-,,dash
2024-25,..\raw\earas\2024-25\Technical_Report_EARAS_2024-25_Odisha.pdf,85,5.12,Jute,jute,5,Bhadrak,0,Summer,area,ha,-,,dash
2024-25,..\raw\earas\2024-25\Technical_Report_EARAS_2024-25_Odisha.pdf,85,5.12,Jute,jute,5,Bhadrak,0,Summer,yield_rate,qtl/ha,-,,dash
2024-25,..\raw\earas\2024-25\Technical_Report_EARAS_2024-25_Odisha.pdf,85,5.12,Jute,jute,5,Bhadrak,0,Summer,production,qtl,-,,dash
2024-25,..\raw\earas\2024-25\Technical_Report_EARAS_2024-25_Odisha.pdf,85,5.12,Jute,jute,5,Bhadrak,0,Total,area,ha,20,20,ok
2024-25,..\raw\earas\2024-25\Technical_Report_EARAS_2024-25_Odisha.pdf,85,5.12,Jute,jute,5,Bhadrak,0,Total,yield_rate,qtl/ha,15.17,15.17,ok
2024-25,..\raw\earas\2024-25\Technical_Report_EARAS_2024-25_Odisha.pdf,85,5.12,Jute,jute,5,Bhadrak,0,Total,production,qtl,303,303,ok
2024-25,..\raw\earas\2024-25\Technical_Report_EARAS_2024-25_Odisha.pdf,85,5.12,Jute,jute,6,Boudh,0,Autumn,area,ha,-,,dash
2024-25,..\raw\earas\2024-25\Technical_Report_EARAS_2024-25_Odisha.pdf,85,5.12,Jute,jute,6,Boudh,0,Autumn,yield_rate,qtl/ha,-,,dash
2024-25,..\raw\earas\2024-25\Technical_Report_EARAS_2024-25_Odisha.pdf,85,5.12,Jute,jute,6,Boudh,0,Autumn,production,qtl,-,,dash
2024-25,..\raw\earas\2024-25\Technical_Report_EARAS_2024-25_Odisha.pdf,85,5.12,Jute,jute,6,Boudh,0,Winter,area,ha,-,,dash
2024-25,..\raw\earas\2024-25\Technical_Report_EARAS_2024-25_Odisha.pdf,85,5.12,Jute,jute,6,Boudh,0,Winter,yield_rate,qtl/ha,-,,dash
2024-25,..\raw\earas\2024-25\Technical_Report_EARAS_2024-25_Odisha.pdf,85,5.12,Jute,jute,6,Boudh,0,Winter,production,qtl,-,,dash
2024-25,..\raw\earas\2024-25\Technical_Report_EARAS_2024-25_Odisha.pdf,85,5.12,Jute,jute,6,Boudh,0,Summer,area,ha,-,,dash
2024-25,..\raw\earas\2024-25\Technical_Report_EARAS_2024-25_Odisha.pdf,85,5.12,Jute,jute,6,Boudh,0,Summer,yield_rate,qtl/ha,-,,dash
2024-25,..\raw\earas\2024-25\Technical_Report_EARAS_2024-25_Odisha.pdf,85,5.12,Jute,jute,6,Boudh,0,Summer,production,qtl,-,,dash
2024-25,..\raw\earas\2024-25\Technical_Report_EARAS_2024-25_Odisha.pdf,85,5.12,Jute,jute,6,Boudh,0,Total,area,ha,-,,dash
2024-25,..\raw\earas\2024-25\Technical_Report_EARAS_2024-25_Odisha.pdf,85,5.12,Jute,jute,6,Boudh,0,Total,yield_rate,qtl/ha,-,,dash
2024-25,..\raw\earas\2024-25\Technical_Report_EARAS_2024-25_Odisha.pdf,85,5.12,Jute,jute,6,Boudh,0,Total,production,qtl,-,,dash
2024-25,..\raw\earas\2024-25\Technical_Report_EARAS_2024-25_Odisha.pdf,85,5.12,Jute,jute,7,Cuttack,0,Autumn,area,ha,377,377,ok
2024-25,..\raw\earas\2024-25\Technical_Report_EARAS_2024-25_Odisha.pdf,85,5.12,Jute,jute,7,Cuttack,0,Autumn,yield_rate,qtl/ha,42.96,42.96,ok
2024-25,..\raw\earas\2024-25\Technical_Report_EARAS_2024-25_Odisha.pdf,85,5.12,Jute,jute,7,Cuttack,0,Autumn,production,qtl,16196,16196,ok
2024-25,..\raw\earas\2024-25\Technical_Report_EARAS_2024-25_Odisha.pdf,85,5.12,Jute,jute,7,Cuttack,0,Winter,area,ha,-,,dash
2024-25,..\raw\earas\2024-25\Technical_Report_EARAS_2024-25_Odisha.pdf,85,5.12,Jute,jute,7,Cuttack,0,Winter,yield_rate,qtl/ha,-,,dash
2024-25,..\raw\earas\2024-25\Technical_Report_EARAS_2024-25_Odisha.pdf,85,5.12,Jute,jute,7,Cuttack,0,Winter,production,qtl,-,,dash
2024-25,..\raw\earas\2024-25\Technical_Report_EARAS_2024-25_Odisha.pdf,85,5.12,Jute,jute,7,Cuttack,0,Summer,area,ha,-,,dash
2024-25,..\raw\earas\2024-25\Technical_Report_EARAS_2024-25_Odisha.pdf,85,5.12,Jute,jute,7,Cuttack,0,Summer,yield_rate,qtl/ha,-,,dash
2024-25,..\raw\earas\2024-25\Technical_Report_EARAS_2024-25_Odisha.pdf,85,5.12,Jute,jute,7,Cuttack,0,Summer,production,qtl,-,,dash
2024-25,..\raw\earas\2024-25\Technical_Report_EARAS_2024-25_Odisha.pdf,85,5.12,Jute,jute,7,Cuttack,0,Total,area,ha,377,377,ok
2024-25,..\raw\earas\2024-25\Technical_Report_EARAS_2024-25_Odisha.pdf,85,5.12,Jute,jute,7,Cuttack,0,Total,yield_rate,qtl/ha,42.96,42.96,ok
2024-25,..\raw\earas\2024-25\Technical_Report_EARAS_2024-25_Odisha.pdf,85,5.12,Jute,jute,7,Cuttack,0,Total,production,qtl,16196,16196,ok
2024-25,..\raw\earas\2024-25\Technical_Report_EARAS_2024-25_Odisha.pdf,85,5.12,Jute,jute,8,Deogarh,0,Autumn,area,ha,-,,dash
2024-25,..\raw\earas\2024-25\Technical_Report_EARAS_2024-25_Odisha.pdf,85,5.12,Jute,jute,8,Deogarh,0,Autumn,yield_rate,qtl/ha,-,,dash
2024-25,..\raw\earas\2024-25\Technical_Report_EARAS_2024-25_Odisha.pdf,85,5.12,Jute,jute,8,Deogarh,0,Autumn,production,qtl,-,,dash
2024-25,..\raw\earas\2024-25\Technical_Report_EARAS_2024-25_Odisha.pdf,85,5.12,Jute,jute,8,Deogarh,0,Winter,area,ha,-,,dash
2024-25,..\raw\earas\2024-25\Technical_Report_EARAS_2024-25_Odisha.pdf,85,5.12,Jute,jute,8,Deogarh,0,Winter,yield_rate,qtl/ha,-,,dash
2024-25,..\raw\earas\2024-25\Technical_Report_EARAS_2024-25_Odisha.pdf,85,5.12,Jute,jute,8,Deogarh,0,Winter,production,qtl,-,,dash
2024-25,..\raw\earas\2024-25\Technical_Report_EARAS_2024-25_Odisha.pdf,85,5.12,Jute,jute,8,Deogarh,0,Summer,area,ha,-,,dash
2024-25,..\raw\earas\2024-25\Technical_Report_EARAS_2024-25_Odisha.pdf,85,5.12,Jute,jute,8,Deogarh,0,Summer,yield_rate,qtl/ha,-,,dash
2024-25,..\raw\earas\2024-25\Technical_Report_EARAS_2024-25_Odisha.pdf,85,5.12,Jute,jute,8,Deogarh,0,Summer,production,qtl,-,,dash
2024-25,..\raw\earas\2024-25\Technical_Report_EARAS_2024-25_Odisha.pdf,85,5.12,Jute,jute,8,Deogarh,0,Total,area,ha,-,,dash
2024-25,..\raw\earas\2024-25\Technical_Report_EARAS_2024-25_Odisha.pdf,85,5.12,Jute,jute,8,Deogarh,0,Total,yield_rate,qtl/ha,-,,dash
2024-25,..\raw\earas\2024-25\Technical_Report_EARAS_2024-25_Odisha.pdf,85,5.12,Jute,jute,8,Deogarh,0,Total,production,qtl,-,,dash
2024-25,..\raw\earas\2024-25\Technical_Report_EARAS_2024-25_Odisha.pdf,85,5.12,Jute,jute,9,Dhenkanal,0,Autumn,area,ha,-,,dash
2024-25,..\raw\earas\2024-25\Technical_Report_EARAS_2024-25_Odisha.pdf,85,5.12,Jute,jute,9,Dhenkanal,0,Autumn,yield_rate,qtl/ha,-,,dash
2024-25,..\raw\earas\2024-25\Technical_Report_EARAS_2024-25_Odisha.pdf,85,5.12,Jute,jute,9,Dhenkanal,0,Autumn,production,qtl,-,,dash
2024-25,..\raw\earas\2024-25\Technical_Report_EARAS_2024-25_Odisha.pdf,85,5.12,Jute,jute,9,Dhenkanal,0,Winter,area,ha,-,,dash
2024-25,..\raw\earas\2024-25\Technical_Report_EARAS_2024-25_Odisha.pdf,85,5.12,Jute,jute,9,Dhenkanal,0,Winter,yield_rate,qtl/ha,-,,dash
2024-25,..\raw\earas\2024-25\Technical_Report_EARAS_2024-25_Odisha.pdf,85,5.12,Jute,jute,9,Dhenkanal,0,Winter,production,qtl,-,,dash
2024-25,..\raw\earas\2024-25\Technical_Report_EARAS_2024-25_Odisha.pdf,85,5.12,Jute,jute,9,Dhenkanal,0,Summer,area,ha,-,,dash
2024-25,..\raw\earas\2024-25\Technical_Report_EARAS_2024-25_Odisha.pdf,85,5.12,Jute,jute,9,Dhenkanal,0,Summer,yield_rate,qtl/ha,-,,dash
2024-25,..\raw\earas\2024-25\Technical_Report_EARAS_2024-25_Odisha.pdf,85,5.12,Jute,jute,9,Dhenkanal,0,Summer,production,qtl,-,,dash
2024-25,..\raw\earas\2024-25\Technical_Report_EARAS_2024-25_Odisha.pdf,85,5.12,Jute,jute,9,Dhenkanal,0,Total,area,ha,-,,dash
2024-25,..\raw\earas\2024-25\Technical_Report_EARAS_2024-25_Odisha.pdf,85,5.12,Jute,jute,9,Dhenkanal,0,Total,yield_rate,qtl/ha,-,,dash
2024-25,..\raw\earas\2024-25\Technical_Report_EARAS_2024-25_Odisha.pdf,85,5.12,Jute,jute,9,Dhenkanal,0,Total,production,qtl,-,,dash
2024-25,..\raw\earas\2024-25\Technical_Report_EARAS_2024-25_Odisha.pdf,85,5.12,Jute,jute,10,Gajapati,0,Autumn,area,ha,-,,dash
2024-25,..\raw\earas\2024-25\Technical_Report_EARAS_2024-25_Odisha.pdf,85,5.12,Jute,jute,10,Gajapati,0,Autumn,yield_rate,qtl/ha,-,,dash
2024-25,..\raw\earas\2024-25\Technical_Report_EARAS_2024-25_Odisha.pdf,85,5.12,Jute,jute,10,Gajapati,0,Autumn,production,qtl,-,,dash
2024-25,..\raw\earas\2024-25\Technical_Report_EARAS_2024-25_Odisha.pdf,85,5.12,Jute,jute,10,Gajapati,0,Winter,area,ha,-,,dash
2024-25,..\raw\earas\2024-25\Technical_Report_EARAS_2024-25_Odisha.pdf,85,5.12,Jute,jute,10,Gajapati,0,Winter,yield_rate,qtl/ha,-,,dash
2024-25,..\raw\earas\2024-25\Technical_Report_EARAS_2024-25_Odisha.pdf,85,5.12,Jute,jute,10,Gajapati,0,Winter,production,qtl,-,,dash
2024-25,..\raw\earas\2024-25\Technical_Report_EARAS_2024-25_Odisha.pdf,85,5.12,Jute,jute,10,Gajapati,0,Summer,area,ha,-,,dash
2024-25,..\raw\earas\2024-25\Technical_Report_EARAS_2024-25_Odisha.pdf,85,5.12,Jute,jute,10,Gajapati,0,Summer,yield_rate,qtl/ha,-,,dash
2024-25,..\raw\earas\2024-25\Technical_Report_EARAS_2024-25_Odisha.pdf,85,5.12,Jute,jute,10,Gajapati,0,Summer,production,qtl,-,,dash
2024-25,..\raw\earas\2024-25\Technical_Report_EARAS_2024-25_Odisha.pdf,85,5.12,Jute,jute,10,Gajapati,0,Total,area,ha,-,,dash
2024-25,..\raw\earas\2024-25\Technical_Report_EARAS_2024-25_Odisha.pdf,85,5.12,Jute,jute,10,Gajapati,0,Total,yield_rate,qtl/ha,-,,dash
2024-25,..\raw\earas\2024-25\Technical_Report_EARAS_2024-25_Odisha.pdf,85,5.12,Jute,jute,10,Gajapati,0,Total,production,qtl,-,,dash
2024-25,..\raw\earas\2024-25\Technical_Report_EARAS_2024-25_Odisha.pdf,85,5.12,Jute,jute,11,Ganjam,0,Autumn,area,ha,-,,dash
2024-25,..\raw\earas\2024-25\Technical_Report_EARAS_2024-25_Odisha.pdf,85,5.12,Jute,jute,11,Ganjam,0,Autumn,yield_rate,qtl/ha,-,,dash
2024-25,..\raw\earas\2024-25\Technical_Report_EARAS_2024-25_Odisha.pdf,85,5.12,Jute,jute,11,Ganjam,0,Autumn,production,qtl,-,,dash
2024-25,..\raw\earas\2024-25\Technical_Report_EARAS_2024-25_Odisha.pdf,85,5.12,Jute,jute,11,Ganjam,0,Winter,area,ha,-,,dash
2024-25,..\raw\earas\2024-25\Technical_Report_EARAS_2024-25_Odisha.pdf,85,5.12,Jute,jute,11,Ganjam,0,Winter,yield_rate,qtl/ha,-,,dash
2024-25,..\raw\earas\2024-25\Technical_Report_EARAS_2024-25_Odisha.pdf,85,5.12,Jute,jute,11,Ganjam,0,Winter,production,qtl,-,,dash
2024-25,..\raw\earas\2024-25\Technical_Report_EARAS_2024-25_Odisha.pdf,85,5.12,Jute,jute,11,Ganjam,0,Summer,area,ha,-,,dash
2024-25,..\raw\earas\2024-25\Technical_Report_EARAS_2024-25_Odisha.pdf,85,5.12,Jute,jute,11,Ganjam,0,Summer,yield_rate,qtl/ha,-,,dash
2024-25,..\raw\earas\2024-25\Technical_Report_EARAS_2024-25_Odisha.pdf,85,5.12,Jute,jute,11,Ganjam,0,Summer,production,qtl,-,,dash
2024-25,..\raw\earas\2024-25\Technical_Report_EARAS_2024-25_Odisha.pdf,85,5.12,Jute,jute,11,Ganjam,0,Total,area,ha,-,,dash
2024-25,..\raw\earas\2024-25\Technical_Report_EARAS_2024-25_Odisha.pdf,85,5.12,Jute,jute,11,Ganjam,0,Total,yield_rate,qtl/ha,-,,dash
2024-25,..\raw\earas\2024-25\Technical_Report_EARAS_2024-25_Odisha.pdf,85,5.12,Jute,jute,11,Ganjam,0,Total,production,qtl,-,,dash
2024-25,..\raw\earas\2024-25\Technical_Report_EARAS_2024-25_Odisha.pdf,85,5.12,Jute,jute,12,Jagatsinghpur,0,Autumn,area,ha,S,,below_half_unit
2024-25,..\raw\earas\2024-25\Technical_Report_EARAS_2024-25_Odisha.pdf,85,5.12,Jute,jute,12,Jagatsinghpur,0,Autumn,yield_rate,qtl/ha,57.30,57.30,ok
2024-25,..\raw\earas\2024-25\Technical_Report_EARAS_2024-25_Odisha.pdf,85,5.12,Jute,jute,12,Jagatsinghpur,0,Autumn,production,qtl,-,,dash
2024-25,..\raw\earas\2024-25\Technical_Report_EARAS_2024-25_Odisha.pdf,85,5.12,Jute,jute,12,Jagatsinghpur,0,Winter,area,ha,-,,dash
2024-25,..\raw\earas\2024-25\Technical_Report_EARAS_2024-25_Odisha.pdf,85,5.12,Jute,jute,12,Jagatsinghpur,0,Winter,yield_rate,qtl/ha,-,,dash
2024-25,..\raw\earas\2024-25\Technical_Report_EARAS_2024-25_Odisha.pdf,85,5.12,Jute,jute,12,Jagatsinghpur,0,Winter,production,qtl,-,,dash
2024-25,..\raw\earas\2024-25\Technical_Report_EARAS_2024-25_Odisha.pdf,85,5.12,Jute,jute,12,Jagatsinghpur,0,Summer,area,ha,-,,dash
2024-25,..\raw\earas\2024-25\Technical_Report_EARAS_2024-25_Odisha.pdf,85,5.12,Jute,jute,12,Jagatsinghpur,0,Summer,yield_rate,qtl/ha,-,,dash
2024-25,..\raw\earas\2024-25\Technical_Report_EARAS_2024-25_Odisha.pdf,85,5.12,Jute,jute,12,Jagatsinghpur,0,Summer,production,qtl,-,,dash
2024-25,..\raw\earas\2024-25\Technical_Report_EARAS_2024-25_Odisha.pdf,85,5.12,Jute,jute,12,Jagatsinghpur,0,Total,area,ha,S,,below_half_unit
2024-25,..\raw\earas\2024-25\Technical_Report_EARAS_2024-25_Odisha.pdf,85,5.12,Jute,jute,12,Jagatsinghpur,0,Total,yield_rate,qtl/ha,57.30,57.30,ok
2024-25,..\raw\earas\2024-25\Technical_Report_EARAS_2024-25_Odisha.pdf,85,5.12,Jute,jute,12,Jagatsinghpur,0,Total,production,qtl,-,,dash
2024-25,..\raw\earas\2024-25\Technical_Report_EARAS_2024-25_Odisha.pdf,85,5.12,Jute,jute,13,Jajpur,0,Autumn,area,ha,329,329,ok
2024-25,..\raw\earas\2024-25\Technical_Report_EARAS_2024-25_Odisha.pdf,85,5.12,Jute,jute,13,Jajpur,0,Autumn,yield_rate,qtl/ha,22.94,22.94,ok
2024-25,..\raw\earas\2024-25\Technical_Report_EARAS_2024-25_Odisha.pdf,85,5.12,Jute,jute,13,Jajpur,0,Autumn,production,qtl,7547,7547,ok
2024-25,..\raw\earas\2024-25\Technical_Report_EARAS_2024-25_Odisha.pdf,85,5.12,Jute,jute,13,Jajpur,0,Winter,area,ha,-,,dash
2024-25,..\raw\earas\2024-25\Technical_Report_EARAS_2024-25_Odisha.pdf,85,5.12,Jute,jute,13,Jajpur,0,Winter,yield_rate,qtl/ha,-,,dash
2024-25,..\raw\earas\2024-25\Technical_Report_EARAS_2024-25_Odisha.pdf,85,5.12,Jute,jute,13,Jajpur,0,Winter,production,qtl,-,,dash
2024-25,..\raw\earas\2024-25\Technical_Report_EARAS_2024-25_Odisha.pdf,85,5.12,Jute,jute,13,Jajpur,0,Summer,area,ha,-,,dash
2024-25,..\raw\earas\2024-25\Technical_Report_EARAS_2024-25_Odisha.pdf,85,5.12,Jute,jute,13,Jajpur,0,Summer,yield_rate,qtl/ha,-,,dash
2024-25,..\raw\earas\2024-25\Technical_Report_EARAS_2024-25_Odisha.pdf,85,5.12,Jute,jute,13,Jajpur,0,Summer,production,qtl,-,,dash
2024-25,..\raw\earas\2024-25\Technical_Report_EARAS_2024-25_Odisha.pdf,85,5.12,Jute,jute,13,Jajpur,0,Total,area,ha,329,329,ok
2024-25,..\raw\earas\2024-25\Technical_Report_EARAS_2024-25_Odisha.pdf,85,5.12,Jute,jute,13,Jajpur,0,Total,yield_rate,qtl/ha,22.94,22.94,ok
2024-25,..\raw\earas\2024-25\Technical_Report_EARAS_2024-25_Odisha.pdf,85,5.12,Jute,jute,13,Jajpur,0,Total,production,qtl,7547,7547,ok
2024-25,..\raw\earas\2024-25\Technical_Report_EARAS_2024-25_Odisha.pdf,85,5.12,Jute,jute,14,Jharsuguda,0,Autumn,area,ha,-,,dash
2024-25,..\raw\earas\2024-25\Technical_Report_EARAS_2024-25_Odisha.pdf,85,5.12,Jute,jute,14,Jharsuguda,0,Autumn,yield_rate,qtl/ha,-,,dash
2024-25,..\raw\earas\2024-25\Technical_Report_EARAS_2024-25_Odisha.pdf,85,5.12,Jute,jute,14,Jharsuguda,0,Autumn,production,qtl,-,,dash
2024-25,..\raw\earas\2024-25\Technical_Report_EARAS_2024-25_Odisha.pdf,85,5.12,Jute,jute,14,Jharsuguda,0,Winter,area,ha,-,,dash
2024-25,..\raw\earas\2024-25\Technical_Report_EARAS_2024-25_Odisha.pdf,85,5.12,Jute,jute,14,Jharsuguda,0,Winter,yield_rate,qtl/ha,-,,dash
2024-25,..\raw\earas\2024-25\Technical_Report_EARAS_2024-25_Odisha.pdf,85,5.12,Jute,jute,14,Jharsuguda,0,Winter,production,qtl,-,,dash
2024-25,..\raw\earas\2024-25\Technical_Report_EARAS_2024-25_Odisha.pdf,85,5.12,Jute,jute,14,Jharsuguda,0,Summer,area,ha,-,,dash
2024-25,..\raw\earas\2024-25\Technical_Report_EARAS_2024-25_Odisha.pdf,85,5.12,Jute,jute,14,Jharsuguda,0,Summer,yield_rate,qtl/ha,-,,dash
2024-25,..\raw\earas\2024-25\Technical_Report_EARAS_2024-25_Odisha.pdf,85,5.12,Jute,jute,14,Jharsuguda,0,Summer,production,qtl,-,,dash
2024-25,..\raw\earas\2024-25\Technical_Report_EARAS_2024-25_Odisha.pdf,85,5.12,Jute,jute,14,Jharsuguda,0,Total,area,ha,-,,dash
2024-25,..\raw\earas\2024-25\Technical_Report_EARAS_2024-25_Odisha.pdf,85,5.12,Jute,jute,14,Jharsuguda,0,Total,yield_rate,qtl/ha,-,,dash
2024-25,..\raw\earas\2024-25\Technical_Report_EARAS_2024-25_Odisha.pdf,85,5.12,Jute,jute,14,Jharsuguda,0,Total,production,qtl,-,,dash
2024-25,..\raw\earas\2024-25\Technical_Report_EARAS_2024-25_Odisha.pdf,85,5.12,Jute,jute,15,Kalahandi,0,Autumn,area,ha,-,,dash
2024-25,..\raw\earas\2024-25\Technical_Report_EARAS_2024-25_Odisha.pdf,85,5.12,Jute,jute,15,Kalahandi,0,Autumn,yield_rate,qtl/ha,-,,dash
2024-25,..\raw\earas\2024-25\Technical_Report_EARAS_2024-25_Odisha.pdf,85,5.12,Jute,jute,15,Kalahandi,0,Autumn,production,qtl,-,,dash
2024-25,..\raw\earas\2024-25\Technical_Report_EARAS_2024-25_Odisha.pdf,85,5.12,Jute,jute,15,Kalahandi,0,Winter,area,ha,-,,dash
2024-25,..\raw\earas\2024-25\Technical_Report_EARAS_2024-25_Odisha.pdf,85,5.12,Jute,jute,15,Kalahandi,0,Winter,yield_rate,qtl/ha,-,,dash
2024-25,..\raw\earas\2024-25\Technical_Report_EARAS_2024-25_Odisha.pdf,85,5.12,Jute,jute,15,Kalahandi,0,Winter,production,qtl,-,,dash
2024-25,..\raw\earas\2024-25\Technical_Report_EARAS_2024-25_Odisha.pdf,85,5.12,Jute,jute,15,Kalahandi,0,Summer,area,ha,-,,dash
2024-25,..\raw\earas\2024-25\Technical_Report_EARAS_2024-25_Odisha.pdf,85,5.12,Jute,jute,15,Kalahandi,0,Summer,yield_rate,qtl/ha,-,,dash
2024-25,..\raw\earas\2024-25\Technical_Report_EARAS_2024-25_Odisha.pdf,85,5.12,Jute,jute,15,Kalahandi,0,Summer,production,qtl,-,,dash
2024-25,..\raw\earas\2024-25\Technical_Report_EARAS_2024-25_Odisha.pdf,85,5.12,Jute,jute,15,Kalahandi,0,Total,area,ha,-,,dash
2024-25,..\raw\earas\2024-25\Technical_Report_EARAS_2024-25_Odisha.pdf,85,5.12,Jute,jute,15,Kalahandi,0,Total,yield_rate,qtl/ha,-,,dash
2024-25,..\raw\earas\2024-25\Technical_Report_EARAS_2024-25_Odisha.pdf,85,5.12,Jute,jute,15,Kalahandi,0,Total,production,qtl,-,,dash
2024-25,..\raw\earas\2024-25\Technical_Report_EARAS_2024-25_Odisha.pdf,85,5.12,Jute,jute,16,Kandhamal,0,Autumn,area,ha,-,,dash
2024-25,..\raw\earas\2024-25\Technical_Report_EARAS_2024-25_Odisha.pdf,85,5.12,Jute,jute,16,Kandhamal,0,Autumn,yield_rate,qtl/ha,-,,dash
2024-25,..\raw\earas\2024-25\Technical_Report_EARAS_2024-25_Odisha.pdf,85,5.12,Jute,jute,16,Kandhamal,0,Autumn,production,qtl,-,,dash
2024-25,..\raw\earas\2024-25\Technical_Report_EARAS_2024-25_Odisha.pdf,85,5.12,Jute,jute,16,Kandhamal,0,Winter,area,ha,-,,dash
2024-25,..\raw\earas\2024-25\Technical_Report_EARAS_2024-25_Odisha.pdf,85,5.12,Jute,jute,16,Kandhamal,0,Winter,yield_rate,qtl/ha,-,,dash
2024-25,..\raw\earas\2024-25\Technical_Report_EARAS_2024-25_Odisha.pdf,85,5.12,Jute,jute,16,Kandhamal,0,Winter,production,qtl,-,,dash
2024-25,..\raw\earas\2024-25\Technical_Report_EARAS_2024-25_Odisha.pdf,85,5.12,Jute,jute,16,Kandhamal,0,Summer,area,ha,-,,dash
2024-25,..\raw\earas\2024-25\Technical_Report_EARAS_2024-25_Odisha.pdf,85,5.12,Jute,jute,16,Kandhamal,0,Summer,yield_rate,qtl/ha,-,,dash
2024-25,..\raw\earas\2024-25\Technical_Report_EARAS_2024-25_Odisha.pdf,85,5.12,Jute,jute,16,Kandhamal,0,Summer,production,qtl,-,,dash
2024-25,..\raw\earas\2024-25\Technical_Report_EARAS_2024-25_Odisha.pdf,85,5.12,Jute,jute,16,Kandhamal,0,Total,area,ha,-,,dash
2024-25,..\raw\earas\2024-25\Technical_Report_EARAS_2024-25_Odisha.pdf,85,5.12,Jute,jute,16,Kandhamal,0,Total,yield_rate,qtl/ha,-,,dash
2024-25,..\raw\earas\2024-25\Technical_Report_EARAS_2024-25_Odisha.pdf,85,5.12,Jute,jute,16,Kandhamal,0,Total,production,qtl,-,,dash
2024-25,..\raw\earas\2024-25\Technical_Report_EARAS_2024-25_Odisha.pdf,85,5.12,Jute,jute,17,Kendrapada,0,Autumn,area,ha,453,453,ok
2024-25,..\raw\earas\2024-25\Technical_Report_EARAS_2024-25_Odisha.pdf,85,5.12,Jute,jute,17,Kendrapada,0,Autumn,yield_rate,qtl/ha,21.03,21.03,ok
2024-25,..\raw\earas\2024-25\Technical_Report_EARAS_2024-25_Odisha.pdf,85,5.12,Jute,jute,17,Kendrapada,0,Autumn,production,qtl,9527,9527,ok
2024-25,..\raw\earas\2024-25\Technical_Report_EARAS_2024-25_Odisha.pdf,85,5.12,Jute,jute,17,Kendrapada,0,Winter,area,ha,-,,dash
2024-25,..\raw\earas\2024-25\Technical_Report_EARAS_2024-25_Odisha.pdf,85,5.12,Jute,jute,17,Kendrapada,0,Winter,yield_rate,qtl/ha,-,,dash
2024-25,..\raw\earas\2024-25\Technical_Report_EARAS_2024-25_Odisha.pdf,85,5.12,Jute,jute,17,Kendrapada,0,Winter,production,qtl,-,,dash
2024-25,..\raw\earas\2024-25\Technical_Report_EARAS_2024-25_Odisha.pdf,85,5.12,Jute,jute,17,Kendrapada,0,Summer,area,ha,-,,dash
2024-25,..\raw\earas\2024-25\Technical_Report_EARAS_2024-25_Odisha.pdf,85,5.12,Jute,jute,17,Kendrapada,0,Summer,yield_rate,qtl/ha,-,,dash
2024-25,..\raw\earas\2024-25\Technical_Report_EARAS_2024-25_Odisha.pdf,85,5.12,Jute,jute,17,Kendrapada,0,Summer,production,qtl,-,,dash
2024-25,..\raw\earas\2024-25\Technical_Report_EARAS_2024-25_Odisha.pdf,85,5.12,Jute,jute,17,Kendrapada,0,Total,area,ha,453,453,ok
2024-25,..\raw\earas\2024-25\Technical_Report_EARAS_2024-25_Odisha.pdf,85,5.12,Jute,jute,17,Kendrapada,0,Total,yield_rate,qtl/ha,21.03,21.03,ok
2024-25,..\raw\earas\2024-25\Technical_Report_EARAS_2024-25_Odisha.pdf,85,5.12,Jute,jute,17,Kendrapada,0,Total,production,qtl,9527,9527,ok
2024-25,..\raw\earas\2024-25\Technical_Report_EARAS_2024-25_Odisha.pdf,85,5.12,Jute,jute,18,Keonjhar,0,Autumn,area,ha,465,465,ok
2024-25,..\raw\earas\2024-25\Technical_Report_EARAS_2024-25_Odisha.pdf,85,5.12,Jute,jute,18,Keonjhar,0,Autumn,yield_rate,qtl/ha,28.76,28.76,ok
2024-25,..\raw\earas\2024-25\Technical_Report_EARAS_2024-25_Odisha.pdf,85,5.12,Jute,jute,18,Keonjhar,0,Autumn,production,qtl,13373,13373,ok
2024-25,..\raw\earas\2024-25\Technical_Report_EARAS_2024-25_Odisha.pdf,85,5.12,Jute,jute,18,Keonjhar,0,Winter,area,ha,-,,dash
2024-25,..\raw\earas\2024-25\Technical_Report_EARAS_2024-25_Odisha.pdf,85,5.12,Jute,jute,18,Keonjhar,0,Winter,yield_rate,qtl/ha,-,,dash
2024-25,..\raw\earas\2024-25\Technical_Report_EARAS_2024-25_Odisha.pdf,85,5.12,Jute,jute,18,Keonjhar,0,Winter,production,qtl,-,,dash
2024-25,..\raw\earas\2024-25\Technical_Report_EARAS_2024-25_Odisha.pdf,85,5.12,Jute,jute,18,Keonjhar,0,Summer,area,ha,-,,dash
2024-25,..\raw\earas\2024-25\Technical_Report_EARAS_2024-25_Odisha.pdf,85,5.12,Jute,jute,18,Keonjhar,0,Summer,yield_rate,qtl/ha,-,,dash
2024-25,..\raw\earas\2024-25\Technical_Report_EARAS_2024-25_Odisha.pdf,85,5.12,Jute,jute,18,Keonjhar,0,Summer,production,qtl,-,,dash
2024-25,..\raw\earas\2024-25\Technical_Report_EARAS_2024-25_Odisha.pdf,85,5.12,Jute,jute,18,Keonjhar,0,Total,area,ha,465,465,ok
2024-25,..\raw\earas\2024-25\Technical_Report_EARAS_2024-25_Odisha.pdf,85,5.12,Jute,jute,18,Keonjhar,0,Total,yield_rate,qtl/ha,28.76,28.76,ok
2024-25,..\raw\earas\2024-25\Technical_Report_EARAS_2024-25_Odisha.pdf,85,5.12,Jute,jute,18,Keonjhar,0,Total,production,qtl,13373,13373,ok
2024-25,..\raw\earas\2024-25\Technical_Report_EARAS_2024-25_Odisha.pdf,85,5.12,Jute,jute,19,Khurda,0,Autumn,area,ha,-,,dash
2024-25,..\raw\earas\2024-25\Technical_Report_EARAS_2024-25_Odisha.pdf,85,5.12,Jute,jute,19,Khurda,0,Autumn,yield_rate,qtl/ha,-,,dash
2024-25,..\raw\earas\2024-25\Technical_Report_EARAS_2024-25_Odisha.pdf,85,5.12,Jute,jute,19,Khurda,0,Autumn,production,qtl,-,,dash
2024-25,..\raw\earas\2024-25\Technical_Report_EARAS_2024-25_Odisha.pdf,85,5.12,Jute,jute,19,Khurda,0,Winter,area,ha,-,,dash
2024-25,..\raw\earas\2024-25\Technical_Report_EARAS_2024-25_Odisha.pdf,85,5.12,Jute,jute,19,Khurda,0,Winter,yield_rate,qtl/ha,-,,dash
2024-25,..\raw\earas\2024-25\Technical_Report_EARAS_2024-25_Odisha.pdf,85,5.12,Jute,jute,19,Khurda,0,Winter,production,qtl,-,,dash
2024-25,..\raw\earas\2024-25\Technical_Report_EARAS_2024-25_Odisha.pdf,85,5.12,Jute,jute,19,Khurda,0,Summer,area,ha,-,,dash
2024-25,..\raw\earas\2024-25\Technical_Report_EARAS_2024-25_Odisha.pdf,85,5.12,Jute,jute,19,Khurda,0,Summer,yield_rate,qtl/ha,-,,dash
2024-25,..\raw\earas\2024-25\Technical_Report_EARAS_2024-25_Odisha.pdf,85,5.12,Jute,jute,19,Khurda,0,Summer,production,qtl,-,,dash
2024-25,..\raw\earas\2024-25\Technical_Report_EARAS_2024-25_Odisha.pdf,85,5.12,Jute,jute,19,Khurda,0,Total,area,ha,-,,dash
2024-25,..\raw\earas\2024-25\Technical_Report_EARAS_2024-25_Odisha.pdf,85,5.12,Jute,jute,19,Khurda,0,Total,yield_rate,qtl/ha,-,,dash
2024-25,..\raw\earas\2024-25\Technical_Report_EARAS_2024-25_Odisha.pdf,85,5.12,Jute,jute,19,Khurda,0,Total,production,qtl,-,,dash
2024-25,..\raw\earas\2024-25\Technical_Report_EARAS_2024-25_Odisha.pdf,85,5.12,Jute,jute,20,Koraput,0,Autumn,area,ha,-,,dash
2024-25,..\raw\earas\2024-25\Technical_Report_EARAS_2024-25_Odisha.pdf,85,5.12,Jute,jute,20,Koraput,0,Autumn,yield_rate,qtl/ha,-,,dash
2024-25,..\raw\earas\2024-25\Technical_Report_EARAS_2024-25_Odisha.pdf,85,5.12,Jute,jute,20,Koraput,0,Autumn,production,qtl,-,,dash
2024-25,..\raw\earas\2024-25\Technical_Report_EARAS_2024-25_Odisha.pdf,85,5.12,Jute,jute,20,Koraput,0,Winter,area,ha,-,,dash
2024-25,..\raw\earas\2024-25\Technical_Report_EARAS_2024-25_Odisha.pdf,85,5.12,Jute,jute,20,Koraput,0,Winter,yield_rate,qtl/ha,-,,dash
2024-25,..\raw\earas\2024-25\Technical_Report_EARAS_2024-25_Odisha.pdf,85,5.12,Jute,jute,20,Koraput,0,Winter,production,qtl,-,,dash
2024-25,..\raw\earas\2024-25\Technical_Report_EARAS_2024-25_Odisha.pdf,85,5.12,Jute,jute,20,Koraput,0,Summer,area,ha,-,,dash
2024-25,..\raw\earas\2024-25\Technical_Report_EARAS_2024-25_Odisha.pdf,85,5.12,Jute,jute,20,Koraput,0,Summer,yield_rate,qtl/ha,-,,dash
2024-25,..\raw\earas\2024-25\Technical_Report_EARAS_2024-25_Odisha.pdf,85,5.12,Jute,jute,20,Koraput,0,Summer,production,qtl,-,,dash
2024-25,..\raw\earas\2024-25\Technical_Report_EARAS_2024-25_Odisha.pdf,85,5.12,Jute,jute,20,Koraput,0,Total,area,ha,-,,dash
2024-25,..\raw\earas\2024-25\Technical_Report_EARAS_2024-25_Odisha.pdf,85,5.12,Jute,jute,20,Koraput,0,Total,yield_rate,qtl/ha,-,,dash
2024-25,..\raw\earas\2024-25\Technical_Report_EARAS_2024-25_Odisha.pdf,85,5.12,Jute,jute,20,Koraput,0,Total,production,qtl,-,,dash
2024-25,..\raw\earas\2024-25\Technical_Report_EARAS_2024-25_Odisha.pdf,85,5.12,Jute,jute,21,Malkangiri,0,Autumn,area,ha,-,,dash
2024-25,..\raw\earas\2024-25\Technical_Report_EARAS_2024-25_Odisha.pdf,85,5.12,Jute,jute,21,Malkangiri,0,Autumn,yield_rate,qtl/ha,-,,dash
2024-25,..\raw\earas\2024-25\Technical_Report_EARAS_2024-25_Odisha.pdf,85,5.12,Jute,jute,21,Malkangiri,0,Autumn,production,qtl,-,,dash
2024-25,..\raw\earas\2024-25\Technical_Report_EARAS_2024-25_Odisha.pdf,85,5.12,Jute,jute,21,Malkangiri,0,Winter,area,ha,-,,dash
2024-25,..\raw\earas\2024-25\Technical_Report_EARAS_2024-25_Odisha.pdf,85,5.12,Jute,jute,21,Malkangiri,0,Winter,yield_rate,qtl/ha,-,,dash
2024-25,..\raw\earas\2024-25\Technical_Report_EARAS_2024-25_Odisha.pdf,85,5.12,Jute,jute,21,Malkangiri,0,Winter,production,qtl,-,,dash
2024-25,..\raw\earas\2024-25\Technical_Report_EARAS_2024-25_Odisha.pdf,85,5.12,Jute,jute,21,Malkangiri,0,Summer,area,ha,-,,dash
2024-25,..\raw\earas\2024-25\Technical_Report_EARAS_2024-25_Odisha.pdf,85,5.12,Jute,jute,21,Malkangiri,0,Summer,yield_rate,qtl/ha,-,,dash
2024-25,..\raw\earas\2024-25\Technical_Report_EARAS_2024-25_Odisha.pdf,85,5.12,Jute,jute,21,Malkangiri,0,Summer,production,qtl,-,,dash
2024-25,..\raw\earas\2024-25\Technical_Report_EARAS_2024-25_Odisha.pdf,85,5.12,Jute,jute,21,Malkangiri,0,Total,area,ha,-,,dash
2024-25,..\raw\earas\2024-25\Technical_Report_EARAS_2024-25_Odisha.pdf,85,5.12,Jute,jute,21,Malkangiri,0,Total,yield_rate,qtl/ha,-,,dash
2024-25,..\raw\earas\2024-25\Technical_Report_EARAS_2024-25_Odisha.pdf,85,5.12,Jute,jute,21,Malkangiri,0,Total,production,qtl,-,,dash
2024-25,..\raw\earas\2024-25\Technical_Report_EARAS_2024-25_Odisha.pdf,85,5.12,Jute,jute,22,Mayurbhanja,0,Autumn,area,ha,-,,dash
2024-25,..\raw\earas\2024-25\Technical_Report_EARAS_2024-25_Odisha.pdf,85,5.12,Jute,jute,22,Mayurbhanja,0,Autumn,yield_rate,qtl/ha,-,,dash
2024-25,..\raw\earas\2024-25\Technical_Report_EARAS_2024-25_Odisha.pdf,85,5.12,Jute,jute,22,Mayurbhanja,0,Autumn,production,qtl,-,,dash
2024-25,..\raw\earas\2024-25\Technical_Report_EARAS_2024-25_Odisha.pdf,85,5.12,Jute,jute,22,Mayurbhanja,0,Winter,area,ha,-,,dash
2024-25,..\raw\earas\2024-25\Technical_Report_EARAS_2024-25_Odisha.pdf,85,5.12,Jute,jute,22,Mayurbhanja,0,Winter,yield_rate,qtl/ha,-,,dash
2024-25,..\raw\earas\2024-25\Technical_Report_EARAS_2024-25_Odisha.pdf,85,5.12,Jute,jute,22,Mayurbhanja,0,Winter,production,qtl,-,,dash
2024-25,..\raw\earas\2024-25\Technical_Report_EARAS_2024-25_Odisha.pdf,85,5.12,Jute,jute,22,Mayurbhanja,0,Summer,area,ha,-,,dash
2024-25,..\raw\earas\2024-25\Technical_Report_EARAS_2024-25_Odisha.pdf,85,5.12,Jute,jute,22,Mayurbhanja,0,Summer,yield_rate,qtl/ha,-,,dash
2024-25,..\raw\earas\2024-25\Technical_Report_EARAS_2024-25_Odisha.pdf,85,5.12,Jute,jute,22,Mayurbhanja,0,Summer,production,qtl,-,,dash
2024-25,..\raw\earas\2024-25\Technical_Report_EARAS_2024-25_Odisha.pdf,85,5.12,Jute,jute,22,Mayurbhanja,0,Total,area,ha,-,,dash
2024-25,..\raw\earas\2024-25\Technical_Report_EARAS_2024-25_Odisha.pdf,85,5.12,Jute,jute,22,Mayurbhanja,0,Total,yield_rate,qtl/ha,-,,dash
2024-25,..\raw\earas\2024-25\Technical_Report_EARAS_2024-25_Odisha.pdf,85,5.12,Jute,jute,22,Mayurbhanja,0,Total,production,qtl,-,,dash
2024-25,..\raw\earas\2024-25\Technical_Report_EARAS_2024-25_Odisha.pdf,85,5.12,Jute,jute,23,Nuapada,0,Autumn,area,ha,-,,dash
2024-25,..\raw\earas\2024-25\Technical_Report_EARAS_2024-25_Odisha.pdf,85,5.12,Jute,jute,23,Nuapada,0,Autumn,yield_rate,qtl/ha,-,,dash
2024-25,..\raw\earas\2024-25\Technical_Report_EARAS_2024-25_Odisha.pdf,85,5.12,Jute,jute,23,Nuapada,0,Autumn,production,qtl,-,,dash
2024-25,..\raw\earas\2024-25\Technical_Report_EARAS_2024-25_Odisha.pdf,85,5.12,Jute,jute,23,Nuapada,0,Winter,area,ha,-,,dash
2024-25,..\raw\earas\2024-25\Technical_Report_EARAS_2024-25_Odisha.pdf,85,5.12,Jute,jute,23,Nuapada,0,Winter,yield_rate,qtl/ha,-,,dash
2024-25,..\raw\earas\2024-25\Technical_Report_EARAS_2024-25_Odisha.pdf,85,5.12,Jute,jute,23,Nuapada,0,Winter,production,qtl,-,,dash
2024-25,..\raw\earas\2024-25\Technical_Report_EARAS_2024-25_Odisha.pdf,85,5.12,Jute,jute,23,Nuapada,0,Summer,area,ha,-,,dash
2024-25,..\raw\earas\2024-25\Technical_Report_EARAS_2024-25_Odisha.pdf,85,5.12,Jute,jute,23,Nuapada,0,Summer,yield_rate,qtl/ha,-,,dash
2024-25,..\raw\earas\2024-25\Technical_Report_EARAS_2024-25_Odisha.pdf,85,5.12,Jute,jute,23,Nuapada,0,Summer,production,qtl,-,,dash
2024-25,..\raw\earas\2024-25\Technical_Report_EARAS_2024-25_Odisha.pdf,85,5.12,Jute,jute,23,Nuapada,0,Total,area,ha,-,,dash
2024-25,..\raw\earas\2024-25\Technical_Report_EARAS_2024-25_Odisha.pdf,85,5.12,Jute,jute,23,Nuapada,0,Total,yield_rate,qtl/ha,-,,dash
2024-25,..\raw\earas\2024-25\Technical_Report_EARAS_2024-25_Odisha.pdf,85,5.12,Jute,jute,23,Nuapada,0,Total,production,qtl,-,,dash
2024-25,..\raw\earas\2024-25\Technical_Report_EARAS_2024-25_Odisha.pdf,85,5.12,Jute,jute,24,Nayagada,0,Autumn,area,ha,-,,dash
2024-25,..\raw\earas\2024-25\Technical_Report_EARAS_2024-25_Odisha.pdf,85,5.12,Jute,jute,24,Nayagada,0,Autumn,yield_rate,qtl/ha,-,,dash
2024-25,..\raw\earas\2024-25\Technical_Report_EARAS_2024-25_Odisha.pdf,85,5.12,Jute,jute,24,Nayagada,0,Autumn,production,qtl,-,,dash
2024-25,..\raw\earas\2024-25\Technical_Report_EARAS_2024-25_Odisha.pdf,85,5.12,Jute,jute,24,Nayagada,0,Winter,area,ha,-,,dash
2024-25,..\raw\earas\2024-25\Technical_Report_EARAS_2024-25_Odisha.pdf,85,5.12,Jute,jute,24,Nayagada,0,Winter,yield_rate,qtl/ha,-,,dash
2024-25,..\raw\earas\2024-25\Technical_Report_EARAS_2024-25_Odisha.pdf,85,5.12,Jute,jute,24,Nayagada,0,Winter,production,qtl,-,,dash
2024-25,..\raw\earas\2024-25\Technical_Report_EARAS_2024-25_Odisha.pdf,85,5.12,Jute,jute,24,Nayagada,0,Summer,area,ha,-,,dash
2024-25,..\raw\earas\2024-25\Technical_Report_EARAS_2024-25_Odisha.pdf,85,5.12,Jute,jute,24,Nayagada,0,Summer,yield_rate,qtl/ha,-,,dash
2024-25,..\raw\earas\2024-25\Technical_Report_EARAS_2024-25_Odisha.pdf,85,5.12,Jute,jute,24,Nayagada,0,Summer,production,qtl,-,,dash
2024-25,..\raw\earas\2024-25\Technical_Report_EARAS_2024-25_Odisha.pdf,85,5.12,Jute,jute,24,Nayagada,0,Total,area,ha,-,,dash
2024-25,..\raw\earas\2024-25\Technical_Report_EARAS_2024-25_Odisha.pdf,85,5.12,Jute,jute,24,Nayagada,0,Total,yield_rate,qtl/ha,-,,dash
2024-25,..\raw\earas\2024-25\Technical_Report_EARAS_2024-25_Odisha.pdf,85,5.12,Jute,jute,24,Nayagada,0,Total,production,qtl,-,,dash
2024-25,..\raw\earas\2024-25\Technical_Report_EARAS_2024-25_Odisha.pdf,85,5.12,Jute,jute,25,Nawarangpur,0,Autumn,area,ha,-,,dash
2024-25,..\raw\earas\2024-25\Technical_Report_EARAS_2024-25_Odisha.pdf,85,5.12,Jute,jute,25,Nawarangpur,0,Autumn,yield_rate,qtl/ha,-,,dash
2024-25,..\raw\earas\2024-25\Technical_Report_EARAS_2024-25_Odisha.pdf,85,5.12,Jute,jute,25,Nawarangpur,0,Autumn,production,qtl,-,,dash
2024-25,..\raw\earas\2024-25\Technical_Report_EARAS_2024-25_Odisha.pdf,85,5.12,Jute,jute,25,Nawarangpur,0,Winter,area,ha,-,,dash
2024-25,..\raw\earas\2024-25\Technical_Report_EARAS_2024-25_Odisha.pdf,85,5.12,Jute,jute,25,Nawarangpur,0,Winter,yield_rate,qtl/ha,-,,dash
2024-25,..\raw\earas\2024-25\Technical_Report_EARAS_2024-25_Odisha.pdf,85,5.12,Jute,jute,25,Nawarangpur,0,Winter,production,qtl,-,,dash
2024-25,..\raw\earas\2024-25\Technical_Report_EARAS_2024-25_Odisha.pdf,85,5.12,Jute,jute,25,Nawarangpur,0,Summer,area,ha,-,,dash
2024-25,..\raw\earas\2024-25\Technical_Report_EARAS_2024-25_Odisha.pdf,85,5.12,Jute,jute,25,Nawarangpur,0,Summer,yield_rate,qtl/ha,-,,dash
2024-25,..\raw\earas\2024-25\Technical_Report_EARAS_2024-25_Odisha.pdf,85,5.12,Jute,jute,25,Nawarangpur,0,Summer,production,qtl,-,,dash
2024-25,..\raw\earas\2024-25\Technical_Report_EARAS_2024-25_Odisha.pdf,85,5.12,Jute,jute,25,Nawarangpur,0,Total,area,ha,-,,dash
2024-25,..\raw\earas\2024-25\Technical_Report_EARAS_2024-25_Odisha.pdf,85,5.12,Jute,jute,25,Nawarangpur,0,Total,yield_rate,qtl/ha,-,,dash
2024-25,..\raw\earas\2024-25\Technical_Report_EARAS_2024-25_Odisha.pdf,85,5.12,Jute,jute,25,Nawarangpur,0,Total,production,qtl,-,,dash
2024-25,..\raw\earas\2024-25\Technical_Report_EARAS_2024-25_Odisha.pdf,85,5.12,Jute,jute,26,Puri,0,Autumn,area,ha,-,,dash
2024-25,..\raw\earas\2024-25\Technical_Report_EARAS_2024-25_Odisha.pdf,85,5.12,Jute,jute,26,Puri,0,Autumn,yield_rate,qtl/ha,-,,dash
2024-25,..\raw\earas\2024-25\Technical_Report_EARAS_2024-25_Odisha.pdf,85,5.12,Jute,jute,26,Puri,0,Autumn,production,qtl,-,,dash
2024-25,..\raw\earas\2024-25\Technical_Report_EARAS_2024-25_Odisha.pdf,85,5.12,Jute,jute,26,Puri,0,Winter,area,ha,-,,dash
2024-25,..\raw\earas\2024-25\Technical_Report_EARAS_2024-25_Odisha.pdf,85,5.12,Jute,jute,26,Puri,0,Winter,yield_rate,qtl/ha,-,,dash
2024-25,..\raw\earas\2024-25\Technical_Report_EARAS_2024-25_Odisha.pdf,85,5.12,Jute,jute,26,Puri,0,Winter,production,qtl,-,,dash
2024-25,..\raw\earas\2024-25\Technical_Report_EARAS_2024-25_Odisha.pdf,85,5.12,Jute,jute,26,Puri,0,Summer,area,ha,-,,dash
2024-25,..\raw\earas\2024-25\Technical_Report_EARAS_2024-25_Odisha.pdf,85,5.12,Jute,jute,26,Puri,0,Summer,yield_rate,qtl/ha,-,,dash
2024-25,..\raw\earas\2024-25\Technical_Report_EARAS_2024-25_Odisha.pdf,85,5.12,Jute,jute,26,Puri,0,Summer,production,qtl,-,,dash
2024-25,..\raw\earas\2024-25\Technical_Report_EARAS_2024-25_Odisha.pdf,85,5.12,Jute,jute,26,Puri,0,Total,area,ha,-,,dash
2024-25,..\raw\earas\2024-25\Technical_Report_EARAS_2024-25_Odisha.pdf,85,5.12,Jute,jute,26,Puri,0,Total,yield_rate,qtl/ha,-,,dash
2024-25,..\raw\earas\2024-25\Technical_Report_EARAS_2024-25_Odisha.pdf,85,5.12,Jute,jute,26,Puri,0,Total,production,qtl,-,,dash
2024-25,..\raw\earas\2024-25\Technical_Report_EARAS_2024-25_Odisha.pdf,85,5.12,Jute,jute,27,Raygada,0,Autumn,area,ha,-,,dash
2024-25,..\raw\earas\2024-25\Technical_Report_EARAS_2024-25_Odisha.pdf,85,5.12,Jute,jute,27,Raygada,0,Autumn,yield_rate,qtl/ha,-,,dash
2024-25,..\raw\earas\2024-25\Technical_Report_EARAS_2024-25_Odisha.pdf,85,5.12,Jute,jute,27,Raygada,0,Autumn,production,qtl,-,,dash
2024-25,..\raw\earas\2024-25\Technical_Report_EARAS_2024-25_Odisha.pdf,85,5.12,Jute,jute,27,Raygada,0,Winter,area,ha,-,,dash
2024-25,..\raw\earas\2024-25\Technical_Report_EARAS_2024-25_Odisha.pdf,85,5.12,Jute,jute,27,Raygada,0,Winter,yield_rate,qtl/ha,-,,dash
2024-25,..\raw\earas\2024-25\Technical_Report_EARAS_2024-25_Odisha.pdf,85,5.12,Jute,jute,27,Raygada,0,Winter,production,qtl,-,,dash
2024-25,..\raw\earas\2024-25\Technical_Report_EARAS_2024-25_Odisha.pdf,85,5.12,Jute,jute,27,Raygada,0,Summer,area,ha,-,,dash
2024-25,..\raw\earas\2024-25\Technical_Report_EARAS_2024-25_Odisha.pdf,85,5.12,Jute,jute,27,Raygada,0,Summer,yield_rate,qtl/ha,-,,dash
2024-25,..\raw\earas\2024-25\Technical_Report_EARAS_2024-25_Odisha.pdf,85,5.12,Jute,jute,27,Raygada,0,Summer,production,qtl,-,,dash
2024-25,..\raw\earas\2024-25\Technical_Report_EARAS_2024-25_Odisha.pdf,85,5.12,Jute,jute,27,Raygada,0,Total,area,ha,-,,dash
2024-25,..\raw\earas\2024-25\Technical_Report_EARAS_2024-25_Odisha.pdf,85,5.12,Jute,jute,27,Raygada,0,Total,yield_rate,qtl/ha,-,,dash
2024-25,..\raw\earas\2024-25\Technical_Report_EARAS_2024-25_Odisha.pdf,85,5.12,Jute,jute,27,Raygada,0,Total,production,qtl,-,,dash
2024-25,..\raw\earas\2024-25\Technical_Report_EARAS_2024-25_Odisha.pdf,85,5.12,Jute,jute,28,Sambalpur,0,Autumn,area,ha,-,,dash
2024-25,..\raw\earas\2024-25\Technical_Report_EARAS_2024-25_Odisha.pdf,85,5.12,Jute,jute,28,Sambalpur,0,Autumn,yield_rate,qtl/ha,-,,dash
2024-25,..\raw\earas\2024-25\Technical_Report_EARAS_2024-25_Odisha.pdf,85,5.12,Jute,jute,28,Sambalpur,0,Autumn,production,qtl,-,,dash
2024-25,..\raw\earas\2024-25\Technical_Report_EARAS_2024-25_Odisha.pdf,85,5.12,Jute,jute,28,Sambalpur,0,Winter,area,ha,-,,dash
2024-25,..\raw\earas\2024-25\Technical_Report_EARAS_2024-25_Odisha.pdf,85,5.12,Jute,jute,28,Sambalpur,0,Winter,yield_rate,qtl/ha,-,,dash
2024-25,..\raw\earas\2024-25\Technical_Report_EARAS_2024-25_Odisha.pdf,85,5.12,Jute,jute,28,Sambalpur,0,Winter,production,qtl,-,,dash
2024-25,..\raw\earas\2024-25\Technical_Report_EARAS_2024-25_Odisha.pdf,85,5.12,Jute,jute,28,Sambalpur,0,Summer,area,ha,-,,dash
2024-25,..\raw\earas\2024-25\Technical_Report_EARAS_2024-25_Odisha.pdf,85,5.12,Jute,jute,28,Sambalpur,0,Summer,yield_rate,qtl/ha,-,,dash
2024-25,..\raw\earas\2024-25\Technical_Report_EARAS_2024-25_Odisha.pdf,85,5.12,Jute,jute,28,Sambalpur,0,Summer,production,qtl,-,,dash
2024-25,..\raw\earas\2024-25\Technical_Report_EARAS_2024-25_Odisha.pdf,85,5.12,Jute,jute,28,Sambalpur,0,Total,area,ha,-,,dash
2024-25,..\raw\earas\2024-25\Technical_Report_EARAS_2024-25_Odisha.pdf,85,5.12,Jute,jute,28,Sambalpur,0,Total,yield_rate,qtl/ha,-,,dash
2024-25,..\raw\earas\2024-25\Technical_Report_EARAS_2024-25_Odisha.pdf,85,5.12,Jute,jute,28,Sambalpur,0,Total,production,qtl,-,,dash
2024-25,..\raw\earas\2024-25\Technical_Report_EARAS_2024-25_Odisha.pdf,85,5.12,Jute,jute,29,Subarnapur,0,Autumn,area,ha,-,,dash
2024-25,..\raw\earas\2024-25\Technical_Report_EARAS_2024-25_Odisha.pdf,85,5.12,Jute,jute,29,Subarnapur,0,Autumn,yield_rate,qtl/ha,-,,dash
2024-25,..\raw\earas\2024-25\Technical_Report_EARAS_2024-25_Odisha.pdf,85,5.12,Jute,jute,29,Subarnapur,0,Autumn,production,qtl,-,,dash
2024-25,..\raw\earas\2024-25\Technical_Report_EARAS_2024-25_Odisha.pdf,85,5.12,Jute,jute,29,Subarnapur,0,Winter,area,ha,-,,dash
2024-25,..\raw\earas\2024-25\Technical_Report_EARAS_2024-25_Odisha.pdf,85,5.12,Jute,jute,29,Subarnapur,0,Winter,yield_rate,qtl/ha,-,,dash
2024-25,..\raw\earas\2024-25\Technical_Report_EARAS_2024-25_Odisha.pdf,85,5.12,Jute,jute,29,Subarnapur,0,Winter,production,qtl,-,,dash
2024-25,..\raw\earas\2024-25\Technical_Report_EARAS_2024-25_Odisha.pdf,85,5.12,Jute,jute,29,Subarnapur,0,Summer,area,ha,-,,dash
2024-25,..\raw\earas\2024-25\Technical_Report_EARAS_2024-25_Odisha.pdf,85,5.12,Jute,jute,29,Subarnapur,0,Summer,yield_rate,qtl/ha,-,,dash
2024-25,..\raw\earas\2024-25\Technical_Report_EARAS_2024-25_Odisha.pdf,85,5.12,Jute,jute,29,Subarnapur,0,Summer,production,qtl,-,,dash
2024-25,..\raw\earas\2024-25\Technical_Report_EARAS_2024-25_Odisha.pdf,85,5.12,Jute,jute,29,Subarnapur,0,Total,area,ha,-,,dash
2024-25,..\raw\earas\2024-25\Technical_Report_EARAS_2024-25_Odisha.pdf,85,5.12,Jute,jute,29,Subarnapur,0,Total,yield_rate,qtl/ha,-,,dash
2024-25,..\raw\earas\2024-25\Technical_Report_EARAS_2024-25_Odisha.pdf,85,5.12,Jute,jute,29,Subarnapur,0,Total,production,qtl,-,,dash
2024-25,..\raw\earas\2024-25\Technical_Report_EARAS_2024-25_Odisha.pdf,85,5.12,Jute,jute,30,Sundargarh,0,Autumn,area,ha,-,,dash
2024-25,..\raw\earas\2024-25\Technical_Report_EARAS_2024-25_Odisha.pdf,85,5.12,Jute,jute,30,Sundargarh,0,Autumn,yield_rate,qtl/ha,-,,dash
2024-25,..\raw\earas\2024-25\Technical_Report_EARAS_2024-25_Odisha.pdf,85,5.12,Jute,jute,30,Sundargarh,0,Autumn,production,qtl,-,,dash
2024-25,..\raw\earas\2024-25\Technical_Report_EARAS_2024-25_Odisha.pdf,85,5.12,Jute,jute,30,Sundargarh,0,Winter,area,ha,-,,dash
2024-25,..\raw\earas\2024-25\Technical_Report_EARAS_2024-25_Odisha.pdf,85,5.12,Jute,jute,30,Sundargarh,0,Winter,yield_rate,qtl/ha,-,,dash
2024-25,..\raw\earas\2024-25\Technical_Report_EARAS_2024-25_Odisha.pdf,85,5.12,Jute,jute,30,Sundargarh,0,Winter,production,qtl,-,,dash
2024-25,..\raw\earas\2024-25\Technical_Report_EARAS_2024-25_Odisha.pdf,85,5.12,Jute,jute,30,Sundargarh,0,Summer,area,ha,-,,dash
2024-25,..\raw\earas\2024-25\Technical_Report_EARAS_2024-25_Odisha.pdf,85,5.12,Jute,jute,30,Sundargarh,0,Summer,yield_rate,qtl/ha,-,,dash
2024-25,..\raw\earas\2024-25\Technical_Report_EARAS_2024-25_Odisha.pdf,85,5.12,Jute,jute,30,Sundargarh,0,Summer,production,qtl,-,,dash
2024-25,..\raw\earas\2024-25\Technical_Report_EARAS_2024-25_Odisha.pdf,85,5.12,Jute,jute,30,Sundargarh,0,Total,area,ha,-,,dash
2024-25,..\raw\earas\2024-25\Technical_Report_EARAS_2024-25_Odisha.pdf,85,5.12,Jute,jute,30,Sundargarh,0,Total,yield_rate,qtl/ha,-,,dash
2024-25,..\raw\earas\2024-25\Technical_Report_EARAS_2024-25_Odisha.pdf,85,5.12,Jute,jute,30,Sundargarh,0,Total,production,qtl,-,,dash
2024-25,..\raw\earas\2024-25\Technical_Report_EARAS_2024-25_Odisha.pdf,85,5.12,Jute,jute,,STATE,1,Autumn,area,ha,1785,1785,ok
2024-25,..\raw\earas\2024-25\Technical_Report_EARAS_2024-25_Odisha.pdf,85,5.12,Jute,jute,,STATE,1,Autumn,yield_rate,qtl/ha,28.06,28.06,ok
2024-25,..\raw\earas\2024-25\Technical_Report_EARAS_2024-25_Odisha.pdf,85,5.12,Jute,jute,,STATE,1,Autumn,production,qtl,50093,50093,ok
2024-25,..\raw\earas\2024-25\Technical_Report_EARAS_2024-25_Odisha.pdf,85,5.12,Jute,jute,,STATE,1,Winter,area,ha,-,,dash
2024-25,..\raw\earas\2024-25\Technical_Report_EARAS_2024-25_Odisha.pdf,85,5.12,Jute,jute,,STATE,1,Winter,yield_rate,qtl/ha,-,,dash
2024-25,..\raw\earas\2024-25\Technical_Report_EARAS_2024-25_Odisha.pdf,85,5.12,Jute,jute,,STATE,1,Winter,production,qtl,-,,dash
2024-25,..\raw\earas\2024-25\Technical_Report_EARAS_2024-25_Odisha.pdf,85,5.12,Jute,jute,,STATE,1,Summer,area,ha,-,,dash
2024-25,..\raw\earas\2024-25\Technical_Report_EARAS_2024-25_Odisha.pdf,85,5.12,Jute,jute,,STATE,1,Summer,yield_rate,qtl/ha,-,,dash
2024-25,..\raw\earas\2024-25\Technical_Report_EARAS_2024-25_Odisha.pdf,85,5.12,Jute,jute,,STATE,1,Summer,production,qtl,-,,dash
2024-25,..\raw\earas\2024-25\Technical_Report_EARAS_2024-25_Odisha.pdf,85,5.12,Jute,jute,,STATE,1,Total,area,ha,1785,1785,ok
2024-25,..\raw\earas\2024-25\Technical_Report_EARAS_2024-25_Odisha.pdf,85,5.12,Jute,jute,,STATE,1,Total,yield_rate,qtl/ha,28.06,28.06,ok
2024-25,..\raw\earas\2024-25\Technical_Report_EARAS_2024-25_Odisha.pdf,85,5.12,Jute,jute,,STATE,1,Total,production,qtl,50093,50093,ok
2024-25,..\raw\earas\2024-25\Technical_Report_EARAS_2024-25_Odisha.pdf,86,5.13,Potato,potato,1,Angul,0,Autumn,area,ha,-,,dash
2024-25,..\raw\earas\2024-25\Technical_Report_EARAS_2024-25_Odisha.pdf,86,5.13,Potato,potato,1,Angul,0,Autumn,yield_rate,qtl/ha,-,,dash
2024-25,..\raw\earas\2024-25\Technical_Report_EARAS_2024-25_Odisha.pdf,86,5.13,Potato,potato,1,Angul,0,Autumn,production,qtl,-,,dash
2024-25,..\raw\earas\2024-25\Technical_Report_EARAS_2024-25_Odisha.pdf,86,5.13,Potato,potato,1,Angul,0,Winter,area,ha,552,552,ok
2024-25,..\raw\earas\2024-25\Technical_Report_EARAS_2024-25_Odisha.pdf,86,5.13,Potato,potato,1,Angul,0,Winter,yield_rate,qtl/ha,133.74,133.74,ok
2024-25,..\raw\earas\2024-25\Technical_Report_EARAS_2024-25_Odisha.pdf,86,5.13,Potato,potato,1,Angul,0,Winter,production,qtl,73824,73824,ok
2024-25,..\raw\earas\2024-25\Technical_Report_EARAS_2024-25_Odisha.pdf,86,5.13,Potato,potato,1,Angul,0,Summer,area,ha,-,,dash
2024-25,..\raw\earas\2024-25\Technical_Report_EARAS_2024-25_Odisha.pdf,86,5.13,Potato,potato,1,Angul,0,Summer,yield_rate,qtl/ha,-,,dash
2024-25,..\raw\earas\2024-25\Technical_Report_EARAS_2024-25_Odisha.pdf,86,5.13,Potato,potato,1,Angul,0,Summer,production,qtl,-,,dash
2024-25,..\raw\earas\2024-25\Technical_Report_EARAS_2024-25_Odisha.pdf,86,5.13,Potato,potato,1,Angul,0,Total,area,ha,552,552,ok
2024-25,..\raw\earas\2024-25\Technical_Report_EARAS_2024-25_Odisha.pdf,86,5.13,Potato,potato,1,Angul,0,Total,yield_rate,qtl/ha,133.74,133.74,ok
2024-25,..\raw\earas\2024-25\Technical_Report_EARAS_2024-25_Odisha.pdf,86,5.13,Potato,potato,1,Angul,0,Total,production,qtl,73824,73824,ok
2024-25,..\raw\earas\2024-25\Technical_Report_EARAS_2024-25_Odisha.pdf,86,5.13,Potato,potato,2,Balangir,0,Autumn,area,ha,-,,dash
2024-25,..\raw\earas\2024-25\Technical_Report_EARAS_2024-25_Odisha.pdf,86,5.13,Potato,potato,2,Balangir,0,Autumn,yield_rate,qtl/ha,-,,dash
2024-25,..\raw\earas\2024-25\Technical_Report_EARAS_2024-25_Odisha.pdf,86,5.13,Potato,potato,2,Balangir,0,Autumn,production,qtl,-,,dash
2024-25,..\raw\earas\2024-25\Technical_Report_EARAS_2024-25_Odisha.pdf,86,5.13,Potato,potato,2,Balangir,0,Winter,area,ha,382,382,ok
2024-25,..\raw\earas\2024-25\Technical_Report_EARAS_2024-25_Odisha.pdf,86,5.13,Potato,potato,2,Balangir,0,Winter,yield_rate,qtl/ha,149.11,149.11,ok
2024-25,..\raw\earas\2024-25\Technical_Report_EARAS_2024-25_Odisha.pdf,86,5.13,Potato,potato,2,Balangir,0,Winter,production,qtl,56960,56960,ok
2024-25,..\raw\earas\2024-25\Technical_Report_EARAS_2024-25_Odisha.pdf,86,5.13,Potato,potato,2,Balangir,0,Summer,area,ha,-,,dash
2024-25,..\raw\earas\2024-25\Technical_Report_EARAS_2024-25_Odisha.pdf,86,5.13,Potato,potato,2,Balangir,0,Summer,yield_rate,qtl/ha,-,,dash
2024-25,..\raw\earas\2024-25\Technical_Report_EARAS_2024-25_Odisha.pdf,86,5.13,Potato,potato,2,Balangir,0,Summer,production,qtl,-,,dash
2024-25,..\raw\earas\2024-25\Technical_Report_EARAS_2024-25_Odisha.pdf,86,5.13,Potato,potato,2,Balangir,0,Total,area,ha,382,382,ok
2024-25,..\raw\earas\2024-25\Technical_Report_EARAS_2024-25_Odisha.pdf,86,5.13,Potato,potato,2,Balangir,0,Total,yield_rate,qtl/ha,149.11,149.11,ok
2024-25,..\raw\earas\2024-25\Technical_Report_EARAS_2024-25_Odisha.pdf,86,5.13,Potato,potato,2,Balangir,0,Total,production,qtl,56960,56960,ok
2024-25,..\raw\earas\2024-25\Technical_Report_EARAS_2024-25_Odisha.pdf,86,5.13,Potato,potato,3,Balasore,0,Autumn,area,ha,-,,dash
2024-25,..\raw\earas\2024-25\Technical_Report_EARAS_2024-25_Odisha.pdf,86,5.13,Potato,potato,3,Balasore,0,Autumn,yield_rate,qtl/ha,-,,dash
2024-25,..\raw\earas\2024-25\Technical_Report_EARAS_2024-25_Odisha.pdf,86,5.13,Potato,potato,3,Balasore,0,Autumn,production,qtl,-,,dash
2024-25,..\raw\earas\2024-25\Technical_Report_EARAS_2024-25_Odisha.pdf,86,5.13,Potato,potato,3,Balasore,0,Winter,area,ha,402,402,ok
2024-25,..\raw\earas\2024-25\Technical_Report_EARAS_2024-25_Odisha.pdf,86,5.13,Potato,potato,3,Balasore,0,Winter,yield_rate,qtl/ha,171.32,171.32,ok
2024-25,..\raw\earas\2024-25\Technical_Report_EARAS_2024-25_Odisha.pdf,86,5.13,Potato,potato,3,Balasore,0,Winter,production,qtl,68871,68871,ok
2024-25,..\raw\earas\2024-25\Technical_Report_EARAS_2024-25_Odisha.pdf,86,5.13,Potato,potato,3,Balasore,0,Summer,area,ha,-,,dash
2024-25,..\raw\earas\2024-25\Technical_Report_EARAS_2024-25_Odisha.pdf,86,5.13,Potato,potato,3,Balasore,0,Summer,yield_rate,qtl/ha,-,,dash
2024-25,..\raw\earas\2024-25\Technical_Report_EARAS_2024-25_Odisha.pdf,86,5.13,Potato,potato,3,Balasore,0,Summer,production,qtl,-,,dash
2024-25,..\raw\earas\2024-25\Technical_Report_EARAS_2024-25_Odisha.pdf,86,5.13,Potato,potato,3,Balasore,0,Total,area,ha,402,402,ok
2024-25,..\raw\earas\2024-25\Technical_Report_EARAS_2024-25_Odisha.pdf,86,5.13,Potato,potato,3,Balasore,0,Total,yield_rate,qtl/ha,171.32,171.32,ok
2024-25,..\raw\earas\2024-25\Technical_Report_EARAS_2024-25_Odisha.pdf,86,5.13,Potato,potato,3,Balasore,0,Total,production,qtl,68871,68871,ok
2024-25,..\raw\earas\2024-25\Technical_Report_EARAS_2024-25_Odisha.pdf,86,5.13,Potato,potato,4,Bargarh,0,Autumn,area,ha,-,,dash
2024-25,..\raw\earas\2024-25\Technical_Report_EARAS_2024-25_Odisha.pdf,86,5.13,Potato,potato,4,Bargarh,0,Autumn,yield_rate,qtl/ha,-,,dash
2024-25,..\raw\earas\2024-25\Technical_Report_EARAS_2024-25_Odisha.pdf,86,5.13,Potato,potato,4,Bargarh,0,Autumn,production,qtl,-,,dash
2024-25,..\raw\earas\2024-25\Technical_Report_EARAS_2024-25_Odisha.pdf,86,5.13,Potato,potato,4,Bargarh,0,Winter,area,ha,721,721,ok
2024-25,..\raw\earas\2024-25\Technical_Report_EARAS_2024-25_Odisha.pdf,86,5.13,Potato,potato,4,Bargarh,0,Winter,yield_rate,qtl/ha,84.70,84.70,ok
2024-25,..\raw\earas\2024-25\Technical_Report_EARAS_2024-25_Odisha.pdf,86,5.13,Potato,potato,4,Bargarh,0,Winter,production,qtl,61069,61069,ok
2024-25,..\raw\earas\2024-25\Technical_Report_EARAS_2024-25_Odisha.pdf,86,5.13,Potato,potato,4,Bargarh,0,Summer,area,ha,-,,dash
2024-25,..\raw\earas\2024-25\Technical_Report_EARAS_2024-25_Odisha.pdf,86,5.13,Potato,potato,4,Bargarh,0,Summer,yield_rate,qtl/ha,-,,dash
2024-25,..\raw\earas\2024-25\Technical_Report_EARAS_2024-25_Odisha.pdf,86,5.13,Potato,potato,4,Bargarh,0,Summer,production,qtl,-,,dash
2024-25,..\raw\earas\2024-25\Technical_Report_EARAS_2024-25_Odisha.pdf,86,5.13,Potato,potato,4,Bargarh,0,Total,area,ha,721,721,ok
2024-25,..\raw\earas\2024-25\Technical_Report_EARAS_2024-25_Odisha.pdf,86,5.13,Potato,potato,4,Bargarh,0,Total,yield_rate,qtl/ha,84.70,84.70,ok
2024-25,..\raw\earas\2024-25\Technical_Report_EARAS_2024-25_Odisha.pdf,86,5.13,Potato,potato,4,Bargarh,0,Total,production,qtl,61069,61069,ok
2024-25,..\raw\earas\2024-25\Technical_Report_EARAS_2024-25_Odisha.pdf,86,5.13,Potato,potato,5,Bhadrak,0,Autumn,area,ha,-,,dash
2024-25,..\raw\earas\2024-25\Technical_Report_EARAS_2024-25_Odisha.pdf,86,5.13,Potato,potato,5,Bhadrak,0,Autumn,yield_rate,qtl/ha,-,,dash
2024-25,..\raw\earas\2024-25\Technical_Report_EARAS_2024-25_Odisha.pdf,86,5.13,Potato,potato,5,Bhadrak,0,Autumn,production,qtl,-,,dash
2024-25,..\raw\earas\2024-25\Technical_Report_EARAS_2024-25_Odisha.pdf,86,5.13,Potato,potato,5,Bhadrak,0,Winter,area,ha,48,48,ok
2024-25,..\raw\earas\2024-25\Technical_Report_EARAS_2024-25_Odisha.pdf,86,5.13,Potato,potato,5,Bhadrak,0,Winter,yield_rate,qtl/ha,124.40,124.40,ok
2024-25,..\raw\earas\2024-25\Technical_Report_EARAS_2024-25_Odisha.pdf,86,5.13,Potato,potato,5,Bhadrak,0,Winter,production,qtl,5971,5971,ok
2024-25,..\raw\earas\2024-25\Technical_Report_EARAS_2024-25_Odisha.pdf,86,5.13,Potato,potato,5,Bhadrak,0,Summer,area,ha,-,,dash
2024-25,..\raw\earas\2024-25\Technical_Report_EARAS_2024-25_Odisha.pdf,86,5.13,Potato,potato,5,Bhadrak,0,Summer,yield_rate,qtl/ha,-,,dash
2024-25,..\raw\earas\2024-25\Technical_Report_EARAS_2024-25_Odisha.pdf,86,5.13,Potato,potato,5,Bhadrak,0,Summer,production,qtl,-,,dash
2024-25,..\raw\earas\2024-25\Technical_Report_EARAS_2024-25_Odisha.pdf,86,5.13,Potato,potato,5,Bhadrak,0,Total,area,ha,48,48,ok
2024-25,..\raw\earas\2024-25\Technical_Report_EARAS_2024-25_Odisha.pdf,86,5.13,Potato,potato,5,Bhadrak,0,Total,yield_rate,qtl/ha,124.40,124.40,ok
2024-25,..\raw\earas\2024-25\Technical_Report_EARAS_2024-25_Odisha.pdf,86,5.13,Potato,potato,5,Bhadrak,0,Total,production,qtl,5971,5971,ok
2024-25,..\raw\earas\2024-25\Technical_Report_EARAS_2024-25_Odisha.pdf,86,5.13,Potato,potato,6,Boudh,0,Autumn,area,ha,-,,dash
2024-25,..\raw\earas\2024-25\Technical_Report_EARAS_2024-25_Odisha.pdf,86,5.13,Potato,potato,6,Boudh,0,Autumn,yield_rate,qtl/ha,-,,dash
2024-25,..\raw\earas\2024-25\Technical_Report_EARAS_2024-25_Odisha.pdf,86,5.13,Potato,potato,6,Boudh,0,Autumn,production,qtl,-,,dash
2024-25,..\raw\earas\2024-25\Technical_Report_EARAS_2024-25_Odisha.pdf,86,5.13,Potato,potato,6,Boudh,0,Winter,area,ha,63,63,ok
2024-25,..\raw\earas\2024-25\Technical_Report_EARAS_2024-25_Odisha.pdf,86,5.13,Potato,potato,6,Boudh,0,Winter,yield_rate,qtl/ha,61.53,61.53,ok
2024-25,..\raw\earas\2024-25\Technical_Report_EARAS_2024-25_Odisha.pdf,86,5.13,Potato,potato,6,Boudh,0,Winter,production,qtl,3876,3876,ok
2024-25,..\raw\earas\2024-25\Technical_Report_EARAS_2024-25_Odisha.pdf,86,5.13,Potato,potato,6,Boudh,0,Summer,area,ha,-,,dash
2024-25,..\raw\earas\2024-25\Technical_Report_EARAS_2024-25_Odisha.pdf,86,5.13,Potato,potato,6,Boudh,0,Summer,yield_rate,qtl/ha,-,,dash
2024-25,..\raw\earas\2024-25\Technical_Report_EARAS_2024-25_Odisha.pdf,86,5.13,Potato,potato,6,Boudh,0,Summer,production,qtl,-,,dash
2024-25,..\raw\earas\2024-25\Technical_Report_EARAS_2024-25_Odisha.pdf,86,5.13,Potato,potato,6,Boudh,0,Total,area,ha,63,63,ok
2024-25,..\raw\earas\2024-25\Technical_Report_EARAS_2024-25_Odisha.pdf,86,5.13,Potato,potato,6,Boudh,0,Total,yield_rate,qtl/ha,61.53,61.53,ok
2024-25,..\raw\earas\2024-25\Technical_Report_EARAS_2024-25_Odisha.pdf,86,5.13,Potato,potato,6,Boudh,0,Total,production,qtl,3876,3876,ok
2024-25,..\raw\earas\2024-25\Technical_Report_EARAS_2024-25_Odisha.pdf,86,5.13,Potato,potato,7,Cuttack,0,Autumn,area,ha,-,,dash
2024-25,..\raw\earas\2024-25\Technical_Report_EARAS_2024-25_Odisha.pdf,86,5.13,Potato,potato,7,Cuttack,0,Autumn,yield_rate,qtl/ha,-,,dash
2024-25,..\raw\earas\2024-25\Technical_Report_EARAS_2024-25_Odisha.pdf,86,5.13,Potato,potato,7,Cuttack,0,Autumn,production,qtl,-,,dash
2024-25,..\raw\earas\2024-25\Technical_Report_EARAS_2024-25_Odisha.pdf,86,5.13,Potato,potato,7,Cuttack,0,Winter,area,ha,422,422,ok
2024-25,..\raw\earas\2024-25\Technical_Report_EARAS_2024-25_Odisha.pdf,86,5.13,Potato,potato,7,Cuttack,0,Winter,yield_rate,qtl/ha,161.59,161.59,ok
2024-25,..\raw\earas\2024-25\Technical_Report_EARAS_2024-25_Odisha.pdf,86,5.13,Potato,potato,7,Cuttack,0,Winter,production,qtl,68191,68191,ok
2024-25,..\raw\earas\2024-25\Technical_Report_EARAS_2024-25_Odisha.pdf,86,5.13,Potato,potato,7,Cuttack,0,Summer,area,ha,-,,dash
2024-25,..\raw\earas\2024-25\Technical_Report_EARAS_2024-25_Odisha.pdf,86,5.13,Potato,potato,7,Cuttack,0,Summer,yield_rate,qtl/ha,-,,dash
2024-25,..\raw\earas\2024-25\Technical_Report_EARAS_2024-25_Odisha.pdf,86,5.13,Potato,potato,7,Cuttack,0,Summer,production,qtl,-,,dash
2024-25,..\raw\earas\2024-25\Technical_Report_EARAS_2024-25_Odisha.pdf,86,5.13,Potato,potato,7,Cuttack,0,Total,area,ha,422,422,ok
2024-25,..\raw\earas\2024-25\Technical_Report_EARAS_2024-25_Odisha.pdf,86,5.13,Potato,potato,7,Cuttack,0,Total,yield_rate,qtl/ha,161.59,161.59,ok
2024-25,..\raw\earas\2024-25\Technical_Report_EARAS_2024-25_Odisha.pdf,86,5.13,Potato,potato,7,Cuttack,0,Total,production,qtl,68191,68191,ok
2024-25,..\raw\earas\2024-25\Technical_Report_EARAS_2024-25_Odisha.pdf,86,5.13,Potato,potato,8,Deogarh,0,Autumn,area,ha,-,,dash
2024-25,..\raw\earas\2024-25\Technical_Report_EARAS_2024-25_Odisha.pdf,86,5.13,Potato,potato,8,Deogarh,0,Autumn,yield_rate,qtl/ha,-,,dash
2024-25,..\raw\earas\2024-25\Technical_Report_EARAS_2024-25_Odisha.pdf,86,5.13,Potato,potato,8,Deogarh,0,Autumn,production,qtl,-,,dash
2024-25,..\raw\earas\2024-25\Technical_Report_EARAS_2024-25_Odisha.pdf,86,5.13,Potato,potato,8,Deogarh,0,Winter,area,ha,326,326,ok
2024-25,..\raw\earas\2024-25\Technical_Report_EARAS_2024-25_Odisha.pdf,86,5.13,Potato,potato,8,Deogarh,0,Winter,yield_rate,qtl/ha,111.21,111.21,ok
2024-25,..\raw\earas\2024-25\Technical_Report_EARAS_2024-25_Odisha.pdf,86,5.13,Potato,potato,8,Deogarh,0,Winter,production,qtl,36254,36254,ok
2024-25,..\raw\earas\2024-25\Technical_Report_EARAS_2024-25_Odisha.pdf,86,5.13,Potato,potato,8,Deogarh,0,Summer,area,ha,-,,dash
2024-25,..\raw\earas\2024-25\Technical_Report_EARAS_2024-25_Odisha.pdf,86,5.13,Potato,potato,8,Deogarh,0,Summer,yield_rate,qtl/ha,-,,dash
2024-25,..\raw\earas\2024-25\Technical_Report_EARAS_2024-25_Odisha.pdf,86,5.13,Potato,potato,8,Deogarh,0,Summer,production,qtl,-,,dash
2024-25,..\raw\earas\2024-25\Technical_Report_EARAS_2024-25_Odisha.pdf,86,5.13,Potato,potato,8,Deogarh,0,Total,area,ha,326,326,ok
2024-25,..\raw\earas\2024-25\Technical_Report_EARAS_2024-25_Odisha.pdf,86,5.13,Potato,potato,8,Deogarh,0,Total,yield_rate,qtl/ha,111.21,111.21,ok
2024-25,..\raw\earas\2024-25\Technical_Report_EARAS_2024-25_Odisha.pdf,86,5.13,Potato,potato,8,Deogarh,0,Total,production,qtl,36254,36254,ok
2024-25,..\raw\earas\2024-25\Technical_Report_EARAS_2024-25_Odisha.pdf,86,5.13,Potato,potato,9,Dhenkanal,0,Autumn,area,ha,-,,dash
2024-25,..\raw\earas\2024-25\Technical_Report_EARAS_2024-25_Odisha.pdf,86,5.13,Potato,potato,9,Dhenkanal,0,Autumn,yield_rate,qtl/ha,-,,dash
2024-25,..\raw\earas\2024-25\Technical_Report_EARAS_2024-25_Odisha.pdf,86,5.13,Potato,potato,9,Dhenkanal,0,Autumn,production,qtl,-,,dash
2024-25,..\raw\earas\2024-25\Technical_Report_EARAS_2024-25_Odisha.pdf,86,5.13,Potato,potato,9,Dhenkanal,0,Winter,area,ha,418,418,ok
2024-25,..\raw\earas\2024-25\Technical_Report_EARAS_2024-25_Odisha.pdf,86,5.13,Potato,potato,9,Dhenkanal,0,Winter,yield_rate,qtl/ha,160.89,160.89,ok
2024-25,..\raw\earas\2024-25\Technical_Report_EARAS_2024-25_Odisha.pdf,86,5.13,Potato,potato,9,Dhenkanal,0,Winter,production,qtl,67252,67252,ok
2024-25,..\raw\earas\2024-25\Technical_Report_EARAS_2024-25_Odisha.pdf,86,5.13,Potato,potato,9,Dhenkanal,0,Summer,area,ha,-,,dash
2024-25,..\raw\earas\2024-25\Technical_Report_EARAS_2024-25_Odisha.pdf,86,5.13,Potato,potato,9,Dhenkanal,0,Summer,yield_rate,qtl/ha,-,,dash
2024-25,..\raw\earas\2024-25\Technical_Report_EARAS_2024-25_Odisha.pdf,86,5.13,Potato,potato,9,Dhenkanal,0,Summer,production,qtl,-,,dash
2024-25,..\raw\earas\2024-25\Technical_Report_EARAS_2024-25_Odisha.pdf,86,5.13,Potato,potato,9,Dhenkanal,0,Total,area,ha,418,418,ok
2024-25,..\raw\earas\2024-25\Technical_Report_EARAS_2024-25_Odisha.pdf,86,5.13,Potato,potato,9,Dhenkanal,0,Total,yield_rate,qtl/ha,160.89,160.89,ok
2024-25,..\raw\earas\2024-25\Technical_Report_EARAS_2024-25_Odisha.pdf,86,5.13,Potato,potato,9,Dhenkanal,0,Total,production,qtl,67252,67252,ok
2024-25,..\raw\earas\2024-25\Technical_Report_EARAS_2024-25_Odisha.pdf,86,5.13,Potato,potato,10,Gajapati,0,Autumn,area,ha,-,,dash
2024-25,..\raw\earas\2024-25\Technical_Report_EARAS_2024-25_Odisha.pdf,86,5.13,Potato,potato,10,Gajapati,0,Autumn,yield_rate,qtl/ha,-,,dash
2024-25,..\raw\earas\2024-25\Technical_Report_EARAS_2024-25_Odisha.pdf,86,5.13,Potato,potato,10,Gajapati,0,Autumn,production,qtl,-,,dash
2024-25,..\raw\earas\2024-25\Technical_Report_EARAS_2024-25_Odisha.pdf,86,5.13,Potato,potato,10,Gajapati,0,Winter,area,ha,16,16,ok
2024-25,..\raw\earas\2024-25\Technical_Report_EARAS_2024-25_Odisha.pdf,86,5.13,Potato,potato,10,Gajapati,0,Winter,yield_rate,qtl/ha,175.17,175.17,ok
2024-25,..\raw\earas\2024-25\Technical_Report_EARAS_2024-25_Odisha.pdf,86,5.13,Potato,potato,10,Gajapati,0,Winter,production,qtl,2803,2803,ok
2024-25,..\raw\earas\2024-25\Technical_Report_EARAS_2024-25_Odisha.pdf,86,5.13,Potato,potato,10,Gajapati,0,Summer,area,ha,-,,dash
2024-25,..\raw\earas\2024-25\Technical_Report_EARAS_2024-25_Odisha.pdf,86,5.13,Potato,potato,10,Gajapati,0,Summer,yield_rate,qtl/ha,-,,dash
2024-25,..\raw\earas\2024-25\Technical_Report_EARAS_2024-25_Odisha.pdf,86,5.13,Potato,potato,10,Gajapati,0,Summer,production,qtl,-,,dash
2024-25,..\raw\earas\2024-25\Technical_Report_EARAS_2024-25_Odisha.pdf,86,5.13,Potato,potato,10,Gajapati,0,Total,area,ha,16,16,ok
2024-25,..\raw\earas\2024-25\Technical_Report_EARAS_2024-25_Odisha.pdf,86,5.13,Potato,potato,10,Gajapati,0,Total,yield_rate,qtl/ha,175.17,175.17,ok
2024-25,..\raw\earas\2024-25\Technical_Report_EARAS_2024-25_Odisha.pdf,86,5.13,Potato,potato,10,Gajapati,0,Total,production,qtl,2803,2803,ok
2024-25,..\raw\earas\2024-25\Technical_Report_EARAS_2024-25_Odisha.pdf,86,5.13,Potato,potato,11,Ganjam,0,Autumn,area,ha,-,,dash
2024-25,..\raw\earas\2024-25\Technical_Report_EARAS_2024-25_Odisha.pdf,86,5.13,Potato,potato,11,Ganjam,0,Autumn,yield_rate,qtl/ha,-,,dash
2024-25,..\raw\earas\2024-25\Technical_Report_EARAS_2024-25_Odisha.pdf,86,5.13,Potato,potato,11,Ganjam,0,Autumn,production,qtl,-,,dash
2024-25,..\raw\earas\2024-25\Technical_Report_EARAS_2024-25_Odisha.pdf,86,5.13,Potato,potato,11,Ganjam,0,Winter,area,ha,111,111,ok
2024-25,..\raw\earas\2024-25\Technical_Report_EARAS_2024-25_Odisha.pdf,86,5.13,Potato,potato,11,Ganjam,0,Winter,yield_rate,qtl/ha,114.51,114.51,ok
2024-25,..\raw\earas\2024-25\Technical_Report_EARAS_2024-25_Odisha.pdf,86,5.13,Potato,potato,11,Ganjam,0,Winter,production,qtl,12711,12711,ok
2024-25,..\raw\earas\2024-25\Technical_Report_EARAS_2024-25_Odisha.pdf,86,5.13,Potato,potato,11,Ganjam,0,Summer,area,ha,-,,dash
2024-25,..\raw\earas\2024-25\Technical_Report_EARAS_2024-25_Odisha.pdf,86,5.13,Potato,potato,11,Ganjam,0,Summer,yield_rate,qtl/ha,-,,dash
2024-25,..\raw\earas\2024-25\Technical_Report_EARAS_2024-25_Odisha.pdf,86,5.13,Potato,potato,11,Ganjam,0,Summer,production,qtl,-,,dash
2024-25,..\raw\earas\2024-25\Technical_Report_EARAS_2024-25_Odisha.pdf,86,5.13,Potato,potato,11,Ganjam,0,Total,area,ha,111,111,ok
2024-25,..\raw\earas\2024-25\Technical_Report_EARAS_2024-25_Odisha.pdf,86,5.13,Potato,potato,11,Ganjam,0,Total,yield_rate,qtl/ha,114.51,114.51,ok
2024-25,..\raw\earas\2024-25\Technical_Report_EARAS_2024-25_Odisha.pdf,86,5.13,Potato,potato,11,Ganjam,0,Total,production,qtl,12711,12711,ok
2024-25,..\raw\earas\2024-25\Technical_Report_EARAS_2024-25_Odisha.pdf,86,5.13,Potato,potato,12,Jagatsinghpur,0,Autumn,area,ha,-,,dash
2024-25,..\raw\earas\2024-25\Technical_Report_EARAS_2024-25_Odisha.pdf,86,5.13,Potato,potato,12,Jagatsinghpur,0,Autumn,yield_rate,qtl/ha,-,,dash
2024-25,..\raw\earas\2024-25\Technical_Report_EARAS_2024-25_Odisha.pdf,86,5.13,Potato,potato,12,Jagatsinghpur,0,Autumn,production,qtl,-,,dash
2024-25,..\raw\earas\2024-25\Technical_Report_EARAS_2024-25_Odisha.pdf,86,5.13,Potato,potato,12,Jagatsinghpur,0,Winter,area,ha,55,55,ok
2024-25,..\raw\earas\2024-25\Technical_Report_EARAS_2024-25_Odisha.pdf,86,5.13,Potato,potato,12,Jagatsinghpur,0,Winter,yield_rate,qtl/ha,138.56,138.56,ok
2024-25,..\raw\earas\2024-25\Technical_Report_EARAS_2024-25_Odisha.pdf,86,5.13,Potato,potato,12,Jagatsinghpur,0,Winter,production,qtl,7621,7621,ok
2024-25,..\raw\earas\2024-25\Technical_Report_EARAS_2024-25_Odisha.pdf,86,5.13,Potato,potato,12,Jagatsinghpur,0,Summer,area,ha,-,,dash
2024-25,..\raw\earas\2024-25\Technical_Report_EARAS_2024-25_Odisha.pdf,86,5.13,Potato,potato,12,Jagatsinghpur,0,Summer,yield_rate,qtl/ha,-,,dash
2024-25,..\raw\earas\2024-25\Technical_Report_EARAS_2024-25_Odisha.pdf,86,5.13,Potato,potato,12,Jagatsinghpur,0,Summer,production,qtl,-,,dash
2024-25,..\raw\earas\2024-25\Technical_Report_EARAS_2024-25_Odisha.pdf,86,5.13,Potato,potato,12,Jagatsinghpur,0,Total,area,ha,55,55,ok
2024-25,..\raw\earas\2024-25\Technical_Report_EARAS_2024-25_Odisha.pdf,86,5.13,Potato,potato,12,Jagatsinghpur,0,Total,yield_rate,qtl/ha,138.56,138.56,ok
2024-25,..\raw\earas\2024-25\Technical_Report_EARAS_2024-25_Odisha.pdf,86,5.13,Potato,potato,12,Jagatsinghpur,0,Total,production,qtl,7621,7621,ok
2024-25,..\raw\earas\2024-25\Technical_Report_EARAS_2024-25_Odisha.pdf,86,5.13,Potato,potato,13,Jajpur,0,Autumn,area,ha,-,,dash
2024-25,..\raw\earas\2024-25\Technical_Report_EARAS_2024-25_Odisha.pdf,86,5.13,Potato,potato,13,Jajpur,0,Autumn,yield_rate,qtl/ha,-,,dash
2024-25,..\raw\earas\2024-25\Technical_Report_EARAS_2024-25_Odisha.pdf,86,5.13,Potato,potato,13,Jajpur,0,Autumn,production,qtl,-,,dash
2024-25,..\raw\earas\2024-25\Technical_Report_EARAS_2024-25_Odisha.pdf,86,5.13,Potato,potato,13,Jajpur,0,Winter,area,ha,369,369,ok
2024-25,..\raw\earas\2024-25\Technical_Report_EARAS_2024-25_Odisha.pdf,86,5.13,Potato,potato,13,Jajpur,0,Winter,yield_rate,qtl/ha,115.29,115.29,ok
2024-25,..\raw\earas\2024-25\Technical_Report_EARAS_2024-25_Odisha.pdf,86,5.13,Potato,potato,13,Jajpur,0,Winter,production,qtl,42542,42542,ok
2024-25,..\raw\earas\2024-25\Technical_Report_EARAS_2024-25_Odisha.pdf,86,5.13,Potato,potato,13,Jajpur,0,Summer,area,ha,-,,dash
2024-25,..\raw\earas\2024-25\Technical_Report_EARAS_2024-25_Odisha.pdf,86,5.13,Potato,potato,13,Jajpur,0,Summer,yield_rate,qtl/ha,-,,dash
2024-25,..\raw\earas\2024-25\Technical_Report_EARAS_2024-25_Odisha.pdf,86,5.13,Potato,potato,13,Jajpur,0,Summer,production,qtl,-,,dash
2024-25,..\raw\earas\2024-25\Technical_Report_EARAS_2024-25_Odisha.pdf,86,5.13,Potato,potato,13,Jajpur,0,Total,area,ha,369,369,ok
2024-25,..\raw\earas\2024-25\Technical_Report_EARAS_2024-25_Odisha.pdf,86,5.13,Potato,potato,13,Jajpur,0,Total,yield_rate,qtl/ha,115.29,115.29,ok
2024-25,..\raw\earas\2024-25\Technical_Report_EARAS_2024-25_Odisha.pdf,86,5.13,Potato,potato,13,Jajpur,0,Total,production,qtl,42542,42542,ok
2024-25,..\raw\earas\2024-25\Technical_Report_EARAS_2024-25_Odisha.pdf,86,5.13,Potato,potato,14,Jharsuguda,0,Autumn,area,ha,-,,dash
2024-25,..\raw\earas\2024-25\Technical_Report_EARAS_2024-25_Odisha.pdf,86,5.13,Potato,potato,14,Jharsuguda,0,Autumn,yield_rate,qtl/ha,-,,dash
2024-25,..\raw\earas\2024-25\Technical_Report_EARAS_2024-25_Odisha.pdf,86,5.13,Potato,potato,14,Jharsuguda,0,Autumn,production,qtl,-,,dash
2024-25,..\raw\earas\2024-25\Technical_Report_EARAS_2024-25_Odisha.pdf,86,5.13,Potato,potato,14,Jharsuguda,0,Winter,area,ha,518,518,ok
2024-25,..\raw\earas\2024-25\Technical_Report_EARAS_2024-25_Odisha.pdf,86,5.13,Potato,potato,14,Jharsuguda,0,Winter,yield_rate,qtl/ha,105.61,105.61,ok
2024-25,..\raw\earas\2024-25\Technical_Report_EARAS_2024-25_Odisha.pdf,86,5.13,Potato,potato,14,Jharsuguda,0,Winter,production,qtl,54706,54706,ok
2024-25,..\raw\earas\2024-25\Technical_Report_EARAS_2024-25_Odisha.pdf,86,5.13,Potato,potato,14,Jharsuguda,0,Summer,area,ha,-,,dash
2024-25,..\raw\earas\2024-25\Technical_Report_EARAS_2024-25_Odisha.pdf,86,5.13,Potato,potato,14,Jharsuguda,0,Summer,yield_rate,qtl/ha,-,,dash
2024-25,..\raw\earas\2024-25\Technical_Report_EARAS_2024-25_Odisha.pdf,86,5.13,Potato,potato,14,Jharsuguda,0,Summer,production,qtl,-,,dash
2024-25,..\raw\earas\2024-25\Technical_Report_EARAS_2024-25_Odisha.pdf,86,5.13,Potato,potato,14,Jharsuguda,0,Total,area,ha,518,518,ok
2024-25,..\raw\earas\2024-25\Technical_Report_EARAS_2024-25_Odisha.pdf,86,5.13,Potato,potato,14,Jharsuguda,0,Total,yield_rate,qtl/ha,105.61,105.61,ok
2024-25,..\raw\earas\2024-25\Technical_Report_EARAS_2024-25_Odisha.pdf,86,5.13,Potato,potato,14,Jharsuguda,0,Total,production,qtl,54706,54706,ok
2024-25,..\raw\earas\2024-25\Technical_Report_EARAS_2024-25_Odisha.pdf,86,5.13,Potato,potato,15,Kalahandi,0,Autumn,area,ha,-,,dash
2024-25,..\raw\earas\2024-25\Technical_Report_EARAS_2024-25_Odisha.pdf,86,5.13,Potato,potato,15,Kalahandi,0,Autumn,yield_rate,qtl/ha,-,,dash
2024-25,..\raw\earas\2024-25\Technical_Report_EARAS_2024-25_Odisha.pdf,86,5.13,Potato,potato,15,Kalahandi,0,Autumn,production,qtl,-,,dash
2024-25,..\raw\earas\2024-25\Technical_Report_EARAS_2024-25_Odisha.pdf,86,5.13,Potato,potato,15,Kalahandi,0,Winter,area,ha,S,,below_half_unit
2024-25,..\raw\earas\2024-25\Technical_Report_EARAS_2024-25_Odisha.pdf,86,5.13,Potato,potato,15,Kalahandi,0,Winter,yield_rate,qtl/ha,77.90,77.90,ok
2024-25,..\raw\earas\2024-25\Technical_Report_EARAS_2024-25_Odisha.pdf,86,5.13,Potato,potato,15,Kalahandi,0,Winter,production,qtl,-,,dash
2024-25,..\raw\earas\2024-25\Technical_Report_EARAS_2024-25_Odisha.pdf,86,5.13,Potato,potato,15,Kalahandi,0,Summer,area,ha,-,,dash
2024-25,..\raw\earas\2024-25\Technical_Report_EARAS_2024-25_Odisha.pdf,86,5.13,Potato,potato,15,Kalahandi,0,Summer,yield_rate,qtl/ha,-,,dash
2024-25,..\raw\earas\2024-25\Technical_Report_EARAS_2024-25_Odisha.pdf,86,5.13,Potato,potato,15,Kalahandi,0,Summer,production,qtl,-,,dash
2024-25,..\raw\earas\2024-25\Technical_Report_EARAS_2024-25_Odisha.pdf,86,5.13,Potato,potato,15,Kalahandi,0,Total,area,ha,S,,below_half_unit
2024-25,..\raw\earas\2024-25\Technical_Report_EARAS_2024-25_Odisha.pdf,86,5.13,Potato,potato,15,Kalahandi,0,Total,yield_rate,qtl/ha,77.90,77.90,ok
2024-25,..\raw\earas\2024-25\Technical_Report_EARAS_2024-25_Odisha.pdf,86,5.13,Potato,potato,15,Kalahandi,0,Total,production,qtl,-,,dash
2024-25,..\raw\earas\2024-25\Technical_Report_EARAS_2024-25_Odisha.pdf,86,5.13,Potato,potato,16,Kandhamal,0,Autumn,area,ha,-,,dash
2024-25,..\raw\earas\2024-25\Technical_Report_EARAS_2024-25_Odisha.pdf,86,5.13,Potato,potato,16,Kandhamal,0,Autumn,yield_rate,qtl/ha,-,,dash
2024-25,..\raw\earas\2024-25\Technical_Report_EARAS_2024-25_Odisha.pdf,86,5.13,Potato,potato,16,Kandhamal,0,Autumn,production,qtl,-,,dash
2024-25,..\raw\earas\2024-25\Technical_Report_EARAS_2024-25_Odisha.pdf,86,5.13,Potato,potato,16,Kandhamal,0,Winter,area,ha,608,608,ok
2024-25,..\raw\earas\2024-25\Technical_Report_EARAS_2024-25_Odisha.pdf,86,5.13,Potato,potato,16,Kandhamal,0,Winter,yield_rate,qtl/ha,74.92,74.92,ok
2024-25,..\raw\earas\2024-25\Technical_Report_EARAS_2024-25_Odisha.pdf,86,5.13,Potato,potato,16,Kandhamal,0,Winter,production,qtl,45551,45551,ok
2024-25,..\raw\earas\2024-25\Technical_Report_EARAS_2024-25_Odisha.pdf,86,5.13,Potato,potato,16,Kandhamal,0,Summer,area,ha,-,,dash
2024-25,..\raw\earas\2024-25\Technical_Report_EARAS_2024-25_Odisha.pdf,86,5.13,Potato,potato,16,Kandhamal,0,Summer,yield_rate,qtl/ha,-,,dash
2024-25,..\raw\earas\2024-25\Technical_Report_EARAS_2024-25_Odisha.pdf,86,5.13,Potato,potato,16,Kandhamal,0,Summer,production,qtl,-,,dash
2024-25,..\raw\earas\2024-25\Technical_Report_EARAS_2024-25_Odisha.pdf,86,5.13,Potato,potato,16,Kandhamal,0,Total,area,ha,608,608,ok
2024-25,..\raw\earas\2024-25\Technical_Report_EARAS_2024-25_Odisha.pdf,86,5.13,Potato,potato,16,Kandhamal,0,Total,yield_rate,qtl/ha,74.92,74.92,ok
2024-25,..\raw\earas\2024-25\Technical_Report_EARAS_2024-25_Odisha.pdf,86,5.13,Potato,potato,16,Kandhamal,0,Total,production,qtl,45551,45551,ok
2024-25,..\raw\earas\2024-25\Technical_Report_EARAS_2024-25_Odisha.pdf,86,5.13,Potato,potato,17,Kendrapada,0,Autumn,area,ha,-,,dash
2024-25,..\raw\earas\2024-25\Technical_Report_EARAS_2024-25_Odisha.pdf,86,5.13,Potato,potato,17,Kendrapada,0,Autumn,yield_rate,qtl/ha,-,,dash
2024-25,..\raw\earas\2024-25\Technical_Report_EARAS_2024-25_Odisha.pdf,86,5.13,Potato,potato,17,Kendrapada,0,Autumn,production,qtl,-,,dash
2024-25,..\raw\earas\2024-25\Technical_Report_EARAS_2024-25_Odisha.pdf,86,5.13,Potato,potato,17,Kendrapada,0,Winter,area,ha,148,148,ok
2024-25,..\raw\earas\2024-25\Technical_Report_EARAS_2024-25_Odisha.pdf,86,5.13,Potato,potato,17,Kendrapada,0,Winter,yield_rate,qtl/ha,156.29,156.29,ok
2024-25,..\raw\earas\2024-25\Technical_Report_EARAS_2024-25_Odisha.pdf,86,5.13,Potato,potato,17,Kendrapada,0,Winter,production,qtl,23131,23131,ok
2024-25,..\raw\earas\2024-25\Technical_Report_EARAS_2024-25_Odisha.pdf,86,5.13,Potato,potato,17,Kendrapada,0,Summer,area,ha,-,,dash
2024-25,..\raw\earas\2024-25\Technical_Report_EARAS_2024-25_Odisha.pdf,86,5.13,Potato,potato,17,Kendrapada,0,Summer,yield_rate,qtl/ha,-,,dash
2024-25,..\raw\earas\2024-25\Technical_Report_EARAS_2024-25_Odisha.pdf,86,5.13,Potato,potato,17,Kendrapada,0,Summer,production,qtl,-,,dash
2024-25,..\raw\earas\2024-25\Technical_Report_EARAS_2024-25_Odisha.pdf,86,5.13,Potato,potato,17,Kendrapada,0,Total,area,ha,148,148,ok
2024-25,..\raw\earas\2024-25\Technical_Report_EARAS_2024-25_Odisha.pdf,86,5.13,Potato,potato,17,Kendrapada,0,Total,yield_rate,qtl/ha,156.29,156.29,ok
2024-25,..\raw\earas\2024-25\Technical_Report_EARAS_2024-25_Odisha.pdf,86,5.13,Potato,potato,17,Kendrapada,0,Total,production,qtl,23131,23131,ok
2024-25,..\raw\earas\2024-25\Technical_Report_EARAS_2024-25_Odisha.pdf,86,5.13,Potato,potato,18,Keonjhar,0,Autumn,area,ha,-,,dash
2024-25,..\raw\earas\2024-25\Technical_Report_EARAS_2024-25_Odisha.pdf,86,5.13,Potato,potato,18,Keonjhar,0,Autumn,yield_rate,qtl/ha,-,,dash
2024-25,..\raw\earas\2024-25\Technical_Report_EARAS_2024-25_Odisha.pdf,86,5.13,Potato,potato,18,Keonjhar,0,Autumn,production,qtl,-,,dash
2024-25,..\raw\earas\2024-25\Technical_Report_EARAS_2024-25_Odisha.pdf,86,5.13,Potato,potato,18,Keonjhar,0,Winter,area,ha,946,946,ok
2024-25,..\raw\earas\2024-25\Technical_Report_EARAS_2024-25_Odisha.pdf,86,5.13,Potato,potato,18,Keonjhar,0,Winter,yield_rate,qtl/ha,137.94,137.94,ok
2024-25,..\raw\earas\2024-25\Technical_Report_EARAS_2024-25_Odisha.pdf,86,5.13,Potato,potato,18,Keonjhar,0,Winter,production,qtl,130491,130491,ok
2024-25,..\raw\earas\2024-25\Technical_Report_EARAS_2024-25_Odisha.pdf,86,5.13,Potato,potato,18,Keonjhar,0,Summer,area,ha,-,,dash
2024-25,..\raw\earas\2024-25\Technical_Report_EARAS_2024-25_Odisha.pdf,86,5.13,Potato,potato,18,Keonjhar,0,Summer,yield_rate,qtl/ha,-,,dash
2024-25,..\raw\earas\2024-25\Technical_Report_EARAS_2024-25_Odisha.pdf,86,5.13,Potato,potato,18,Keonjhar,0,Summer,production,qtl,-,,dash
2024-25,..\raw\earas\2024-25\Technical_Report_EARAS_2024-25_Odisha.pdf,86,5.13,Potato,potato,18,Keonjhar,0,Total,area,ha,946,946,ok
2024-25,..\raw\earas\2024-25\Technical_Report_EARAS_2024-25_Odisha.pdf,86,5.13,Potato,potato,18,Keonjhar,0,Total,yield_rate,qtl/ha,137.94,137.94,ok
2024-25,..\raw\earas\2024-25\Technical_Report_EARAS_2024-25_Odisha.pdf,86,5.13,Potato,potato,18,Keonjhar,0,Total,production,qtl,130491,130491,ok
2024-25,..\raw\earas\2024-25\Technical_Report_EARAS_2024-25_Odisha.pdf,86,5.13,Potato,potato,19,Khurda,0,Autumn,area,ha,-,,dash
2024-25,..\raw\earas\2024-25\Technical_Report_EARAS_2024-25_Odisha.pdf,86,5.13,Potato,potato,19,Khurda,0,Autumn,yield_rate,qtl/ha,-,,dash
2024-25,..\raw\earas\2024-25\Technical_Report_EARAS_2024-25_Odisha.pdf,86,5.13,Potato,potato,19,Khurda,0,Autumn,production,qtl,-,,dash
2024-25,..\raw\earas\2024-25\Technical_Report_EARAS_2024-25_Odisha.pdf,86,5.13,Potato,potato,19,Khurda,0,Winter,area,ha,56,56,ok
2024-25,..\raw\earas\2024-25\Technical_Report_EARAS_2024-25_Odisha.pdf,86,5.13,Potato,potato,19,Khurda,0,Winter,yield_rate,qtl/ha,123.62,123.62,ok
2024-25,..\raw\earas\2024-25\Technical_Report_EARAS_2024-25_Odisha.pdf,86,5.13,Potato,potato,19,Khurda,0,Winter,production,qtl,6923,6923,ok
2024-25,..\raw\earas\2024-25\Technical_Report_EARAS_2024-25_Odisha.pdf,86,5.13,Potato,potato,19,Khurda,0,Summer,area,ha,-,,dash
2024-25,..\raw\earas\2024-25\Technical_Report_EARAS_2024-25_Odisha.pdf,86,5.13,Potato,potato,19,Khurda,0,Summer,yield_rate,qtl/ha,-,,dash
2024-25,..\raw\earas\2024-25\Technical_Report_EARAS_2024-25_Odisha.pdf,86,5.13,Potato,potato,19,Khurda,0,Summer,production,qtl,-,,dash
2024-25,..\raw\earas\2024-25\Technical_Report_EARAS_2024-25_Odisha.pdf,86,5.13,Potato,potato,19,Khurda,0,Total,area,ha,56,56,ok
2024-25,..\raw\earas\2024-25\Technical_Report_EARAS_2024-25_Odisha.pdf,86,5.13,Potato,potato,19,Khurda,0,Total,yield_rate,qtl/ha,123.62,123.62,ok
2024-25,..\raw\earas\2024-25\Technical_Report_EARAS_2024-25_Odisha.pdf,86,5.13,Potato,potato,19,Khurda,0,Total,production,qtl,6923,6923,ok
2024-25,..\raw\earas\2024-25\Technical_Report_EARAS_2024-25_Odisha.pdf,86,5.13,Potato,potato,20,Koraput,0,Autumn,area,ha,-,,dash
2024-25,..\raw\earas\2024-25\Technical_Report_EARAS_2024-25_Odisha.pdf,86,5.13,Potato,potato,20,Koraput,0,Autumn,yield_rate,qtl/ha,-,,dash
2024-25,..\raw\earas\2024-25\Technical_Report_EARAS_2024-25_Odisha.pdf,86,5.13,Potato,potato,20,Koraput,0,Autumn,production,qtl,-,,dash
2024-25,..\raw\earas\2024-25\Technical_Report_EARAS_2024-25_Odisha.pdf,86,5.13,Potato,potato,20,Koraput,0,Winter,area,ha,1082,1082,ok
2024-25,..\raw\earas\2024-25\Technical_Report_EARAS_2024-25_Odisha.pdf,86,5.13,Potato,potato,20,Koraput,0,Winter,yield_rate,qtl/ha,68.04,68.04,ok
2024-25,..\raw\earas\2024-25\Technical_Report_EARAS_2024-25_Odisha.pdf,86,5.13,Potato,potato,20,Koraput,0,Winter,production,qtl,73619,73619,ok
2024-25,..\raw\earas\2024-25\Technical_Report_EARAS_2024-25_Odisha.pdf,86,5.13,Potato,potato,20,Koraput,0,Summer,area,ha,-,,dash
2024-25,..\raw\earas\2024-25\Technical_Report_EARAS_2024-25_Odisha.pdf,86,5.13,Potato,potato,20,Koraput,0,Summer,yield_rate,qtl/ha,-,,dash
2024-25,..\raw\earas\2024-25\Technical_Report_EARAS_2024-25_Odisha.pdf,86,5.13,Potato,potato,20,Koraput,0,Summer,production,qtl,-,,dash
2024-25,..\raw\earas\2024-25\Technical_Report_EARAS_2024-25_Odisha.pdf,86,5.13,Potato,potato,20,Koraput,0,Total,area,ha,1082,1082,ok
2024-25,..\raw\earas\2024-25\Technical_Report_EARAS_2024-25_Odisha.pdf,86,5.13,Potato,potato,20,Koraput,0,Total,yield_rate,qtl/ha,68.04,68.04,ok
2024-25,..\raw\earas\2024-25\Technical_Report_EARAS_2024-25_Odisha.pdf,86,5.13,Potato,potato,20,Koraput,0,Total,production,qtl,73619,73619,ok
2024-25,..\raw\earas\2024-25\Technical_Report_EARAS_2024-25_Odisha.pdf,86,5.13,Potato,potato,21,Malkangiri,0,Autumn,area,ha,-,,dash
2024-25,..\raw\earas\2024-25\Technical_Report_EARAS_2024-25_Odisha.pdf,86,5.13,Potato,potato,21,Malkangiri,0,Autumn,yield_rate,qtl/ha,-,,dash
2024-25,..\raw\earas\2024-25\Technical_Report_EARAS_2024-25_Odisha.pdf,86,5.13,Potato,potato,21,Malkangiri,0,Autumn,production,qtl,-,,dash
2024-25,..\raw\earas\2024-25\Technical_Report_EARAS_2024-25_Odisha.pdf,86,5.13,Potato,potato,21,Malkangiri,0,Winter,area,ha,1,1,ok
2024-25,..\raw\earas\2024-25\Technical_Report_EARAS_2024-25_Odisha.pdf,86,5.13,Potato,potato,21,Malkangiri,0,Winter,yield_rate,qtl/ha,32.32,32.32,ok
2024-25,..\raw\earas\2024-25\Technical_Report_EARAS_2024-25_Odisha.pdf,86,5.13,Potato,potato,21,Malkangiri,0,Winter,production,qtl,32,32,ok
2024-25,..\raw\earas\2024-25\Technical_Report_EARAS_2024-25_Odisha.pdf,86,5.13,Potato,potato,21,Malkangiri,0,Summer,area,ha,-,,dash
2024-25,..\raw\earas\2024-25\Technical_Report_EARAS_2024-25_Odisha.pdf,86,5.13,Potato,potato,21,Malkangiri,0,Summer,yield_rate,qtl/ha,-,,dash
2024-25,..\raw\earas\2024-25\Technical_Report_EARAS_2024-25_Odisha.pdf,86,5.13,Potato,potato,21,Malkangiri,0,Summer,production,qtl,-,,dash
2024-25,..\raw\earas\2024-25\Technical_Report_EARAS_2024-25_Odisha.pdf,86,5.13,Potato,potato,21,Malkangiri,0,Total,area,ha,1,1,ok
2024-25,..\raw\earas\2024-25\Technical_Report_EARAS_2024-25_Odisha.pdf,86,5.13,Potato,potato,21,Malkangiri,0,Total,yield_rate,qtl/ha,32.32,32.32,ok
2024-25,..\raw\earas\2024-25\Technical_Report_EARAS_2024-25_Odisha.pdf,86,5.13,Potato,potato,21,Malkangiri,0,Total,production,qtl,32,32,ok
2024-25,..\raw\earas\2024-25\Technical_Report_EARAS_2024-25_Odisha.pdf,86,5.13,Potato,potato,22,Mayurbhanja,0,Autumn,area,ha,-,,dash
2024-25,..\raw\earas\2024-25\Technical_Report_EARAS_2024-25_Odisha.pdf,86,5.13,Potato,potato,22,Mayurbhanja,0,Autumn,yield_rate,qtl/ha,-,,dash
2024-25,..\raw\earas\2024-25\Technical_Report_EARAS_2024-25_Odisha.pdf,86,5.13,Potato,potato,22,Mayurbhanja,0,Autumn,production,qtl,-,,dash
2024-25,..\raw\earas\2024-25\Technical_Report_EARAS_2024-25_Odisha.pdf,86,5.13,Potato,potato,22,Mayurbhanja,0,Winter,area,ha,423,423,ok
2024-25,..\raw\earas\2024-25\Technical_Report_EARAS_2024-25_Odisha.pdf,86,5.13,Potato,potato,22,Mayurbhanja,0,Winter,yield_rate,qtl/ha,106.42,106.42,ok
2024-25,..\raw\earas\2024-25\Technical_Report_EARAS_2024-25_Odisha.pdf,86,5.13,Potato,potato,22,Mayurbhanja,0,Winter,production,qtl,45016,45016,ok
2024-25,..\raw\earas\2024-25\Technical_Report_EARAS_2024-25_Odisha.pdf,86,5.13,Potato,potato,22,Mayurbhanja,0,Summer,area,ha,-,,dash
2024-25,..\raw\earas\2024-25\Technical_Report_EARAS_2024-25_Odisha.pdf,86,5.13,Potato,potato,22,Mayurbhanja,0,Summer,yield_rate,qtl/ha,-,,dash
2024-25,..\raw\earas\2024-25\Technical_Report_EARAS_2024-25_Odisha.pdf,86,5.13,Potato,potato,22,Mayurbhanja,0,Summer,production,qtl,-,,dash
2024-25,..\raw\earas\2024-25\Technical_Report_EARAS_2024-25_Odisha.pdf,86,5.13,Potato,potato,22,Mayurbhanja,0,Total,area,ha,423,423,ok
2024-25,..\raw\earas\2024-25\Technical_Report_EARAS_2024-25_Odisha.pdf,86,5.13,Potato,potato,22,Mayurbhanja,0,Total,yield_rate,qtl/ha,106.42,106.42,ok
2024-25,..\raw\earas\2024-25\Technical_Report_EARAS_2024-25_Odisha.pdf,86,5.13,Potato,potato,22,Mayurbhanja,0,Total,production,qtl,45016,45016,ok
2024-25,..\raw\earas\2024-25\Technical_Report_EARAS_2024-25_Odisha.pdf,86,5.13,Potato,potato,23,Nuapada,0,Autumn,area,ha,-,,dash
2024-25,..\raw\earas\2024-25\Technical_Report_EARAS_2024-25_Odisha.pdf,86,5.13,Potato,potato,23,Nuapada,0,Autumn,yield_rate,qtl/ha,-,,dash
2024-25,..\raw\earas\2024-25\Technical_Report_EARAS_2024-25_Odisha.pdf,86,5.13,Potato,potato,23,Nuapada,0,Autumn,production,qtl,-,,dash
2024-25,..\raw\earas\2024-25\Technical_Report_EARAS_2024-25_Odisha.pdf,86,5.13,Potato,potato,23,Nuapada,0,Winter,area,ha,350,350,ok
2024-25,..\raw\earas\2024-25\Technical_Report_EARAS_2024-25_Odisha.pdf,86,5.13,Potato,potato,23,Nuapada,0,Winter,yield_rate,qtl/ha,43.51,43.51,ok
2024-25,..\raw\earas\2024-25\Technical_Report_EARAS_2024-25_Odisha.pdf,86,5.13,Potato,potato,23,Nuapada,0,Winter,production,qtl,15229,15229,ok
2024-25,..\raw\earas\2024-25\Technical_Report_EARAS_2024-25_Odisha.pdf,86,5.13,Potato,potato,23,Nuapada,0,Summer,area,ha,-,,dash
2024-25,..\raw\earas\2024-25\Technical_Report_EARAS_2024-25_Odisha.pdf,86,5.13,Potato,potato,23,Nuapada,0,Summer,yield_rate,qtl/ha,-,,dash
2024-25,..\raw\earas\2024-25\Technical_Report_EARAS_2024-25_Odisha.pdf,86,5.13,Potato,potato,23,Nuapada,0,Summer,production,qtl,-,,dash
2024-25,..\raw\earas\2024-25\Technical_Report_EARAS_2024-25_Odisha.pdf,86,5.13,Potato,potato,23,Nuapada,0,Total,area,ha,350,350,ok
2024-25,..\raw\earas\2024-25\Technical_Report_EARAS_2024-25_Odisha.pdf,86,5.13,Potato,potato,23,Nuapada,0,Total,yield_rate,qtl/ha,43.51,43.51,ok
2024-25,..\raw\earas\2024-25\Technical_Report_EARAS_2024-25_Odisha.pdf,86,5.13,Potato,potato,23,Nuapada,0,Total,production,qtl,15229,15229,ok
2024-25,..\raw\earas\2024-25\Technical_Report_EARAS_2024-25_Odisha.pdf,86,5.13,Potato,potato,24,Nayagada,0,Autumn,area,ha,-,,dash
2024-25,..\raw\earas\2024-25\Technical_Report_EARAS_2024-25_Odisha.pdf,86,5.13,Potato,potato,24,Nayagada,0,Autumn,yield_rate,qtl/ha,-,,dash
2024-25,..\raw\earas\2024-25\Technical_Report_EARAS_2024-25_Odisha.pdf,86,5.13,Potato,potato,24,Nayagada,0,Autumn,production,qtl,-,,dash
2024-25,..\raw\earas\2024-25\Technical_Report_EARAS_2024-25_Odisha.pdf,86,5.13,Potato,potato,24,Nayagada,0,Winter,area,ha,63,63,ok
2024-25,..\raw\earas\2024-25\Technical_Report_EARAS_2024-25_Odisha.pdf,86,5.13,Potato,potato,24,Nayagada,0,Winter,yield_rate,qtl/ha,108.69,108.69,ok
2024-25,..\raw\earas\2024-25\Technical_Report_EARAS_2024-25_Odisha.pdf,86,5.13,Potato,potato,24,Nayagada,0,Winter,production,qtl,6847,6847,ok
2024-25,..\raw\earas\2024-25\Technical_Report_EARAS_2024-25_Odisha.pdf,86,5.13,Potato,potato,24,Nayagada,0,Summer,area,ha,-,,dash
2024-25,..\raw\earas\2024-25\Technical_Report_EARAS_2024-25_Odisha.pdf,86,5.13,Potato,potato,24,Nayagada,0,Summer,yield_rate,qtl/ha,-,,dash
2024-25,..\raw\earas\2024-25\Technical_Report_EARAS_2024-25_Odisha.pdf,86,5.13,Potato,potato,24,Nayagada,0,Summer,production,qtl,-,,dash
2024-25,..\raw\earas\2024-25\Technical_Report_EARAS_2024-25_Odisha.pdf,86,5.13,Potato,potato,24,Nayagada,0,Total,area,ha,63,63,ok
2024-25,..\raw\earas\2024-25\Technical_Report_EARAS_2024-25_Odisha.pdf,86,5.13,Potato,potato,24,Nayagada,0,Total,yield_rate,qtl/ha,108.69,108.69,ok
2024-25,..\raw\earas\2024-25\Technical_Report_EARAS_2024-25_Odisha.pdf,86,5.13,Potato,potato,24,Nayagada,0,Total,production,qtl,6847,6847,ok
2024-25,..\raw\earas\2024-25\Technical_Report_EARAS_2024-25_Odisha.pdf,86,5.13,Potato,potato,25,Nawarangpur,0,Autumn,area,ha,-,,dash
2024-25,..\raw\earas\2024-25\Technical_Report_EARAS_2024-25_Odisha.pdf,86,5.13,Potato,potato,25,Nawarangpur,0,Autumn,yield_rate,qtl/ha,-,,dash
2024-25,..\raw\earas\2024-25\Technical_Report_EARAS_2024-25_Odisha.pdf,86,5.13,Potato,potato,25,Nawarangpur,0,Autumn,production,qtl,-,,dash
2024-25,..\raw\earas\2024-25\Technical_Report_EARAS_2024-25_Odisha.pdf,86,5.13,Potato,potato,25,Nawarangpur,0,Winter,area,ha,244,244,ok
2024-25,..\raw\earas\2024-25\Technical_Report_EARAS_2024-25_Odisha.pdf,86,5.13,Potato,potato,25,Nawarangpur,0,Winter,yield_rate,qtl/ha,85.54,85.54,ok
2024-25,..\raw\earas\2024-25\Technical_Report_EARAS_2024-25_Odisha.pdf,86,5.13,Potato,potato,25,Nawarangpur,0,Winter,production,qtl,20872,20872,ok
2024-25,..\raw\earas\2024-25\Technical_Report_EARAS_2024-25_Odisha.pdf,86,5.13,Potato,potato,25,Nawarangpur,0,Summer,area,ha,-,,dash
2024-25,..\raw\earas\2024-25\Technical_Report_EARAS_2024-25_Odisha.pdf,86,5.13,Potato,potato,25,Nawarangpur,0,Summer,yield_rate,qtl/ha,-,,dash
2024-25,..\raw\earas\2024-25\Technical_Report_EARAS_2024-25_Odisha.pdf,86,5.13,Potato,potato,25,Nawarangpur,0,Summer,production,qtl,-,,dash
2024-25,..\raw\earas\2024-25\Technical_Report_EARAS_2024-25_Odisha.pdf,86,5.13,Potato,potato,25,Nawarangpur,0,Total,area,ha,244,244,ok
2024-25,..\raw\earas\2024-25\Technical_Report_EARAS_2024-25_Odisha.pdf,86,5.13,Potato,potato,25,Nawarangpur,0,Total,yield_rate,qtl/ha,85.54,85.54,ok
2024-25,..\raw\earas\2024-25\Technical_Report_EARAS_2024-25_Odisha.pdf,86,5.13,Potato,potato,25,Nawarangpur,0,Total,production,qtl,20872,20872,ok
2024-25,..\raw\earas\2024-25\Technical_Report_EARAS_2024-25_Odisha.pdf,86,5.13,Potato,potato,26,Puri,0,Autumn,area,ha,-,,dash
2024-25,..\raw\earas\2024-25\Technical_Report_EARAS_2024-25_Odisha.pdf,86,5.13,Potato,potato,26,Puri,0,Autumn,yield_rate,qtl/ha,-,,dash
2024-25,..\raw\earas\2024-25\Technical_Report_EARAS_2024-25_Odisha.pdf,86,5.13,Potato,potato,26,Puri,0,Autumn,production,qtl,-,,dash
2024-25,..\raw\earas\2024-25\Technical_Report_EARAS_2024-25_Odisha.pdf,86,5.13,Potato,potato,26,Puri,0,Winter,area,ha,146,146,ok
2024-25,..\raw\earas\2024-25\Technical_Report_EARAS_2024-25_Odisha.pdf,86,5.13,Potato,potato,26,Puri,0,Winter,yield_rate,qtl/ha,115.06,115.06,ok
2024-25,..\raw\earas\2024-25\Technical_Report_EARAS_2024-25_Odisha.pdf,86,5.13,Potato,potato,26,Puri,0,Winter,production,qtl,16799,16799,ok
2024-25,..\raw\earas\2024-25\Technical_Report_EARAS_2024-25_Odisha.pdf,86,5.13,Potato,potato,26,Puri,0,Summer,area,ha,-,,dash
2024-25,..\raw\earas\2024-25\Technical_Report_EARAS_2024-25_Odisha.pdf,86,5.13,Potato,potato,26,Puri,0,Summer,yield_rate,qtl/ha,-,,dash
2024-25,..\raw\earas\2024-25\Technical_Report_EARAS_2024-25_Odisha.pdf,86,5.13,Potato,potato,26,Puri,0,Summer,production,qtl,-,,dash
2024-25,..\raw\earas\2024-25\Technical_Report_EARAS_2024-25_Odisha.pdf,86,5.13,Potato,potato,26,Puri,0,Total,area,ha,146,146,ok
2024-25,..\raw\earas\2024-25\Technical_Report_EARAS_2024-25_Odisha.pdf,86,5.13,Potato,potato,26,Puri,0,Total,yield_rate,qtl/ha,115.06,115.06,ok
2024-25,..\raw\earas\2024-25\Technical_Report_EARAS_2024-25_Odisha.pdf,86,5.13,Potato,potato,26,Puri,0,Total,production,qtl,16799,16799,ok
2024-25,..\raw\earas\2024-25\Technical_Report_EARAS_2024-25_Odisha.pdf,86,5.13,Potato,potato,27,Raygada,0,Autumn,area,ha,-,,dash
2024-25,..\raw\earas\2024-25\Technical_Report_EARAS_2024-25_Odisha.pdf,86,5.13,Potato,potato,27,Raygada,0,Autumn,yield_rate,qtl/ha,-,,dash
2024-25,..\raw\earas\2024-25\Technical_Report_EARAS_2024-25_Odisha.pdf,86,5.13,Potato,potato,27,Raygada,0,Autumn,production,qtl,-,,dash
2024-25,..\raw\earas\2024-25\Technical_Report_EARAS_2024-25_Odisha.pdf,86,5.13,Potato,potato,27,Raygada,0,Winter,area,ha,101,101,ok
2024-25,..\raw\earas\2024-25\Technical_Report_EARAS_2024-25_Odisha.pdf,86,5.13,Potato,potato,27,Raygada,0,Winter,yield_rate,qtl/ha,139.02,139.02,ok
2024-25,..\raw\earas\2024-25\Technical_Report_EARAS_2024-25_Odisha.pdf,86,5.13,Potato,potato,27,Raygada,0,Winter,production,qtl,14041,14041,ok
2024-25,..\raw\earas\2024-25\Technical_Report_EARAS_2024-25_Odisha.pdf,86,5.13,Potato,potato,27,Raygada,0,Summer,area,ha,-,,dash
2024-25,..\raw\earas\2024-25\Technical_Report_EARAS_2024-25_Odisha.pdf,86,5.13,Potato,potato,27,Raygada,0,Summer,yield_rate,qtl/ha,-,,dash
2024-25,..\raw\earas\2024-25\Technical_Report_EARAS_2024-25_Odisha.pdf,86,5.13,Potato,potato,27,Raygada,0,Summer,production,qtl,-,,dash
2024-25,..\raw\earas\2024-25\Technical_Report_EARAS_2024-25_Odisha.pdf,86,5.13,Potato,potato,27,Raygada,0,Total,area,ha,101,101,ok
2024-25,..\raw\earas\2024-25\Technical_Report_EARAS_2024-25_Odisha.pdf,86,5.13,Potato,potato,27,Raygada,0,Total,yield_rate,qtl/ha,139.02,139.02,ok
2024-25,..\raw\earas\2024-25\Technical_Report_EARAS_2024-25_Odisha.pdf,86,5.13,Potato,potato,27,Raygada,0,Total,production,qtl,14041,14041,ok
2024-25,..\raw\earas\2024-25\Technical_Report_EARAS_2024-25_Odisha.pdf,86,5.13,Potato,potato,28,Sambalpur,0,Autumn,area,ha,-,,dash
2024-25,..\raw\earas\2024-25\Technical_Report_EARAS_2024-25_Odisha.pdf,86,5.13,Potato,potato,28,Sambalpur,0,Autumn,yield_rate,qtl/ha,-,,dash
2024-25,..\raw\earas\2024-25\Technical_Report_EARAS_2024-25_Odisha.pdf,86,5.13,Potato,potato,28,Sambalpur,0,Autumn,production,qtl,-,,dash
2024-25,..\raw\earas\2024-25\Technical_Report_EARAS_2024-25_Odisha.pdf,86,5.13,Potato,potato,28,Sambalpur,0,Winter,area,ha,1107,1107,ok
2024-25,..\raw\earas\2024-25\Technical_Report_EARAS_2024-25_Odisha.pdf,86,5.13,Potato,potato,28,Sambalpur,0,Winter,yield_rate,qtl/ha,89.83,89.83,ok
2024-25,..\raw\earas\2024-25\Technical_Report_EARAS_2024-25_Odisha.pdf,86,5.13,Potato,potato,28,Sambalpur,0,Winter,production,qtl,99442,99442,ok
2024-25,..\raw\earas\2024-25\Technical_Report_EARAS_2024-25_Odisha.pdf,86,5.13,Potato,potato,28,Sambalpur,0,Summer,area,ha,-,,dash
2024-25,..\raw\earas\2024-25\Technical_Report_EARAS_2024-25_Odisha.pdf,86,5.13,Potato,potato,28,Sambalpur,0,Summer,yield_rate,qtl/ha,-,,dash
2024-25,..\raw\earas\2024-25\Technical_Report_EARAS_2024-25_Odisha.pdf,86,5.13,Potato,potato,28,Sambalpur,0,Summer,production,qtl,-,,dash
2024-25,..\raw\earas\2024-25\Technical_Report_EARAS_2024-25_Odisha.pdf,86,5.13,Potato,potato,28,Sambalpur,0,Total,area,ha,1107,1107,ok
2024-25,..\raw\earas\2024-25\Technical_Report_EARAS_2024-25_Odisha.pdf,86,5.13,Potato,potato,28,Sambalpur,0,Total,yield_rate,qtl/ha,89.83,89.83,ok
2024-25,..\raw\earas\2024-25\Technical_Report_EARAS_2024-25_Odisha.pdf,86,5.13,Potato,potato,28,Sambalpur,0,Total,production,qtl,99442,99442,ok
2024-25,..\raw\earas\2024-25\Technical_Report_EARAS_2024-25_Odisha.pdf,86,5.13,Potato,potato,29,Subarnapur,0,Autumn,area,ha,-,,dash
2024-25,..\raw\earas\2024-25\Technical_Report_EARAS_2024-25_Odisha.pdf,86,5.13,Potato,potato,29,Subarnapur,0,Autumn,yield_rate,qtl/ha,-,,dash
2024-25,..\raw\earas\2024-25\Technical_Report_EARAS_2024-25_Odisha.pdf,86,5.13,Potato,potato,29,Subarnapur,0,Autumn,production,qtl,-,,dash
2024-25,..\raw\earas\2024-25\Technical_Report_EARAS_2024-25_Odisha.pdf,86,5.13,Potato,potato,29,Subarnapur,0,Winter,area,ha,14,14,ok
2024-25,..\raw\earas\2024-25\Technical_Report_EARAS_2024-25_Odisha.pdf,86,5.13,Potato,potato,29,Subarnapur,0,Winter,yield_rate,qtl/ha,63.86,63.86,ok
2024-25,..\raw\earas\2024-25\Technical_Report_EARAS_2024-25_Odisha.pdf,86,5.13,Potato,potato,29,Subarnapur,0,Winter,production,qtl,894,894,ok
2024-25,..\raw\earas\2024-25\Technical_Report_EARAS_2024-25_Odisha.pdf,86,5.13,Potato,potato,29,Subarnapur,0,Summer,area,ha,-,,dash
2024-25,..\raw\earas\2024-25\Technical_Report_EARAS_2024-25_Odisha.pdf,86,5.13,Potato,potato,29,Subarnapur,0,Summer,yield_rate,qtl/ha,-,,dash
2024-25,..\raw\earas\2024-25\Technical_Report_EARAS_2024-25_Odisha.pdf,86,5.13,Potato,potato,29,Subarnapur,0,Summer,production,qtl,-,,dash
2024-25,..\raw\earas\2024-25\Technical_Report_EARAS_2024-25_Odisha.pdf,86,5.13,Potato,potato,29,Subarnapur,0,Total,area,ha,14,14,ok
2024-25,..\raw\earas\2024-25\Technical_Report_EARAS_2024-25_Odisha.pdf,86,5.13,Potato,potato,29,Subarnapur,0,Total,yield_rate,qtl/ha,63.86,63.86,ok
2024-25,..\raw\earas\2024-25\Technical_Report_EARAS_2024-25_Odisha.pdf,86,5.13,Potato,potato,29,Subarnapur,0,Total,production,qtl,894,894,ok
2024-25,..\raw\earas\2024-25\Technical_Report_EARAS_2024-25_Odisha.pdf,86,5.13,Potato,potato,30,Sundargarh,0,Autumn,area,ha,-,,dash
2024-25,..\raw\earas\2024-25\Technical_Report_EARAS_2024-25_Odisha.pdf,86,5.13,Potato,potato,30,Sundargarh,0,Autumn,yield_rate,qtl/ha,-,,dash
2024-25,..\raw\earas\2024-25\Technical_Report_EARAS_2024-25_Odisha.pdf,86,5.13,Potato,potato,30,Sundargarh,0,Autumn,production,qtl,-,,dash
2024-25,..\raw\earas\2024-25\Technical_Report_EARAS_2024-25_Odisha.pdf,86,5.13,Potato,potato,30,Sundargarh,0,Winter,area,ha,1891,1891,ok
2024-25,..\raw\earas\2024-25\Technical_Report_EARAS_2024-25_Odisha.pdf,86,5.13,Potato,potato,30,Sundargarh,0,Winter,yield_rate,qtl/ha,88.92,88.92,ok
2024-25,..\raw\earas\2024-25\Technical_Report_EARAS_2024-25_Odisha.pdf,86,5.13,Potato,potato,30,Sundargarh,0,Winter,production,qtl,168148,168148,ok
2024-25,..\raw\earas\2024-25\Technical_Report_EARAS_2024-25_Odisha.pdf,86,5.13,Potato,potato,30,Sundargarh,0,Summer,area,ha,-,,dash
2024-25,..\raw\earas\2024-25\Technical_Report_EARAS_2024-25_Odisha.pdf,86,5.13,Potato,potato,30,Sundargarh,0,Summer,yield_rate,qtl/ha,-,,dash
2024-25,..\raw\earas\2024-25\Technical_Report_EARAS_2024-25_Odisha.pdf,86,5.13,Potato,potato,30,Sundargarh,0,Summer,production,qtl,-,,dash
2024-25,..\raw\earas\2024-25\Technical_Report_EARAS_2024-25_Odisha.pdf,86,5.13,Potato,potato,30,Sundargarh,0,Total,area,ha,1891,1891,ok
2024-25,..\raw\earas\2024-25\Technical_Report_EARAS_2024-25_Odisha.pdf,86,5.13,Potato,potato,30,Sundargarh,0,Total,yield_rate,qtl/ha,88.92,88.92,ok
2024-25,..\raw\earas\2024-25\Technical_Report_EARAS_2024-25_Odisha.pdf,86,5.13,Potato,potato,30,Sundargarh,0,Total,production,qtl,168148,168148,ok
2024-25,..\raw\earas\2024-25\Technical_Report_EARAS_2024-25_Odisha.pdf,86,5.13,Potato,potato,,STATE,1,Autumn,area,ha,-,,dash
2024-25,..\raw\earas\2024-25\Technical_Report_EARAS_2024-25_Odisha.pdf,86,5.13,Potato,potato,,STATE,1,Autumn,yield_rate,qtl/ha,-,,dash
2024-25,..\raw\earas\2024-25\Technical_Report_EARAS_2024-25_Odisha.pdf,86,5.13,Potato,potato,,STATE,1,Autumn,production,qtl,-,,dash
2024-25,..\raw\earas\2024-25\Technical_Report_EARAS_2024-25_Odisha.pdf,86,5.13,Potato,potato,,STATE,1,Winter,area,ha,11583,11583,ok
2024-25,..\raw\earas\2024-25\Technical_Report_EARAS_2024-25_Odisha.pdf,86,5.13,Potato,potato,,STATE,1,Winter,yield_rate,qtl/ha,106.16,106.16,ok
2024-25,..\raw\earas\2024-25\Technical_Report_EARAS_2024-25_Odisha.pdf,86,5.13,Potato,potato,,STATE,1,Winter,production,qtl,1229686,1229686,ok
2024-25,..\raw\earas\2024-25\Technical_Report_EARAS_2024-25_Odisha.pdf,86,5.13,Potato,potato,,STATE,1,Summer,area,ha,-,,dash
2024-25,..\raw\earas\2024-25\Technical_Report_EARAS_2024-25_Odisha.pdf,86,5.13,Potato,potato,,STATE,1,Summer,yield_rate,qtl/ha,-,,dash
2024-25,..\raw\earas\2024-25\Technical_Report_EARAS_2024-25_Odisha.pdf,86,5.13,Potato,potato,,STATE,1,Summer,production,qtl,-,,dash
2024-25,..\raw\earas\2024-25\Technical_Report_EARAS_2024-25_Odisha.pdf,86,5.13,Potato,potato,,STATE,1,Total,area,ha,11583,11583,ok
2024-25,..\raw\earas\2024-25\Technical_Report_EARAS_2024-25_Odisha.pdf,86,5.13,Potato,potato,,STATE,1,Total,yield_rate,qtl/ha,106.16,106.16,ok
2024-25,..\raw\earas\2024-25\Technical_Report_EARAS_2024-25_Odisha.pdf,86,5.13,Potato,potato,,STATE,1,Total,production,qtl,1229686,1229686,ok
2024-25,..\raw\earas\2024-25\Technical_Report_EARAS_2024-25_Odisha.pdf,87,5.14,Sugarcane,sugarcane,1,Angul,0,Autumn,area,ha,-,,dash
2024-25,..\raw\earas\2024-25\Technical_Report_EARAS_2024-25_Odisha.pdf,87,5.14,Sugarcane,sugarcane,1,Angul,0,Autumn,yield_rate,qtl/ha,-,,dash
2024-25,..\raw\earas\2024-25\Technical_Report_EARAS_2024-25_Odisha.pdf,87,5.14,Sugarcane,sugarcane,1,Angul,0,Autumn,production,qtl,-,,dash
2024-25,..\raw\earas\2024-25\Technical_Report_EARAS_2024-25_Odisha.pdf,87,5.14,Sugarcane,sugarcane,1,Angul,0,Winter,area,ha,19,19,ok
2024-25,..\raw\earas\2024-25\Technical_Report_EARAS_2024-25_Odisha.pdf,87,5.14,Sugarcane,sugarcane,1,Angul,0,Winter,yield_rate,qtl/ha,609.33,609.33,ok
2024-25,..\raw\earas\2024-25\Technical_Report_EARAS_2024-25_Odisha.pdf,87,5.14,Sugarcane,sugarcane,1,Angul,0,Winter,production,qtl,11577,11577,ok
2024-25,..\raw\earas\2024-25\Technical_Report_EARAS_2024-25_Odisha.pdf,87,5.14,Sugarcane,sugarcane,1,Angul,0,Summer,area,ha,-,,dash
2024-25,..\raw\earas\2024-25\Technical_Report_EARAS_2024-25_Odisha.pdf,87,5.14,Sugarcane,sugarcane,1,Angul,0,Summer,yield_rate,qtl/ha,-,,dash
2024-25,..\raw\earas\2024-25\Technical_Report_EARAS_2024-25_Odisha.pdf,87,5.14,Sugarcane,sugarcane,1,Angul,0,Summer,production,qtl,-,,dash
2024-25,..\raw\earas\2024-25\Technical_Report_EARAS_2024-25_Odisha.pdf,87,5.14,Sugarcane,sugarcane,1,Angul,0,Total,area,ha,19,19,ok
2024-25,..\raw\earas\2024-25\Technical_Report_EARAS_2024-25_Odisha.pdf,87,5.14,Sugarcane,sugarcane,1,Angul,0,Total,yield_rate,qtl/ha,609.33,609.33,ok
2024-25,..\raw\earas\2024-25\Technical_Report_EARAS_2024-25_Odisha.pdf,87,5.14,Sugarcane,sugarcane,1,Angul,0,Total,production,qtl,11577,11577,ok
2024-25,..\raw\earas\2024-25\Technical_Report_EARAS_2024-25_Odisha.pdf,87,5.14,Sugarcane,sugarcane,2,Balangir,0,Autumn,area,ha,-,,dash
2024-25,..\raw\earas\2024-25\Technical_Report_EARAS_2024-25_Odisha.pdf,87,5.14,Sugarcane,sugarcane,2,Balangir,0,Autumn,yield_rate,qtl/ha,-,,dash
2024-25,..\raw\earas\2024-25\Technical_Report_EARAS_2024-25_Odisha.pdf,87,5.14,Sugarcane,sugarcane,2,Balangir,0,Autumn,production,qtl,-,,dash
2024-25,..\raw\earas\2024-25\Technical_Report_EARAS_2024-25_Odisha.pdf,87,5.14,Sugarcane,sugarcane,2,Balangir,0,Winter,area,ha,25,25,ok
2024-25,..\raw\earas\2024-25\Technical_Report_EARAS_2024-25_Odisha.pdf,87,5.14,Sugarcane,sugarcane,2,Balangir,0,Winter,yield_rate,qtl/ha,744.67,744.67,ok
2024-25,..\raw\earas\2024-25\Technical_Report_EARAS_2024-25_Odisha.pdf,87,5.14,Sugarcane,sugarcane,2,Balangir,0,Winter,production,qtl,18617,18617,ok
2024-25,..\raw\earas\2024-25\Technical_Report_EARAS_2024-25_Odisha.pdf,87,5.14,Sugarcane,sugarcane,2,Balangir,0,Summer,area,ha,-,,dash
2024-25,..\raw\earas\2024-25\Technical_Report_EARAS_2024-25_Odisha.pdf,87,5.14,Sugarcane,sugarcane,2,Balangir,0,Summer,yield_rate,qtl/ha,-,,dash
2024-25,..\raw\earas\2024-25\Technical_Report_EARAS_2024-25_Odisha.pdf,87,5.14,Sugarcane,sugarcane,2,Balangir,0,Summer,production,qtl,-,,dash
2024-25,..\raw\earas\2024-25\Technical_Report_EARAS_2024-25_Odisha.pdf,87,5.14,Sugarcane,sugarcane,2,Balangir,0,Total,area,ha,25,25,ok
2024-25,..\raw\earas\2024-25\Technical_Report_EARAS_2024-25_Odisha.pdf,87,5.14,Sugarcane,sugarcane,2,Balangir,0,Total,yield_rate,qtl/ha,744.67,744.67,ok
2024-25,..\raw\earas\2024-25\Technical_Report_EARAS_2024-25_Odisha.pdf,87,5.14,Sugarcane,sugarcane,2,Balangir,0,Total,production,qtl,18617,18617,ok
2024-25,..\raw\earas\2024-25\Technical_Report_EARAS_2024-25_Odisha.pdf,87,5.14,Sugarcane,sugarcane,3,Balasore,0,Autumn,area,ha,-,,dash
2024-25,..\raw\earas\2024-25\Technical_Report_EARAS_2024-25_Odisha.pdf,87,5.14,Sugarcane,sugarcane,3,Balasore,0,Autumn,yield_rate,qtl/ha,-,,dash
2024-25,..\raw\earas\2024-25\Technical_Report_EARAS_2024-25_Odisha.pdf,87,5.14,Sugarcane,sugarcane,3,Balasore,0,Autumn,production,qtl,-,,dash
2024-25,..\raw\earas\2024-25\Technical_Report_EARAS_2024-25_Odisha.pdf,87,5.14,Sugarcane,sugarcane,3,Balasore,0,Winter,area,ha,411,411,ok
2024-25,..\raw\earas\2024-25\Technical_Report_EARAS_2024-25_Odisha.pdf,87,5.14,Sugarcane,sugarcane,3,Balasore,0,Winter,yield_rate,qtl/ha,445.33,445.33,ok
2024-25,..\raw\earas\2024-25\Technical_Report_EARAS_2024-25_Odisha.pdf,87,5.14,Sugarcane,sugarcane,3,Balasore,0,Winter,production,qtl,183031,183031,ok
2024-25,..\raw\earas\2024-25\Technical_Report_EARAS_2024-25_Odisha.pdf,87,5.14,Sugarcane,sugarcane,3,Balasore,0,Summer,area,ha,-,,dash
2024-25,..\raw\earas\2024-25\Technical_Report_EARAS_2024-25_Odisha.pdf,87,5.14,Sugarcane,sugarcane,3,Balasore,0,Summer,yield_rate,qtl/ha,-,,dash
2024-25,..\raw\earas\2024-25\Technical_Report_EARAS_2024-25_Odisha.pdf,87,5.14,Sugarcane,sugarcane,3,Balasore,0,Summer,production,qtl,-,,dash
2024-25,..\raw\earas\2024-25\Technical_Report_EARAS_2024-25_Odisha.pdf,87,5.14,Sugarcane,sugarcane,3,Balasore,0,Total,area,ha,411,411,ok
2024-25,..\raw\earas\2024-25\Technical_Report_EARAS_2024-25_Odisha.pdf,87,5.14,Sugarcane,sugarcane,3,Balasore,0,Total,yield_rate,qtl/ha,445.33,445.33,ok
2024-25,..\raw\earas\2024-25\Technical_Report_EARAS_2024-25_Odisha.pdf,87,5.14,Sugarcane,sugarcane,3,Balasore,0,Total,production,qtl,183031,183031,ok
2024-25,..\raw\earas\2024-25\Technical_Report_EARAS_2024-25_Odisha.pdf,87,5.14,Sugarcane,sugarcane,4,Bargarh,0,Autumn,area,ha,-,,dash
2024-25,..\raw\earas\2024-25\Technical_Report_EARAS_2024-25_Odisha.pdf,87,5.14,Sugarcane,sugarcane,4,Bargarh,0,Autumn,yield_rate,qtl/ha,-,,dash
2024-25,..\raw\earas\2024-25\Technical_Report_EARAS_2024-25_Odisha.pdf,87,5.14,Sugarcane,sugarcane,4,Bargarh,0,Autumn,production,qtl,-,,dash
2024-25,..\raw\earas\2024-25\Technical_Report_EARAS_2024-25_Odisha.pdf,87,5.14,Sugarcane,sugarcane,4,Bargarh,0,Winter,area,ha,158,158,ok
2024-25,..\raw\earas\2024-25\Technical_Report_EARAS_2024-25_Odisha.pdf,87,5.14,Sugarcane,sugarcane,4,Bargarh,0,Winter,yield_rate,qtl/ha,664.57,664.57,ok
2024-25,..\raw\earas\2024-25\Technical_Report_EARAS_2024-25_Odisha.pdf,87,5.14,Sugarcane,sugarcane,4,Bargarh,0,Winter,production,qtl,105002,105002,ok
2024-25,..\raw\earas\2024-25\Technical_Report_EARAS_2024-25_Odisha.pdf,87,5.14,Sugarcane,sugarcane,4,Bargarh,0,Summer,area,ha,-,,dash
2024-25,..\raw\earas\2024-25\Technical_Report_EARAS_2024-25_Odisha.pdf,87,5.14,Sugarcane,sugarcane,4,Bargarh,0,Summer,yield_rate,qtl/ha,-,,dash
2024-25,..\raw\earas\2024-25\Technical_Report_EARAS_2024-25_Odisha.pdf,87,5.14,Sugarcane,sugarcane,4,Bargarh,0,Summer,production,qtl,-,,dash
2024-25,..\raw\earas\2024-25\Technical_Report_EARAS_2024-25_Odisha.pdf,87,5.14,Sugarcane,sugarcane,4,Bargarh,0,Total,area,ha,158,158,ok
2024-25,..\raw\earas\2024-25\Technical_Report_EARAS_2024-25_Odisha.pdf,87,5.14,Sugarcane,sugarcane,4,Bargarh,0,Total,yield_rate,qtl/ha,664.57,664.57,ok
2024-25,..\raw\earas\2024-25\Technical_Report_EARAS_2024-25_Odisha.pdf,87,5.14,Sugarcane,sugarcane,4,Bargarh,0,Total,production,qtl,105002,105002,ok
2024-25,..\raw\earas\2024-25\Technical_Report_EARAS_2024-25_Odisha.pdf,87,5.14,Sugarcane,sugarcane,5,Bhadrak,0,Autumn,area,ha,-,,dash
2024-25,..\raw\earas\2024-25\Technical_Report_EARAS_2024-25_Odisha.pdf,87,5.14,Sugarcane,sugarcane,5,Bhadrak,0,Autumn,yield_rate,qtl/ha,-,,dash
2024-25,..\raw\earas\2024-25\Technical_Report_EARAS_2024-25_Odisha.pdf,87,5.14,Sugarcane,sugarcane,5,Bhadrak,0,Autumn,production,qtl,-,,dash
2024-25,..\raw\earas\2024-25\Technical_Report_EARAS_2024-25_Odisha.pdf,87,5.14,Sugarcane,sugarcane,5,Bhadrak,0,Winter,area,ha,64,64,ok
2024-25,..\raw\earas\2024-25\Technical_Report_EARAS_2024-25_Odisha.pdf,87,5.14,Sugarcane,sugarcane,5,Bhadrak,0,Winter,yield_rate,qtl/ha,333.33,333.33,ok
2024-25,..\raw\earas\2024-25\Technical_Report_EARAS_2024-25_Odisha.pdf,87,5.14,Sugarcane,sugarcane,5,Bhadrak,0,Winter,production,qtl,21333,21333,ok
2024-25,..\raw\earas\2024-25\Technical_Report_EARAS_2024-25_Odisha.pdf,87,5.14,Sugarcane,sugarcane,5,Bhadrak,0,Summer,area,ha,-,,dash
2024-25,..\raw\earas\2024-25\Technical_Report_EARAS_2024-25_Odisha.pdf,87,5.14,Sugarcane,sugarcane,5,Bhadrak,0,Summer,yield_rate,qtl/ha,-,,dash
2024-25,..\raw\earas\2024-25\Technical_Report_EARAS_2024-25_Odisha.pdf,87,5.14,Sugarcane,sugarcane,5,Bhadrak,0,Summer,production,qtl,-,,dash
2024-25,..\raw\earas\2024-25\Technical_Report_EARAS_2024-25_Odisha.pdf,87,5.14,Sugarcane,sugarcane,5,Bhadrak,0,Total,area,ha,64,64,ok
2024-25,..\raw\earas\2024-25\Technical_Report_EARAS_2024-25_Odisha.pdf,87,5.14,Sugarcane,sugarcane,5,Bhadrak,0,Total,yield_rate,qtl/ha,333.33,333.33,ok
2024-25,..\raw\earas\2024-25\Technical_Report_EARAS_2024-25_Odisha.pdf,87,5.14,Sugarcane,sugarcane,5,Bhadrak,0,Total,production,qtl,21333,21333,ok
2024-25,..\raw\earas\2024-25\Technical_Report_EARAS_2024-25_Odisha.pdf,87,5.14,Sugarcane,sugarcane,6,Boudh,0,Autumn,area,ha,-,,dash
2024-25,..\raw\earas\2024-25\Technical_Report_EARAS_2024-25_Odisha.pdf,87,5.14,Sugarcane,sugarcane,6,Boudh,0,Autumn,yield_rate,qtl/ha,-,,dash
2024-25,..\raw\earas\2024-25\Technical_Report_EARAS_2024-25_Odisha.pdf,87,5.14,Sugarcane,sugarcane,6,Boudh,0,Autumn,production,qtl,-,,dash
2024-25,..\raw\earas\2024-25\Technical_Report_EARAS_2024-25_Odisha.pdf,87,5.14,Sugarcane,sugarcane,6,Boudh,0,Winter,area,ha,-,,dash
2024-25,..\raw\earas\2024-25\Technical_Report_EARAS_2024-25_Odisha.pdf,87,5.14,Sugarcane,sugarcane,6,Boudh,0,Winter,yield_rate,qtl/ha,-,,dash
2024-25,..\raw\earas\2024-25\Technical_Report_EARAS_2024-25_Odisha.pdf,87,5.14,Sugarcane,sugarcane,6,Boudh,0,Winter,production,qtl,-,,dash
2024-25,..\raw\earas\2024-25\Technical_Report_EARAS_2024-25_Odisha.pdf,87,5.14,Sugarcane,sugarcane,6,Boudh,0,Summer,area,ha,-,,dash
2024-25,..\raw\earas\2024-25\Technical_Report_EARAS_2024-25_Odisha.pdf,87,5.14,Sugarcane,sugarcane,6,Boudh,0,Summer,yield_rate,qtl/ha,-,,dash
2024-25,..\raw\earas\2024-25\Technical_Report_EARAS_2024-25_Odisha.pdf,87,5.14,Sugarcane,sugarcane,6,Boudh,0,Summer,production,qtl,-,,dash
2024-25,..\raw\earas\2024-25\Technical_Report_EARAS_2024-25_Odisha.pdf,87,5.14,Sugarcane,sugarcane,6,Boudh,0,Total,area,ha,-,,dash
2024-25,..\raw\earas\2024-25\Technical_Report_EARAS_2024-25_Odisha.pdf,87,5.14,Sugarcane,sugarcane,6,Boudh,0,Total,yield_rate,qtl/ha,-,,dash
2024-25,..\raw\earas\2024-25\Technical_Report_EARAS_2024-25_Odisha.pdf,87,5.14,Sugarcane,sugarcane,6,Boudh,0,Total,production,qtl,-,,dash
2024-25,..\raw\earas\2024-25\Technical_Report_EARAS_2024-25_Odisha.pdf,87,5.14,Sugarcane,sugarcane,7,Cuttack,0,Autumn,area,ha,-,,dash
2024-25,..\raw\earas\2024-25\Technical_Report_EARAS_2024-25_Odisha.pdf,87,5.14,Sugarcane,sugarcane,7,Cuttack,0,Autumn,yield_rate,qtl/ha,-,,dash
2024-25,..\raw\earas\2024-25\Technical_Report_EARAS_2024-25_Odisha.pdf,87,5.14,Sugarcane,sugarcane,7,Cuttack,0,Autumn,production,qtl,-,,dash
2024-25,..\raw\earas\2024-25\Technical_Report_EARAS_2024-25_Odisha.pdf,87,5.14,Sugarcane,sugarcane,7,Cuttack,0,Winter,area,ha,225,225,ok
2024-25,..\raw\earas\2024-25\Technical_Report_EARAS_2024-25_Odisha.pdf,87,5.14,Sugarcane,sugarcane,7,Cuttack,0,Winter,yield_rate,qtl/ha,726.40,726.40,ok
2024-25,..\raw\earas\2024-25\Technical_Report_EARAS_2024-25_Odisha.pdf,87,5.14,Sugarcane,sugarcane,7,Cuttack,0,Winter,production,qtl,163440,163440,ok
2024-25,..\raw\earas\2024-25\Technical_Report_EARAS_2024-25_Odisha.pdf,87,5.14,Sugarcane,sugarcane,7,Cuttack,0,Summer,area,ha,-,,dash
2024-25,..\raw\earas\2024-25\Technical_Report_EARAS_2024-25_Odisha.pdf,87,5.14,Sugarcane,sugarcane,7,Cuttack,0,Summer,yield_rate,qtl/ha,-,,dash
2024-25,..\raw\earas\2024-25\Technical_Report_EARAS_2024-25_Odisha.pdf,87,5.14,Sugarcane,sugarcane,7,Cuttack,0,Summer,production,qtl,-,,dash
2024-25,..\raw\earas\2024-25\Technical_Report_EARAS_2024-25_Odisha.pdf,87,5.14,Sugarcane,sugarcane,7,Cuttack,0,Total,area,ha,225,225,ok
2024-25,..\raw\earas\2024-25\Technical_Report_EARAS_2024-25_Odisha.pdf,87,5.14,Sugarcane,sugarcane,7,Cuttack,0,Total,yield_rate,qtl/ha,726.40,726.40,ok
2024-25,..\raw\earas\2024-25\Technical_Report_EARAS_2024-25_Odisha.pdf,87,5.14,Sugarcane,sugarcane,7,Cuttack,0,Total,production,qtl,163440,163440,ok
2024-25,..\raw\earas\2024-25\Technical_Report_EARAS_2024-25_Odisha.pdf,87,5.14,Sugarcane,sugarcane,8,Deogarh,0,Autumn,area,ha,-,,dash
2024-25,..\raw\earas\2024-25\Technical_Report_EARAS_2024-25_Odisha.pdf,87,5.14,Sugarcane,sugarcane,8,Deogarh,0,Autumn,yield_rate,qtl/ha,-,,dash
2024-25,..\raw\earas\2024-25\Technical_Report_EARAS_2024-25_Odisha.pdf,87,5.14,Sugarcane,sugarcane,8,Deogarh,0,Autumn,production,qtl,-,,dash
2024-25,..\raw\earas\2024-25\Technical_Report_EARAS_2024-25_Odisha.pdf,87,5.14,Sugarcane,sugarcane,8,Deogarh,0,Winter,area,ha,-,,dash
2024-25,..\raw\earas\2024-25\Technical_Report_EARAS_2024-25_Odisha.pdf,87,5.14,Sugarcane,sugarcane,8,Deogarh,0,Winter,yield_rate,qtl/ha,-,,dash
2024-25,..\raw\earas\2024-25\Technical_Report_EARAS_2024-25_Odisha.pdf,87,5.14,Sugarcane,sugarcane,8,Deogarh,0,Winter,production,qtl,-,,dash
2024-25,..\raw\earas\2024-25\Technical_Report_EARAS_2024-25_Odisha.pdf,87,5.14,Sugarcane,sugarcane,8,Deogarh,0,Summer,area,ha,-,,dash
2024-25,..\raw\earas\2024-25\Technical_Report_EARAS_2024-25_Odisha.pdf,87,5.14,Sugarcane,sugarcane,8,Deogarh,0,Summer,yield_rate,qtl/ha,-,,dash
2024-25,..\raw\earas\2024-25\Technical_Report_EARAS_2024-25_Odisha.pdf,87,5.14,Sugarcane,sugarcane,8,Deogarh,0,Summer,production,qtl,-,,dash
2024-25,..\raw\earas\2024-25\Technical_Report_EARAS_2024-25_Odisha.pdf,87,5.14,Sugarcane,sugarcane,8,Deogarh,0,Total,area,ha,-,,dash
2024-25,..\raw\earas\2024-25\Technical_Report_EARAS_2024-25_Odisha.pdf,87,5.14,Sugarcane,sugarcane,8,Deogarh,0,Total,yield_rate,qtl/ha,-,,dash
2024-25,..\raw\earas\2024-25\Technical_Report_EARAS_2024-25_Odisha.pdf,87,5.14,Sugarcane,sugarcane,8,Deogarh,0,Total,production,qtl,-,,dash
2024-25,..\raw\earas\2024-25\Technical_Report_EARAS_2024-25_Odisha.pdf,87,5.14,Sugarcane,sugarcane,9,Dhenkanal,0,Autumn,area,ha,-,,dash
2024-25,..\raw\earas\2024-25\Technical_Report_EARAS_2024-25_Odisha.pdf,87,5.14,Sugarcane,sugarcane,9,Dhenkanal,0,Autumn,yield_rate,qtl/ha,-,,dash
2024-25,..\raw\earas\2024-25\Technical_Report_EARAS_2024-25_Odisha.pdf,87,5.14,Sugarcane,sugarcane,9,Dhenkanal,0,Autumn,production,qtl,-,,dash
2024-25,..\raw\earas\2024-25\Technical_Report_EARAS_2024-25_Odisha.pdf,87,5.14,Sugarcane,sugarcane,9,Dhenkanal,0,Winter,area,ha,574,574,ok
2024-25,..\raw\earas\2024-25\Technical_Report_EARAS_2024-25_Odisha.pdf,87,5.14,Sugarcane,sugarcane,9,Dhenkanal,0,Winter,yield_rate,qtl/ha,723.48,723.48,ok
2024-25,..\raw\earas\2024-25\Technical_Report_EARAS_2024-25_Odisha.pdf,87,5.14,Sugarcane,sugarcane,9,Dhenkanal,0,Winter,production,qtl,415278,415278,ok
2024-25,..\raw\earas\2024-25\Technical_Report_EARAS_2024-25_Odisha.pdf,87,5.14,Sugarcane,sugarcane,9,Dhenkanal,0,Summer,area,ha,-,,dash
2024-25,..\raw\earas\2024-25\Technical_Report_EARAS_2024-25_Odisha.pdf,87,5.14,Sugarcane,sugarcane,9,Dhenkanal,0,Summer,yield_rate,qtl/ha,-,,dash
2024-25,..\raw\earas\2024-25\Technical_Report_EARAS_2024-25_Odisha.pdf,87,5.14,Sugarcane,sugarcane,9,Dhenkanal,0,Summer,production,qtl,-,,dash
2024-25,..\raw\earas\2024-25\Technical_Report_EARAS_2024-25_Odisha.pdf,87,5.14,Sugarcane,sugarcane,9,Dhenkanal,0,Total,area,ha,574,574,ok
2024-25,..\raw\earas\2024-25\Technical_Report_EARAS_2024-25_Odisha.pdf,87,5.14,Sugarcane,sugarcane,9,Dhenkanal,0,Total,yield_rate,qtl/ha,723.48,723.48,ok
2024-25,..\raw\earas\2024-25\Technical_Report_EARAS_2024-25_Odisha.pdf,87,5.14,Sugarcane,sugarcane,9,Dhenkanal,0,Total,production,qtl,415278,415278,ok
2024-25,..\raw\earas\2024-25\Technical_Report_EARAS_2024-25_Odisha.pdf,87,5.14,Sugarcane,sugarcane,10,Gajapati,0,Autumn,area,ha,-,,dash
2024-25,..\raw\earas\2024-25\Technical_Report_EARAS_2024-25_Odisha.pdf,87,5.14,Sugarcane,sugarcane,10,Gajapati,0,Autumn,yield_rate,qtl/ha,-,,dash
2024-25,..\raw\earas\2024-25\Technical_Report_EARAS_2024-25_Odisha.pdf,87,5.14,Sugarcane,sugarcane,10,Gajapati,0,Autumn,production,qtl,-,,dash
2024-25,..\raw\earas\2024-25\Technical_Report_EARAS_2024-25_Odisha.pdf,87,5.14,Sugarcane,sugarcane,10,Gajapati,0,Winter,area,ha,1,1,ok
2024-25,..\raw\earas\2024-25\Technical_Report_EARAS_2024-25_Odisha.pdf,87,5.14,Sugarcane,sugarcane,10,Gajapati,0,Winter,yield_rate,qtl/ha,100.00,100.00,ok
2024-25,..\raw\earas\2024-25\Technical_Report_EARAS_2024-25_Odisha.pdf,87,5.14,Sugarcane,sugarcane,10,Gajapati,0,Winter,production,qtl,100,100,ok
2024-25,..\raw\earas\2024-25\Technical_Report_EARAS_2024-25_Odisha.pdf,87,5.14,Sugarcane,sugarcane,10,Gajapati,0,Summer,area,ha,-,,dash
2024-25,..\raw\earas\2024-25\Technical_Report_EARAS_2024-25_Odisha.pdf,87,5.14,Sugarcane,sugarcane,10,Gajapati,0,Summer,yield_rate,qtl/ha,-,,dash
2024-25,..\raw\earas\2024-25\Technical_Report_EARAS_2024-25_Odisha.pdf,87,5.14,Sugarcane,sugarcane,10,Gajapati,0,Summer,production,qtl,-,,dash
2024-25,..\raw\earas\2024-25\Technical_Report_EARAS_2024-25_Odisha.pdf,87,5.14,Sugarcane,sugarcane,10,Gajapati,0,Total,area,ha,1,1,ok
2024-25,..\raw\earas\2024-25\Technical_Report_EARAS_2024-25_Odisha.pdf,87,5.14,Sugarcane,sugarcane,10,Gajapati,0,Total,yield_rate,qtl/ha,100.00,100.00,ok
2024-25,..\raw\earas\2024-25\Technical_Report_EARAS_2024-25_Odisha.pdf,87,5.14,Sugarcane,sugarcane,10,Gajapati,0,Total,production,qtl,100,100,ok
2024-25,..\raw\earas\2024-25\Technical_Report_EARAS_2024-25_Odisha.pdf,87,5.14,Sugarcane,sugarcane,11,Ganjam,0,Autumn,area,ha,-,,dash
2024-25,..\raw\earas\2024-25\Technical_Report_EARAS_2024-25_Odisha.pdf,87,5.14,Sugarcane,sugarcane,11,Ganjam,0,Autumn,yield_rate,qtl/ha,-,,dash
2024-25,..\raw\earas\2024-25\Technical_Report_EARAS_2024-25_Odisha.pdf,87,5.14,Sugarcane,sugarcane,11,Ganjam,0,Autumn,production,qtl,-,,dash
2024-25,..\raw\earas\2024-25\Technical_Report_EARAS_2024-25_Odisha.pdf,87,5.14,Sugarcane,sugarcane,11,Ganjam,0,Winter,area,ha,285,285,ok
2024-25,..\raw\earas\2024-25\Technical_Report_EARAS_2024-25_Odisha.pdf,87,5.14,Sugarcane,sugarcane,11,Ganjam,0,Winter,yield_rate,qtl/ha,634.00,634.00,ok
2024-25,..\raw\earas\2024-25\Technical_Report_EARAS_2024-25_Odisha.pdf,87,5.14,Sugarcane,sugarcane,11,Ganjam,0,Winter,production,qtl,180690,180690,ok
2024-25,..\raw\earas\2024-25\Technical_Report_EARAS_2024-25_Odisha.pdf,87,5.14,Sugarcane,sugarcane,11,Ganjam,0,Summer,area,ha,-,,dash
2024-25,..\raw\earas\2024-25\Technical_Report_EARAS_2024-25_Odisha.pdf,87,5.14,Sugarcane,sugarcane,11,Ganjam,0,Summer,yield_rate,qtl/ha,-,,dash
2024-25,..\raw\earas\2024-25\Technical_Report_EARAS_2024-25_Odisha.pdf,87,5.14,Sugarcane,sugarcane,11,Ganjam,0,Summer,production,qtl,-,,dash
2024-25,..\raw\earas\2024-25\Technical_Report_EARAS_2024-25_Odisha.pdf,87,5.14,Sugarcane,sugarcane,11,Ganjam,0,Total,area,ha,285,285,ok
2024-25,..\raw\earas\2024-25\Technical_Report_EARAS_2024-25_Odisha.pdf,87,5.14,Sugarcane,sugarcane,11,Ganjam,0,Total,yield_rate,qtl/ha,634.00,634.00,ok
2024-25,..\raw\earas\2024-25\Technical_Report_EARAS_2024-25_Odisha.pdf,87,5.14,Sugarcane,sugarcane,11,Ganjam,0,Total,production,qtl,180690,180690,ok
2024-25,..\raw\earas\2024-25\Technical_Report_EARAS_2024-25_Odisha.pdf,87,5.14,Sugarcane,sugarcane,12,Jagatsinghpur,0,Autumn,area,ha,-,,dash
2024-25,..\raw\earas\2024-25\Technical_Report_EARAS_2024-25_Odisha.pdf,87,5.14,Sugarcane,sugarcane,12,Jagatsinghpur,0,Autumn,yield_rate,qtl/ha,-,,dash
2024-25,..\raw\earas\2024-25\Technical_Report_EARAS_2024-25_Odisha.pdf,87,5.14,Sugarcane,sugarcane,12,Jagatsinghpur,0,Autumn,production,qtl,-,,dash
2024-25,..\raw\earas\2024-25\Technical_Report_EARAS_2024-25_Odisha.pdf,87,5.14,Sugarcane,sugarcane,12,Jagatsinghpur,0,Winter,area,ha,376,376,ok
2024-25,..\raw\earas\2024-25\Technical_Report_EARAS_2024-25_Odisha.pdf,87,5.14,Sugarcane,sugarcane,12,Jagatsinghpur,0,Winter,yield_rate,qtl/ha,579.11,579.11,ok
2024-25,..\raw\earas\2024-25\Technical_Report_EARAS_2024-25_Odisha.pdf,87,5.14,Sugarcane,sugarcane,12,Jagatsinghpur,0,Winter,production,qtl,217745,217745,ok
2024-25,..\raw\earas\2024-25\Technical_Report_EARAS_2024-25_Odisha.pdf,87,5.14,Sugarcane,sugarcane,12,Jagatsinghpur,0,Summer,area,ha,-,,dash
2024-25,..\raw\earas\2024-25\Technical_Report_EARAS_2024-25_Odisha.pdf,87,5.14,Sugarcane,sugarcane,12,Jagatsinghpur,0,Summer,yield_rate,qtl/ha,-,,dash
2024-25,..\raw\earas\2024-25\Technical_Report_EARAS_2024-25_Odisha.pdf,87,5.14,Sugarcane,sugarcane,12,Jagatsinghpur,0,Summer,production,qtl,-,,dash
2024-25,..\raw\earas\2024-25\Technical_Report_EARAS_2024-25_Odisha.pdf,87,5.14,Sugarcane,sugarcane,12,Jagatsinghpur,0,Total,area,ha,376,376,ok
2024-25,..\raw\earas\2024-25\Technical_Report_EARAS_2024-25_Odisha.pdf,87,5.14,Sugarcane,sugarcane,12,Jagatsinghpur,0,Total,yield_rate,qtl/ha,579.11,579.11,ok
2024-25,..\raw\earas\2024-25\Technical_Report_EARAS_2024-25_Odisha.pdf,87,5.14,Sugarcane,sugarcane,12,Jagatsinghpur,0,Total,production,qtl,217745,217745,ok
2024-25,..\raw\earas\2024-25\Technical_Report_EARAS_2024-25_Odisha.pdf,87,5.14,Sugarcane,sugarcane,13,Jajpur,0,Autumn,area,ha,-,,dash
2024-25,..\raw\earas\2024-25\Technical_Report_EARAS_2024-25_Odisha.pdf,87,5.14,Sugarcane,sugarcane,13,Jajpur,0,Autumn,yield_rate,qtl/ha,-,,dash
2024-25,..\raw\earas\2024-25\Technical_Report_EARAS_2024-25_Odisha.pdf,87,5.14,Sugarcane,sugarcane,13,Jajpur,0,Autumn,production,qtl,-,,dash
2024-25,..\raw\earas\2024-25\Technical_Report_EARAS_2024-25_Odisha.pdf,87,5.14,Sugarcane,sugarcane,13,Jajpur,0,Winter,area,ha,1868,1868,ok
2024-25,..\raw\earas\2024-25\Technical_Report_EARAS_2024-25_Odisha.pdf,87,5.14,Sugarcane,sugarcane,13,Jajpur,0,Winter,yield_rate,qtl/ha,507.23,507.23,ok
2024-25,..\raw\earas\2024-25\Technical_Report_EARAS_2024-25_Odisha.pdf,87,5.14,Sugarcane,sugarcane,13,Jajpur,0,Winter,production,qtl,947506,947506,ok
2024-25,..\raw\earas\2024-25\Technical_Report_EARAS_2024-25_Odisha.pdf,87,5.14,Sugarcane,sugarcane,13,Jajpur,0,Summer,area,ha,-,,dash
2024-25,..\raw\earas\2024-25\Technical_Report_EARAS_2024-25_Odisha.pdf,87,5.14,Sugarcane,sugarcane,13,Jajpur,0,Summer,yield_rate,qtl/ha,-,,dash
2024-25,..\raw\earas\2024-25\Technical_Report_EARAS_2024-25_Odisha.pdf,87,5.14,Sugarcane,sugarcane,13,Jajpur,0,Summer,production,qtl,-,,dash
2024-25,..\raw\earas\2024-25\Technical_Report_EARAS_2024-25_Odisha.pdf,87,5.14,Sugarcane,sugarcane,13,Jajpur,0,Total,area,ha,1868,1868,ok
2024-25,..\raw\earas\2024-25\Technical_Report_EARAS_2024-25_Odisha.pdf,87,5.14,Sugarcane,sugarcane,13,Jajpur,0,Total,yield_rate,qtl/ha,507.23,507.23,ok
2024-25,..\raw\earas\2024-25\Technical_Report_EARAS_2024-25_Odisha.pdf,87,5.14,Sugarcane,sugarcane,13,Jajpur,0,Total,production,qtl,947506,947506,ok
2024-25,..\raw\earas\2024-25\Technical_Report_EARAS_2024-25_Odisha.pdf,87,5.14,Sugarcane,sugarcane,14,Jharsuguda,0,Autumn,area,ha,-,,dash
2024-25,..\raw\earas\2024-25\Technical_Report_EARAS_2024-25_Odisha.pdf,87,5.14,Sugarcane,sugarcane,14,Jharsuguda,0,Autumn,yield_rate,qtl/ha,-,,dash
2024-25,..\raw\earas\2024-25\Technical_Report_EARAS_2024-25_Odisha.pdf,87,5.14,Sugarcane,sugarcane,14,Jharsuguda,0,Autumn,production,qtl,-,,dash
2024-25,..\raw\earas\2024-25\Technical_Report_EARAS_2024-25_Odisha.pdf,87,5.14,Sugarcane,sugarcane,14,Jharsuguda,0,Winter,area,ha,70,70,ok
2024-25,..\raw\earas\2024-25\Technical_Report_EARAS_2024-25_Odisha.pdf,87,5.14,Sugarcane,sugarcane,14,Jharsuguda,0,Winter,yield_rate,qtl/ha,898.00,898.00,ok
2024-25,..\raw\earas\2024-25\Technical_Report_EARAS_2024-25_Odisha.pdf,87,5.14,Sugarcane,sugarcane,14,Jharsuguda,0,Winter,production,qtl,62860,62860,ok
2024-25,..\raw\earas\2024-25\Technical_Report_EARAS_2024-25_Odisha.pdf,87,5.14,Sugarcane,sugarcane,14,Jharsuguda,0,Summer,area,ha,-,,dash
2024-25,..\raw\earas\2024-25\Technical_Report_EARAS_2024-25_Odisha.pdf,87,5.14,Sugarcane,sugarcane,14,Jharsuguda,0,Summer,yield_rate,qtl/ha,-,,dash
2024-25,..\raw\earas\2024-25\Technical_Report_EARAS_2024-25_Odisha.pdf,87,5.14,Sugarcane,sugarcane,14,Jharsuguda,0,Summer,production,qtl,-,,dash
2024-25,..\raw\earas\2024-25\Technical_Report_EARAS_2024-25_Odisha.pdf,87,5.14,Sugarcane,sugarcane,14,Jharsuguda,0,Total,area,ha,70,70,ok
2024-25,..\raw\earas\2024-25\Technical_Report_EARAS_2024-25_Odisha.pdf,87,5.14,Sugarcane,sugarcane,14,Jharsuguda,0,Total,yield_rate,qtl/ha,898.00,898.00,ok
2024-25,..\raw\earas\2024-25\Technical_Report_EARAS_2024-25_Odisha.pdf,87,5.14,Sugarcane,sugarcane,14,Jharsuguda,0,Total,production,qtl,62860,62860,ok
2024-25,..\raw\earas\2024-25\Technical_Report_EARAS_2024-25_Odisha.pdf,87,5.14,Sugarcane,sugarcane,15,Kalahandi,0,Autumn,area,ha,-,,dash
2024-25,..\raw\earas\2024-25\Technical_Report_EARAS_2024-25_Odisha.pdf,87,5.14,Sugarcane,sugarcane,15,Kalahandi,0,Autumn,yield_rate,qtl/ha,-,,dash
2024-25,..\raw\earas\2024-25\Technical_Report_EARAS_2024-25_Odisha.pdf,87,5.14,Sugarcane,sugarcane,15,Kalahandi,0,Autumn,production,qtl,-,,dash
2024-25,..\raw\earas\2024-25\Technical_Report_EARAS_2024-25_Odisha.pdf,87,5.14,Sugarcane,sugarcane,15,Kalahandi,0,Winter,area,ha,1034,1034,ok
2024-25,..\raw\earas\2024-25\Technical_Report_EARAS_2024-25_Odisha.pdf,87,5.14,Sugarcane,sugarcane,15,Kalahandi,0,Winter,yield_rate,qtl/ha,395.05,395.05,ok
2024-25,..\raw\earas\2024-25\Technical_Report_EARAS_2024-25_Odisha.pdf,87,5.14,Sugarcane,sugarcane,15,Kalahandi,0,Winter,production,qtl,408482,408482,ok
2024-25,..\raw\earas\2024-25\Technical_Report_EARAS_2024-25_Odisha.pdf,87,5.14,Sugarcane,sugarcane,15,Kalahandi,0,Summer,area,ha,-,,dash
2024-25,..\raw\earas\2024-25\Technical_Report_EARAS_2024-25_Odisha.pdf,87,5.14,Sugarcane,sugarcane,15,Kalahandi,0,Summer,yield_rate,qtl/ha,-,,dash
2024-25,..\raw\earas\2024-25\Technical_Report_EARAS_2024-25_Odisha.pdf,87,5.14,Sugarcane,sugarcane,15,Kalahandi,0,Summer,production,qtl,-,,dash
2024-25,..\raw\earas\2024-25\Technical_Report_EARAS_2024-25_Odisha.pdf,87,5.14,Sugarcane,sugarcane,15,Kalahandi,0,Total,area,ha,1034,1034,ok
2024-25,..\raw\earas\2024-25\Technical_Report_EARAS_2024-25_Odisha.pdf,87,5.14,Sugarcane,sugarcane,15,Kalahandi,0,Total,yield_rate,qtl/ha,395.05,395.05,ok
2024-25,..\raw\earas\2024-25\Technical_Report_EARAS_2024-25_Odisha.pdf,87,5.14,Sugarcane,sugarcane,15,Kalahandi,0,Total,production,qtl,408482,408482,ok
2024-25,..\raw\earas\2024-25\Technical_Report_EARAS_2024-25_Odisha.pdf,87,5.14,Sugarcane,sugarcane,16,Kandhamal,0,Autumn,area,ha,-,,dash
2024-25,..\raw\earas\2024-25\Technical_Report_EARAS_2024-25_Odisha.pdf,87,5.14,Sugarcane,sugarcane,16,Kandhamal,0,Autumn,yield_rate,qtl/ha,-,,dash
2024-25,..\raw\earas\2024-25\Technical_Report_EARAS_2024-25_Odisha.pdf,87,5.14,Sugarcane,sugarcane,16,Kandhamal,0,Autumn,production,qtl,-,,dash
2024-25,..\raw\earas\2024-25\Technical_Report_EARAS_2024-25_Odisha.pdf,87,5.14,Sugarcane,sugarcane,16,Kandhamal,0,Winter,area,ha,-,,dash
2024-25,..\raw\earas\2024-25\Technical_Report_EARAS_2024-25_Odisha.pdf,87,5.14,Sugarcane,sugarcane,16,Kandhamal,0,Winter,yield_rate,qtl/ha,-,,dash
2024-25,..\raw\earas\2024-25\Technical_Report_EARAS_2024-25_Odisha.pdf,87,5.14,Sugarcane,sugarcane,16,Kandhamal,0,Winter,production,qtl,-,,dash
2024-25,..\raw\earas\2024-25\Technical_Report_EARAS_2024-25_Odisha.pdf,87,5.14,Sugarcane,sugarcane,16,Kandhamal,0,Summer,area,ha,-,,dash
2024-25,..\raw\earas\2024-25\Technical_Report_EARAS_2024-25_Odisha.pdf,87,5.14,Sugarcane,sugarcane,16,Kandhamal,0,Summer,yield_rate,qtl/ha,-,,dash
2024-25,..\raw\earas\2024-25\Technical_Report_EARAS_2024-25_Odisha.pdf,87,5.14,Sugarcane,sugarcane,16,Kandhamal,0,Summer,production,qtl,-,,dash
2024-25,..\raw\earas\2024-25\Technical_Report_EARAS_2024-25_Odisha.pdf,87,5.14,Sugarcane,sugarcane,16,Kandhamal,0,Total,area,ha,-,,dash
2024-25,..\raw\earas\2024-25\Technical_Report_EARAS_2024-25_Odisha.pdf,87,5.14,Sugarcane,sugarcane,16,Kandhamal,0,Total,yield_rate,qtl/ha,-,,dash
2024-25,..\raw\earas\2024-25\Technical_Report_EARAS_2024-25_Odisha.pdf,87,5.14,Sugarcane,sugarcane,16,Kandhamal,0,Total,production,qtl,-,,dash
2024-25,..\raw\earas\2024-25\Technical_Report_EARAS_2024-25_Odisha.pdf,87,5.14,Sugarcane,sugarcane,17,Kendrapada,0,Autumn,area,ha,-,,dash
2024-25,..\raw\earas\2024-25\Technical_Report_EARAS_2024-25_Odisha.pdf,87,5.14,Sugarcane,sugarcane,17,Kendrapada,0,Autumn,yield_rate,qtl/ha,-,,dash
2024-25,..\raw\earas\2024-25\Technical_Report_EARAS_2024-25_Odisha.pdf,87,5.14,Sugarcane,sugarcane,17,Kendrapada,0,Autumn,production,qtl,-,,dash
2024-25,..\raw\earas\2024-25\Technical_Report_EARAS_2024-25_Odisha.pdf,87,5.14,Sugarcane,sugarcane,17,Kendrapada,0,Winter,area,ha,225,225,ok
2024-25,..\raw\earas\2024-25\Technical_Report_EARAS_2024-25_Odisha.pdf,87,5.14,Sugarcane,sugarcane,17,Kendrapada,0,Winter,yield_rate,qtl/ha,569.78,569.78,ok
2024-25,..\raw\earas\2024-25\Technical_Report_EARAS_2024-25_Odisha.pdf,87,5.14,Sugarcane,sugarcane,17,Kendrapada,0,Winter,production,qtl,128201,128201,ok
2024-25,..\raw\earas\2024-25\Technical_Report_EARAS_2024-25_Odisha.pdf,87,5.14,Sugarcane,sugarcane,17,Kendrapada,0,Summer,area,ha,-,,dash
2024-25,..\raw\earas\2024-25\Technical_Report_EARAS_2024-25_Odisha.pdf,87,5.14,Sugarcane,sugarcane,17,Kendrapada,0,Summer,yield_rate,qtl/ha,-,,dash
2024-25,..\raw\earas\2024-25\Technical_Report_EARAS_2024-25_Odisha.pdf,87,5.14,Sugarcane,sugarcane,17,Kendrapada,0,Summer,production,qtl,-,,dash
2024-25,..\raw\earas\2024-25\Technical_Report_EARAS_2024-25_Odisha.pdf,87,5.14,Sugarcane,sugarcane,17,Kendrapada,0,Total,area,ha,225,225,ok
2024-25,..\raw\earas\2024-25\Technical_Report_EARAS_2024-25_Odisha.pdf,87,5.14,Sugarcane,sugarcane,17,Kendrapada,0,Total,yield_rate,qtl/ha,569.78,569.78,ok
2024-25,..\raw\earas\2024-25\Technical_Report_EARAS_2024-25_Odisha.pdf,87,5.14,Sugarcane,sugarcane,17,Kendrapada,0,Total,production,qtl,128201,128201,ok
2024-25,..\raw\earas\2024-25\Technical_Report_EARAS_2024-25_Odisha.pdf,87,5.14,Sugarcane,sugarcane,18,Keonjhar,0,Autumn,area,ha,-,,dash
2024-25,..\raw\earas\2024-25\Technical_Report_EARAS_2024-25_Odisha.pdf,87,5.14,Sugarcane,sugarcane,18,Keonjhar,0,Autumn,yield_rate,qtl/ha,-,,dash
2024-25,..\raw\earas\2024-25\Technical_Report_EARAS_2024-25_Odisha.pdf,87,5.14,Sugarcane,sugarcane,18,Keonjhar,0,Autumn,production,qtl,-,,dash
2024-25,..\raw\earas\2024-25\Technical_Report_EARAS_2024-25_Odisha.pdf,87,5.14,Sugarcane,sugarcane,18,Keonjhar,0,Winter,area,ha,174,174,ok
2024-25,..\raw\earas\2024-25\Technical_Report_EARAS_2024-25_Odisha.pdf,87,5.14,Sugarcane,sugarcane,18,Keonjhar,0,Winter,yield_rate,qtl/ha,576.00,576.00,ok
2024-25,..\raw\earas\2024-25\Technical_Report_EARAS_2024-25_Odisha.pdf,87,5.14,Sugarcane,sugarcane,18,Keonjhar,0,Winter,production,qtl,100224,100224,ok
2024-25,..\raw\earas\2024-25\Technical_Report_EARAS_2024-25_Odisha.pdf,87,5.14,Sugarcane,sugarcane,18,Keonjhar,0,Summer,area,ha,-,,dash
2024-25,..\raw\earas\2024-25\Technical_Report_EARAS_2024-25_Odisha.pdf,87,5.14,Sugarcane,sugarcane,18,Keonjhar,0,Summer,yield_rate,qtl/ha,-,,dash
2024-25,..\raw\earas\2024-25\Technical_Report_EARAS_2024-25_Odisha.pdf,87,5.14,Sugarcane,sugarcane,18,Keonjhar,0,Summer,production,qtl,-,,dash
2024-25,..\raw\earas\2024-25\Technical_Report_EARAS_2024-25_Odisha.pdf,87,5.14,Sugarcane,sugarcane,18,Keonjhar,0,Total,area,ha,174,174,ok
2024-25,..\raw\earas\2024-25\Technical_Report_EARAS_2024-25_Odisha.pdf,87,5.14,Sugarcane,sugarcane,18,Keonjhar,0,Total,yield_rate,qtl/ha,576.00,576.00,ok
2024-25,..\raw\earas\2024-25\Technical_Report_EARAS_2024-25_Odisha.pdf,87,5.14,Sugarcane,sugarcane,18,Keonjhar,0,Total,production,qtl,100224,100224,ok
2024-25,..\raw\earas\2024-25\Technical_Report_EARAS_2024-25_Odisha.pdf,87,5.14,Sugarcane,sugarcane,19,Khurda,0,Autumn,area,ha,-,,dash
2024-25,..\raw\earas\2024-25\Technical_Report_EARAS_2024-25_Odisha.pdf,87,5.14,Sugarcane,sugarcane,19,Khurda,0,Autumn,yield_rate,qtl/ha,-,,dash
2024-25,..\raw\earas\2024-25\Technical_Report_EARAS_2024-25_Odisha.pdf,87,5.14,Sugarcane,sugarcane,19,Khurda,0,Autumn,production,qtl,-,,dash
2024-25,..\raw\earas\2024-25\Technical_Report_EARAS_2024-25_Odisha.pdf,87,5.14,Sugarcane,sugarcane,19,Khurda,0,Winter,area,ha,91,91,ok
2024-25,..\raw\earas\2024-25\Technical_Report_EARAS_2024-25_Odisha.pdf,87,5.14,Sugarcane,sugarcane,19,Khurda,0,Winter,yield_rate,qtl/ha,598.00,598.00,ok
2024-25,..\raw\earas\2024-25\Technical_Report_EARAS_2024-25_Odisha.pdf,87,5.14,Sugarcane,sugarcane,19,Khurda,0,Winter,production,qtl,54418,54418,ok
2024-25,..\raw\earas\2024-25\Technical_Report_EARAS_2024-25_Odisha.pdf,87,5.14,Sugarcane,sugarcane,19,Khurda,0,Summer,area,ha,-,,dash
2024-25,..\raw\earas\2024-25\Technical_Report_EARAS_2024-25_Odisha.pdf,87,5.14,Sugarcane,sugarcane,19,Khurda,0,Summer,yield_rate,qtl/ha,-,,dash
2024-25,..\raw\earas\2024-25\Technical_Report_EARAS_2024-25_Odisha.pdf,87,5.14,Sugarcane,sugarcane,19,Khurda,0,Summer,production,qtl,-,,dash
2024-25,..\raw\earas\2024-25\Technical_Report_EARAS_2024-25_Odisha.pdf,87,5.14,Sugarcane,sugarcane,19,Khurda,0,Total,area,ha,91,91,ok
2024-25,..\raw\earas\2024-25\Technical_Report_EARAS_2024-25_Odisha.pdf,87,5.14,Sugarcane,sugarcane,19,Khurda,0,Total,yield_rate,qtl/ha,598.00,598.00,ok
2024-25,..\raw\earas\2024-25\Technical_Report_EARAS_2024-25_Odisha.pdf,87,5.14,Sugarcane,sugarcane,19,Khurda,0,Total,production,qtl,54418,54418,ok
2024-25,..\raw\earas\2024-25\Technical_Report_EARAS_2024-25_Odisha.pdf,87,5.14,Sugarcane,sugarcane,20,Koraput,0,Autumn,area,ha,-,,dash
2024-25,..\raw\earas\2024-25\Technical_Report_EARAS_2024-25_Odisha.pdf,87,5.14,Sugarcane,sugarcane,20,Koraput,0,Autumn,yield_rate,qtl/ha,-,,dash
2024-25,..\raw\earas\2024-25\Technical_Report_EARAS_2024-25_Odisha.pdf,87,5.14,Sugarcane,sugarcane,20,Koraput,0,Autumn,production,qtl,-,,dash
2024-25,..\raw\earas\2024-25\Technical_Report_EARAS_2024-25_Odisha.pdf,87,5.14,Sugarcane,sugarcane,20,Koraput,0,Winter,area,ha,369,369,ok
2024-25,..\raw\earas\2024-25\Technical_Report_EARAS_2024-25_Odisha.pdf,87,5.14,Sugarcane,sugarcane,20,Koraput,0,Winter,yield_rate,qtl/ha,453.85,453.85,ok
2024-25,..\raw\earas\2024-25\Technical_Report_EARAS_2024-25_Odisha.pdf,87,5.14,Sugarcane,sugarcane,20,Koraput,0,Winter,production,qtl,167471,167471,ok
2024-25,..\raw\earas\2024-25\Technical_Report_EARAS_2024-25_Odisha.pdf,87,5.14,Sugarcane,sugarcane,20,Koraput,0,Summer,area,ha,-,,dash
2024-25,..\raw\earas\2024-25\Technical_Report_EARAS_2024-25_Odisha.pdf,87,5.14,Sugarcane,sugarcane,20,Koraput,0,Summer,yield_rate,qtl/ha,-,,dash
2024-25,..\raw\earas\2024-25\Technical_Report_EARAS_2024-25_Odisha.pdf,87,5.14,Sugarcane,sugarcane,20,Koraput,0,Summer,production,qtl,-,,dash
2024-25,..\raw\earas\2024-25\Technical_Report_EARAS_2024-25_Odisha.pdf,87,5.14,Sugarcane,sugarcane,20,Koraput,0,Total,area,ha,369,369,ok
2024-25,..\raw\earas\2024-25\Technical_Report_EARAS_2024-25_Odisha.pdf,87,5.14,Sugarcane,sugarcane,20,Koraput,0,Total,yield_rate,qtl/ha,453.85,453.85,ok
2024-25,..\raw\earas\2024-25\Technical_Report_EARAS_2024-25_Odisha.pdf,87,5.14,Sugarcane,sugarcane,20,Koraput,0,Total,production,qtl,167471,167471,ok
2024-25,..\raw\earas\2024-25\Technical_Report_EARAS_2024-25_Odisha.pdf,87,5.14,Sugarcane,sugarcane,21,Malkangiri,0,Autumn,area,ha,-,,dash
2024-25,..\raw\earas\2024-25\Technical_Report_EARAS_2024-25_Odisha.pdf,87,5.14,Sugarcane,sugarcane,21,Malkangiri,0,Autumn,yield_rate,qtl/ha,-,,dash
2024-25,..\raw\earas\2024-25\Technical_Report_EARAS_2024-25_Odisha.pdf,87,5.14,Sugarcane,sugarcane,21,Malkangiri,0,Autumn,production,qtl,-,,dash
2024-25,..\raw\earas\2024-25\Technical_Report_EARAS_2024-25_Odisha.pdf,87,5.14,Sugarcane,sugarcane,21,Malkangiri,0,Winter,area,ha,-,,dash
2024-25,..\raw\earas\2024-25\Technical_Report_EARAS_2024-25_Odisha.pdf,87,5.14,Sugarcane,sugarcane,21,Malkangiri,0,Winter,yield_rate,qtl/ha,-,,dash
2024-25,..\raw\earas\2024-25\Technical_Report_EARAS_2024-25_Odisha.pdf,87,5.14,Sugarcane,sugarcane,21,Malkangiri,0,Winter,production,qtl,-,,dash
2024-25,..\raw\earas\2024-25\Technical_Report_EARAS_2024-25_Odisha.pdf,87,5.14,Sugarcane,sugarcane,21,Malkangiri,0,Summer,area,ha,-,,dash
2024-25,..\raw\earas\2024-25\Technical_Report_EARAS_2024-25_Odisha.pdf,87,5.14,Sugarcane,sugarcane,21,Malkangiri,0,Summer,yield_rate,qtl/ha,-,,dash
2024-25,..\raw\earas\2024-25\Technical_Report_EARAS_2024-25_Odisha.pdf,87,5.14,Sugarcane,sugarcane,21,Malkangiri,0,Summer,production,qtl,-,,dash
2024-25,..\raw\earas\2024-25\Technical_Report_EARAS_2024-25_Odisha.pdf,87,5.14,Sugarcane,sugarcane,21,Malkangiri,0,Total,area,ha,-,,dash
2024-25,..\raw\earas\2024-25\Technical_Report_EARAS_2024-25_Odisha.pdf,87,5.14,Sugarcane,sugarcane,21,Malkangiri,0,Total,yield_rate,qtl/ha,-,,dash
2024-25,..\raw\earas\2024-25\Technical_Report_EARAS_2024-25_Odisha.pdf,87,5.14,Sugarcane,sugarcane,21,Malkangiri,0,Total,production,qtl,-,,dash
2024-25,..\raw\earas\2024-25\Technical_Report_EARAS_2024-25_Odisha.pdf,87,5.14,Sugarcane,sugarcane,22,Mayurbhanja,0,Autumn,area,ha,-,,dash
2024-25,..\raw\earas\2024-25\Technical_Report_EARAS_2024-25_Odisha.pdf,87,5.14,Sugarcane,sugarcane,22,Mayurbhanja,0,Autumn,yield_rate,qtl/ha,-,,dash
2024-25,..\raw\earas\2024-25\Technical_Report_EARAS_2024-25_Odisha.pdf,87,5.14,Sugarcane,sugarcane,22,Mayurbhanja,0,Autumn,production,qtl,-,,dash
2024-25,..\raw\earas\2024-25\Technical_Report_EARAS_2024-25_Odisha.pdf,87,5.14,Sugarcane,sugarcane,22,Mayurbhanja,0,Winter,area,ha,-,,dash
2024-25,..\raw\earas\2024-25\Technical_Report_EARAS_2024-25_Odisha.pdf,87,5.14,Sugarcane,sugarcane,22,Mayurbhanja,0,Winter,yield_rate,qtl/ha,-,,dash
2024-25,..\raw\earas\2024-25\Technical_Report_EARAS_2024-25_Odisha.pdf,87,5.14,Sugarcane,sugarcane,22,Mayurbhanja,0,Winter,production,qtl,-,,dash
2024-25,..\raw\earas\2024-25\Technical_Report_EARAS_2024-25_Odisha.pdf,87,5.14,Sugarcane,sugarcane,22,Mayurbhanja,0,Summer,area,ha,-,,dash
2024-25,..\raw\earas\2024-25\Technical_Report_EARAS_2024-25_Odisha.pdf,87,5.14,Sugarcane,sugarcane,22,Mayurbhanja,0,Summer,yield_rate,qtl/ha,-,,dash
2024-25,..\raw\earas\2024-25\Technical_Report_EARAS_2024-25_Odisha.pdf,87,5.14,Sugarcane,sugarcane,22,Mayurbhanja,0,Summer,production,qtl,-,,dash
2024-25,..\raw\earas\2024-25\Technical_Report_EARAS_2024-25_Odisha.pdf,87,5.14,Sugarcane,sugarcane,22,Mayurbhanja,0,Total,area,ha,-,,dash
2024-25,..\raw\earas\2024-25\Technical_Report_EARAS_2024-25_Odisha.pdf,87,5.14,Sugarcane,sugarcane,22,Mayurbhanja,0,Total,yield_rate,qtl/ha,-,,dash
2024-25,..\raw\earas\2024-25\Technical_Report_EARAS_2024-25_Odisha.pdf,87,5.14,Sugarcane,sugarcane,22,Mayurbhanja,0,Total,production,qtl,-,,dash
2024-25,..\raw\earas\2024-25\Technical_Report_EARAS_2024-25_Odisha.pdf,87,5.14,Sugarcane,sugarcane,23,Nuapada,0,Autumn,area,ha,-,,dash
2024-25,..\raw\earas\2024-25\Technical_Report_EARAS_2024-25_Odisha.pdf,87,5.14,Sugarcane,sugarcane,23,Nuapada,0,Autumn,yield_rate,qtl/ha,-,,dash
2024-25,..\raw\earas\2024-25\Technical_Report_EARAS_2024-25_Odisha.pdf,87,5.14,Sugarcane,sugarcane,23,Nuapada,0,Autumn,production,qtl,-,,dash
2024-25,..\raw\earas\2024-25\Technical_Report_EARAS_2024-25_Odisha.pdf,87,5.14,Sugarcane,sugarcane,23,Nuapada,0,Winter,area,ha,21,21,ok
2024-25,..\raw\earas\2024-25\Technical_Report_EARAS_2024-25_Odisha.pdf,87,5.14,Sugarcane,sugarcane,23,Nuapada,0,Winter,yield_rate,qtl/ha,412.80,412.80,ok
2024-25,..\raw\earas\2024-25\Technical_Report_EARAS_2024-25_Odisha.pdf,87,5.14,Sugarcane,sugarcane,23,Nuapada,0,Winter,production,qtl,8669,8669,ok
2024-25,..\raw\earas\2024-25\Technical_Report_EARAS_2024-25_Odisha.pdf,87,5.14,Sugarcane,sugarcane,23,Nuapada,0,Summer,area,ha,-,,dash
2024-25,..\raw\earas\2024-25\Technical_Report_EARAS_2024-25_Odisha.pdf,87,5.14,Sugarcane,sugarcane,23,Nuapada,0,Summer,yield_rate,qtl/ha,-,,dash
2024-25,..\raw\earas\2024-25\Technical_Report_EARAS_2024-25_Odisha.pdf,87,5.14,Sugarcane,sugarcane,23,Nuapada,0,Summer,production,qtl,-,,dash
2024-25,..\raw\earas\2024-25\Technical_Report_EARAS_2024-25_Odisha.pdf,87,5.14,Sugarcane,sugarcane,23,Nuapada,0,Total,area,ha,21,21,ok
2024-25,..\raw\earas\2024-25\Technical_Report_EARAS_2024-25_Odisha.pdf,87,5.14,Sugarcane,sugarcane,23,Nuapada,0,Total,yield_rate,qtl/ha,412.80,412.80,ok
2024-25,..\raw\earas\2024-25\Technical_Report_EARAS_2024-25_Odisha.pdf,87,5.14,Sugarcane,sugarcane,23,Nuapada,0,Total,production,qtl,8669,8669,ok
2024-25,..\raw\earas\2024-25\Technical_Report_EARAS_2024-25_Odisha.pdf,87,5.14,Sugarcane,sugarcane,24,Nayagada,0,Autumn,area,ha,-,,dash
2024-25,..\raw\earas\2024-25\Technical_Report_EARAS_2024-25_Odisha.pdf,87,5.14,Sugarcane,sugarcane,24,Nayagada,0,Autumn,yield_rate,qtl/ha,-,,dash
2024-25,..\raw\earas\2024-25\Technical_Report_EARAS_2024-25_Odisha.pdf,87,5.14,Sugarcane,sugarcane,24,Nayagada,0,Autumn,production,qtl,-,,dash
2024-25,..\raw\earas\2024-25\Technical_Report_EARAS_2024-25_Odisha.pdf,87,5.14,Sugarcane,sugarcane,24,Nayagada,0,Winter,area,ha,214,214,ok
2024-25,..\raw\earas\2024-25\Technical_Report_EARAS_2024-25_Odisha.pdf,87,5.14,Sugarcane,sugarcane,24,Nayagada,0,Winter,yield_rate,qtl/ha,714.32,714.32,ok
2024-25,..\raw\earas\2024-25\Technical_Report_EARAS_2024-25_Odisha.pdf,87,5.14,Sugarcane,sugarcane,24,Nayagada,0,Winter,production,qtl,152864,152864,ok
2024-25,..\raw\earas\2024-25\Technical_Report_EARAS_2024-25_Odisha.pdf,87,5.14,Sugarcane,sugarcane,24,Nayagada,0,Summer,area,ha,-,,dash
2024-25,..\raw\earas\2024-25\Technical_Report_EARAS_2024-25_Odisha.pdf,87,5.14,Sugarcane,sugarcane,24,Nayagada,0,Summer,yield_rate,qtl/ha,-,,dash
2024-25,..\raw\earas\2024-25\Technical_Report_EARAS_2024-25_Odisha.pdf,87,5.14,Sugarcane,sugarcane,24,Nayagada,0,Summer,production,qtl,-,,dash
2024-25,..\raw\earas\2024-25\Technical_Report_EARAS_2024-25_Odisha.pdf,87,5.14,Sugarcane,sugarcane,24,Nayagada,0,Total,area,ha,214,214,ok
2024-25,..\raw\earas\2024-25\Technical_Report_EARAS_2024-25_Odisha.pdf,87,5.14,Sugarcane,sugarcane,24,Nayagada,0,Total,yield_rate,qtl/ha,714.32,714.32,ok
2024-25,..\raw\earas\2024-25\Technical_Report_EARAS_2024-25_Odisha.pdf,87,5.14,Sugarcane,sugarcane,24,Nayagada,0,Total,production,qtl,152864,152864,ok
2024-25,..\raw\earas\2024-25\Technical_Report_EARAS_2024-25_Odisha.pdf,87,5.14,Sugarcane,sugarcane,25,Nawarangpur,0,Autumn,area,ha,-,,dash
2024-25,..\raw\earas\2024-25\Technical_Report_EARAS_2024-25_Odisha.pdf,87,5.14,Sugarcane,sugarcane,25,Nawarangpur,0,Autumn,yield_rate,qtl/ha,-,,dash
2024-25,..\raw\earas\2024-25\Technical_Report_EARAS_2024-25_Odisha.pdf,87,5.14,Sugarcane,sugarcane,25,Nawarangpur,0,Autumn,production,qtl,-,,dash
2024-25,..\raw\earas\2024-25\Technical_Report_EARAS_2024-25_Odisha.pdf,87,5.14,Sugarcane,sugarcane,25,Nawarangpur,0,Winter,area,ha,6996,6996,ok
2024-25,..\raw\earas\2024-25\Technical_Report_EARAS_2024-25_Odisha.pdf,87,5.14,Sugarcane,sugarcane,25,Nawarangpur,0,Winter,yield_rate,qtl/ha,487.64,487.64,ok
2024-25,..\raw\earas\2024-25\Technical_Report_EARAS_2024-25_Odisha.pdf,87,5.14,Sugarcane,sugarcane,25,Nawarangpur,0,Winter,production,qtl,3411529,3411529,ok
2024-25,..\raw\earas\2024-25\Technical_Report_EARAS_2024-25_Odisha.pdf,87,5.14,Sugarcane,sugarcane,25,Nawarangpur,0,Summer,area,ha,-,,dash
2024-25,..\raw\earas\2024-25\Technical_Report_EARAS_2024-25_Odisha.pdf,87,5.14,Sugarcane,sugarcane,25,Nawarangpur,0,Summer,yield_rate,qtl/ha,-,,dash
2024-25,..\raw\earas\2024-25\Technical_Report_EARAS_2024-25_Odisha.pdf,87,5.14,Sugarcane,sugarcane,25,Nawarangpur,0,Summer,production,qtl,-,,dash
2024-25,..\raw\earas\2024-25\Technical_Report_EARAS_2024-25_Odisha.pdf,87,5.14,Sugarcane,sugarcane,25,Nawarangpur,0,Total,area,ha,6996,6996,ok
2024-25,..\raw\earas\2024-25\Technical_Report_EARAS_2024-25_Odisha.pdf,87,5.14,Sugarcane,sugarcane,25,Nawarangpur,0,Total,yield_rate,qtl/ha,487.64,487.64,ok
2024-25,..\raw\earas\2024-25\Technical_Report_EARAS_2024-25_Odisha.pdf,87,5.14,Sugarcane,sugarcane,25,Nawarangpur,0,Total,production,qtl,3411529,3411529,ok
2024-25,..\raw\earas\2024-25\Technical_Report_EARAS_2024-25_Odisha.pdf,87,5.14,Sugarcane,sugarcane,26,Puri,0,Autumn,area,ha,-,,dash
2024-25,..\raw\earas\2024-25\Technical_Report_EARAS_2024-25_Odisha.pdf,87,5.14,Sugarcane,sugarcane,26,Puri,0,Autumn,yield_rate,qtl/ha,-,,dash
2024-25,..\raw\earas\2024-25\Technical_Report_EARAS_2024-25_Odisha.pdf,87,5.14,Sugarcane,sugarcane,26,Puri,0,Autumn,production,qtl,-,,dash
2024-25,..\raw\earas\2024-25\Technical_Report_EARAS_2024-25_Odisha.pdf,87,5.14,Sugarcane,sugarcane,26,Puri,0,Winter,area,ha,27,27,ok
2024-25,..\raw\earas\2024-25\Technical_Report_EARAS_2024-25_Odisha.pdf,87,5.14,Sugarcane,sugarcane,26,Puri,0,Winter,yield_rate,qtl/ha,464.00,464.00,ok
2024-25,..\raw\earas\2024-25\Technical_Report_EARAS_2024-25_Odisha.pdf,87,5.14,Sugarcane,sugarcane,26,Puri,0,Winter,production,qtl,12528,12528,ok
2024-25,..\raw\earas\2024-25\Technical_Report_EARAS_2024-25_Odisha.pdf,87,5.14,Sugarcane,sugarcane,26,Puri,0,Summer,area,ha,-,,dash
2024-25,..\raw\earas\2024-25\Technical_Report_EARAS_2024-25_Odisha.pdf,87,5.14,Sugarcane,sugarcane,26,Puri,0,Summer,yield_rate,qtl/ha,-,,dash
2024-25,..\raw\earas\2024-25\Technical_Report_EARAS_2024-25_Odisha.pdf,87,5.14,Sugarcane,sugarcane,26,Puri,0,Summer,production,qtl,-,,dash
2024-25,..\raw\earas\2024-25\Technical_Report_EARAS_2024-25_Odisha.pdf,87,5.14,Sugarcane,sugarcane,26,Puri,0,Total,area,ha,27,27,ok
2024-25,..\raw\earas\2024-25\Technical_Report_EARAS_2024-25_Odisha.pdf,87,5.14,Sugarcane,sugarcane,26,Puri,0,Total,yield_rate,qtl/ha,464.00,464.00,ok
2024-25,..\raw\earas\2024-25\Technical_Report_EARAS_2024-25_Odisha.pdf,87,5.14,Sugarcane,sugarcane,26,Puri,0,Total,production,qtl,12528,12528,ok
2024-25,..\raw\earas\2024-25\Technical_Report_EARAS_2024-25_Odisha.pdf,87,5.14,Sugarcane,sugarcane,27,Raygada,0,Autumn,area,ha,-,,dash
2024-25,..\raw\earas\2024-25\Technical_Report_EARAS_2024-25_Odisha.pdf,87,5.14,Sugarcane,sugarcane,27,Raygada,0,Autumn,yield_rate,qtl/ha,-,,dash
2024-25,..\raw\earas\2024-25\Technical_Report_EARAS_2024-25_Odisha.pdf,87,5.14,Sugarcane,sugarcane,27,Raygada,0,Autumn,production,qtl,-,,dash
2024-25,..\raw\earas\2024-25\Technical_Report_EARAS_2024-25_Odisha.pdf,87,5.14,Sugarcane,sugarcane,27,Raygada,0,Winter,area,ha,-,,dash
2024-25,..\raw\earas\2024-25\Technical_Report_EARAS_2024-25_Odisha.pdf,87,5.14,Sugarcane,sugarcane,27,Raygada,0,Winter,yield_rate,qtl/ha,-,,dash
2024-25,..\raw\earas\2024-25\Technical_Report_EARAS_2024-25_Odisha.pdf,87,5.14,Sugarcane,sugarcane,27,Raygada,0,Winter,production,qtl,-,,dash
2024-25,..\raw\earas\2024-25\Technical_Report_EARAS_2024-25_Odisha.pdf,87,5.14,Sugarcane,sugarcane,27,Raygada,0,Summer,area,ha,-,,dash
2024-25,..\raw\earas\2024-25\Technical_Report_EARAS_2024-25_Odisha.pdf,87,5.14,Sugarcane,sugarcane,27,Raygada,0,Summer,yield_rate,qtl/ha,-,,dash
2024-25,..\raw\earas\2024-25\Technical_Report_EARAS_2024-25_Odisha.pdf,87,5.14,Sugarcane,sugarcane,27,Raygada,0,Summer,production,qtl,-,,dash
2024-25,..\raw\earas\2024-25\Technical_Report_EARAS_2024-25_Odisha.pdf,87,5.14,Sugarcane,sugarcane,27,Raygada,0,Total,area,ha,-,,dash
2024-25,..\raw\earas\2024-25\Technical_Report_EARAS_2024-25_Odisha.pdf,87,5.14,Sugarcane,sugarcane,27,Raygada,0,Total,yield_rate,qtl/ha,-,,dash
2024-25,..\raw\earas\2024-25\Technical_Report_EARAS_2024-25_Odisha.pdf,87,5.14,Sugarcane,sugarcane,27,Raygada,0,Total,production,qtl,-,,dash
2024-25,..\raw\earas\2024-25\Technical_Report_EARAS_2024-25_Odisha.pdf,87,5.14,Sugarcane,sugarcane,28,Sambalpur,0,Autumn,area,ha,-,,dash
2024-25,..\raw\earas\2024-25\Technical_Report_EARAS_2024-25_Odisha.pdf,87,5.14,Sugarcane,sugarcane,28,Sambalpur,0,Autumn,yield_rate,qtl/ha,-,,dash
2024-25,..\raw\earas\2024-25\Technical_Report_EARAS_2024-25_Odisha.pdf,87,5.14,Sugarcane,sugarcane,28,Sambalpur,0,Autumn,production,qtl,-,,dash
2024-25,..\raw\earas\2024-25\Technical_Report_EARAS_2024-25_Odisha.pdf,87,5.14,Sugarcane,sugarcane,28,Sambalpur,0,Winter,area,ha,S,,below_half_unit
2024-25,..\raw\earas\2024-25\Technical_Report_EARAS_2024-25_Odisha.pdf,87,5.14,Sugarcane,sugarcane,28,Sambalpur,0,Winter,yield_rate,qtl/ha,812.00,812.00,ok
2024-25,..\raw\earas\2024-25\Technical_Report_EARAS_2024-25_Odisha.pdf,87,5.14,Sugarcane,sugarcane,28,Sambalpur,0,Winter,production,qtl,-,,dash
2024-25,..\raw\earas\2024-25\Technical_Report_EARAS_2024-25_Odisha.pdf,87,5.14,Sugarcane,sugarcane,28,Sambalpur,0,Summer,area,ha,-,,dash
2024-25,..\raw\earas\2024-25\Technical_Report_EARAS_2024-25_Odisha.pdf,87,5.14,Sugarcane,sugarcane,28,Sambalpur,0,Summer,yield_rate,qtl/ha,-,,dash
2024-25,..\raw\earas\2024-25\Technical_Report_EARAS_2024-25_Odisha.pdf,87,5.14,Sugarcane,sugarcane,28,Sambalpur,0,Summer,production,qtl,-,,dash
2024-25,..\raw\earas\2024-25\Technical_Report_EARAS_2024-25_Odisha.pdf,87,5.14,Sugarcane,sugarcane,28,Sambalpur,0,Total,area,ha,S,,below_half_unit
2024-25,..\raw\earas\2024-25\Technical_Report_EARAS_2024-25_Odisha.pdf,87,5.14,Sugarcane,sugarcane,28,Sambalpur,0,Total,yield_rate,qtl/ha,812.00,812.00,ok
2024-25,..\raw\earas\2024-25\Technical_Report_EARAS_2024-25_Odisha.pdf,87,5.14,Sugarcane,sugarcane,28,Sambalpur,0,Total,production,qtl,-,,dash
2024-25,..\raw\earas\2024-25\Technical_Report_EARAS_2024-25_Odisha.pdf,87,5.14,Sugarcane,sugarcane,29,Subarnapur,0,Autumn,area,ha,-,,dash
2024-25,..\raw\earas\2024-25\Technical_Report_EARAS_2024-25_Odisha.pdf,87,5.14,Sugarcane,sugarcane,29,Subarnapur,0,Autumn,yield_rate,qtl/ha,-,,dash
2024-25,..\raw\earas\2024-25\Technical_Report_EARAS_2024-25_Odisha.pdf,87,5.14,Sugarcane,sugarcane,29,Subarnapur,0,Autumn,production,qtl,-,,dash
2024-25,..\raw\earas\2024-25\Technical_Report_EARAS_2024-25_Odisha.pdf,87,5.14,Sugarcane,sugarcane,29,Subarnapur,0,Winter,area,ha,-,,dash
2024-25,..\raw\earas\2024-25\Technical_Report_EARAS_2024-25_Odisha.pdf,87,5.14,Sugarcane,sugarcane,29,Subarnapur,0,Winter,yield_rate,qtl/ha,-,,dash
2024-25,..\raw\earas\2024-25\Technical_Report_EARAS_2024-25_Odisha.pdf,87,5.14,Sugarcane,sugarcane,29,Subarnapur,0,Winter,production,qtl,-,,dash
2024-25,..\raw\earas\2024-25\Technical_Report_EARAS_2024-25_Odisha.pdf,87,5.14,Sugarcane,sugarcane,29,Subarnapur,0,Summer,area,ha,-,,dash
2024-25,..\raw\earas\2024-25\Technical_Report_EARAS_2024-25_Odisha.pdf,87,5.14,Sugarcane,sugarcane,29,Subarnapur,0,Summer,yield_rate,qtl/ha,-,,dash
2024-25,..\raw\earas\2024-25\Technical_Report_EARAS_2024-25_Odisha.pdf,87,5.14,Sugarcane,sugarcane,29,Subarnapur,0,Summer,production,qtl,-,,dash
2024-25,..\raw\earas\2024-25\Technical_Report_EARAS_2024-25_Odisha.pdf,87,5.14,Sugarcane,sugarcane,29,Subarnapur,0,Total,area,ha,-,,dash
2024-25,..\raw\earas\2024-25\Technical_Report_EARAS_2024-25_Odisha.pdf,87,5.14,Sugarcane,sugarcane,29,Subarnapur,0,Total,yield_rate,qtl/ha,-,,dash
2024-25,..\raw\earas\2024-25\Technical_Report_EARAS_2024-25_Odisha.pdf,87,5.14,Sugarcane,sugarcane,29,Subarnapur,0,Total,production,qtl,-,,dash
2024-25,..\raw\earas\2024-25\Technical_Report_EARAS_2024-25_Odisha.pdf,87,5.14,Sugarcane,sugarcane,30,Sundargarh,0,Autumn,area,ha,-,,dash
2024-25,..\raw\earas\2024-25\Technical_Report_EARAS_2024-25_Odisha.pdf,87,5.14,Sugarcane,sugarcane,30,Sundargarh,0,Autumn,yield_rate,qtl/ha,-,,dash
2024-25,..\raw\earas\2024-25\Technical_Report_EARAS_2024-25_Odisha.pdf,87,5.14,Sugarcane,sugarcane,30,Sundargarh,0,Autumn,production,qtl,-,,dash
2024-25,..\raw\earas\2024-25\Technical_Report_EARAS_2024-25_Odisha.pdf,87,5.14,Sugarcane,sugarcane,30,Sundargarh,0,Winter,area,ha,29,29,ok
2024-25,..\raw\earas\2024-25\Technical_Report_EARAS_2024-25_Odisha.pdf,87,5.14,Sugarcane,sugarcane,30,Sundargarh,0,Winter,yield_rate,qtl/ha,1166.67,1166.67,ok
2024-25,..\raw\earas\2024-25\Technical_Report_EARAS_2024-25_Odisha.pdf,87,5.14,Sugarcane,sugarcane,30,Sundargarh,0,Winter,production,qtl,33833,33833,ok
2024-25,..\raw\earas\2024-25\Technical_Report_EARAS_2024-25_Odisha.pdf,87,5.14,Sugarcane,sugarcane,30,Sundargarh,0,Summer,area,ha,-,,dash
2024-25,..\raw\earas\2024-25\Technical_Report_EARAS_2024-25_Odisha.pdf,87,5.14,Sugarcane,sugarcane,30,Sundargarh,0,Summer,yield_rate,qtl/ha,-,,dash
2024-25,..\raw\earas\2024-25\Technical_Report_EARAS_2024-25_Odisha.pdf,87,5.14,Sugarcane,sugarcane,30,Sundargarh,0,Summer,production,qtl,-,,dash
2024-25,..\raw\earas\2024-25\Technical_Report_EARAS_2024-25_Odisha.pdf,87,5.14,Sugarcane,sugarcane,30,Sundargarh,0,Total,area,ha,29,29,ok
2024-25,..\raw\earas\2024-25\Technical_Report_EARAS_2024-25_Odisha.pdf,87,5.14,Sugarcane,sugarcane,30,Sundargarh,0,Total,yield_rate,qtl/ha,1166.67,1166.67,ok
2024-25,..\raw\earas\2024-25\Technical_Report_EARAS_2024-25_Odisha.pdf,87,5.14,Sugarcane,sugarcane,30,Sundargarh,0,Total,production,qtl,33833,33833,ok
2024-25,..\raw\earas\2024-25\Technical_Report_EARAS_2024-25_Odisha.pdf,87,5.14,Sugarcane,sugarcane,,STATE,1,Autumn,area,ha,-,,dash
2024-25,..\raw\earas\2024-25\Technical_Report_EARAS_2024-25_Odisha.pdf,87,5.14,Sugarcane,sugarcane,,STATE,1,Autumn,yield_rate,qtl/ha,-,,dash
2024-25,..\raw\earas\2024-25\Technical_Report_EARAS_2024-25_Odisha.pdf,87,5.14,Sugarcane,sugarcane,,STATE,1,Autumn,production,qtl,-,,dash
2024-25,..\raw\earas\2024-25\Technical_Report_EARAS_2024-25_Odisha.pdf,87,5.14,Sugarcane,sugarcane,,STATE,1,Winter,area,ha,13256,13256,ok
2024-25,..\raw\earas\2024-25\Technical_Report_EARAS_2024-25_Odisha.pdf,87,5.14,Sugarcane,sugarcane,,STATE,1,Winter,yield_rate,qtl/ha,513.38,513.38,ok
2024-25,..\raw\earas\2024-25\Technical_Report_EARAS_2024-25_Odisha.pdf,87,5.14,Sugarcane,sugarcane,,STATE,1,Winter,production,qtl,6805398,6805398,ok
2024-25,..\raw\earas\2024-25\Technical_Report_EARAS_2024-25_Odisha.pdf,87,5.14,Sugarcane,sugarcane,,STATE,1,Summer,area,ha,-,,dash
2024-25,..\raw\earas\2024-25\Technical_Report_EARAS_2024-25_Odisha.pdf,87,5.14,Sugarcane,sugarcane,,STATE,1,Summer,yield_rate,qtl/ha,-,,dash
2024-25,..\raw\earas\2024-25\Technical_Report_EARAS_2024-25_Odisha.pdf,87,5.14,Sugarcane,sugarcane,,STATE,1,Summer,production,qtl,-,,dash
2024-25,..\raw\earas\2024-25\Technical_Report_EARAS_2024-25_Odisha.pdf,87,5.14,Sugarcane,sugarcane,,STATE,1,Total,area,ha,13256,13256,ok
2024-25,..\raw\earas\2024-25\Technical_Report_EARAS_2024-25_Odisha.pdf,87,5.14,Sugarcane,sugarcane,,STATE,1,Total,yield_rate,qtl/ha,513.38,513.38,ok
2024-25,..\raw\earas\2024-25\Technical_Report_EARAS_2024-25_Odisha.pdf,87,5.14,Sugarcane,sugarcane,,STATE,1,Total,production,qtl,6805398,6805398,ok
