table_no,pdf_page,price_type,commodity,sl_no,district_as_published,year,raw_value,price_rs_per_quintal,cell_status
1,49,Farm Harvest,Paddy,1,Angul,2013-14,1310*,1310,provisional
1,49,Farm Harvest,Paddy,1,Angul,2014-15,1360*,1360,provisional
1,49,Farm Harvest,Paddy,1,Angul,2015-16,1410*,1410,provisional
1,49,Farm Harvest,Paddy,1,Angul,2016-17,1470*,1470,provisional
1,49,Farm Harvest,Paddy,1,Angul,2017-18,1550*,1550,provisional
1,49,Farm Harvest,Paddy,1,Angul,2018-19,1750*,1750,provisional
1,49,Farm Harvest,Paddy,2,Balasore,2013-14,1310*,1310,provisional
1,49,Farm Harvest,Paddy,2,Balasore,2014-15,1360*,1360,provisional
1,49,Farm Harvest,Paddy,2,Balasore,2015-16,1410*,1410,provisional
1,49,Farm Harvest,Paddy,2,Balasore,2016-17,1470*,1470,provisional
1,49,Farm Harvest,Paddy,2,Balasore,2017-18,1550*,1550,provisional
1,49,Farm Harvest,Paddy,2,Balasore,2018-19,1750*,1750,provisional
1,49,Farm Harvest,Paddy,3,Bargarh,2013-14,1310*,1310,provisional
1,49,Farm Harvest,Paddy,3,Bargarh,2014-15,1360*,1360,provisional
1,49,Farm Harvest,Paddy,3,Bargarh,2015-16,1410*,1410,provisional
1,49,Farm Harvest,Paddy,3,Bargarh,2016-17,1470*,1470,provisional
1,49,Farm Harvest,Paddy,3,Bargarh,2017-18,1550*,1550,provisional
1,49,Farm Harvest,Paddy,3,Bargarh,2018-19,1750*,1750,provisional
1,49,Farm Harvest,Paddy,4,Bhadrak,2013-14,1310*,1310,provisional
1,49,Farm Harvest,Paddy,4,Bhadrak,2014-15,1360*,1360,provisional
1,49,Farm Harvest,Paddy,4,Bhadrak,2015-16,1410*,1410,provisional
1,49,Farm Harvest,Paddy,4,Bhadrak,2016-17,1470*,1470,provisional
1,49,Farm Harvest,Paddy,4,Bhadrak,2017-18,1550*,1550,provisional
1,49,Farm Harvest,Paddy,4,Bhadrak,2018-19,1750*,1750,provisional
1,49,Farm Harvest,Paddy,5,Bolangir,2013-14,1310*,1310,provisional
1,49,Farm Harvest,Paddy,5,Bolangir,2014-15,1360*,1360,provisional
1,49,Farm Harvest,Paddy,5,Bolangir,2015-16,1410*,1410,provisional
1,49,Farm Harvest,Paddy,5,Bolangir,2016-17,1470*,1470,provisional
1,49,Farm Harvest,Paddy,5,Bolangir,2017-18,1550*,1550,provisional
1,49,Farm Harvest,Paddy,5,Bolangir,2018-19,1750*,1750,provisional
1,49,Farm Harvest,Paddy,6,Boudh,2013-14,1310*,1310,provisional
1,49,Farm Harvest,Paddy,6,Boudh,2014-15,1360*,1360,provisional
1,49,Farm Harvest,Paddy,6,Boudh,2015-16,1410*,1410,provisional
1,49,Farm Harvest,Paddy,6,Boudh,2016-17,1470*,1470,provisional
1,49,Farm Harvest,Paddy,6,Boudh,2017-18,1550*,1550,provisional
1,49,Farm Harvest,Paddy,6,Boudh,2018-19,1750*,1750,provisional
1,49,Farm Harvest,Paddy,7,Cuttack,2013-14,1310*,1310,provisional
1,49,Farm Harvest,Paddy,7,Cuttack,2014-15,1360*,1360,provisional
1,49,Farm Harvest,Paddy,7,Cuttack,2015-16,1410*,1410,provisional
1,49,Farm Harvest,Paddy,7,Cuttack,2016-17,1470*,1470,provisional
1,49,Farm Harvest,Paddy,7,Cuttack,2017-18,1550*,1550,provisional
1,49,Farm Harvest,Paddy,7,Cuttack,2018-19,1750*,1750,provisional
1,49,Farm Harvest,Paddy,8,Deogarh,2013-14,1310*,1310,provisional
1,49,Farm Harvest,Paddy,8,Deogarh,2014-15,1360,1360,ok
1,49,Farm Harvest,Paddy,8,Deogarh,2015-16,1410,1410,ok
1,49,Farm Harvest,Paddy,8,Deogarh,2016-17,1470*,1470,provisional
1,49,Farm Harvest,Paddy,8,Deogarh,2017-18,1550*,1550,provisional
1,49,Farm Harvest,Paddy,8,Deogarh,2018-19,1750*,1750,provisional
1,49,Farm Harvest,Paddy,9,Dhenkanal,2013-14,1310*,1310,provisional
1,49,Farm Harvest,Paddy,9,Dhenkanal,2014-15,1360*,1360,provisional
1,49,Farm Harvest,Paddy,9,Dhenkanal,2015-16,1410*,1410,provisional
1,49,Farm Harvest,Paddy,9,Dhenkanal,2016-17,1470*,1470,provisional
1,49,Farm Harvest,Paddy,9,Dhenkanal,2017-18,1550*,1550,provisional
1,49,Farm Harvest,Paddy,9,Dhenkanal,2018-19,1750*,1750,provisional
1,49,Farm Harvest,Paddy,10,Gajpati,2013-14,1310*,1310,provisional
1,49,Farm Harvest,Paddy,10,Gajpati,2014-15,1360*,1360,provisional
1,49,Farm Harvest,Paddy,10,Gajpati,2015-16,1410*,1410,provisional
1,49,Farm Harvest,Paddy,10,Gajpati,2016-17,1470*,1470,provisional
1,49,Farm Harvest,Paddy,10,Gajpati,2017-18,1550*,1550,provisional
1,49,Farm Harvest,Paddy,10,Gajpati,2018-19,1750*,1750,provisional
1,49,Farm Harvest,Paddy,11,Ganjam,2013-14,1310*,1310,provisional
1,49,Farm Harvest,Paddy,11,Ganjam,2014-15,1360*,1360,provisional
1,49,Farm Harvest,Paddy,11,Ganjam,2015-16,1410*,1410,provisional
1,49,Farm Harvest,Paddy,11,Ganjam,2016-17,1470*,1470,provisional
1,49,Farm Harvest,Paddy,11,Ganjam,2017-18,1550*,1550,provisional
1,49,Farm Harvest,Paddy,11,Ganjam,2018-19,1750*,1750,provisional
1,49,Farm Harvest,Paddy,12,Jagatsinghpur,2013-14,1310*,1310,provisional
1,49,Farm Harvest,Paddy,12,Jagatsinghpur,2014-15,1360*,1360,provisional
1,49,Farm Harvest,Paddy,12,Jagatsinghpur,2015-16,1410*,1410,provisional
1,49,Farm Harvest,Paddy,12,Jagatsinghpur,2016-17,1470*,1470,provisional
1,49,Farm Harvest,Paddy,12,Jagatsinghpur,2017-18,1550*,1550,provisional
1,49,Farm Harvest,Paddy,12,Jagatsinghpur,2018-19,1750*,1750,provisional
1,49,Farm Harvest,Paddy,13,Jajpur,2013-14,1310*,1310,provisional
1,49,Farm Harvest,Paddy,13,Jajpur,2014-15,1360*,1360,provisional
1,49,Farm Harvest,Paddy,13,Jajpur,2015-16,1410*,1410,provisional
1,49,Farm Harvest,Paddy,13,Jajpur,2016-17,1470*,1470,provisional
1,49,Farm Harvest,Paddy,13,Jajpur,2017-18,1550*,1550,provisional
1,49,Farm Harvest,Paddy,13,Jajpur,2018-19,1750*,1750,provisional
1,49,Farm Harvest,Paddy,14,Jharsuguda,2013-14,1310*,1310,provisional
1,49,Farm Harvest,Paddy,14,Jharsuguda,2014-15,1360*,1360,provisional
1,49,Farm Harvest,Paddy,14,Jharsuguda,2015-16,1410*,1410,provisional
1,49,Farm Harvest,Paddy,14,Jharsuguda,2016-17,1470*,1470,provisional
1,49,Farm Harvest,Paddy,14,Jharsuguda,2017-18,1550*,1550,provisional
1,49,Farm Harvest,Paddy,14,Jharsuguda,2018-19,1750*,1750,provisional
1,49,Farm Harvest,Paddy,15,Kalahandi,2013-14,1310*,1310,provisional
1,49,Farm Harvest,Paddy,15,Kalahandi,2014-15,1360*,1360,provisional
1,49,Farm Harvest,Paddy,15,Kalahandi,2015-16,1435,1435,ok
1,49,Farm Harvest,Paddy,15,Kalahandi,2016-17,1470*,1470,provisional
1,49,Farm Harvest,Paddy,15,Kalahandi,2017-18,1570,1570,ok
1,49,Farm Harvest,Paddy,15,Kalahandi,2018-19,1750*,1750,provisional
1,49,Farm Harvest,Paddy,16,Kandhamal,2013-14,1310*,1310,provisional
1,49,Farm Harvest,Paddy,16,Kandhamal,2014-15,1360*,1360,provisional
1,49,Farm Harvest,Paddy,16,Kandhamal,2015-16,1410*,1410,provisional
1,49,Farm Harvest,Paddy,16,Kandhamal,2016-17,1470*,1470,provisional
1,49,Farm Harvest,Paddy,16,Kandhamal,2017-18,1550*,1550,provisional
1,49,Farm Harvest,Paddy,16,Kandhamal,2018-19,1750*,1750,provisional
1,49,Farm Harvest,Paddy,17,Kendrapara,2013-14,1310*,1310,provisional
1,49,Farm Harvest,Paddy,17,Kendrapara,2014-15,1360*,1360,provisional
1,49,Farm Harvest,Paddy,17,Kendrapara,2015-16,1410*,1410,provisional
1,49,Farm Harvest,Paddy,17,Kendrapara,2016-17,1470*,1470,provisional
1,49,Farm Harvest,Paddy,17,Kendrapara,2017-18,1550*,1550,provisional
1,49,Farm Harvest,Paddy,17,Kendrapara,2018-19,1750*,1750,provisional
1,49,Farm Harvest,Paddy,18,Keonjhar,2013-14,1310*,1310,provisional
1,49,Farm Harvest,Paddy,18,Keonjhar,2014-15,1360*,1360,provisional
1,49,Farm Harvest,Paddy,18,Keonjhar,2015-16,1410*,1410,provisional
1,49,Farm Harvest,Paddy,18,Keonjhar,2016-17,1470*,1470,provisional
1,49,Farm Harvest,Paddy,18,Keonjhar,2017-18,1550*,1550,provisional
1,49,Farm Harvest,Paddy,18,Keonjhar,2018-19,1750*,1750,provisional
1,49,Farm Harvest,Paddy,19,Khurda,2013-14,1310*,1310,provisional
1,49,Farm Harvest,Paddy,19,Khurda,2014-15,1360*,1360,provisional
1,49,Farm Harvest,Paddy,19,Khurda,2015-16,1410*,1410,provisional
1,49,Farm Harvest,Paddy,19,Khurda,2016-17,1470*,1470,provisional
1,49,Farm Harvest,Paddy,19,Khurda,2017-18,1550*,1550,provisional
1,49,Farm Harvest,Paddy,19,Khurda,2018-19,1750*,1750,provisional
1,49,Farm Harvest,Paddy,20,Koraput,2013-14,1310*,1310,provisional
1,49,Farm Harvest,Paddy,20,Koraput,2014-15,1360*,1360,provisional
1,49,Farm Harvest,Paddy,20,Koraput,2015-16,1410*,1410,provisional
1,49,Farm Harvest,Paddy,20,Koraput,2016-17,1470*,1470,provisional
1,49,Farm Harvest,Paddy,20,Koraput,2017-18,1550*,1550,provisional
1,49,Farm Harvest,Paddy,20,Koraput,2018-19,1750*,1750,provisional
1,49,Farm Harvest,Paddy,21,Malkangiri,2013-14,1310*,1310,provisional
1,49,Farm Harvest,Paddy,21,Malkangiri,2014-15,1360*,1360,provisional
1,49,Farm Harvest,Paddy,21,Malkangiri,2015-16,1410*,1410,provisional
1,49,Farm Harvest,Paddy,21,Malkangiri,2016-17,1470*,1470,provisional
1,49,Farm Harvest,Paddy,21,Malkangiri,2017-18,1550*,1550,provisional
1,49,Farm Harvest,Paddy,21,Malkangiri,2018-19,1750*,1750,provisional
1,49,Farm Harvest,Paddy,22,Mayurbhanj,2013-14,1310*,1310,provisional
1,49,Farm Harvest,Paddy,22,Mayurbhanj,2014-15,1360*,1360,provisional
1,49,Farm Harvest,Paddy,22,Mayurbhanj,2015-16,1410*,1410,provisional
1,49,Farm Harvest,Paddy,22,Mayurbhanj,2016-17,1470*,1470,provisional
1,49,Farm Harvest,Paddy,22,Mayurbhanj,2017-18,1550*,1550,provisional
1,49,Farm Harvest,Paddy,22,Mayurbhanj,2018-19,1750*,1750,provisional
1,49,Farm Harvest,Paddy,23,Nabarangapur,2013-14,1310*,1310,provisional
1,49,Farm Harvest,Paddy,23,Nabarangapur,2014-15,1360*,1360,provisional
1,49,Farm Harvest,Paddy,23,Nabarangapur,2015-16,1410*,1410,provisional
1,49,Farm Harvest,Paddy,23,Nabarangapur,2016-17,1470*,1470,provisional
1,49,Farm Harvest,Paddy,23,Nabarangapur,2017-18,1550*,1550,provisional
1,49,Farm Harvest,Paddy,23,Nabarangapur,2018-19,1750*,1750,provisional
1,49,Farm Harvest,Paddy,24,Nayagarh,2013-14,1310*,1310,provisional
1,49,Farm Harvest,Paddy,24,Nayagarh,2014-15,1360*,1360,provisional
1,49,Farm Harvest,Paddy,24,Nayagarh,2015-16,1410*,1410,provisional
1,49,Farm Harvest,Paddy,24,Nayagarh,2016-17,1470*,1470,provisional
1,49,Farm Harvest,Paddy,24,Nayagarh,2017-18,1625,1625,ok
1,49,Farm Harvest,Paddy,24,Nayagarh,2018-19,1750*,1750,provisional
1,49,Farm Harvest,Paddy,25,Nuapara,2013-14,1310*,1310,provisional
1,49,Farm Harvest,Paddy,25,Nuapara,2014-15,1360*,1360,provisional
1,49,Farm Harvest,Paddy,25,Nuapara,2015-16,1410*,1410,provisional
1,49,Farm Harvest,Paddy,25,Nuapara,2016-17,1470*,1470,provisional
1,49,Farm Harvest,Paddy,25,Nuapara,2017-18,1550*,1550,provisional
1,49,Farm Harvest,Paddy,25,Nuapara,2018-19,1750*,1750,provisional
1,49,Farm Harvest,Paddy,26,Puri,2013-14,1310*,1310,provisional
1,49,Farm Harvest,Paddy,26,Puri,2014-15,1360*,1360,provisional
1,49,Farm Harvest,Paddy,26,Puri,2015-16,1410*,1410,provisional
1,49,Farm Harvest,Paddy,26,Puri,2016-17,1470*,1470,provisional
1,49,Farm Harvest,Paddy,26,Puri,2017-18,1550*,1550,provisional
1,49,Farm Harvest,Paddy,26,Puri,2018-19,1750*,1750,provisional
1,49,Farm Harvest,Paddy,27,Rayagada,2013-14,1310*,1310,provisional
1,49,Farm Harvest,Paddy,27,Rayagada,2014-15,1360*,1360,provisional
1,49,Farm Harvest,Paddy,27,Rayagada,2015-16,1410*,1410,provisional
1,49,Farm Harvest,Paddy,27,Rayagada,2016-17,1470*,1470,provisional
1,49,Farm Harvest,Paddy,27,Rayagada,2017-18,1550*,1550,provisional
1,49,Farm Harvest,Paddy,27,Rayagada,2018-19,1750*,1750,provisional
1,49,Farm Harvest,Paddy,28,Sambalpur,2013-14,1310*,1310,provisional
1,49,Farm Harvest,Paddy,28,Sambalpur,2014-15,1360*,1360,provisional
1,49,Farm Harvest,Paddy,28,Sambalpur,2015-16,1410*,1410,provisional
1,49,Farm Harvest,Paddy,28,Sambalpur,2016-17,1470*,1470,provisional
1,49,Farm Harvest,Paddy,28,Sambalpur,2017-18,1550*,1550,provisional
1,49,Farm Harvest,Paddy,28,Sambalpur,2018-19,1750*,1750,provisional
1,49,Farm Harvest,Paddy,29,Sonepur,2013-14,1310*,1310,provisional
1,49,Farm Harvest,Paddy,29,Sonepur,2014-15,1360*,1360,provisional
1,49,Farm Harvest,Paddy,29,Sonepur,2015-16,1433,1433,ok
1,49,Farm Harvest,Paddy,29,Sonepur,2016-17,1470*,1470,provisional
1,49,Farm Harvest,Paddy,29,Sonepur,2017-18,1550*,1550,provisional
1,49,Farm Harvest,Paddy,29,Sonepur,2018-19,1750*,1750,provisional
1,49,Farm Harvest,Paddy,30,Sundargarh,2013-14,1310*,1310,provisional
1,49,Farm Harvest,Paddy,30,Sundargarh,2014-15,1360*,1360,provisional
1,49,Farm Harvest,Paddy,30,Sundargarh,2015-16,1410*,1410,provisional
1,49,Farm Harvest,Paddy,30,Sundargarh,2016-17,1470*,1470,provisional
1,49,Farm Harvest,Paddy,30,Sundargarh,2017-18,1550*,1550,provisional
1,49,Farm Harvest,Paddy,30,Sundargarh,2018-19,1750*,1750,provisional
2,50,Farm Harvest,Wheat,1,Angul,2013-14,1550,1550,ok
2,50,Farm Harvest,Wheat,1,Angul,2014-15,1636,1636,ok
2,50,Farm Harvest,Wheat,1,Angul,2015-16,1681,1681,ok
2,50,Farm Harvest,Wheat,1,Angul,2016-17,1783,1783,ok
2,50,Farm Harvest,Wheat,1,Angul,2017-18,1625,1625,ok
2,50,Farm Harvest,Wheat,1,Angul,2018-19,1850,1850,ok
2,50,Farm Harvest,Wheat,2,Balasore,2013-14,1470,1470,ok
2,50,Farm Harvest,Wheat,2,Balasore,2014-15,1524,1524,ok
2,50,Farm Harvest,Wheat,2,Balasore,2015-16,1538,1538,ok
2,50,Farm Harvest,Wheat,2,Balasore,2016-17,1650,1650,ok
2,50,Farm Harvest,Wheat,2,Balasore,2017-18,1700,1700,ok
2,50,Farm Harvest,Wheat,2,Balasore,2018-19,-,,dash
2,50,Farm Harvest,Wheat,3,Bargarh,2013-14,1472,1472,ok
2,50,Farm Harvest,Wheat,3,Bargarh,2014-15,1525,1525,ok
2,50,Farm Harvest,Wheat,3,Bargarh,2015-16,1600,1600,ok
2,50,Farm Harvest,Wheat,3,Bargarh,2016-17,1800,1800,ok
2,50,Farm Harvest,Wheat,3,Bargarh,2017-18,1752,1752,ok
2,50,Farm Harvest,Wheat,3,Bargarh,2018-19,1785,1785,ok
2,50,Farm Harvest,Wheat,4,Bhadrak,2013-14,1475,1475,ok
2,50,Farm Harvest,Wheat,4,Bhadrak,2014-15,1547,1547,ok
2,50,Farm Harvest,Wheat,4,Bhadrak,2015-16,1565,1565,ok
2,50,Farm Harvest,Wheat,4,Bhadrak,2016-17,1625,1625,ok
2,50,Farm Harvest,Wheat,4,Bhadrak,2017-18,1550,1550,ok
2,50,Farm Harvest,Wheat,4,Bhadrak,2018-19,-,,dash
2,50,Farm Harvest,Wheat,5,Bolangir,2013-14,1500,1500,ok
2,50,Farm Harvest,Wheat,5,Bolangir,2014-15,1559,1559,ok
2,50,Farm Harvest,Wheat,5,Bolangir,2015-16,1600,1600,ok
2,50,Farm Harvest,Wheat,5,Bolangir,2016-17,1650,1650,ok
2,50,Farm Harvest,Wheat,5,Bolangir,2017-18,-,,dash
2,50,Farm Harvest,Wheat,5,Bolangir,2018-19,-,,dash
2,50,Farm Harvest,Wheat,6,Boudh,2013-14,1500,1500,ok
2,50,Farm Harvest,Wheat,6,Boudh,2014-15,1552,1552,ok
2,50,Farm Harvest,Wheat,6,Boudh,2015-16,1600,1600,ok
2,50,Farm Harvest,Wheat,6,Boudh,2016-17,1600,1600,ok
2,50,Farm Harvest,Wheat,6,Boudh,2017-18,-,,dash
2,50,Farm Harvest,Wheat,6,Boudh,2018-19,-,,dash
2,50,Farm Harvest,Wheat,7,Cuttack,2013-14,1508,1508,ok
2,50,Farm Harvest,Wheat,7,Cuttack,2014-15,1560,1560,ok
2,50,Farm Harvest,Wheat,7,Cuttack,2015-16,1600,1600,ok
2,50,Farm Harvest,Wheat,7,Cuttack,2016-17,1650,1650,ok
2,50,Farm Harvest,Wheat,7,Cuttack,2017-18,-,,dash
2,50,Farm Harvest,Wheat,7,Cuttack,2018-19,-,,dash
2,50,Farm Harvest,Wheat,8,Deogarh,2013-14,1485,1485,ok
2,50,Farm Harvest,Wheat,8,Deogarh,2014-15,1550,1550,ok
2,50,Farm Harvest,Wheat,8,Deogarh,2015-16,1575,1575,ok
2,50,Farm Harvest,Wheat,8,Deogarh,2016-17,1633,1633,ok
2,50,Farm Harvest,Wheat,8,Deogarh,2017-18,-,,dash
2,50,Farm Harvest,Wheat,8,Deogarh,2018-19,-,,dash
2,50,Farm Harvest,Wheat,9,Dhenkanal,2013-14,1535,1535,ok
2,50,Farm Harvest,Wheat,9,Dhenkanal,2014-15,1600,1600,ok
2,50,Farm Harvest,Wheat,9,Dhenkanal,2015-16,1600,1600,ok
2,50,Farm Harvest,Wheat,9,Dhenkanal,2016-17,1700,1700,ok
2,50,Farm Harvest,Wheat,9,Dhenkanal,2017-18,1750,1750,ok
2,50,Farm Harvest,Wheat,9,Dhenkanal,2018-19,1750,1750,ok
2,50,Farm Harvest,Wheat,10,Gajapati,2013-14,-,,dash
2,50,Farm Harvest,Wheat,10,Gajapati,2014-15,-,,dash
2,50,Farm Harvest,Wheat,10,Gajapati,2015-16,-,,dash
2,50,Farm Harvest,Wheat,10,Gajapati,2016-17,1600,1600,ok
2,50,Farm Harvest,Wheat,10,Gajapati,2017-18,1500,1500,ok
2,50,Farm Harvest,Wheat,10,Gajapati,2018-19,-,,dash
2,50,Farm Harvest,Wheat,11,Ganjam,2013-14,-,,dash
2,50,Farm Harvest,Wheat,11,Ganjam,2014-15,-,,dash
2,50,Farm Harvest,Wheat,11,Ganjam,2015-16,-,,dash
2,50,Farm Harvest,Wheat,11,Ganjam,2016-17,-,,dash
2,50,Farm Harvest,Wheat,11,Ganjam,2017-18,2225,2225,ok
2,50,Farm Harvest,Wheat,11,Ganjam,2018-19,-,,dash
2,50,Farm Harvest,Wheat,12,Jagatsinghpur,2013-14,-,,dash
2,50,Farm Harvest,Wheat,12,Jagatsinghpur,2014-15,-,,dash
2,50,Farm Harvest,Wheat,12,Jagatsinghpur,2015-16,-,,dash
2,50,Farm Harvest,Wheat,12,Jagatsinghpur,2016-17,-,,dash
2,50,Farm Harvest,Wheat,12,Jagatsinghpur,2017-18,-,,dash
2,50,Farm Harvest,Wheat,12,Jagatsinghpur,2018-19,-,,dash
2,50,Farm Harvest,Wheat,13,Jajpur,2013-14,1490,1490,ok
2,50,Farm Harvest,Wheat,13,Jajpur,2014-15,1550,1550,ok
2,50,Farm Harvest,Wheat,13,Jajpur,2015-16,1600,1600,ok
2,50,Farm Harvest,Wheat,13,Jajpur,2016-17,1633,1633,ok
2,50,Farm Harvest,Wheat,13,Jajpur,2017-18,-,,dash
2,50,Farm Harvest,Wheat,13,Jajpur,2018-19,-,,dash
2,50,Farm Harvest,Wheat,14,Jharsuguda,2013-14,1480,1480,ok
2,50,Farm Harvest,Wheat,14,Jharsuguda,2014-15,1540,1540,ok
2,50,Farm Harvest,Wheat,14,Jharsuguda,2015-16,1600,1600,ok
2,50,Farm Harvest,Wheat,14,Jharsuguda,2016-17,1650,1650,ok
2,50,Farm Harvest,Wheat,14,Jharsuguda,2017-18,-,,dash
2,50,Farm Harvest,Wheat,14,Jharsuguda,2018-19,1850,1850,ok
2,50,Farm Harvest,Wheat,15,Kalahandi,2013-14,1475,1475,ok
2,50,Farm Harvest,Wheat,15,Kalahandi,2014-15,1600,1600,ok
2,50,Farm Harvest,Wheat,15,Kalahandi,2015-16,1620,1620,ok
2,50,Farm Harvest,Wheat,15,Kalahandi,2016-17,1625,1625,ok
2,50,Farm Harvest,Wheat,15,Kalahandi,2017-18,1700,1700,ok
2,50,Farm Harvest,Wheat,15,Kalahandi,2018-19,1780,1780,ok
2,50,Farm Harvest,Wheat,16,Kandhamal,2013-14,-,,dash
2,50,Farm Harvest,Wheat,16,Kandhamal,2014-15,-,,dash
2,50,Farm Harvest,Wheat,16,Kandhamal,2015-16,-,,dash
2,50,Farm Harvest,Wheat,16,Kandhamal,2016-17,-,,dash
2,50,Farm Harvest,Wheat,16,Kandhamal,2017-18,-,,dash
2,50,Farm Harvest,Wheat,16,Kandhamal,2018-19,-,,dash
2,50,Farm Harvest,Wheat,17,Kendrapara,2013-14,1500,1500,ok
2,50,Farm Harvest,Wheat,17,Kendrapara,2014-15,1600,1600,ok
2,50,Farm Harvest,Wheat,17,Kendrapara,2015-16,1620,1620,ok
2,50,Farm Harvest,Wheat,17,Kendrapara,2016-17,1650,1650,ok
2,50,Farm Harvest,Wheat,17,Kendrapara,2017-18,-,,dash
2,50,Farm Harvest,Wheat,17,Kendrapara,2018-19,1725,1725,ok
2,50,Farm Harvest,Wheat,18,Keonjhar,2013-14,1473,1473,ok
2,50,Farm Harvest,Wheat,18,Keonjhar,2014-15,1553,1553,ok
2,50,Farm Harvest,Wheat,18,Keonjhar,2015-16,1633,1633,ok
2,50,Farm Harvest,Wheat,18,Keonjhar,2016-17,1800,1800,ok
2,50,Farm Harvest,Wheat,18,Keonjhar,2017-18,1751,1751,ok
2,50,Farm Harvest,Wheat,18,Keonjhar,2018-19,-,,dash
2,50,Farm Harvest,Wheat,19,Khurda,2013-14,1550,1550,ok
2,50,Farm Harvest,Wheat,19,Khurda,2014-15,1625,1625,ok
2,50,Farm Harvest,Wheat,19,Khurda,2015-16,1650,1650,ok
2,50,Farm Harvest,Wheat,19,Khurda,2016-17,1666,1666,ok
2,50,Farm Harvest,Wheat,19,Khurda,2017-18,2000,2000,ok
2,50,Farm Harvest,Wheat,19,Khurda,2018-19,-,,dash
2,50,Farm Harvest,Wheat,20,Koraput,2013-14,-,,dash
2,50,Farm Harvest,Wheat,20,Koraput,2014-15,-,,dash
2,50,Farm Harvest,Wheat,20,Koraput,2015-16,-,,dash
2,50,Farm Harvest,Wheat,20,Koraput,2016-17,-,,dash
2,50,Farm Harvest,Wheat,20,Koraput,2017-18,-,,dash
2,50,Farm Harvest,Wheat,20,Koraput,2018-19,1825,1825,ok
2,50,Farm Harvest,Wheat,21,Malkangiri,2013-14,-,,dash
2,50,Farm Harvest,Wheat,21,Malkangiri,2014-15,-,,dash
2,50,Farm Harvest,Wheat,21,Malkangiri,2015-16,1500,1500,ok
2,50,Farm Harvest,Wheat,21,Malkangiri,2016-17,1500,1500,ok
2,50,Farm Harvest,Wheat,21,Malkangiri,2017-18,-,,dash
2,50,Farm Harvest,Wheat,21,Malkangiri,2018-19,-,,dash
2,50,Farm Harvest,Wheat,22,Mayurbhanj,2013-14,1500,1500,ok
2,50,Farm Harvest,Wheat,22,Mayurbhanj,2014-15,1534,1534,ok
2,50,Farm Harvest,Wheat,22,Mayurbhanj,2015-16,1620,1620,ok
2,50,Farm Harvest,Wheat,22,Mayurbhanj,2016-17,1640,1640,ok
2,50,Farm Harvest,Wheat,22,Mayurbhanj,2017-18,1760,1760,ok
2,50,Farm Harvest,Wheat,22,Mayurbhanj,2018-19,1814,1814,ok
2,50,Farm Harvest,Wheat,23,Nabarangapur,2013-14,1490,1490,ok
2,50,Farm Harvest,Wheat,23,Nabarangapur,2014-15,1600,1600,ok
2,50,Farm Harvest,Wheat,23,Nabarangapur,2015-16,1700,1700,ok
2,50,Farm Harvest,Wheat,23,Nabarangapur,2016-17,1800,1800,ok
2,50,Farm Harvest,Wheat,23,Nabarangapur,2017-18,-,,dash
2,50,Farm Harvest,Wheat,23,Nabarangapur,2018-19,1765,1765,ok
2,50,Farm Harvest,Wheat,24,Nayagarh,2013-14,1500,1500,ok
2,50,Farm Harvest,Wheat,24,Nayagarh,2014-15,1500,1500,ok
2,50,Farm Harvest,Wheat,24,Nayagarh,2015-16,1550,1550,ok
2,50,Farm Harvest,Wheat,24,Nayagarh,2016-17,1600,1600,ok
2,50,Farm Harvest,Wheat,24,Nayagarh,2017-18,1619,1619,ok
2,50,Farm Harvest,Wheat,24,Nayagarh,2018-19,-,,dash
2,50,Farm Harvest,Wheat,25,Nuapara,2013-14,1495,1495,ok
2,50,Farm Harvest,Wheat,25,Nuapara,2014-15,-,,dash
2,50,Farm Harvest,Wheat,25,Nuapara,2015-16,-,,dash
2,50,Farm Harvest,Wheat,25,Nuapara,2016-17,-,,dash
2,50,Farm Harvest,Wheat,25,Nuapara,2017-18,-,,dash
2,50,Farm Harvest,Wheat,25,Nuapara,2018-19,-,,dash
2,50,Farm Harvest,Wheat,26,Puri,2013-14,-,,dash
2,50,Farm Harvest,Wheat,26,Puri,2014-15,-,,dash
2,50,Farm Harvest,Wheat,26,Puri,2015-16,-,,dash
2,50,Farm Harvest,Wheat,26,Puri,2016-17,-,,dash
2,50,Farm Harvest,Wheat,26,Puri,2017-18,1500,1500,ok
2,50,Farm Harvest,Wheat,26,Puri,2018-19,-,,dash
2,50,Farm Harvest,Wheat,27,Rayagada,2013-14,-,,dash
2,50,Farm Harvest,Wheat,27,Rayagada,2014-15,-,,dash
2,50,Farm Harvest,Wheat,27,Rayagada,2015-16,-,,dash
2,50,Farm Harvest,Wheat,27,Rayagada,2016-17,-,,dash
2,50,Farm Harvest,Wheat,27,Rayagada,2017-18,-,,dash
2,50,Farm Harvest,Wheat,27,Rayagada,2018-19,-,,dash
2,50,Farm Harvest,Wheat,28,Sambalpur,2013-14,1475,1475,ok
2,50,Farm Harvest,Wheat,28,Sambalpur,2014-15,1525,1525,ok
2,50,Farm Harvest,Wheat,28,Sambalpur,2015-16,1550,1550,ok
2,50,Farm Harvest,Wheat,28,Sambalpur,2016-17,1623,1623,ok
2,50,Farm Harvest,Wheat,28,Sambalpur,2017-18,-,,dash
2,50,Farm Harvest,Wheat,28,Sambalpur,2018-19,1750,1750,ok
2,50,Farm Harvest,Wheat,29,Sonepur,2013-14,1500,1500,ok
2,50,Farm Harvest,Wheat,29,Sonepur,2014-15,1550,1550,ok
2,50,Farm Harvest,Wheat,29,Sonepur,2015-16,1575,1575,ok
2,50,Farm Harvest,Wheat,29,Sonepur,2016-17,1650,1650,ok
2,50,Farm Harvest,Wheat,29,Sonepur,2017-18,-,,dash
2,50,Farm Harvest,Wheat,29,Sonepur,2018-19,-,,dash
2,50,Farm Harvest,Wheat,30,Sundargarh,2013-14,1470,1470,ok
2,50,Farm Harvest,Wheat,30,Sundargarh,2014-15,1500,1500,ok
2,50,Farm Harvest,Wheat,30,Sundargarh,2015-16,1700,1700,ok
2,50,Farm Harvest,Wheat,30,Sundargarh,2016-17,1720,1720,ok
2,50,Farm Harvest,Wheat,30,Sundargarh,2017-18,1750,1750,ok
2,50,Farm Harvest,Wheat,30,Sundargarh,2018-19,1750,1750,ok
3,51,Farm Harvest,Maize,1,Angul,2013-14,1049,1049,ok
3,51,Farm Harvest,Maize,1,Angul,2014-15,1135,1135,ok
3,51,Farm Harvest,Maize,1,Angul,2015-16,1250,1250,ok
3,51,Farm Harvest,Maize,1,Angul,2016-17,1588,1588,ok
3,51,Farm Harvest,Maize,1,Angul,2017-18,1536,1536,ok
3,51,Farm Harvest,Maize,1,Angul,2018-19,2000,2000,ok
3,51,Farm Harvest,Maize,2,Balasore,2013-14,-,,dash
3,51,Farm Harvest,Maize,2,Balasore,2014-15,1220,1220,ok
3,51,Farm Harvest,Maize,2,Balasore,2015-16,1350,1350,ok
3,51,Farm Harvest,Maize,2,Balasore,2016-17,1500,1500,ok
3,51,Farm Harvest,Maize,2,Balasore,2017-18,2113,2113,ok
3,51,Farm Harvest,Maize,2,Balasore,2018-19,-,,dash
3,51,Farm Harvest,Maize,3,Bargarh,2013-14,1100,1100,ok
3,51,Farm Harvest,Maize,3,Bargarh,2014-15,1144,1144,ok
3,51,Farm Harvest,Maize,3,Bargarh,2015-16,1300,1300,ok
3,51,Farm Harvest,Maize,3,Bargarh,2016-17,1450,1450,ok
3,51,Farm Harvest,Maize,3,Bargarh,2017-18,-,,dash
3,51,Farm Harvest,Maize,3,Bargarh,2018-19,2175,2175,ok
3,51,Farm Harvest,Maize,4,Bhadrak,2013-14,-,,dash
3,51,Farm Harvest,Maize,4,Bhadrak,2014-15,-,,dash
3,51,Farm Harvest,Maize,4,Bhadrak,2015-16,-,,dash
3,51,Farm Harvest,Maize,4,Bhadrak,2016-17,-,,dash
3,51,Farm Harvest,Maize,4,Bhadrak,2017-18,1520,1520,ok
3,51,Farm Harvest,Maize,4,Bhadrak,2018-19,1500,1500,ok
3,51,Farm Harvest,Maize,5,Bolangir,2013-14,1033,1033,ok
3,51,Farm Harvest,Maize,5,Bolangir,2014-15,1125,1125,ok
3,51,Farm Harvest,Maize,5,Bolangir,2015-16,1265,1265,ok
3,51,Farm Harvest,Maize,5,Bolangir,2016-17,1400,1400,ok
3,51,Farm Harvest,Maize,5,Bolangir,2017-18,-,,dash
3,51,Farm Harvest,Maize,5,Bolangir,2018-19,-,,dash
3,51,Farm Harvest,Maize,6,Boudh,2013-14,-,,dash
3,51,Farm Harvest,Maize,6,Boudh,2014-15,-,,dash
3,51,Farm Harvest,Maize,6,Boudh,2015-16,-,,dash
3,51,Farm Harvest,Maize,6,Boudh,2016-17,1200,1200,ok
3,51,Farm Harvest,Maize,6,Boudh,2017-18,2000,2000,ok
3,51,Farm Harvest,Maize,6,Boudh,2018-19,2000,2000,ok
3,51,Farm Harvest,Maize,7,Cuttack,2013-14,1296,1296,ok
3,51,Farm Harvest,Maize,7,Cuttack,2014-15,1300,1300,ok
3,51,Farm Harvest,Maize,7,Cuttack,2015-16,1400,1400,ok
3,51,Farm Harvest,Maize,7,Cuttack,2016-17,-,,dash
3,51,Farm Harvest,Maize,7,Cuttack,2017-18,-,,dash
3,51,Farm Harvest,Maize,7,Cuttack,2018-19,-,,dash
3,51,Farm Harvest,Maize,8,Deogarh,2013-14,-,,dash
3,51,Farm Harvest,Maize,8,Deogarh,2014-15,-,,dash
3,51,Farm Harvest,Maize,8,Deogarh,2015-16,-,,dash
3,51,Farm Harvest,Maize,8,Deogarh,2016-17,1375,1375,ok
3,51,Farm Harvest,Maize,8,Deogarh,2017-18,1450,1450,ok
3,51,Farm Harvest,Maize,8,Deogarh,2018-19,2517,2517,ok
3,51,Farm Harvest,Maize,9,Dhenkanal,2013-14,1030,1030,ok
3,51,Farm Harvest,Maize,9,Dhenkanal,2014-15,1175,1175,ok
3,51,Farm Harvest,Maize,9,Dhenkanal,2015-16,1300,1300,ok
3,51,Farm Harvest,Maize,9,Dhenkanal,2016-17,1600,1600,ok
3,51,Farm Harvest,Maize,9,Dhenkanal,2017-18,1584,1584,ok
3,51,Farm Harvest,Maize,9,Dhenkanal,2018-19,1743,1743,ok
3,51,Farm Harvest,Maize,10,Gajapati,2013-14,1000,1000,ok
3,51,Farm Harvest,Maize,10,Gajapati,2014-15,1170,1170,ok
3,51,Farm Harvest,Maize,10,Gajapati,2015-16,1300,1300,ok
3,51,Farm Harvest,Maize,10,Gajapati,2016-17,1300,1300,ok
3,51,Farm Harvest,Maize,10,Gajapati,2017-18,1306,1306,ok
3,51,Farm Harvest,Maize,10,Gajapati,2018-19,1383,1383,ok
3,51,Farm Harvest,Maize,11,Ganjam,2013-14,1150,1150,ok
3,51,Farm Harvest,Maize,11,Ganjam,2014-15,1200,1200,ok
3,51,Farm Harvest,Maize,11,Ganjam,2015-16,1325,1325,ok
3,51,Farm Harvest,Maize,11,Ganjam,2016-17,1350,1350,ok
3,51,Farm Harvest,Maize,11,Ganjam,2017-18,2044,2044,ok
3,51,Farm Harvest,Maize,11,Ganjam,2018-19,1406,1406,ok
3,51,Farm Harvest,Maize,12,Jagatsinghpur,2013-14,1260,1260,ok
3,51,Farm Harvest,Maize,12,Jagatsinghpur,2014-15,1280,1280,ok
3,51,Farm Harvest,Maize,12,Jagatsinghpur,2015-16,1350,1350,ok
3,51,Farm Harvest,Maize,12,Jagatsinghpur,2016-17,-,,dash
3,51,Farm Harvest,Maize,12,Jagatsinghpur,2017-18,-,,dash
3,51,Farm Harvest,Maize,12,Jagatsinghpur,2018-19,-,,dash
3,51,Farm Harvest,Maize,13,Jajpur,2013-14,-,,dash
3,51,Farm Harvest,Maize,13,Jajpur,2014-15,-,,dash
3,51,Farm Harvest,Maize,13,Jajpur,2015-16,-,,dash
3,51,Farm Harvest,Maize,13,Jajpur,2016-17,1500,1500,ok
3,51,Farm Harvest,Maize,13,Jajpur,2017-18,-,,dash
3,51,Farm Harvest,Maize,13,Jajpur,2018-19,2150,2150,ok
3,51,Farm Harvest,Maize,14,Jharsuguda,2013-14,1160,1160,ok
3,51,Farm Harvest,Maize,14,Jharsuguda,2014-15,1200,1200,ok
3,51,Farm Harvest,Maize,14,Jharsuguda,2015-16,1320,1320,ok
3,51,Farm Harvest,Maize,14,Jharsuguda,2016-17,1400,1400,ok
3,51,Farm Harvest,Maize,14,Jharsuguda,2017-18,2000,2000,ok
3,51,Farm Harvest,Maize,14,Jharsuguda,2018-19,1425,1425,ok
3,51,Farm Harvest,Maize,15,Kalahandi,2013-14,1010,1010,ok
3,51,Farm Harvest,Maize,15,Kalahandi,2014-15,1206,1206,ok
3,51,Farm Harvest,Maize,15,Kalahandi,2015-16,1300,1300,ok
3,51,Farm Harvest,Maize,15,Kalahandi,2016-17,1333,1333,ok
3,51,Farm Harvest,Maize,15,Kalahandi,2017-18,1375,1375,ok
3,51,Farm Harvest,Maize,15,Kalahandi,2018-19,1457,1457,ok
3,51,Farm Harvest,Maize,16,Kandhamal,2013-14,1190,1190,ok
3,51,Farm Harvest,Maize,16,Kandhamal,2014-15,1333,1333,ok
3,51,Farm Harvest,Maize,16,Kandhamal,2015-16,1375,1375,ok
3,51,Farm Harvest,Maize,16,Kandhamal,2016-17,1500,1500,ok
3,51,Farm Harvest,Maize,16,Kandhamal,2017-18,1167,1167,ok
3,51,Farm Harvest,Maize,16,Kandhamal,2018-19,1167,1167,ok
3,51,Farm Harvest,Maize,17,Kendrapara,2013-14,-,,dash
3,51,Farm Harvest,Maize,17,Kendrapara,2014-15,-,,dash
3,51,Farm Harvest,Maize,17,Kendrapara,2015-16,-,,dash
3,51,Farm Harvest,Maize,17,Kendrapara,2016-17,-,,dash
3,51,Farm Harvest,Maize,17,Kendrapara,2017-18,-,,dash
3,51,Farm Harvest,Maize,17,Kendrapara,2018-19,-,,dash
3,51,Farm Harvest,Maize,18,Keonjhar,2013-14,1050,1050,ok
3,51,Farm Harvest,Maize,18,Keonjhar,2014-15,1258,1258,ok
3,51,Farm Harvest,Maize,18,Keonjhar,2015-16,1350,1350,ok
3,51,Farm Harvest,Maize,18,Keonjhar,2016-17,1483,1483,ok
3,51,Farm Harvest,Maize,18,Keonjhar,2017-18,1828,1828,ok
3,51,Farm Harvest,Maize,18,Keonjhar,2018-19,1677,1677,ok
3,51,Farm Harvest,Maize,19,Khurda,2013-14,-,,dash
3,51,Farm Harvest,Maize,19,Khurda,2014-15,-,,dash
3,51,Farm Harvest,Maize,19,Khurda,2015-16,-,,dash
3,51,Farm Harvest,Maize,19,Khurda,2016-17,1600,1600,ok
3,51,Farm Harvest,Maize,19,Khurda,2017-18,1670,1670,ok
3,51,Farm Harvest,Maize,19,Khurda,2018-19,1670,1670,ok
3,51,Farm Harvest,Maize,20,Koraput,2013-14,1100,1100,ok
3,51,Farm Harvest,Maize,20,Koraput,2014-15,1250,1250,ok
3,51,Farm Harvest,Maize,20,Koraput,2015-16,1320,1320,ok
3,51,Farm Harvest,Maize,20,Koraput,2016-17,1333,1333,ok
3,51,Farm Harvest,Maize,20,Koraput,2017-18,2183,2183,ok
3,51,Farm Harvest,Maize,20,Koraput,2018-19,1864,1864,ok
3,51,Farm Harvest,Maize,21,Malkangiri,2013-14,1090,1090,ok
3,51,Farm Harvest,Maize,21,Malkangiri,2014-15,1280,1280,ok
3,51,Farm Harvest,Maize,21,Malkangiri,2015-16,1350,1350,ok
3,51,Farm Harvest,Maize,21,Malkangiri,2016-17,1420,1420,ok
3,51,Farm Harvest,Maize,21,Malkangiri,2017-18,1490,1490,ok
3,51,Farm Harvest,Maize,21,Malkangiri,2018-19,1490,1490,ok
3,51,Farm Harvest,Maize,22,Mayurbhanj,2013-14,1040,1040,ok
3,51,Farm Harvest,Maize,22,Mayurbhanj,2014-15,1218,1218,ok
3,51,Farm Harvest,Maize,22,Mayurbhanj,2015-16,1283,1283,ok
3,51,Farm Harvest,Maize,22,Mayurbhanj,2016-17,1345,1345,ok
3,51,Farm Harvest,Maize,22,Mayurbhanj,2017-18,2340,2340,ok
3,51,Farm Harvest,Maize,22,Mayurbhanj,2018-19,1708,1708,ok
3,51,Farm Harvest,Maize,23,Nabarangapur,2013-14,1006,1006,ok
3,51,Farm Harvest,Maize,23,Nabarangapur,2014-15,1098,1098,ok
3,51,Farm Harvest,Maize,23,Nabarangapur,2015-16,1159,1159,ok
3,51,Farm Harvest,Maize,23,Nabarangapur,2016-17,1200,1200,ok
3,51,Farm Harvest,Maize,23,Nabarangapur,2017-18,1470,1470,ok
3,51,Farm Harvest,Maize,23,Nabarangapur,2018-19,1343,1343,ok
3,51,Farm Harvest,Maize,24,Nayagarh,2013-14,1200,1200,ok
3,51,Farm Harvest,Maize,24,Nayagarh,2014-15,1320,1320,ok
3,51,Farm Harvest,Maize,24,Nayagarh,2015-16,1199,1199,ok
3,51,Farm Harvest,Maize,24,Nayagarh,2016-17,1500,1500,ok
3,51,Farm Harvest,Maize,24,Nayagarh,2017-18,1889,1889,ok
3,51,Farm Harvest,Maize,24,Nayagarh,2018-19,1450,1450,ok
3,51,Farm Harvest,Maize,25,Nuapara,2013-14,1120,1120,ok
3,51,Farm Harvest,Maize,25,Nuapara,2014-15,1175,1175,ok
3,51,Farm Harvest,Maize,25,Nuapara,2015-16,-,,dash
3,51,Farm Harvest,Maize,25,Nuapara,2016-17,-,,dash
3,51,Farm Harvest,Maize,25,Nuapara,2017-18,1089,1089,ok
3,51,Farm Harvest,Maize,25,Nuapara,2018-19,1500,1500,ok
3,51,Farm Harvest,Maize,26,Puri,2013-14,-,,dash
3,51,Farm Harvest,Maize,26,Puri,2014-15,-,,dash
3,51,Farm Harvest,Maize,26,Puri,2015-16,-,,dash
3,51,Farm Harvest,Maize,26,Puri,2016-17,-,,dash
3,51,Farm Harvest,Maize,26,Puri,2017-18,-,,dash
3,51,Farm Harvest,Maize,26,Puri,2018-19,-,,dash
3,51,Farm Harvest,Maize,27,Rayagada,2013-14,1111,1111,ok
3,51,Farm Harvest,Maize,27,Rayagada,2014-15,1134,1134,ok
3,51,Farm Harvest,Maize,27,Rayagada,2015-16,1149,1149,ok
3,51,Farm Harvest,Maize,27,Rayagada,2016-17,1242,1242,ok
3,51,Farm Harvest,Maize,27,Rayagada,2017-18,1341,1341,ok
3,51,Farm Harvest,Maize,27,Rayagada,2018-19,1583,1583,ok
3,51,Farm Harvest,Maize,28,Sambalpur,2013-14,1100,1100,ok
3,51,Farm Harvest,Maize,28,Sambalpur,2014-15,1200,1200,ok
3,51,Farm Harvest,Maize,28,Sambalpur,2015-16,2160,2160,ok
3,51,Farm Harvest,Maize,28,Sambalpur,2016-17,1675,1675,ok
3,51,Farm Harvest,Maize,28,Sambalpur,2017-18,2633,2633,ok
3,51,Farm Harvest,Maize,28,Sambalpur,2018-19,2418,2418,ok
3,51,Farm Harvest,Maize,29,Sonepur,2013-14,1200,1200,ok
3,51,Farm Harvest,Maize,29,Sonepur,2014-15,1275,1275,ok
3,51,Farm Harvest,Maize,29,Sonepur,2015-16,-,,dash
3,51,Farm Harvest,Maize,29,Sonepur,2016-17,1400,1400,ok
3,51,Farm Harvest,Maize,29,Sonepur,2017-18,1338,1338,ok
3,51,Farm Harvest,Maize,29,Sonepur,2018-19,2375,2375,ok
3,51,Farm Harvest,Maize,30,Sundargarh,2013-14,-,,dash
3,51,Farm Harvest,Maize,30,Sundargarh,2014-15,-,,dash
3,51,Farm Harvest,Maize,30,Sundargarh,2015-16,-,,dash
3,51,Farm Harvest,Maize,30,Sundargarh,2016-17,1400,1400,ok
3,51,Farm Harvest,Maize,30,Sundargarh,2017-18,2500,2500,ok
3,51,Farm Harvest,Maize,30,Sundargarh,2018-19,1919,1919,ok
4,52,Farm Harvest,Ragi,1,Angul,2013-14,1411,1411,ok
4,52,Farm Harvest,Ragi,1,Angul,2014-15,1566,1566,ok
4,52,Farm Harvest,Ragi,1,Angul,2015-16,1650,1650,ok
4,52,Farm Harvest,Ragi,1,Angul,2016-17,1800,1800,ok
4,52,Farm Harvest,Ragi,1,Angul,2017-18,1800,1800,ok
4,52,Farm Harvest,Ragi,1,Angul,2018-19,2280,2280,ok
4,52,Farm Harvest,Ragi,2,Balasore,2013-14,-,,dash
4,52,Farm Harvest,Ragi,2,Balasore,2014-15,-,,dash
4,52,Farm Harvest,Ragi,2,Balasore,2015-16,-,,dash
4,52,Farm Harvest,Ragi,2,Balasore,2016-17,-,,dash
4,52,Farm Harvest,Ragi,2,Balasore,2017-18,-,,dash
4,52,Farm Harvest,Ragi,2,Balasore,2018-19,-,,dash
4,52,Farm Harvest,Ragi,3,Bargarh,2013-14,-,,dash
4,52,Farm Harvest,Ragi,3,Bargarh,2014-15,-,,dash
4,52,Farm Harvest,Ragi,3,Bargarh,2015-16,-,,dash
4,52,Farm Harvest,Ragi,3,Bargarh,2016-17,1988,1988,ok
4,52,Farm Harvest,Ragi,3,Bargarh,2017-18,-,,dash
4,52,Farm Harvest,Ragi,3,Bargarh,2018-19,-,,dash
4,52,Farm Harvest,Ragi,4,Bhadrak,2013-14,-,,dash
4,52,Farm Harvest,Ragi,4,Bhadrak,2014-15,-,,dash
4,52,Farm Harvest,Ragi,4,Bhadrak,2015-16,-,,dash
4,52,Farm Harvest,Ragi,4,Bhadrak,2016-17,-,,dash
4,52,Farm Harvest,Ragi,4,Bhadrak,2017-18,-,,dash
4,52,Farm Harvest,Ragi,4,Bhadrak,2018-19,-,,dash
4,52,Farm Harvest,Ragi,5,Bolangir,2013-14,1300,1300,ok
4,52,Farm Harvest,Ragi,5,Bolangir,2014-15,1465,1465,ok
4,52,Farm Harvest,Ragi,5,Bolangir,2015-16,1600,1600,ok
4,52,Farm Harvest,Ragi,5,Bolangir,2016-17,1750,1750,ok
4,52,Farm Harvest,Ragi,5,Bolangir,2017-18,-,,dash
4,52,Farm Harvest,Ragi,5,Bolangir,2018-19,-,,dash
4,52,Farm Harvest,Ragi,6,Boudh,2013-14,1420,1420,ok
4,52,Farm Harvest,Ragi,6,Boudh,2014-15,1490,1490,ok
4,52,Farm Harvest,Ragi,6,Boudh,2015-16,1620,1620,ok
4,52,Farm Harvest,Ragi,6,Boudh,2016-17,1765,1765,ok
4,52,Farm Harvest,Ragi,6,Boudh,2017-18,-,,dash
4,52,Farm Harvest,Ragi,6,Boudh,2018-19,-,,dash
4,52,Farm Harvest,Ragi,7,Cuttack,2013-14,1400,1400,ok
4,52,Farm Harvest,Ragi,7,Cuttack,2014-15,1450,1450,ok
4,52,Farm Harvest,Ragi,7,Cuttack,2015-16,1585,1585,ok
4,52,Farm Harvest,Ragi,7,Cuttack,2016-17,2050,2050,ok
4,52,Farm Harvest,Ragi,7,Cuttack,2017-18,-,,dash
4,52,Farm Harvest,Ragi,7,Cuttack,2018-19,-,,dash
4,52,Farm Harvest,Ragi,8,Deogarh,2013-14,-,,dash
4,52,Farm Harvest,Ragi,8,Deogarh,2014-15,-,,dash
4,52,Farm Harvest,Ragi,8,Deogarh,2015-16,-,,dash
4,52,Farm Harvest,Ragi,8,Deogarh,2016-17,1900,1900,ok
4,52,Farm Harvest,Ragi,8,Deogarh,2017-18,2250,2250,ok
4,52,Farm Harvest,Ragi,8,Deogarh,2018-19,-,,dash
4,52,Farm Harvest,Ragi,9,Dhenkanal,2013-14,1400,1400,ok
4,52,Farm Harvest,Ragi,9,Dhenkanal,2014-15,1450,1450,ok
4,52,Farm Harvest,Ragi,9,Dhenkanal,2015-16,1575,1575,ok
4,52,Farm Harvest,Ragi,9,Dhenkanal,2016-17,1700,1700,ok
4,52,Farm Harvest,Ragi,9,Dhenkanal,2017-18,-,,dash
4,52,Farm Harvest,Ragi,9,Dhenkanal,2018-19,-,,dash
4,52,Farm Harvest,Ragi,10,Gajapati,2013-14,1252,1252,ok
4,52,Farm Harvest,Ragi,10,Gajapati,2014-15,1300,1300,ok
4,52,Farm Harvest,Ragi,10,Gajapati,2015-16,1500,1500,ok
4,52,Farm Harvest,Ragi,10,Gajapati,2016-17,1750,1750,ok
4,52,Farm Harvest,Ragi,10,Gajapati,2017-18,1844,1844,ok
4,52,Farm Harvest,Ragi,10,Gajapati,2018-19,2717,2717,ok
4,52,Farm Harvest,Ragi,11,Ganjam,2013-14,1250,1250,ok
4,52,Farm Harvest,Ragi,11,Ganjam,2014-15,1300,1300,ok
4,52,Farm Harvest,Ragi,11,Ganjam,2015-16,1500,1500,ok
4,52,Farm Harvest,Ragi,11,Ganjam,2016-17,1629,1629,ok
4,52,Farm Harvest,Ragi,11,Ganjam,2017-18,1909,1909,ok
4,52,Farm Harvest,Ragi,11,Ganjam,2018-19,2200,2200,ok
4,52,Farm Harvest,Ragi,12,Jagatsinghpur,2013-14,-,,dash
4,52,Farm Harvest,Ragi,12,Jagatsinghpur,2014-15,-,,dash
4,52,Farm Harvest,Ragi,12,Jagatsinghpur,2015-16,-,,dash
4,52,Farm Harvest,Ragi,12,Jagatsinghpur,2016-17,-,,dash
4,52,Farm Harvest,Ragi,12,Jagatsinghpur,2017-18,-,,dash
4,52,Farm Harvest,Ragi,12,Jagatsinghpur,2018-19,-,,dash
4,52,Farm Harvest,Ragi,13,Jajpur,2013-14,-,,dash
4,52,Farm Harvest,Ragi,13,Jajpur,2014-15,-,,dash
4,52,Farm Harvest,Ragi,13,Jajpur,2015-16,-,,dash
4,52,Farm Harvest,Ragi,13,Jajpur,2016-17,-,,dash
4,52,Farm Harvest,Ragi,13,Jajpur,2017-18,-,,dash
4,52,Farm Harvest,Ragi,13,Jajpur,2018-19,-,,dash
4,52,Farm Harvest,Ragi,14,Jharsuguda,2013-14,-,,dash
4,52,Farm Harvest,Ragi,14,Jharsuguda,2014-15,-,,dash
4,52,Farm Harvest,Ragi,14,Jharsuguda,2015-16,-,,dash
4,52,Farm Harvest,Ragi,14,Jharsuguda,2016-17,-,,dash
4,52,Farm Harvest,Ragi,14,Jharsuguda,2017-18,-,,dash
4,52,Farm Harvest,Ragi,14,Jharsuguda,2018-19,-,,dash
4,52,Farm Harvest,Ragi,15,Kalahandi,2013-14,1350,1350,ok
4,52,Farm Harvest,Ragi,15,Kalahandi,2014-15,1400,1400,ok
4,52,Farm Harvest,Ragi,15,Kalahandi,2015-16,1600,1600,ok
4,52,Farm Harvest,Ragi,15,Kalahandi,2016-17,1850,1850,ok
4,52,Farm Harvest,Ragi,15,Kalahandi,2017-18,1800,1800,ok
4,52,Farm Harvest,Ragi,15,Kalahandi,2018-19,2220,2220,ok
4,52,Farm Harvest,Ragi,16,Kandhamal,2013-14,1400,1400,ok
4,52,Farm Harvest,Ragi,16,Kandhamal,2014-15,1438,1438,ok
4,52,Farm Harvest,Ragi,16,Kandhamal,2015-16,1650,1650,ok
4,52,Farm Harvest,Ragi,16,Kandhamal,2016-17,,,blank
4,52,Farm Harvest,Ragi,16,Kandhamal,2017-18,1733,1733,ok
4,52,Farm Harvest,Ragi,16,Kandhamal,2018-19,2033,2033,ok
4,52,Farm Harvest,Ragi,17,Kendrapara,2013-14,-,,dash
4,52,Farm Harvest,Ragi,17,Kendrapara,2014-15,-,,dash
4,52,Farm Harvest,Ragi,17,Kendrapara,2015-16,-,,dash
4,52,Farm Harvest,Ragi,17,Kendrapara,2016-17,-,,dash
4,52,Farm Harvest,Ragi,17,Kendrapara,2017-18,-,,dash
4,52,Farm Harvest,Ragi,17,Kendrapara,2018-19,-,,dash
4,52,Farm Harvest,Ragi,18,Keonjhar,2013-14,-,,dash
4,52,Farm Harvest,Ragi,18,Keonjhar,2014-15,-,,dash
4,52,Farm Harvest,Ragi,18,Keonjhar,2015-16,-,,dash
4,52,Farm Harvest,Ragi,18,Keonjhar,2016-17,2100,2100,ok
4,52,Farm Harvest,Ragi,18,Keonjhar,2017-18,-,,dash
4,52,Farm Harvest,Ragi,18,Keonjhar,2018-19,-,,dash
4,52,Farm Harvest,Ragi,19,Khurda,2013-14,1500,1500,ok
4,52,Farm Harvest,Ragi,19,Khurda,2014-15,1533,1533,ok
4,52,Farm Harvest,Ragi,19,Khurda,2015-16,1685,1685,ok
4,52,Farm Harvest,Ragi,19,Khurda,2016-17,-,,dash
4,52,Farm Harvest,Ragi,19,Khurda,2017-18,1950,1950,ok
4,52,Farm Harvest,Ragi,19,Khurda,2018-19,2100,2100,ok
4,52,Farm Harvest,Ragi,20,Koraput,2013-14,1220,1220,ok
4,52,Farm Harvest,Ragi,20,Koraput,2014-15,1266,1266,ok
4,52,Farm Harvest,Ragi,20,Koraput,2015-16,1476,1476,ok
4,52,Farm Harvest,Ragi,20,Koraput,2016-17,1609,1609,ok
4,52,Farm Harvest,Ragi,20,Koraput,2017-18,1741,1741,ok
4,52,Farm Harvest,Ragi,20,Koraput,2018-19,2171,2171,ok
4,52,Farm Harvest,Ragi,21,Malkangiri,2013-14,1260,1260,ok
4,52,Farm Harvest,Ragi,21,Malkangiri,2014-15,1325,1325,ok
4,52,Farm Harvest,Ragi,21,Malkangiri,2015-16,1463,1463,ok
4,52,Farm Harvest,Ragi,21,Malkangiri,2016-17,1644,1644,ok
4,52,Farm Harvest,Ragi,21,Malkangiri,2017-18,2094,2094,ok
4,52,Farm Harvest,Ragi,21,Malkangiri,2018-19,2322,2322,ok
4,52,Farm Harvest,Ragi,22,Mayurbhanj,2013-14,-,,dash
4,52,Farm Harvest,Ragi,22,Mayurbhanj,2014-15,-,,dash
4,52,Farm Harvest,Ragi,22,Mayurbhanj,2015-16,-,,dash
4,52,Farm Harvest,Ragi,22,Mayurbhanj,2016-17,-,,dash
4,52,Farm Harvest,Ragi,22,Mayurbhanj,2017-18,-,,dash
4,52,Farm Harvest,Ragi,22,Mayurbhanj,2018-19,2280,2280,ok
4,52,Farm Harvest,Ragi,23,Nabarangapur,2013-14,1365,1365,ok
4,52,Farm Harvest,Ragi,23,Nabarangapur,2014-15,1399,1399,ok
4,52,Farm Harvest,Ragi,23,Nabarangapur,2015-16,1588,1588,ok
4,52,Farm Harvest,Ragi,23,Nabarangapur,2016-17,1829,1829,ok
4,52,Farm Harvest,Ragi,23,Nabarangapur,2017-18,1550,1550,ok
4,52,Farm Harvest,Ragi,23,Nabarangapur,2018-19,2050,2050,ok
4,52,Farm Harvest,Ragi,24,Nayagarh,2013-14,1500,1500,ok
4,52,Farm Harvest,Ragi,24,Nayagarh,2014-15,1525,1525,ok
4,52,Farm Harvest,Ragi,24,Nayagarh,2015-16,1675,1675,ok
4,52,Farm Harvest,Ragi,24,Nayagarh,2016-17,2175,2175,ok
4,52,Farm Harvest,Ragi,24,Nayagarh,2017-18,1929,1929,ok
4,52,Farm Harvest,Ragi,24,Nayagarh,2018-19,-,,dash
4,52,Farm Harvest,Ragi,25,Nuapara,2013-14,1400,1400,ok
4,52,Farm Harvest,Ragi,25,Nuapara,2014-15,1450,1450,ok
4,52,Farm Harvest,Ragi,25,Nuapara,2015-16,1645,1645,ok
4,52,Farm Harvest,Ragi,25,Nuapara,2016-17,1500,1500,ok
4,52,Farm Harvest,Ragi,25,Nuapara,2017-18,1886,1886,ok
4,52,Farm Harvest,Ragi,25,Nuapara,2018-19,2300,2300,ok
4,52,Farm Harvest,Ragi,26,Puri,2013-14,1550,1550,ok
4,52,Farm Harvest,Ragi,26,Puri,2014-15,1555,1555,ok
4,52,Farm Harvest,Ragi,26,Puri,2015-16,1700,1700,ok
4,52,Farm Harvest,Ragi,26,Puri,2016-17,-,,dash
4,52,Farm Harvest,Ragi,26,Puri,2017-18,3000,3000,ok
4,52,Farm Harvest,Ragi,26,Puri,2018-19,-,,dash
4,52,Farm Harvest,Ragi,27,Rayagada,2013-14,1293,1293,ok
4,52,Farm Harvest,Ragi,27,Rayagada,2014-15,1481,1481,ok
4,52,Farm Harvest,Ragi,27,Rayagada,2015-16,1650,1650,ok
4,52,Farm Harvest,Ragi,27,Rayagada,2016-17,1713,1713,ok
4,52,Farm Harvest,Ragi,27,Rayagada,2017-18,1617,1617,ok
4,52,Farm Harvest,Ragi,27,Rayagada,2018-19,2224,2224,ok
4,52,Farm Harvest,Ragi,28,Sambalpur,2013-14,1400,1400,ok
4,52,Farm Harvest,Ragi,28,Sambalpur,2014-15,1493,1493,ok
4,52,Farm Harvest,Ragi,28,Sambalpur,2015-16,1665,1665,ok
4,52,Farm Harvest,Ragi,28,Sambalpur,2016-17,2491,2491,ok
4,52,Farm Harvest,Ragi,28,Sambalpur,2017-18,-,,dash
4,52,Farm Harvest,Ragi,28,Sambalpur,2018-19,2886,2886,ok
4,52,Farm Harvest,Ragi,29,Sonepur,2013-14,1750,1750,ok
4,52,Farm Harvest,Ragi,29,Sonepur,2014-15,1700,1700,ok
4,52,Farm Harvest,Ragi,29,Sonepur,2015-16,1720,1720,ok
4,52,Farm Harvest,Ragi,29,Sonepur,2016-17,-,,dash
4,52,Farm Harvest,Ragi,29,Sonepur,2017-18,-,,dash
4,52,Farm Harvest,Ragi,29,Sonepur,2018-19,-,,dash
4,52,Farm Harvest,Ragi,30,Sundargarh,2013-14,-,,dash
4,52,Farm Harvest,Ragi,30,Sundargarh,2014-15,-,,dash
4,52,Farm Harvest,Ragi,30,Sundargarh,2015-16,-,,dash
4,52,Farm Harvest,Ragi,30,Sundargarh,2016-17,-,,dash
4,52,Farm Harvest,Ragi,30,Sundargarh,2017-18,-,,dash
4,52,Farm Harvest,Ragi,30,Sundargarh,2018-19,2705,2705,ok
5,53,Farm Harvest,Mung,1,Angul,2013-14,5003,5003,ok
5,53,Farm Harvest,Mung,1,Angul,2014-15,5360,5360,ok
5,53,Farm Harvest,Mung,1,Angul,2015-16,6137,6137,ok
5,53,Farm Harvest,Mung,1,Angul,2016-17,6347,6347,ok
5,53,Farm Harvest,Mung,1,Angul,2017-18,5669,5669,ok
5,53,Farm Harvest,Mung,1,Angul,2018-19,6836,6836,ok
5,53,Farm Harvest,Mung,2,Balasore,2013-14,4617,4617,ok
5,53,Farm Harvest,Mung,2,Balasore,2014-15,4977,4977,ok
5,53,Farm Harvest,Mung,2,Balasore,2015-16,5814,5814,ok
5,53,Farm Harvest,Mung,2,Balasore,2016-17,6363,6363,ok
5,53,Farm Harvest,Mung,2,Balasore,2017-18,6783,6783,ok
5,53,Farm Harvest,Mung,2,Balasore,2018-19,5854,5854,ok
5,53,Farm Harvest,Mung,3,Bargarh,2013-14,4563,4563,ok
5,53,Farm Harvest,Mung,3,Bargarh,2014-15,5001,5001,ok
5,53,Farm Harvest,Mung,3,Bargarh,2015-16,6000,6000,ok
5,53,Farm Harvest,Mung,3,Bargarh,2016-17,6334,6334,ok
5,53,Farm Harvest,Mung,3,Bargarh,2017-18,5894,5894,ok
5,53,Farm Harvest,Mung,3,Bargarh,2018-19,6171,6171,ok
5,53,Farm Harvest,Mung,4,Bhadrak,2013-14,4700,4700,ok
5,53,Farm Harvest,Mung,4,Bhadrak,2014-15,4900,4900,ok
5,53,Farm Harvest,Mung,4,Bhadrak,2015-16,5850,5850,ok
5,53,Farm Harvest,Mung,4,Bhadrak,2016-17,6300,6300,ok
5,53,Farm Harvest,Mung,4,Bhadrak,2017-18,5600,5600,ok
5,53,Farm Harvest,Mung,4,Bhadrak,2018-19,5901,5901,ok
5,53,Farm Harvest,Mung,5,Bolangir,2013-14,4607,4607,ok
5,53,Farm Harvest,Mung,5,Bolangir,2014-15,5096,5096,ok
5,53,Farm Harvest,Mung,5,Bolangir,2015-16,6150,6150,ok
5,53,Farm Harvest,Mung,5,Bolangir,2016-17,6215,6215,ok
5,53,Farm Harvest,Mung,5,Bolangir,2017-18,6331,6331,ok
5,53,Farm Harvest,Mung,5,Bolangir,2018-19,6500,6500,ok
5,53,Farm Harvest,Mung,6,Boudh,2013-14,5083,5083,ok
5,53,Farm Harvest,Mung,6,Boudh,2014-15,5471,5471,ok
5,53,Farm Harvest,Mung,6,Boudh,2015-16,6300,6300,ok
5,53,Farm Harvest,Mung,6,Boudh,2016-17,6375,6375,ok
5,53,Farm Harvest,Mung,6,Boudh,2017-18,5286,5286,ok
5,53,Farm Harvest,Mung,6,Boudh,2018-19,5861,5861,ok
5,53,Farm Harvest,Mung,7,Cuttack,2013-14,4750,4750,ok
5,53,Farm Harvest,Mung,7,Cuttack,2014-15,5313,5313,ok
5,53,Farm Harvest,Mung,7,Cuttack,2015-16,6150,6150,ok
5,53,Farm Harvest,Mung,7,Cuttack,2016-17,6067,6067,ok
5,53,Farm Harvest,Mung,7,Cuttack,2017-18,6072,6072,ok
5,53,Farm Harvest,Mung,7,Cuttack,2018-19,5586,5586,ok
5,53,Farm Harvest,Mung,8,Deogarh,2013-14,4801,4801,ok
5,53,Farm Harvest,Mung,8,Deogarh,2014-15,5192,5192,ok
5,53,Farm Harvest,Mung,8,Deogarh,2015-16,6200,6200,ok
5,53,Farm Harvest,Mung,8,Deogarh,2016-17,6573,6573,ok
5,53,Farm Harvest,Mung,8,Deogarh,2017-18,6800,6800,ok
5,53,Farm Harvest,Mung,8,Deogarh,2018-19,5762,5762,ok
5,53,Farm Harvest,Mung,9,Dhenkanal,2013-14,4779,4779,ok
5,53,Farm Harvest,Mung,9,Dhenkanal,2014-15,5159,5159,ok
5,53,Farm Harvest,Mung,9,Dhenkanal,2015-16,6000,6000,ok
5,53,Farm Harvest,Mung,9,Dhenkanal,2016-17,6036,6036,ok
5,53,Farm Harvest,Mung,9,Dhenkanal,2017-18,5313,5313,ok
5,53,Farm Harvest,Mung,9,Dhenkanal,2018-19,5475,5475,ok
5,53,Farm Harvest,Mung,10,Gajapati,2013-14,4700,4700,ok
5,53,Farm Harvest,Mung,10,Gajapati,2014-15,5000,5000,ok
5,53,Farm Harvest,Mung,10,Gajapati,2015-16,5867,5867,ok
5,53,Farm Harvest,Mung,10,Gajapati,2016-17,5967,5967,ok
5,53,Farm Harvest,Mung,10,Gajapati,2017-18,5466,5466,ok
5,53,Farm Harvest,Mung,10,Gajapati,2018-19,5957,5957,ok
5,53,Farm Harvest,Mung,11,Ganjam,2013-14,4468,4468,ok
5,53,Farm Harvest,Mung,11,Ganjam,2014-15,4860,4860,ok
5,53,Farm Harvest,Mung,11,Ganjam,2015-16,5750,5750,ok
5,53,Farm Harvest,Mung,11,Ganjam,2016-17,5850,5850,ok
5,53,Farm Harvest,Mung,11,Ganjam,2017-18,6078,6078,ok
5,53,Farm Harvest,Mung,11,Ganjam,2018-19,6050,6050,ok
5,53,Farm Harvest,Mung,12,Jagatsinghpur,2013-14,4638,4638,ok
5,53,Farm Harvest,Mung,12,Jagatsinghpur,2014-15,5303,5303,ok
5,53,Farm Harvest,Mung,12,Jagatsinghpur,2015-16,6125,6125,ok
5,53,Farm Harvest,Mung,12,Jagatsinghpur,2016-17,5992,5992,ok
5,53,Farm Harvest,Mung,12,Jagatsinghpur,2017-18,6220,6220,ok
5,53,Farm Harvest,Mung,12,Jagatsinghpur,2018-19,5251,5251,ok
5,53,Farm Harvest,Mung,13,Jajpur,2013-14,4717,4717,ok
5,53,Farm Harvest,Mung,13,Jajpur,2014-15,5380,5380,ok
5,53,Farm Harvest,Mung,13,Jajpur,2015-16,6185,6185,ok
5,53,Farm Harvest,Mung,13,Jajpur,2016-17,6035,6035,ok
5,53,Farm Harvest,Mung,13,Jajpur,2017-18,6063,6063,ok
5,53,Farm Harvest,Mung,13,Jajpur,2018-19,5675,5675,ok
5,53,Farm Harvest,Mung,14,Jharsuguda,2013-14,-,,dash
5,53,Farm Harvest,Mung,14,Jharsuguda,2014-15,-,,dash
5,53,Farm Harvest,Mung,14,Jharsuguda,2015-16,-,,dash
5,53,Farm Harvest,Mung,14,Jharsuguda,2016-17,-,,dash
5,53,Farm Harvest,Mung,14,Jharsuguda,2017-18,6804,6804,ok
5,53,Farm Harvest,Mung,14,Jharsuguda,2018-19,5689,5689,ok
5,53,Farm Harvest,Mung,15,Kalahandi,2013-14,4729,4729,ok
5,53,Farm Harvest,Mung,15,Kalahandi,2014-15,5327,5327,ok
5,53,Farm Harvest,Mung,15,Kalahandi,2015-16,6183,6183,ok
5,53,Farm Harvest,Mung,15,Kalahandi,2016-17,6283,6283,ok
5,53,Farm Harvest,Mung,15,Kalahandi,2017-18,6556,6556,ok
5,53,Farm Harvest,Mung,15,Kalahandi,2018-19,5790,5790,ok
5,53,Farm Harvest,Mung,16,Kandhamal,2013-14,5100,5100,ok
5,53,Farm Harvest,Mung,16,Kandhamal,2014-15,5532,5532,ok
5,53,Farm Harvest,Mung,16,Kandhamal,2015-16,6100,6100,ok
5,53,Farm Harvest,Mung,16,Kandhamal,2016-17,6539,6539,ok
5,53,Farm Harvest,Mung,16,Kandhamal,2017-18,6821,6821,ok
5,53,Farm Harvest,Mung,16,Kandhamal,2018-19,5200,5200,ok
5,53,Farm Harvest,Mung,17,Kendrapara,2013-14,4697,4697,ok
5,53,Farm Harvest,Mung,17,Kendrapara,2014-15,5336,5336,ok
5,53,Farm Harvest,Mung,17,Kendrapara,2015-16,6125,6125,ok
5,53,Farm Harvest,Mung,17,Kendrapara,2016-17,6300,6300,ok
5,53,Farm Harvest,Mung,17,Kendrapara,2017-18,6500,6500,ok
5,53,Farm Harvest,Mung,17,Kendrapara,2018-19,5450,5450,ok
5,53,Farm Harvest,Mung,18,Keonjhar,2013-14,5350,5350,ok
5,53,Farm Harvest,Mung,18,Keonjhar,2014-15,5733,5733,ok
5,53,Farm Harvest,Mung,18,Keonjhar,2015-16,6233,6233,ok
5,53,Farm Harvest,Mung,18,Keonjhar,2016-17,6100,6100,ok
5,53,Farm Harvest,Mung,18,Keonjhar,2017-18,6539,6539,ok
5,53,Farm Harvest,Mung,18,Keonjhar,2018-19,5518,5518,ok
5,53,Farm Harvest,Mung,19,Khurda,2013-14,4673,4673,ok
5,53,Farm Harvest,Mung,19,Khurda,2014-15,5401,5401,ok
5,53,Farm Harvest,Mung,19,Khurda,2015-16,6150,6150,ok
5,53,Farm Harvest,Mung,19,Khurda,2016-17,6100,6100,ok
5,53,Farm Harvest,Mung,19,Khurda,2017-18,5450,5450,ok
5,53,Farm Harvest,Mung,19,Khurda,2018-19,5358,5358,ok
5,53,Farm Harvest,Mung,20,Koraput,2013-14,5000,5000,ok
5,53,Farm Harvest,Mung,20,Koraput,2014-15,5538,5538,ok
5,53,Farm Harvest,Mung,20,Koraput,2015-16,6175,6175,ok
5,53,Farm Harvest,Mung,20,Koraput,2016-17,-,,dash
5,53,Farm Harvest,Mung,20,Koraput,2017-18,6000,6000,ok
5,53,Farm Harvest,Mung,20,Koraput,2018-19,5975,5975,ok
5,53,Farm Harvest,Mung,21,Malkangiri,2013-14,-,,dash
5,53,Farm Harvest,Mung,21,Malkangiri,2014-15,5700,5700,ok
5,53,Farm Harvest,Mung,21,Malkangiri,2015-16,6200,6200,ok
5,53,Farm Harvest,Mung,21,Malkangiri,2016-17,6500,6500,ok
5,53,Farm Harvest,Mung,21,Malkangiri,2017-18,6146,6146,ok
5,53,Farm Harvest,Mung,21,Malkangiri,2018-19,6123,6123,ok
5,53,Farm Harvest,Mung,22,Mayurbhanj,2013-14,5214,5214,ok
5,53,Farm Harvest,Mung,22,Mayurbhanj,2014-15,5813,5813,ok
5,53,Farm Harvest,Mung,22,Mayurbhanj,2015-16,6220,6220,ok
5,53,Farm Harvest,Mung,22,Mayurbhanj,2016-17,6499,6499,ok
5,53,Farm Harvest,Mung,22,Mayurbhanj,2017-18,5075,5075,ok
5,53,Farm Harvest,Mung,22,Mayurbhanj,2018-19,5621,5621,ok
5,53,Farm Harvest,Mung,23,Nabarangapur,2013-14,-,,dash
5,53,Farm Harvest,Mung,23,Nabarangapur,2014-15,-,,dash
5,53,Farm Harvest,Mung,23,Nabarangapur,2015-16,6300,6300,ok
5,53,Farm Harvest,Mung,23,Nabarangapur,2016-17,6517,6517,ok
5,53,Farm Harvest,Mung,23,Nabarangapur,2017-18,7538,7538,ok
5,53,Farm Harvest,Mung,23,Nabarangapur,2018-19,5431,5431,ok
5,53,Farm Harvest,Mung,24,Nayagarh,2013-14,4573,4573,ok
5,53,Farm Harvest,Mung,24,Nayagarh,2014-15,5300,5300,ok
5,53,Farm Harvest,Mung,24,Nayagarh,2015-16,6131,6131,ok
5,53,Farm Harvest,Mung,24,Nayagarh,2016-17,6255,6255,ok
5,53,Farm Harvest,Mung,24,Nayagarh,2017-18,6078,6078,ok
5,53,Farm Harvest,Mung,24,Nayagarh,2018-19,6275,6275,ok
5,53,Farm Harvest,Mung,25,Nuapara,2013-14,4814,4814,ok
5,53,Farm Harvest,Mung,25,Nuapara,2014-15,5577,5577,ok
5,53,Farm Harvest,Mung,25,Nuapara,2015-16,6200,6200,ok
5,53,Farm Harvest,Mung,25,Nuapara,2016-17,6300,6300,ok
5,53,Farm Harvest,Mung,25,Nuapara,2017-18,5860,5860,ok
5,53,Farm Harvest,Mung,25,Nuapara,2018-19,5500,5500,ok
5,53,Farm Harvest,Mung,26,Puri,2013-14,4520,4520,ok
5,53,Farm Harvest,Mung,26,Puri,2014-15,5300,5300,ok
5,53,Farm Harvest,Mung,26,Puri,2015-16,6000,6000,ok
5,53,Farm Harvest,Mung,26,Puri,2016-17,5950,5950,ok
5,53,Farm Harvest,Mung,26,Puri,2017-18,6250,6250,ok
5,53,Farm Harvest,Mung,26,Puri,2018-19,5925,5925,ok
5,53,Farm Harvest,Mung,27,Rayagada,2013-14,5255,5255,ok
5,53,Farm Harvest,Mung,27,Rayagada,2014-15,5750,5750,ok
5,53,Farm Harvest,Mung,27,Rayagada,2015-16,6200,6200,ok
5,53,Farm Harvest,Mung,27,Rayagada,2016-17,6508,6508,ok
5,53,Farm Harvest,Mung,27,Rayagada,2017-18,5900,5900,ok
5,53,Farm Harvest,Mung,27,Rayagada,2018-19,6307,6307,ok
5,53,Farm Harvest,Mung,28,Sambalpur,2013-14,5000,5000,ok
5,53,Farm Harvest,Mung,28,Sambalpur,2014-15,5563,5563,ok
5,53,Farm Harvest,Mung,28,Sambalpur,2015-16,6150,6150,ok
5,53,Farm Harvest,Mung,28,Sambalpur,2016-17,6271,6271,ok
5,53,Farm Harvest,Mung,28,Sambalpur,2017-18,5308,5308,ok
5,53,Farm Harvest,Mung,28,Sambalpur,2018-19,5743,5743,ok
5,53,Farm Harvest,Mung,29,Sonepur,2013-14,5084,5084,ok
5,53,Farm Harvest,Mung,29,Sonepur,2014-15,5833,5833,ok
5,53,Farm Harvest,Mung,29,Sonepur,2015-16,6200,6200,ok
5,53,Farm Harvest,Mung,29,Sonepur,2016-17,6243,6243,ok
5,53,Farm Harvest,Mung,29,Sonepur,2017-18,-,,dash
5,53,Farm Harvest,Mung,29,Sonepur,2018-19,6319,6319,ok
5,53,Farm Harvest,Mung,30,Sundargarh,2013-14,5300,5300,ok
5,53,Farm Harvest,Mung,30,Sundargarh,2014-15,5900,5900,ok
5,53,Farm Harvest,Mung,30,Sundargarh,2015-16,6250,6250,ok
5,53,Farm Harvest,Mung,30,Sundargarh,2016-17,6167,6167,ok
5,53,Farm Harvest,Mung,30,Sundargarh,2017-18,6200,6200,ok
5,53,Farm Harvest,Mung,30,Sundargarh,2018-19,6529,6529,ok
6,54,Farm Harvest,Biri,1,Angul,2013-14,4488,4488,ok
6,54,Farm Harvest,Biri,1,Angul,2014-15,5066,5066,ok
6,54,Farm Harvest,Biri,1,Angul,2015-16,5533,5533,ok
6,54,Farm Harvest,Biri,1,Angul,2016-17,6018,6018,ok
6,54,Farm Harvest,Biri,1,Angul,2017-18,5847,5847,ok
6,54,Farm Harvest,Biri,1,Angul,2018-19,5496,5496,ok
6,54,Farm Harvest,Biri,2,Balasore,2013-14,4294,4294,ok
6,54,Farm Harvest,Biri,2,Balasore,2014-15,4765,4765,ok
6,54,Farm Harvest,Biri,2,Balasore,2015-16,5350,5350,ok
6,54,Farm Harvest,Biri,2,Balasore,2016-17,5875,5875,ok
6,54,Farm Harvest,Biri,2,Balasore,2017-18,7042,7042,ok
6,54,Farm Harvest,Biri,2,Balasore,2018-19,5192,5192,ok
6,54,Farm Harvest,Biri,3,Bargarh,2013-14,4183,4183,ok
6,54,Farm Harvest,Biri,3,Bargarh,2014-15,4721,4721,ok
6,54,Farm Harvest,Biri,3,Bargarh,2015-16,5340,5340,ok
6,54,Farm Harvest,Biri,3,Bargarh,2016-17,5856,5856,ok
6,54,Farm Harvest,Biri,3,Bargarh,2017-18,5189,5189,ok
6,54,Farm Harvest,Biri,3,Bargarh,2018-19,5458,5458,ok
6,54,Farm Harvest,Biri,4,Bhadrak,2013-14,4163,4163,ok
6,54,Farm Harvest,Biri,4,Bhadrak,2014-15,4659,4659,ok
6,54,Farm Harvest,Biri,4,Bhadrak,2015-16,5260,5260,ok
6,54,Farm Harvest,Biri,4,Bhadrak,2016-17,5500,5500,ok
6,54,Farm Harvest,Biri,4,Bhadrak,2017-18,5639,5639,ok
6,54,Farm Harvest,Biri,4,Bhadrak,2018-19,5985,5985,ok
6,54,Farm Harvest,Biri,5,Bolangir,2013-14,4294,4294,ok
6,54,Farm Harvest,Biri,5,Bolangir,2014-15,4587,4587,ok
6,54,Farm Harvest,Biri,5,Bolangir,2015-16,5076,5076,ok
6,54,Farm Harvest,Biri,5,Bolangir,2016-17,5600,5600,ok
6,54,Farm Harvest,Biri,5,Bolangir,2017-18,6128,6128,ok
6,54,Farm Harvest,Biri,5,Bolangir,2018-19,6400,6400,ok
6,54,Farm Harvest,Biri,6,Boudh,2013-14,4667,4667,ok
6,54,Farm Harvest,Biri,6,Boudh,2014-15,5054,5054,ok
6,54,Farm Harvest,Biri,6,Boudh,2015-16,5600,5600,ok
6,54,Farm Harvest,Biri,6,Boudh,2016-17,5900,5900,ok
6,54,Farm Harvest,Biri,6,Boudh,2017-18,5000,5000,ok
6,54,Farm Harvest,Biri,6,Boudh,2018-19,5028,5028,ok
6,54,Farm Harvest,Biri,7,Cuttack,2013-14,4310,4310,ok
6,54,Farm Harvest,Biri,7,Cuttack,2014-15,4839,4839,ok
6,54,Farm Harvest,Biri,7,Cuttack,2015-16,5500,5500,ok
6,54,Farm Harvest,Biri,7,Cuttack,2016-17,5873,5873,ok
6,54,Farm Harvest,Biri,7,Cuttack,2017-18,6637,6637,ok
6,54,Farm Harvest,Biri,7,Cuttack,2018-19,5948,5948,ok
6,54,Farm Harvest,Biri,8,Deogarh,2013-14,4545,4545,ok
6,54,Farm Harvest,Biri,8,Deogarh,2014-15,4908,4908,ok
6,54,Farm Harvest,Biri,8,Deogarh,2015-16,5475,5475,ok
6,54,Farm Harvest,Biri,8,Deogarh,2016-17,5900,5900,ok
6,54,Farm Harvest,Biri,8,Deogarh,2017-18,6167,6167,ok
6,54,Farm Harvest,Biri,8,Deogarh,2018-19,4858,4858,ok
6,54,Farm Harvest,Biri,9,Dhenkanal,2013-14,4092,4092,ok
6,54,Farm Harvest,Biri,9,Dhenkanal,2014-15,4569,4569,ok
6,54,Farm Harvest,Biri,9,Dhenkanal,2015-16,5200,5200,ok
6,54,Farm Harvest,Biri,9,Dhenkanal,2016-17,5898,5898,ok
6,54,Farm Harvest,Biri,9,Dhenkanal,2017-18,5643,5643,ok
6,54,Farm Harvest,Biri,9,Dhenkanal,2018-19,4857,4857,ok
6,54,Farm Harvest,Biri,10,Gajapati,2013-14,4450,4450,ok
6,54,Farm Harvest,Biri,10,Gajapati,2014-15,4757,4757,ok
6,54,Farm Harvest,Biri,10,Gajapati,2015-16,5394,5394,ok
6,54,Farm Harvest,Biri,10,Gajapati,2016-17,5889,5889,ok
6,54,Farm Harvest,Biri,10,Gajapati,2017-18,5773,5773,ok
6,54,Farm Harvest,Biri,10,Gajapati,2018-19,5695,5695,ok
6,54,Farm Harvest,Biri,11,Ganjam,2013-14,4308,4308,ok
6,54,Farm Harvest,Biri,11,Ganjam,2014-15,4662,4662,ok
6,54,Farm Harvest,Biri,11,Ganjam,2015-16,5300,5300,ok
6,54,Farm Harvest,Biri,11,Ganjam,2016-17,5875,5875,ok
6,54,Farm Harvest,Biri,11,Ganjam,2017-18,5646,5646,ok
6,54,Farm Harvest,Biri,11,Ganjam,2018-19,4975,4975,ok
6,54,Farm Harvest,Biri,12,Jagatsinghpur,2013-14,4400,4400,ok
6,54,Farm Harvest,Biri,12,Jagatsinghpur,2014-15,4831,4831,ok
6,54,Farm Harvest,Biri,12,Jagatsinghpur,2015-16,5450,5450,ok
6,54,Farm Harvest,Biri,12,Jagatsinghpur,2016-17,5738,5738,ok
6,54,Farm Harvest,Biri,12,Jagatsinghpur,2017-18,5860,5860,ok
6,54,Farm Harvest,Biri,12,Jagatsinghpur,2018-19,5774,5774,ok
6,54,Farm Harvest,Biri,13,Jajpur,2013-14,4171,4171,ok
6,54,Farm Harvest,Biri,13,Jajpur,2014-15,4751,4751,ok
6,54,Farm Harvest,Biri,13,Jajpur,2015-16,5443,5443,ok
6,54,Farm Harvest,Biri,13,Jajpur,2016-17,5568,5568,ok
6,54,Farm Harvest,Biri,13,Jajpur,2017-18,5625,5625,ok
6,54,Farm Harvest,Biri,13,Jajpur,2018-19,4700,4700,ok
6,54,Farm Harvest,Biri,14,Jharsuguda,2013-14,4433,4433,ok
6,54,Farm Harvest,Biri,14,Jharsuguda,2014-15,5300,5300,ok
6,54,Farm Harvest,Biri,14,Jharsuguda,2015-16,5750,5750,ok
6,54,Farm Harvest,Biri,14,Jharsuguda,2016-17,-,,dash
6,54,Farm Harvest,Biri,14,Jharsuguda,2017-18,6194,6194,ok
6,54,Farm Harvest,Biri,14,Jharsuguda,2018-19,5761,5761,ok
6,54,Farm Harvest,Biri,15,Kalahandi,2013-14,4437,4437,ok
6,54,Farm Harvest,Biri,15,Kalahandi,2014-15,5068,5068,ok
6,54,Farm Harvest,Biri,15,Kalahandi,2015-16,5550,5550,ok
6,54,Farm Harvest,Biri,15,Kalahandi,2016-17,5989,5989,ok
6,54,Farm Harvest,Biri,15,Kalahandi,2017-18,6238,6238,ok
6,54,Farm Harvest,Biri,15,Kalahandi,2018-19,6836,6836,ok
6,54,Farm Harvest,Biri,16,Kandhamal,2013-14,4633,4633,ok
6,54,Farm Harvest,Biri,16,Kandhamal,2014-15,5074,5074,ok
6,54,Farm Harvest,Biri,16,Kandhamal,2015-16,5467,5467,ok
6,54,Farm Harvest,Biri,16,Kandhamal,2016-17,6000,6000,ok
6,54,Farm Harvest,Biri,16,Kandhamal,2017-18,6629,6629,ok
6,54,Farm Harvest,Biri,16,Kandhamal,2018-19,6800,6800,ok
6,54,Farm Harvest,Biri,17,Kendrapara,2013-14,3828,3828,ok
6,54,Farm Harvest,Biri,17,Kendrapara,2014-15,4446,4446,ok
6,54,Farm Harvest,Biri,17,Kendrapara,2015-16,5075,5075,ok
6,54,Farm Harvest,Biri,17,Kendrapara,2016-17,5983,5983,ok
6,54,Farm Harvest,Biri,17,Kendrapara,2017-18,6460,6460,ok
6,54,Farm Harvest,Biri,17,Kendrapara,2018-19,5470,5470,ok
6,54,Farm Harvest,Biri,18,Keonjhar,2013-14,4500,4500,ok
6,54,Farm Harvest,Biri,18,Keonjhar,2014-15,5163,5163,ok
6,54,Farm Harvest,Biri,18,Keonjhar,2015-16,5578,5578,ok
6,54,Farm Harvest,Biri,18,Keonjhar,2016-17,5975,5975,ok
6,54,Farm Harvest,Biri,18,Keonjhar,2017-18,5374,5374,ok
6,54,Farm Harvest,Biri,18,Keonjhar,2018-19,5170,5170,ok
6,54,Farm Harvest,Biri,19,Khurda,2013-14,4179,4179,ok
6,54,Farm Harvest,Biri,19,Khurda,2014-15,4721,4721,ok
6,54,Farm Harvest,Biri,19,Khurda,2015-16,5400,5400,ok
6,54,Farm Harvest,Biri,19,Khurda,2016-17,5900,5900,ok
6,54,Farm Harvest,Biri,19,Khurda,2017-18,5282,5282,ok
6,54,Farm Harvest,Biri,19,Khurda,2018-19,4980,4980,ok
6,54,Farm Harvest,Biri,20,Koraput,2013-14,4396,4396,ok
6,54,Farm Harvest,Biri,20,Koraput,2014-15,5186,5186,ok
6,54,Farm Harvest,Biri,20,Koraput,2015-16,5475,5475,ok
6,54,Farm Harvest,Biri,20,Koraput,2016-17,5800,5800,ok
6,54,Farm Harvest,Biri,20,Koraput,2017-18,5035,5035,ok
6,54,Farm Harvest,Biri,20,Koraput,2018-19,5817,5817,ok
6,54,Farm Harvest,Biri,21,Malkangiri,2013-14,4250,4250,ok
6,54,Farm Harvest,Biri,21,Malkangiri,2014-15,4874,4874,ok
6,54,Farm Harvest,Biri,21,Malkangiri,2015-16,5250,5250,ok
6,54,Farm Harvest,Biri,21,Malkangiri,2016-17,5700,5700,ok
6,54,Farm Harvest,Biri,21,Malkangiri,2017-18,5607,5607,ok
6,54,Farm Harvest,Biri,21,Malkangiri,2018-19,6296,6296,ok
6,54,Farm Harvest,Biri,22,Mayurbhanj,2013-14,4427,4427,ok
6,54,Farm Harvest,Biri,22,Mayurbhanj,2014-15,5269,5269,ok
6,54,Farm Harvest,Biri,22,Mayurbhanj,2015-16,5560,5560,ok
6,54,Farm Harvest,Biri,22,Mayurbhanj,2016-17,5876,5876,ok
6,54,Farm Harvest,Biri,22,Mayurbhanj,2017-18,5590,5590,ok
6,54,Farm Harvest,Biri,22,Mayurbhanj,2018-19,4856,4856,ok
6,54,Farm Harvest,Biri,23,Nabarangapur,2013-14,4473,4473,ok
6,54,Farm Harvest,Biri,23,Nabarangapur,2014-15,5136,5136,ok
6,54,Farm Harvest,Biri,23,Nabarangapur,2015-16,5533,5533,ok
6,54,Farm Harvest,Biri,23,Nabarangapur,2016-17,5800,5800,ok
6,54,Farm Harvest,Biri,23,Nabarangapur,2017-18,5083,5083,ok
6,54,Farm Harvest,Biri,23,Nabarangapur,2018-19,5067,5067,ok
6,54,Farm Harvest,Biri,24,Nayagarh,2013-14,3950,3950,ok
6,54,Farm Harvest,Biri,24,Nayagarh,2014-15,4793,4793,ok
6,54,Farm Harvest,Biri,24,Nayagarh,2015-16,5275,5275,ok
6,54,Farm Harvest,Biri,24,Nayagarh,2016-17,5700,5700,ok
6,54,Farm Harvest,Biri,24,Nayagarh,2017-18,5558,5558,ok
6,54,Farm Harvest,Biri,24,Nayagarh,2018-19,5631,5631,ok
6,54,Farm Harvest,Biri,25,Nuapada,2013-14,4000,4000,ok
6,54,Farm Harvest,Biri,25,Nuapada,2014-15,4821,4821,ok
6,54,Farm Harvest,Biri,25,Nuapada,2015-16,5375,5375,ok
6,54,Farm Harvest,Biri,25,Nuapada,2016-17,5600,5600,ok
6,54,Farm Harvest,Biri,25,Nuapada,2017-18,5549,5549,ok
6,54,Farm Harvest,Biri,25,Nuapada,2018-19,5700,5700,ok
6,54,Farm Harvest,Biri,26,Puri,2013-14,3913,3913,ok
6,54,Farm Harvest,Biri,26,Puri,2014-15,4800,4800,ok
6,54,Farm Harvest,Biri,26,Puri,2015-16,5500,5500,ok
6,54,Farm Harvest,Biri,26,Puri,2016-17,5900,5900,ok
6,54,Farm Harvest,Biri,26,Puri,2017-18,5990,5990,ok
6,54,Farm Harvest,Biri,26,Puri,2018-19,5125,5125,ok
6,54,Farm Harvest,Biri,27,Rayagada,2013-14,4079,4079,ok
6,54,Farm Harvest,Biri,27,Rayagada,2014-15,4954,4954,ok
6,54,Farm Harvest,Biri,27,Rayagada,2015-16,5364,5364,ok
6,54,Farm Harvest,Biri,27,Rayagada,2016-17,5859,5859,ok
6,54,Farm Harvest,Biri,27,Rayagada,2017-18,5386,5386,ok
6,54,Farm Harvest,Biri,27,Rayagada,2018-19,5428,5428,ok
6,54,Farm Harvest,Biri,28,Sambalpur,2013-14,4486,4486,ok
6,54,Farm Harvest,Biri,28,Sambalpur,2014-15,5162,5162,ok
6,54,Farm Harvest,Biri,28,Sambalpur,2015-16,5486,5486,ok
6,54,Farm Harvest,Biri,28,Sambalpur,2016-17,5871,5871,ok
6,54,Farm Harvest,Biri,28,Sambalpur,2017-18,5214,5214,ok
6,54,Farm Harvest,Biri,28,Sambalpur,2018-19,5841,5841,ok
6,54,Farm Harvest,Biri,29,Sonepur,2013-14,4623,4623,ok
6,54,Farm Harvest,Biri,29,Sonepur,2014-15,5357,5357,ok
6,54,Farm Harvest,Biri,29,Sonepur,2015-16,5675,5675,ok
6,54,Farm Harvest,Biri,29,Sonepur,2016-17,6000,6000,ok
6,54,Farm Harvest,Biri,29,Sonepur,2017-18,6000,6000,ok
6,54,Farm Harvest,Biri,29,Sonepur,2018-19,5783,5783,ok
6,54,Farm Harvest,Biri,30,Sundargarh,2013-14,4425,4425,ok
6,54,Farm Harvest,Biri,30,Sundargarh,2014-15,5239,5239,ok
6,54,Farm Harvest,Biri,30,Sundargarh,2015-16,5608,5608,ok
6,54,Farm Harvest,Biri,30,Sundargarh,2016-17,6000,6000,ok
6,54,Farm Harvest,Biri,30,Sundargarh,2017-18,6289,6289,ok
6,54,Farm Harvest,Biri,30,Sundargarh,2018-19,6794,6794,ok
7,55,Farm Harvest,Kulthi,1,Angul,2013-14,2352,2352,ok
7,55,Farm Harvest,Kulthi,1,Angul,2014-15,2850,2850,ok
7,55,Farm Harvest,Kulthi,1,Angul,2015-16,3081,3081,ok
7,55,Farm Harvest,Kulthi,1,Angul,2016-17,3200,3200,ok
7,55,Farm Harvest,Kulthi,1,Angul,2017-18,3581,3581,ok
7,55,Farm Harvest,Kulthi,1,Angul,2018-19,4249,4249,ok
7,55,Farm Harvest,Kulthi,2,Balasore,2013-14,2350,2350,ok
7,55,Farm Harvest,Kulthi,2,Balasore,2014-15,2800,2800,ok
7,55,Farm Harvest,Kulthi,2,Balasore,2015-16,3067,3067,ok
7,55,Farm Harvest,Kulthi,2,Balasore,2016-17,3300,3300,ok
7,55,Farm Harvest,Kulthi,2,Balasore,2017-18,3020,3020,ok
7,55,Farm Harvest,Kulthi,2,Balasore,2018-19,4900,4900,ok
7,55,Farm Harvest,Kulthi,3,Bargarh,2013-14,2313,2313,ok
7,55,Farm Harvest,Kulthi,3,Bargarh,2014-15,2808,2808,ok
7,55,Farm Harvest,Kulthi,3,Bargarh,2015-16,3175,3175,ok
7,55,Farm Harvest,Kulthi,3,Bargarh,2016-17,3225,3225,ok
7,55,Farm Harvest,Kulthi,3,Bargarh,2017-18,4050,4050,ok
7,55,Farm Harvest,Kulthi,3,Bargarh,2018-19,3854,3854,ok
7,55,Farm Harvest,Kulthi,4,Bhadrak,2013-14,2300,2300,ok
7,55,Farm Harvest,Kulthi,4,Bhadrak,2014-15,2750,2750,ok
7,55,Farm Harvest,Kulthi,4,Bhadrak,2015-16,3100,3100,ok
7,55,Farm Harvest,Kulthi,4,Bhadrak,2016-17,3175,3175,ok
7,55,Farm Harvest,Kulthi,4,Bhadrak,2017-18,3500,3500,ok
7,55,Farm Harvest,Kulthi,4,Bhadrak,2018-19,3300,3300,ok
7,55,Farm Harvest,Kulthi,5,Bolangir,2013-14,2220,2220,ok
7,55,Farm Harvest,Kulthi,5,Bolangir,2014-15,2668,2668,ok
7,55,Farm Harvest,Kulthi,5,Bolangir,2015-16,3121,3121,ok
7,55,Farm Harvest,Kulthi,5,Bolangir,2016-17,3191,3191,ok
7,55,Farm Harvest,Kulthi,5,Bolangir,2017-18,3434,3434,ok
7,55,Farm Harvest,Kulthi,5,Bolangir,2018-19,3100,3100,ok
7,55,Farm Harvest,Kulthi,6,Boudh,2013-14,2200,2200,ok
7,55,Farm Harvest,Kulthi,6,Boudh,2014-15,2571,2571,ok
7,55,Farm Harvest,Kulthi,6,Boudh,2015-16,3150,3150,ok
7,55,Farm Harvest,Kulthi,6,Boudh,2016-17,3000,3000,ok
7,55,Farm Harvest,Kulthi,6,Boudh,2017-18,3571,3571,ok
7,55,Farm Harvest,Kulthi,6,Boudh,2018-19,3429,3429,ok
7,55,Farm Harvest,Kulthi,7,Cuttack,2013-14,2195,2195,ok
7,55,Farm Harvest,Kulthi,7,Cuttack,2014-15,2583,2583,ok
7,55,Farm Harvest,Kulthi,7,Cuttack,2015-16,3167,3167,ok
7,55,Farm Harvest,Kulthi,7,Cuttack,2016-17,3064,3064,ok
7,55,Farm Harvest,Kulthi,7,Cuttack,2017-18,3104,3104,ok
7,55,Farm Harvest,Kulthi,7,Cuttack,2018-19,2929,2929,ok
7,55,Farm Harvest,Kulthi,8,Deogarh,2013-14,2500,2500,ok
7,55,Farm Harvest,Kulthi,8,Deogarh,2014-15,2965,2965,ok
7,55,Farm Harvest,Kulthi,8,Deogarh,2015-16,3267,3267,ok
7,55,Farm Harvest,Kulthi,8,Deogarh,2016-17,3380,3380,ok
7,55,Farm Harvest,Kulthi,8,Deogarh,2017-18,3250,3250,ok
7,55,Farm Harvest,Kulthi,8,Deogarh,2018-19,3515,3515,ok
7,55,Farm Harvest,Kulthi,9,Dhenkanal,2013-14,2213,2213,ok
7,55,Farm Harvest,Kulthi,9,Dhenkanal,2014-15,2633,2633,ok
7,55,Farm Harvest,Kulthi,9,Dhenkanal,2015-16,3000,3000,ok
7,55,Farm Harvest,Kulthi,9,Dhenkanal,2016-17,3071,3071,ok
7,55,Farm Harvest,Kulthi,9,Dhenkanal,2017-18,3250,3250,ok
7,55,Farm Harvest,Kulthi,9,Dhenkanal,2018-19,3577,3577,ok
7,55,Farm Harvest,Kulthi,10,Gajapati,2013-14,2000,2000,ok
7,55,Farm Harvest,Kulthi,10,Gajapati,2014-15,2417,2417,ok
7,55,Farm Harvest,Kulthi,10,Gajapati,2015-16,2867,2867,ok
7,55,Farm Harvest,Kulthi,10,Gajapati,2016-17,3050,3050,ok
7,55,Farm Harvest,Kulthi,10,Gajapati,2017-18,3200,3200,ok
7,55,Farm Harvest,Kulthi,10,Gajapati,2018-19,4457,4457,ok
7,55,Farm Harvest,Kulthi,11,Ganjam,2013-14,1980,1980,ok
7,55,Farm Harvest,Kulthi,11,Ganjam,2014-15,2400,2400,ok
7,55,Farm Harvest,Kulthi,11,Ganjam,2015-16,2850,2850,ok
7,55,Farm Harvest,Kulthi,11,Ganjam,2016-17,3000,3000,ok
7,55,Farm Harvest,Kulthi,11,Ganjam,2017-18,3421,3421,ok
7,55,Farm Harvest,Kulthi,11,Ganjam,2018-19,3415,3415,ok
7,55,Farm Harvest,Kulthi,12,Jagatsinghpur,2013-14,2033,2033,ok
7,55,Farm Harvest,Kulthi,12,Jagatsinghpur,2014-15,2488,2488,ok
7,55,Farm Harvest,Kulthi,12,Jagatsinghpur,2015-16,2920,2920,ok
7,55,Farm Harvest,Kulthi,12,Jagatsinghpur,2016-17,3050,3050,ok
7,55,Farm Harvest,Kulthi,12,Jagatsinghpur,2017-18,3596,3596,ok
7,55,Farm Harvest,Kulthi,12,Jagatsinghpur,2018-19,3174,3174,ok
7,55,Farm Harvest,Kulthi,13,Jajpur,2013-14,1833,1833,ok
7,55,Farm Harvest,Kulthi,13,Jajpur,2014-15,2242,2242,ok
7,55,Farm Harvest,Kulthi,13,Jajpur,2015-16,2971,2971,ok
7,55,Farm Harvest,Kulthi,13,Jajpur,2016-17,3035,3035,ok
7,55,Farm Harvest,Kulthi,13,Jajpur,2017-18,3527,3527,ok
7,55,Farm Harvest,Kulthi,13,Jajpur,2018-19,3378,3378,ok
7,55,Farm Harvest,Kulthi,14,Jharsuguda,2013-14,2500,2500,ok
7,55,Farm Harvest,Kulthi,14,Jharsuguda,2014-15,2900,2900,ok
7,55,Farm Harvest,Kulthi,14,Jharsuguda,2015-16,3100,3100,ok
7,55,Farm Harvest,Kulthi,14,Jharsuguda,2016-17,3250,3250,ok
7,55,Farm Harvest,Kulthi,14,Jharsuguda,2017-18,4835,4835,ok
7,55,Farm Harvest,Kulthi,14,Jharsuguda,2018-19,4717,4717,ok
7,55,Farm Harvest,Kulthi,15,Kalahandi,2013-14,2501,2501,ok
7,55,Farm Harvest,Kulthi,15,Kalahandi,2014-15,2929,2929,ok
7,55,Farm Harvest,Kulthi,15,Kalahandi,2015-16,3350,3350,ok
7,55,Farm Harvest,Kulthi,15,Kalahandi,2016-17,3375,3375,ok
7,55,Farm Harvest,Kulthi,15,Kalahandi,2017-18,4750,4750,ok
7,55,Farm Harvest,Kulthi,15,Kalahandi,2018-19,3825,3825,ok
7,55,Farm Harvest,Kulthi,16,Kandhamal,2013-14,2150,2150,ok
7,55,Farm Harvest,Kulthi,16,Kandhamal,2014-15,2506,2506,ok
7,55,Farm Harvest,Kulthi,16,Kandhamal,2015-16,3093,3093,ok
7,55,Farm Harvest,Kulthi,16,Kandhamal,2016-17,3192,3192,ok
7,55,Farm Harvest,Kulthi,16,Kandhamal,2017-18,3242,3242,ok
7,55,Farm Harvest,Kulthi,16,Kandhamal,2018-19,3600,3600,ok
7,55,Farm Harvest,Kulthi,17,Kendrapara,2013-14,2200,2200,ok
7,55,Farm Harvest,Kulthi,17,Kendrapara,2014-15,2547,2547,ok
7,55,Farm Harvest,Kulthi,17,Kendrapara,2015-16,3025,3025,ok
7,55,Farm Harvest,Kulthi,17,Kendrapara,2016-17,3200,3200,ok
7,55,Farm Harvest,Kulthi,17,Kendrapara,2017-18,3300,3300,ok
7,55,Farm Harvest,Kulthi,17,Kendrapara,2018-19,3325,3325,ok
7,55,Farm Harvest,Kulthi,18,Keonjhar,2013-14,2350,2350,ok
7,55,Farm Harvest,Kulthi,18,Keonjhar,2014-15,2838,2838,ok
7,55,Farm Harvest,Kulthi,18,Keonjhar,2015-16,3222,3222,ok
7,55,Farm Harvest,Kulthi,18,Keonjhar,2016-17,3338,3338,ok
7,55,Farm Harvest,Kulthi,18,Keonjhar,2017-18,3684,3684,ok
7,55,Farm Harvest,Kulthi,18,Keonjhar,2018-19,3903,3903,ok
7,55,Farm Harvest,Kulthi,19,Khurda,2013-14,2373,2373,ok
7,55,Farm Harvest,Kulthi,19,Khurda,2014-15,2825,2825,ok
7,55,Farm Harvest,Kulthi,19,Khurda,2015-16,3200,3200,ok
7,55,Farm Harvest,Kulthi,19,Khurda,2016-17,3200,3200,ok
7,55,Farm Harvest,Kulthi,19,Khurda,2017-18,3200,3200,ok
7,55,Farm Harvest,Kulthi,19,Khurda,2018-19,3150,3150,ok
7,55,Farm Harvest,Kulthi,20,Koraput,2013-14,2183,2183,ok
7,55,Farm Harvest,Kulthi,20,Koraput,2014-15,2352,2352,ok
7,55,Farm Harvest,Kulthi,20,Koraput,2015-16,3118,3118,ok
7,55,Farm Harvest,Kulthi,20,Koraput,2016-17,3180,3180,ok
7,55,Farm Harvest,Kulthi,20,Koraput,2017-18,3228,3228,ok
7,55,Farm Harvest,Kulthi,20,Koraput,2018-19,4346,4346,ok
7,55,Farm Harvest,Kulthi,21,Malkangiri,2013-14,2360,2360,ok
7,55,Farm Harvest,Kulthi,21,Malkangiri,2014-15,2623,2623,ok
7,55,Farm Harvest,Kulthi,21,Malkangiri,2015-16,3250,3250,ok
7,55,Farm Harvest,Kulthi,21,Malkangiri,2016-17,3275,3275,ok
7,55,Farm Harvest,Kulthi,21,Malkangiri,2017-18,3000,3000,ok
7,55,Farm Harvest,Kulthi,21,Malkangiri,2018-19,4327,4327,ok
7,55,Farm Harvest,Kulthi,22,Mayurbhanj,2013-14,2565,2565,ok
7,55,Farm Harvest,Kulthi,22,Mayurbhanj,2014-15,2876,2876,ok
7,55,Farm Harvest,Kulthi,22,Mayurbhanj,2015-16,3081,3081,ok
7,55,Farm Harvest,Kulthi,22,Mayurbhanj,2016-17,3200,3200,ok
7,55,Farm Harvest,Kulthi,22,Mayurbhanj,2017-18,3200,3200,ok
7,55,Farm Harvest,Kulthi,22,Mayurbhanj,2018-19,3969,3969,ok
7,55,Farm Harvest,Kulthi,23,Nabarangapur,2013-14,2518,2518,ok
7,55,Farm Harvest,Kulthi,23,Nabarangapur,2014-15,2800,2800,ok
7,55,Farm Harvest,Kulthi,23,Nabarangapur,2015-16,3000,3000,ok
7,55,Farm Harvest,Kulthi,23,Nabarangapur,2016-17,3100,3100,ok
7,55,Farm Harvest,Kulthi,23,Nabarangapur,2017-18,3500,3500,ok
7,55,Farm Harvest,Kulthi,23,Nabarangapur,2018-19,3700,3700,ok
7,55,Farm Harvest,Kulthi,24,Nayagarh,2013-14,2179,2179,ok
7,55,Farm Harvest,Kulthi,24,Nayagarh,2014-15,2628,2628,ok
7,55,Farm Harvest,Kulthi,24,Nayagarh,2015-16,2925,2925,ok
7,55,Farm Harvest,Kulthi,24,Nayagarh,2016-17,3174,3174,ok
7,55,Farm Harvest,Kulthi,24,Nayagarh,2017-18,4068,4068,ok
7,55,Farm Harvest,Kulthi,24,Nayagarh,2018-19,3380,3380,ok
7,55,Farm Harvest,Kulthi,25,Nuapada,2013-14,2565,2565,ok
7,55,Farm Harvest,Kulthi,25,Nuapada,2014-15,2950,2950,ok
7,55,Farm Harvest,Kulthi,25,Nuapada,2015-16,3300,3300,ok
7,55,Farm Harvest,Kulthi,25,Nuapada,2016-17,3400,3400,ok
7,55,Farm Harvest,Kulthi,25,Nuapada,2017-18,3500,3500,ok
7,55,Farm Harvest,Kulthi,25,Nuapada,2018-19,3470,3470,ok
7,55,Farm Harvest,Kulthi,26,Puri,2013-14,2238,2238,ok
7,55,Farm Harvest,Kulthi,26,Puri,2014-15,2700,2700,ok
7,55,Farm Harvest,Kulthi,26,Puri,2015-16,3000,3000,ok
7,55,Farm Harvest,Kulthi,26,Puri,2016-17,3050,3050,ok
7,55,Farm Harvest,Kulthi,26,Puri,2017-18,3100,3100,ok
7,55,Farm Harvest,Kulthi,26,Puri,2018-19,3180,3180,ok
7,55,Farm Harvest,Kulthi,27,Rayagada,2013-14,2162,2162,ok
7,55,Farm Harvest,Kulthi,27,Rayagada,2014-15,2654,2654,ok
7,55,Farm Harvest,Kulthi,27,Rayagada,2015-16,3233,3233,ok
7,55,Farm Harvest,Kulthi,27,Rayagada,2016-17,3319,3319,ok
7,55,Farm Harvest,Kulthi,27,Rayagada,2017-18,3200,3200,ok
7,55,Farm Harvest,Kulthi,27,Rayagada,2018-19,3233,3233,ok
7,55,Farm Harvest,Kulthi,28,Sambalpur,2013-14,2464,2464,ok
7,55,Farm Harvest,Kulthi,28,Sambalpur,2014-15,2880,2880,ok
7,55,Farm Harvest,Kulthi,28,Sambalpur,2015-16,3289,3289,ok
7,55,Farm Harvest,Kulthi,28,Sambalpur,2016-17,3380,3380,ok
7,55,Farm Harvest,Kulthi,28,Sambalpur,2017-18,3100,3100,ok
7,55,Farm Harvest,Kulthi,28,Sambalpur,2018-19,3743,3743,ok
7,55,Farm Harvest,Kulthi,29,Sonepur,2013-14,2314,2314,ok
7,55,Farm Harvest,Kulthi,29,Sonepur,2014-15,2727,2727,ok
7,55,Farm Harvest,Kulthi,29,Sonepur,2015-16,3300,3300,ok
7,55,Farm Harvest,Kulthi,29,Sonepur,2016-17,3385,3385,ok
7,55,Farm Harvest,Kulthi,29,Sonepur,2017-18,3235,3235,ok
7,55,Farm Harvest,Kulthi,29,Sonepur,2018-19,4038,4038,ok
7,55,Farm Harvest,Kulthi,30,Sundargarh,2013-14,2400,2400,ok
7,55,Farm Harvest,Kulthi,30,Sundargarh,2014-15,2800,2800,ok
7,55,Farm Harvest,Kulthi,30,Sundargarh,2015-16,3450,3450,ok
7,55,Farm Harvest,Kulthi,30,Sundargarh,2016-17,3450,3450,ok
7,55,Farm Harvest,Kulthi,30,Sundargarh,2017-18,3410,3410,ok
7,55,Farm Harvest,Kulthi,30,Sundargarh,2018-19,4978,4978,ok
8,56,Farm Harvest,Til,1,Angul,2013-14,4000,4000,ok
8,56,Farm Harvest,Til,1,Angul,2014-15,4516,4516,ok
8,56,Farm Harvest,Til,1,Angul,2015-16,4792,4792,ok
8,56,Farm Harvest,Til,1,Angul,2016-17,5209,5209,ok
8,56,Farm Harvest,Til,1,Angul,2017-18,5120,5120,ok
8,56,Farm Harvest,Til,1,Angul,2018-19,5800,5800,ok
8,56,Farm Harvest,Til,2,Balasore,2013-14,3700,3700,ok
8,56,Farm Harvest,Til,2,Balasore,2014-15,4448,4448,ok
8,56,Farm Harvest,Til,2,Balasore,2015-16,5081,5081,ok
8,56,Farm Harvest,Til,2,Balasore,2016-17,5220,5220,ok
8,56,Farm Harvest,Til,2,Balasore,2017-18,5897,5897,ok
8,56,Farm Harvest,Til,2,Balasore,2018-19,6000,6000,ok
8,56,Farm Harvest,Til,3,Bargarh,2013-14,3591,3591,ok
8,56,Farm Harvest,Til,3,Bargarh,2014-15,4533,4533,ok
8,56,Farm Harvest,Til,3,Bargarh,2015-16,5100,5100,ok
8,56,Farm Harvest,Til,3,Bargarh,2016-17,5443,5443,ok
8,56,Farm Harvest,Til,3,Bargarh,2017-18,5914,5914,ok
8,56,Farm Harvest,Til,3,Bargarh,2018-19,5700,5700,ok
8,56,Farm Harvest,Til,4,Bhadrak,2013-14,-,,dash
8,56,Farm Harvest,Til,4,Bhadrak,2014-15,-,,dash
8,56,Farm Harvest,Til,4,Bhadrak,2015-16,-,,dash
8,56,Farm Harvest,Til,4,Bhadrak,2016-17,5300,5300,ok
8,56,Farm Harvest,Til,4,Bhadrak,2017-18,5063,5063,ok
8,56,Farm Harvest,Til,4,Bhadrak,2018-19,5800,5800,ok
8,56,Farm Harvest,Til,5,Bolangir,2013-14,3570,3570,ok
8,56,Farm Harvest,Til,5,Bolangir,2014-15,4350,4350,ok
8,56,Farm Harvest,Til,5,Bolangir,2015-16,4950,4950,ok
8,56,Farm Harvest,Til,5,Bolangir,2016-17,5400,5400,ok
8,56,Farm Harvest,Til,5,Bolangir,2017-18,5310,5310,ok
8,56,Farm Harvest,Til,5,Bolangir,2018-19,5500,5500,ok
8,56,Farm Harvest,Til,6,Boudh,2013-14,4233,4233,ok
8,56,Farm Harvest,Til,6,Boudh,2014-15,4800,4800,ok
8,56,Farm Harvest,Til,6,Boudh,2015-16,5100,5100,ok
8,56,Farm Harvest,Til,6,Boudh,2016-17,5275,5275,ok
8,56,Farm Harvest,Til,6,Boudh,2017-18,5827,5827,ok
8,56,Farm Harvest,Til,6,Boudh,2018-19,5819,5819,ok
8,56,Farm Harvest,Til,7,Cuttack,2013-14,3813,3813,ok
8,56,Farm Harvest,Til,7,Cuttack,2014-15,4700,4700,ok
8,56,Farm Harvest,Til,7,Cuttack,2015-16,5000,5000,ok
8,56,Farm Harvest,Til,7,Cuttack,2016-17,5350,5350,ok
8,56,Farm Harvest,Til,7,Cuttack,2017-18,-,,dash
8,56,Farm Harvest,Til,7,Cuttack,2018-19,-,,dash
8,56,Farm Harvest,Til,8,Deogarh,2013-14,-,,dash
8,56,Farm Harvest,Til,8,Deogarh,2014-15,-,,dash
8,56,Farm Harvest,Til,8,Deogarh,2015-16,-,,dash
8,56,Farm Harvest,Til,8,Deogarh,2016-17,5300,5300,ok
8,56,Farm Harvest,Til,8,Deogarh,2017-18,4804,4804,ok
8,56,Farm Harvest,Til,8,Deogarh,2018-19,5900,5900,ok
8,56,Farm Harvest,Til,9,Dhenkanal,2013-14,4050,4050,ok
8,56,Farm Harvest,Til,9,Dhenkanal,2014-15,4600,4600,ok
8,56,Farm Harvest,Til,9,Dhenkanal,2015-16,4800,4800,ok
8,56,Farm Harvest,Til,9,Dhenkanal,2016-17,5233,5233,ok
8,56,Farm Harvest,Til,9,Dhenkanal,2017-18,5525,5525,ok
8,56,Farm Harvest,Til,9,Dhenkanal,2018-19,6100,6100,ok
8,56,Farm Harvest,Til,10,Gajapati,2013-14,3630,3630,ok
8,56,Farm Harvest,Til,10,Gajapati,2014-15,4400,4400,ok
8,56,Farm Harvest,Til,10,Gajapati,2015-16,4500,4500,ok
8,56,Farm Harvest,Til,10,Gajapati,2016-17,4800,4800,ok
8,56,Farm Harvest,Til,10,Gajapati,2017-18,5323,5323,ok
8,56,Farm Harvest,Til,10,Gajapati,2018-19,6200,6200,ok
8,56,Farm Harvest,Til,11,Ganjam,2013-14,3600,3600,ok
8,56,Farm Harvest,Til,11,Ganjam,2014-15,4400,4400,ok
8,56,Farm Harvest,Til,11,Ganjam,2015-16,4500,4500,ok
8,56,Farm Harvest,Til,11,Ganjam,2016-17,4900,4900,ok
8,56,Farm Harvest,Til,11,Ganjam,2017-18,5525,5525,ok
8,56,Farm Harvest,Til,11,Ganjam,2018-19,6600,6600,ok
8,56,Farm Harvest,Til,12,Jagatsinghpur,2013-14,-,,dash
8,56,Farm Harvest,Til,12,Jagatsinghpur,2014-15,-,,dash
8,56,Farm Harvest,Til,12,Jagatsinghpur,2015-16,-,,dash
8,56,Farm Harvest,Til,12,Jagatsinghpur,2016-17,-,,dash
8,56,Farm Harvest,Til,12,Jagatsinghpur,2017-18,-,,dash
8,56,Farm Harvest,Til,12,Jagatsinghpur,2018-19,-,,dash
8,56,Farm Harvest,Til,13,Jajpur,2013-14,-,,dash
8,56,Farm Harvest,Til,13,Jajpur,2014-15,-,,dash
8,56,Farm Harvest,Til,13,Jajpur,2015-16,-,,dash
8,56,Farm Harvest,Til,13,Jajpur,2016-17,-,,dash
8,56,Farm Harvest,Til,13,Jajpur,2017-18,-,,dash
8,56,Farm Harvest,Til,13,Jajpur,2018-19,-,,dash
8,56,Farm Harvest,Til,14,Jharsuguda,2013-14,4300,4300,ok
8,56,Farm Harvest,Til,14,Jharsuguda,2014-15,5000,5000,ok
8,56,Farm Harvest,Til,14,Jharsuguda,2015-16,5100,5100,ok
8,56,Farm Harvest,Til,14,Jharsuguda,2016-17,5300,5300,ok
8,56,Farm Harvest,Til,14,Jharsuguda,2017-18,6275,6275,ok
8,56,Farm Harvest,Til,14,Jharsuguda,2018-19,6100,6100,ok
8,56,Farm Harvest,Til,15,Kalahandi,2013-14,4333,4333,ok
8,56,Farm Harvest,Til,15,Kalahandi,2014-15,4943,4943,ok
8,56,Farm Harvest,Til,15,Kalahandi,2015-16,5050,5050,ok
8,56,Farm Harvest,Til,15,Kalahandi,2016-17,5550,5550,ok
8,56,Farm Harvest,Til,15,Kalahandi,2017-18,5525,5525,ok
8,56,Farm Harvest,Til,15,Kalahandi,2018-19,5500,5500,ok
8,56,Farm Harvest,Til,16,Kandhamal,2013-14,-,,dash
8,56,Farm Harvest,Til,16,Kandhamal,2014-15,4950,4950,ok
8,56,Farm Harvest,Til,16,Kandhamal,2015-16,5000,5000,ok
8,56,Farm Harvest,Til,16,Kandhamal,2016-17,5292,5292,ok
8,56,Farm Harvest,Til,16,Kandhamal,2017-18,4200,4200,ok
8,56,Farm Harvest,Til,16,Kandhamal,2018-19,6200,6200,ok
8,56,Farm Harvest,Til,17,Kendrapara,2013-14,-,,dash
8,56,Farm Harvest,Til,17,Kendrapara,2014-15,-,,dash
8,56,Farm Harvest,Til,17,Kendrapara,2015-16,-,,dash
8,56,Farm Harvest,Til,17,Kendrapara,2016-17,-,,dash
8,56,Farm Harvest,Til,17,Kendrapara,2017-18,4800,4800,ok
8,56,Farm Harvest,Til,17,Kendrapara,2018-19,5900,5900,ok
8,56,Farm Harvest,Til,18,Keonjhar,2013-14,-,,dash
8,56,Farm Harvest,Til,18,Keonjhar,2014-15,5000,5000,ok
8,56,Farm Harvest,Til,18,Keonjhar,2015-16,5000,5000,ok
8,56,Farm Harvest,Til,18,Keonjhar,2016-17,5233,5233,ok
8,56,Farm Harvest,Til,18,Keonjhar,2017-18,5950,5950,ok
8,56,Farm Harvest,Til,18,Keonjhar,2018-19,5000,5000,ok
8,56,Farm Harvest,Til,19,Khurda,2013-14,3950,3950,ok
8,56,Farm Harvest,Til,19,Khurda,2014-15,4750,4750,ok
8,56,Farm Harvest,Til,19,Khurda,2015-16,5000,5000,ok
8,56,Farm Harvest,Til,19,Khurda,2016-17,5267,5267,ok
8,56,Farm Harvest,Til,19,Khurda,2017-18,4898,4898,ok
8,56,Farm Harvest,Til,19,Khurda,2018-19,-,,dash
8,56,Farm Harvest,Til,20,Koraput,2013-14,3825,3825,ok
8,56,Farm Harvest,Til,20,Koraput,2014-15,4350,4350,ok
8,56,Farm Harvest,Til,20,Koraput,2015-16,5067,5067,ok
8,56,Farm Harvest,Til,20,Koraput,2016-17,5050,5050,ok
8,56,Farm Harvest,Til,20,Koraput,2017-18,4210,4210,ok
8,56,Farm Harvest,Til,20,Koraput,2018-19,6500,6500,ok
8,56,Farm Harvest,Til,21,Malkangiri,2013-14,3500,3500,ok
8,56,Farm Harvest,Til,21,Malkangiri,2014-15,3900,3900,ok
8,56,Farm Harvest,Til,21,Malkangiri,2015-16,4500,4500,ok
8,56,Farm Harvest,Til,21,Malkangiri,2016-17,4600,4600,ok
8,56,Farm Harvest,Til,21,Malkangiri,2017-18,5143,5143,ok
8,56,Farm Harvest,Til,21,Malkangiri,2018-19,6050,6050,ok
8,56,Farm Harvest,Til,22,Mayurbhanj,2013-14,4191,4191,ok
8,56,Farm Harvest,Til,22,Mayurbhanj,2014-15,4416,4416,ok
8,56,Farm Harvest,Til,22,Mayurbhanj,2015-16,4720,4720,ok
8,56,Farm Harvest,Til,22,Mayurbhanj,2016-17,4792,4792,ok
8,56,Farm Harvest,Til,22,Mayurbhanj,2017-18,5688,5688,ok
8,56,Farm Harvest,Til,22,Mayurbhanj,2018-19,5053,5053,ok
8,56,Farm Harvest,Til,23,Nabarangapur,2013-14,-,,dash
8,56,Farm Harvest,Til,23,Nabarangapur,2014-15,-,,dash
8,56,Farm Harvest,Til,23,Nabarangapur,2015-16,-,,dash
8,56,Farm Harvest,Til,23,Nabarangapur,2016-17,-,,dash
8,56,Farm Harvest,Til,23,Nabarangapur,2017-18,5500,5500,ok
8,56,Farm Harvest,Til,23,Nabarangapur,2018-19,6400,6400,ok
8,56,Farm Harvest,Til,24,Nayagarh,2013-14,3900,3900,ok
8,56,Farm Harvest,Til,24,Nayagarh,2014-15,4700,4700,ok
8,56,Farm Harvest,Til,24,Nayagarh,2015-16,4800,4800,ok
8,56,Farm Harvest,Til,24,Nayagarh,2016-17,4864,4864,ok
8,56,Farm Harvest,Til,24,Nayagarh,2017-18,5226,5226,ok
8,56,Farm Harvest,Til,24,Nayagarh,2018-19,5800,5800,ok
8,56,Farm Harvest,Til,25,Nuapada,2013-14,4300,4300,ok
8,56,Farm Harvest,Til,25,Nuapada,2014-15,4900,4900,ok
8,56,Farm Harvest,Til,25,Nuapada,2015-16,5100,5100,ok
8,56,Farm Harvest,Til,25,Nuapada,2016-17,5433,5433,ok
8,56,Farm Harvest,Til,25,Nuapada,2017-18,5479,5479,ok
8,56,Farm Harvest,Til,25,Nuapada,2018-19,-,,dash
8,56,Farm Harvest,Til,26,Puri,2013-14,4000,4000,ok
8,56,Farm Harvest,Til,26,Puri,2014-15,4700,4700,ok
8,56,Farm Harvest,Til,26,Puri,2015-16,4800,4800,ok
8,56,Farm Harvest,Til,26,Puri,2016-17,5000,5000,ok
8,56,Farm Harvest,Til,26,Puri,2017-18,5500,5500,ok
8,56,Farm Harvest,Til,26,Puri,2018-19,6100,6100,ok
8,56,Farm Harvest,Til,27,Rayagada,2013-14,3800,3800,ok
8,56,Farm Harvest,Til,27,Rayagada,2014-15,4575,4575,ok
8,56,Farm Harvest,Til,27,Rayagada,2015-16,4700,4700,ok
8,56,Farm Harvest,Til,27,Rayagada,2016-17,5004,5004,ok
8,56,Farm Harvest,Til,27,Rayagada,2017-18,5512,5512,ok
8,56,Farm Harvest,Til,27,Rayagada,2018-19,5800,5800,ok
8,56,Farm Harvest,Til,28,Sambalpur,2013-14,4000,4000,ok
8,56,Farm Harvest,Til,28,Sambalpur,2014-15,4688,4688,ok
8,56,Farm Harvest,Til,28,Sambalpur,2015-16,4733,4733,ok
8,56,Farm Harvest,Til,28,Sambalpur,2016-17,5300,5300,ok
8,56,Farm Harvest,Til,28,Sambalpur,2017-18,4900,4900,ok
8,56,Farm Harvest,Til,28,Sambalpur,2018-19,6000,6000,ok
8,56,Farm Harvest,Til,29,Sonepur,2013-14,4400,4400,ok
8,56,Farm Harvest,Til,29,Sonepur,2014-15,5016,5016,ok
8,56,Farm Harvest,Til,29,Sonepur,2015-16,5100,5100,ok
8,56,Farm Harvest,Til,29,Sonepur,2016-17,5500,5500,ok
8,56,Farm Harvest,Til,29,Sonepur,2017-18,5500,5500,ok
8,56,Farm Harvest,Til,29,Sonepur,2018-19,5900,5900,ok
8,56,Farm Harvest,Til,30,Sundargarh,2013-14,3700,3700,ok
8,56,Farm Harvest,Til,30,Sundargarh,2014-15,4557,4557,ok
8,56,Farm Harvest,Til,30,Sundargarh,2015-16,4917,4917,ok
8,56,Farm Harvest,Til,30,Sundargarh,2016-17,5417,5417,ok
8,56,Farm Harvest,Til,30,Sundargarh,2017-18,6500,6500,ok
8,56,Farm Harvest,Til,30,Sundargarh,2018-19,5800,5800,ok
9,57,Farm Harvest,Groundnut,1,Angul,2013-14,3214,3214,ok
9,57,Farm Harvest,Groundnut,1,Angul,2014-15,3517,3517,ok
9,57,Farm Harvest,Groundnut,1,Angul,2015-16,4027,4027,ok
9,57,Farm Harvest,Groundnut,1,Angul,2016-17,4143,4143,ok
9,57,Farm Harvest,Groundnut,1,Angul,2017-18,4154,4154,ok
9,57,Farm Harvest,Groundnut,1,Angul,2018-19,4961,4961,ok
9,57,Farm Harvest,Groundnut,2,Balasore,2013-14,3500,3500,ok
9,57,Farm Harvest,Groundnut,2,Balasore,2014-15,3823,3823,ok
9,57,Farm Harvest,Groundnut,2,Balasore,2015-16,4063,4063,ok
9,57,Farm Harvest,Groundnut,2,Balasore,2016-17,4471,4471,ok
9,57,Farm Harvest,Groundnut,2,Balasore,2017-18,4650,4650,ok
9,57,Farm Harvest,Groundnut,2,Balasore,2018-19,5688,5688,ok
9,57,Farm Harvest,Groundnut,3,Bargarh,2013-14,2554,2554,ok
9,57,Farm Harvest,Groundnut,3,Bargarh,2014-15,2916,2916,ok
9,57,Farm Harvest,Groundnut,3,Bargarh,2015-16,3325,3325,ok
9,57,Farm Harvest,Groundnut,3,Bargarh,2016-17,3700,3700,ok
9,57,Farm Harvest,Groundnut,3,Bargarh,2017-18,4271,4271,ok
9,57,Farm Harvest,Groundnut,3,Bargarh,2018-19,3883,3883,ok
9,57,Farm Harvest,Groundnut,4,Bhadrak,2013-14,-,,dash
9,57,Farm Harvest,Groundnut,4,Bhadrak,2014-15,3850,3850,ok
9,57,Farm Harvest,Groundnut,4,Bhadrak,2015-16,4100,4100,ok
9,57,Farm Harvest,Groundnut,4,Bhadrak,2016-17,4200,4200,ok
9,57,Farm Harvest,Groundnut,4,Bhadrak,2017-18,4625,4625,ok
9,57,Farm Harvest,Groundnut,4,Bhadrak,2018-19,4425,4425,ok
9,57,Farm Harvest,Groundnut,5,Bolangir,2013-14,2529,2529,ok
9,57,Farm Harvest,Groundnut,5,Bolangir,2014-15,2826,2826,ok
9,57,Farm Harvest,Groundnut,5,Bolangir,2015-16,3200,3200,ok
9,57,Farm Harvest,Groundnut,5,Bolangir,2016-17,3245,3245,ok
9,57,Farm Harvest,Groundnut,5,Bolangir,2017-18,3793,3793,ok
9,57,Farm Harvest,Groundnut,5,Bolangir,2018-19,4650,4650,ok
9,57,Farm Harvest,Groundnut,6,Boudh,2013-14,3142,3142,ok
9,57,Farm Harvest,Groundnut,6,Boudh,2014-15,3518,3518,ok
9,57,Farm Harvest,Groundnut,6,Boudh,2015-16,4000,4000,ok
9,57,Farm Harvest,Groundnut,6,Boudh,2016-17,4250,4250,ok
9,57,Farm Harvest,Groundnut,6,Boudh,2017-18,3833,3833,ok
9,57,Farm Harvest,Groundnut,6,Boudh,2018-19,6524,6524,ok
9,57,Farm Harvest,Groundnut,7,Cuttack,2013-14,3134,3134,ok
9,57,Farm Harvest,Groundnut,7,Cuttack,2014-15,3427,3427,ok
9,57,Farm Harvest,Groundnut,7,Cuttack,2015-16,3900,3900,ok
9,57,Farm Harvest,Groundnut,7,Cuttack,2016-17,4150,4150,ok
9,57,Farm Harvest,Groundnut,7,Cuttack,2017-18,4150,4150,ok
9,57,Farm Harvest,Groundnut,7,Cuttack,2018-19,4500,4500,ok
9,57,Farm Harvest,Groundnut,8,Deogarh,2013-14,-,,dash
9,57,Farm Harvest,Groundnut,8,Deogarh,2014-15,-,,dash
9,57,Farm Harvest,Groundnut,8,Deogarh,2015-16,-,,dash
9,57,Farm Harvest,Groundnut,8,Deogarh,2016-17,-,,dash
9,57,Farm Harvest,Groundnut,8,Deogarh,2017-18,4525,4525,ok
9,57,Farm Harvest,Groundnut,8,Deogarh,2018-19,6380,6380,ok
9,57,Farm Harvest,Groundnut,9,Dhenkanal,2013-14,3330,3330,ok
9,57,Farm Harvest,Groundnut,9,Dhenkanal,2014-15,3506,3506,ok
9,57,Farm Harvest,Groundnut,9,Dhenkanal,2015-16,4019,4019,ok
9,57,Farm Harvest,Groundnut,9,Dhenkanal,2016-17,3817,3817,ok
9,57,Farm Harvest,Groundnut,9,Dhenkanal,2017-18,3636,3636,ok
9,57,Farm Harvest,Groundnut,9,Dhenkanal,2018-19,3172,3172,ok
9,57,Farm Harvest,Groundnut,10,Gajapati,2013-14,2800,2800,ok
9,57,Farm Harvest,Groundnut,10,Gajapati,2014-15,3100,3100,ok
9,57,Farm Harvest,Groundnut,10,Gajapati,2015-16,3400,3400,ok
9,57,Farm Harvest,Groundnut,10,Gajapati,2016-17,3600,3600,ok
9,57,Farm Harvest,Groundnut,10,Gajapati,2017-18,2989,2989,ok
9,57,Farm Harvest,Groundnut,10,Gajapati,2018-19,6327,6327,ok
9,57,Farm Harvest,Groundnut,11,Ganjam,2013-14,2750,2750,ok
9,57,Farm Harvest,Groundnut,11,Ganjam,2014-15,3000,3000,ok
9,57,Farm Harvest,Groundnut,11,Ganjam,2015-16,3300,3300,ok
9,57,Farm Harvest,Groundnut,11,Ganjam,2016-17,3463,3463,ok
9,57,Farm Harvest,Groundnut,11,Ganjam,2017-18,4170,4170,ok
9,57,Farm Harvest,Groundnut,11,Ganjam,2018-19,4407,4407,ok
9,57,Farm Harvest,Groundnut,12,Jagatsinghpur,2013-14,3250,3250,ok
9,57,Farm Harvest,Groundnut,12,Jagatsinghpur,2014-15,3318,3318,ok
9,57,Farm Harvest,Groundnut,12,Jagatsinghpur,2015-16,3700,3700,ok
9,57,Farm Harvest,Groundnut,12,Jagatsinghpur,2016-17,4000,4000,ok
9,57,Farm Harvest,Groundnut,12,Jagatsinghpur,2017-18,3747,3747,ok
9,57,Farm Harvest,Groundnut,12,Jagatsinghpur,2018-19,4069,4069,ok
9,57,Farm Harvest,Groundnut,13,Jajpur,2013-14,2900,2900,ok
9,57,Farm Harvest,Groundnut,13,Jajpur,2014-15,3000,3000,ok
9,57,Farm Harvest,Groundnut,13,Jajpur,2015-16,3600,3600,ok
9,57,Farm Harvest,Groundnut,13,Jajpur,2016-17,3800,3800,ok
9,57,Farm Harvest,Groundnut,13,Jajpur,2017-18,3611,3611,ok
9,57,Farm Harvest,Groundnut,13,Jajpur,2018-19,3425,3425,ok
9,57,Farm Harvest,Groundnut,14,Jharsuguda,2013-14,3100,3100,ok
9,57,Farm Harvest,Groundnut,14,Jharsuguda,2014-15,3120,3120,ok
9,57,Farm Harvest,Groundnut,14,Jharsuguda,2015-16,3500,3500,ok
9,57,Farm Harvest,Groundnut,14,Jharsuguda,2016-17,3700,3700,ok
9,57,Farm Harvest,Groundnut,14,Jharsuguda,2017-18,4178,4178,ok
9,57,Farm Harvest,Groundnut,14,Jharsuguda,2018-19,4233,4233,ok
9,57,Farm Harvest,Groundnut,15,Kalahandi,2013-14,2796,2796,ok
9,57,Farm Harvest,Groundnut,15,Kalahandi,2014-15,3150,3150,ok
9,57,Farm Harvest,Groundnut,15,Kalahandi,2015-16,3600,3600,ok
9,57,Farm Harvest,Groundnut,15,Kalahandi,2016-17,3950,3950,ok
9,57,Farm Harvest,Groundnut,15,Kalahandi,2017-18,3957,3957,ok
9,57,Farm Harvest,Groundnut,15,Kalahandi,2018-19,3927,3927,ok
9,57,Farm Harvest,Groundnut,16,Kandhamal,2013-14,3117,3117,ok
9,57,Farm Harvest,Groundnut,16,Kandhamal,2014-15,3546,3546,ok
9,57,Farm Harvest,Groundnut,16,Kandhamal,2015-16,4000,4000,ok
9,57,Farm Harvest,Groundnut,16,Kandhamal,2016-17,4313,4313,ok
9,57,Farm Harvest,Groundnut,16,Kandhamal,2017-18,4480,4480,ok
9,57,Farm Harvest,Groundnut,16,Kandhamal,2018-19,4500,4500,ok
9,57,Farm Harvest,Groundnut,17,Kendrapara,2013-14,3200,3200,ok
9,57,Farm Harvest,Groundnut,17,Kendrapara,2014-15,3565,3565,ok
9,57,Farm Harvest,Groundnut,17,Kendrapara,2015-16,3850,3850,ok
9,57,Farm Harvest,Groundnut,17,Kendrapara,2016-17,4100,4100,ok
9,57,Farm Harvest,Groundnut,17,Kendrapara,2017-18,4000,4000,ok
9,57,Farm Harvest,Groundnut,17,Kendrapara,2018-19,5750,5750,ok
9,57,Farm Harvest,Groundnut,18,Keonjhar,2013-14,-,,dash
9,57,Farm Harvest,Groundnut,18,Keonjhar,2014-15,3932,3932,ok
9,57,Farm Harvest,Groundnut,18,Keonjhar,2015-16,4183,4183,ok
9,57,Farm Harvest,Groundnut,18,Keonjhar,2016-17,4350,4350,ok
9,57,Farm Harvest,Groundnut,18,Keonjhar,2017-18,4160,4160,ok
9,57,Farm Harvest,Groundnut,18,Keonjhar,2018-19,5164,5164,ok
9,57,Farm Harvest,Groundnut,19,Khurda,2013-14,2833,2833,ok
9,57,Farm Harvest,Groundnut,19,Khurda,2014-15,3467,3467,ok
9,57,Farm Harvest,Groundnut,19,Khurda,2015-16,3775,3775,ok
9,57,Farm Harvest,Groundnut,19,Khurda,2016-17,4100,4100,ok
9,57,Farm Harvest,Groundnut,19,Khurda,2017-18,4139,4139,ok
9,57,Farm Harvest,Groundnut,19,Khurda,2018-19,4800,4800,ok
9,57,Farm Harvest,Groundnut,20,Koraput,2013-14,2776,2776,ok
9,57,Farm Harvest,Groundnut,20,Koraput,2014-15,3264,3264,ok
9,57,Farm Harvest,Groundnut,20,Koraput,2015-16,3600,3600,ok
9,57,Farm Harvest,Groundnut,20,Koraput,2016-17,3571,3571,ok
9,57,Farm Harvest,Groundnut,20,Koraput,2017-18,3870,3870,ok
9,57,Farm Harvest,Groundnut,20,Koraput,2018-19,3432,3432,ok
9,57,Farm Harvest,Groundnut,21,Malkangiri,2013-14,3389,3389,ok
9,57,Farm Harvest,Groundnut,21,Malkangiri,2014-15,3775,3775,ok
9,57,Farm Harvest,Groundnut,21,Malkangiri,2015-16,4000,4000,ok
9,57,Farm Harvest,Groundnut,21,Malkangiri,2016-17,4000,4000,ok
9,57,Farm Harvest,Groundnut,21,Malkangiri,2017-18,4100,4100,ok
9,57,Farm Harvest,Groundnut,21,Malkangiri,2018-19,5900,5900,ok
9,57,Farm Harvest,Groundnut,22,Mayurbhanj,2013-14,3000,3000,ok
9,57,Farm Harvest,Groundnut,22,Mayurbhanj,2014-15,3485,3485,ok
9,57,Farm Harvest,Groundnut,22,Mayurbhanj,2015-16,3729,3729,ok
9,57,Farm Harvest,Groundnut,22,Mayurbhanj,2016-17,4208,4208,ok
9,57,Farm Harvest,Groundnut,22,Mayurbhanj,2017-18,4473,4473,ok
9,57,Farm Harvest,Groundnut,22,Mayurbhanj,2018-19,4459,4459,ok
9,57,Farm Harvest,Groundnut,23,Nabarangapur,2013-14,3500,3500,ok
9,57,Farm Harvest,Groundnut,23,Nabarangapur,2014-15,3820,3820,ok
9,57,Farm Harvest,Groundnut,23,Nabarangapur,2015-16,4000,4000,ok
9,57,Farm Harvest,Groundnut,23,Nabarangapur,2016-17,4086,4086,ok
9,57,Farm Harvest,Groundnut,23,Nabarangapur,2017-18,4000,4000,ok
9,57,Farm Harvest,Groundnut,23,Nabarangapur,2018-19,3050,3050,ok
9,57,Farm Harvest,Groundnut,24,Nayagarh,2013-14,3000,3000,ok
9,57,Farm Harvest,Groundnut,24,Nayagarh,2014-15,3578,3578,ok
9,57,Farm Harvest,Groundnut,24,Nayagarh,2015-16,3863,3863,ok
9,57,Farm Harvest,Groundnut,24,Nayagarh,2016-17,4191,4191,ok
9,57,Farm Harvest,Groundnut,24,Nayagarh,2017-18,3865,3865,ok
9,57,Farm Harvest,Groundnut,24,Nayagarh,2018-19,4842,4842,ok
9,57,Farm Harvest,Groundnut,25,Nuapada,2013-14,3477,3477,ok
9,57,Farm Harvest,Groundnut,25,Nuapada,2014-15,3629,3629,ok
9,57,Farm Harvest,Groundnut,25,Nuapada,2015-16,4050,4050,ok
9,57,Farm Harvest,Groundnut,25,Nuapada,2016-17,4160,4160,ok
9,57,Farm Harvest,Groundnut,25,Nuapada,2017-18,3501,3501,ok
9,57,Farm Harvest,Groundnut,25,Nuapada,2018-19,3917,3917,ok
9,57,Farm Harvest,Groundnut,26,Puri,2013-14,2800,2800,ok
9,57,Farm Harvest,Groundnut,26,Puri,2014-15,3200,3200,ok
9,57,Farm Harvest,Groundnut,26,Puri,2015-16,3800,3800,ok
9,57,Farm Harvest,Groundnut,26,Puri,2016-17,4000,4000,ok
9,57,Farm Harvest,Groundnut,26,Puri,2017-18,3600,3600,ok
9,57,Farm Harvest,Groundnut,26,Puri,2018-19,4800,4800,ok
9,57,Farm Harvest,Groundnut,27,Rayagada,2013-14,3450,3450,ok
9,57,Farm Harvest,Groundnut,27,Rayagada,2014-15,3948,3948,ok
9,57,Farm Harvest,Groundnut,27,Rayagada,2015-16,4222,4222,ok
9,57,Farm Harvest,Groundnut,27,Rayagada,2016-17,4345,4345,ok
9,57,Farm Harvest,Groundnut,27,Rayagada,2017-18,3858,3858,ok
9,57,Farm Harvest,Groundnut,27,Rayagada,2018-19,4397,4397,ok
9,57,Farm Harvest,Groundnut,28,Sambalpur,2013-14,3111,3111,ok
9,57,Farm Harvest,Groundnut,28,Sambalpur,2014-15,3700,3700,ok
9,57,Farm Harvest,Groundnut,28,Sambalpur,2015-16,4200,4200,ok
9,57,Farm Harvest,Groundnut,28,Sambalpur,2016-17,4285,4285,ok
9,57,Farm Harvest,Groundnut,28,Sambalpur,2017-18,,,blank
9,57,Farm Harvest,Groundnut,28,Sambalpur,2018-19,3802,3802,ok
9,57,Farm Harvest,Groundnut,29,Sonepur,2013-14,3156,3156,ok
9,57,Farm Harvest,Groundnut,29,Sonepur,2014-15,3911,3911,ok
9,57,Farm Harvest,Groundnut,29,Sonepur,2015-16,4175,4175,ok
9,57,Farm Harvest,Groundnut,29,Sonepur,2016-17,4357,4357,ok
9,57,Farm Harvest,Groundnut,29,Sonepur,2017-18,4000,4000,ok
9,57,Farm Harvest,Groundnut,29,Sonepur,2018-19,3228,3228,ok
9,57,Farm Harvest,Groundnut,30,Sundargarh,2013-14,3000,3000,ok
9,57,Farm Harvest,Groundnut,30,Sundargarh,2014-15,3600,3600,ok
9,57,Farm Harvest,Groundnut,30,Sundargarh,2015-16,4200,4200,ok
9,57,Farm Harvest,Groundnut,30,Sundargarh,2016-17,4400,4400,ok
9,57,Farm Harvest,Groundnut,30,Sundargarh,2017-18,3990,3990,ok
9,57,Farm Harvest,Groundnut,30,Sundargarh,2018-19,5846,5846,ok
10,58,Farm Harvest,Mustard,1,Angul,2013-14,3804,3804,ok
10,58,Farm Harvest,Mustard,1,Angul,2014-15,3863,3863,ok
10,58,Farm Harvest,Mustard,1,Angul,2015-16,4391,4391,ok
10,58,Farm Harvest,Mustard,1,Angul,2016-17,4425,4425,ok
10,58,Farm Harvest,Mustard,1,Angul,2017-18,4086,4086,ok
10,58,Farm Harvest,Mustard,1,Angul,2018-19,5883,5883,ok
10,58,Farm Harvest,Mustard,2,Balasore,2013-14,3600,3600,ok
10,58,Farm Harvest,Mustard,2,Balasore,2014-15,3650,3650,ok
10,58,Farm Harvest,Mustard,2,Balasore,2015-16,4263,4263,ok
10,58,Farm Harvest,Mustard,2,Balasore,2016-17,4267,4267,ok
10,58,Farm Harvest,Mustard,2,Balasore,2017-18,4044,4044,ok
10,58,Farm Harvest,Mustard,2,Balasore,2018-19,5075,5075,ok
10,58,Farm Harvest,Mustard,3,Bargarh,2013-14,3743,3743,ok
10,58,Farm Harvest,Mustard,3,Bargarh,2014-15,3775,3775,ok
10,58,Farm Harvest,Mustard,3,Bargarh,2015-16,4367,4367,ok
10,58,Farm Harvest,Mustard,3,Bargarh,2016-17,4400,4400,ok
10,58,Farm Harvest,Mustard,3,Bargarh,2017-18,4657,4657,ok
10,58,Farm Harvest,Mustard,3,Bargarh,2018-19,4500,4500,ok
10,58,Farm Harvest,Mustard,4,Bhadrak,2013-14,3640,3640,ok
10,58,Farm Harvest,Mustard,4,Bhadrak,2014-15,3700,3700,ok
10,58,Farm Harvest,Mustard,4,Bhadrak,2015-16,4300,4300,ok
10,58,Farm Harvest,Mustard,4,Bhadrak,2016-17,4375,4375,ok
10,58,Farm Harvest,Mustard,4,Bhadrak,2017-18,4500,4500,ok
10,58,Farm Harvest,Mustard,4,Bhadrak,2018-19,5140,5140,ok
10,58,Farm Harvest,Mustard,5,Bolangir,2013-14,3660,3660,ok
10,58,Farm Harvest,Mustard,5,Bolangir,2014-15,3700,3700,ok
10,58,Farm Harvest,Mustard,5,Bolangir,2015-16,4333,4333,ok
10,58,Farm Harvest,Mustard,5,Bolangir,2016-17,4350,4350,ok
10,58,Farm Harvest,Mustard,5,Bolangir,2017-18,4828,4828,ok
10,58,Farm Harvest,Mustard,5,Bolangir,2018-19,4044,4044,ok
10,58,Farm Harvest,Mustard,6,Boudh,2013-14,3676,3676,ok
10,58,Farm Harvest,Mustard,6,Boudh,2014-15,3720,3720,ok
10,58,Farm Harvest,Mustard,6,Boudh,2015-16,4300,4300,ok
10,58,Farm Harvest,Mustard,6,Boudh,2016-17,4350,4350,ok
10,58,Farm Harvest,Mustard,6,Boudh,2017-18,4821,4821,ok
10,58,Farm Harvest,Mustard,6,Boudh,2018-19,5207,5207,ok
10,58,Farm Harvest,Mustard,7,Cuttack,2013-14,3931,3931,ok
10,58,Farm Harvest,Mustard,7,Cuttack,2014-15,3950,3950,ok
10,58,Farm Harvest,Mustard,7,Cuttack,2015-16,4375,4375,ok
10,58,Farm Harvest,Mustard,7,Cuttack,2016-17,4400,4400,ok
10,58,Farm Harvest,Mustard,7,Cuttack,2017-18,4500,4500,ok
10,58,Farm Harvest,Mustard,7,Cuttack,2018-19,5000,5000,ok
10,58,Farm Harvest,Mustard,8,Deogarh,2013-14,3771,3771,ok
10,58,Farm Harvest,Mustard,8,Deogarh,2014-15,3833,3833,ok
10,58,Farm Harvest,Mustard,8,Deogarh,2015-16,4300,4300,ok
10,58,Farm Harvest,Mustard,8,Deogarh,2016-17,4300,4300,ok
10,58,Farm Harvest,Mustard,8,Deogarh,2017-18,4583,4583,ok
10,58,Farm Harvest,Mustard,8,Deogarh,2018-19,5104,5104,ok
10,58,Farm Harvest,Mustard,9,Dhenkanal,2013-14,3800,3800,ok
10,58,Farm Harvest,Mustard,9,Dhenkanal,2014-15,3800,3800,ok
10,58,Farm Harvest,Mustard,9,Dhenkanal,2015-16,4200,4200,ok
10,58,Farm Harvest,Mustard,9,Dhenkanal,2016-17,4438,4438,ok
10,58,Farm Harvest,Mustard,9,Dhenkanal,2017-18,4469,4469,ok
10,58,Farm Harvest,Mustard,9,Dhenkanal,2018-19,5390,5390,ok
10,58,Farm Harvest,Mustard,10,Gajapati,2013-14,3950,3950,ok
10,58,Farm Harvest,Mustard,10,Gajapati,2014-15,3950,3950,ok
10,58,Farm Harvest,Mustard,10,Gajapati,2015-16,4367,4367,ok
10,58,Farm Harvest,Mustard,10,Gajapati,2016-17,4403,4403,ok
10,58,Farm Harvest,Mustard,10,Gajapati,2017-18,4647,4647,ok
10,58,Farm Harvest,Mustard,10,Gajapati,2018-19,4429,4429,ok
10,58,Farm Harvest,Mustard,11,Ganjam,2013-14,-,,dash
10,58,Farm Harvest,Mustard,11,Ganjam,2014-15,-,,dash
10,58,Farm Harvest,Mustard,11,Ganjam,2015-16,-,,dash
10,58,Farm Harvest,Mustard,11,Ganjam,2016-17,-,,dash
10,58,Farm Harvest,Mustard,11,Ganjam,2017-18,4960,4960,ok
10,58,Farm Harvest,Mustard,11,Ganjam,2018-19,4739,4739,ok
10,58,Farm Harvest,Mustard,12,Jagatsinghpur,2013-14,-,,dash
10,58,Farm Harvest,Mustard,12,Jagatsinghpur,2014-15,-,,dash
10,58,Farm Harvest,Mustard,12,Jagatsinghpur,2015-16,-,,dash
10,58,Farm Harvest,Mustard,12,Jagatsinghpur,2016-17,4500,4500,ok
10,58,Farm Harvest,Mustard,12,Jagatsinghpur,2017-18,5000,5000,ok
10,58,Farm Harvest,Mustard,12,Jagatsinghpur,2018-19,4500,4500,ok
10,58,Farm Harvest,Mustard,13,Jajpur,2013-14,-,,dash
10,58,Farm Harvest,Mustard,13,Jajpur,2014-15,-,,dash
10,58,Farm Harvest,Mustard,13,Jajpur,2015-16,-,,dash
10,58,Farm Harvest,Mustard,13,Jajpur,2016-17,4500,4500,ok
10,58,Farm Harvest,Mustard,13,Jajpur,2017-18,4600,4600,ok
10,58,Farm Harvest,Mustard,13,Jajpur,2018-19,4800,4800,ok
10,58,Farm Harvest,Mustard,14,Jharsuguda,2013-14,-,,dash
10,58,Farm Harvest,Mustard,14,Jharsuguda,2014-15,3750,3750,ok
10,58,Farm Harvest,Mustard,14,Jharsuguda,2015-16,4350,4350,ok
10,58,Farm Harvest,Mustard,14,Jharsuguda,2016-17,4400,4400,ok
10,58,Farm Harvest,Mustard,14,Jharsuguda,2017-18,4900,4900,ok
10,58,Farm Harvest,Mustard,14,Jharsuguda,2018-19,6695,6695,ok
10,58,Farm Harvest,Mustard,15,Kalahandi,2013-14,3667,3667,ok
10,58,Farm Harvest,Mustard,15,Kalahandi,2014-15,3725,3725,ok
10,58,Farm Harvest,Mustard,15,Kalahandi,2015-16,4300,4300,ok
10,58,Farm Harvest,Mustard,15,Kalahandi,2016-17,4100,4100,ok
10,58,Farm Harvest,Mustard,15,Kalahandi,2017-18,4150,4150,ok
10,58,Farm Harvest,Mustard,15,Kalahandi,2018-19,5308,5308,ok
10,58,Farm Harvest,Mustard,16,Kandhamal,2013-14,3598,3598,ok
10,58,Farm Harvest,Mustard,16,Kandhamal,2014-15,3735,3735,ok
10,58,Farm Harvest,Mustard,16,Kandhamal,2015-16,4295,4295,ok
10,58,Farm Harvest,Mustard,16,Kandhamal,2016-17,4310,4310,ok
10,58,Farm Harvest,Mustard,16,Kandhamal,2017-18,4875,4875,ok
10,58,Farm Harvest,Mustard,16,Kandhamal,2018-19,5000,5000,ok
10,58,Farm Harvest,Mustard,17,Kendrapara,2013-14,3800,3800,ok
10,58,Farm Harvest,Mustard,17,Kendrapara,2014-15,3833,3833,ok
10,58,Farm Harvest,Mustard,17,Kendrapara,2015-16,4375,4375,ok
10,58,Farm Harvest,Mustard,17,Kendrapara,2016-17,4500,4500,ok
10,58,Farm Harvest,Mustard,17,Kendrapara,2017-18,4550,4550,ok
10,58,Farm Harvest,Mustard,17,Kendrapara,2018-19,5100,5100,ok
10,58,Farm Harvest,Mustard,18,Keonjhar,2013-14,3599,3599,ok
10,58,Farm Harvest,Mustard,18,Keonjhar,2014-15,3667,3667,ok
10,58,Farm Harvest,Mustard,18,Keonjhar,2015-16,4233,4233,ok
10,58,Farm Harvest,Mustard,18,Keonjhar,2016-17,4400,4400,ok
10,58,Farm Harvest,Mustard,18,Keonjhar,2017-18,4118,4118,ok
10,58,Farm Harvest,Mustard,18,Keonjhar,2018-19,5047,5047,ok
10,58,Farm Harvest,Mustard,19,Khurda,2013-14,3760,3760,ok
10,58,Farm Harvest,Mustard,19,Khurda,2014-15,3800,3800,ok
10,58,Farm Harvest,Mustard,19,Khurda,2015-16,4300,4300,ok
10,58,Farm Harvest,Mustard,19,Khurda,2016-17,4500,4500,ok
10,58,Farm Harvest,Mustard,19,Khurda,2017-18,4733,4733,ok
10,58,Farm Harvest,Mustard,19,Khurda,2018-19,4800,4800,ok
10,58,Farm Harvest,Mustard,20,Koraput,2013-14,-,,dash
10,58,Farm Harvest,Mustard,20,Koraput,2014-15,3700,3700,ok
10,58,Farm Harvest,Mustard,20,Koraput,2015-16,4300,4300,ok
10,58,Farm Harvest,Mustard,20,Koraput,2016-17,4350,4350,ok
10,58,Farm Harvest,Mustard,20,Koraput,2017-18,4225,4225,ok
10,58,Farm Harvest,Mustard,20,Koraput,2018-19,4500,4500,ok
10,58,Farm Harvest,Mustard,21,Malkangiri,2013-14,-,,dash
10,58,Farm Harvest,Mustard,21,Malkangiri,2014-15,-,,dash
10,58,Farm Harvest,Mustard,21,Malkangiri,2015-16,-,,dash
10,58,Farm Harvest,Mustard,21,Malkangiri,2016-17,-,,dash
10,58,Farm Harvest,Mustard,21,Malkangiri,2017-18,4125,4125,ok
10,58,Farm Harvest,Mustard,21,Malkangiri,2018-19,5810,5810,ok
10,58,Farm Harvest,Mustard,22,Mayurbhanj,2013-14,3582,3582,ok
10,58,Farm Harvest,Mustard,22,Mayurbhanj,2014-15,3676,3676,ok
10,58,Farm Harvest,Mustard,22,Mayurbhanj,2015-16,4237,4237,ok
10,58,Farm Harvest,Mustard,22,Mayurbhanj,2016-17,4451,4451,ok
10,58,Farm Harvest,Mustard,22,Mayurbhanj,2017-18,5125,5125,ok
10,58,Farm Harvest,Mustard,22,Mayurbhanj,2018-19,4205,4205,ok
10,58,Farm Harvest,Mustard,23,Nabarangapur,2013-14,-,,dash
10,58,Farm Harvest,Mustard,23,Nabarangapur,2014-15,-,,dash
10,58,Farm Harvest,Mustard,23,Nabarangapur,2015-16,4000,4000,ok
10,58,Farm Harvest,Mustard,23,Nabarangapur,2016-17,4500,4500,ok
10,58,Farm Harvest,Mustard,23,Nabarangapur,2017-18,5333,5333,ok
10,58,Farm Harvest,Mustard,23,Nabarangapur,2018-19,4600,4600,ok
10,58,Farm Harvest,Mustard,24,Nayagarh,2013-14,3775,3775,ok
10,58,Farm Harvest,Mustard,24,Nayagarh,2014-15,3897,3897,ok
10,58,Farm Harvest,Mustard,24,Nayagarh,2015-16,4338,4338,ok
10,58,Farm Harvest,Mustard,24,Nayagarh,2016-17,4410,4410,ok
10,58,Farm Harvest,Mustard,24,Nayagarh,2017-18,4667,4667,ok
10,58,Farm Harvest,Mustard,24,Nayagarh,2018-19,5479,5479,ok
10,58,Farm Harvest,Mustard,25,Nuapada,2013-14,3850,3850,ok
10,58,Farm Harvest,Mustard,25,Nuapada,2014-15,-,,dash
10,58,Farm Harvest,Mustard,25,Nuapada,2015-16,-,,dash
10,58,Farm Harvest,Mustard,25,Nuapada,2016-17,4267,4267,ok
10,58,Farm Harvest,Mustard,25,Nuapada,2017-18,5000,5000,ok
10,58,Farm Harvest,Mustard,25,Nuapada,2018-19,3600,3600,ok
10,58,Farm Harvest,Mustard,26,Puri,2013-14,-,,dash
10,58,Farm Harvest,Mustard,26,Puri,2014-15,-,,dash
10,58,Farm Harvest,Mustard,26,Puri,2015-16,-,,dash
10,58,Farm Harvest,Mustard,26,Puri,2016-17,4500,4500,ok
10,58,Farm Harvest,Mustard,26,Puri,2017-18,-,,dash
10,58,Farm Harvest,Mustard,26,Puri,2018-19,-,,dash
10,58,Farm Harvest,Mustard,27,Rayagada,2013-14,3700,3700,ok
10,58,Farm Harvest,Mustard,27,Rayagada,2014-15,3822,3822,ok
10,58,Farm Harvest,Mustard,27,Rayagada,2015-16,4400,4400,ok
10,58,Farm Harvest,Mustard,27,Rayagada,2016-17,4460,4460,ok
10,58,Farm Harvest,Mustard,27,Rayagada,2017-18,4475,4475,ok
10,58,Farm Harvest,Mustard,27,Rayagada,2018-19,5306,5306,ok
10,58,Farm Harvest,Mustard,28,Sambalpur,2013-14,3725,3725,ok
10,58,Farm Harvest,Mustard,28,Sambalpur,2014-15,3750,3750,ok
10,58,Farm Harvest,Mustard,28,Sambalpur,2015-16,4333,4333,ok
10,58,Farm Harvest,Mustard,28,Sambalpur,2016-17,4300,4300,ok
10,58,Farm Harvest,Mustard,28,Sambalpur,2017-18,4532,4532,ok
10,58,Farm Harvest,Mustard,28,Sambalpur,2018-19,4739,4739,ok
10,58,Farm Harvest,Mustard,29,Sonepur,2013-14,3718,3718,ok
10,58,Farm Harvest,Mustard,29,Sonepur,2014-15,3825,3825,ok
10,58,Farm Harvest,Mustard,29,Sonepur,2015-16,4427,4427,ok
10,58,Farm Harvest,Mustard,29,Sonepur,2016-17,4467,4467,ok
10,58,Farm Harvest,Mustard,29,Sonepur,2017-18,4500,4500,ok
10,58,Farm Harvest,Mustard,29,Sonepur,2018-19,5073,5073,ok
10,58,Farm Harvest,Mustard,30,Sundargarh,2013-14,3586,3586,ok
10,58,Farm Harvest,Mustard,30,Sundargarh,2014-15,3767,3767,ok
10,58,Farm Harvest,Mustard,30,Sundargarh,2015-16,4400,4400,ok
10,58,Farm Harvest,Mustard,30,Sundargarh,2016-17,4400,4400,ok
10,58,Farm Harvest,Mustard,30,Sundargarh,2017-18,4000,4000,ok
10,58,Farm Harvest,Mustard,30,Sundargarh,2018-19,5175,5175,ok
11,59,Farm Harvest,Jute,1,Angul,2013-14,-,,dash
11,59,Farm Harvest,Jute,1,Angul,2014-15,-,,dash
11,59,Farm Harvest,Jute,1,Angul,2015-16,-,,dash
11,59,Farm Harvest,Jute,1,Angul,2016-17,-,,dash
11,59,Farm Harvest,Jute,1,Angul,2017-18,-,,dash
11,59,Farm Harvest,Jute,1,Angul,2018-19,-,,dash
11,59,Farm Harvest,Jute,2,Balasore,2013-14,2800,2800,ok
11,59,Farm Harvest,Jute,2,Balasore,2014-15,2850,2850,ok
11,59,Farm Harvest,Jute,2,Balasore,2015-16,2900,2900,ok
11,59,Farm Harvest,Jute,2,Balasore,2016-17,3300,3300,ok
11,59,Farm Harvest,Jute,2,Balasore,2017-18,,,blank
11,59,Farm Harvest,Jute,2,Balasore,2018-19,3800,3800,ok
11,59,Farm Harvest,Jute,3,Bargarh,2013-14,-,,dash
11,59,Farm Harvest,Jute,3,Bargarh,2014-15,-,,dash
11,59,Farm Harvest,Jute,3,Bargarh,2015-16,-,,dash
11,59,Farm Harvest,Jute,3,Bargarh,2016-17,-,,dash
11,59,Farm Harvest,Jute,3,Bargarh,2017-18,2500,2500,ok
11,59,Farm Harvest,Jute,3,Bargarh,2018-19,-,,dash
11,59,Farm Harvest,Jute,4,Bhadrak,2013-14,2850,2850,ok
11,59,Farm Harvest,Jute,4,Bhadrak,2014-15,2933,2933,ok
11,59,Farm Harvest,Jute,4,Bhadrak,2015-16,2967,2967,ok
11,59,Farm Harvest,Jute,4,Bhadrak,2016-17,3350,3350,ok
11,59,Farm Harvest,Jute,4,Bhadrak,2017-18,2000,2000,ok
11,59,Farm Harvest,Jute,4,Bhadrak,2018-19,3975,3975,ok
11,59,Farm Harvest,Jute,5,Bolangir,2013-14,-,,dash
11,59,Farm Harvest,Jute,5,Bolangir,2014-15,-,,dash
11,59,Farm Harvest,Jute,5,Bolangir,2015-16,-,,dash
11,59,Farm Harvest,Jute,5,Bolangir,2016-17,-,,dash
11,59,Farm Harvest,Jute,5,Bolangir,2017-18,-,,dash
11,59,Farm Harvest,Jute,5,Bolangir,2018-19,-,,dash
11,59,Farm Harvest,Jute,6,Boudh,2013-14,-,,dash
11,59,Farm Harvest,Jute,6,Boudh,2014-15,-,,dash
11,59,Farm Harvest,Jute,6,Boudh,2015-16,-,,dash
11,59,Farm Harvest,Jute,6,Boudh,2016-17,-,,dash
11,59,Farm Harvest,Jute,6,Boudh,2017-18,-,,dash
11,59,Farm Harvest,Jute,6,Boudh,2018-19,-,,dash
11,59,Farm Harvest,Jute,7,Cuttack,2013-14,2800,2800,ok
11,59,Farm Harvest,Jute,7,Cuttack,2014-15,2900,2900,ok
11,59,Farm Harvest,Jute,7,Cuttack,2015-16,2985,2985,ok
11,59,Farm Harvest,Jute,7,Cuttack,2016-17,3500,3500,ok
11,59,Farm Harvest,Jute,7,Cuttack,2017-18,2550,2550,ok
11,59,Farm Harvest,Jute,7,Cuttack,2018-19,3900,3900,ok
11,59,Farm Harvest,Jute,8,Deogarh,2013-14,-,,dash
11,59,Farm Harvest,Jute,8,Deogarh,2014-15,-,,dash
11,59,Farm Harvest,Jute,8,Deogarh,2015-16,-,,dash
11,59,Farm Harvest,Jute,8,Deogarh,2016-17,-,,dash
11,59,Farm Harvest,Jute,8,Deogarh,2017-18,-,,dash
11,59,Farm Harvest,Jute,8,Deogarh,2018-19,-,,dash
11,59,Farm Harvest,Jute,9,Dhenkanal,2013-14,2875,2875,ok
11,59,Farm Harvest,Jute,9,Dhenkanal,2014-15,-,,dash
11,59,Farm Harvest,Jute,9,Dhenkanal,2015-16,-,,dash
11,59,Farm Harvest,Jute,9,Dhenkanal,2016-17,-,,dash
11,59,Farm Harvest,Jute,9,Dhenkanal,2017-18,-,,dash
11,59,Farm Harvest,Jute,9,Dhenkanal,2018-19,-,,dash
11,59,Farm Harvest,Jute,10,Gajapati,2013-14,-,,dash
11,59,Farm Harvest,Jute,10,Gajapati,2014-15,-,,dash
11,59,Farm Harvest,Jute,10,Gajapati,2015-16,-,,dash
11,59,Farm Harvest,Jute,10,Gajapati,2016-17,-,,dash
11,59,Farm Harvest,Jute,10,Gajapati,2017-18,-,,dash
11,59,Farm Harvest,Jute,10,Gajapati,2018-19,-,,dash
11,59,Farm Harvest,Jute,11,Ganjam,2013-14,-,,dash
11,59,Farm Harvest,Jute,11,Ganjam,2014-15,-,,dash
11,59,Farm Harvest,Jute,11,Ganjam,2015-16,-,,dash
11,59,Farm Harvest,Jute,11,Ganjam,2016-17,-,,dash
11,59,Farm Harvest,Jute,11,Ganjam,2017-18,-,,dash
11,59,Farm Harvest,Jute,11,Ganjam,2018-19,-,,dash
11,59,Farm Harvest,Jute,12,Jagatsinghpur,2013-14,2850,2850,ok
11,59,Farm Harvest,Jute,12,Jagatsinghpur,2014-15,3000,3000,ok
11,59,Farm Harvest,Jute,12,Jagatsinghpur,2015-16,3000,3000,ok
11,59,Farm Harvest,Jute,12,Jagatsinghpur,2016-17,3267,3267,ok
11,59,Farm Harvest,Jute,12,Jagatsinghpur,2017-18,,,blank
11,59,Farm Harvest,Jute,12,Jagatsinghpur,2018-19,,,blank
11,59,Farm Harvest,Jute,13,Jajpur,2013-14,2857,2857,ok
11,59,Farm Harvest,Jute,13,Jajpur,2014-15,2950,2950,ok
11,59,Farm Harvest,Jute,13,Jajpur,2015-16,2975,2975,ok
11,59,Farm Harvest,Jute,13,Jajpur,2016-17,3200,3200,ok
11,59,Farm Harvest,Jute,13,Jajpur,2017-18,2500,2500,ok
11,59,Farm Harvest,Jute,13,Jajpur,2018-19,3900,3900,ok
11,59,Farm Harvest,Jute,14,Jharsuguda,2013-14,-,,dash
11,59,Farm Harvest,Jute,14,Jharsuguda,2014-15,-,,dash
11,59,Farm Harvest,Jute,14,Jharsuguda,2015-16,-,,dash
11,59,Farm Harvest,Jute,14,Jharsuguda,2016-17,-,,dash
11,59,Farm Harvest,Jute,14,Jharsuguda,2017-18,-,,dash
11,59,Farm Harvest,Jute,14,Jharsuguda,2018-19,-,,dash
11,59,Farm Harvest,Jute,15,Kalahandi,2013-14,3000,3000,ok
11,59,Farm Harvest,Jute,15,Kalahandi,2014-15,-,,dash
11,59,Farm Harvest,Jute,15,Kalahandi,2015-16,-,,dash
11,59,Farm Harvest,Jute,15,Kalahandi,2016-17,-,,dash
11,59,Farm Harvest,Jute,15,Kalahandi,2017-18,-,,dash
11,59,Farm Harvest,Jute,15,Kalahandi,2018-19,-,,dash
11,59,Farm Harvest,Jute,16,Kandhamal,2013-14,-,,dash
11,59,Farm Harvest,Jute,16,Kandhamal,2014-15,-,,dash
11,59,Farm Harvest,Jute,16,Kandhamal,2015-16,-,,dash
11,59,Farm Harvest,Jute,16,Kandhamal,2016-17,-,,dash
11,59,Farm Harvest,Jute,16,Kandhamal,2017-18,-,,dash
11,59,Farm Harvest,Jute,16,Kandhamal,2018-19,-,,dash
11,59,Farm Harvest,Jute,17,Kendrapara,2013-14,2700,2700,ok
11,59,Farm Harvest,Jute,17,Kendrapara,2014-15,2786.4286,2786.4286,ok
11,59,Farm Harvest,Jute,17,Kendrapara,2015-16,2800,2800,ok
11,59,Farm Harvest,Jute,17,Kendrapara,2016-17,2900,2900,ok
11,59,Farm Harvest,Jute,17,Kendrapara,2017-18,3700,3700,ok
11,59,Farm Harvest,Jute,17,Kendrapara,2018-19,3800,3800,ok
11,59,Farm Harvest,Jute,18,Keonjhar,2013-14,2700,2700,ok
11,59,Farm Harvest,Jute,18,Keonjhar,2014-15,2800,2800,ok
11,59,Farm Harvest,Jute,18,Keonjhar,2015-16,2900,2900,ok
11,59,Farm Harvest,Jute,18,Keonjhar,2016-17,3000,3000,ok
11,59,Farm Harvest,Jute,18,Keonjhar,2017-18,3728.57,3728.57,ok
11,59,Farm Harvest,Jute,18,Keonjhar,2018-19,4250,4250,ok
11,59,Farm Harvest,Jute,19,Khurda,2013-14,-,,dash
11,59,Farm Harvest,Jute,19,Khurda,2014-15,-,,dash
11,59,Farm Harvest,Jute,19,Khurda,2015-16,-,,dash
11,59,Farm Harvest,Jute,19,Khurda,2016-17,-,,dash
11,59,Farm Harvest,Jute,19,Khurda,2017-18,-,,dash
11,59,Farm Harvest,Jute,19,Khurda,2018-19,-,,dash
11,59,Farm Harvest,Jute,20,Koraput,2013-14,-,,dash
11,59,Farm Harvest,Jute,20,Koraput,2014-15,-,,dash
11,59,Farm Harvest,Jute,20,Koraput,2015-16,-,,dash
11,59,Farm Harvest,Jute,20,Koraput,2016-17,-,,dash
11,59,Farm Harvest,Jute,20,Koraput,2017-18,-,,dash
11,59,Farm Harvest,Jute,20,Koraput,2018-19,-,,dash
11,59,Farm Harvest,Jute,21,Malkangiri,2013-14,3000,3000,ok
11,59,Farm Harvest,Jute,21,Malkangiri,2014-15,-,,dash
11,59,Farm Harvest,Jute,21,Malkangiri,2015-16,-,,dash
11,59,Farm Harvest,Jute,21,Malkangiri,2016-17,-,,dash
11,59,Farm Harvest,Jute,21,Malkangiri,2017-18,-,,dash
11,59,Farm Harvest,Jute,21,Malkangiri,2018-19,-,,dash
11,59,Farm Harvest,Jute,22,Mayurbhanj,2013-14,-,,dash
11,59,Farm Harvest,Jute,22,Mayurbhanj,2014-15,-,,dash
11,59,Farm Harvest,Jute,22,Mayurbhanj,2015-16,-,,dash
11,59,Farm Harvest,Jute,22,Mayurbhanj,2016-17,4000,4000,ok
11,59,Farm Harvest,Jute,22,Mayurbhanj,2017-18,-,,dash
11,59,Farm Harvest,Jute,22,Mayurbhanj,2018-19,-,,dash
11,59,Farm Harvest,Jute,23,Nabarangapur,2013-14,-,,dash
11,59,Farm Harvest,Jute,23,Nabarangapur,2014-15,-,,dash
11,59,Farm Harvest,Jute,23,Nabarangapur,2015-16,-,,dash
11,59,Farm Harvest,Jute,23,Nabarangapur,2016-17,-,,dash
11,59,Farm Harvest,Jute,23,Nabarangapur,2017-18,-,,dash
11,59,Farm Harvest,Jute,23,Nabarangapur,2018-19,-,,dash
11,59,Farm Harvest,Jute,24,Nayagarh,2013-14,-,,dash
11,59,Farm Harvest,Jute,24,Nayagarh,2014-15,-,,dash
11,59,Farm Harvest,Jute,24,Nayagarh,2015-16,-,,dash
11,59,Farm Harvest,Jute,24,Nayagarh,2016-17,4000,4000,ok
11,59,Farm Harvest,Jute,24,Nayagarh,2017-18,4000,4000,ok
11,59,Farm Harvest,Jute,24,Nayagarh,2018-19,,,blank
11,59,Farm Harvest,Jute,25,Nuapada,2013-14,-,,dash
11,59,Farm Harvest,Jute,25,Nuapada,2014-15,-,,dash
11,59,Farm Harvest,Jute,25,Nuapada,2015-16,-,,dash
11,59,Farm Harvest,Jute,25,Nuapada,2016-17,-,,dash
11,59,Farm Harvest,Jute,25,Nuapada,2017-18,-,,dash
11,59,Farm Harvest,Jute,25,Nuapada,2018-19,-,,dash
11,59,Farm Harvest,Jute,26,Puri,2013-14,-,,dash
11,59,Farm Harvest,Jute,26,Puri,2014-15,-,,dash
11,59,Farm Harvest,Jute,26,Puri,2015-16,-,,dash
11,59,Farm Harvest,Jute,26,Puri,2016-17,-,,dash
11,59,Farm Harvest,Jute,26,Puri,2017-18,-,,dash
11,59,Farm Harvest,Jute,26,Puri,2018-19,-,,dash
11,59,Farm Harvest,Jute,27,Rayagada,2013-14,-,,dash
11,59,Farm Harvest,Jute,27,Rayagada,2014-15,-,,dash
11,59,Farm Harvest,Jute,27,Rayagada,2015-16,-,,dash
11,59,Farm Harvest,Jute,27,Rayagada,2016-17,-,,dash
11,59,Farm Harvest,Jute,27,Rayagada,2017-18,4000,4000,ok
11,59,Farm Harvest,Jute,27,Rayagada,2018-19,-,,dash
11,59,Farm Harvest,Jute,28,Sambalpur,2013-14,-,,dash
11,59,Farm Harvest,Jute,28,Sambalpur,2014-15,-,,dash
11,59,Farm Harvest,Jute,28,Sambalpur,2015-16,-,,dash
11,59,Farm Harvest,Jute,28,Sambalpur,2016-17,-,,dash
11,59,Farm Harvest,Jute,28,Sambalpur,2017-18,-,,dash
11,59,Farm Harvest,Jute,28,Sambalpur,2018-19,-,,dash
11,59,Farm Harvest,Jute,29,Sonepur,2013-14,-,,dash
11,59,Farm Harvest,Jute,29,Sonepur,2014-15,-,,dash
11,59,Farm Harvest,Jute,29,Sonepur,2015-16,-,,dash
11,59,Farm Harvest,Jute,29,Sonepur,2016-17,-,,dash
11,59,Farm Harvest,Jute,29,Sonepur,2017-18,-,,dash
11,59,Farm Harvest,Jute,29,Sonepur,2018-19,-,,dash
11,59,Farm Harvest,Jute,30,Sundargarh,2013-14,-,,dash
11,59,Farm Harvest,Jute,30,Sundargarh,2014-15,-,,dash
11,59,Farm Harvest,Jute,30,Sundargarh,2015-16,-,,dash
11,59,Farm Harvest,Jute,30,Sundargarh,2016-17,-,,dash
11,59,Farm Harvest,Jute,30,Sundargarh,2017-18,-,,dash
11,59,Farm Harvest,Jute,30,Sundargarh,2018-19,-,,dash
12,60,Farm Harvest,Potato,1,Angul,2013-14,800,800,ok
12,60,Farm Harvest,Potato,1,Angul,2014-15,725,725,ok
12,60,Farm Harvest,Potato,1,Angul,2015-16,906,906,ok
12,60,Farm Harvest,Potato,1,Angul,2016-17,883,883,ok
12,60,Farm Harvest,Potato,1,Angul,2017-18,994,994,ok
12,60,Farm Harvest,Potato,1,Angul,2018-19,1267,1267,ok
12,60,Farm Harvest,Potato,2,Balasore,2013-14,780,780,ok
12,60,Farm Harvest,Potato,2,Balasore,2014-15,740,740,ok
12,60,Farm Harvest,Potato,2,Balasore,2015-16,800,800,ok
12,60,Farm Harvest,Potato,2,Balasore,2016-17,838,838,ok
12,60,Farm Harvest,Potato,2,Balasore,2017-18,680,680,ok
12,60,Farm Harvest,Potato,2,Balasore,2018-19,1050,1050,ok
12,60,Farm Harvest,Potato,3,Bargarh,2013-14,800,800,ok
12,60,Farm Harvest,Potato,3,Bargarh,2014-15,730,730,ok
12,60,Farm Harvest,Potato,3,Bargarh,2015-16,875,875,ok
12,60,Farm Harvest,Potato,3,Bargarh,2016-17,880,880,ok
12,60,Farm Harvest,Potato,3,Bargarh,2017-18,992,992,ok
12,60,Farm Harvest,Potato,3,Bargarh,2018-19,1246,1246,ok
12,60,Farm Harvest,Potato,4,Bhadrak,2013-14,868,868,ok
12,60,Farm Harvest,Potato,4,Bhadrak,2014-15,787,787,ok
12,60,Farm Harvest,Potato,4,Bhadrak,2015-16,867,867,ok
12,60,Farm Harvest,Potato,4,Bhadrak,2016-17,820,820,ok
12,60,Farm Harvest,Potato,4,Bhadrak,2017-18,950,950,ok
12,60,Farm Harvest,Potato,4,Bhadrak,2018-19,1230,1230,ok
12,60,Farm Harvest,Potato,5,Bolangir,2013-14,-,,dash
12,60,Farm Harvest,Potato,5,Bolangir,2014-15,-,,dash
12,60,Farm Harvest,Potato,5,Bolangir,2015-16,-,,dash
12,60,Farm Harvest,Potato,5,Bolangir,2016-17,813,813,ok
12,60,Farm Harvest,Potato,5,Bolangir,2017-18,1167,1167,ok
12,60,Farm Harvest,Potato,5,Bolangir,2018-19,1100,1100,ok
12,60,Farm Harvest,Potato,6,Boudh,2013-14,850,850,ok
12,60,Farm Harvest,Potato,6,Boudh,2014-15,800,800,ok
12,60,Farm Harvest,Potato,6,Boudh,2015-16,925,925,ok
12,60,Farm Harvest,Potato,6,Boudh,2016-17,933,933,ok
12,60,Farm Harvest,Potato,6,Boudh,2017-18,1000,1000,ok
12,60,Farm Harvest,Potato,6,Boudh,2018-19,1400,1400,ok
12,60,Farm Harvest,Potato,7,Cuttack,2013-14,866,866,ok
12,60,Farm Harvest,Potato,7,Cuttack,2014-15,785,785,ok
12,60,Farm Harvest,Potato,7,Cuttack,2015-16,900,900,ok
12,60,Farm Harvest,Potato,7,Cuttack,2016-17,586,586,ok
12,60,Farm Harvest,Potato,7,Cuttack,2017-18,943,943,ok
12,60,Farm Harvest,Potato,7,Cuttack,2018-19,1077,1077,ok
12,60,Farm Harvest,Potato,8,Deogarh,2013-14,865,865,ok
12,60,Farm Harvest,Potato,8,Deogarh,2014-15,784,784,ok
12,60,Farm Harvest,Potato,8,Deogarh,2015-16,950,950,ok
12,60,Farm Harvest,Potato,8,Deogarh,2016-17,942,942,ok
12,60,Farm Harvest,Potato,8,Deogarh,2017-18,994,994,ok
12,60,Farm Harvest,Potato,8,Deogarh,2018-19,1367,1367,ok
12,60,Farm Harvest,Potato,9,Dhenkanal,2013-14,862,862,ok
12,60,Farm Harvest,Potato,9,Dhenkanal,2014-15,781,781,ok
12,60,Farm Harvest,Potato,9,Dhenkanal,2015-16,900,900,ok
12,60,Farm Harvest,Potato,9,Dhenkanal,2016-17,793,793,ok
12,60,Farm Harvest,Potato,9,Dhenkanal,2017-18,991,991,ok
12,60,Farm Harvest,Potato,9,Dhenkanal,2018-19,1385,1385,ok
12,60,Farm Harvest,Potato,10,Gajapati,2013-14,-,,dash
12,60,Farm Harvest,Potato,10,Gajapati,2014-15,745,745,ok
12,60,Farm Harvest,Potato,10,Gajapati,2015-16,833,833,ok
12,60,Farm Harvest,Potato,10,Gajapati,2016-17,767,767,ok
12,60,Farm Harvest,Potato,10,Gajapati,2017-18,996,996,ok
12,60,Farm Harvest,Potato,10,Gajapati,2018-19,1374,1374,ok
12,60,Farm Harvest,Potato,11,Ganjam,2013-14,805,805,ok
12,60,Farm Harvest,Potato,11,Ganjam,2014-15,730,730,ok
12,60,Farm Harvest,Potato,11,Ganjam,2015-16,825,825,ok
12,60,Farm Harvest,Potato,11,Ganjam,2016-17,600,600,ok
12,60,Farm Harvest,Potato,11,Ganjam,2017-18,913,913,ok
12,60,Farm Harvest,Potato,11,Ganjam,2018-19,1274,1274,ok
12,60,Farm Harvest,Potato,12,Jagatsinghpur,2013-14,890,890,ok
12,60,Farm Harvest,Potato,12,Jagatsinghpur,2014-15,815,815,ok
12,60,Farm Harvest,Potato,12,Jagatsinghpur,2015-16,860,860,ok
12,60,Farm Harvest,Potato,12,Jagatsinghpur,2016-17,867,867,ok
12,60,Farm Harvest,Potato,12,Jagatsinghpur,2017-18,915,915,ok
12,60,Farm Harvest,Potato,12,Jagatsinghpur,2018-19,1240,1240,ok
12,60,Farm Harvest,Potato,13,Jajpur,2013-14,860,860,ok
12,60,Farm Harvest,Potato,13,Jajpur,2014-15,780,780,ok
12,60,Farm Harvest,Potato,13,Jajpur,2015-16,833,833,ok
12,60,Farm Harvest,Potato,13,Jajpur,2016-17,733,733,ok
12,60,Farm Harvest,Potato,13,Jajpur,2017-18,995,995,ok
12,60,Farm Harvest,Potato,13,Jajpur,2018-19,1000,1000,ok
12,60,Farm Harvest,Potato,14,Jharsuguda,2013-14,925,925,ok
12,60,Farm Harvest,Potato,14,Jharsuguda,2014-15,840,840,ok
12,60,Farm Harvest,Potato,14,Jharsuguda,2015-16,1000,1000,ok
12,60,Farm Harvest,Potato,14,Jharsuguda,2016-17,900,900,ok
12,60,Farm Harvest,Potato,14,Jharsuguda,2017-18,982,982,ok
12,60,Farm Harvest,Potato,14,Jharsuguda,2018-19,982,982,ok
12,60,Farm Harvest,Potato,15,Kalahandi,2013-14,-,,dash
12,60,Farm Harvest,Potato,15,Kalahandi,2014-15,-,,dash
12,60,Farm Harvest,Potato,15,Kalahandi,2015-16,-,,dash
12,60,Farm Harvest,Potato,15,Kalahandi,2016-17,-,,dash
12,60,Farm Harvest,Potato,15,Kalahandi,2017-18,-,,dash
12,60,Farm Harvest,Potato,15,Kalahandi,2018-19,900,900,ok
12,60,Farm Harvest,Potato,16,Kandhamal,2013-14,870,870,ok
12,60,Farm Harvest,Potato,16,Kandhamal,2014-15,785,785,ok
12,60,Farm Harvest,Potato,16,Kandhamal,2015-16,953,953,ok
12,60,Farm Harvest,Potato,16,Kandhamal,2016-17,850,850,ok
12,60,Farm Harvest,Potato,16,Kandhamal,2017-18,943,943,ok
12,60,Farm Harvest,Potato,16,Kandhamal,2018-19,950,950,ok
12,60,Farm Harvest,Potato,17,Kendrapara,2013-14,806,806,ok
12,60,Farm Harvest,Potato,17,Kendrapara,2014-15,700,700,ok
12,60,Farm Harvest,Potato,17,Kendrapara,2015-16,800,800,ok
12,60,Farm Harvest,Potato,17,Kendrapara,2016-17,767,767,ok
12,60,Farm Harvest,Potato,17,Kendrapara,2017-18,850,850,ok
12,60,Farm Harvest,Potato,17,Kendrapara,2018-19,1025,1025,ok
12,60,Farm Harvest,Potato,18,Keonjhar,2013-14,937,937,ok
12,60,Farm Harvest,Potato,18,Keonjhar,2014-15,850,850,ok
12,60,Farm Harvest,Potato,18,Keonjhar,2015-16,967,967,ok
12,60,Farm Harvest,Potato,18,Keonjhar,2016-17,900,900,ok
12,60,Farm Harvest,Potato,18,Keonjhar,2017-18,953,953,ok
12,60,Farm Harvest,Potato,18,Keonjhar,2018-19,1127,1127,ok
12,60,Farm Harvest,Potato,19,Khurda,2013-14,824,824,ok
12,60,Farm Harvest,Potato,19,Khurda,2014-15,750,750,ok
12,60,Farm Harvest,Potato,19,Khurda,2015-16,825,825,ok
12,60,Farm Harvest,Potato,19,Khurda,2016-17,800,800,ok
12,60,Farm Harvest,Potato,19,Khurda,2017-18,815,815,ok
12,60,Farm Harvest,Potato,19,Khurda,2018-19,815,815,ok
12,60,Farm Harvest,Potato,20,Koraput,2013-14,818,818,ok
12,60,Farm Harvest,Potato,20,Koraput,2014-15,740,740,ok
12,60,Farm Harvest,Potato,20,Koraput,2015-16,822,822,ok
12,60,Farm Harvest,Potato,20,Koraput,2016-17,808,808,ok
12,60,Farm Harvest,Potato,20,Koraput,2017-18,927,927,ok
12,60,Farm Harvest,Potato,20,Koraput,2018-19,1355,1355,ok
12,60,Farm Harvest,Potato,21,Malkangiri,2013-14,-,,dash
12,60,Farm Harvest,Potato,21,Malkangiri,2014-15,-,,dash
12,60,Farm Harvest,Potato,21,Malkangiri,2015-16,-,,dash
12,60,Farm Harvest,Potato,21,Malkangiri,2016-17,-,,dash
12,60,Farm Harvest,Potato,21,Malkangiri,2017-18,1083,1083,ok
12,60,Farm Harvest,Potato,21,Malkangiri,2018-19,1583,1583,ok
12,60,Farm Harvest,Potato,22,Mayurbhanj,2013-14,-,,dash
12,60,Farm Harvest,Potato,22,Mayurbhanj,2014-15,875,875,ok
12,60,Farm Harvest,Potato,22,Mayurbhanj,2015-16,950,950,ok
12,60,Farm Harvest,Potato,22,Mayurbhanj,2016-17,910,910,ok
12,60,Farm Harvest,Potato,22,Mayurbhanj,2017-18,982,982,ok
12,60,Farm Harvest,Potato,22,Mayurbhanj,2018-19,1142,1142,ok
12,60,Farm Harvest,Potato,23,Nabarangapur,2013-14,958,958,ok
12,60,Farm Harvest,Potato,23,Nabarangapur,2014-15,870,870,ok
12,60,Farm Harvest,Potato,23,Nabarangapur,2015-16,945,945,ok
12,60,Farm Harvest,Potato,23,Nabarangapur,2016-17,935,935,ok
12,60,Farm Harvest,Potato,23,Nabarangapur,2017-18,990,990,ok
12,60,Farm Harvest,Potato,23,Nabarangapur,2018-19,1239,1239,ok
12,60,Farm Harvest,Potato,24,Nayagarh,2013-14,-,,dash
12,60,Farm Harvest,Potato,24,Nayagarh,2014-15,-,,dash
12,60,Farm Harvest,Potato,24,Nayagarh,2015-16,900,900,ok
12,60,Farm Harvest,Potato,24,Nayagarh,2016-17,-,,dash
12,60,Farm Harvest,Potato,24,Nayagarh,2017-18,884,884,ok
12,60,Farm Harvest,Potato,24,Nayagarh,2018-19,1480,1480,ok
12,60,Farm Harvest,Potato,25,Nuapada,2013-14,972,972,ok
12,60,Farm Harvest,Potato,25,Nuapada,2014-15,885,885,ok
12,60,Farm Harvest,Potato,25,Nuapada,2015-16,985,985,ok
12,60,Farm Harvest,Potato,25,Nuapada,2016-17,985,985,ok
12,60,Farm Harvest,Potato,25,Nuapada,2017-18,1081,1081,ok
12,60,Farm Harvest,Potato,25,Nuapada,2018-19,1246,1246,ok
12,60,Farm Harvest,Potato,26,Puri,2013-14,822,822,ok
12,60,Farm Harvest,Potato,26,Puri,2014-15,746,746,ok
12,60,Farm Harvest,Potato,26,Puri,2015-16,871,871,ok
12,60,Farm Harvest,Potato,26,Puri,2016-17,875,875,ok
12,60,Farm Harvest,Potato,26,Puri,2017-18,867,867,ok
12,60,Farm Harvest,Potato,26,Puri,2018-19,1229,1229,ok
12,60,Farm Harvest,Potato,27,Rayagada,2013-14,800,800,ok
12,60,Farm Harvest,Potato,27,Rayagada,2014-15,725,725,ok
12,60,Farm Harvest,Potato,27,Rayagada,2015-16,902,902,ok
12,60,Farm Harvest,Potato,27,Rayagada,2016-17,911,911,ok
12,60,Farm Harvest,Potato,27,Rayagada,2017-18,1197,1197,ok
12,60,Farm Harvest,Potato,27,Rayagada,2018-19,1250,1250,ok
12,60,Farm Harvest,Potato,28,Sambalpur,2013-14,875,875,ok
12,60,Farm Harvest,Potato,28,Sambalpur,2014-15,793,793,ok
12,60,Farm Harvest,Potato,28,Sambalpur,2015-16,955,955,ok
12,60,Farm Harvest,Potato,28,Sambalpur,2016-17,850,850,ok
12,60,Farm Harvest,Potato,28,Sambalpur,2017-18,865,865,ok
12,60,Farm Harvest,Potato,28,Sambalpur,2018-19,1016,1016,ok
12,60,Farm Harvest,Potato,29,Sonepur,2013-14,840,840,ok
12,60,Farm Harvest,Potato,29,Sonepur,2014-15,761,761,ok
12,60,Farm Harvest,Potato,29,Sonepur,2015-16,1000,1000,ok
12,60,Farm Harvest,Potato,29,Sonepur,2016-17,889,889,ok
12,60,Farm Harvest,Potato,29,Sonepur,2017-18,1150,1150,ok
12,60,Farm Harvest,Potato,29,Sonepur,2018-19,1398,1398,ok
12,60,Farm Harvest,Potato,30,Sundargarh,2013-14,827,827,ok
12,60,Farm Harvest,Potato,30,Sundargarh,2014-15,725,725,ok
12,60,Farm Harvest,Potato,30,Sundargarh,2015-16,1000,1000,ok
12,60,Farm Harvest,Potato,30,Sundargarh,2016-17,950,950,ok
12,60,Farm Harvest,Potato,30,Sundargarh,2017-18,867,867,ok
12,60,Farm Harvest,Potato,30,Sundargarh,2018-19,1170,1170,ok
13,61,Farm Harvest,Sugarcane,1,Angul,2013-14,-,,dash
13,61,Farm Harvest,Sugarcane,1,Angul,2014-15,236,236,ok
13,61,Farm Harvest,Sugarcane,1,Angul,2015-16,267,267,ok
13,61,Farm Harvest,Sugarcane,1,Angul,2016-17,300,300,ok
13,61,Farm Harvest,Sugarcane,1,Angul,2017-18,341,341,ok
13,61,Farm Harvest,Sugarcane,1,Angul,2018-19,350,350,ok
13,61,Farm Harvest,Sugarcane,2,Balasore,2013-14,-,,dash
13,61,Farm Harvest,Sugarcane,2,Balasore,2014-15,235,235,ok
13,61,Farm Harvest,Sugarcane,2,Balasore,2015-16,258,258,ok
13,61,Farm Harvest,Sugarcane,2,Balasore,2016-17,285,285,ok
13,61,Farm Harvest,Sugarcane,2,Balasore,2017-18,375,375,ok
13,61,Farm Harvest,Sugarcane,2,Balasore,2018-19,310,310,ok
13,61,Farm Harvest,Sugarcane,3,Bargarh,2013-14,162,162,ok
13,61,Farm Harvest,Sugarcane,3,Bargarh,2014-15,200,200,ok
13,61,Farm Harvest,Sugarcane,3,Bargarh,2015-16,233,233,ok
13,61,Farm Harvest,Sugarcane,3,Bargarh,2016-17,244,244,ok
13,61,Farm Harvest,Sugarcane,3,Bargarh,2017-18,325,325,ok
13,61,Farm Harvest,Sugarcane,3,Bargarh,2018-19,300,300,ok
13,61,Farm Harvest,Sugarcane,4,Bhadrak,2013-14,-,,dash
13,61,Farm Harvest,Sugarcane,4,Bhadrak,2014-15,235,235,ok
13,61,Farm Harvest,Sugarcane,4,Bhadrak,2015-16,257,257,ok
13,61,Farm Harvest,Sugarcane,4,Bhadrak,2016-17,285,285,ok
13,61,Farm Harvest,Sugarcane,4,Bhadrak,2017-18,300,300,ok
13,61,Farm Harvest,Sugarcane,4,Bhadrak,2018-19,410,410,ok
13,61,Farm Harvest,Sugarcane,5,Bolangir,2013-14,168,168,ok
13,61,Farm Harvest,Sugarcane,5,Bolangir,2014-15,210,210,ok
13,61,Farm Harvest,Sugarcane,5,Bolangir,2015-16,245,245,ok
13,61,Farm Harvest,Sugarcane,5,Bolangir,2016-17,277,277,ok
13,61,Farm Harvest,Sugarcane,5,Bolangir,2017-18,365,365,ok
13,61,Farm Harvest,Sugarcane,5,Bolangir,2018-19,340,340,ok
13,61,Farm Harvest,Sugarcane,6,Boudh,2013-14,200,200,ok
13,61,Farm Harvest,Sugarcane,6,Boudh,2014-15,245,245,ok
13,61,Farm Harvest,Sugarcane,6,Boudh,2015-16,266,266,ok
13,61,Farm Harvest,Sugarcane,6,Boudh,2016-17,300,300,ok
13,61,Farm Harvest,Sugarcane,6,Boudh,2017-18,350,350,ok
13,61,Farm Harvest,Sugarcane,6,Boudh,2018-19,242,242,ok
13,61,Farm Harvest,Sugarcane,7,Cuttack,2013-14,165,165,ok
13,61,Farm Harvest,Sugarcane,7,Cuttack,2014-15,200,200,ok
13,61,Farm Harvest,Sugarcane,7,Cuttack,2015-16,250,250,ok
13,61,Farm Harvest,Sugarcane,7,Cuttack,2016-17,270,270,ok
13,61,Farm Harvest,Sugarcane,7,Cuttack,2017-18,274,274,ok
13,61,Farm Harvest,Sugarcane,7,Cuttack,2018-19,320,320,ok
13,61,Farm Harvest,Sugarcane,8,Deogarh,2013-14,-,,dash
13,61,Farm Harvest,Sugarcane,8,Deogarh,2014-15,-,,dash
13,61,Farm Harvest,Sugarcane,8,Deogarh,2015-16,-,,dash
13,61,Farm Harvest,Sugarcane,8,Deogarh,2016-17,300,300,ok
13,61,Farm Harvest,Sugarcane,8,Deogarh,2017-18,237,237,ok
13,61,Farm Harvest,Sugarcane,8,Deogarh,2018-19,386,386,ok
13,61,Farm Harvest,Sugarcane,9,Dhenkanal,2013-14,-,,dash
13,61,Farm Harvest,Sugarcane,9,Dhenkanal,2014-15,222,222,ok
13,61,Farm Harvest,Sugarcane,9,Dhenkanal,2015-16,250,250,ok
13,61,Farm Harvest,Sugarcane,9,Dhenkanal,2016-17,267,267,ok
13,61,Farm Harvest,Sugarcane,9,Dhenkanal,2017-18,305,305,ok
13,61,Farm Harvest,Sugarcane,9,Dhenkanal,2018-19,305,305,ok
13,61,Farm Harvest,Sugarcane,10,Gajapati,2013-14,-,,dash
13,61,Farm Harvest,Sugarcane,10,Gajapati,2014-15,215,215,ok
13,61,Farm Harvest,Sugarcane,10,Gajapati,2015-16,245,245,ok
13,61,Farm Harvest,Sugarcane,10,Gajapati,2016-17,265,265,ok
13,61,Farm Harvest,Sugarcane,10,Gajapati,2017-18,280,280,ok
13,61,Farm Harvest,Sugarcane,10,Gajapati,2018-19,280,280,ok
13,61,Farm Harvest,Sugarcane,11,Ganjam,2013-14,165,165,ok
13,61,Farm Harvest,Sugarcane,11,Ganjam,2014-15,200,200,ok
13,61,Farm Harvest,Sugarcane,11,Ganjam,2015-16,230,230,ok
13,61,Farm Harvest,Sugarcane,11,Ganjam,2016-17,250,250,ok
13,61,Farm Harvest,Sugarcane,11,Ganjam,2017-18,260.7,260.7,ok
13,61,Farm Harvest,Sugarcane,11,Ganjam,2018-19,335,335,ok
13,61,Farm Harvest,Sugarcane,12,Jagatsinghpur,2013-14,170,170,ok
13,61,Farm Harvest,Sugarcane,12,Jagatsinghpur,2014-15,210,210,ok
13,61,Farm Harvest,Sugarcane,12,Jagatsinghpur,2015-16,250,250,ok
13,61,Farm Harvest,Sugarcane,12,Jagatsinghpur,2016-17,270,270,ok
13,61,Farm Harvest,Sugarcane,12,Jagatsinghpur,2017-18,304,304,ok
13,61,Farm Harvest,Sugarcane,12,Jagatsinghpur,2018-19,310,310,ok
13,61,Farm Harvest,Sugarcane,13,Jajpur,2013-14,174,174,ok
13,61,Farm Harvest,Sugarcane,13,Jajpur,2014-15,215,215,ok
13,61,Farm Harvest,Sugarcane,13,Jajpur,2015-16,250,250,ok
13,61,Farm Harvest,Sugarcane,13,Jajpur,2016-17,275,275,ok
13,61,Farm Harvest,Sugarcane,13,Jajpur,2017-18,318,318,ok
13,61,Farm Harvest,Sugarcane,13,Jajpur,2018-19,350,350,ok
13,61,Farm Harvest,Sugarcane,14,Jharsuguda,2013-14,-,,dash
13,61,Farm Harvest,Sugarcane,14,Jharsuguda,2014-15,-,,dash
13,61,Farm Harvest,Sugarcane,14,Jharsuguda,2015-16,-,,dash
13,61,Farm Harvest,Sugarcane,14,Jharsuguda,2016-17,267,267,ok
13,61,Farm Harvest,Sugarcane,14,Jharsuguda,2017-18,355,355,ok
13,61,Farm Harvest,Sugarcane,14,Jharsuguda,2018-19,-,,dash
13,61,Farm Harvest,Sugarcane,15,Kalahandi,2013-14,200,200,ok
13,61,Farm Harvest,Sugarcane,15,Kalahandi,2014-15,240,240,ok
13,61,Farm Harvest,Sugarcane,15,Kalahandi,2015-16,262,262,ok
13,61,Farm Harvest,Sugarcane,15,Kalahandi,2016-17,300,300,ok
13,61,Farm Harvest,Sugarcane,15,Kalahandi,2017-18,310,310,ok
13,61,Farm Harvest,Sugarcane,15,Kalahandi,2018-19,280,280,ok
13,61,Farm Harvest,Sugarcane,16,Kandhamal,2013-14,-,,dash
13,61,Farm Harvest,Sugarcane,16,Kandhamal,2014-15,-,,dash
13,61,Farm Harvest,Sugarcane,16,Kandhamal,2015-16,-,,dash
13,61,Farm Harvest,Sugarcane,16,Kandhamal,2016-17,-,,dash
13,61,Farm Harvest,Sugarcane,16,Kandhamal,2017-18,-,,dash
13,61,Farm Harvest,Sugarcane,16,Kandhamal,2018-19,-,,dash
13,61,Farm Harvest,Sugarcane,17,Kendrapara,2013-14,165,165,ok
13,61,Farm Harvest,Sugarcane,17,Kendrapara,2014-15,215,215,ok
13,61,Farm Harvest,Sugarcane,17,Kendrapara,2015-16,248,248,ok
13,61,Farm Harvest,Sugarcane,17,Kendrapara,2016-17,270,270,ok
13,61,Farm Harvest,Sugarcane,17,Kendrapara,2017-18,350,350,ok
13,61,Farm Harvest,Sugarcane,17,Kendrapara,2018-19,325,325,ok
13,61,Farm Harvest,Sugarcane,18,Keonjhar,2013-14,-,,dash
13,61,Farm Harvest,Sugarcane,18,Keonjhar,2014-15,240,240,ok
13,61,Farm Harvest,Sugarcane,18,Keonjhar,2015-16,260,260,ok
13,61,Farm Harvest,Sugarcane,18,Keonjhar,2016-17,275,275,ok
13,61,Farm Harvest,Sugarcane,18,Keonjhar,2017-18,310,310,ok
13,61,Farm Harvest,Sugarcane,18,Keonjhar,2018-19,355,355,ok
13,61,Farm Harvest,Sugarcane,19,Khurda,2013-14,-,,dash
13,61,Farm Harvest,Sugarcane,19,Khurda,2014-15,226.66,226.66,ok
13,61,Farm Harvest,Sugarcane,19,Khurda,2015-16,250,250,ok
13,61,Farm Harvest,Sugarcane,19,Khurda,2016-17,267,267,ok
13,61,Farm Harvest,Sugarcane,19,Khurda,2017-18,352,352,ok
13,61,Farm Harvest,Sugarcane,19,Khurda,2018-19,-,,dash
13,61,Farm Harvest,Sugarcane,20,Koraput,2013-14,170,170,ok
13,61,Farm Harvest,Sugarcane,20,Koraput,2014-15,180,180,ok
13,61,Farm Harvest,Sugarcane,20,Koraput,2015-16,235,235,ok
13,61,Farm Harvest,Sugarcane,20,Koraput,2016-17,260,260,ok
13,61,Farm Harvest,Sugarcane,20,Koraput,2017-18,265,265,ok
13,61,Farm Harvest,Sugarcane,20,Koraput,2018-19,350,350,ok
13,61,Farm Harvest,Sugarcane,21,Malkangiri,2013-14,-,,dash
13,61,Farm Harvest,Sugarcane,21,Malkangiri,2014-15,-,,dash
13,61,Farm Harvest,Sugarcane,21,Malkangiri,2015-16,-,,dash
13,61,Farm Harvest,Sugarcane,21,Malkangiri,2016-17,300,300,ok
13,61,Farm Harvest,Sugarcane,21,Malkangiri,2017-18,-,,dash
13,61,Farm Harvest,Sugarcane,21,Malkangiri,2018-19,-,,dash
13,61,Farm Harvest,Sugarcane,22,Mayurbhanj,2013-14,-,,dash
13,61,Farm Harvest,Sugarcane,22,Mayurbhanj,2014-15,-,,dash
13,61,Farm Harvest,Sugarcane,22,Mayurbhanj,2015-16,-,,dash
13,61,Farm Harvest,Sugarcane,22,Mayurbhanj,2016-17,-,,dash
13,61,Farm Harvest,Sugarcane,22,Mayurbhanj,2017-18,-,,dash
13,61,Farm Harvest,Sugarcane,22,Mayurbhanj,2018-19,-,,dash
13,61,Farm Harvest,Sugarcane,23,Nabarangapur,2013-14,170,170,ok
13,61,Farm Harvest,Sugarcane,23,Nabarangapur,2014-15,200,200,ok
13,61,Farm Harvest,Sugarcane,23,Nabarangapur,2015-16,255,255,ok
13,61,Farm Harvest,Sugarcane,23,Nabarangapur,2016-17,270,270,ok
13,61,Farm Harvest,Sugarcane,23,Nabarangapur,2017-18,372,372,ok
13,61,Farm Harvest,Sugarcane,23,Nabarangapur,2018-19,390,390,ok
13,61,Farm Harvest,Sugarcane,24,Nayagarh,2013-14,180,180,ok
13,61,Farm Harvest,Sugarcane,24,Nayagarh,2014-15,200,200,ok
13,61,Farm Harvest,Sugarcane,24,Nayagarh,2015-16,245,245,ok
13,61,Farm Harvest,Sugarcane,24,Nayagarh,2016-17,275,275,ok
13,61,Farm Harvest,Sugarcane,24,Nayagarh,2017-18,320,320,ok
13,61,Farm Harvest,Sugarcane,24,Nayagarh,2018-19,400,400,ok
13,61,Farm Harvest,Sugarcane,25,Nuapada,2013-14,-,,dash
13,61,Farm Harvest,Sugarcane,25,Nuapada,2014-15,-,,dash
13,61,Farm Harvest,Sugarcane,25,Nuapada,2015-16,-,,dash
13,61,Farm Harvest,Sugarcane,25,Nuapada,2016-17,300,300,ok
13,61,Farm Harvest,Sugarcane,25,Nuapada,2017-18,360,360,ok
13,61,Farm Harvest,Sugarcane,25,Nuapada,2018-19,320,320,ok
13,61,Farm Harvest,Sugarcane,26,Puri,2013-14,-,,dash
13,61,Farm Harvest,Sugarcane,26,Puri,2014-15,230,230,ok
13,61,Farm Harvest,Sugarcane,26,Puri,2015-16,252,252,ok
13,61,Farm Harvest,Sugarcane,26,Puri,2016-17,275,275,ok
13,61,Farm Harvest,Sugarcane,26,Puri,2017-18,-,,dash
13,61,Farm Harvest,Sugarcane,26,Puri,2018-19,300,300,ok
13,61,Farm Harvest,Sugarcane,27,Rayagada,2013-14,-,,dash
13,61,Farm Harvest,Sugarcane,27,Rayagada,2014-15,-,,dash
13,61,Farm Harvest,Sugarcane,27,Rayagada,2015-16,-,,dash
13,61,Farm Harvest,Sugarcane,27,Rayagada,2016-17,-,,dash
13,61,Farm Harvest,Sugarcane,27,Rayagada,2017-18,355,355,ok
13,61,Farm Harvest,Sugarcane,27,Rayagada,2018-19,-,,dash
13,61,Farm Harvest,Sugarcane,28,Sambalpur,2013-14,-,,dash
13,61,Farm Harvest,Sugarcane,28,Sambalpur,2014-15,245,245,ok
13,61,Farm Harvest,Sugarcane,28,Sambalpur,2015-16,260,260,ok
13,61,Farm Harvest,Sugarcane,28,Sambalpur,2016-17,290,290,ok
13,61,Farm Harvest,Sugarcane,28,Sambalpur,2017-18,349,349,ok
13,61,Farm Harvest,Sugarcane,28,Sambalpur,2018-19,285,285,ok
13,61,Farm Harvest,Sugarcane,29,Sonepur,2013-14,190,190,ok
13,61,Farm Harvest,Sugarcane,29,Sonepur,2014-15,235,235,ok
13,61,Farm Harvest,Sugarcane,29,Sonepur,2015-16,255,255,ok
13,61,Farm Harvest,Sugarcane,29,Sonepur,2016-17,285,285,ok
13,61,Farm Harvest,Sugarcane,29,Sonepur,2017-18,-,,dash
13,61,Farm Harvest,Sugarcane,29,Sonepur,2018-19,-,,dash
13,61,Farm Harvest,Sugarcane,30,Sundargarh,2013-14,-,,dash
13,61,Farm Harvest,Sugarcane,30,Sundargarh,2014-15,240,240,ok
13,61,Farm Harvest,Sugarcane,30,Sundargarh,2015-16,260,260,ok
13,61,Farm Harvest,Sugarcane,30,Sundargarh,2016-17,300,300,ok
13,61,Farm Harvest,Sugarcane,30,Sundargarh,2017-18,-,,dash
13,61,Farm Harvest,Sugarcane,30,Sundargarh,2018-19,300,300,ok
14,62,Wholesale,Paddy,1,Angul,2013-14,1310*,1310,provisional
14,62,Wholesale,Paddy,1,Angul,2014-15,1360*,1360,provisional
14,62,Wholesale,Paddy,1,Angul,2015-16,1438,1438,ok
14,62,Wholesale,Paddy,1,Angul,2016-17,1470*,1470,provisional
14,62,Wholesale,Paddy,1,Angul,2017-18,1550*,1550,provisional
14,62,Wholesale,Paddy,1,Angul,2018-19,1750*,1750,provisional
14,62,Wholesale,Paddy,2,Balasore,2013-14,1310*,1310,provisional
14,62,Wholesale,Paddy,2,Balasore,2014-15,1360*,1360,provisional
14,62,Wholesale,Paddy,2,Balasore,2015-16,1410*,1410,provisional
14,62,Wholesale,Paddy,2,Balasore,2016-17,1470*,1470,provisional
14,62,Wholesale,Paddy,2,Balasore,2017-18,1550*,1550,provisional
14,62,Wholesale,Paddy,2,Balasore,2018-19,1750*,1750,provisional
14,62,Wholesale,Paddy,3,Bargarh,2013-14,1310*,1310,provisional
14,62,Wholesale,Paddy,3,Bargarh,2014-15,1360*,1360,provisional
14,62,Wholesale,Paddy,3,Bargarh,2015-16,1410*,1410,provisional
14,62,Wholesale,Paddy,3,Bargarh,2016-17,1470*,1470,provisional
14,62,Wholesale,Paddy,3,Bargarh,2017-18,1550*,1550,provisional
14,62,Wholesale,Paddy,3,Bargarh,2018-19,1750*,1750,provisional
14,62,Wholesale,Paddy,4,Bhadrak,2013-14,1310*,1310,provisional
14,62,Wholesale,Paddy,4,Bhadrak,2014-15,1360*,1360,provisional
14,62,Wholesale,Paddy,4,Bhadrak,2015-16,1410*,1410,provisional
14,62,Wholesale,Paddy,4,Bhadrak,2016-17,1470*,1470,provisional
14,62,Wholesale,Paddy,4,Bhadrak,2017-18,1550*,1550,provisional
14,62,Wholesale,Paddy,4,Bhadrak,2018-19,1750*,1750,provisional
14,62,Wholesale,Paddy,5,Bolangir,2013-14,1310*,1310,provisional
14,62,Wholesale,Paddy,5,Bolangir,2014-15,1360*,1360,provisional
14,62,Wholesale,Paddy,5,Bolangir,2015-16,1410*,1410,provisional
14,62,Wholesale,Paddy,5,Bolangir,2016-17,1470*,1470,provisional
14,62,Wholesale,Paddy,5,Bolangir,2017-18,1550*,1550,provisional
14,62,Wholesale,Paddy,5,Bolangir,2018-19,1750*,1750,provisional
14,62,Wholesale,Paddy,6,Boudh,2013-14,1310*,1310,provisional
14,62,Wholesale,Paddy,6,Boudh,2014-15,1360*,1360,provisional
14,62,Wholesale,Paddy,6,Boudh,2015-16,1429,1429,ok
14,62,Wholesale,Paddy,6,Boudh,2016-17,1470*,1470,provisional
14,62,Wholesale,Paddy,6,Boudh,2017-18,1550*,1550,provisional
14,62,Wholesale,Paddy,6,Boudh,2018-19,1750*,1750,provisional
14,62,Wholesale,Paddy,7,Cuttack,2013-14,1310*,1310,provisional
14,62,Wholesale,Paddy,7,Cuttack,2014-15,1360*,1360,provisional
14,62,Wholesale,Paddy,7,Cuttack,2015-16,1410*,1410,provisional
14,62,Wholesale,Paddy,7,Cuttack,2016-17,1470*,1470,provisional
14,62,Wholesale,Paddy,7,Cuttack,2017-18,1550*,1550,provisional
14,62,Wholesale,Paddy,7,Cuttack,2018-19,1750*,1750,provisional
14,62,Wholesale,Paddy,8,Deogarh,2013-14,1333,1333,ok
14,62,Wholesale,Paddy,8,Deogarh,2014-15,1375,1375,ok
14,62,Wholesale,Paddy,8,Deogarh,2015-16,1489,1489,ok
14,62,Wholesale,Paddy,8,Deogarh,2016-17,1470*,1470,provisional
14,62,Wholesale,Paddy,8,Deogarh,2017-18,1577,1577,ok
14,62,Wholesale,Paddy,8,Deogarh,2018-19,1750*,1750,provisional
14,62,Wholesale,Paddy,9,Dhenkanal,2013-14,1310*,1310,provisional
14,62,Wholesale,Paddy,9,Dhenkanal,2014-15,1360*,1360,provisional
14,62,Wholesale,Paddy,9,Dhenkanal,2015-16,1437,1437,ok
14,62,Wholesale,Paddy,9,Dhenkanal,2016-17,1470*,1470,provisional
14,62,Wholesale,Paddy,9,Dhenkanal,2017-18,1550*,1550,provisional
14,62,Wholesale,Paddy,9,Dhenkanal,2018-19,1750*,1750,provisional
14,62,Wholesale,Paddy,10,Gajpati,2013-14,1310*,1310,provisional
14,62,Wholesale,Paddy,10,Gajpati,2014-15,1360*,1360,provisional
14,62,Wholesale,Paddy,10,Gajpati,2015-16,1481,1481,ok
14,62,Wholesale,Paddy,10,Gajpati,2016-17,1483,1483,ok
14,62,Wholesale,Paddy,10,Gajpati,2017-18,1550*,1550,provisional
14,62,Wholesale,Paddy,10,Gajpati,2018-19,1750*,1750,provisional
14,62,Wholesale,Paddy,11,Ganjam,2013-14,1310*,1310,provisional
14,62,Wholesale,Paddy,11,Ganjam,2014-15,1360*,1360,provisional
14,62,Wholesale,Paddy,11,Ganjam,2015-16,1436,1436,ok
14,62,Wholesale,Paddy,11,Ganjam,2016-17,1470*,1470,provisional
14,62,Wholesale,Paddy,11,Ganjam,2017-18,1550*,1550,provisional
14,62,Wholesale,Paddy,11,Ganjam,2018-19,1750*,1750,provisional
14,62,Wholesale,Paddy,12,Jagatsinghpur,2013-14,1310*,1310,provisional
14,62,Wholesale,Paddy,12,Jagatsinghpur,2014-15,1360*,1360,provisional
14,62,Wholesale,Paddy,12,Jagatsinghpur,2015-16,1410*,1410,provisional
14,62,Wholesale,Paddy,12,Jagatsinghpur,2016-17,1470*,1470,provisional
14,62,Wholesale,Paddy,12,Jagatsinghpur,2017-18,1550*,1550,provisional
14,62,Wholesale,Paddy,12,Jagatsinghpur,2018-19,1750*,1750,provisional
14,62,Wholesale,Paddy,13,Jajpur,2013-14,1310*,1310,provisional
14,62,Wholesale,Paddy,13,Jajpur,2014-15,1360*,1360,provisional
14,62,Wholesale,Paddy,13,Jajpur,2015-16,1410*,1410,provisional
14,62,Wholesale,Paddy,13,Jajpur,2016-17,1470*,1470,provisional
14,62,Wholesale,Paddy,13,Jajpur,2017-18,1550*,1550,provisional
14,62,Wholesale,Paddy,13,Jajpur,2018-19,1750*,1750,provisional
14,62,Wholesale,Paddy,14,Jharsuguda,2013-14,1355,1355,ok
14,62,Wholesale,Paddy,14,Jharsuguda,2014-15,1375,1375,ok
14,62,Wholesale,Paddy,14,Jharsuguda,2015-16,1438,1438,ok
14,62,Wholesale,Paddy,14,Jharsuguda,2016-17,1470*,1470,provisional
14,62,Wholesale,Paddy,14,Jharsuguda,2017-18,1550*,1550,provisional
14,62,Wholesale,Paddy,14,Jharsuguda,2018-19,1750*,1750,provisional
14,62,Wholesale,Paddy,15,Kalahandi,2013-14,1310*,1310,provisional
14,62,Wholesale,Paddy,15,Kalahandi,2014-15,1360*,1360,provisional
14,62,Wholesale,Paddy,15,Kalahandi,2015-16,1516,1516,ok
14,62,Wholesale,Paddy,15,Kalahandi,2016-17,1500,1500,ok
14,62,Wholesale,Paddy,15,Kalahandi,2017-18,1571,1571,ok
14,62,Wholesale,Paddy,15,Kalahandi,2018-19,1750*,1750,provisional
14,62,Wholesale,Paddy,16,Kandhamal,2013-14,1325,1325,ok
14,62,Wholesale,Paddy,16,Kandhamal,2014-15,1375,1375,ok
14,62,Wholesale,Paddy,16,Kandhamal,2015-16,1440,1440,ok
14,62,Wholesale,Paddy,16,Kandhamal,2016-17,1470*,1470,provisional
14,62,Wholesale,Paddy,16,Kandhamal,2017-18,1550*,1550,provisional
14,62,Wholesale,Paddy,16,Kandhamal,2018-19,1750*,1750,provisional
14,62,Wholesale,Paddy,17,Kendrapara,2013-14,1310*,1310,provisional
14,62,Wholesale,Paddy,17,Kendrapara,2014-15,1360*,1360,provisional
14,62,Wholesale,Paddy,17,Kendrapara,2015-16,1420,1420,ok
14,62,Wholesale,Paddy,17,Kendrapara,2016-17,1470*,1470,provisional
14,62,Wholesale,Paddy,17,Kendrapara,2017-18,1550*,1550,provisional
14,62,Wholesale,Paddy,17,Kendrapara,2018-19,1750*,1750,provisional
14,62,Wholesale,Paddy,18,Keonjhar,2013-14,1310*,1310,provisional
14,62,Wholesale,Paddy,18,Keonjhar,2014-15,1360*,1360,provisional
14,62,Wholesale,Paddy,18,Keonjhar,2015-16,1415,1415,ok
14,62,Wholesale,Paddy,18,Keonjhar,2016-17,1470*,1470,provisional
14,62,Wholesale,Paddy,18,Keonjhar,2017-18,1550*,1550,provisional
14,62,Wholesale,Paddy,18,Keonjhar,2018-19,1750*,1750,provisional
14,62,Wholesale,Paddy,19,Khurda,2013-14,1310*,1310,provisional
14,62,Wholesale,Paddy,19,Khurda,2014-15,1360*,1360,provisional
14,62,Wholesale,Paddy,19,Khurda,2015-16,1440,1440,ok
14,62,Wholesale,Paddy,19,Khurda,2016-17,1470*,1470,provisional
14,62,Wholesale,Paddy,19,Khurda,2017-18,1550*,1550,provisional
14,62,Wholesale,Paddy,19,Khurda,2018-19,1813,1813,ok
14,62,Wholesale,Paddy,20,Koraput,2013-14,1310*,1310,provisional
14,62,Wholesale,Paddy,20,Koraput,2014-15,1360*,1360,provisional
14,62,Wholesale,Paddy,20,Koraput,2015-16,1410*,1410,provisional
14,62,Wholesale,Paddy,20,Koraput,2016-17,1470*,1470,provisional
14,62,Wholesale,Paddy,20,Koraput,2017-18,1550*,1550,provisional
14,62,Wholesale,Paddy,20,Koraput,2018-19,1750*,1750,provisional
14,62,Wholesale,Paddy,21,Malkangiri,2013-14,1315,1315,ok
14,62,Wholesale,Paddy,21,Malkangiri,2014-15,1360*,1360,provisional
14,62,Wholesale,Paddy,21,Malkangiri,2015-16,1410*,1410,provisional
14,62,Wholesale,Paddy,21,Malkangiri,2016-17,1470*,1470,provisional
14,62,Wholesale,Paddy,21,Malkangiri,2017-18,1550*,1550,provisional
14,62,Wholesale,Paddy,21,Malkangiri,2018-19,1750*,1750,provisional
14,62,Wholesale,Paddy,22,Mayurbhanj,2013-14,1310*,1310,provisional
14,62,Wholesale,Paddy,22,Mayurbhanj,2014-15,1360*,1360,provisional
14,62,Wholesale,Paddy,22,Mayurbhanj,2015-16,1410*,1410,provisional
14,62,Wholesale,Paddy,22,Mayurbhanj,2016-17,1470*,1470,provisional
14,62,Wholesale,Paddy,22,Mayurbhanj,2017-18,1550*,1550,provisional
14,62,Wholesale,Paddy,22,Mayurbhanj,2018-19,1750*,1750,provisional
14,62,Wholesale,Paddy,23,Nabarangapur,2013-14,1310*,1310,provisional
14,62,Wholesale,Paddy,23,Nabarangapur,2014-15,1360*,1360,provisional
14,62,Wholesale,Paddy,23,Nabarangapur,2015-16,1410*,1410,provisional
14,62,Wholesale,Paddy,23,Nabarangapur,2016-17,1470*,1470,provisional
14,62,Wholesale,Paddy,23,Nabarangapur,2017-18,1550*,1550,provisional
14,62,Wholesale,Paddy,23,Nabarangapur,2018-19,1750*,1750,provisional
14,62,Wholesale,Paddy,24,Nayagarh,2013-14,1310*,1310,provisional
14,62,Wholesale,Paddy,24,Nayagarh,2014-15,1360*,1360,provisional
14,62,Wholesale,Paddy,24,Nayagarh,2015-16,1436,1436,ok
14,62,Wholesale,Paddy,24,Nayagarh,2016-17,1470*,1470,provisional
14,62,Wholesale,Paddy,24,Nayagarh,2017-18,1625,1625,ok
14,62,Wholesale,Paddy,24,Nayagarh,2018-19,1750*,1750,provisional
14,62,Wholesale,Paddy,25,Nuapara,2013-14,1310*,1310,provisional
14,62,Wholesale,Paddy,25,Nuapara,2014-15,1360*,1360,provisional
14,62,Wholesale,Paddy,25,Nuapara,2015-16,1479,1479,ok
14,62,Wholesale,Paddy,25,Nuapara,2016-17,1470*,1470,provisional
14,62,Wholesale,Paddy,25,Nuapara,2017-18,1550*,1550,provisional
14,62,Wholesale,Paddy,25,Nuapara,2018-19,1750*,1750,provisional
14,62,Wholesale,Paddy,26,Puri,2013-14,1310*,1310,provisional
14,62,Wholesale,Paddy,26,Puri,2014-15,1360*,1360,provisional
14,62,Wholesale,Paddy,26,Puri,2015-16,1431,1431,ok
14,62,Wholesale,Paddy,26,Puri,2016-17,1470*,1470,provisional
14,62,Wholesale,Paddy,26,Puri,2017-18,1550*,1550,provisional
14,62,Wholesale,Paddy,26,Puri,2018-19,1750*,1750,provisional
14,62,Wholesale,Paddy,27,Rayagada,2013-14,1310*,1310,provisional
14,62,Wholesale,Paddy,27,Rayagada,2014-15,1360*,1360,provisional
14,62,Wholesale,Paddy,27,Rayagada,2015-16,1418,1418,ok
14,62,Wholesale,Paddy,27,Rayagada,2016-17,1470*,1470,provisional
14,62,Wholesale,Paddy,27,Rayagada,2017-18,1550*,1550,provisional
14,62,Wholesale,Paddy,27,Rayagada,2018-19,1789,1789,ok
14,62,Wholesale,Paddy,28,Sambalpur,2013-14,1310*,1310,provisional
14,62,Wholesale,Paddy,28,Sambalpur,2014-15,1360*,1360,provisional
14,62,Wholesale,Paddy,28,Sambalpur,2015-16,1432,1432,ok
14,62,Wholesale,Paddy,28,Sambalpur,2016-17,1470*,1470,provisional
14,62,Wholesale,Paddy,28,Sambalpur,2017-18,1550*,1550,provisional
14,62,Wholesale,Paddy,28,Sambalpur,2018-19,1750*,1750,provisional
14,62,Wholesale,Paddy,29,Sonepur,2013-14,1310*,1310,provisional
14,62,Wholesale,Paddy,29,Sonepur,2014-15,1370,1370,ok
14,62,Wholesale,Paddy,29,Sonepur,2015-16,1513,1513,ok
14,62,Wholesale,Paddy,29,Sonepur,2016-17,1474,1474,ok
14,62,Wholesale,Paddy,29,Sonepur,2017-18,1713,1713,ok
14,62,Wholesale,Paddy,29,Sonepur,2018-19,1750*,1750,provisional
14,62,Wholesale,Paddy,30,Sundargarh,2013-14,1310*,1310,provisional
14,62,Wholesale,Paddy,30,Sundargarh,2014-15,1360*,1360,provisional
14,62,Wholesale,Paddy,30,Sundargarh,2015-16,1410*,1410,provisional
14,62,Wholesale,Paddy,30,Sundargarh,2016-17,1470*,1470,provisional
14,62,Wholesale,Paddy,30,Sundargarh,2017-18,1550*,1550,provisional
14,62,Wholesale,Paddy,30,Sundargarh,2018-19,1750*,1750,provisional
15,63,Wholesale,Wheat,1,Angul,2013-14,1600,1600,ok
15,63,Wholesale,Wheat,1,Angul,2014-15,1683,1683,ok
15,63,Wholesale,Wheat,1,Angul,2015-16,1690,1690,ok
15,63,Wholesale,Wheat,1,Angul,2016-17,1800,1800,ok
15,63,Wholesale,Wheat,1,Angul,2017-18,1900,1900,ok
15,63,Wholesale,Wheat,1,Angul,2018-19,-,,dash
15,63,Wholesale,Wheat,2,Balasore,2013-14,1512,1512,ok
15,63,Wholesale,Wheat,2,Balasore,2014-15,1540,1540,ok
15,63,Wholesale,Wheat,2,Balasore,2015-16,1546,1546,ok
15,63,Wholesale,Wheat,2,Balasore,2016-17,1704,1704,ok
15,63,Wholesale,Wheat,2,Balasore,2017-18,1785,1785,ok
15,63,Wholesale,Wheat,2,Balasore,2018-19,2010,2010,ok
15,63,Wholesale,Wheat,3,Bargarh,2013-14,1520,1520,ok
15,63,Wholesale,Wheat,3,Bargarh,2014-15,1550,1550,ok
15,63,Wholesale,Wheat,3,Bargarh,2015-16,1609,1609,ok
15,63,Wholesale,Wheat,3,Bargarh,2016-17,1813,1813,ok
15,63,Wholesale,Wheat,3,Bargarh,2017-18,1750,1750,ok
15,63,Wholesale,Wheat,3,Bargarh,2018-19,-,,dash
15,63,Wholesale,Wheat,4,Bhadrak,2013-14,1510,1510,ok
15,63,Wholesale,Wheat,4,Bhadrak,2014-15,1560,1560,ok
15,63,Wholesale,Wheat,4,Bhadrak,2015-16,1574,1574,ok
15,63,Wholesale,Wheat,4,Bhadrak,2016-17,1675,1675,ok
15,63,Wholesale,Wheat,4,Bhadrak,2017-18,-,,dash
15,63,Wholesale,Wheat,4,Bhadrak,2018-19,2000,2000,ok
15,63,Wholesale,Wheat,5,Bolangir,2013-14,1542,1542,ok
15,63,Wholesale,Wheat,5,Bolangir,2014-15,1600,1600,ok
15,63,Wholesale,Wheat,5,Bolangir,2015-16,1609,1609,ok
15,63,Wholesale,Wheat,5,Bolangir,2016-17,1700,1700,ok
15,63,Wholesale,Wheat,5,Bolangir,2017-18,1730,1730,ok
15,63,Wholesale,Wheat,5,Bolangir,2018-19,,,blank
15,63,Wholesale,Wheat,6,Boudh,2013-14,1667,1667,ok
15,63,Wholesale,Wheat,6,Boudh,2014-15,1670,1670,ok
15,63,Wholesale,Wheat,6,Boudh,2015-16,1609,1609,ok
15,63,Wholesale,Wheat,6,Boudh,2016-17,1705,1705,ok
15,63,Wholesale,Wheat,6,Boudh,2017-18,-,,dash
15,63,Wholesale,Wheat,6,Boudh,2018-19,1730,1730,ok
15,63,Wholesale,Wheat,7,Cuttack,2013-14,1595,1595,ok
15,63,Wholesale,Wheat,7,Cuttack,2014-15,1650,1650,ok
15,63,Wholesale,Wheat,7,Cuttack,2015-16,1609,1609,ok
15,63,Wholesale,Wheat,7,Cuttack,2016-17,1710,1710,ok
15,63,Wholesale,Wheat,7,Cuttack,2017-18,-,,dash
15,63,Wholesale,Wheat,7,Cuttack,2018-19,-,,dash
15,63,Wholesale,Wheat,8,Deogarh,2013-14,1560,1560,ok
15,63,Wholesale,Wheat,8,Deogarh,2014-15,1600,1600,ok
15,63,Wholesale,Wheat,8,Deogarh,2015-16,1584,1584,ok
15,63,Wholesale,Wheat,8,Deogarh,2016-17,1700,1700,ok
15,63,Wholesale,Wheat,8,Deogarh,2017-18,-,,dash
15,63,Wholesale,Wheat,8,Deogarh,2018-19,-,,dash
15,63,Wholesale,Wheat,9,Dhenkanal,2013-14,1600,1600,ok
15,63,Wholesale,Wheat,9,Dhenkanal,2014-15,1645,1645,ok
15,63,Wholesale,Wheat,9,Dhenkanal,2015-16,1609,1609,ok
15,63,Wholesale,Wheat,9,Dhenkanal,2016-17,1715,1715,ok
15,63,Wholesale,Wheat,9,Dhenkanal,2017-18,1800,1800,ok
15,63,Wholesale,Wheat,9,Dhenkanal,2018-19,,,blank
15,63,Wholesale,Wheat,10,Gajpati,2013-14,-,,dash
15,63,Wholesale,Wheat,10,Gajpati,2014-15,-,,dash
15,63,Wholesale,Wheat,10,Gajpati,2015-16,-,,dash
15,63,Wholesale,Wheat,10,Gajpati,2016-17,1620,1620,ok
15,63,Wholesale,Wheat,10,Gajpati,2017-18,1650,1650,ok
15,63,Wholesale,Wheat,10,Gajpati,2018-19,1729,1729,ok
15,63,Wholesale,Wheat,11,Ganjam,2013-14,-,,dash
15,63,Wholesale,Wheat,11,Ganjam,2014-15,-,,dash
15,63,Wholesale,Wheat,11,Ganjam,2015-16,-,,dash
15,63,Wholesale,Wheat,11,Ganjam,2016-17,-,,dash
15,63,Wholesale,Wheat,11,Ganjam,2017-18,-,,dash
15,63,Wholesale,Wheat,11,Ganjam,2018-19,-,,dash
15,63,Wholesale,Wheat,12,Jagatsinghpur,2013-14,-,,dash
15,63,Wholesale,Wheat,12,Jagatsinghpur,2014-15,-,,dash
15,63,Wholesale,Wheat,12,Jagatsinghpur,2015-16,-,,dash
15,63,Wholesale,Wheat,12,Jagatsinghpur,2016-17,-,,dash
15,63,Wholesale,Wheat,12,Jagatsinghpur,2017-18,-,,dash
15,63,Wholesale,Wheat,12,Jagatsinghpur,2018-19,-,,dash
15,63,Wholesale,Wheat,13,Jajpur,2013-14,1570,1570,ok
15,63,Wholesale,Wheat,13,Jajpur,2014-15,1600,1600,ok
15,63,Wholesale,Wheat,13,Jajpur,2015-16,1609,1609,ok
15,63,Wholesale,Wheat,13,Jajpur,2016-17,1675,1675,ok
15,63,Wholesale,Wheat,13,Jajpur,2017-18,-,,dash
15,63,Wholesale,Wheat,13,Jajpur,2018-19,-,,dash
15,63,Wholesale,Wheat,14,Jharsuguda,2013-14,1550,1550,ok
15,63,Wholesale,Wheat,14,Jharsuguda,2014-15,1575,1575,ok
15,63,Wholesale,Wheat,14,Jharsuguda,2015-16,1609,1609,ok
15,63,Wholesale,Wheat,14,Jharsuguda,2016-17,1675,1675,ok
15,63,Wholesale,Wheat,14,Jharsuguda,2017-18,-,,dash
15,63,Wholesale,Wheat,14,Jharsuguda,2018-19,-,,dash
15,63,Wholesale,Wheat,15,Kalahandi,2013-14,1525,1525,ok
15,63,Wholesale,Wheat,15,Kalahandi,2014-15,1620,1620,ok
15,63,Wholesale,Wheat,15,Kalahandi,2015-16,1629,1629,ok
15,63,Wholesale,Wheat,15,Kalahandi,2016-17,1650,1650,ok
15,63,Wholesale,Wheat,15,Kalahandi,2017-18,1675,1675,ok
15,63,Wholesale,Wheat,15,Kalahandi,2018-19,1610,1610,ok
15,63,Wholesale,Wheat,16,Kandhamal,2013-14,-,,dash
15,63,Wholesale,Wheat,16,Kandhamal,2014-15,-,,dash
15,63,Wholesale,Wheat,16,Kandhamal,2015-16,-,,dash
15,63,Wholesale,Wheat,16,Kandhamal,2016-17,-,,dash
15,63,Wholesale,Wheat,16,Kandhamal,2017-18,-,,dash
15,63,Wholesale,Wheat,16,Kandhamal,2018-19,1697,1697,ok
15,63,Wholesale,Wheat,17,Kendrapara,2013-14,1585,1585,ok
15,63,Wholesale,Wheat,17,Kendrapara,2014-15,,,blank
15,63,Wholesale,Wheat,17,Kendrapara,2015-16,1629,1629,ok
15,63,Wholesale,Wheat,17,Kendrapara,2016-17,1680,1680,ok
15,63,Wholesale,Wheat,17,Kendrapara,2017-18,,,blank
15,63,Wholesale,Wheat,17,Kendrapara,2018-19,,,blank
15,63,Wholesale,Wheat,18,Keonjhar,2013-14,1510,1510,ok
15,63,Wholesale,Wheat,18,Keonjhar,2014-15,1580,1580,ok
15,63,Wholesale,Wheat,18,Keonjhar,2015-16,1643,1643,ok
15,63,Wholesale,Wheat,18,Keonjhar,2016-17,1810,1810,ok
15,63,Wholesale,Wheat,18,Keonjhar,2017-18,1713,1713,ok
15,63,Wholesale,Wheat,18,Keonjhar,2018-19,1617,1617,ok
15,63,Wholesale,Wheat,19,Khurda,2013-14,1600,1600,ok
15,63,Wholesale,Wheat,19,Khurda,2014-15,1650,1650,ok
15,63,Wholesale,Wheat,19,Khurda,2015-16,1659,1659,ok
15,63,Wholesale,Wheat,19,Khurda,2016-17,1733,1733,ok
15,63,Wholesale,Wheat,19,Khurda,2017-18,1800,1800,ok
15,63,Wholesale,Wheat,19,Khurda,2018-19,,,blank
15,63,Wholesale,Wheat,20,Koraput,2013-14,1442,1442,ok
15,63,Wholesale,Wheat,20,Koraput,2014-15,-,,dash
15,63,Wholesale,Wheat,20,Koraput,2015-16,-,,dash
15,63,Wholesale,Wheat,20,Koraput,2016-17,-,,dash
15,63,Wholesale,Wheat,20,Koraput,2017-18,-,,dash
15,63,Wholesale,Wheat,20,Koraput,2018-19,1750,1750,ok
15,63,Wholesale,Wheat,21,Malkangiri,2013-14,-,,dash
15,63,Wholesale,Wheat,21,Malkangiri,2014-15,-,,dash
15,63,Wholesale,Wheat,21,Malkangiri,2015-16,1509,1509,ok
15,63,Wholesale,Wheat,21,Malkangiri,2016-17,1546,1546,ok
15,63,Wholesale,Wheat,21,Malkangiri,2017-18,1550,1550,ok
15,63,Wholesale,Wheat,21,Malkangiri,2018-19,,,blank
15,63,Wholesale,Wheat,22,Mayurbhanj,2013-14,1548,1548,ok
15,63,Wholesale,Wheat,22,Mayurbhanj,2014-15,1560,1560,ok
15,63,Wholesale,Wheat,22,Mayurbhanj,2015-16,1629,1629,ok
15,63,Wholesale,Wheat,22,Mayurbhanj,2016-17,1685,1685,ok
15,63,Wholesale,Wheat,22,Mayurbhanj,2017-18,1700,1700,ok
15,63,Wholesale,Wheat,22,Mayurbhanj,2018-19,1894,1894,ok
15,63,Wholesale,Wheat,23,Nabarangapur,2013-14,1540,1540,ok
15,63,Wholesale,Wheat,23,Nabarangapur,2014-15,1640,1640,ok
15,63,Wholesale,Wheat,23,Nabarangapur,2015-16,1710,1710,ok
15,63,Wholesale,Wheat,23,Nabarangapur,2016-17,1800,1800,ok
15,63,Wholesale,Wheat,23,Nabarangapur,2017-18,2400,2400,ok
15,63,Wholesale,Wheat,23,Nabarangapur,2018-19,2050,2050,ok
15,63,Wholesale,Wheat,24,Nayagarh,2013-14,1592,1592,ok
15,63,Wholesale,Wheat,24,Nayagarh,2014-15,1600,1600,ok
15,63,Wholesale,Wheat,24,Nayagarh,2015-16,1559,1559,ok
15,63,Wholesale,Wheat,24,Nayagarh,2016-17,1650,1650,ok
15,63,Wholesale,Wheat,24,Nayagarh,2017-18,1800,1800,ok
15,63,Wholesale,Wheat,24,Nayagarh,2018-19,-,,dash
15,63,Wholesale,Wheat,25,Nuapara,2013-14,1597,1597,ok
15,63,Wholesale,Wheat,25,Nuapara,2014-15,-,,dash
15,63,Wholesale,Wheat,25,Nuapara,2015-16,-,,dash
15,63,Wholesale,Wheat,25,Nuapara,2016-17,-,,dash
15,63,Wholesale,Wheat,25,Nuapara,2017-18,-,,dash
15,63,Wholesale,Wheat,25,Nuapara,2018-19,-,,dash
15,63,Wholesale,Wheat,26,Puri,2013-14,-,,dash
15,63,Wholesale,Wheat,26,Puri,2014-15,-,,dash
15,63,Wholesale,Wheat,26,Puri,2015-16,-,,dash
15,63,Wholesale,Wheat,26,Puri,2016-17,-,,dash
15,63,Wholesale,Wheat,26,Puri,2017-18,1600,1600,ok
15,63,Wholesale,Wheat,26,Puri,2018-19,-,,dash
15,63,Wholesale,Wheat,27,Rayagada,2013-14,-,,dash
15,63,Wholesale,Wheat,27,Rayagada,2014-15,-,,dash
15,63,Wholesale,Wheat,27,Rayagada,2015-16,-,,dash
15,63,Wholesale,Wheat,27,Rayagada,2016-17,-,,dash
15,63,Wholesale,Wheat,27,Rayagada,2017-18,-,,dash
15,63,Wholesale,Wheat,27,Rayagada,2018-19,-,,dash
15,63,Wholesale,Wheat,28,Sambalpur,2013-14,1600,1600,ok
15,63,Wholesale,Wheat,28,Sambalpur,2014-15,1600,1600,ok
15,63,Wholesale,Wheat,28,Sambalpur,2015-16,1559,1559,ok
15,63,Wholesale,Wheat,28,Sambalpur,2016-17,1667,1667,ok
15,63,Wholesale,Wheat,28,Sambalpur,2017-18,-,,dash
15,63,Wholesale,Wheat,28,Sambalpur,2018-19,1850,1850,ok
15,63,Wholesale,Wheat,29,Sonepur,2013-14,1612,1612,ok
15,63,Wholesale,Wheat,29,Sonepur,2014-15,1620,1620,ok
15,63,Wholesale,Wheat,29,Sonepur,2015-16,1584,1584,ok
15,63,Wholesale,Wheat,29,Sonepur,2016-17,1700,1700,ok
15,63,Wholesale,Wheat,29,Sonepur,2017-18,-,,dash
15,63,Wholesale,Wheat,29,Sonepur,2018-19,-,,dash
15,63,Wholesale,Wheat,30,Sundargarh,2013-14,1550,1550,ok
15,63,Wholesale,Wheat,30,Sundargarh,2014-15,1550,1550,ok
15,63,Wholesale,Wheat,30,Sundargarh,2015-16,1710,1710,ok
15,63,Wholesale,Wheat,30,Sundargarh,2016-17,1750,1750,ok
15,63,Wholesale,Wheat,30,Sundargarh,2017-18,1800,1800,ok
15,63,Wholesale,Wheat,30,Sundargarh,2018-19,2000,2000,ok
16,64,Wholesale,Maize,1,Angul,2013-14,1100,1100,ok
16,64,Wholesale,Maize,1,Angul,2014-15,1250,1250,ok
16,64,Wholesale,Maize,1,Angul,2015-16,1367,1367,ok
16,64,Wholesale,Maize,1,Angul,2016-17,1600,1600,ok
16,64,Wholesale,Maize,1,Angul,2017-18,1600,1600,ok
16,64,Wholesale,Maize,1,Angul,2018-19,1609,1609,ok
16,64,Wholesale,Maize,2,Balasore,2013-14,-,,dash
16,64,Wholesale,Maize,2,Balasore,2014-15,1270,1270,ok
16,64,Wholesale,Maize,2,Balasore,2015-16,1477,1477,ok
16,64,Wholesale,Maize,2,Balasore,2016-17,1585,1585,ok
16,64,Wholesale,Maize,2,Balasore,2017-18,1600,1600,ok
16,64,Wholesale,Maize,2,Balasore,2018-19,-,,dash
16,64,Wholesale,Maize,3,Bargarh,2013-14,1300,1300,ok
16,64,Wholesale,Maize,3,Bargarh,2014-15,1300,1300,ok
16,64,Wholesale,Maize,3,Bargarh,2015-16,1422,1422,ok
16,64,Wholesale,Maize,3,Bargarh,2016-17,1650,1650,ok
16,64,Wholesale,Maize,3,Bargarh,2017-18,1675,1675,ok
16,64,Wholesale,Maize,3,Bargarh,2018-19,1908,1908,ok
16,64,Wholesale,Maize,4,Bhadrak,2013-14,-,,dash
16,64,Wholesale,Maize,4,Bhadrak,2014-15,-,,dash
16,64,Wholesale,Maize,4,Bhadrak,2015-16,-,,dash
16,64,Wholesale,Maize,4,Bhadrak,2016-17,-,,dash
16,64,Wholesale,Maize,4,Bhadrak,2017-18,-,,dash
16,64,Wholesale,Maize,4,Bhadrak,2018-19,1850,1850,ok
16,64,Wholesale,Maize,5,Bolangir,2013-14,1149,1149,ok
16,64,Wholesale,Maize,5,Bolangir,2014-15,1236,1236,ok
16,64,Wholesale,Maize,5,Bolangir,2015-16,1384,1384,ok
16,64,Wholesale,Maize,5,Bolangir,2016-17,1433,1433,ok
16,64,Wholesale,Maize,5,Bolangir,2017-18,1585,1585,ok
16,64,Wholesale,Maize,5,Bolangir,2018-19,1585,1585,ok
16,64,Wholesale,Maize,6,Boudh,2013-14,-,,dash
16,64,Wholesale,Maize,6,Boudh,2014-15,-,,dash
16,64,Wholesale,Maize,6,Boudh,2015-16,-,,dash
16,64,Wholesale,Maize,6,Boudh,2016-17,1400,1400,ok
16,64,Wholesale,Maize,6,Boudh,2017-18,1475,1475,ok
16,64,Wholesale,Maize,6,Boudh,2018-19,1680,1680,ok
16,64,Wholesale,Maize,7,Cuttack,2013-14,1350,1350,ok
16,64,Wholesale,Maize,7,Cuttack,2014-15,1375,1375,ok
16,64,Wholesale,Maize,7,Cuttack,2015-16,1531,1531,ok
16,64,Wholesale,Maize,7,Cuttack,2016-17,1633,1633,ok
16,64,Wholesale,Maize,7,Cuttack,2017-18,1650,1650,ok
16,64,Wholesale,Maize,7,Cuttack,2018-19,-,,dash
16,64,Wholesale,Maize,8,Deogarh,2013-14,-,,dash
16,64,Wholesale,Maize,8,Deogarh,2014-15,-,,dash
16,64,Wholesale,Maize,8,Deogarh,2015-16,-,,dash
16,64,Wholesale,Maize,8,Deogarh,2016-17,1450,1450,ok
16,64,Wholesale,Maize,8,Deogarh,2017-18,1500,1500,ok
16,64,Wholesale,Maize,8,Deogarh,2018-19,1750,1750,ok
16,64,Wholesale,Maize,9,Dhenkanal,2013-14,1200,1200,ok
16,64,Wholesale,Maize,9,Dhenkanal,2014-15,1250,1250,ok
16,64,Wholesale,Maize,9,Dhenkanal,2015-16,1422,1422,ok
16,64,Wholesale,Maize,9,Dhenkanal,2016-17,1642,1642,ok
16,64,Wholesale,Maize,9,Dhenkanal,2017-18,1678,1678,ok
16,64,Wholesale,Maize,9,Dhenkanal,2018-19,1813,1813,ok
16,64,Wholesale,Maize,10,Gajpati,2013-14,1217,1217,ok
16,64,Wholesale,Maize,10,Gajpati,2014-15,1307,1307,ok
16,64,Wholesale,Maize,10,Gajpati,2015-16,1422,1422,ok
16,64,Wholesale,Maize,10,Gajpati,2016-17,1427,1427,ok
16,64,Wholesale,Maize,10,Gajpati,2017-18,1423,1423,ok
16,64,Wholesale,Maize,10,Gajpati,2018-19,1500,1500,ok
16,64,Wholesale,Maize,11,Ganjam,2013-14,1300,1300,ok
16,64,Wholesale,Maize,11,Ganjam,2014-15,1325,1325,ok
16,64,Wholesale,Maize,11,Ganjam,2015-16,1449,1449,ok
16,64,Wholesale,Maize,11,Ganjam,2016-17,1467,1467,ok
16,64,Wholesale,Maize,11,Ganjam,2017-18,1580,1580,ok
16,64,Wholesale,Maize,11,Ganjam,2018-19,1600,1600,ok
16,64,Wholesale,Maize,12,Jagatsinghpur,2013-14,1330,1330,ok
16,64,Wholesale,Maize,12,Jagatsinghpur,2014-15,1375,1375,ok
16,64,Wholesale,Maize,12,Jagatsinghpur,2015-16,1477,1477,ok
16,64,Wholesale,Maize,12,Jagatsinghpur,2016-17,1575,1575,ok
16,64,Wholesale,Maize,12,Jagatsinghpur,2017-18,-,,dash
16,64,Wholesale,Maize,12,Jagatsinghpur,2018-19,-,,dash
16,64,Wholesale,Maize,13,Jajpur,2013-14,-,,dash
16,64,Wholesale,Maize,13,Jajpur,2014-15,-,,dash
16,64,Wholesale,Maize,13,Jajpur,2015-16,-,,dash
16,64,Wholesale,Maize,13,Jajpur,2016-17,1550,1550,ok
16,64,Wholesale,Maize,13,Jajpur,2017-18,-,,dash
16,64,Wholesale,Maize,13,Jajpur,2018-19,1500,1500,ok
16,64,Wholesale,Maize,14,Jharsuguda,2013-14,1325,1325,ok
16,64,Wholesale,Maize,14,Jharsuguda,2014-15,1340,1340,ok
16,64,Wholesale,Maize,14,Jharsuguda,2015-16,1444,1444,ok
16,64,Wholesale,Maize,14,Jharsuguda,2016-17,1487,1487,ok
16,64,Wholesale,Maize,14,Jharsuguda,2017-18,1600,1600,ok
16,64,Wholesale,Maize,14,Jharsuguda,2018-19,1500,1500,ok
16,64,Wholesale,Maize,15,Kalahandi,2013-14,1120,1120,ok
16,64,Wholesale,Maize,15,Kalahandi,2014-15,1250,1250,ok
16,64,Wholesale,Maize,15,Kalahandi,2015-16,1422,1422,ok
16,64,Wholesale,Maize,15,Kalahandi,2016-17,1425,1425,ok
16,64,Wholesale,Maize,15,Kalahandi,2017-18,1425,1425,ok
16,64,Wholesale,Maize,15,Kalahandi,2018-19,1480,1480,ok
16,64,Wholesale,Maize,16,Kandhamal,2013-14,1317,1317,ok
16,64,Wholesale,Maize,16,Kandhamal,2014-15,1367,1367,ok
16,64,Wholesale,Maize,16,Kandhamal,2015-16,1504,1504,ok
16,64,Wholesale,Maize,16,Kandhamal,2016-17,1545,1545,ok
16,64,Wholesale,Maize,16,Kandhamal,2017-18,1600,1600,ok
16,64,Wholesale,Maize,16,Kandhamal,2018-19,1600,1600,ok
16,64,Wholesale,Maize,17,Kendrapara,2013-14,-,,dash
16,64,Wholesale,Maize,17,Kendrapara,2014-15,-,,dash
16,64,Wholesale,Maize,17,Kendrapara,2015-16,-,,dash
16,64,Wholesale,Maize,17,Kendrapara,2016-17,-,,dash
16,64,Wholesale,Maize,17,Kendrapara,2017-18,-,,dash
16,64,Wholesale,Maize,17,Kendrapara,2018-19,-,,dash
16,64,Wholesale,Maize,18,Keonjhar,2013-14,1200,1200,ok
16,64,Wholesale,Maize,18,Keonjhar,2014-15,1350,1350,ok
16,64,Wholesale,Maize,18,Keonjhar,2015-16,1477,1477,ok
16,64,Wholesale,Maize,18,Keonjhar,2016-17,1533,1533,ok
16,64,Wholesale,Maize,18,Keonjhar,2017-18,1586,1586,ok
16,64,Wholesale,Maize,18,Keonjhar,2018-19,1720,1720,ok
16,64,Wholesale,Maize,19,Khurda,2013-14,-,,dash
16,64,Wholesale,Maize,19,Khurda,2014-15,-,,dash
16,64,Wholesale,Maize,19,Khurda,2015-16,-,,dash
16,64,Wholesale,Maize,19,Khurda,2016-17,1650,1650,ok
16,64,Wholesale,Maize,19,Khurda,2017-18,1650,1650,ok
16,64,Wholesale,Maize,19,Khurda,2018-19,1550,1550,ok
16,64,Wholesale,Maize,20,Koraput,2013-14,1218,1218,ok
16,64,Wholesale,Maize,20,Koraput,2014-15,1300,1300,ok
16,64,Wholesale,Maize,20,Koraput,2015-16,1444,1444,ok
16,64,Wholesale,Maize,20,Koraput,2016-17,1448,1448,ok
16,64,Wholesale,Maize,20,Koraput,2017-18,1600,1600,ok
16,64,Wholesale,Maize,20,Koraput,2018-19,1600,1600,ok
16,64,Wholesale,Maize,21,Malkangiri,2013-14,1175,1175,ok
16,64,Wholesale,Maize,21,Malkangiri,2014-15,1300,1300,ok
16,64,Wholesale,Maize,21,Malkangiri,2015-16,1477,1477,ok
16,64,Wholesale,Maize,21,Malkangiri,2016-17,1480,1480,ok
16,64,Wholesale,Maize,21,Malkangiri,2017-18,1600,1600,ok
16,64,Wholesale,Maize,21,Malkangiri,2018-19,2000,2000,ok
16,64,Wholesale,Maize,22,Mayurbhanj,2013-14,1176,1176,ok
16,64,Wholesale,Maize,22,Mayurbhanj,2014-15,1300,1300,ok
16,64,Wholesale,Maize,22,Mayurbhanj,2015-16,1404,1404,ok
16,64,Wholesale,Maize,22,Mayurbhanj,2016-17,1400,1400,ok
16,64,Wholesale,Maize,22,Mayurbhanj,2017-18,1545,1545,ok
16,64,Wholesale,Maize,22,Mayurbhanj,2018-19,1919,1919,ok
16,64,Wholesale,Maize,23,Nabarangapur,2013-14,1115,1115,ok
16,64,Wholesale,Maize,23,Nabarangapur,2014-15,1200,1200,ok
16,64,Wholesale,Maize,23,Nabarangapur,2015-16,1280,1280,ok
16,64,Wholesale,Maize,23,Nabarangapur,2016-17,1300,1300,ok
16,64,Wholesale,Maize,23,Nabarangapur,2017-18,1290,1290,ok
16,64,Wholesale,Maize,23,Nabarangapur,2018-19,1650,1650,ok
16,64,Wholesale,Maize,24,Nayagarh,2013-14,1325,1325,ok
16,64,Wholesale,Maize,24,Nayagarh,2014-15,1380,1380,ok
16,64,Wholesale,Maize,24,Nayagarh,2015-16,1311,1311,ok
16,64,Wholesale,Maize,24,Nayagarh,2016-17,1605,1605,ok
16,64,Wholesale,Maize,24,Nayagarh,2017-18,1744,1744,ok
16,64,Wholesale,Maize,24,Nayagarh,2018-19,2067,2067,ok
16,64,Wholesale,Maize,25,Nuapara,2013-14,1075,1075,ok
16,64,Wholesale,Maize,25,Nuapara,2014-15,1250,1250,ok
16,64,Wholesale,Maize,25,Nuapara,2015-16,-,,dash
16,64,Wholesale,Maize,25,Nuapara,2016-17,-,,dash
16,64,Wholesale,Maize,25,Nuapara,2017-18,1500,1500,ok
16,64,Wholesale,Maize,25,Nuapara,2018-19,2000,2000,ok
16,64,Wholesale,Maize,26,Puri,2013-14,-,,dash
16,64,Wholesale,Maize,26,Puri,2014-15,-,,dash
16,64,Wholesale,Maize,26,Puri,2015-16,-,,dash
16,64,Wholesale,Maize,26,Puri,2016-17,-,,dash
16,64,Wholesale,Maize,26,Puri,2017-18,-,,dash
16,64,Wholesale,Maize,26,Puri,2018-19,-,,dash
16,64,Wholesale,Maize,27,Rayagada,2013-14,1241,1241,ok
16,64,Wholesale,Maize,27,Rayagada,2014-15,1255,1255,ok
16,64,Wholesale,Maize,27,Rayagada,2015-16,1257,1257,ok
16,64,Wholesale,Maize,27,Rayagada,2016-17,1258,1258,ok
16,64,Wholesale,Maize,27,Rayagada,2017-18,1382,1382,ok
16,64,Wholesale,Maize,27,Rayagada,2018-19,1697,1697,ok
16,64,Wholesale,Maize,28,Sambalpur,2013-14,1263,1263,ok
16,64,Wholesale,Maize,28,Sambalpur,2014-15,1300,1300,ok
16,64,Wholesale,Maize,28,Sambalpur,2015-16,2363,2363,ok
16,64,Wholesale,Maize,28,Sambalpur,2016-17,1900,1900,ok
16,64,Wholesale,Maize,28,Sambalpur,2017-18,1900,1900,ok
16,64,Wholesale,Maize,28,Sambalpur,2018-19,2100,2100,ok
16,64,Wholesale,Maize,29,Sonepur,2013-14,1367,1367,ok
16,64,Wholesale,Maize,29,Sonepur,2014-15,1385,1385,ok
16,64,Wholesale,Maize,29,Sonepur,2015-16,-,,dash
16,64,Wholesale,Maize,29,Sonepur,2016-17,1650,1650,ok
16,64,Wholesale,Maize,29,Sonepur,2017-18,-,,dash
16,64,Wholesale,Maize,29,Sonepur,2018-19,-,,dash
16,64,Wholesale,Maize,30,Sundargarh,2013-14,1200,1200,ok
16,64,Wholesale,Maize,30,Sundargarh,2014-15,-,,dash
16,64,Wholesale,Maize,30,Sundargarh,2015-16,-,,dash
16,64,Wholesale,Maize,30,Sundargarh,2016-17,1600,1600,ok
16,64,Wholesale,Maize,30,Sundargarh,2017-18,1650,1650,ok
16,64,Wholesale,Maize,30,Sundargarh,2018-19,2117,2117,ok
17,65,Wholesale,Ragi,1,Angul,2013-14,1442,1442,ok
17,65,Wholesale,Ragi,1,Angul,2014-15,1600,1600,ok
17,65,Wholesale,Ragi,1,Angul,2015-16,1829,1829,ok
17,65,Wholesale,Ragi,1,Angul,2016-17,1932,1932,ok
17,65,Wholesale,Ragi,1,Angul,2017-18,-,,dash
17,65,Wholesale,Ragi,1,Angul,2018-19,3000,3000,ok
17,65,Wholesale,Ragi,2,Balasore,2013-14,-,,dash
17,65,Wholesale,Ragi,2,Balasore,2014-15,-,,dash
17,65,Wholesale,Ragi,2,Balasore,2015-16,-,,dash
17,65,Wholesale,Ragi,2,Balasore,2016-17,-,,dash
17,65,Wholesale,Ragi,2,Balasore,2017-18,-,,dash
17,65,Wholesale,Ragi,2,Balasore,2018-19,-,,dash
17,65,Wholesale,Ragi,3,Bargarh,2013-14,1300,1300,ok
17,65,Wholesale,Ragi,3,Bargarh,2014-15,1400,1400,ok
17,65,Wholesale,Ragi,3,Bargarh,2015-16,,,blank
17,65,Wholesale,Ragi,3,Bargarh,2016-17,2000,2000,ok
17,65,Wholesale,Ragi,3,Bargarh,2017-18,-,,dash
17,65,Wholesale,Ragi,3,Bargarh,2018-19,2745,2745,ok
17,65,Wholesale,Ragi,4,Bhadrak,2013-14,-,,dash
17,65,Wholesale,Ragi,4,Bhadrak,2014-15,-,,dash
17,65,Wholesale,Ragi,4,Bhadrak,2015-16,-,,dash
17,65,Wholesale,Ragi,4,Bhadrak,2016-17,-,,dash
17,65,Wholesale,Ragi,4,Bhadrak,2017-18,-,,dash
17,65,Wholesale,Ragi,4,Bhadrak,2018-19,-,,dash
17,65,Wholesale,Ragi,5,Bolangir,2013-14,1354,1354,ok
17,65,Wholesale,Ragi,5,Bolangir,2014-15,1500,1500,ok
17,65,Wholesale,Ragi,5,Bolangir,2015-16,1774,1774,ok
17,65,Wholesale,Ragi,5,Bolangir,2016-17,1867,1867,ok
17,65,Wholesale,Ragi,5,Bolangir,2017-18,-,,dash
17,65,Wholesale,Ragi,5,Bolangir,2018-19,-,,dash
17,65,Wholesale,Ragi,6,Boudh,2013-14,1520,1520,ok
17,65,Wholesale,Ragi,6,Boudh,2014-15,1560,1560,ok
17,65,Wholesale,Ragi,6,Boudh,2015-16,1796,1796,ok
17,65,Wholesale,Ragi,6,Boudh,2016-17,1870,1870,ok
17,65,Wholesale,Ragi,6,Boudh,2017-18,-,,dash
17,65,Wholesale,Ragi,6,Boudh,2018-19,-,,dash
17,65,Wholesale,Ragi,7,Cuttack,2013-14,1581,1581,ok
17,65,Wholesale,Ragi,7,Cuttack,2014-15,1590,1590,ok
17,65,Wholesale,Ragi,7,Cuttack,2015-16,1757,1757,ok
17,65,Wholesale,Ragi,7,Cuttack,2016-17,2085,2085,ok
17,65,Wholesale,Ragi,7,Cuttack,2017-18,-,,dash
17,65,Wholesale,Ragi,7,Cuttack,2018-19,-,,dash
17,65,Wholesale,Ragi,8,Deogarh,2013-14,-,,dash
17,65,Wholesale,Ragi,8,Deogarh,2014-15,-,,dash
17,65,Wholesale,Ragi,8,Deogarh,2015-16,-,,dash
17,65,Wholesale,Ragi,8,Deogarh,2016-17,1967,1967,ok
17,65,Wholesale,Ragi,8,Deogarh,2017-18,-,,dash
17,65,Wholesale,Ragi,8,Deogarh,2018-19,3375,3375,ok
17,65,Wholesale,Ragi,9,Dhenkanal,2013-14,1500,1500,ok
17,65,Wholesale,Ragi,9,Dhenkanal,2014-15,1550,1550,ok
17,65,Wholesale,Ragi,9,Dhenkanal,2015-16,1746,1746,ok
17,65,Wholesale,Ragi,9,Dhenkanal,2016-17,1775,1775,ok
17,65,Wholesale,Ragi,9,Dhenkanal,2017-18,-,,dash
17,65,Wholesale,Ragi,9,Dhenkanal,2018-19,-,,dash
17,65,Wholesale,Ragi,10,Gajpati,2013-14,1393,1393,ok
17,65,Wholesale,Ragi,10,Gajpati,2014-15,1427,1427,ok
17,65,Wholesale,Ragi,10,Gajpati,2015-16,1663,1663,ok
17,65,Wholesale,Ragi,10,Gajpati,2016-17,1820,1820,ok
17,65,Wholesale,Ragi,10,Gajpati,2017-18,1767,1767,ok
17,65,Wholesale,Ragi,10,Gajpati,2018-19,3200,3200,ok
17,65,Wholesale,Ragi,11,Ganjam,2013-14,1375,1375,ok
17,65,Wholesale,Ragi,11,Ganjam,2014-15,1420,1420,ok
17,65,Wholesale,Ragi,11,Ganjam,2015-16,1663,1663,ok
17,65,Wholesale,Ragi,11,Ganjam,2016-17,1780,1780,ok
17,65,Wholesale,Ragi,11,Ganjam,2017-18,1792,1792,ok
17,65,Wholesale,Ragi,11,Ganjam,2018-19,3163,3163,ok
17,65,Wholesale,Ragi,12,Jagatsinghpur,2013-14,-,,dash
17,65,Wholesale,Ragi,12,Jagatsinghpur,2014-15,-,,dash
17,65,Wholesale,Ragi,12,Jagatsinghpur,2015-16,-,,dash
17,65,Wholesale,Ragi,12,Jagatsinghpur,2016-17,-,,dash
17,65,Wholesale,Ragi,12,Jagatsinghpur,2017-18,-,,dash
17,65,Wholesale,Ragi,12,Jagatsinghpur,2018-19,-,,dash
17,65,Wholesale,Ragi,13,Jajpur,2013-14,-,,dash
17,65,Wholesale,Ragi,13,Jajpur,2014-15,-,,dash
17,65,Wholesale,Ragi,13,Jajpur,2015-16,-,,dash
17,65,Wholesale,Ragi,13,Jajpur,2016-17,-,,dash
17,65,Wholesale,Ragi,13,Jajpur,2017-18,-,,dash
17,65,Wholesale,Ragi,13,Jajpur,2018-19,-,,dash
17,65,Wholesale,Ragi,14,Jharsuguda,2013-14,-,,dash
17,65,Wholesale,Ragi,14,Jharsuguda,2014-15,-,,dash
17,65,Wholesale,Ragi,14,Jharsuguda,2015-16,-,,dash
17,65,Wholesale,Ragi,14,Jharsuguda,2016-17,-,,dash
17,65,Wholesale,Ragi,14,Jharsuguda,2017-18,1800,1800,ok
17,65,Wholesale,Ragi,14,Jharsuguda,2018-19,-,,dash
17,65,Wholesale,Ragi,15,Kalahandi,2013-14,1485,1485,ok
17,65,Wholesale,Ragi,15,Kalahandi,2014-15,1530,1530,ok
17,65,Wholesale,Ragi,15,Kalahandi,2015-16,1774,1774,ok
17,65,Wholesale,Ragi,15,Kalahandi,2016-17,2000,2000,ok
17,65,Wholesale,Ragi,15,Kalahandi,2017-18,2000,2000,ok
17,65,Wholesale,Ragi,15,Kalahandi,2018-19,2500,2500,ok
17,65,Wholesale,Ragi,16,Kandhamal,2013-14,1525,1525,ok
17,65,Wholesale,Ragi,16,Kandhamal,2014-15,1575,1575,ok
17,65,Wholesale,Ragi,16,Kandhamal,2015-16,1829,1829,ok
17,65,Wholesale,Ragi,16,Kandhamal,2016-17,-,,dash
17,65,Wholesale,Ragi,16,Kandhamal,2017-18,2250,2250,ok
17,65,Wholesale,Ragi,16,Kandhamal,2018-19,3200,3200,ok
17,65,Wholesale,Ragi,17,Kendrapara,2013-14,-,,dash
17,65,Wholesale,Ragi,17,Kendrapara,2014-15,-,,dash
17,65,Wholesale,Ragi,17,Kendrapara,2015-16,-,,dash
17,65,Wholesale,Ragi,17,Kendrapara,2016-17,-,,dash
17,65,Wholesale,Ragi,17,Kendrapara,2017-18,-,,dash
17,65,Wholesale,Ragi,17,Kendrapara,2018-19,-,,dash
17,65,Wholesale,Ragi,18,Keonjhar,2013-14,-,,dash
17,65,Wholesale,Ragi,18,Keonjhar,2014-15,-,,dash
17,65,Wholesale,Ragi,18,Keonjhar,2015-16,-,,dash
17,65,Wholesale,Ragi,18,Keonjhar,2016-17,-,,dash
17,65,Wholesale,Ragi,18,Keonjhar,2017-18,-,,dash
17,65,Wholesale,Ragi,18,Keonjhar,2018-19,-,,dash
17,65,Wholesale,Ragi,19,Khurda,2013-14,1555,1555,ok
17,65,Wholesale,Ragi,19,Khurda,2014-15,1625,1625,ok
17,65,Wholesale,Ragi,19,Khurda,2015-16,1868,1868,ok
17,65,Wholesale,Ragi,19,Khurda,2016-17,-,,dash
17,65,Wholesale,Ragi,19,Khurda,2017-18,2775,2775,ok
17,65,Wholesale,Ragi,19,Khurda,2018-19,-,,dash
17,65,Wholesale,Ragi,20,Koraput,2013-14,1260,1260,ok
17,65,Wholesale,Ragi,20,Koraput,2014-15,1450,1450,ok
17,65,Wholesale,Ragi,20,Koraput,2015-16,1636,1636,ok
17,65,Wholesale,Ragi,20,Koraput,2016-17,1663,1663,ok
17,65,Wholesale,Ragi,20,Koraput,2017-18,1745,1745,ok
17,65,Wholesale,Ragi,20,Koraput,2018-19,2800,2800,ok
17,65,Wholesale,Ragi,21,Malkangiri,2013-14,1600,1600,ok
17,65,Wholesale,Ragi,21,Malkangiri,2014-15,1600,1600,ok
17,65,Wholesale,Ragi,21,Malkangiri,2015-16,1621,1621,ok
17,65,Wholesale,Ragi,21,Malkangiri,2016-17,1725,1725,ok
17,65,Wholesale,Ragi,21,Malkangiri,2017-18,1867,1867,ok
17,65,Wholesale,Ragi,21,Malkangiri,2018-19,2500,2500,ok
17,65,Wholesale,Ragi,22,Mayurbhanj,2013-14,-,,dash
17,65,Wholesale,Ragi,22,Mayurbhanj,2014-15,-,,dash
17,65,Wholesale,Ragi,22,Mayurbhanj,2015-16,-,,dash
17,65,Wholesale,Ragi,22,Mayurbhanj,2016-17,-,,dash
17,65,Wholesale,Ragi,22,Mayurbhanj,2017-18,-,,dash
17,65,Wholesale,Ragi,22,Mayurbhanj,2018-19,3200,3200,ok
17,65,Wholesale,Ragi,23,Nabarangapur,2013-14,1500,1500,ok
17,65,Wholesale,Ragi,23,Nabarangapur,2014-15,1533,1533,ok
17,65,Wholesale,Ragi,23,Nabarangapur,2015-16,1760,1760,ok
17,65,Wholesale,Ragi,23,Nabarangapur,2016-17,1933,1933,ok
17,65,Wholesale,Ragi,23,Nabarangapur,2017-18,2029,2029,ok
17,65,Wholesale,Ragi,23,Nabarangapur,2018-19,2800,2800,ok
17,65,Wholesale,Ragi,24,Nayagarh,2013-14,1550,1550,ok
17,65,Wholesale,Ragi,24,Nayagarh,2014-15,1620,1620,ok
17,65,Wholesale,Ragi,24,Nayagarh,2015-16,1857,1857,ok
17,65,Wholesale,Ragi,24,Nayagarh,2016-17,2200,2200,ok
17,65,Wholesale,Ragi,24,Nayagarh,2017-18,2275,2275,ok
17,65,Wholesale,Ragi,24,Nayagarh,2018-19,3000,3000,ok
17,65,Wholesale,Ragi,25,Nuapara,2013-14,1500,1500,ok
17,65,Wholesale,Ragi,25,Nuapara,2014-15,1575,1575,ok
17,65,Wholesale,Ragi,25,Nuapara,2015-16,1824,1824,ok
17,65,Wholesale,Ragi,25,Nuapara,2016-17,1750,1750,ok
17,65,Wholesale,Ragi,25,Nuapara,2017-18,1900,1900,ok
17,65,Wholesale,Ragi,25,Nuapara,2018-19,2700,2700,ok
17,65,Wholesale,Ragi,26,Puri,2013-14,1600,1600,ok
17,65,Wholesale,Ragi,26,Puri,2014-15,1620,1620,ok
17,65,Wholesale,Ragi,26,Puri,2015-16,1885,1885,ok
17,65,Wholesale,Ragi,26,Puri,2016-17,-,,dash
17,65,Wholesale,Ragi,26,Puri,2017-18,2500,2500,ok
17,65,Wholesale,Ragi,26,Puri,2018-19,-,,dash
17,65,Wholesale,Ragi,27,Rayagada,2013-14,1334,1334,ok
17,65,Wholesale,Ragi,27,Rayagada,2014-15,1500,1500,ok
17,65,Wholesale,Ragi,27,Rayagada,2015-16,1829,1829,ok
17,65,Wholesale,Ragi,27,Rayagada,2016-17,1802,1802,ok
17,65,Wholesale,Ragi,27,Rayagada,2017-18,1944,1944,ok
17,65,Wholesale,Ragi,27,Rayagada,2018-19,2868,2868,ok
17,65,Wholesale,Ragi,28,Sambalpur,2013-14,1524,1524,ok
17,65,Wholesale,Ragi,28,Sambalpur,2014-15,1650,1650,ok
17,65,Wholesale,Ragi,28,Sambalpur,2015-16,1846,1846,ok
17,65,Wholesale,Ragi,28,Sambalpur,2016-17,2337,2337,ok
17,65,Wholesale,Ragi,28,Sambalpur,2017-18,2403,2403,ok
17,65,Wholesale,Ragi,28,Sambalpur,2018-19,2633,2633,ok
17,65,Wholesale,Ragi,29,Sonepur,2013-14,1760,1760,ok
17,65,Wholesale,Ragi,29,Sonepur,2014-15,1770,1770,ok
17,65,Wholesale,Ragi,29,Sonepur,2015-16,1907,1907,ok
17,65,Wholesale,Ragi,29,Sonepur,2016-17,2000,2000,ok
17,65,Wholesale,Ragi,29,Sonepur,2017-18,-,,dash
17,65,Wholesale,Ragi,29,Sonepur,2018-19,-,,dash
17,65,Wholesale,Ragi,30,Sundargarh,2013-14,-,,dash
17,65,Wholesale,Ragi,30,Sundargarh,2014-15,-,,dash
17,65,Wholesale,Ragi,30,Sundargarh,2015-16,-,,dash
17,65,Wholesale,Ragi,30,Sundargarh,2016-17,-,,dash
17,65,Wholesale,Ragi,30,Sundargarh,2017-18,2000,2000,ok
17,65,Wholesale,Ragi,30,Sundargarh,2018-19,2715,2715,ok
18,66,Wholesale,Mung,1,Angul,2013-14,5092,5092,ok
18,66,Wholesale,Mung,1,Angul,2014-15,5781,5781,ok
18,66,Wholesale,Mung,1,Angul,2015-16,6171,6171,ok
18,66,Wholesale,Mung,1,Angul,2016-17,6474,6474,ok
18,66,Wholesale,Mung,1,Angul,2017-18,6200,6200,ok
18,66,Wholesale,Mung,1,Angul,2018-19,6508,6508,ok
18,66,Wholesale,Mung,2,Balasore,2013-14,4717,4717,ok
18,66,Wholesale,Mung,2,Balasore,2014-15,5423,5423,ok
18,66,Wholesale,Mung,2,Balasore,2015-16,5846,5846,ok
18,66,Wholesale,Mung,2,Balasore,2016-17,6433,6433,ok
18,66,Wholesale,Mung,2,Balasore,2017-18,6617,6617,ok
18,66,Wholesale,Mung,2,Balasore,2018-19,6800,6800,ok
18,66,Wholesale,Mung,3,Bargarh,2013-14,4743,4743,ok
18,66,Wholesale,Mung,3,Bargarh,2014-15,5375,5375,ok
18,66,Wholesale,Mung,3,Bargarh,2015-16,6033,6033,ok
18,66,Wholesale,Mung,3,Bargarh,2016-17,6475,6475,ok
18,66,Wholesale,Mung,3,Bargarh,2017-18,6400,6400,ok
18,66,Wholesale,Mung,3,Bargarh,2018-19,7446,7446,ok
18,66,Wholesale,Mung,4,Bhadrak,2013-14,4739,4739,ok
18,66,Wholesale,Mung,4,Bhadrak,2014-15,5333,5333,ok
18,66,Wholesale,Mung,4,Bhadrak,2015-16,5882,5882,ok
18,66,Wholesale,Mung,4,Bhadrak,2016-17,6425,6425,ok
18,66,Wholesale,Mung,4,Bhadrak,2017-18,6400,6400,ok
18,66,Wholesale,Mung,4,Bhadrak,2018-19,6667,6667,ok
18,66,Wholesale,Mung,5,Bolangir,2013-14,4833,4833,ok
18,66,Wholesale,Mung,5,Bolangir,2014-15,5380,5380,ok
18,66,Wholesale,Mung,5,Bolangir,2015-16,6184,6184,ok
18,66,Wholesale,Mung,5,Bolangir,2016-17,6489,6489,ok
18,66,Wholesale,Mung,5,Bolangir,2017-18,6306,6306,ok
18,66,Wholesale,Mung,5,Bolangir,2018-19,6306,6306,ok
18,66,Wholesale,Mung,6,Boudh,2013-14,5172,5172,ok
18,66,Wholesale,Mung,6,Boudh,2014-15,5717,5717,ok
18,66,Wholesale,Mung,6,Boudh,2015-16,6335,6335,ok
18,66,Wholesale,Mung,6,Boudh,2016-17,6500,6500,ok
18,66,Wholesale,Mung,6,Boudh,2017-18,6433,6433,ok
18,66,Wholesale,Mung,6,Boudh,2018-19,5906,5906,ok
18,66,Wholesale,Mung,7,Cuttack,2013-14,4963,4963,ok
18,66,Wholesale,Mung,7,Cuttack,2014-15,5650,5650,ok
18,66,Wholesale,Mung,7,Cuttack,2015-16,6184,6184,ok
18,66,Wholesale,Mung,7,Cuttack,2016-17,6189,6189,ok
18,66,Wholesale,Mung,7,Cuttack,2017-18,6207,6207,ok
18,66,Wholesale,Mung,7,Cuttack,2018-19,6339,6339,ok
18,66,Wholesale,Mung,8,Deogarh,2013-14,4900,4900,ok
18,66,Wholesale,Mung,8,Deogarh,2014-15,5450,5450,ok
18,66,Wholesale,Mung,8,Deogarh,2015-16,6234,6234,ok
18,66,Wholesale,Mung,8,Deogarh,2016-17,6611,6611,ok
18,66,Wholesale,Mung,8,Deogarh,2017-18,6341,6341,ok
18,66,Wholesale,Mung,8,Deogarh,2018-19,5604,5604,ok
18,66,Wholesale,Mung,9,Dhenkanal,2013-14,4985,4985,ok
18,66,Wholesale,Mung,9,Dhenkanal,2014-15,5421,5421,ok
18,66,Wholesale,Mung,9,Dhenkanal,2015-16,6033,6033,ok
18,66,Wholesale,Mung,9,Dhenkanal,2016-17,6238,6238,ok
18,66,Wholesale,Mung,9,Dhenkanal,2017-18,6071,6071,ok
18,66,Wholesale,Mung,9,Dhenkanal,2018-19,5291,5291,ok
18,66,Wholesale,Mung,10,Gajpati,2013-14,4800,4800,ok
18,66,Wholesale,Mung,10,Gajpati,2014-15,5280,5280,ok
18,66,Wholesale,Mung,10,Gajpati,2015-16,5899,5899,ok
18,66,Wholesale,Mung,10,Gajpati,2016-17,6100,6100,ok
18,66,Wholesale,Mung,10,Gajpati,2017-18,6320,6320,ok
18,66,Wholesale,Mung,10,Gajpati,2018-19,5739,5739,ok
18,66,Wholesale,Mung,11,Ganjam,2013-14,4625,4625,ok
18,66,Wholesale,Mung,11,Ganjam,2014-15,5150,5150,ok
18,66,Wholesale,Mung,11,Ganjam,2015-16,5782,5782,ok
18,66,Wholesale,Mung,11,Ganjam,2016-17,6000,6000,ok
18,66,Wholesale,Mung,11,Ganjam,2017-18,5907,5907,ok
18,66,Wholesale,Mung,11,Ganjam,2018-19,6219,6219,ok
18,66,Wholesale,Mung,12,Jagatsinghpur,2013-14,4870,4870,ok
18,66,Wholesale,Mung,12,Jagatsinghpur,2014-15,5667,5667,ok
18,66,Wholesale,Mung,12,Jagatsinghpur,2015-16,6159,6159,ok
18,66,Wholesale,Mung,12,Jagatsinghpur,2016-17,6207,6207,ok
18,66,Wholesale,Mung,12,Jagatsinghpur,2017-18,6048,6048,ok
18,66,Wholesale,Mung,12,Jagatsinghpur,2018-19,5958,5958,ok
18,66,Wholesale,Mung,13,Jajpur,2013-14,4900,4900,ok
18,66,Wholesale,Mung,13,Jajpur,2014-15,5682,5682,ok
18,66,Wholesale,Mung,13,Jajpur,2015-16,6219,6219,ok
18,66,Wholesale,Mung,13,Jajpur,2016-17,6233,6233,ok
18,66,Wholesale,Mung,13,Jajpur,2017-18,6192,6192,ok
18,66,Wholesale,Mung,13,Jajpur,2018-19,5889,5889,ok
18,66,Wholesale,Mung,14,Jharsuguda*,2013-14,-,,dash
18,66,Wholesale,Mung,14,Jharsuguda*,2014-15,-,,dash
18,66,Wholesale,Mung,14,Jharsuguda*,2015-16,-,,dash
18,66,Wholesale,Mung,14,Jharsuguda*,2016-17,-,,dash
18,66,Wholesale,Mung,14,Jharsuguda*,2017-18,6533,6533,ok
18,66,Wholesale,Mung,14,Jharsuguda*,2018-19,7100,7100,ok
18,66,Wholesale,Mung,15,Kalahandi,2013-14,4900,4900,ok
18,66,Wholesale,Mung,15,Kalahandi,2014-15,5661,5661,ok
18,66,Wholesale,Mung,15,Kalahandi,2015-16,6217,6217,ok
18,66,Wholesale,Mung,15,Kalahandi,2016-17,6300,6300,ok
18,66,Wholesale,Mung,15,Kalahandi,2017-18,6764,6764,ok
18,66,Wholesale,Mung,15,Kalahandi,2018-19,5132,5132,ok
18,66,Wholesale,Mung,16,Kandhamal,2013-14,5178,5178,ok
18,66,Wholesale,Mung,16,Kandhamal,2014-15,5736,5736,ok
18,66,Wholesale,Mung,16,Kandhamal,2015-16,6134,6134,ok
18,66,Wholesale,Mung,16,Kandhamal,2016-17,6569,6569,ok
18,66,Wholesale,Mung,16,Kandhamal,2017-18,6900,6900,ok
18,66,Wholesale,Mung,16,Kandhamal,2018-19,6900,6900,ok
18,66,Wholesale,Mung,17,Kendrapara,2013-14,4724,4724,ok
18,66,Wholesale,Mung,17,Kendrapara,2014-15,5500,5500,ok
18,66,Wholesale,Mung,17,Kendrapara,2015-16,6159,6159,ok
18,66,Wholesale,Mung,17,Kendrapara,2016-17,6375,6375,ok
18,66,Wholesale,Mung,17,Kendrapara,2017-18,6300,6300,ok
18,66,Wholesale,Mung,17,Kendrapara,2018-19,5355,5355,ok
18,66,Wholesale,Mung,18,Keonjhar,2013-14,5400,5400,ok
18,66,Wholesale,Mung,18,Keonjhar,2014-15,5900,5900,ok
18,66,Wholesale,Mung,18,Keonjhar,2015-16,6267,6267,ok
18,66,Wholesale,Mung,18,Keonjhar,2016-17,6300,6300,ok
18,66,Wholesale,Mung,18,Keonjhar,2017-18,6833,6833,ok
18,66,Wholesale,Mung,18,Keonjhar,2018-19,5741,5741,ok
18,66,Wholesale,Mung,19,Khurda,2013-14,4907,4907,ok
18,66,Wholesale,Mung,19,Khurda,2014-15,5644,5644,ok
18,66,Wholesale,Mung,19,Khurda,2015-16,6184,6184,ok
18,66,Wholesale,Mung,19,Khurda,2016-17,6267,6267,ok
18,66,Wholesale,Mung,19,Khurda,2017-18,6342,6342,ok
18,66,Wholesale,Mung,19,Khurda,2018-19,5200,5200,ok
18,66,Wholesale,Mung,20,Koraput,2013-14,5167,5167,ok
18,66,Wholesale,Mung,20,Koraput,2014-15,5775,5775,ok
18,66,Wholesale,Mung,20,Koraput,2015-16,6209,6209,ok
18,66,Wholesale,Mung,20,Koraput,2016-17,6300,6300,ok
18,66,Wholesale,Mung,20,Koraput,2017-18,6300,6300,ok
18,66,Wholesale,Mung,20,Koraput,2018-19,5500,5500,ok
18,66,Wholesale,Mung,21,Malkangiri,2013-14,4900,4900,ok
18,66,Wholesale,Mung,21,Malkangiri,2014-15,5856,5856,ok
18,66,Wholesale,Mung,21,Malkangiri,2015-16,6234,6234,ok
18,66,Wholesale,Mung,21,Malkangiri,2016-17,6558,6558,ok
18,66,Wholesale,Mung,21,Malkangiri,2017-18,6667,6667,ok
18,66,Wholesale,Mung,21,Malkangiri,2018-19,6233,6233,ok
18,66,Wholesale,Mung,22,Mayurbhanj,2013-14,5279,5279,ok
18,66,Wholesale,Mung,22,Mayurbhanj,2014-15,5975,5975,ok
18,66,Wholesale,Mung,22,Mayurbhanj,2015-16,6254,6254,ok
18,66,Wholesale,Mung,22,Mayurbhanj,2016-17,6520,6520,ok
18,66,Wholesale,Mung,22,Mayurbhanj,2017-18,6243,6243,ok
18,66,Wholesale,Mung,22,Mayurbhanj,2018-19,5630,5630,ok
18,66,Wholesale,Mung,23,Nabarangapur,2013-14,5000,5000,ok
18,66,Wholesale,Mung,23,Nabarangapur,2014-15,-,,dash
18,66,Wholesale,Mung,23,Nabarangapur,2015-16,6335,6335,ok
18,66,Wholesale,Mung,23,Nabarangapur,2016-17,6543,6543,ok
18,66,Wholesale,Mung,23,Nabarangapur,2017-18,6620,6620,ok
18,66,Wholesale,Mung,23,Nabarangapur,2018-19,7667,7667,ok
18,66,Wholesale,Mung,24,Nayagarh,2013-14,4938,4938,ok
18,66,Wholesale,Mung,24,Nayagarh,2014-15,5557,5557,ok
18,66,Wholesale,Mung,24,Nayagarh,2015-16,6165,6165,ok
18,66,Wholesale,Mung,24,Nayagarh,2016-17,6313,6313,ok
18,66,Wholesale,Mung,24,Nayagarh,2017-18,6257,6257,ok
18,66,Wholesale,Mung,24,Nayagarh,2018-19,6600,6600,ok
18,66,Wholesale,Mung,25,Nuapara,2013-14,5391,5391,ok
18,66,Wholesale,Mung,25,Nuapara,2014-15,5750,5750,ok
18,66,Wholesale,Mung,25,Nuapara,2015-16,6234,6234,ok
18,66,Wholesale,Mung,25,Nuapara,2016-17,6333,6333,ok
18,66,Wholesale,Mung,25,Nuapara,2017-18,6350,6350,ok
18,66,Wholesale,Mung,25,Nuapara,2018-19,5716,5716,ok
18,66,Wholesale,Mung,26,Puri,2013-14,4700,4700,ok
18,66,Wholesale,Mung,26,Puri,2014-15,5600,5600,ok
18,66,Wholesale,Mung,26,Puri,2015-16,6033,6033,ok
18,66,Wholesale,Mung,26,Puri,2016-17,6168,6168,ok
18,66,Wholesale,Mung,26,Puri,2017-18,6067,6067,ok
18,66,Wholesale,Mung,26,Puri,2018-19,5427,5427,ok
18,66,Wholesale,Mung,27,Rayagada,2013-14,5417,5417,ok
18,66,Wholesale,Mung,27,Rayagada,2014-15,5933,5933,ok
18,66,Wholesale,Mung,27,Rayagada,2015-16,6234,6234,ok
18,66,Wholesale,Mung,27,Rayagada,2016-17,6577,6577,ok
18,66,Wholesale,Mung,27,Rayagada,2017-18,6350,6350,ok
18,66,Wholesale,Mung,27,Rayagada,2018-19,5500,5500,ok
18,66,Wholesale,Mung,28,Sambalpur,2013-14,5267,5267,ok
18,66,Wholesale,Mung,28,Sambalpur,2014-15,5785,5785,ok
18,66,Wholesale,Mung,28,Sambalpur,2015-16,6184,6184,ok
18,66,Wholesale,Mung,28,Sambalpur,2016-17,6328,6328,ok
18,66,Wholesale,Mung,28,Sambalpur,2017-18,6344,6344,ok
18,66,Wholesale,Mung,28,Sambalpur,2018-19,5942,5942,ok
18,66,Wholesale,Mung,29,Sonepur,2013-14,4267,4267,ok
18,66,Wholesale,Mung,29,Sonepur,2014-15,5968,5968,ok
18,66,Wholesale,Mung,29,Sonepur,2015-16,6234,6234,ok
18,66,Wholesale,Mung,29,Sonepur,2016-17,6333,6333,ok
18,66,Wholesale,Mung,29,Sonepur,2017-18,6533,6533,ok
18,66,Wholesale,Mung,29,Sonepur,2018-19,5095,5095,ok
18,66,Wholesale,Mung,30,Sundargarh,2013-14,5393,5393,ok
18,66,Wholesale,Mung,30,Sundargarh,2014-15,6100,6100,ok
18,66,Wholesale,Mung,30,Sundargarh,2015-16,6284,6284,ok
18,66,Wholesale,Mung,30,Sundargarh,2016-17,6300,6300,ok
18,66,Wholesale,Mung,30,Sundargarh,2017-18,6389,6389,ok
18,66,Wholesale,Mung,30,Sundargarh,2018-19,6552,6552,ok
19,67,Wholesale,Biri,1,Angul,2013-14,4547,4547,ok
19,67,Wholesale,Biri,1,Angul,2014-15,5325,5325,ok
19,67,Wholesale,Biri,1,Angul,2015-16,6070,6070,ok
19,67,Wholesale,Biri,1,Angul,2016-17,6132,6132,ok
19,67,Wholesale,Biri,1,Angul,2017-18,6046,6046,ok
19,67,Wholesale,Biri,1,Angul,2018-19,5359,5359,ok
19,67,Wholesale,Biri,2,Balasore,2013-14,4353,4353,ok
19,67,Wholesale,Biri,2,Balasore,2014-15,5173,5173,ok
19,67,Wholesale,Biri,2,Balasore,2015-16,5869,5869,ok
19,67,Wholesale,Biri,2,Balasore,2016-17,6117,6117,ok
19,67,Wholesale,Biri,2,Balasore,2017-18,6550,6550,ok
19,67,Wholesale,Biri,2,Balasore,2018-19,5784,5784,ok
19,67,Wholesale,Biri,3,Bargarh,2013-14,4325,4325,ok
19,67,Wholesale,Biri,3,Bargarh,2014-15,5018,5018,ok
19,67,Wholesale,Biri,3,Bargarh,2015-16,5858,5858,ok
19,67,Wholesale,Biri,3,Bargarh,2016-17,6075,6075,ok
19,67,Wholesale,Biri,3,Bargarh,2017-18,6065,6065,ok
19,67,Wholesale,Biri,3,Bargarh,2018-19,6890,6890,ok
19,67,Wholesale,Biri,4,Bhadrak,2013-14,4333,4333,ok
19,67,Wholesale,Biri,4,Bhadrak,2014-15,5020,5020,ok
19,67,Wholesale,Biri,4,Bhadrak,2015-16,5770,5770,ok
19,67,Wholesale,Biri,4,Bhadrak,2016-17,5845,5845,ok
19,67,Wholesale,Biri,4,Bhadrak,2017-18,6244,6244,ok
19,67,Wholesale,Biri,4,Bhadrak,2018-19,5671,5671,ok
19,67,Wholesale,Biri,5,Bolangir,2013-14,4441,4441,ok
19,67,Wholesale,Biri,5,Bolangir,2014-15,5096,5096,ok
19,67,Wholesale,Biri,5,Bolangir,2015-16,5568,5568,ok
19,67,Wholesale,Biri,5,Bolangir,2016-17,5911,5911,ok
19,67,Wholesale,Biri,5,Bolangir,2017-18,6158,6158,ok
19,67,Wholesale,Biri,5,Bolangir,2018-19,6158,6158,ok
19,67,Wholesale,Biri,6,Boudh,2013-14,4916,4916,ok
19,67,Wholesale,Biri,6,Boudh,2014-15,5333,5333,ok
19,67,Wholesale,Biri,6,Boudh,2015-16,6143,6143,ok
19,67,Wholesale,Biri,6,Boudh,2016-17,6170,6170,ok
19,67,Wholesale,Biri,6,Boudh,2017-18,6107,6107,ok
19,67,Wholesale,Biri,6,Boudh,2018-19,4824,4824,ok
19,67,Wholesale,Biri,7,Cuttack,2013-14,4640,4640,ok
19,67,Wholesale,Biri,7,Cuttack,2014-15,5000,5000,ok
19,67,Wholesale,Biri,7,Cuttack,2015-16,6034,6034,ok
19,67,Wholesale,Biri,7,Cuttack,2016-17,6075,6075,ok
19,67,Wholesale,Biri,7,Cuttack,2017-18,6086,6086,ok
19,67,Wholesale,Biri,7,Cuttack,2018-19,5316,5316,ok
19,67,Wholesale,Biri,8,Deogarh,2013-14,4766,4766,ok
19,67,Wholesale,Biri,8,Deogarh,2014-15,5000,5000,ok
19,67,Wholesale,Biri,8,Deogarh,2015-16,6006,6006,ok
19,67,Wholesale,Biri,8,Deogarh,2016-17,6056,6056,ok
19,67,Wholesale,Biri,8,Deogarh,2017-18,6127,6127,ok
19,67,Wholesale,Biri,8,Deogarh,2018-19,5381,5381,ok
19,67,Wholesale,Biri,9,Dhenkanal,2013-14,4267,4267,ok
19,67,Wholesale,Biri,9,Dhenkanal,2014-15,4804,4804,ok
19,67,Wholesale,Biri,9,Dhenkanal,2015-16,5704,5704,ok
19,67,Wholesale,Biri,9,Dhenkanal,2016-17,6048,6048,ok
19,67,Wholesale,Biri,9,Dhenkanal,2017-18,6113,6113,ok
19,67,Wholesale,Biri,9,Dhenkanal,2018-19,4750,4750,ok
19,67,Wholesale,Biri,10,Gajpati,2013-14,4600,4600,ok
19,67,Wholesale,Biri,10,Gajpati,2014-15,5033,5033,ok
19,67,Wholesale,Biri,10,Gajpati,2015-16,5917,5917,ok
19,67,Wholesale,Biri,10,Gajpati,2016-17,5967,5967,ok
19,67,Wholesale,Biri,10,Gajpati,2017-18,6206,6206,ok
19,67,Wholesale,Biri,10,Gajpati,2018-19,6153,6153,ok
19,67,Wholesale,Biri,11,Ganjam,2013-14,4438,4438,ok
19,67,Wholesale,Biri,11,Ganjam,2014-15,5000,5000,ok
19,67,Wholesale,Biri,11,Ganjam,2015-16,5814,5814,ok
19,67,Wholesale,Biri,11,Ganjam,2016-17,5927,5927,ok
19,67,Wholesale,Biri,11,Ganjam,2017-18,5830,5830,ok
19,67,Wholesale,Biri,11,Ganjam,2018-19,5855,5855,ok
19,67,Wholesale,Biri,12,Jagatsinghpur,2013-14,4550,4550,ok
19,67,Wholesale,Biri,12,Jagatsinghpur,2014-15,5178,5178,ok
19,67,Wholesale,Biri,12,Jagatsinghpur,2015-16,5979,5979,ok
19,67,Wholesale,Biri,12,Jagatsinghpur,2016-17,6000,6000,ok
19,67,Wholesale,Biri,12,Jagatsinghpur,2017-18,5910,5910,ok
19,67,Wholesale,Biri,12,Jagatsinghpur,2018-19,5169,5169,ok
19,67,Wholesale,Biri,13,Jajpur,2013-14,4376,4376,ok
19,67,Wholesale,Biri,13,Jajpur,2014-15,5035,5035,ok
19,67,Wholesale,Biri,13,Jajpur,2015-16,5971,5971,ok
19,67,Wholesale,Biri,13,Jajpur,2016-17,5979,5979,ok
19,67,Wholesale,Biri,13,Jajpur,2017-18,5575,5575,ok
19,67,Wholesale,Biri,13,Jajpur,2018-19,5248,5248,ok
19,67,Wholesale,Biri,14,Jharsuguda,2013-14,4550,4550,ok
19,67,Wholesale,Biri,14,Jharsuguda,2014-15,-,,dash
19,67,Wholesale,Biri,14,Jharsuguda,2015-16,6308,6308,ok
19,67,Wholesale,Biri,14,Jharsuguda,2016-17,-,,dash
19,67,Wholesale,Biri,14,Jharsuguda,2017-18,6242,6242,ok
19,67,Wholesale,Biri,14,Jharsuguda,2018-19,6467,6467,ok
19,67,Wholesale,Biri,15,Kalahandi,2013-14,4625,4625,ok
19,67,Wholesale,Biri,15,Kalahandi,2014-15,5127,5127,ok
19,67,Wholesale,Biri,15,Kalahandi,2015-16,6088,6088,ok
19,67,Wholesale,Biri,15,Kalahandi,2016-17,6104,6104,ok
19,67,Wholesale,Biri,15,Kalahandi,2017-18,6439,6439,ok
19,67,Wholesale,Biri,15,Kalahandi,2018-19,5881,5881,ok
19,67,Wholesale,Biri,16,Kandhamal,2013-14,4764,4764,ok
19,67,Wholesale,Biri,16,Kandhamal,2014-15,5217,5217,ok
19,67,Wholesale,Biri,16,Kandhamal,2015-16,5997,5997,ok
19,67,Wholesale,Biri,16,Kandhamal,2016-17,6050,6050,ok
19,67,Wholesale,Biri,16,Kandhamal,2017-18,6258,6258,ok
19,67,Wholesale,Biri,16,Kandhamal,2018-19,6258,6258,ok
19,67,Wholesale,Biri,17,Kendrapara,2013-14,4032,4032,ok
19,67,Wholesale,Biri,17,Kendrapara,2014-15,4763,4763,ok
19,67,Wholesale,Biri,17,Kendrapara,2015-16,5567,5567,ok
19,67,Wholesale,Biri,17,Kendrapara,2016-17,6000,6000,ok
19,67,Wholesale,Biri,17,Kendrapara,2017-18,5650,5650,ok
19,67,Wholesale,Biri,17,Kendrapara,2018-19,5011,5011,ok
19,67,Wholesale,Biri,18,Keonjhar,2013-14,4667,4667,ok
19,67,Wholesale,Biri,18,Keonjhar,2014-15,5318,5318,ok
19,67,Wholesale,Biri,18,Keonjhar,2015-16,6119,6119,ok
19,67,Wholesale,Biri,18,Keonjhar,2016-17,6145,6145,ok
19,67,Wholesale,Biri,18,Keonjhar,2017-18,5815,5815,ok
19,67,Wholesale,Biri,18,Keonjhar,2018-19,5241,5241,ok
19,67,Wholesale,Biri,19,Khurda,2013-14,4533,4533,ok
19,67,Wholesale,Biri,19,Khurda,2014-15,5029,5029,ok
19,67,Wholesale,Biri,19,Khurda,2015-16,5924,5924,ok
19,67,Wholesale,Biri,19,Khurda,2016-17,6000,6000,ok
19,67,Wholesale,Biri,19,Khurda,2017-18,5990,5990,ok
19,67,Wholesale,Biri,19,Khurda,2018-19,5100,5100,ok
19,67,Wholesale,Biri,20,Koraput,2013-14,4486,4486,ok
19,67,Wholesale,Biri,20,Koraput,2014-15,5285,5285,ok
19,67,Wholesale,Biri,20,Koraput,2015-16,6006,6006,ok
19,67,Wholesale,Biri,20,Koraput,2016-17,6000,6000,ok
19,67,Wholesale,Biri,20,Koraput,2017-18,5600,5600,ok
19,67,Wholesale,Biri,20,Koraput,2018-19,6322,6322,ok
19,67,Wholesale,Biri,21,Malkangiri,2013-14,4489,4489,ok
19,67,Wholesale,Biri,21,Malkangiri,2014-15,5063,5063,ok
19,67,Wholesale,Biri,21,Malkangiri,2015-16,5759,5759,ok
19,67,Wholesale,Biri,21,Malkangiri,2016-17,5933,5933,ok
19,67,Wholesale,Biri,21,Malkangiri,2017-18,6112,6112,ok
19,67,Wholesale,Biri,21,Malkangiri,2018-19,6600,6600,ok
19,67,Wholesale,Biri,22,Mayurbhanj,2013-14,4592,4592,ok
19,67,Wholesale,Biri,22,Mayurbhanj,2014-15,5371,5371,ok
19,67,Wholesale,Biri,22,Mayurbhanj,2015-16,6099,6099,ok
19,67,Wholesale,Biri,22,Mayurbhanj,2016-17,6127,6127,ok
19,67,Wholesale,Biri,22,Mayurbhanj,2017-18,6070,6070,ok
19,67,Wholesale,Biri,22,Mayurbhanj,2018-19,4973,4973,ok
19,67,Wholesale,Biri,23,Nabarangapur,2013-14,4611,4611,ok
19,67,Wholesale,Biri,23,Nabarangapur,2014-15,5195,5195,ok
19,67,Wholesale,Biri,23,Nabarangapur,2015-16,6070,6070,ok
19,67,Wholesale,Biri,23,Nabarangapur,2016-17,6133,6133,ok
19,67,Wholesale,Biri,23,Nabarangapur,2017-18,6081,6081,ok
19,67,Wholesale,Biri,23,Nabarangapur,2018-19,6693,6693,ok
19,67,Wholesale,Biri,24,Nayagarh,2013-14,4122,4122,ok
19,67,Wholesale,Biri,24,Nayagarh,2014-15,5057,5057,ok
19,67,Wholesale,Biri,24,Nayagarh,2015-16,5787,5787,ok
19,67,Wholesale,Biri,24,Nayagarh,2016-17,6000,6000,ok
19,67,Wholesale,Biri,24,Nayagarh,2017-18,5817,5817,ok
19,67,Wholesale,Biri,24,Nayagarh,2018-19,4733,4733,ok
19,67,Wholesale,Biri,25,Nuapara,2013-14,4283,4283,ok
19,67,Wholesale,Biri,25,Nuapara,2014-15,5067,5067,ok
19,67,Wholesale,Biri,25,Nuapara,2015-16,5896,5896,ok
19,67,Wholesale,Biri,25,Nuapara,2016-17,5950,5950,ok
19,67,Wholesale,Biri,25,Nuapara,2017-18,5542,5542,ok
19,67,Wholesale,Biri,25,Nuapara,2018-19,5617,5617,ok
19,67,Wholesale,Biri,26,Puri,2013-14,4100,4100,ok
19,67,Wholesale,Biri,26,Puri,2014-15,5000,5000,ok
19,67,Wholesale,Biri,26,Puri,2015-16,6034,6034,ok
19,67,Wholesale,Biri,26,Puri,2016-17,6000,6000,ok
19,67,Wholesale,Biri,26,Puri,2017-18,6013,6013,ok
19,67,Wholesale,Biri,26,Puri,2018-19,5133,5133,ok
19,67,Wholesale,Biri,27,Rayagada,2013-14,4176,4176,ok
19,67,Wholesale,Biri,27,Rayagada,2014-15,4989,4989,ok
19,67,Wholesale,Biri,27,Rayagada,2015-16,5884,5884,ok
19,67,Wholesale,Biri,27,Rayagada,2016-17,6114,6114,ok
19,67,Wholesale,Biri,27,Rayagada,2017-18,5775,5775,ok
19,67,Wholesale,Biri,27,Rayagada,2018-19,5400,5400,ok
19,67,Wholesale,Biri,28,Sambalpur,2013-14,4500,4500,ok
19,67,Wholesale,Biri,28,Sambalpur,2014-15,5233,5233,ok
19,67,Wholesale,Biri,28,Sambalpur,2015-16,6018,6018,ok
19,67,Wholesale,Biri,28,Sambalpur,2016-17,6017,6017,ok
19,67,Wholesale,Biri,28,Sambalpur,2017-18,5569,5569,ok
19,67,Wholesale,Biri,28,Sambalpur,2018-19,5646,5646,ok
19,67,Wholesale,Biri,29,Sonepur,2013-14,4760,4760,ok
19,67,Wholesale,Biri,29,Sonepur,2014-15,5475,5475,ok
19,67,Wholesale,Biri,29,Sonepur,2015-16,6225,6225,ok
19,67,Wholesale,Biri,29,Sonepur,2016-17,6200,6200,ok
19,67,Wholesale,Biri,29,Sonepur,2017-18,6700,6700,ok
19,67,Wholesale,Biri,29,Sonepur,2018-19,5019,5019,ok
19,67,Wholesale,Biri,30,Sundargarh,2013-14,4567,4567,ok
19,67,Wholesale,Biri,30,Sundargarh,2014-15,5367,5367,ok
19,67,Wholesale,Biri,30,Sundargarh,2015-16,6152,6152,ok
19,67,Wholesale,Biri,30,Sundargarh,2016-17,6200,6200,ok
19,67,Wholesale,Biri,30,Sundargarh,2017-18,6000,6000,ok
19,67,Wholesale,Biri,30,Sundargarh,2018-19,6465,6465,ok
20,68,Wholesale,Kulthi,1,Angul,2013-14,2469,2469,ok
20,68,Wholesale,Kulthi,1,Angul,2014-15,2952,2952,ok
20,68,Wholesale,Kulthi,1,Angul,2015-16,3182,3182,ok
20,68,Wholesale,Kulthi,1,Angul,2016-17,3307,3307,ok
20,68,Wholesale,Kulthi,1,Angul,2017-18,3587,3587,ok
20,68,Wholesale,Kulthi,1,Angul,2018-19,4002,4002,ok
20,68,Wholesale,Kulthi,2,Balasore,2013-14,2475,2475,ok
20,68,Wholesale,Kulthi,2,Balasore,2014-15,3000,3000,ok
20,68,Wholesale,Kulthi,2,Balasore,2015-16,3168,3168,ok
20,68,Wholesale,Kulthi,2,Balasore,2016-17,3333,3333,ok
20,68,Wholesale,Kulthi,2,Balasore,2017-18,3264,3264,ok
20,68,Wholesale,Kulthi,2,Balasore,2018-19,5000,5000,ok
20,68,Wholesale,Kulthi,3,Bargarh,2013-14,2438,2438,ok
20,68,Wholesale,Kulthi,3,Bargarh,2014-15,2950,2950,ok
20,68,Wholesale,Kulthi,3,Bargarh,2015-16,3279,3279,ok
20,68,Wholesale,Kulthi,3,Bargarh,2016-17,3300,3300,ok
20,68,Wholesale,Kulthi,3,Bargarh,2017-18,3587,3587,ok
20,68,Wholesale,Kulthi,3,Bargarh,2018-19,3445,3445,ok
20,68,Wholesale,Kulthi,4,Bhadrak,2013-14,2550,2550,ok
20,68,Wholesale,Kulthi,4,Bhadrak,2014-15,3000,3000,ok
20,68,Wholesale,Kulthi,4,Bhadrak,2015-16,3202,3202,ok
20,68,Wholesale,Kulthi,4,Bhadrak,2016-17,3250,3250,ok
20,68,Wholesale,Kulthi,4,Bhadrak,2017-18,-,,dash
20,68,Wholesale,Kulthi,4,Bhadrak,2018-19,4516,4516,ok
20,68,Wholesale,Kulthi,5,Bolangir,2013-14,2639,2639,ok
20,68,Wholesale,Kulthi,5,Bolangir,2014-15,2826,2826,ok
20,68,Wholesale,Kulthi,5,Bolangir,2015-16,3224,3224,ok
20,68,Wholesale,Kulthi,5,Bolangir,2016-17,3300,3300,ok
20,68,Wholesale,Kulthi,5,Bolangir,2017-18,3529,3529,ok
20,68,Wholesale,Kulthi,5,Bolangir,2018-19,3529,3529,ok
20,68,Wholesale,Kulthi,6,Boudh,2013-14,2271,2271,ok
20,68,Wholesale,Kulthi,6,Boudh,2014-15,2733,2733,ok
20,68,Wholesale,Kulthi,6,Boudh,2015-16,3254,3254,ok
20,68,Wholesale,Kulthi,6,Boudh,2016-17,3150,3150,ok
20,68,Wholesale,Kulthi,6,Boudh,2017-18,3407,3407,ok
20,68,Wholesale,Kulthi,6,Boudh,2018-19,4195,4195,ok
20,68,Wholesale,Kulthi,7,Cuttack,2013-14,2474,2474,ok
20,68,Wholesale,Kulthi,7,Cuttack,2014-15,2767,2767,ok
20,68,Wholesale,Kulthi,7,Cuttack,2015-16,3271,3271,ok
20,68,Wholesale,Kulthi,7,Cuttack,2016-17,3129,3129,ok
20,68,Wholesale,Kulthi,7,Cuttack,2017-18,3078,3078,ok
20,68,Wholesale,Kulthi,7,Cuttack,2018-19,3765,3765,ok
20,68,Wholesale,Kulthi,8,Deogarh,2013-14,2650,2650,ok
20,68,Wholesale,Kulthi,8,Deogarh,2014-15,3083,3083,ok
20,68,Wholesale,Kulthi,8,Deogarh,2015-16,3374,3374,ok
20,68,Wholesale,Kulthi,8,Deogarh,2016-17,3417,3417,ok
20,68,Wholesale,Kulthi,8,Deogarh,2017-18,3503,3503,ok
20,68,Wholesale,Kulthi,8,Deogarh,2018-19,3594,3594,ok
20,68,Wholesale,Kulthi,9,Dhenkanal,2013-14,2441,2441,ok
20,68,Wholesale,Kulthi,9,Dhenkanal,2014-15,2750,2750,ok
20,68,Wholesale,Kulthi,9,Dhenkanal,2015-16,3099,3099,ok
20,68,Wholesale,Kulthi,9,Dhenkanal,2016-17,3189,3189,ok
20,68,Wholesale,Kulthi,9,Dhenkanal,2017-18,3448,3448,ok
20,68,Wholesale,Kulthi,9,Dhenkanal,2018-19,3774,3774,ok
20,68,Wholesale,Kulthi,10,Gajpati,2013-14,2067,2067,ok
20,68,Wholesale,Kulthi,10,Gajpati,2014-15,2617,2617,ok
20,68,Wholesale,Kulthi,10,Gajpati,2015-16,2961,2961,ok
20,68,Wholesale,Kulthi,10,Gajpati,2016-17,3150,3150,ok
20,68,Wholesale,Kulthi,10,Gajpati,2017-18,3375,3375,ok
20,68,Wholesale,Kulthi,10,Gajpati,2018-19,4063,4063,ok
20,68,Wholesale,Kulthi,11,Ganjam,2013-14,2100,2100,ok
20,68,Wholesale,Kulthi,11,Ganjam,2014-15,2600,2600,ok
20,68,Wholesale,Kulthi,11,Ganjam,2015-16,2944,2944,ok
20,68,Wholesale,Kulthi,11,Ganjam,2016-17,3100,3100,ok
20,68,Wholesale,Kulthi,11,Ganjam,2017-18,3297,3297,ok
20,68,Wholesale,Kulthi,11,Ganjam,2018-19,4402,4402,ok
20,68,Wholesale,Kulthi,12,Jagatsinghpur,2013-14,2144,2144,ok
20,68,Wholesale,Kulthi,12,Jagatsinghpur,2014-15,2675,2675,ok
20,68,Wholesale,Kulthi,12,Jagatsinghpur,2015-16,3016,3016,ok
20,68,Wholesale,Kulthi,12,Jagatsinghpur,2016-17,3283,3283,ok
20,68,Wholesale,Kulthi,12,Jagatsinghpur,2017-18,3444,3444,ok
20,68,Wholesale,Kulthi,12,Jagatsinghpur,2018-19,3767,3767,ok
20,68,Wholesale,Kulthi,13,Jajpur,2013-14,1898,1898,ok
20,68,Wholesale,Kulthi,13,Jajpur,2014-15,2682,2682,ok
20,68,Wholesale,Kulthi,13,Jajpur,2015-16,3069,3069,ok
20,68,Wholesale,Kulthi,13,Jajpur,2016-17,3338,3338,ok
20,68,Wholesale,Kulthi,13,Jajpur,2017-18,3588,3588,ok
20,68,Wholesale,Kulthi,13,Jajpur,2018-19,4250,4250,ok
20,68,Wholesale,Kulthi,14,Jharsuguda,2013-14,2665,2665,ok
20,68,Wholesale,Kulthi,14,Jharsuguda,2014-15,3000,3000,ok
20,68,Wholesale,Kulthi,14,Jharsuguda,2015-16,3202,3202,ok
20,68,Wholesale,Kulthi,14,Jharsuguda,2016-17,3275,3275,ok
20,68,Wholesale,Kulthi,14,Jharsuguda,2017-18,3475,3475,ok
20,68,Wholesale,Kulthi,14,Jharsuguda,2018-19,3960,3960,ok
20,68,Wholesale,Kulthi,15,Kalahandi,2013-14,2667,2667,ok
20,68,Wholesale,Kulthi,15,Kalahandi,2014-15,2975,2975,ok
20,68,Wholesale,Kulthi,15,Kalahandi,2015-16,3460,3460,ok
20,68,Wholesale,Kulthi,15,Kalahandi,2016-17,3414,3414,ok
20,68,Wholesale,Kulthi,15,Kalahandi,2017-18,3611,3611,ok
20,68,Wholesale,Kulthi,15,Kalahandi,2018-19,3600,3600,ok
20,68,Wholesale,Kulthi,16,Kandhamal,2013-14,2202,2202,ok
20,68,Wholesale,Kulthi,16,Kandhamal,2014-15,2671,2671,ok
20,68,Wholesale,Kulthi,16,Kandhamal,2015-16,3195,3195,ok
20,68,Wholesale,Kulthi,16,Kandhamal,2016-17,3225,3225,ok
20,68,Wholesale,Kulthi,16,Kandhamal,2017-18,3425,3425,ok
20,68,Wholesale,Kulthi,16,Kandhamal,2018-19,3425,3425,ok
20,68,Wholesale,Kulthi,17,Kendrapara,2013-14,2420,2420,ok
20,68,Wholesale,Kulthi,17,Kendrapara,2014-15,2954,2954,ok
20,68,Wholesale,Kulthi,17,Kendrapara,2015-16,3125,3125,ok
20,68,Wholesale,Kulthi,17,Kendrapara,2016-17,3233,3233,ok
20,68,Wholesale,Kulthi,17,Kendrapara,2017-18,3500,3500,ok
20,68,Wholesale,Kulthi,17,Kendrapara,2018-19,3306,3306,ok
20,68,Wholesale,Kulthi,18,Keonjhar,2013-14,2627,2627,ok
20,68,Wholesale,Kulthi,18,Keonjhar,2014-15,3011,3011,ok
20,68,Wholesale,Kulthi,18,Keonjhar,2015-16,3328,3328,ok
20,68,Wholesale,Kulthi,18,Keonjhar,2016-17,3400,3400,ok
20,68,Wholesale,Kulthi,18,Keonjhar,2017-18,3719,3719,ok
20,68,Wholesale,Kulthi,18,Keonjhar,2018-19,3960,3960,ok
20,68,Wholesale,Kulthi,19,Khurda,2013-14,2722,2722,ok
20,68,Wholesale,Kulthi,19,Khurda,2014-15,3035,3035,ok
20,68,Wholesale,Kulthi,19,Khurda,2015-16,3305,3305,ok
20,68,Wholesale,Kulthi,19,Khurda,2016-17,3333,3333,ok
20,68,Wholesale,Kulthi,19,Khurda,2017-18,3447,3447,ok
20,68,Wholesale,Kulthi,19,Khurda,2018-19,3434,3434,ok
20,68,Wholesale,Kulthi,20,Koraput,2013-14,2606,2606,ok
20,68,Wholesale,Kulthi,20,Koraput,2014-15,2745,2745,ok
20,68,Wholesale,Kulthi,20,Koraput,2015-16,3221,3221,ok
20,68,Wholesale,Kulthi,20,Koraput,2016-17,3270,3270,ok
20,68,Wholesale,Kulthi,20,Koraput,2017-18,3508,3508,ok
20,68,Wholesale,Kulthi,20,Koraput,2018-19,5600,5600,ok
20,68,Wholesale,Kulthi,21,Malkangiri,2013-14,2596,2596,ok
20,68,Wholesale,Kulthi,21,Malkangiri,2014-15,2873,2873,ok
20,68,Wholesale,Kulthi,21,Malkangiri,2015-16,3357,3357,ok
20,68,Wholesale,Kulthi,21,Malkangiri,2016-17,3350,3350,ok
20,68,Wholesale,Kulthi,21,Malkangiri,2017-18,3611,3611,ok
20,68,Wholesale,Kulthi,21,Malkangiri,2018-19,4825,4825,ok
20,68,Wholesale,Kulthi,22,Mayurbhanj,2013-14,2827,2827,ok
20,68,Wholesale,Kulthi,22,Mayurbhanj,2014-15,3038,3038,ok
20,68,Wholesale,Kulthi,22,Mayurbhanj,2015-16,3183,3183,ok
20,68,Wholesale,Kulthi,22,Mayurbhanj,2016-17,3255,3255,ok
20,68,Wholesale,Kulthi,22,Mayurbhanj,2017-18,3500,3500,ok
20,68,Wholesale,Kulthi,22,Mayurbhanj,2018-19,4145,4145,ok
20,68,Wholesale,Kulthi,23,Nabarangapur,2013-14,2756,2756,ok
20,68,Wholesale,Kulthi,23,Nabarangapur,2014-15,2900,2900,ok
20,68,Wholesale,Kulthi,23,Nabarangapur,2015-16,3099,3099,ok
20,68,Wholesale,Kulthi,23,Nabarangapur,2016-17,3200,3200,ok
20,68,Wholesale,Kulthi,23,Nabarangapur,2017-18,3510,3510,ok
20,68,Wholesale,Kulthi,23,Nabarangapur,2018-19,4472,4472,ok
20,68,Wholesale,Kulthi,24,Nayagarh,2013-14,2508,2508,ok
20,68,Wholesale,Kulthi,24,Nayagarh,2014-15,2750,2750,ok
20,68,Wholesale,Kulthi,24,Nayagarh,2015-16,3021,3021,ok
20,68,Wholesale,Kulthi,24,Nayagarh,2016-17,3302,3302,ok
20,68,Wholesale,Kulthi,24,Nayagarh,2017-18,3556,3556,ok
20,68,Wholesale,Kulthi,24,Nayagarh,2018-19,2830,2830,ok
20,68,Wholesale,Kulthi,25,Nuapara,2013-14,2872,2872,ok
20,68,Wholesale,Kulthi,25,Nuapara,2014-15,3028,3028,ok
20,68,Wholesale,Kulthi,25,Nuapara,2015-16,3409,3409,ok
20,68,Wholesale,Kulthi,25,Nuapara,2016-17,3440,3440,ok
20,68,Wholesale,Kulthi,25,Nuapara,2017-18,3708,3708,ok
20,68,Wholesale,Kulthi,25,Nuapara,2018-19,4721,4721,ok
20,68,Wholesale,Kulthi,26,Puri,2013-14,2667,2667,ok
20,68,Wholesale,Kulthi,26,Puri,2014-15,2800,2800,ok
20,68,Wholesale,Kulthi,26,Puri,2015-16,3099,3099,ok
20,68,Wholesale,Kulthi,26,Puri,2016-17,3167,3167,ok
20,68,Wholesale,Kulthi,26,Puri,2017-18,3133,3133,ok
20,68,Wholesale,Kulthi,26,Puri,2018-19,2878,2878,ok
20,68,Wholesale,Kulthi,27,Rayagada,2013-14,2667,2667,ok
20,68,Wholesale,Kulthi,27,Rayagada,2014-15,2750,2750,ok
20,68,Wholesale,Kulthi,27,Rayagada,2015-16,3340,3340,ok
20,68,Wholesale,Kulthi,27,Rayagada,2016-17,3321,3321,ok
20,68,Wholesale,Kulthi,27,Rayagada,2017-18,3567,3567,ok
20,68,Wholesale,Kulthi,27,Rayagada,2018-19,3200,3200,ok
20,68,Wholesale,Kulthi,28,Sambalpur,2013-14,2500,2500,ok
20,68,Wholesale,Kulthi,28,Sambalpur,2014-15,3007,3007,ok
20,68,Wholesale,Kulthi,28,Sambalpur,2015-16,3397,3397,ok
20,68,Wholesale,Kulthi,28,Sambalpur,2016-17,3421,3421,ok
20,68,Wholesale,Kulthi,28,Sambalpur,2017-18,3717,3717,ok
20,68,Wholesale,Kulthi,28,Sambalpur,2018-19,3708,3708,ok
20,68,Wholesale,Kulthi,29,Sonepur,2013-14,2580,2580,ok
20,68,Wholesale,Kulthi,29,Sonepur,2014-15,2900,2900,ok
20,68,Wholesale,Kulthi,29,Sonepur,2015-16,3409,3409,ok
20,68,Wholesale,Kulthi,29,Sonepur,2016-17,3417,3417,ok
20,68,Wholesale,Kulthi,29,Sonepur,2017-18,3740,3740,ok
20,68,Wholesale,Kulthi,29,Sonepur,2018-19,3333,3333,ok
20,68,Wholesale,Kulthi,30,Sundargarh,2013-14,2620,2620,ok
20,68,Wholesale,Kulthi,30,Sundargarh,2014-15,2900,2900,ok
20,68,Wholesale,Kulthi,30,Sundargarh,2015-16,3564,3564,ok
20,68,Wholesale,Kulthi,30,Sundargarh,2016-17,3500,3500,ok
20,68,Wholesale,Kulthi,30,Sundargarh,2017-18,3792,3792,ok
20,68,Wholesale,Kulthi,30,Sundargarh,2018-19,5038,5038,ok
21,69,Wholesale,Til,1,Angul,2013-14,4252,4252,ok
21,69,Wholesale,Til,1,Angul,2014-15,4839,4839,ok
21,69,Wholesale,Til,1,Angul,2015-16,5151,5151,ok
21,69,Wholesale,Til,1,Angul,2016-17,5292,5292,ok
21,69,Wholesale,Til,1,Angul,2017-18,5735,5735,ok
21,69,Wholesale,Til,1,Angul,2018-19,6893,6893,ok
21,69,Wholesale,Til,2,Balasore,2013-14,4050,4050,ok
21,69,Wholesale,Til,2,Balasore,2014-15,4876,4876,ok
21,69,Wholesale,Til,2,Balasore,2015-16,5462,5462,ok
21,69,Wholesale,Til,2,Balasore,2016-17,5467,5467,ok
21,69,Wholesale,Til,2,Balasore,2017-18,5733,5733,ok
21,69,Wholesale,Til,2,Balasore,2018-19,8000,8000,ok
21,69,Wholesale,Til,3,Bargarh,2013-14,3850,3850,ok
21,69,Wholesale,Til,3,Bargarh,2014-15,4900,4900,ok
21,69,Wholesale,Til,3,Bargarh,2015-16,5483,5483,ok
21,69,Wholesale,Til,3,Bargarh,2016-17,5500,5500,ok
21,69,Wholesale,Til,3,Bargarh,2017-18,5850,5850,ok
21,69,Wholesale,Til,3,Bargarh,2018-19,8142,8142,ok
21,69,Wholesale,Til,4,Bhadrak,2013-14,-,,dash
21,69,Wholesale,Til,4,Bhadrak,2014-15,-,,dash
21,69,Wholesale,Til,4,Bhadrak,2015-16,-,,dash
21,69,Wholesale,Til,4,Bhadrak,2016-17,5400,5400,ok
21,69,Wholesale,Til,4,Bhadrak,2017-18,5500,5500,ok
21,69,Wholesale,Til,4,Bhadrak,2018-19,8400,8400,ok
21,69,Wholesale,Til,5,Bolangir,2013-14,4227,4227,ok
21,69,Wholesale,Til,5,Bolangir,2014-15,4850,4850,ok
21,69,Wholesale,Til,5,Bolangir,2015-16,5321,5321,ok
21,69,Wholesale,Til,5,Bolangir,2016-17,5437,5437,ok
21,69,Wholesale,Til,5,Bolangir,2017-18,5502,5502,ok
21,69,Wholesale,Til,5,Bolangir,2018-19,8502,8502,ok
21,69,Wholesale,Til,6,Boudh,2013-14,4667,4667,ok
21,69,Wholesale,Til,6,Boudh,2014-15,5000,5000,ok
21,69,Wholesale,Til,6,Boudh,2015-16,5483,5483,ok
21,69,Wholesale,Til,6,Boudh,2016-17,5485,5485,ok
21,69,Wholesale,Til,6,Boudh,2017-18,5250,5250,ok
21,69,Wholesale,Til,6,Boudh,2018-19,8850,8850,ok
21,69,Wholesale,Til,7,Cuttack,2013-14,4063,4063,ok
21,69,Wholesale,Til,7,Cuttack,2014-15,4900,4900,ok
21,69,Wholesale,Til,7,Cuttack,2015-16,5375,5375,ok
21,69,Wholesale,Til,7,Cuttack,2016-17,5400,5400,ok
21,69,Wholesale,Til,7,Cuttack,2017-18,,,blank
21,69,Wholesale,Til,7,Cuttack,2018-19,,,blank
21,69,Wholesale,Til,8,Deogarh,2013-14,,,blank
21,69,Wholesale,Til,8,Deogarh,2014-15,,,blank
21,69,Wholesale,Til,8,Deogarh,2015-16,,,blank
21,69,Wholesale,Til,8,Deogarh,2016-17,5387,5387,ok
21,69,Wholesale,Til,8,Deogarh,2017-18,5496,5496,ok
21,69,Wholesale,Til,8,Deogarh,2018-19,7000,7000,ok
21,69,Wholesale,Til,9,Dhenkanal,2013-14,4300,4300,ok
21,69,Wholesale,Til,9,Dhenkanal,2014-15,4800,4800,ok
21,69,Wholesale,Til,9,Dhenkanal,2015-16,5160,5160,ok
21,69,Wholesale,Til,9,Dhenkanal,2016-17,5300,5300,ok
21,69,Wholesale,Til,9,Dhenkanal,2017-18,5420,5420,ok
21,69,Wholesale,Til,9,Dhenkanal,2018-19,9000,9000,ok
21,69,Wholesale,Til,10,Gajpati,2013-14,3852,3852,ok
21,69,Wholesale,Til,10,Gajpati,2014-15,4850,4850,ok
21,69,Wholesale,Til,10,Gajpati,2015-16,4838,4838,ok
21,69,Wholesale,Til,10,Gajpati,2016-17,5000,5000,ok
21,69,Wholesale,Til,10,Gajpati,2017-18,5383,5383,ok
21,69,Wholesale,Til,10,Gajpati,2018-19,9250,9250,ok
21,69,Wholesale,Til,11,Ganjam,2013-14,3837,3837,ok
21,69,Wholesale,Til,11,Ganjam,2014-15,4850,4850,ok
21,69,Wholesale,Til,11,Ganjam,2015-16,4838,4838,ok
21,69,Wholesale,Til,11,Ganjam,2016-17,5067,5067,ok
21,69,Wholesale,Til,11,Ganjam,2017-18,5467,5467,ok
21,69,Wholesale,Til,11,Ganjam,2018-19,9654,9654,ok
21,69,Wholesale,Til,12,Jagatsinghpur,2013-14,-,,dash
21,69,Wholesale,Til,12,Jagatsinghpur,2014-15,-,,dash
21,69,Wholesale,Til,12,Jagatsinghpur,2015-16,-,,dash
21,69,Wholesale,Til,12,Jagatsinghpur,2016-17,-,,dash
21,69,Wholesale,Til,12,Jagatsinghpur,2017-18,-,,dash
21,69,Wholesale,Til,12,Jagatsinghpur,2018-19,-,,dash
21,69,Wholesale,Til,13,Jajpur,2013-14,-,,dash
21,69,Wholesale,Til,13,Jajpur,2014-15,-,,dash
21,69,Wholesale,Til,13,Jajpur,2015-16,-,,dash
21,69,Wholesale,Til,13,Jajpur,2016-17,-,,dash
21,69,Wholesale,Til,13,Jajpur,2017-18,-,,dash
21,69,Wholesale,Til,13,Jajpur,2018-19,-,,dash
21,69,Wholesale,Til,14,Jharsuguda,2013-14,4498,4498,ok
21,69,Wholesale,Til,14,Jharsuguda,2014-15,5100,5100,ok
21,69,Wholesale,Til,14,Jharsuguda,2015-16,5483,5483,ok
21,69,Wholesale,Til,14,Jharsuguda,2016-17,5485,5485,ok
21,69,Wholesale,Til,14,Jharsuguda,2017-18,5529,5529,ok
21,69,Wholesale,Til,14,Jharsuguda,2018-19,8000,8000,ok
21,69,Wholesale,Til,15,Kalahandi,2013-14,4527,4527,ok
21,69,Wholesale,Til,15,Kalahandi,2014-15,5175,5175,ok
21,69,Wholesale,Til,15,Kalahandi,2015-16,5429,5429,ok
21,69,Wholesale,Til,15,Kalahandi,2016-17,5600,5600,ok
21,69,Wholesale,Til,15,Kalahandi,2017-18,5750,5750,ok
21,69,Wholesale,Til,15,Kalahandi,2018-19,7500,7500,ok
21,69,Wholesale,Til,16,Kandhamal,2013-14,-,,dash
21,69,Wholesale,Til,16,Kandhamal,2014-15,5128,5128,ok
21,69,Wholesale,Til,16,Kandhamal,2015-16,5375,5375,ok
21,69,Wholesale,Til,16,Kandhamal,2016-17,5400,5400,ok
21,69,Wholesale,Til,16,Kandhamal,2017-18,-,,dash
21,69,Wholesale,Til,16,Kandhamal,2018-19,7700,7700,ok
21,69,Wholesale,Til,17,Kendrapara,2013-14,-,,dash
21,69,Wholesale,Til,17,Kendrapara,2014-15,-,,dash
21,69,Wholesale,Til,17,Kendrapara,2015-16,-,,dash
21,69,Wholesale,Til,17,Kendrapara,2016-17,-,,dash
21,69,Wholesale,Til,17,Kendrapara,2017-18,5200,5200,ok
21,69,Wholesale,Til,17,Kendrapara,2018-19,7400,7400,ok
21,69,Wholesale,Til,18,Keonjhar,2013-14,-,,dash
21,69,Wholesale,Til,18,Keonjhar,2014-15,-,,dash
21,69,Wholesale,Til,18,Keonjhar,2015-16,5375,5375,ok
21,69,Wholesale,Til,18,Keonjhar,2016-17,5380,5380,ok
21,69,Wholesale,Til,18,Keonjhar,2017-18,5420,5420,ok
21,69,Wholesale,Til,18,Keonjhar,2018-19,8000,8000,ok
21,69,Wholesale,Til,19,Khurda,2013-14,4150,4150,ok
21,69,Wholesale,Til,19,Khurda,2014-15,4867,4867,ok
21,69,Wholesale,Til,19,Khurda,2015-16,5375,5375,ok
21,69,Wholesale,Til,19,Khurda,2016-17,5400,5400,ok
21,69,Wholesale,Til,19,Khurda,2017-18,5550,5550,ok
21,69,Wholesale,Til,19,Khurda,2018-19,-,,dash
21,69,Wholesale,Til,20,Koraput,2013-14,4200,4200,ok
21,69,Wholesale,Til,20,Koraput,2014-15,4800,4800,ok
21,69,Wholesale,Til,20,Koraput,2015-16,5447,5447,ok
21,69,Wholesale,Til,20,Koraput,2016-17,5300,5300,ok
21,69,Wholesale,Til,20,Koraput,2017-18,5420,5420,ok
21,69,Wholesale,Til,20,Koraput,2018-19,6900,6900,ok
21,69,Wholesale,Til,21,Malkangiri,2013-14,4067,4067,ok
21,69,Wholesale,Til,21,Malkangiri,2014-15,4700,4700,ok
21,69,Wholesale,Til,21,Malkangiri,2015-16,4838,4838,ok
21,69,Wholesale,Til,21,Malkangiri,2016-17,5000,5000,ok
21,69,Wholesale,Til,21,Malkangiri,2017-18,5383,5383,ok
21,69,Wholesale,Til,21,Malkangiri,2018-19,6800,6800,ok
21,69,Wholesale,Til,22,Mayurbhanj,2013-14,4400,4400,ok
21,69,Wholesale,Til,22,Mayurbhanj,2014-15,4792,4792,ok
21,69,Wholesale,Til,22,Mayurbhanj,2015-16,5074,5074,ok
21,69,Wholesale,Til,22,Mayurbhanj,2016-17,5013,5013,ok
21,69,Wholesale,Til,22,Mayurbhanj,2017-18,4828,4828,ok
21,69,Wholesale,Til,22,Mayurbhanj,2018-19,8823,8823,ok
21,69,Wholesale,Til,23,Nabarangapur,2013-14,-,,dash
21,69,Wholesale,Til,23,Nabarangapur,2014-15,-,,dash
21,69,Wholesale,Til,23,Nabarangapur,2015-16,-,,dash
21,69,Wholesale,Til,23,Nabarangapur,2016-17,-,,dash
21,69,Wholesale,Til,23,Nabarangapur,2017-18,8500,8500,ok
21,69,Wholesale,Til,23,Nabarangapur,2018-19,9100,9100,ok
21,69,Wholesale,Til,24,Nayagarh,2013-14,4157,4157,ok
21,69,Wholesale,Til,24,Nayagarh,2014-15,4875,4875,ok
21,69,Wholesale,Til,24,Nayagarh,2015-16,5160,5160,ok
21,69,Wholesale,Til,24,Nayagarh,2016-17,5233,5233,ok
21,69,Wholesale,Til,24,Nayagarh,2017-18,5322,5322,ok
21,69,Wholesale,Til,24,Nayagarh,2018-19,8800,8800,ok
21,69,Wholesale,Til,25,Nuapara,2013-14,4500,4500,ok
21,69,Wholesale,Til,25,Nuapara,2014-15,5000,5000,ok
21,69,Wholesale,Til,25,Nuapara,2015-16,5483,5483,ok
21,69,Wholesale,Til,25,Nuapara,2016-17,5500,5500,ok
21,69,Wholesale,Til,25,Nuapara,2017-18,5856,5856,ok
21,69,Wholesale,Til,25,Nuapara,2018-19,8000,8000,ok
21,69,Wholesale,Til,26,Puri,2013-14,4200,4200,ok
21,69,Wholesale,Til,26,Puri,2014-15,4867,4867,ok
21,69,Wholesale,Til,26,Puri,2015-16,5160,5160,ok
21,69,Wholesale,Til,26,Puri,2016-17,5200,5200,ok
21,69,Wholesale,Til,26,Puri,2017-18,5260,5260,ok
21,69,Wholesale,Til,26,Puri,2018-19,8200,8200,ok
21,69,Wholesale,Til,27,Rayagada,2013-14,4220,4220,ok
21,69,Wholesale,Til,27,Rayagada,2014-15,4700,4700,ok
21,69,Wholesale,Til,27,Rayagada,2015-16,5053,5053,ok
21,69,Wholesale,Til,27,Rayagada,2016-17,5156,5156,ok
21,69,Wholesale,Til,27,Rayagada,2017-18,5550,5550,ok
21,69,Wholesale,Til,27,Rayagada,2018-19,8417,8417,ok
21,69,Wholesale,Til,28,Sambalpur,2013-14,4111,4111,ok
21,69,Wholesale,Til,28,Sambalpur,2014-15,4850,4850,ok
21,69,Wholesale,Til,28,Sambalpur,2015-16,5088,5088,ok
21,69,Wholesale,Til,28,Sambalpur,2016-17,5350,5350,ok
21,69,Wholesale,Til,28,Sambalpur,2017-18,5741,5741,ok
21,69,Wholesale,Til,28,Sambalpur,2018-19,7500,7500,ok
21,69,Wholesale,Til,29,Sonepur,2013-14,4600,4600,ok
21,69,Wholesale,Til,29,Sonepur,2014-15,5150,5150,ok
21,69,Wholesale,Til,29,Sonepur,2015-16,5483,5483,ok
21,69,Wholesale,Til,29,Sonepur,2016-17,5550,5550,ok
21,69,Wholesale,Til,29,Sonepur,2017-18,5620,5620,ok
21,69,Wholesale,Til,29,Sonepur,2018-19,6800,6800,ok
21,69,Wholesale,Til,30,Sundargarh,2013-14,3886,3886,ok
21,69,Wholesale,Til,30,Sundargarh,2014-15,4750,4750,ok
21,69,Wholesale,Til,30,Sundargarh,2015-16,5285,5285,ok
21,69,Wholesale,Til,30,Sundargarh,2016-17,5550,5550,ok
21,69,Wholesale,Til,30,Sundargarh,2017-18,5900,5900,ok
21,69,Wholesale,Til,30,Sundargarh,2018-19,7400,7400,ok
22,70,Wholesale,Groundnut,1,Angul,2013-14,3579,3579,ok
22,70,Wholesale,Groundnut,1,Angul,2014-15,3800,3800,ok
22,70,Wholesale,Groundnut,1,Angul,2015-16,4242,4242,ok
22,70,Wholesale,Groundnut,1,Angul,2016-17,4463,4463,ok
22,70,Wholesale,Groundnut,1,Angul,2017-18,4797,4797,ok
22,70,Wholesale,Groundnut,1,Angul,2018-19,4744,4744,ok
22,70,Wholesale,Groundnut,2,Balasore,2013-14,3575,3575,ok
22,70,Wholesale,Groundnut,2,Balasore,2014-15,4086,4086,ok
22,70,Wholesale,Groundnut,2,Balasore,2015-16,4279,4279,ok
22,70,Wholesale,Groundnut,2,Balasore,2016-17,4500,4500,ok
22,70,Wholesale,Groundnut,2,Balasore,2017-18,4271,4271,ok
22,70,Wholesale,Groundnut,2,Balasore,2018-19,4500,4500,ok
22,70,Wholesale,Groundnut,3,Bargarh,2013-14,2845,2845,ok
22,70,Wholesale,Groundnut,3,Bargarh,2014-15,3363,3363,ok
22,70,Wholesale,Groundnut,3,Bargarh,2015-16,3503,3503,ok
22,70,Wholesale,Groundnut,3,Bargarh,2016-17,3875,3875,ok
22,70,Wholesale,Groundnut,3,Bargarh,2017-18,4113,4113,ok
22,70,Wholesale,Groundnut,3,Bargarh,2018-19,4498,4498,ok
22,70,Wholesale,Groundnut,4,Bhadrak,2013-14,3567,3567,ok
22,70,Wholesale,Groundnut,4,Bhadrak,2014-15,4100,4100,ok
22,70,Wholesale,Groundnut,4,Bhadrak,2015-16,4319,4319,ok
22,70,Wholesale,Groundnut,4,Bhadrak,2016-17,4500,4500,ok
22,70,Wholesale,Groundnut,4,Bhadrak,2017-18,4650,4650,ok
22,70,Wholesale,Groundnut,4,Bhadrak,2018-19,4500,4500,ok
22,70,Wholesale,Groundnut,5,Bolangir,2013-14,2716,2716,ok
22,70,Wholesale,Groundnut,5,Bolangir,2014-15,3200,3200,ok
22,70,Wholesale,Groundnut,5,Bolangir,2015-16,3371,3371,ok
22,70,Wholesale,Groundnut,5,Bolangir,2016-17,3350,3350,ok
22,70,Wholesale,Groundnut,5,Bolangir,2017-18,3023,3023,ok
22,70,Wholesale,Groundnut,5,Bolangir,2018-19,4200,4200,ok
22,70,Wholesale,Groundnut,6,Boudh,2013-14,3940,3940,ok
22,70,Wholesale,Groundnut,6,Boudh,2014-15,4000,4000,ok
22,70,Wholesale,Groundnut,6,Boudh,2015-16,4214,4214,ok
22,70,Wholesale,Groundnut,6,Boudh,2016-17,4280,4280,ok
22,70,Wholesale,Groundnut,6,Boudh,2017-18,4375,4375,ok
22,70,Wholesale,Groundnut,6,Boudh,2018-19,4306,4306,ok
22,70,Wholesale,Groundnut,7,Cuttack,2013-14,3956,3956,ok
22,70,Wholesale,Groundnut,7,Cuttack,2014-15,4075,4075,ok
22,70,Wholesale,Groundnut,7,Cuttack,2015-16,4108,4108,ok
22,70,Wholesale,Groundnut,7,Cuttack,2016-17,4250,4250,ok
22,70,Wholesale,Groundnut,7,Cuttack,2017-18,4550,4550,ok
22,70,Wholesale,Groundnut,7,Cuttack,2018-19,4456,4456,ok
22,70,Wholesale,Groundnut,8,Deogarh,2013-14,-,,dash
22,70,Wholesale,Groundnut,8,Deogarh,2014-15,-,,dash
22,70,Wholesale,Groundnut,8,Deogarh,2015-16,-,,dash
22,70,Wholesale,Groundnut,8,Deogarh,2016-17,-,,dash
22,70,Wholesale,Groundnut,8,Deogarh,2017-18,-,,dash
22,70,Wholesale,Groundnut,8,Deogarh,2018-19,-,,dash
22,70,Wholesale,Groundnut,9,Dhenkanal,2013-14,3799,3799,ok
22,70,Wholesale,Groundnut,9,Dhenkanal,2014-15,4000,4000,ok
22,70,Wholesale,Groundnut,9,Dhenkanal,2015-16,4233,4233,ok
22,70,Wholesale,Groundnut,9,Dhenkanal,2016-17,4100,4100,ok
22,70,Wholesale,Groundnut,9,Dhenkanal,2017-18,3712,3712,ok
22,70,Wholesale,Groundnut,9,Dhenkanal,2018-19,3844,3844,ok
22,70,Wholesale,Groundnut,10,Gajpati,2013-14,3000,3000,ok
22,70,Wholesale,Groundnut,10,Gajpati,2014-15,3700,3700,ok
22,70,Wholesale,Groundnut,10,Gajpati,2015-16,3582,3582,ok
22,70,Wholesale,Groundnut,10,Gajpati,2016-17,3800,3800,ok
22,70,Wholesale,Groundnut,10,Gajpati,2017-18,4025,4025,ok
22,70,Wholesale,Groundnut,10,Gajpati,2018-19,4133,4133,ok
22,70,Wholesale,Groundnut,11,Ganjam,2013-14,3062,3062,ok
22,70,Wholesale,Groundnut,11,Ganjam,2014-15,3650,3650,ok
22,70,Wholesale,Groundnut,11,Ganjam,2015-16,3476,3476,ok
22,70,Wholesale,Groundnut,11,Ganjam,2016-17,3700,3700,ok
22,70,Wholesale,Groundnut,11,Ganjam,2017-18,3818,3818,ok
22,70,Wholesale,Groundnut,11,Ganjam,2018-19,4092,4092,ok
22,70,Wholesale,Groundnut,12,Jagatsinghpur,2013-14,3800,3800,ok
22,70,Wholesale,Groundnut,12,Jagatsinghpur,2014-15,4000,4000,ok
22,70,Wholesale,Groundnut,12,Jagatsinghpur,2015-16,3898,3898,ok
22,70,Wholesale,Groundnut,12,Jagatsinghpur,2016-17,4300,4300,ok
22,70,Wholesale,Groundnut,12,Jagatsinghpur,2017-18,4462,4462,ok
22,70,Wholesale,Groundnut,12,Jagatsinghpur,2018-19,5529,5529,ok
22,70,Wholesale,Groundnut,13,Jajpur,2013-14,3700,3700,ok
22,70,Wholesale,Groundnut,13,Jajpur,2014-15,4075,4075,ok
22,70,Wholesale,Groundnut,13,Jajpur,2015-16,3792,3792,ok
22,70,Wholesale,Groundnut,13,Jajpur,2016-17,4083,4083,ok
22,70,Wholesale,Groundnut,13,Jajpur,2017-18,3739,3739,ok
22,70,Wholesale,Groundnut,13,Jajpur,2018-19,3925,3925,ok
22,70,Wholesale,Groundnut,14,Jharsuguda,2013-14,3500,3500,ok
22,70,Wholesale,Groundnut,14,Jharsuguda,2014-15,3950,3950,ok
22,70,Wholesale,Groundnut,14,Jharsuguda,2015-16,3687,3687,ok
22,70,Wholesale,Groundnut,14,Jharsuguda,2016-17,4000,4000,ok
22,70,Wholesale,Groundnut,14,Jharsuguda,2017-18,4150,4150,ok
22,70,Wholesale,Groundnut,14,Jharsuguda,2018-19,4350,4350,ok
22,70,Wholesale,Groundnut,15,Kalahandi,2013-14,3311,3311,ok
22,70,Wholesale,Groundnut,15,Kalahandi,2014-15,3754,3754,ok
22,70,Wholesale,Groundnut,15,Kalahandi,2015-16,3792,3792,ok
22,70,Wholesale,Groundnut,15,Kalahandi,2016-17,4300,4300,ok
22,70,Wholesale,Groundnut,15,Kalahandi,2017-18,4662,4662,ok
22,70,Wholesale,Groundnut,15,Kalahandi,2018-19,3982,3982,ok
22,70,Wholesale,Groundnut,16,Kandhamal,2013-14,3830,3830,ok
22,70,Wholesale,Groundnut,16,Kandhamal,2014-15,4000,4000,ok
22,70,Wholesale,Groundnut,16,Kandhamal,2015-16,4214,4214,ok
22,70,Wholesale,Groundnut,16,Kandhamal,2016-17,4500,4500,ok
22,70,Wholesale,Groundnut,16,Kandhamal,2017-18,4724,4724,ok
22,70,Wholesale,Groundnut,16,Kandhamal,2018-19,4724,4724,ok
22,70,Wholesale,Groundnut,17,Kendrapara,2013-14,3622,3622,ok
22,70,Wholesale,Groundnut,17,Kendrapara,2014-15,4050,4050,ok
22,70,Wholesale,Groundnut,17,Kendrapara,2015-16,4056,4056,ok
22,70,Wholesale,Groundnut,17,Kendrapara,2016-17,4133,4133,ok
22,70,Wholesale,Groundnut,17,Kendrapara,2017-18,4000,4000,ok
22,70,Wholesale,Groundnut,17,Kendrapara,2018-19,4587,4587,ok
22,70,Wholesale,Groundnut,18,Keonjhar,2013-14,-,,dash
22,70,Wholesale,Groundnut,18,Keonjhar,2014-15,-,,dash
22,70,Wholesale,Groundnut,18,Keonjhar,2015-16,-,,dash
22,70,Wholesale,Groundnut,18,Keonjhar,2016-17,-,,dash
22,70,Wholesale,Groundnut,18,Keonjhar,2017-18,-,,dash
22,70,Wholesale,Groundnut,18,Keonjhar,2018-19,-,,dash
22,70,Wholesale,Groundnut,19,Khurda,2013-14,3800,3800,ok
22,70,Wholesale,Groundnut,19,Khurda,2014-15,4250,4250,ok
22,70,Wholesale,Groundnut,19,Khurda,2015-16,3977,3977,ok
22,70,Wholesale,Groundnut,19,Khurda,2016-17,4300,4300,ok
22,70,Wholesale,Groundnut,19,Khurda,2017-18,4702,4702,ok
22,70,Wholesale,Groundnut,19,Khurda,2018-19,4800,4800,ok
22,70,Wholesale,Groundnut,20,Koraput,2013-14,3475,3475,ok
22,70,Wholesale,Groundnut,20,Koraput,2014-15,4015,4015,ok
22,70,Wholesale,Groundnut,20,Koraput,2015-16,3792,3792,ok
22,70,Wholesale,Groundnut,20,Koraput,2016-17,3867,3867,ok
22,70,Wholesale,Groundnut,20,Koraput,2017-18,3839,3839,ok
22,70,Wholesale,Groundnut,20,Koraput,2018-19,4400,4400,ok
22,70,Wholesale,Groundnut,21,Malkangiri,2013-14,3500,3500,ok
22,70,Wholesale,Groundnut,21,Malkangiri,2014-15,4055,4055,ok
22,70,Wholesale,Groundnut,21,Malkangiri,2015-16,4214,4214,ok
22,70,Wholesale,Groundnut,21,Malkangiri,2016-17,4217,4217,ok
22,70,Wholesale,Groundnut,21,Malkangiri,2017-18,4433,4433,ok
22,70,Wholesale,Groundnut,21,Malkangiri,2018-19,4300,4300,ok
22,70,Wholesale,Groundnut,22,Mayurbhanj,2013-14,3789,3789,ok
22,70,Wholesale,Groundnut,22,Mayurbhanj,2014-15,4238,4238,ok
22,70,Wholesale,Groundnut,22,Mayurbhanj,2015-16,3928,3928,ok
22,70,Wholesale,Groundnut,22,Mayurbhanj,2016-17,4283,4283,ok
22,70,Wholesale,Groundnut,22,Mayurbhanj,2017-18,4654,4654,ok
22,70,Wholesale,Groundnut,22,Mayurbhanj,2018-19,4482,4482,ok
22,70,Wholesale,Groundnut,23,Nabarangapur,2013-14,3800,3800,ok
22,70,Wholesale,Groundnut,23,Nabarangapur,2014-15,4000,4000,ok
22,70,Wholesale,Groundnut,23,Nabarangapur,2015-16,4214,4214,ok
22,70,Wholesale,Groundnut,23,Nabarangapur,2016-17,4200,4200,ok
22,70,Wholesale,Groundnut,23,Nabarangapur,2017-18,4111,4111,ok
22,70,Wholesale,Groundnut,23,Nabarangapur,2018-19,4422,4422,ok
22,70,Wholesale,Groundnut,24,Nayagarh,2013-14,3739,3739,ok
22,70,Wholesale,Groundnut,24,Nayagarh,2014-15,4239,4239,ok
22,70,Wholesale,Groundnut,24,Nayagarh,2015-16,4069,4069,ok
22,70,Wholesale,Groundnut,24,Nayagarh,2016-17,4333,4333,ok
22,70,Wholesale,Groundnut,24,Nayagarh,2017-18,4589,4589,ok
22,70,Wholesale,Groundnut,24,Nayagarh,2018-19,4900,4900,ok
22,70,Wholesale,Groundnut,25,Nuapara,2013-14,3819,3819,ok
22,70,Wholesale,Groundnut,25,Nuapara,2014-15,4000,4000,ok
22,70,Wholesale,Groundnut,25,Nuapara,2015-16,4266,4266,ok
22,70,Wholesale,Groundnut,25,Nuapara,2016-17,4350,4350,ok
22,70,Wholesale,Groundnut,25,Nuapara,2017-18,4467,4467,ok
22,70,Wholesale,Groundnut,25,Nuapara,2018-19,5267,5267,ok
22,70,Wholesale,Groundnut,26,Puri,2013-14,3850,3850,ok
22,70,Wholesale,Groundnut,26,Puri,2014-15,4000,4000,ok
22,70,Wholesale,Groundnut,26,Puri,2015-16,4003,4003,ok
22,70,Wholesale,Groundnut,26,Puri,2016-17,4200,4200,ok
22,70,Wholesale,Groundnut,26,Puri,2017-18,4350,4350,ok
22,70,Wholesale,Groundnut,26,Puri,2018-19,4400,4400,ok
22,70,Wholesale,Groundnut,27,Rayagada,2013-14,3712,3712,ok
22,70,Wholesale,Groundnut,27,Rayagada,2014-15,4000,4000,ok
22,70,Wholesale,Groundnut,27,Rayagada,2015-16,4448,4448,ok
22,70,Wholesale,Groundnut,27,Rayagada,2016-17,4471,4471,ok
22,70,Wholesale,Groundnut,27,Rayagada,2017-18,4876,4876,ok
22,70,Wholesale,Groundnut,27,Rayagada,2018-19,5061,5061,ok
22,70,Wholesale,Groundnut,28,Sambalpur,2013-14,3400,3400,ok
22,70,Wholesale,Groundnut,28,Sambalpur,2014-15,4000,4000,ok
22,70,Wholesale,Groundnut,28,Sambalpur,2015-16,4424,4424,ok
22,70,Wholesale,Groundnut,28,Sambalpur,2016-17,4383,4383,ok
22,70,Wholesale,Groundnut,28,Sambalpur,2017-18,3931,3931,ok
22,70,Wholesale,Groundnut,28,Sambalpur,2018-19,4034,4034,ok
22,70,Wholesale,Groundnut,29,Sonepur,2013-14,3633,3633,ok
22,70,Wholesale,Groundnut,29,Sonepur,2014-15,4206,4206,ok
22,70,Wholesale,Groundnut,29,Sonepur,2015-16,4398,4398,ok
22,70,Wholesale,Groundnut,29,Sonepur,2016-17,4500,4500,ok
22,70,Wholesale,Groundnut,29,Sonepur,2017-18,4773,4773,ok
22,70,Wholesale,Groundnut,29,Sonepur,2018-19,4383,4383,ok
22,70,Wholesale,Groundnut,30,Sundargarh,2013-14,3675,3675,ok
22,70,Wholesale,Groundnut,30,Sundargarh,2014-15,4067,4067,ok
22,70,Wholesale,Groundnut,30,Sundargarh,2015-16,4424,4424,ok
22,70,Wholesale,Groundnut,30,Sundargarh,2016-17,4500,4500,ok
22,70,Wholesale,Groundnut,30,Sundargarh,2017-18,4588,4588,ok
22,70,Wholesale,Groundnut,30,Sundargarh,2018-19,5000,5000,ok
23,71,Wholesale,Mustard,1,Angul,2013-14,3945,3945,ok
23,71,Wholesale,Mustard,1,Angul,2014-15,4156,4156,ok
23,71,Wholesale,Mustard,1,Angul,2015-16,4444,4444,ok
23,71,Wholesale,Mustard,1,Angul,2016-17,4550,4550,ok
23,71,Wholesale,Mustard,1,Angul,2017-18,4922,4922,ok
23,71,Wholesale,Mustard,1,Angul,2018-19,5601,5601,ok
23,71,Wholesale,Mustard,2,Balasore,2013-14,3750,3750,ok
23,71,Wholesale,Mustard,2,Balasore,2014-15,3829,3829,ok
23,71,Wholesale,Mustard,2,Balasore,2015-16,4314,4314,ok
23,71,Wholesale,Mustard,2,Balasore,2016-17,4567,4567,ok
23,71,Wholesale,Mustard,2,Balasore,2017-18,4660,4660,ok
23,71,Wholesale,Mustard,2,Balasore,2018-19,5258,5258,ok
23,71,Wholesale,Mustard,3,Bargarh,2013-14,3975,3975,ok
23,71,Wholesale,Mustard,3,Bargarh,2014-15,4013,4013,ok
23,71,Wholesale,Mustard,3,Bargarh,2015-16,4419,4419,ok
23,71,Wholesale,Mustard,3,Bargarh,2016-17,4500,4500,ok
23,71,Wholesale,Mustard,3,Bargarh,2017-18,4863,4863,ok
23,71,Wholesale,Mustard,3,Bargarh,2018-19,4818,4818,ok
23,71,Wholesale,Mustard,4,Bhadrak,2013-14,3800,3800,ok
23,71,Wholesale,Mustard,4,Bhadrak,2014-15,3875,3875,ok
23,71,Wholesale,Mustard,4,Bhadrak,2015-16,4352,4352,ok
23,71,Wholesale,Mustard,4,Bhadrak,2016-17,4550,4550,ok
23,71,Wholesale,Mustard,4,Bhadrak,2017-18,4200,4200,ok
23,71,Wholesale,Mustard,4,Bhadrak,2018-19,5073,5073,ok
23,71,Wholesale,Mustard,5,Bolangir,2013-14,4450,4450,ok
23,71,Wholesale,Mustard,5,Bolangir,2014-15,4450,4450,ok
23,71,Wholesale,Mustard,5,Bolangir,2015-16,4385,4385,ok
23,71,Wholesale,Mustard,5,Bolangir,2016-17,4430,4430,ok
23,71,Wholesale,Mustard,5,Bolangir,2017-18,4872,4872,ok
23,71,Wholesale,Mustard,5,Bolangir,2018-19,4872,4872,ok
23,71,Wholesale,Mustard,6,Boudh,2013-14,4086,4086,ok
23,71,Wholesale,Mustard,6,Boudh,2014-15,4267,4267,ok
23,71,Wholesale,Mustard,6,Boudh,2015-16,4352,4352,ok
23,71,Wholesale,Mustard,6,Boudh,2016-17,4550,4550,ok
23,71,Wholesale,Mustard,6,Boudh,2017-18,4778,4778,ok
23,71,Wholesale,Mustard,6,Boudh,2018-19,6134,6134,ok
23,71,Wholesale,Mustard,7,Cuttack,2013-14,4569,4569,ok
23,71,Wholesale,Mustard,7,Cuttack,2014-15,4600,4600,ok
23,71,Wholesale,Mustard,7,Cuttack,2015-16,4428,4428,ok
23,71,Wholesale,Mustard,7,Cuttack,2016-17,4475,4475,ok
23,71,Wholesale,Mustard,7,Cuttack,2017-18,4650,4650,ok
23,71,Wholesale,Mustard,7,Cuttack,2018-19,5683,5683,ok
23,71,Wholesale,Mustard,8,Deogarh,2013-14,4450,4450,ok
23,71,Wholesale,Mustard,8,Deogarh,2014-15,4500,4500,ok
23,71,Wholesale,Mustard,8,Deogarh,2015-16,4352,4352,ok
23,71,Wholesale,Mustard,8,Deogarh,2016-17,4400,4400,ok
23,71,Wholesale,Mustard,8,Deogarh,2017-18,4833,4833,ok
23,71,Wholesale,Mustard,8,Deogarh,2018-19,4888,4888,ok
23,71,Wholesale,Mustard,9,Dhenkanal,2013-14,4250,4250,ok
23,71,Wholesale,Mustard,9,Dhenkanal,2014-15,4300,4300,ok
23,71,Wholesale,Mustard,9,Dhenkanal,2015-16,4250,4250,ok
23,71,Wholesale,Mustard,9,Dhenkanal,2016-17,4500,4500,ok
23,71,Wholesale,Mustard,9,Dhenkanal,2017-18,4774,4774,ok
23,71,Wholesale,Mustard,9,Dhenkanal,2018-19,6325,6325,ok
23,71,Wholesale,Mustard,10,Gajpati,2013-14,4600,4600,ok
23,71,Wholesale,Mustard,10,Gajpati,2014-15,4600,4600,ok
23,71,Wholesale,Mustard,10,Gajpati,2015-16,4419,4419,ok
23,71,Wholesale,Mustard,10,Gajpati,2016-17,4500,4500,ok
23,71,Wholesale,Mustard,10,Gajpati,2017-18,4894,4894,ok
23,71,Wholesale,Mustard,10,Gajpati,2018-19,4657,4657,ok
23,71,Wholesale,Mustard,11,Ganjam,2013-14,-,,dash
23,71,Wholesale,Mustard,11,Ganjam,2014-15,-,,dash
23,71,Wholesale,Mustard,11,Ganjam,2015-16,-,,dash
23,71,Wholesale,Mustard,11,Ganjam,2016-17,-,,dash
23,71,Wholesale,Mustard,11,Ganjam,2017-18,6253,6253,ok
23,71,Wholesale,Mustard,11,Ganjam,2018-19,5767,5767,ok
23,71,Wholesale,Mustard,12,Jagatsinghpur,2013-14,-,,dash
23,71,Wholesale,Mustard,12,Jagatsinghpur,2014-15,-,,dash
23,71,Wholesale,Mustard,12,Jagatsinghpur,2015-16,-,,dash
23,71,Wholesale,Mustard,12,Jagatsinghpur,2016-17,4550,4550,ok
23,71,Wholesale,Mustard,12,Jagatsinghpur,2017-18,-,,dash
23,71,Wholesale,Mustard,12,Jagatsinghpur,2018-19,5500,5500,ok
23,71,Wholesale,Mustard,13,Jajpur,2013-14,-,,dash
23,71,Wholesale,Mustard,13,Jajpur,2014-15,-,,dash
23,71,Wholesale,Mustard,13,Jajpur,2015-16,-,,dash
23,71,Wholesale,Mustard,13,Jajpur,2016-17,4550,4550,ok
23,71,Wholesale,Mustard,13,Jajpur,2017-18,4883,4883,ok
23,71,Wholesale,Mustard,13,Jajpur,2018-19,4507,4507,ok
23,71,Wholesale,Mustard,14,Jharsuguda,2013-14,-,,dash
23,71,Wholesale,Mustard,14,Jharsuguda,2014-15,4100,4100,ok
23,71,Wholesale,Mustard,14,Jharsuguda,2015-16,4402,4402,ok
23,71,Wholesale,Mustard,14,Jharsuguda,2016-17,4450,4450,ok
23,71,Wholesale,Mustard,14,Jharsuguda,2017-18,4617,4617,ok
23,71,Wholesale,Mustard,14,Jharsuguda,2018-19,6321,6321,ok
23,71,Wholesale,Mustard,15,Kalahandi,2013-14,4433,4433,ok
23,71,Wholesale,Mustard,15,Kalahandi,2014-15,4563,4563,ok
23,71,Wholesale,Mustard,15,Kalahandi,2015-16,4352,4352,ok
23,71,Wholesale,Mustard,15,Kalahandi,2016-17,4133,4133,ok
23,71,Wholesale,Mustard,15,Kalahandi,2017-18,4200,4200,ok
23,71,Wholesale,Mustard,15,Kalahandi,2018-19,-,,dash
23,71,Wholesale,Mustard,16,Kandhamal,2013-14,4015,4015,ok
23,71,Wholesale,Mustard,16,Kandhamal,2014-15,4075,4075,ok
23,71,Wholesale,Mustard,16,Kandhamal,2015-16,4347,4347,ok
23,71,Wholesale,Mustard,16,Kandhamal,2016-17,4400,4400,ok
23,71,Wholesale,Mustard,16,Kandhamal,2017-18,4725,4725,ok
23,71,Wholesale,Mustard,16,Kandhamal,2018-19,4725,4725,ok
23,71,Wholesale,Mustard,17,Kendrapara,2013-14,4312,4312,ok
23,71,Wholesale,Mustard,17,Kendrapara,2014-15,4400,4400,ok
23,71,Wholesale,Mustard,17,Kendrapara,2015-16,4428,4428,ok
23,71,Wholesale,Mustard,17,Kendrapara,2016-17,4550,4550,ok
23,71,Wholesale,Mustard,17,Kendrapara,2017-18,4400,4400,ok
23,71,Wholesale,Mustard,17,Kendrapara,2018-19,4889,4889,ok
23,71,Wholesale,Mustard,18,Keonjhar,2013-14,-,,dash
23,71,Wholesale,Mustard,18,Keonjhar,2014-15,3900,3900,ok
23,71,Wholesale,Mustard,18,Keonjhar,2015-16,4284,4284,ok
23,71,Wholesale,Mustard,18,Keonjhar,2016-17,4450,4450,ok
23,71,Wholesale,Mustard,18,Keonjhar,2017-18,4695,4695,ok
23,71,Wholesale,Mustard,18,Keonjhar,2018-19,5619,5619,ok
23,71,Wholesale,Mustard,19,Khurda,2013-14,4000,4000,ok
23,71,Wholesale,Mustard,19,Khurda,2014-15,4100,4100,ok
23,71,Wholesale,Mustard,19,Khurda,2015-16,4352,4352,ok
23,71,Wholesale,Mustard,19,Khurda,2016-17,4550,4550,ok
23,71,Wholesale,Mustard,19,Khurda,2017-18,4875,4875,ok
23,71,Wholesale,Mustard,19,Khurda,2018-19,,,blank
23,71,Wholesale,Mustard,20,Koraput,2013-14,4800,4800,ok
23,71,Wholesale,Mustard,20,Koraput,2014-15,4667,4667,ok
23,71,Wholesale,Mustard,20,Koraput,2015-16,4352,4352,ok
23,71,Wholesale,Mustard,20,Koraput,2016-17,4417,4417,ok
23,71,Wholesale,Mustard,20,Koraput,2017-18,4750,4750,ok
23,71,Wholesale,Mustard,20,Koraput,2018-19,5000,5000,ok
23,71,Wholesale,Mustard,21,Malkangiri,2013-14,4800,4800,ok
23,71,Wholesale,Mustard,21,Malkangiri,2014-15,-,,dash
23,71,Wholesale,Mustard,21,Malkangiri,2015-16,-,,dash
23,71,Wholesale,Mustard,21,Malkangiri,2016-17,-,,dash
23,71,Wholesale,Mustard,21,Malkangiri,2017-18,7333,7333,ok
23,71,Wholesale,Mustard,21,Malkangiri,2018-19,-,,dash
23,71,Wholesale,Mustard,22,Mayurbhanj,2013-14,4052,4052,ok
23,71,Wholesale,Mustard,22,Mayurbhanj,2014-15,4245,4245,ok
23,71,Wholesale,Mustard,22,Mayurbhanj,2015-16,4288,4288,ok
23,71,Wholesale,Mustard,22,Mayurbhanj,2016-17,4462,4462,ok
23,71,Wholesale,Mustard,22,Mayurbhanj,2017-18,4493,4493,ok
23,71,Wholesale,Mustard,22,Mayurbhanj,2018-19,4298,4298,ok
23,71,Wholesale,Mustard,23,Nabarangapur,2013-14,4000,4000,ok
23,71,Wholesale,Mustard,23,Nabarangapur,2014-15,-,,dash
23,71,Wholesale,Mustard,23,Nabarangapur,2015-16,4048,4048,ok
23,71,Wholesale,Mustard,23,Nabarangapur,2016-17,4520,4520,ok
23,71,Wholesale,Mustard,23,Nabarangapur,2017-18,4644,4644,ok
23,71,Wholesale,Mustard,23,Nabarangapur,2018-19,-,,dash
23,71,Wholesale,Mustard,24,Nayagarh,2013-14,3992,3992,ok
23,71,Wholesale,Mustard,24,Nayagarh,2014-15,4144,4144,ok
23,71,Wholesale,Mustard,24,Nayagarh,2015-16,4390,4390,ok
23,71,Wholesale,Mustard,24,Nayagarh,2016-17,4542,4542,ok
23,71,Wholesale,Mustard,24,Nayagarh,2017-18,4595,4595,ok
23,71,Wholesale,Mustard,24,Nayagarh,2018-19,5783,5783,ok
23,71,Wholesale,Mustard,25,Nuapara,2013-14,4050,4050,ok
23,71,Wholesale,Mustard,25,Nuapara,2014-15,-,,dash
23,71,Wholesale,Mustard,25,Nuapara,2015-16,-,,dash
23,71,Wholesale,Mustard,25,Nuapara,2016-17,4300,4300,ok
23,71,Wholesale,Mustard,25,Nuapara,2017-18,4367,4367,ok
23,71,Wholesale,Mustard,25,Nuapara,2018-19,5779,5779,ok
23,71,Wholesale,Mustard,26,Puri,2013-14,-,,dash
23,71,Wholesale,Mustard,26,Puri,2014-15,-,,dash
23,71,Wholesale,Mustard,26,Puri,2015-16,-,,dash
23,71,Wholesale,Mustard,26,Puri,2016-17,4550,4550,ok
23,71,Wholesale,Mustard,26,Puri,2017-18,-,,dash
23,71,Wholesale,Mustard,26,Puri,2018-19,5400,5400,ok
23,71,Wholesale,Mustard,27,Rayagada,2013-14,3933,3933,ok
23,71,Wholesale,Mustard,27,Rayagada,2014-15,4000,4000,ok
23,71,Wholesale,Mustard,27,Rayagada,2015-16,4453,4453,ok
23,71,Wholesale,Mustard,27,Rayagada,2016-17,4531,4531,ok
23,71,Wholesale,Mustard,27,Rayagada,2017-18,4763,4763,ok
23,71,Wholesale,Mustard,27,Rayagada,2018-19,5083,5083,ok
23,71,Wholesale,Mustard,28,Sambalpur,2013-14,4400,4400,ok
23,71,Wholesale,Mustard,28,Sambalpur,2014-15,4467,4467,ok
23,71,Wholesale,Mustard,28,Sambalpur,2015-16,4385,4385,ok
23,71,Wholesale,Mustard,28,Sambalpur,2016-17,4400,4400,ok
23,71,Wholesale,Mustard,28,Sambalpur,2017-18,4497,4497,ok
23,71,Wholesale,Mustard,28,Sambalpur,2018-19,5080,5080,ok
23,71,Wholesale,Mustard,29,Sonepur,2013-14,4083,4083,ok
23,71,Wholesale,Mustard,29,Sonepur,2014-15,4300,4300,ok
23,71,Wholesale,Mustard,29,Sonepur,2015-16,4480,4480,ok
23,71,Wholesale,Mustard,29,Sonepur,2016-17,4550,4550,ok
23,71,Wholesale,Mustard,29,Sonepur,2017-18,4592,4592,ok
23,71,Wholesale,Mustard,29,Sonepur,2018-19,5200,5200,ok
23,71,Wholesale,Mustard,30,Sundargarh,2013-14,4100,4100,ok
23,71,Wholesale,Mustard,30,Sundargarh,2014-15,4300,4300,ok
23,71,Wholesale,Mustard,30,Sundargarh,2015-16,4453,4453,ok
23,71,Wholesale,Mustard,30,Sundargarh,2016-17,4500,4500,ok
23,71,Wholesale,Mustard,30,Sundargarh,2017-18,4513,4513,ok
23,71,Wholesale,Mustard,30,Sundargarh,2018-19,6231,6231,ok
24,72,Wholesale,Jute,1,Angul,2013-14,-,,dash
24,72,Wholesale,Jute,1,Angul,2014-15,-,,dash
24,72,Wholesale,Jute,1,Angul,2015-16,-,,dash
24,72,Wholesale,Jute,1,Angul,2016-17,-,,dash
24,72,Wholesale,Jute,1,Angul,2017-18,-,,dash
24,72,Wholesale,Jute,1,Angul,2018-19,-,,dash
24,72,Wholesale,Jute,2,Balasore,2013-14,2900,2900,ok
24,72,Wholesale,Jute,2,Balasore,2014-15,2950,2950,ok
24,72,Wholesale,Jute,2,Balasore,2015-16,3068,3068,ok
24,72,Wholesale,Jute,2,Balasore,2016-17,3350,3350,ok
24,72,Wholesale,Jute,2,Balasore,2017-18,3460,3460,ok
24,72,Wholesale,Jute,2,Balasore,2018-19,4238,4238,ok
24,72,Wholesale,Jute,3,Bargarh,2013-14,-,,dash
24,72,Wholesale,Jute,3,Bargarh,2014-15,-,,dash
24,72,Wholesale,Jute,3,Bargarh,2015-16,-,,dash
24,72,Wholesale,Jute,3,Bargarh,2016-17,-,,dash
24,72,Wholesale,Jute,3,Bargarh,2017-18,-,,dash
24,72,Wholesale,Jute,3,Bargarh,2018-19,-,,dash
24,72,Wholesale,Jute,4,Bhadrak,2013-14,2952,2952,ok
24,72,Wholesale,Jute,4,Bhadrak,2014-15,3075,3075,ok
24,72,Wholesale,Jute,4,Bhadrak,2015-16,3139,3139,ok
24,72,Wholesale,Jute,4,Bhadrak,2016-17,3400,3400,ok
24,72,Wholesale,Jute,4,Bhadrak,2017-18,3470,3470,ok
24,72,Wholesale,Jute,4,Bhadrak,2018-19,4267,4267,ok
24,72,Wholesale,Jute,5,Bolangir,2013-14,-,,dash
24,72,Wholesale,Jute,5,Bolangir,2014-15,-,,dash
24,72,Wholesale,Jute,5,Bolangir,2015-16,-,,dash
24,72,Wholesale,Jute,5,Bolangir,2016-17,-,,dash
24,72,Wholesale,Jute,5,Bolangir,2017-18,-,,dash
24,72,Wholesale,Jute,5,Bolangir,2018-19,-,,dash
24,72,Wholesale,Jute,6,Boudh,2013-14,-,,dash
24,72,Wholesale,Jute,6,Boudh,2014-15,-,,dash
24,72,Wholesale,Jute,6,Boudh,2015-16,-,,dash
24,72,Wholesale,Jute,6,Boudh,2016-17,-,,dash
24,72,Wholesale,Jute,6,Boudh,2017-18,-,,dash
24,72,Wholesale,Jute,6,Boudh,2018-19,-,,dash
24,72,Wholesale,Jute,7,Cuttack,2013-14,2900,2900,ok
24,72,Wholesale,Jute,7,Cuttack,2014-15,3067,3067,ok
24,72,Wholesale,Jute,7,Cuttack,2015-16,3158,3158,ok
24,72,Wholesale,Jute,7,Cuttack,2016-17,3567,3567,ok
24,72,Wholesale,Jute,7,Cuttack,2017-18,3800,3800,ok
24,72,Wholesale,Jute,7,Cuttack,2018-19,4400,4400,ok
24,72,Wholesale,Jute,8,Deogarh,2013-14,-,,dash
24,72,Wholesale,Jute,8,Deogarh,2014-15,-,,dash
24,72,Wholesale,Jute,8,Deogarh,2015-16,-,,dash
24,72,Wholesale,Jute,8,Deogarh,2016-17,-,,dash
24,72,Wholesale,Jute,8,Deogarh,2017-18,-,,dash
24,72,Wholesale,Jute,8,Deogarh,2018-19,-,,dash
24,72,Wholesale,Jute,9,Dhenkanal,2013-14,2968,2968,ok
24,72,Wholesale,Jute,9,Dhenkanal,2014-15,-,,dash
24,72,Wholesale,Jute,9,Dhenkanal,2015-16,-,,dash
24,72,Wholesale,Jute,9,Dhenkanal,2016-17,-,,dash
24,72,Wholesale,Jute,9,Dhenkanal,2017-18,-,,dash
24,72,Wholesale,Jute,9,Dhenkanal,2018-19,-,,dash
24,72,Wholesale,Jute,10,Gajpati,2013-14,-,,dash
24,72,Wholesale,Jute,10,Gajpati,2014-15,-,,dash
24,72,Wholesale,Jute,10,Gajpati,2015-16,-,,dash
24,72,Wholesale,Jute,10,Gajpati,2016-17,-,,dash
24,72,Wholesale,Jute,10,Gajpati,2017-18,-,,dash
24,72,Wholesale,Jute,10,Gajpati,2018-19,-,,dash
24,72,Wholesale,Jute,11,Ganjam,2013-14,-,,dash
24,72,Wholesale,Jute,11,Ganjam,2014-15,-,,dash
24,72,Wholesale,Jute,11,Ganjam,2015-16,-,,dash
24,72,Wholesale,Jute,11,Ganjam,2016-17,-,,dash
24,72,Wholesale,Jute,11,Ganjam,2017-18,-,,dash
24,72,Wholesale,Jute,11,Ganjam,2018-19,-,,dash
24,72,Wholesale,Jute,12,Jagatsinghpur,2013-14,2957,2957,ok
24,72,Wholesale,Jute,12,Jagatsinghpur,2014-15,3100,3100,ok
24,72,Wholesale,Jute,12,Jagatsinghpur,2015-16,3174,3174,ok
24,72,Wholesale,Jute,12,Jagatsinghpur,2016-17,3500,3500,ok
24,72,Wholesale,Jute,12,Jagatsinghpur,2017-18,-,,dash
24,72,Wholesale,Jute,12,Jagatsinghpur,2018-19,-,,dash
24,72,Wholesale,Jute,13,Jajpur,2013-14,2975,2975,ok
24,72,Wholesale,Jute,13,Jajpur,2014-15,3100,3100,ok
24,72,Wholesale,Jute,13,Jajpur,2015-16,3148,3148,ok
24,72,Wholesale,Jute,13,Jajpur,2016-17,3475,3475,ok
24,72,Wholesale,Jute,13,Jajpur,2017-18,3550,3550,ok
24,72,Wholesale,Jute,13,Jajpur,2018-19,3800,3800,ok
24,72,Wholesale,Jute,14,Jharsuguda,2013-14,-,,dash
24,72,Wholesale,Jute,14,Jharsuguda,2014-15,-,,dash
24,72,Wholesale,Jute,14,Jharsuguda,2015-16,-,,dash
24,72,Wholesale,Jute,14,Jharsuguda,2016-17,-,,dash
24,72,Wholesale,Jute,14,Jharsuguda,2017-18,-,,dash
24,72,Wholesale,Jute,14,Jharsuguda,2018-19,-,,dash
24,72,Wholesale,Jute,15,Kalahandi,2013-14,3085,3085,ok
24,72,Wholesale,Jute,15,Kalahandi,2014-15,-,,dash
24,72,Wholesale,Jute,15,Kalahandi,2015-16,-,,dash
24,72,Wholesale,Jute,15,Kalahandi,2016-17,-,,dash
24,72,Wholesale,Jute,15,Kalahandi,2017-18,-,,dash
24,72,Wholesale,Jute,15,Kalahandi,2018-19,-,,dash
24,72,Wholesale,Jute,16,Kandhamal,2013-14,-,,dash
24,72,Wholesale,Jute,16,Kandhamal,2014-15,-,,dash
24,72,Wholesale,Jute,16,Kandhamal,2015-16,-,,dash
24,72,Wholesale,Jute,16,Kandhamal,2016-17,-,,dash
24,72,Wholesale,Jute,16,Kandhamal,2017-18,-,,dash
24,72,Wholesale,Jute,16,Kandhamal,2018-19,-,,dash
24,72,Wholesale,Jute,17,Kendrapara,2013-14,2800,2800,ok
24,72,Wholesale,Jute,17,Kendrapara,2014-15,2900,2900,ok
24,72,Wholesale,Jute,17,Kendrapara,2015-16,2962,2962,ok
24,72,Wholesale,Jute,17,Kendrapara,2016-17,3250,3250,ok
24,72,Wholesale,Jute,17,Kendrapara,2017-18,3465,3465,ok
24,72,Wholesale,Jute,17,Kendrapara,2018-19,4400,4400,ok
24,72,Wholesale,Jute,18,Keonjhar,2013-14,2800,2800,ok
24,72,Wholesale,Jute,18,Keonjhar,2014-15,2967,2967,ok
24,72,Wholesale,Jute,18,Keonjhar,2015-16,3068,3068,ok
24,72,Wholesale,Jute,18,Keonjhar,2016-17,3350,3350,ok
24,72,Wholesale,Jute,18,Keonjhar,2017-18,3611,3611,ok
24,72,Wholesale,Jute,18,Keonjhar,2018-19,4000,4000,ok
24,72,Wholesale,Jute,19,Khurda,2013-14,-,,dash
24,72,Wholesale,Jute,19,Khurda,2014-15,-,,dash
24,72,Wholesale,Jute,19,Khurda,2015-16,-,,dash
24,72,Wholesale,Jute,19,Khurda,2016-17,-,,dash
24,72,Wholesale,Jute,19,Khurda,2017-18,-,,dash
24,72,Wholesale,Jute,19,Khurda,2018-19,-,,dash
24,72,Wholesale,Jute,20,Koraput,2013-14,-,,dash
24,72,Wholesale,Jute,20,Koraput,2014-15,-,,dash
24,72,Wholesale,Jute,20,Koraput,2015-16,-,,dash
24,72,Wholesale,Jute,20,Koraput,2016-17,-,,dash
24,72,Wholesale,Jute,20,Koraput,2017-18,-,,dash
24,72,Wholesale,Jute,20,Koraput,2018-19,-,,dash
24,72,Wholesale,Jute,21,Malkangiri,2013-14,3100,3100,ok
24,72,Wholesale,Jute,21,Malkangiri,2014-15,-,,dash
24,72,Wholesale,Jute,21,Malkangiri,2015-16,-,,dash
24,72,Wholesale,Jute,21,Malkangiri,2016-17,-,,dash
24,72,Wholesale,Jute,21,Malkangiri,2017-18,-,,dash
24,72,Wholesale,Jute,21,Malkangiri,2018-19,-,,dash
24,72,Wholesale,Jute,22,Mayurbhanj,2013-14,-,,dash
24,72,Wholesale,Jute,22,Mayurbhanj,2014-15,-,,dash
24,72,Wholesale,Jute,22,Mayurbhanj,2015-16,-,,dash
24,72,Wholesale,Jute,22,Mayurbhanj,2016-17,4033,4033,ok
24,72,Wholesale,Jute,22,Mayurbhanj,2017-18,-,,dash
24,72,Wholesale,Jute,22,Mayurbhanj,2018-19,-,,dash
24,72,Wholesale,Jute,23,Nabarangapur,2013-14,-,,dash
24,72,Wholesale,Jute,23,Nabarangapur,2014-15,-,,dash
24,72,Wholesale,Jute,23,Nabarangapur,2015-16,-,,dash
24,72,Wholesale,Jute,23,Nabarangapur,2016-17,-,,dash
24,72,Wholesale,Jute,23,Nabarangapur,2017-18,-,,dash
24,72,Wholesale,Jute,23,Nabarangapur,2018-19,-,,dash
24,72,Wholesale,Jute,24,Nayagarh,2013-14,-,,dash
24,72,Wholesale,Jute,24,Nayagarh,2014-15,-,,dash
24,72,Wholesale,Jute,24,Nayagarh,2015-16,-,,dash
24,72,Wholesale,Jute,24,Nayagarh,2016-17,4000,4000,ok
24,72,Wholesale,Jute,24,Nayagarh,2017-18,-,,dash
24,72,Wholesale,Jute,24,Nayagarh,2018-19,-,,dash
24,72,Wholesale,Jute,25,Nuapara,2013-14,-,,dash
24,72,Wholesale,Jute,25,Nuapara,2014-15,-,,dash
24,72,Wholesale,Jute,25,Nuapara,2015-16,-,,dash
24,72,Wholesale,Jute,25,Nuapara,2016-17,-,,dash
24,72,Wholesale,Jute,25,Nuapara,2017-18,-,,dash
24,72,Wholesale,Jute,25,Nuapara,2018-19,-,,dash
24,72,Wholesale,Jute,26,Puri,2013-14,-,,dash
24,72,Wholesale,Jute,26,Puri,2014-15,-,,dash
24,72,Wholesale,Jute,26,Puri,2015-16,-,,dash
24,72,Wholesale,Jute,26,Puri,2016-17,-,,dash
24,72,Wholesale,Jute,26,Puri,2017-18,-,,dash
24,72,Wholesale,Jute,26,Puri,2018-19,-,,dash
24,72,Wholesale,Jute,27,Rayagada,2013-14,-,,dash
24,72,Wholesale,Jute,27,Rayagada,2014-15,-,,dash
24,72,Wholesale,Jute,27,Rayagada,2015-16,-,,dash
24,72,Wholesale,Jute,27,Rayagada,2016-17,-,,dash
24,72,Wholesale,Jute,27,Rayagada,2017-18,-,,dash
24,72,Wholesale,Jute,27,Rayagada,2018-19,-,,dash
24,72,Wholesale,Jute,28,Sambalpur,2013-14,-,,dash
24,72,Wholesale,Jute,28,Sambalpur,2014-15,-,,dash
24,72,Wholesale,Jute,28,Sambalpur,2015-16,-,,dash
24,72,Wholesale,Jute,28,Sambalpur,2016-17,-,,dash
24,72,Wholesale,Jute,28,Sambalpur,2017-18,-,,dash
24,72,Wholesale,Jute,28,Sambalpur,2018-19,-,,dash
24,72,Wholesale,Jute,29,Sonepur,2013-14,-,,dash
24,72,Wholesale,Jute,29,Sonepur,2014-15,-,,dash
24,72,Wholesale,Jute,29,Sonepur,2015-16,-,,dash
24,72,Wholesale,Jute,29,Sonepur,2016-17,-,,dash
24,72,Wholesale,Jute,29,Sonepur,2017-18,-,,dash
24,72,Wholesale,Jute,29,Sonepur,2018-19,-,,dash
24,72,Wholesale,Jute,30,Sundargarh,2013-14,-,,dash
24,72,Wholesale,Jute,30,Sundargarh,2014-15,-,,dash
24,72,Wholesale,Jute,30,Sundargarh,2015-16,-,,dash
24,72,Wholesale,Jute,30,Sundargarh,2016-17,-,,dash
24,72,Wholesale,Jute,30,Sundargarh,2017-18,-,,dash
24,72,Wholesale,Jute,30,Sundargarh,2018-19,-,,dash
25,73,Wholesale,Potato,1,Angul,2013-14,1113,1113,ok
25,73,Wholesale,Potato,1,Angul,2014-15,1015,1015,ok
25,73,Wholesale,Potato,1,Angul,2015-16,1145,1145,ok
25,73,Wholesale,Potato,1,Angul,2016-17,950,950,ok
25,73,Wholesale,Potato,1,Angul,2017-18,1029,1029,ok
25,73,Wholesale,Potato,1,Angul,2018-19,1600,1600,ok
25,73,Wholesale,Potato,2,Balasore,2013-14,1026,1026,ok
25,73,Wholesale,Potato,2,Balasore,2014-15,1033,1033,ok
25,73,Wholesale,Potato,2,Balasore,2015-16,1011,1011,ok
25,73,Wholesale,Potato,2,Balasore,2016-17,930,930,ok
25,73,Wholesale,Potato,2,Balasore,2017-18,863,863,ok
25,73,Wholesale,Potato,2,Balasore,2018-19,1520,1520,ok
25,73,Wholesale,Potato,3,Bargarh,2013-14,1058,1058,ok
25,73,Wholesale,Potato,3,Bargarh,2014-15,1029,1029,ok
25,73,Wholesale,Potato,3,Bargarh,2015-16,1106,1106,ok
25,73,Wholesale,Potato,3,Bargarh,2016-17,933,933,ok
25,73,Wholesale,Potato,3,Bargarh,2017-18,983,983,ok
25,73,Wholesale,Potato,3,Bargarh,2018-19,1436,1436,ok
25,73,Wholesale,Potato,4,Bhadrak,2013-14,1183,1183,ok
25,73,Wholesale,Potato,4,Bhadrak,2014-15,1033,1033,ok
25,73,Wholesale,Potato,4,Bhadrak,2015-16,1096,1096,ok
25,73,Wholesale,Potato,4,Bhadrak,2016-17,900,900,ok
25,73,Wholesale,Potato,4,Bhadrak,2017-18,955,955,ok
25,73,Wholesale,Potato,4,Bhadrak,2018-19,1319,1319,ok
25,73,Wholesale,Potato,5,Bolangir,2013-14,1278,1278,ok
25,73,Wholesale,Potato,5,Bolangir,2014-15,-,,dash
25,73,Wholesale,Potato,5,Bolangir,2015-16,-,,dash
25,73,Wholesale,Potato,5,Bolangir,2016-17,937,937,ok
25,73,Wholesale,Potato,5,Bolangir,2017-18,1016,1016,ok
25,73,Wholesale,Potato,5,Bolangir,2018-19,1650,1650,ok
25,73,Wholesale,Potato,6,Boudh,2013-14,1182,1182,ok
25,73,Wholesale,Potato,6,Boudh,2014-15,1194,1194,ok
25,73,Wholesale,Potato,6,Boudh,2015-16,1169,1169,ok
25,73,Wholesale,Potato,6,Boudh,2016-17,1033,1033,ok
25,73,Wholesale,Potato,6,Boudh,2017-18,1094,1094,ok
25,73,Wholesale,Potato,6,Boudh,2018-19,1587,1587,ok
25,73,Wholesale,Potato,7,Cuttack,2013-14,1194,1194,ok
25,73,Wholesale,Potato,7,Cuttack,2014-15,1198,1198,ok
25,73,Wholesale,Potato,7,Cuttack,2015-16,1138,1138,ok
25,73,Wholesale,Potato,7,Cuttack,2016-17,729,729,ok
25,73,Wholesale,Potato,7,Cuttack,2017-18,795,795,ok
25,73,Wholesale,Potato,7,Cuttack,2018-19,1720,1720,ok
25,73,Wholesale,Potato,8,Deogarh,2013-14,1194,1194,ok
25,73,Wholesale,Potato,8,Deogarh,2014-15,1111,1111,ok
25,73,Wholesale,Potato,8,Deogarh,2015-16,1201,1201,ok
25,73,Wholesale,Potato,8,Deogarh,2016-17,980,980,ok
25,73,Wholesale,Potato,8,Deogarh,2017-18,1046,1046,ok
25,73,Wholesale,Potato,8,Deogarh,2018-19,1580,1580,ok
25,73,Wholesale,Potato,9,Dhenkanal,2013-14,1154,1154,ok
25,73,Wholesale,Potato,9,Dhenkanal,2014-15,1177,1177,ok
25,73,Wholesale,Potato,9,Dhenkanal,2015-16,1138,1138,ok
25,73,Wholesale,Potato,9,Dhenkanal,2016-17,895,895,ok
25,73,Wholesale,Potato,9,Dhenkanal,2017-18,947,947,ok
25,73,Wholesale,Potato,9,Dhenkanal,2018-19,1570,1570,ok
25,73,Wholesale,Potato,10,Gajpati,2013-14,1133,1133,ok
25,73,Wholesale,Potato,10,Gajpati,2014-15,1143,1143,ok
25,73,Wholesale,Potato,10,Gajpati,2015-16,1053,1053,ok
25,73,Wholesale,Potato,10,Gajpati,2016-17,875,875,ok
25,73,Wholesale,Potato,10,Gajpati,2017-18,953,953,ok
25,73,Wholesale,Potato,10,Gajpati,2018-19,1579,1579,ok
25,73,Wholesale,Potato,11,Ganjam,2013-14,1085,1085,ok
25,73,Wholesale,Potato,11,Ganjam,2014-15,1050,1050,ok
25,73,Wholesale,Potato,11,Ganjam,2015-16,1043,1043,ok
25,73,Wholesale,Potato,11,Ganjam,2016-17,800,800,ok
25,73,Wholesale,Potato,11,Ganjam,2017-18,864,864,ok
25,73,Wholesale,Potato,11,Ganjam,2018-19,1647,1647,ok
25,73,Wholesale,Potato,12,Jagatsinghpur,2013-14,1017,1017,ok
25,73,Wholesale,Potato,12,Jagatsinghpur,2014-15,1023,1023,ok
25,73,Wholesale,Potato,12,Jagatsinghpur,2015-16,1087,1087,ok
25,73,Wholesale,Potato,12,Jagatsinghpur,2016-17,903,903,ok
25,73,Wholesale,Potato,12,Jagatsinghpur,2017-18,964,964,ok
25,73,Wholesale,Potato,12,Jagatsinghpur,2018-19,1550,1550,ok
25,73,Wholesale,Potato,13,Jajpur,2013-14,1012,1012,ok
25,73,Wholesale,Potato,13,Jajpur,2014-15,967,967,ok
25,73,Wholesale,Potato,13,Jajpur,2015-16,1053,1053,ok
25,73,Wholesale,Potato,13,Jajpur,2016-17,856,856,ok
25,73,Wholesale,Potato,13,Jajpur,2017-18,890,890,ok
25,73,Wholesale,Potato,13,Jajpur,2018-19,2000,2000,ok
25,73,Wholesale,Potato,14,Jharsuguda,2013-14,1083,1083,ok
25,73,Wholesale,Potato,14,Jharsuguda,2014-15,1133,1133,ok
25,73,Wholesale,Potato,14,Jharsuguda,2015-16,1264,1264,ok
25,73,Wholesale,Potato,14,Jharsuguda,2016-17,982,982,ok
25,73,Wholesale,Potato,14,Jharsuguda,2017-18,1042,1042,ok
25,73,Wholesale,Potato,14,Jharsuguda,2018-19,1669,1669,ok
25,73,Wholesale,Potato,15,Kalahandi,2013-14,1122,1122,ok
25,73,Wholesale,Potato,15,Kalahandi,2014-15,-,,dash
25,73,Wholesale,Potato,15,Kalahandi,2015-16,-,,dash
25,73,Wholesale,Potato,15,Kalahandi,2016-17,-,,dash
25,73,Wholesale,Potato,15,Kalahandi,2017-18,-,,dash
25,73,Wholesale,Potato,15,Kalahandi,2018-19,-,,dash
25,73,Wholesale,Potato,16,Kandhamal,2013-14,1164,1164,ok
25,73,Wholesale,Potato,16,Kandhamal,2014-15,1191,1191,ok
25,73,Wholesale,Potato,16,Kandhamal,2015-16,1204,1204,ok
25,73,Wholesale,Potato,16,Kandhamal,2016-17,944,944,ok
25,73,Wholesale,Potato,16,Kandhamal,2017-18,906,906,ok
25,73,Wholesale,Potato,16,Kandhamal,2018-19,1600,1600,ok
25,73,Wholesale,Potato,17,Kendrapara,2013-14,1100,1100,ok
25,73,Wholesale,Potato,17,Kendrapara,2014-15,1110,1110,ok
25,73,Wholesale,Potato,17,Kendrapara,2015-16,1011,1011,ok
25,73,Wholesale,Potato,17,Kendrapara,2016-17,867,867,ok
25,73,Wholesale,Potato,17,Kendrapara,2017-18,925,925,ok
25,73,Wholesale,Potato,17,Kendrapara,2018-19,1547,1547,ok
25,73,Wholesale,Potato,18,Keonjhar,2013-14,1092,1092,ok
25,73,Wholesale,Potato,18,Keonjhar,2014-15,1100,1100,ok
25,73,Wholesale,Potato,18,Keonjhar,2015-16,1222,1222,ok
25,73,Wholesale,Potato,18,Keonjhar,2016-17,933,933,ok
25,73,Wholesale,Potato,18,Keonjhar,2017-18,999,999,ok
25,73,Wholesale,Potato,18,Keonjhar,2018-19,1580,1580,ok
25,73,Wholesale,Potato,19,Khurda,2013-14,1162,1162,ok
25,73,Wholesale,Potato,19,Khurda,2014-15,976,976,ok
25,73,Wholesale,Potato,19,Khurda,2015-16,1043,1043,ok
25,73,Wholesale,Potato,19,Khurda,2016-17,880,880,ok
25,73,Wholesale,Potato,19,Khurda,2017-18,813,813,ok
25,73,Wholesale,Potato,19,Khurda,2018-19,1700,1700,ok
25,73,Wholesale,Potato,20,Koraput,2013-14,1129,1129,ok
25,73,Wholesale,Potato,20,Koraput,2014-15,978,978,ok
25,73,Wholesale,Potato,20,Koraput,2015-16,1039,1039,ok
25,73,Wholesale,Potato,20,Koraput,2016-17,900,900,ok
25,73,Wholesale,Potato,20,Koraput,2017-18,942,942,ok
25,73,Wholesale,Potato,20,Koraput,2018-19,1610,1610,ok
25,73,Wholesale,Potato,21,Malkangiri,2013-14,1200,1200,ok
25,73,Wholesale,Potato,21,Malkangiri,2014-15,-,,dash
25,73,Wholesale,Potato,21,Malkangiri,2015-16,-,,dash
25,73,Wholesale,Potato,21,Malkangiri,2016-17,-,,dash
25,73,Wholesale,Potato,21,Malkangiri,2017-18,-,,dash
25,73,Wholesale,Potato,21,Malkangiri,2018-19,1650,1650,ok
25,73,Wholesale,Potato,22,Mayurbhanj,2013-14,1082,1082,ok
25,73,Wholesale,Potato,22,Mayurbhanj,2014-15,1119,1119,ok
25,73,Wholesale,Potato,22,Mayurbhanj,2015-16,1201,1201,ok
25,73,Wholesale,Potato,22,Mayurbhanj,2016-17,968,968,ok
25,73,Wholesale,Potato,22,Mayurbhanj,2017-18,1026,1026,ok
25,73,Wholesale,Potato,22,Mayurbhanj,2018-19,2000,2000,ok
25,73,Wholesale,Potato,23,Nabarangapur,2013-14,1267,1267,ok
25,73,Wholesale,Potato,23,Nabarangapur,2014-15,1220,1220,ok
25,73,Wholesale,Potato,23,Nabarangapur,2015-16,1194,1194,ok
25,73,Wholesale,Potato,23,Nabarangapur,2016-17,978,978,ok
25,73,Wholesale,Potato,23,Nabarangapur,2017-18,1011,1011,ok
25,73,Wholesale,Potato,23,Nabarangapur,2018-19,1976,1976,ok
25,73,Wholesale,Potato,24,Nayagarh,2013-14,1020,1020,ok
25,73,Wholesale,Potato,24,Nayagarh,2014-15,-,,dash
25,73,Wholesale,Potato,24,Nayagarh,2015-16,1138,1138,ok
25,73,Wholesale,Potato,24,Nayagarh,2016-17,-,,dash
25,73,Wholesale,Potato,24,Nayagarh,2017-18,-,,dash
25,73,Wholesale,Potato,24,Nayagarh,2018-19,1700,1700,ok
25,73,Wholesale,Potato,25,Nuapara,2013-14,1250,1250,ok
25,73,Wholesale,Potato,25,Nuapara,2014-15,1250,1250,ok
25,73,Wholesale,Potato,25,Nuapara,2015-16,1245,1245,ok
25,73,Wholesale,Potato,25,Nuapara,2016-17,1011,1011,ok
25,73,Wholesale,Potato,25,Nuapara,2017-18,1096,1096,ok
25,73,Wholesale,Potato,25,Nuapara,2018-19,1800,1800,ok
25,73,Wholesale,Potato,26,Puri,2013-14,1133,1133,ok
25,73,Wholesale,Potato,26,Puri,2014-15,1086,1086,ok
25,73,Wholesale,Potato,26,Puri,2015-16,1101,1101,ok
25,73,Wholesale,Potato,26,Puri,2016-17,947,947,ok
25,73,Wholesale,Potato,26,Puri,2017-18,902,902,ok
25,73,Wholesale,Potato,26,Puri,2018-19,1717,1717,ok
25,73,Wholesale,Potato,27,Rayagada,2013-14,1145,1145,ok
25,73,Wholesale,Potato,27,Rayagada,2014-15,1148,1148,ok
25,73,Wholesale,Potato,27,Rayagada,2015-16,1140,1140,ok
25,73,Wholesale,Potato,27,Rayagada,2016-17,963,963,ok
25,73,Wholesale,Potato,27,Rayagada,2017-18,1043,1043,ok
25,73,Wholesale,Potato,27,Rayagada,2018-19,1888,1888,ok
25,73,Wholesale,Potato,28,Sambalpur,2013-14,1186,1186,ok
25,73,Wholesale,Potato,28,Sambalpur,2014-15,1150,1150,ok
25,73,Wholesale,Potato,28,Sambalpur,2015-16,1207,1207,ok
25,73,Wholesale,Potato,28,Sambalpur,2016-17,875,875,ok
25,73,Wholesale,Potato,28,Sambalpur,2017-18,922,922,ok
25,73,Wholesale,Potato,28,Sambalpur,2018-19,1543,1543,ok
25,73,Wholesale,Potato,29,Sonepur,2013-14,1133,1133,ok
25,73,Wholesale,Potato,29,Sonepur,2014-15,1150,1150,ok
25,73,Wholesale,Potato,29,Sonepur,2015-16,1264,1264,ok
25,73,Wholesale,Potato,29,Sonepur,2016-17,900,900,ok
25,73,Wholesale,Potato,29,Sonepur,2017-18,982,982,ok
25,73,Wholesale,Potato,29,Sonepur,2018-19,1636,1636,ok
25,73,Wholesale,Potato,30,Sundargarh,2013-14,1100,1100,ok
25,73,Wholesale,Potato,30,Sundargarh,2014-15,1000,1000,ok
25,73,Wholesale,Potato,30,Sundargarh,2015-16,1264,1264,ok
25,73,Wholesale,Potato,30,Sundargarh,2016-17,985,985,ok
25,73,Wholesale,Potato,30,Sundargarh,2017-18,1000,1000,ok
25,73,Wholesale,Potato,30,Sundargarh,2018-19,1920,1920,ok
26,74,Wholesale,Sugarcane,1,Angul,2013-14,230,230,ok
26,74,Wholesale,Sugarcane,1,Angul,2014-15,261,261,ok
26,74,Wholesale,Sugarcane,1,Angul,2015-16,274,274,ok
26,74,Wholesale,Sugarcane,1,Angul,2016-17,310,310,ok
26,74,Wholesale,Sugarcane,1,Angul,2017-18,320,320,ok
26,74,Wholesale,Sugarcane,1,Angul,2018-19,296,296,ok
26,74,Wholesale,Sugarcane,2,Balasore,2013-14,-,,dash
26,74,Wholesale,Sugarcane,2,Balasore,2014-15,255,255,ok
26,74,Wholesale,Sugarcane,2,Balasore,2015-16,265,265,ok
26,74,Wholesale,Sugarcane,2,Balasore,2016-17,300,300,ok
26,74,Wholesale,Sugarcane,2,Balasore,2017-18,308,308,ok
26,74,Wholesale,Sugarcane,2,Balasore,2018-19,461,461,ok
26,74,Wholesale,Sugarcane,3,Bargarh,2013-14,185,185,ok
26,74,Wholesale,Sugarcane,3,Bargarh,2014-15,226,226,ok
26,74,Wholesale,Sugarcane,3,Bargarh,2015-16,239,239,ok
26,74,Wholesale,Sugarcane,3,Bargarh,2016-17,260,260,ok
26,74,Wholesale,Sugarcane,3,Bargarh,2017-18,270,270,ok
26,74,Wholesale,Sugarcane,3,Bargarh,2018-19,348,348,ok
26,74,Wholesale,Sugarcane,4,Bhadrak,2013-14,-,,dash
26,74,Wholesale,Sugarcane,4,Bhadrak,2014-15,255,255,ok
26,74,Wholesale,Sugarcane,4,Bhadrak,2015-16,263,263,ok
26,74,Wholesale,Sugarcane,4,Bhadrak,2016-17,300,300,ok
26,74,Wholesale,Sugarcane,4,Bhadrak,2017-18,319,319,ok
26,74,Wholesale,Sugarcane,4,Bhadrak,2018-19,408,408,ok
26,74,Wholesale,Sugarcane,5,Bolangir,2013-14,196,196,ok
26,74,Wholesale,Sugarcane,5,Bolangir,2014-15,240,240,ok
26,74,Wholesale,Sugarcane,5,Bolangir,2015-16,251,251,ok
26,74,Wholesale,Sugarcane,5,Bolangir,2016-17,285,285,ok
26,74,Wholesale,Sugarcane,5,Bolangir,2017-18,290,290,ok
26,74,Wholesale,Sugarcane,5,Bolangir,2018-19,290,290,ok
26,74,Wholesale,Sugarcane,6,Boudh,2013-14,-,,dash
26,74,Wholesale,Sugarcane,6,Boudh,2014-15,260,260,ok
26,74,Wholesale,Sugarcane,6,Boudh,2015-16,273,273,ok
26,74,Wholesale,Sugarcane,6,Boudh,2016-17,310,310,ok
26,74,Wholesale,Sugarcane,6,Boudh,2017-18,327,327,ok
26,74,Wholesale,Sugarcane,6,Boudh,2018-19,414,414,ok
26,74,Wholesale,Sugarcane,7,Cuttack,2013-14,210,210,ok
26,74,Wholesale,Sugarcane,7,Cuttack,2014-15,245,245,ok
26,74,Wholesale,Sugarcane,7,Cuttack,2015-16,256,256,ok
26,74,Wholesale,Sugarcane,7,Cuttack,2016-17,287,287,ok
26,74,Wholesale,Sugarcane,7,Cuttack,2017-18,290,290,ok
26,74,Wholesale,Sugarcane,7,Cuttack,2018-19,420,420,ok
26,74,Wholesale,Sugarcane,8,Deogarh,2013-14,-,,dash
26,74,Wholesale,Sugarcane,8,Deogarh,2014-15,-,,dash
26,74,Wholesale,Sugarcane,8,Deogarh,2015-16,-,,dash
26,74,Wholesale,Sugarcane,8,Deogarh,2016-17,310,310,ok
26,74,Wholesale,Sugarcane,8,Deogarh,2017-18,325,325,ok
26,74,Wholesale,Sugarcane,8,Deogarh,2018-19,400,400,ok
26,74,Wholesale,Sugarcane,9,Dhenkanal,2013-14,-,,dash
26,74,Wholesale,Sugarcane,9,Dhenkanal,2014-15,243,243,ok
26,74,Wholesale,Sugarcane,9,Dhenkanal,2015-16,256,256,ok
26,74,Wholesale,Sugarcane,9,Dhenkanal,2016-17,280,280,ok
26,74,Wholesale,Sugarcane,9,Dhenkanal,2017-18,302,302,ok
26,74,Wholesale,Sugarcane,9,Dhenkanal,2018-19,350,350,ok
26,74,Wholesale,Sugarcane,10,Gajpati,2013-14,-,,dash
26,74,Wholesale,Sugarcane,10,Gajpati,2014-15,250,250,ok
26,74,Wholesale,Sugarcane,10,Gajpati,2015-16,251,251,ok
26,74,Wholesale,Sugarcane,10,Gajpati,2016-17,275,275,ok
26,74,Wholesale,Sugarcane,10,Gajpati,2017-18,282,282,ok
26,74,Wholesale,Sugarcane,10,Gajpati,2018-19,380,380,ok
26,74,Wholesale,Sugarcane,11,Ganjam,2013-14,200,200,ok
26,74,Wholesale,Sugarcane,11,Ganjam,2014-15,240,240,ok
26,74,Wholesale,Sugarcane,11,Ganjam,2015-16,236,236,ok
26,74,Wholesale,Sugarcane,11,Ganjam,2016-17,265,265,ok
26,74,Wholesale,Sugarcane,11,Ganjam,2017-18,275,275,ok
26,74,Wholesale,Sugarcane,11,Ganjam,2018-19,335,335,ok
26,74,Wholesale,Sugarcane,12,Jagatsinghpur,2013-14,202,202,ok
26,74,Wholesale,Sugarcane,12,Jagatsinghpur,2014-15,245,245,ok
26,74,Wholesale,Sugarcane,12,Jagatsinghpur,2015-16,256,256,ok
26,74,Wholesale,Sugarcane,12,Jagatsinghpur,2016-17,280,280,ok
26,74,Wholesale,Sugarcane,12,Jagatsinghpur,2017-18,290,290,ok
26,74,Wholesale,Sugarcane,12,Jagatsinghpur,2018-19,380,380,ok
26,74,Wholesale,Sugarcane,13,Jajpur,2013-14,222,222,ok
26,74,Wholesale,Sugarcane,13,Jajpur,2014-15,248,248,ok
26,74,Wholesale,Sugarcane,13,Jajpur,2015-16,256,256,ok
26,74,Wholesale,Sugarcane,13,Jajpur,2016-17,285,285,ok
26,74,Wholesale,Sugarcane,13,Jajpur,2017-18,296,296,ok
26,74,Wholesale,Sugarcane,13,Jajpur,2018-19,400,400,ok
26,74,Wholesale,Sugarcane,14,Jharsuguda,2013-14,-,,dash
26,74,Wholesale,Sugarcane,14,Jharsuguda,2014-15,-,,dash
26,74,Wholesale,Sugarcane,14,Jharsuguda,2015-16,-,,dash
26,74,Wholesale,Sugarcane,14,Jharsuguda,2016-17,280,280,ok
26,74,Wholesale,Sugarcane,14,Jharsuguda,2017-18,288,288,ok
26,74,Wholesale,Sugarcane,14,Jharsuguda,2018-19,-,,dash
26,74,Wholesale,Sugarcane,15,Kalahandi,2013-14,225,225,ok
26,74,Wholesale,Sugarcane,15,Kalahandi,2014-15,260,260,ok
26,74,Wholesale,Sugarcane,15,Kalahandi,2015-16,269,269,ok
26,74,Wholesale,Sugarcane,15,Kalahandi,2016-17,305,305,ok
26,74,Wholesale,Sugarcane,15,Kalahandi,2017-18,306,306,ok
26,74,Wholesale,Sugarcane,15,Kalahandi,2018-19,350,350,ok
26,74,Wholesale,Sugarcane,16,Kandhamal,2013-14,-,,dash
26,74,Wholesale,Sugarcane,16,Kandhamal,2014-15,-,,dash
26,74,Wholesale,Sugarcane,16,Kandhamal,2015-16,-,,dash
26,74,Wholesale,Sugarcane,16,Kandhamal,2016-17,-,,dash
26,74,Wholesale,Sugarcane,16,Kandhamal,2017-18,-,,dash
26,74,Wholesale,Sugarcane,16,Kandhamal,2018-19,-,,dash
26,74,Wholesale,Sugarcane,17,Kendrapara,2013-14,208,208,ok
26,74,Wholesale,Sugarcane,17,Kendrapara,2014-15,240,240,ok
26,74,Wholesale,Sugarcane,17,Kendrapara,2015-16,254,254,ok
26,74,Wholesale,Sugarcane,17,Kendrapara,2016-17,280,280,ok
26,74,Wholesale,Sugarcane,17,Kendrapara,2017-18,290,290,ok
26,74,Wholesale,Sugarcane,17,Kendrapara,2018-19,420,420,ok
26,74,Wholesale,Sugarcane,18,Keonjhar,2013-14,-,,dash
26,74,Wholesale,Sugarcane,18,Keonjhar,2014-15,260,260,ok
26,74,Wholesale,Sugarcane,18,Keonjhar,2015-16,267,267,ok
26,74,Wholesale,Sugarcane,18,Keonjhar,2016-17,287,287,ok
26,74,Wholesale,Sugarcane,18,Keonjhar,2017-18,303,303,ok
26,74,Wholesale,Sugarcane,18,Keonjhar,2018-19,500,500,ok
26,74,Wholesale,Sugarcane,19,Khurda,2013-14,-,,dash
26,74,Wholesale,Sugarcane,19,Khurda,2014-15,257,257,ok
26,74,Wholesale,Sugarcane,19,Khurda,2015-16,256,256,ok
26,74,Wholesale,Sugarcane,19,Khurda,2016-17,280,280,ok
26,74,Wholesale,Sugarcane,19,Khurda,2017-18,290,290,ok
26,74,Wholesale,Sugarcane,19,Khurda,2018-19,440,440,ok
26,74,Wholesale,Sugarcane,20,Koraput,2013-14,212,212,ok
26,74,Wholesale,Sugarcane,20,Koraput,2014-15,235,235,ok
26,74,Wholesale,Sugarcane,20,Koraput,2015-16,241,241,ok
26,74,Wholesale,Sugarcane,20,Koraput,2016-17,270,270,ok
26,74,Wholesale,Sugarcane,20,Koraput,2017-18,283,283,ok
26,74,Wholesale,Sugarcane,20,Koraput,2018-19,390,390,ok
26,74,Wholesale,Sugarcane,21,Malkangiri,2013-14,-,,dash
26,74,Wholesale,Sugarcane,21,Malkangiri,2014-15,-,,dash
26,74,Wholesale,Sugarcane,21,Malkangiri,2015-16,-,,dash
26,74,Wholesale,Sugarcane,21,Malkangiri,2016-17,305,305,ok
26,74,Wholesale,Sugarcane,21,Malkangiri,2017-18,-,,dash
26,74,Wholesale,Sugarcane,21,Malkangiri,2018-19,-,,dash
26,74,Wholesale,Sugarcane,22,Mayurbhanj,2013-14,-,,dash
26,74,Wholesale,Sugarcane,22,Mayurbhanj,2014-15,-,,dash
26,74,Wholesale,Sugarcane,22,Mayurbhanj,2015-16,-,,dash
26,74,Wholesale,Sugarcane,22,Mayurbhanj,2016-17,-,,dash
26,74,Wholesale,Sugarcane,22,Mayurbhanj,2017-18,-,,dash
26,74,Wholesale,Sugarcane,22,Mayurbhanj,2018-19,-,,dash
26,74,Wholesale,Sugarcane,23,Nabarangapur,2013-14,213,213,ok
26,74,Wholesale,Sugarcane,23,Nabarangapur,2014-15,250,250,ok
26,74,Wholesale,Sugarcane,23,Nabarangapur,2015-16,262,262,ok
26,74,Wholesale,Sugarcane,23,Nabarangapur,2016-17,280,280,ok
26,74,Wholesale,Sugarcane,23,Nabarangapur,2017-18,298,298,ok
26,74,Wholesale,Sugarcane,23,Nabarangapur,2018-19,410,410,ok
26,74,Wholesale,Sugarcane,24,Nayagarh,2013-14,-,,dash
26,74,Wholesale,Sugarcane,24,Nayagarh,2014-15,243,243,ok
26,74,Wholesale,Sugarcane,24,Nayagarh,2015-16,251,251,ok
26,74,Wholesale,Sugarcane,24,Nayagarh,2016-17,284,284,ok
26,74,Wholesale,Sugarcane,24,Nayagarh,2017-18,295,295,ok
26,74,Wholesale,Sugarcane,24,Nayagarh,2018-19,373,373,ok
26,74,Wholesale,Sugarcane,25,Nuapara,2013-14,-,,dash
26,74,Wholesale,Sugarcane,25,Nuapara,2014-15,-,,dash
26,74,Wholesale,Sugarcane,25,Nuapara,2015-16,-,,dash
26,74,Wholesale,Sugarcane,25,Nuapara,2016-17,310,310,ok
26,74,Wholesale,Sugarcane,25,Nuapara,2017-18,-,,dash
26,74,Wholesale,Sugarcane,25,Nuapara,2018-19,380,380,ok
26,74,Wholesale,Sugarcane,26,Puri,2013-14,-,,dash
26,74,Wholesale,Sugarcane,26,Puri,2014-15,250,250,ok
26,74,Wholesale,Sugarcane,26,Puri,2015-16,259,259,ok
26,74,Wholesale,Sugarcane,26,Puri,2016-17,285,285,ok
26,74,Wholesale,Sugarcane,26,Puri,2017-18,-,,dash
26,74,Wholesale,Sugarcane,26,Puri,2018-19,400,400,ok
26,74,Wholesale,Sugarcane,27,Rayagada,2013-14,-,,dash
26,74,Wholesale,Sugarcane,27,Rayagada,2014-15,-,,dash
26,74,Wholesale,Sugarcane,27,Rayagada,2015-16,-,,dash
26,74,Wholesale,Sugarcane,27,Rayagada,2016-17,-,,dash
26,74,Wholesale,Sugarcane,27,Rayagada,2017-18,290,290,ok
26,74,Wholesale,Sugarcane,27,Rayagada,2018-19,-,,dash
26,74,Wholesale,Sugarcane,28,Sambalpur,2013-14,190,190,ok
26,74,Wholesale,Sugarcane,28,Sambalpur,2014-15,265,265,ok
26,74,Wholesale,Sugarcane,28,Sambalpur,2015-16,267,267,ok
26,74,Wholesale,Sugarcane,28,Sambalpur,2016-17,295,295,ok
26,74,Wholesale,Sugarcane,28,Sambalpur,2017-18,312,312,ok
26,74,Wholesale,Sugarcane,28,Sambalpur,2018-19,407,407,ok
26,74,Wholesale,Sugarcane,29,Sonepur,2013-14,243,243,ok
26,74,Wholesale,Sugarcane,29,Sonepur,2014-15,260,260,ok
26,74,Wholesale,Sugarcane,29,Sonepur,2015-16,262,262,ok
26,74,Wholesale,Sugarcane,29,Sonepur,2016-17,292,292,ok
26,74,Wholesale,Sugarcane,29,Sonepur,2017-18,-,,dash
26,74,Wholesale,Sugarcane,29,Sonepur,2018-19,350,350,ok
26,74,Wholesale,Sugarcane,30,Sundargarh,2013-14,-,,dash
26,74,Wholesale,Sugarcane,30,Sundargarh,2014-15,265,265,ok
26,74,Wholesale,Sugarcane,30,Sundargarh,2015-16,267,267,ok
26,74,Wholesale,Sugarcane,30,Sundargarh,2016-17,309,309,ok
26,74,Wholesale,Sugarcane,30,Sundargarh,2017-18,-,,dash
26,74,Wholesale,Sugarcane,30,Sundargarh,2018-19,420,420,ok
27,75,Wholesale,Jowar,1,Angul,2013-14,-,,dash
27,75,Wholesale,Jowar,1,Angul,2014-15,-,,dash
27,75,Wholesale,Jowar,1,Angul,2015-16,-,,dash
27,75,Wholesale,Jowar,1,Angul,2016-17,-,,dash
27,75,Wholesale,Jowar,1,Angul,2017-18,-,,dash
27,75,Wholesale,Jowar,1,Angul,2018-19,-,,dash
27,75,Wholesale,Jowar,2,Balasore,2013-14,1420,1420,ok
27,75,Wholesale,Jowar,2,Balasore,2014-15,1617,1617,ok
27,75,Wholesale,Jowar,2,Balasore,2015-16,1756,1756,ok
27,75,Wholesale,Jowar,2,Balasore,2016-17,-,,dash
27,75,Wholesale,Jowar,2,Balasore,2017-18,-,,dash
27,75,Wholesale,Jowar,2,Balasore,2018-19,-,,dash
27,75,Wholesale,Jowar,3,Bargarh,2013-14,-,,dash
27,75,Wholesale,Jowar,3,Bargarh,2014-15,-,,dash
27,75,Wholesale,Jowar,3,Bargarh,2015-16,-,,dash
27,75,Wholesale,Jowar,3,Bargarh,2016-17,-,,dash
27,75,Wholesale,Jowar,3,Bargarh,2017-18,-,,dash
27,75,Wholesale,Jowar,3,Bargarh,2018-19,-,,dash
27,75,Wholesale,Jowar,4,Bhadrak,2013-14,-,,dash
27,75,Wholesale,Jowar,4,Bhadrak,2014-15,-,,dash
27,75,Wholesale,Jowar,4,Bhadrak,2015-16,-,,dash
27,75,Wholesale,Jowar,4,Bhadrak,2016-17,-,,dash
27,75,Wholesale,Jowar,4,Bhadrak,2017-18,-,,dash
27,75,Wholesale,Jowar,4,Bhadrak,2018-19,-,,dash
27,75,Wholesale,Jowar,5,Bolangir,2013-14,1250,1250,ok
27,75,Wholesale,Jowar,5,Bolangir,2014-15,1424,1424,ok
27,75,Wholesale,Jowar,5,Bolangir,2015-16,1546,1546,ok
27,75,Wholesale,Jowar,5,Bolangir,2016-17,-,,dash
27,75,Wholesale,Jowar,5,Bolangir,2017-18,-,,dash
27,75,Wholesale,Jowar,5,Bolangir,2018-19,-,,dash
27,75,Wholesale,Jowar,6,Boudh,2013-14,-,,dash
27,75,Wholesale,Jowar,6,Boudh,2014-15,-,,dash
27,75,Wholesale,Jowar,6,Boudh,2015-16,-,,dash
27,75,Wholesale,Jowar,6,Boudh,2016-17,-,,dash
27,75,Wholesale,Jowar,6,Boudh,2017-18,-,,dash
27,75,Wholesale,Jowar,6,Boudh,2018-19,-,,dash
27,75,Wholesale,Jowar,7,Cuttack,2013-14,1267,1267,ok
27,75,Wholesale,Jowar,7,Cuttack,2014-15,1443,1443,ok
27,75,Wholesale,Jowar,7,Cuttack,2015-16,1567,1567,ok
27,75,Wholesale,Jowar,7,Cuttack,2016-17,-,,dash
27,75,Wholesale,Jowar,7,Cuttack,2017-18,-,,dash
27,75,Wholesale,Jowar,7,Cuttack,2018-19,-,,dash
27,75,Wholesale,Jowar,8,Deogarh,2013-14,1290,1290,ok
27,75,Wholesale,Jowar,8,Deogarh,2014-15,1469,1469,ok
27,75,Wholesale,Jowar,8,Deogarh,2015-16,1596,1596,ok
27,75,Wholesale,Jowar,8,Deogarh,2016-17,-,,dash
27,75,Wholesale,Jowar,8,Deogarh,2017-18,-,,dash
27,75,Wholesale,Jowar,8,Deogarh,2018-19,-,,dash
27,75,Wholesale,Jowar,9,Dhenkanal,2013-14,-,,dash
27,75,Wholesale,Jowar,9,Dhenkanal,2014-15,-,,dash
27,75,Wholesale,Jowar,9,Dhenkanal,2015-16,-,,dash
27,75,Wholesale,Jowar,9,Dhenkanal,2016-17,-,,dash
27,75,Wholesale,Jowar,9,Dhenkanal,2017-18,-,,dash
27,75,Wholesale,Jowar,9,Dhenkanal,2018-19,-,,dash
27,75,Wholesale,Jowar,10,Gajpati,2013-14,1245,1245,ok
27,75,Wholesale,Jowar,10,Gajpati,2014-15,1418,1418,ok
27,75,Wholesale,Jowar,10,Gajpati,2015-16,1540,1540,ok
27,75,Wholesale,Jowar,10,Gajpati,2016-17,-,,dash
27,75,Wholesale,Jowar,10,Gajpati,2017-18,-,,dash
27,75,Wholesale,Jowar,10,Gajpati,2018-19,-,,dash
27,75,Wholesale,Jowar,11,Ganjam,2013-14,1286,1286,ok
27,75,Wholesale,Jowar,11,Ganjam,2014-15,1464,1464,ok
27,75,Wholesale,Jowar,11,Ganjam,2015-16,1590,1590,ok
27,75,Wholesale,Jowar,11,Ganjam,2016-17,-,,dash
27,75,Wholesale,Jowar,11,Ganjam,2017-18,-,,dash
27,75,Wholesale,Jowar,11,Ganjam,2018-19,-,,dash
27,75,Wholesale,Jowar,12,Jagatsinghpur,2013-14,-,,dash
27,75,Wholesale,Jowar,12,Jagatsinghpur,2014-15,-,,dash
27,75,Wholesale,Jowar,12,Jagatsinghpur,2015-16,-,,dash
27,75,Wholesale,Jowar,12,Jagatsinghpur,2016-17,-,,dash
27,75,Wholesale,Jowar,12,Jagatsinghpur,2017-18,-,,dash
27,75,Wholesale,Jowar,12,Jagatsinghpur,2018-19,-,,dash
27,75,Wholesale,Jowar,13,Jajpur,2013-14,1300,1300,ok
27,75,Wholesale,Jowar,13,Jajpur,2014-15,1481,1481,ok
27,75,Wholesale,Jowar,13,Jajpur,2015-16,1608,1608,ok
27,75,Wholesale,Jowar,13,Jajpur,2016-17,-,,dash
27,75,Wholesale,Jowar,13,Jajpur,2017-18,-,,dash
27,75,Wholesale,Jowar,13,Jajpur,2018-19,-,,dash
27,75,Wholesale,Jowar,14,Jharsuguda,2013-14,-,,dash
27,75,Wholesale,Jowar,14,Jharsuguda,2014-15,-,,dash
27,75,Wholesale,Jowar,14,Jharsuguda,2015-16,-,,dash
27,75,Wholesale,Jowar,14,Jharsuguda,2016-17,-,,dash
27,75,Wholesale,Jowar,14,Jharsuguda,2017-18,-,,dash
27,75,Wholesale,Jowar,14,Jharsuguda,2018-19,-,,dash
27,75,Wholesale,Jowar,15,Kalahandi,2013-14,1265,1265,ok
27,75,Wholesale,Jowar,15,Kalahandi,2014-15,1441,1441,ok
27,75,Wholesale,Jowar,15,Kalahandi,2015-16,1565,1565,ok
27,75,Wholesale,Jowar,15,Kalahandi,2016-17,-,,dash
27,75,Wholesale,Jowar,15,Kalahandi,2017-18,-,,dash
27,75,Wholesale,Jowar,15,Kalahandi,2018-19,-,,dash
27,75,Wholesale,Jowar,16,Kandhamal,2013-14,1267,1267,ok
27,75,Wholesale,Jowar,16,Kandhamal,2014-15,1443,1443,ok
27,75,Wholesale,Jowar,16,Kandhamal,2015-16,1567,1567,ok
27,75,Wholesale,Jowar,16,Kandhamal,2016-17,-,,dash
27,75,Wholesale,Jowar,16,Kandhamal,2017-18,-,,dash
27,75,Wholesale,Jowar,16,Kandhamal,2018-19,-,,dash
27,75,Wholesale,Jowar,17,Kendrapara,2013-14,-,,dash
27,75,Wholesale,Jowar,17,Kendrapara,2014-15,-,,dash
27,75,Wholesale,Jowar,17,Kendrapara,2015-16,-,,dash
27,75,Wholesale,Jowar,17,Kendrapara,2016-17,-,,dash
27,75,Wholesale,Jowar,17,Kendrapara,2017-18,-,,dash
27,75,Wholesale,Jowar,17,Kendrapara,2018-19,-,,dash
27,75,Wholesale,Jowar,18,Keonjhar,2013-14,1260,1260,ok
27,75,Wholesale,Jowar,18,Keonjhar,2014-15,1435,1435,ok
27,75,Wholesale,Jowar,18,Keonjhar,2015-16,1559,1559,ok
27,75,Wholesale,Jowar,18,Keonjhar,2016-17,-,,dash
27,75,Wholesale,Jowar,18,Keonjhar,2017-18,-,,dash
27,75,Wholesale,Jowar,18,Keonjhar,2018-19,-,,dash
27,75,Wholesale,Jowar,19,Khurda,2013-14,-,,dash
27,75,Wholesale,Jowar,19,Khurda,2014-15,-,,dash
27,75,Wholesale,Jowar,19,Khurda,2015-16,-,,dash
27,75,Wholesale,Jowar,19,Khurda,2016-17,-,,dash
27,75,Wholesale,Jowar,19,Khurda,2017-18,-,,dash
27,75,Wholesale,Jowar,19,Khurda,2018-19,-,,dash
27,75,Wholesale,Jowar,20,Koraput,2013-14,1233,1233,ok
27,75,Wholesale,Jowar,20,Koraput,2014-15,1405,1405,ok
27,75,Wholesale,Jowar,20,Koraput,2015-16,1526,1526,ok
27,75,Wholesale,Jowar,20,Koraput,2016-17,-,,dash
27,75,Wholesale,Jowar,20,Koraput,2017-18,-,,dash
27,75,Wholesale,Jowar,20,Koraput,2018-19,-,,dash
27,75,Wholesale,Jowar,21,Malkangiri,2013-14,1275,1275,ok
27,75,Wholesale,Jowar,21,Malkangiri,2014-15,1452,1452,ok
27,75,Wholesale,Jowar,21,Malkangiri,2015-16,1577,1577,ok
27,75,Wholesale,Jowar,21,Malkangiri,2016-17,-,,dash
27,75,Wholesale,Jowar,21,Malkangiri,2017-18,-,,dash
27,75,Wholesale,Jowar,21,Malkangiri,2018-19,-,,dash
27,75,Wholesale,Jowar,22,Mayurbhanj,2013-14,1296,1296,ok
27,75,Wholesale,Jowar,22,Mayurbhanj,2014-15,1476,1476,ok
27,75,Wholesale,Jowar,22,Mayurbhanj,2015-16,1603,1603,ok
27,75,Wholesale,Jowar,22,Mayurbhanj,2016-17,-,,dash
27,75,Wholesale,Jowar,22,Mayurbhanj,2017-18,-,,dash
27,75,Wholesale,Jowar,22,Mayurbhanj,2018-19,-,,dash
27,75,Wholesale,Jowar,23,Nabarangapur,2013-14,1262,1262,ok
27,75,Wholesale,Jowar,23,Nabarangapur,2014-15,1438,1438,ok
27,75,Wholesale,Jowar,23,Nabarangapur,2015-16,1561,1561,ok
27,75,Wholesale,Jowar,23,Nabarangapur,2016-17,-,,dash
27,75,Wholesale,Jowar,23,Nabarangapur,2017-18,-,,dash
27,75,Wholesale,Jowar,23,Nabarangapur,2018-19,-,,dash
27,75,Wholesale,Jowar,24,Nayagarh,2013-14,1299,1299,ok
27,75,Wholesale,Jowar,24,Nayagarh,2014-15,1479,1479,ok
27,75,Wholesale,Jowar,24,Nayagarh,2015-16,1606,1606,ok
27,75,Wholesale,Jowar,24,Nayagarh,2016-17,-,,dash
27,75,Wholesale,Jowar,24,Nayagarh,2017-18,-,,dash
27,75,Wholesale,Jowar,24,Nayagarh,2018-19,-,,dash
27,75,Wholesale,Jowar,25,Nuapara,2013-14,1240,1240,ok
27,75,Wholesale,Jowar,25,Nuapara,2014-15,1412,1412,ok
27,75,Wholesale,Jowar,25,Nuapara,2015-16,1534,1534,ok
27,75,Wholesale,Jowar,25,Nuapara,2016-17,-,,dash
27,75,Wholesale,Jowar,25,Nuapara,2017-18,-,,dash
27,75,Wholesale,Jowar,25,Nuapara,2018-19,-,,dash
27,75,Wholesale,Jowar,26,Puri,2013-14,-,,dash
27,75,Wholesale,Jowar,26,Puri,2014-15,-,,dash
27,75,Wholesale,Jowar,26,Puri,2015-16,-,,dash
27,75,Wholesale,Jowar,26,Puri,2016-17,-,,dash
27,75,Wholesale,Jowar,26,Puri,2017-18,-,,dash
27,75,Wholesale,Jowar,26,Puri,2018-19,-,,dash
27,75,Wholesale,Jowar,27,Rayagada,2013-14,1226,1226,ok
27,75,Wholesale,Jowar,27,Rayagada,2014-15,1396,1396,ok
27,75,Wholesale,Jowar,27,Rayagada,2015-16,1516,1516,ok
27,75,Wholesale,Jowar,27,Rayagada,2016-17,-,,dash
27,75,Wholesale,Jowar,27,Rayagada,2017-18,-,,dash
27,75,Wholesale,Jowar,27,Rayagada,2018-19,-,,dash
27,75,Wholesale,Jowar,28,Sambalpur,2013-14,1280,1280,ok
27,75,Wholesale,Jowar,28,Sambalpur,2014-15,1458,1458,ok
27,75,Wholesale,Jowar,28,Sambalpur,2015-16,1583,1583,ok
27,75,Wholesale,Jowar,28,Sambalpur,2016-17,-,,dash
27,75,Wholesale,Jowar,28,Sambalpur,2017-18,-,,dash
27,75,Wholesale,Jowar,28,Sambalpur,2018-19,-,,dash
27,75,Wholesale,Jowar,29,Sonepur,2013-14,-,,dash
27,75,Wholesale,Jowar,29,Sonepur,2014-15,-,,dash
27,75,Wholesale,Jowar,29,Sonepur,2015-16,-,,dash
27,75,Wholesale,Jowar,29,Sonepur,2016-17,-,,dash
27,75,Wholesale,Jowar,29,Sonepur,2017-18,-,,dash
27,75,Wholesale,Jowar,29,Sonepur,2018-19,-,,dash
27,75,Wholesale,Jowar,30,Sundargarh,2013-14,1233,1233,ok
27,75,Wholesale,Jowar,30,Sundargarh,2014-15,1405,1405,ok
27,75,Wholesale,Jowar,30,Sundargarh,2015-16,1526,1526,ok
27,75,Wholesale,Jowar,30,Sundargarh,2016-17,-,,dash
27,75,Wholesale,Jowar,30,Sundargarh,2017-18,-,,dash
27,75,Wholesale,Jowar,30,Sundargarh,2018-19,-,,dash
28,76,Wholesale,Bajra,1,Angul,2013-14,-,,dash
28,76,Wholesale,Bajra,1,Angul,2014-15,-,,dash
28,76,Wholesale,Bajra,1,Angul,2015-16,-,,dash
28,76,Wholesale,Bajra,1,Angul,2016-17,-,,dash
28,76,Wholesale,Bajra,1,Angul,2017-18,-,,dash
28,76,Wholesale,Bajra,1,Angul,2018-19,-,,dash
28,76,Wholesale,Bajra,2,Balasore,2013-14,-,,dash
28,76,Wholesale,Bajra,2,Balasore,2014-15,-,,dash
28,76,Wholesale,Bajra,2,Balasore,2015-16,-,,dash
28,76,Wholesale,Bajra,2,Balasore,2016-17,-,,dash
28,76,Wholesale,Bajra,2,Balasore,2017-18,-,,dash
28,76,Wholesale,Bajra,2,Balasore,2018-19,-,,dash
28,76,Wholesale,Bajra,3,Bargarh,2013-14,-,,dash
28,76,Wholesale,Bajra,3,Bargarh,2014-15,-,,dash
28,76,Wholesale,Bajra,3,Bargarh,2015-16,-,,dash
28,76,Wholesale,Bajra,3,Bargarh,2016-17,-,,dash
28,76,Wholesale,Bajra,3,Bargarh,2017-18,-,,dash
28,76,Wholesale,Bajra,3,Bargarh,2018-19,-,,dash
28,76,Wholesale,Bajra,4,Bhadrak,2013-14,-,,dash
28,76,Wholesale,Bajra,4,Bhadrak,2014-15,-,,dash
28,76,Wholesale,Bajra,4,Bhadrak,2015-16,-,,dash
28,76,Wholesale,Bajra,4,Bhadrak,2016-17,-,,dash
28,76,Wholesale,Bajra,4,Bhadrak,2017-18,-,,dash
28,76,Wholesale,Bajra,4,Bhadrak,2018-19,-,,dash
28,76,Wholesale,Bajra,5,Bolangir,2013-14,-,,dash
28,76,Wholesale,Bajra,5,Bolangir,2014-15,-,,dash
28,76,Wholesale,Bajra,5,Bolangir,2015-16,-,,dash
28,76,Wholesale,Bajra,5,Bolangir,2016-17,-,,dash
28,76,Wholesale,Bajra,5,Bolangir,2017-18,-,,dash
28,76,Wholesale,Bajra,5,Bolangir,2018-19,-,,dash
28,76,Wholesale,Bajra,6,Boudh,2013-14,-,,dash
28,76,Wholesale,Bajra,6,Boudh,2014-15,-,,dash
28,76,Wholesale,Bajra,6,Boudh,2015-16,-,,dash
28,76,Wholesale,Bajra,6,Boudh,2016-17,-,,dash
28,76,Wholesale,Bajra,6,Boudh,2017-18,-,,dash
28,76,Wholesale,Bajra,6,Boudh,2018-19,-,,dash
28,76,Wholesale,Bajra,7,Cuttack,2013-14,1233,1233,ok
28,76,Wholesale,Bajra,7,Cuttack,2014-15,1344,1344,ok
28,76,Wholesale,Bajra,7,Cuttack,2015-16,1402,1402,ok
28,76,Wholesale,Bajra,7,Cuttack,2016-17,1413,1413,ok
28,76,Wholesale,Bajra,7,Cuttack,2017-18,-,,dash
28,76,Wholesale,Bajra,7,Cuttack,2018-19,-,,dash
28,76,Wholesale,Bajra,8,Deogarh,2013-14,-,,dash
28,76,Wholesale,Bajra,8,Deogarh,2014-15,-,,dash
28,76,Wholesale,Bajra,8,Deogarh,2015-16,-,,dash
28,76,Wholesale,Bajra,8,Deogarh,2016-17,-,,dash
28,76,Wholesale,Bajra,8,Deogarh,2017-18,-,,dash
28,76,Wholesale,Bajra,8,Deogarh,2018-19,-,,dash
28,76,Wholesale,Bajra,9,Dhenkanal,2013-14,-,,dash
28,76,Wholesale,Bajra,9,Dhenkanal,2014-15,-,,dash
28,76,Wholesale,Bajra,9,Dhenkanal,2015-16,-,,dash
28,76,Wholesale,Bajra,9,Dhenkanal,2016-17,-,,dash
28,76,Wholesale,Bajra,9,Dhenkanal,2017-18,-,,dash
28,76,Wholesale,Bajra,9,Dhenkanal,2018-19,-,,dash
28,76,Wholesale,Bajra,10,Gajpati,2013-14,1230,1230,ok
28,76,Wholesale,Bajra,10,Gajpati,2014-15,1340,1340,ok
28,76,Wholesale,Bajra,10,Gajpati,2015-16,1398,1398,ok
28,76,Wholesale,Bajra,10,Gajpati,2016-17,1409,1409,ok
28,76,Wholesale,Bajra,10,Gajpati,2017-18,-,,dash
28,76,Wholesale,Bajra,10,Gajpati,2018-19,-,,dash
28,76,Wholesale,Bajra,11,Ganjam,2013-14,1257,1257,ok
28,76,Wholesale,Bajra,11,Ganjam,2014-15,1369,1369,ok
28,76,Wholesale,Bajra,11,Ganjam,2015-16,1428,1428,ok
28,76,Wholesale,Bajra,11,Ganjam,2016-17,1439,1439,ok
28,76,Wholesale,Bajra,11,Ganjam,2017-18,-,,dash
28,76,Wholesale,Bajra,11,Ganjam,2018-19,-,,dash
28,76,Wholesale,Bajra,12,Jagatsinghpur,2013-14,-,,dash
28,76,Wholesale,Bajra,12,Jagatsinghpur,2014-15,-,,dash
28,76,Wholesale,Bajra,12,Jagatsinghpur,2015-16,-,,dash
28,76,Wholesale,Bajra,12,Jagatsinghpur,2016-17,-,,dash
28,76,Wholesale,Bajra,12,Jagatsinghpur,2017-18,-,,dash
28,76,Wholesale,Bajra,12,Jagatsinghpur,2018-19,-,,dash
28,76,Wholesale,Bajra,13,Jajpur,2013-14,-,,dash
28,76,Wholesale,Bajra,13,Jajpur,2014-15,-,,dash
28,76,Wholesale,Bajra,13,Jajpur,2015-16,-,,dash
28,76,Wholesale,Bajra,13,Jajpur,2016-17,-,,dash
28,76,Wholesale,Bajra,13,Jajpur,2017-18,-,,dash
28,76,Wholesale,Bajra,13,Jajpur,2018-19,-,,dash
28,76,Wholesale,Bajra,14,Jharsuguda,2013-14,-,,dash
28,76,Wholesale,Bajra,14,Jharsuguda,2014-15,-,,dash
28,76,Wholesale,Bajra,14,Jharsuguda,2015-16,-,,dash
28,76,Wholesale,Bajra,14,Jharsuguda,2016-17,-,,dash
28,76,Wholesale,Bajra,14,Jharsuguda,2017-18,-,,dash
28,76,Wholesale,Bajra,14,Jharsuguda,2018-19,-,,dash
28,76,Wholesale,Bajra,15,Kalahandi,2013-14,1250,1250,ok
28,76,Wholesale,Bajra,15,Kalahandi,2014-15,1362,1362,ok
28,76,Wholesale,Bajra,15,Kalahandi,2015-16,1421,1421,ok
28,76,Wholesale,Bajra,15,Kalahandi,2016-17,1432,1432,ok
28,76,Wholesale,Bajra,15,Kalahandi,2017-18,-,,dash
28,76,Wholesale,Bajra,15,Kalahandi,2018-19,-,,dash
28,76,Wholesale,Bajra,16,Kandhamal,2013-14,1240,1240,ok
28,76,Wholesale,Bajra,16,Kandhamal,2014-15,1351,1351,ok
28,76,Wholesale,Bajra,16,Kandhamal,2015-16,1409,1409,ok
28,76,Wholesale,Bajra,16,Kandhamal,2016-17,1420,1420,ok
28,76,Wholesale,Bajra,16,Kandhamal,2017-18,-,,dash
28,76,Wholesale,Bajra,16,Kandhamal,2018-19,-,,dash
28,76,Wholesale,Bajra,17,Kendrapara,2013-14,-,,dash
28,76,Wholesale,Bajra,17,Kendrapara,2014-15,-,,dash
28,76,Wholesale,Bajra,17,Kendrapara,2015-16,-,,dash
28,76,Wholesale,Bajra,17,Kendrapara,2016-17,-,,dash
28,76,Wholesale,Bajra,17,Kendrapara,2017-18,-,,dash
28,76,Wholesale,Bajra,17,Kendrapara,2018-19,-,,dash
28,76,Wholesale,Bajra,18,Keonjhar,2013-14,1255,1255,ok
28,76,Wholesale,Bajra,18,Keonjhar,2014-15,1367,1367,ok
28,76,Wholesale,Bajra,18,Keonjhar,2015-16,1426,1426,ok
28,76,Wholesale,Bajra,18,Keonjhar,2016-17,1438,1438,ok
28,76,Wholesale,Bajra,18,Keonjhar,2017-18,-,,dash
28,76,Wholesale,Bajra,18,Keonjhar,2018-19,-,,dash
28,76,Wholesale,Bajra,19,Khurda,2013-14,-,,dash
28,76,Wholesale,Bajra,19,Khurda,2014-15,-,,dash
28,76,Wholesale,Bajra,19,Khurda,2015-16,-,,dash
28,76,Wholesale,Bajra,19,Khurda,2016-17,-,,dash
28,76,Wholesale,Bajra,19,Khurda,2017-18,-,,dash
28,76,Wholesale,Bajra,19,Khurda,2018-19,-,,dash
28,76,Wholesale,Bajra,20,Koraput,2013-14,1225,1225,ok
28,76,Wholesale,Bajra,20,Koraput,2014-15,1335,1335,ok
28,76,Wholesale,Bajra,20,Koraput,2015-16,1392,1392,ok
28,76,Wholesale,Bajra,20,Koraput,2016-17,1403,1403,ok
28,76,Wholesale,Bajra,20,Koraput,2017-18,1850,1850,ok
28,76,Wholesale,Bajra,20,Koraput,2018-19,2000,2000,ok
28,76,Wholesale,Bajra,21,Malkangiri,2013-14,1250,1250,ok
28,76,Wholesale,Bajra,21,Malkangiri,2014-15,1362,1362,ok
28,76,Wholesale,Bajra,21,Malkangiri,2015-16,1421,1421,ok
28,76,Wholesale,Bajra,21,Malkangiri,2016-17,1432,1432,ok
28,76,Wholesale,Bajra,21,Malkangiri,2017-18,1650,1650,ok
28,76,Wholesale,Bajra,21,Malkangiri,2018-19,1900,1900,ok
28,76,Wholesale,Bajra,22,Mayurbhanj,2013-14,-,,dash
28,76,Wholesale,Bajra,22,Mayurbhanj,2014-15,-,,dash
28,76,Wholesale,Bajra,22,Mayurbhanj,2015-16,-,,dash
28,76,Wholesale,Bajra,22,Mayurbhanj,2016-17,-,,dash
28,76,Wholesale,Bajra,22,Mayurbhanj,2017-18,-,,dash
28,76,Wholesale,Bajra,22,Mayurbhanj,2018-19,-,,dash
28,76,Wholesale,Bajra,23,Nabarangapur,2013-14,1260,1260,ok
28,76,Wholesale,Bajra,23,Nabarangapur,2014-15,1373,1373,ok
28,76,Wholesale,Bajra,23,Nabarangapur,2015-16,1432,1432,ok
28,76,Wholesale,Bajra,23,Nabarangapur,2016-17,1443,1443,ok
28,76,Wholesale,Bajra,23,Nabarangapur,2017-18,-,,dash
28,76,Wholesale,Bajra,23,Nabarangapur,2018-19,-,,dash
28,76,Wholesale,Bajra,24,Nayagarh,2013-14,1220,1220,ok
28,76,Wholesale,Bajra,24,Nayagarh,2014-15,1329,1329,ok
28,76,Wholesale,Bajra,24,Nayagarh,2015-16,1387,1387,ok
28,76,Wholesale,Bajra,24,Nayagarh,2016-17,1397,1397,ok
28,76,Wholesale,Bajra,24,Nayagarh,2017-18,-,,dash
28,76,Wholesale,Bajra,24,Nayagarh,2018-19,-,,dash
28,76,Wholesale,Bajra,25,Nuapara,2013-14,1233,1233,ok
28,76,Wholesale,Bajra,25,Nuapara,2014-15,1344,1344,ok
28,76,Wholesale,Bajra,25,Nuapara,2015-16,1402,1402,ok
28,76,Wholesale,Bajra,25,Nuapara,2016-17,1413,1413,ok
28,76,Wholesale,Bajra,25,Nuapara,2017-18,-,,dash
28,76,Wholesale,Bajra,25,Nuapara,2018-19,-,,dash
28,76,Wholesale,Bajra,26,Puri,2013-14,-,,dash
28,76,Wholesale,Bajra,26,Puri,2014-15,-,,dash
28,76,Wholesale,Bajra,26,Puri,2015-16,-,,dash
28,76,Wholesale,Bajra,26,Puri,2016-17,-,,dash
28,76,Wholesale,Bajra,26,Puri,2017-18,-,,dash
28,76,Wholesale,Bajra,26,Puri,2018-19,-,,dash
28,76,Wholesale,Bajra,27,Rayagada,2013-14,1181,1181,ok
28,76,Wholesale,Bajra,27,Rayagada,2014-15,1287,1287,ok
28,76,Wholesale,Bajra,27,Rayagada,2015-16,1342,1342,ok
28,76,Wholesale,Bajra,27,Rayagada,2016-17,1353,1353,ok
28,76,Wholesale,Bajra,27,Rayagada,2017-18,1250,1250,ok
28,76,Wholesale,Bajra,27,Rayagada,2018-19,1550,1550,ok
28,76,Wholesale,Bajra,28,Sambalpur,2013-14,-,,dash
28,76,Wholesale,Bajra,28,Sambalpur,2014-15,-,,dash
28,76,Wholesale,Bajra,28,Sambalpur,2015-16,-,,dash
28,76,Wholesale,Bajra,28,Sambalpur,2016-17,-,,dash
28,76,Wholesale,Bajra,28,Sambalpur,2017-18,1350,1350,ok
28,76,Wholesale,Bajra,28,Sambalpur,2018-19,1600,1600,ok
28,76,Wholesale,Bajra,29,Sonepur,2013-14,-,,dash
28,76,Wholesale,Bajra,29,Sonepur,2014-15,-,,dash
28,76,Wholesale,Bajra,29,Sonepur,2015-16,-,,dash
28,76,Wholesale,Bajra,29,Sonepur,2016-17,-,,dash
28,76,Wholesale,Bajra,29,Sonepur,2017-18,-,,dash
28,76,Wholesale,Bajra,29,Sonepur,2018-19,-,,dash
28,76,Wholesale,Bajra,30,Sundargarh,2013-14,1275,1275,ok
28,76,Wholesale,Bajra,30,Sundargarh,2014-15,1389,1389,ok
28,76,Wholesale,Bajra,30,Sundargarh,2015-16,1449,1449,ok
28,76,Wholesale,Bajra,30,Sundargarh,2016-17,1461,1461,ok
28,76,Wholesale,Bajra,30,Sundargarh,2017-18,-,,dash
28,76,Wholesale,Bajra,30,Sundargarh,2018-19,-,,dash
29,77,Wholesale,Gram,1,Angul,2013-14,3599,3599,ok
29,77,Wholesale,Gram,1,Angul,2014-15,3838,3838,ok
29,77,Wholesale,Gram,1,Angul,2015-16,3888,3888,ok
29,77,Wholesale,Gram,1,Angul,2016-17,4059,4059,ok
29,77,Wholesale,Gram,1,Angul,2017-18,-,,dash
29,77,Wholesale,Gram,1,Angul,2018-19,4028,4028,ok
29,77,Wholesale,Gram,2,Balasore,2013-14,3650,3650,ok
29,77,Wholesale,Gram,2,Balasore,2014-15,4025,4025,ok
29,77,Wholesale,Gram,2,Balasore,2015-16,4077,4077,ok
29,77,Wholesale,Gram,2,Balasore,2016-17,4256,4256,ok
29,77,Wholesale,Gram,2,Balasore,2017-18,4950,4950,ok
29,77,Wholesale,Gram,2,Balasore,2018-19,-,,dash
29,77,Wholesale,Gram,3,Bargarh,2013-14,3600,3600,ok
29,77,Wholesale,Gram,3,Bargarh,2014-15,4000,4000,ok
29,77,Wholesale,Gram,3,Bargarh,2015-16,4052,4052,ok
29,77,Wholesale,Gram,3,Bargarh,2016-17,4230,4230,ok
29,77,Wholesale,Gram,3,Bargarh,2017-18,4740,4740,ok
29,77,Wholesale,Gram,3,Bargarh,2018-19,5670,5670,ok
29,77,Wholesale,Gram,4,Bhadrak,2013-14,3600,3600,ok
29,77,Wholesale,Gram,4,Bhadrak,2014-15,4100,4100,ok
29,77,Wholesale,Gram,4,Bhadrak,2015-16,4153,4153,ok
29,77,Wholesale,Gram,4,Bhadrak,2016-17,4336,4336,ok
29,77,Wholesale,Gram,4,Bhadrak,2017-18,-,,dash
29,77,Wholesale,Gram,4,Bhadrak,2018-19,5268,5268,ok
29,77,Wholesale,Gram,5,Bolangir,2013-14,3617,3617,ok
29,77,Wholesale,Gram,5,Bolangir,2014-15,4200,4200,ok
29,77,Wholesale,Gram,5,Bolangir,2015-16,4255,4255,ok
29,77,Wholesale,Gram,5,Bolangir,2016-17,4441,4441,ok
29,77,Wholesale,Gram,5,Bolangir,2017-18,-,,dash
29,77,Wholesale,Gram,5,Bolangir,2018-19,-,,dash
29,77,Wholesale,Gram,6,Boudh,2013-14,3876,3876,ok
29,77,Wholesale,Gram,6,Boudh,2014-15,4250,4250,ok
29,77,Wholesale,Gram,6,Boudh,2015-16,4305,4305,ok
29,77,Wholesale,Gram,6,Boudh,2016-17,4494,4494,ok
29,77,Wholesale,Gram,6,Boudh,2017-18,5289,5289,ok
29,77,Wholesale,Gram,6,Boudh,2018-19,4500,4500,ok
29,77,Wholesale,Gram,7,Cuttack,2013-14,3888,3888,ok
29,77,Wholesale,Gram,7,Cuttack,2014-15,4275,4275,ok
29,77,Wholesale,Gram,7,Cuttack,2015-16,4331,4331,ok
29,77,Wholesale,Gram,7,Cuttack,2016-17,4521,4521,ok
29,77,Wholesale,Gram,7,Cuttack,2017-18,-,,dash
29,77,Wholesale,Gram,7,Cuttack,2018-19,-,,dash
29,77,Wholesale,Gram,8,Deogarh,2013-14,3650,3650,ok
29,77,Wholesale,Gram,8,Deogarh,2014-15,4000,4000,ok
29,77,Wholesale,Gram,8,Deogarh,2015-16,4052,4052,ok
29,77,Wholesale,Gram,8,Deogarh,2016-17,4230,4230,ok
29,77,Wholesale,Gram,8,Deogarh,2017-18,-,,dash
29,77,Wholesale,Gram,8,Deogarh,2018-19,-,,dash
29,77,Wholesale,Gram,9,Dhenkanal,2013-14,3686,3686,ok
29,77,Wholesale,Gram,9,Dhenkanal,2014-15,4200,4200,ok
29,77,Wholesale,Gram,9,Dhenkanal,2015-16,4255,4255,ok
29,77,Wholesale,Gram,9,Dhenkanal,2016-17,4441,4441,ok
29,77,Wholesale,Gram,9,Dhenkanal,2017-18,-,,dash
29,77,Wholesale,Gram,9,Dhenkanal,2018-19,-,,dash
29,77,Wholesale,Gram,10,Gajpati,2013-14,-,,dash
29,77,Wholesale,Gram,10,Gajpati,2014-15,-,,dash
29,77,Wholesale,Gram,10,Gajpati,2015-16,-,,dash
29,77,Wholesale,Gram,10,Gajpati,2016-17,-,,dash
29,77,Wholesale,Gram,10,Gajpati,2017-18,4950,4950,ok
29,77,Wholesale,Gram,10,Gajpati,2018-19,6500,6500,ok
29,77,Wholesale,Gram,11,Ganjam,2013-14,3650,3650,ok
29,77,Wholesale,Gram,11,Ganjam,2014-15,4000,4000,ok
29,77,Wholesale,Gram,11,Ganjam,2015-16,4052,4052,ok
29,77,Wholesale,Gram,11,Ganjam,2016-17,4230,4230,ok
29,77,Wholesale,Gram,11,Ganjam,2017-18,5033,5033,ok
29,77,Wholesale,Gram,11,Ganjam,2018-19,4820,4820,ok
29,77,Wholesale,Gram,12,Jagatsinghpur,2013-14,3800,3800,ok
29,77,Wholesale,Gram,12,Jagatsinghpur,2014-15,4300,4300,ok
29,77,Wholesale,Gram,12,Jagatsinghpur,2015-16,4356,4356,ok
29,77,Wholesale,Gram,12,Jagatsinghpur,2016-17,4547,4547,ok
29,77,Wholesale,Gram,12,Jagatsinghpur,2017-18,-,,dash
29,77,Wholesale,Gram,12,Jagatsinghpur,2018-19,-,,dash
29,77,Wholesale,Gram,13,Jajpur,2013-14,3800,3800,ok
29,77,Wholesale,Gram,13,Jajpur,2014-15,4300,4300,ok
29,77,Wholesale,Gram,13,Jajpur,2015-16,4356,4356,ok
29,77,Wholesale,Gram,13,Jajpur,2016-17,4547,4547,ok
29,77,Wholesale,Gram,13,Jajpur,2017-18,4900,4900,ok
29,77,Wholesale,Gram,13,Jajpur,2018-19,-,,dash
29,77,Wholesale,Gram,14,Jharsuguda,2013-14,3620,3620,ok
29,77,Wholesale,Gram,14,Jharsuguda,2014-15,4100,4100,ok
29,77,Wholesale,Gram,14,Jharsuguda,2015-16,4153,4153,ok
29,77,Wholesale,Gram,14,Jharsuguda,2016-17,4336,4336,ok
29,77,Wholesale,Gram,14,Jharsuguda,2017-18,-,,dash
29,77,Wholesale,Gram,14,Jharsuguda,2018-19,-,,dash
29,77,Wholesale,Gram,15,Kalahandi,2013-14,3581,3581,ok
29,77,Wholesale,Gram,15,Kalahandi,2014-15,3838,3838,ok
29,77,Wholesale,Gram,15,Kalahandi,2015-16,3888,3888,ok
29,77,Wholesale,Gram,15,Kalahandi,2016-17,4059,4059,ok
29,77,Wholesale,Gram,15,Kalahandi,2017-18,-,,dash
29,77,Wholesale,Gram,15,Kalahandi,2018-19,-,,dash
29,77,Wholesale,Gram,16,Kandhamal,2013-14,3867,3867,ok
29,77,Wholesale,Gram,16,Kandhamal,2014-15,4200,4200,ok
29,77,Wholesale,Gram,16,Kandhamal,2015-16,4255,4255,ok
29,77,Wholesale,Gram,16,Kandhamal,2016-17,4441,4441,ok
29,77,Wholesale,Gram,16,Kandhamal,2017-18,5100,5100,ok
29,77,Wholesale,Gram,16,Kandhamal,2018-19,5100,5100,ok
29,77,Wholesale,Gram,17,Kendrapara,2013-14,3833,3833,ok
29,77,Wholesale,Gram,17,Kendrapara,2014-15,4185,4185,ok
29,77,Wholesale,Gram,17,Kendrapara,2015-16,4239,4239,ok
29,77,Wholesale,Gram,17,Kendrapara,2016-17,4426,4426,ok
29,77,Wholesale,Gram,17,Kendrapara,2017-18,-,,dash
29,77,Wholesale,Gram,17,Kendrapara,2018-19,-,,dash
29,77,Wholesale,Gram,18,Keonjhar,2013-14,3625,3625,ok
29,77,Wholesale,Gram,18,Keonjhar,2014-15,3950,3950,ok
29,77,Wholesale,Gram,18,Keonjhar,2015-16,4001,4001,ok
29,77,Wholesale,Gram,18,Keonjhar,2016-17,4177,4177,ok
29,77,Wholesale,Gram,18,Keonjhar,2017-18,5057,5057,ok
29,77,Wholesale,Gram,18,Keonjhar,2018-19,-,,dash
29,77,Wholesale,Gram,19,Khurda,2013-14,3700,3700,ok
29,77,Wholesale,Gram,19,Khurda,2014-15,4283,4283,ok
29,77,Wholesale,Gram,19,Khurda,2015-16,4339,4339,ok
29,77,Wholesale,Gram,19,Khurda,2016-17,4529,4529,ok
29,77,Wholesale,Gram,19,Khurda,2017-18,4887,4887,ok
29,77,Wholesale,Gram,19,Khurda,2018-19,-,,dash
29,77,Wholesale,Gram,20,Koraput,2013-14,3582,3582,ok
29,77,Wholesale,Gram,20,Koraput,2014-15,4000,4000,ok
29,77,Wholesale,Gram,20,Koraput,2015-16,4052,4052,ok
29,77,Wholesale,Gram,20,Koraput,2016-17,4230,4230,ok
29,77,Wholesale,Gram,20,Koraput,2017-18,-,,dash
29,77,Wholesale,Gram,20,Koraput,2018-19,-,,dash
29,77,Wholesale,Gram,21,Malkangiri,2013-14,3567,3567,ok
29,77,Wholesale,Gram,21,Malkangiri,2014-15,4000,4000,ok
29,77,Wholesale,Gram,21,Malkangiri,2015-16,4052,4052,ok
29,77,Wholesale,Gram,21,Malkangiri,2016-17,4230,4230,ok
29,77,Wholesale,Gram,21,Malkangiri,2017-18,5050,5050,ok
29,77,Wholesale,Gram,21,Malkangiri,2018-19,5100,5100,ok
29,77,Wholesale,Gram,22,Mayurbhanj,2013-14,3600,3600,ok
29,77,Wholesale,Gram,22,Mayurbhanj,2014-15,3875,3875,ok
29,77,Wholesale,Gram,22,Mayurbhanj,2015-16,3925,3925,ok
29,77,Wholesale,Gram,22,Mayurbhanj,2016-17,4098,4098,ok
29,77,Wholesale,Gram,22,Mayurbhanj,2017-18,4630,4630,ok
29,77,Wholesale,Gram,22,Mayurbhanj,2018-19,5499,5499,ok
29,77,Wholesale,Gram,23,Nabarangapur,2013-14,3526,3526,ok
29,77,Wholesale,Gram,23,Nabarangapur,2014-15,3950,3950,ok
29,77,Wholesale,Gram,23,Nabarangapur,2015-16,4001,4001,ok
29,77,Wholesale,Gram,23,Nabarangapur,2016-17,4177,4177,ok
29,77,Wholesale,Gram,23,Nabarangapur,2017-18,4583,4583,ok
29,77,Wholesale,Gram,23,Nabarangapur,2018-19,5100,5100,ok
29,77,Wholesale,Gram,24,Nayagarh,2013-14,3595,3595,ok
29,77,Wholesale,Gram,24,Nayagarh,2014-15,4075,4075,ok
29,77,Wholesale,Gram,24,Nayagarh,2015-16,4128,4128,ok
29,77,Wholesale,Gram,24,Nayagarh,2016-17,4309,4309,ok
29,77,Wholesale,Gram,24,Nayagarh,2017-18,5012,5012,ok
29,77,Wholesale,Gram,24,Nayagarh,2018-19,4780,4780,ok
29,77,Wholesale,Gram,25,Nuapara,2013-14,3595,3595,ok
29,77,Wholesale,Gram,25,Nuapara,2014-15,3850,3850,ok
29,77,Wholesale,Gram,25,Nuapara,2015-16,3900,3900,ok
29,77,Wholesale,Gram,25,Nuapara,2016-17,4071,4071,ok
29,77,Wholesale,Gram,25,Nuapara,2017-18,4000,4000,ok
29,77,Wholesale,Gram,25,Nuapara,2018-19,-,,dash
29,77,Wholesale,Gram,26,Puri,2013-14,3700,3700,ok
29,77,Wholesale,Gram,26,Puri,2014-15,4000,4000,ok
29,77,Wholesale,Gram,26,Puri,2015-16,4052,4052,ok
29,77,Wholesale,Gram,26,Puri,2016-17,4230,4230,ok
29,77,Wholesale,Gram,26,Puri,2017-18,-,,dash
29,77,Wholesale,Gram,26,Puri,2018-19,-,,dash
29,77,Wholesale,Gram,27,Rayagada,2013-14,3600,3600,ok
29,77,Wholesale,Gram,27,Rayagada,2014-15,4000,4000,ok
29,77,Wholesale,Gram,27,Rayagada,2015-16,4052,4052,ok
29,77,Wholesale,Gram,27,Rayagada,2016-17,4230,4230,ok
29,77,Wholesale,Gram,27,Rayagada,2017-18,3000,3000,ok
29,77,Wholesale,Gram,27,Rayagada,2018-19,-,,dash
29,77,Wholesale,Gram,28,Sambalpur,2013-14,3610,3610,ok
29,77,Wholesale,Gram,28,Sambalpur,2014-15,4000,4000,ok
29,77,Wholesale,Gram,28,Sambalpur,2015-16,4052,4052,ok
29,77,Wholesale,Gram,28,Sambalpur,2016-17,4230,4230,ok
29,77,Wholesale,Gram,28,Sambalpur,2017-18,-,,dash
29,77,Wholesale,Gram,28,Sambalpur,2018-19,-,,dash
29,77,Wholesale,Gram,29,Sonepur,2013-14,3872,3872,ok
29,77,Wholesale,Gram,29,Sonepur,2014-15,4150,4150,ok
29,77,Wholesale,Gram,29,Sonepur,2015-16,4204,4204,ok
29,77,Wholesale,Gram,29,Sonepur,2016-17,4389,4389,ok
29,77,Wholesale,Gram,29,Sonepur,2017-18,4800,4800,ok
29,77,Wholesale,Gram,29,Sonepur,2018-19,4683,4683,ok
29,77,Wholesale,Gram,30,Sundargarh,2013-14,3663,3663,ok
29,77,Wholesale,Gram,30,Sundargarh,2014-15,4000,4000,ok
29,77,Wholesale,Gram,30,Sundargarh,2015-16,4052,4052,ok
29,77,Wholesale,Gram,30,Sundargarh,2016-17,4230,4230,ok
29,77,Wholesale,Gram,30,Sundargarh,2017-18,5000,5000,ok
29,77,Wholesale,Gram,30,Sundargarh,2018-19,4500,4500,ok
30,78,Wholesale,Arhar,1,Angul,2013-14,4505,4505,ok
30,78,Wholesale,Arhar,1,Angul,2014-15,5314,5314,ok
30,78,Wholesale,Arhar,1,Angul,2015-16,6024,6024,ok
30,78,Wholesale,Arhar,1,Angul,2016-17,6557,6557,ok
30,78,Wholesale,Arhar,1,Angul,2017-18,6860,6860,ok
30,78,Wholesale,Arhar,1,Angul,2018-19,5800,5800,ok
30,78,Wholesale,Arhar,2,Balasore,2013-14,4650,4650,ok
30,78,Wholesale,Arhar,2,Balasore,2014-15,5800,5800,ok
30,78,Wholesale,Arhar,2,Balasore,2015-16,6574,6574,ok
30,78,Wholesale,Arhar,2,Balasore,2016-17,7156,7156,ok
30,78,Wholesale,Arhar,2,Balasore,2017-18,-,,dash
30,78,Wholesale,Arhar,2,Balasore,2018-19,-,,dash
30,78,Wholesale,Arhar,3,Bargarh,2013-14,4600,4600,ok
30,78,Wholesale,Arhar,3,Bargarh,2014-15,5650,5650,ok
30,78,Wholesale,Arhar,3,Bargarh,2015-16,6404,6404,ok
30,78,Wholesale,Arhar,3,Bargarh,2016-17,6971,6971,ok
30,78,Wholesale,Arhar,3,Bargarh,2017-18,6910,6910,ok
30,78,Wholesale,Arhar,3,Bargarh,2018-19,7190,7190,ok
30,78,Wholesale,Arhar,4,Bhadrak,2013-14,5000,5000,ok
30,78,Wholesale,Arhar,4,Bhadrak,2014-15,6000,6000,ok
30,78,Wholesale,Arhar,4,Bhadrak,2015-16,6801,6801,ok
30,78,Wholesale,Arhar,4,Bhadrak,2016-17,7403,7403,ok
30,78,Wholesale,Arhar,4,Bhadrak,2017-18,-,,dash
30,78,Wholesale,Arhar,4,Bhadrak,2018-19,6571,6571,ok
30,78,Wholesale,Arhar,5,Bolangir,2013-14,4478,4478,ok
30,78,Wholesale,Arhar,5,Bolangir,2014-15,5213,5213,ok
30,78,Wholesale,Arhar,5,Bolangir,2015-16,5909,5909,ok
30,78,Wholesale,Arhar,5,Bolangir,2016-17,6432,6432,ok
30,78,Wholesale,Arhar,5,Bolangir,2017-18,6489,6489,ok
30,78,Wholesale,Arhar,5,Bolangir,2018-19,6489,6489,ok
30,78,Wholesale,Arhar,6,Boudh,2013-14,4733,4733,ok
30,78,Wholesale,Arhar,6,Boudh,2014-15,5733,5733,ok
30,78,Wholesale,Arhar,6,Boudh,2015-16,6499,6499,ok
30,78,Wholesale,Arhar,6,Boudh,2016-17,7074,7074,ok
30,78,Wholesale,Arhar,6,Boudh,2017-18,6600,6600,ok
30,78,Wholesale,Arhar,6,Boudh,2018-19,6640,6640,ok
30,78,Wholesale,Arhar,7,Cuttack,2013-14,5179,5179,ok
30,78,Wholesale,Arhar,7,Cuttack,2014-15,6000,6000,ok
30,78,Wholesale,Arhar,7,Cuttack,2015-16,6801,6801,ok
30,78,Wholesale,Arhar,7,Cuttack,2016-17,7403,7403,ok
30,78,Wholesale,Arhar,7,Cuttack,2017-18,-,,dash
30,78,Wholesale,Arhar,7,Cuttack,2018-19,-,,dash
30,78,Wholesale,Arhar,8,Deogarh,2013-14,4500,4500,ok
30,78,Wholesale,Arhar,8,Deogarh,2014-15,5600,5600,ok
30,78,Wholesale,Arhar,8,Deogarh,2015-16,6348,6348,ok
30,78,Wholesale,Arhar,8,Deogarh,2016-17,6909,6909,ok
30,78,Wholesale,Arhar,8,Deogarh,2017-18,6837,6837,ok
30,78,Wholesale,Arhar,8,Deogarh,2018-19,6461,6461,ok
30,78,Wholesale,Arhar,9,Dhenkanal,2013-14,4789,4789,ok
30,78,Wholesale,Arhar,9,Dhenkanal,2014-15,5800,5800,ok
30,78,Wholesale,Arhar,9,Dhenkanal,2015-16,6574,6574,ok
30,78,Wholesale,Arhar,9,Dhenkanal,2016-17,7156,7156,ok
30,78,Wholesale,Arhar,9,Dhenkanal,2017-18,-,,dash
30,78,Wholesale,Arhar,9,Dhenkanal,2018-19,-,,dash
30,78,Wholesale,Arhar,10,Gajpati,2013-14,4750,4750,ok
30,78,Wholesale,Arhar,10,Gajpati,2014-15,5600,5600,ok
30,78,Wholesale,Arhar,10,Gajpati,2015-16,6348,6348,ok
30,78,Wholesale,Arhar,10,Gajpati,2016-17,6909,6909,ok
30,78,Wholesale,Arhar,10,Gajpati,2017-18,6870,6870,ok
30,78,Wholesale,Arhar,10,Gajpati,2018-19,6120,6120,ok
30,78,Wholesale,Arhar,11,Ganjam,2013-14,4300,4300,ok
30,78,Wholesale,Arhar,11,Ganjam,2014-15,5200,5200,ok
30,78,Wholesale,Arhar,11,Ganjam,2015-16,5894,5894,ok
30,78,Wholesale,Arhar,11,Ganjam,2016-17,6416,6416,ok
30,78,Wholesale,Arhar,11,Ganjam,2017-18,6807,6807,ok
30,78,Wholesale,Arhar,11,Ganjam,2018-19,6312,6312,ok
30,78,Wholesale,Arhar,12,Jagatsinghpur,2013-14,4700,4700,ok
30,78,Wholesale,Arhar,12,Jagatsinghpur,2014-15,5900,5900,ok
30,78,Wholesale,Arhar,12,Jagatsinghpur,2015-16,6688,6688,ok
30,78,Wholesale,Arhar,12,Jagatsinghpur,2016-17,7279,7279,ok
30,78,Wholesale,Arhar,12,Jagatsinghpur,2017-18,-,,dash
30,78,Wholesale,Arhar,12,Jagatsinghpur,2018-19,-,,dash
30,78,Wholesale,Arhar,13,Jajpur,2013-14,4600,4600,ok
30,78,Wholesale,Arhar,13,Jajpur,2014-15,5533,5533,ok
30,78,Wholesale,Arhar,13,Jajpur,2015-16,6272,6272,ok
30,78,Wholesale,Arhar,13,Jajpur,2016-17,6827,6827,ok
30,78,Wholesale,Arhar,13,Jajpur,2017-18,7083,7083,ok
30,78,Wholesale,Arhar,13,Jajpur,2018-19,6200,6200,ok
30,78,Wholesale,Arhar,14,Jharsuguda,2013-14,4500,4500,ok
30,78,Wholesale,Arhar,14,Jharsuguda,2014-15,5650,5650,ok
30,78,Wholesale,Arhar,14,Jharsuguda,2015-16,6404,6404,ok
30,78,Wholesale,Arhar,14,Jharsuguda,2016-17,6971,6971,ok
30,78,Wholesale,Arhar,14,Jharsuguda,2017-18,-,,dash
30,78,Wholesale,Arhar,14,Jharsuguda,2018-19,-,,dash
30,78,Wholesale,Arhar,15,Kalahandi,2013-14,4586,4586,ok
30,78,Wholesale,Arhar,15,Kalahandi,2014-15,5050,5050,ok
30,78,Wholesale,Arhar,15,Kalahandi,2015-16,5724,5724,ok
30,78,Wholesale,Arhar,15,Kalahandi,2016-17,6231,6231,ok
30,78,Wholesale,Arhar,15,Kalahandi,2017-18,-,,dash
30,78,Wholesale,Arhar,15,Kalahandi,2018-19,-,,dash
30,78,Wholesale,Arhar,16,Kandhamal,2013-14,4738,4738,ok
30,78,Wholesale,Arhar,16,Kandhamal,2014-15,5716,5716,ok
30,78,Wholesale,Arhar,16,Kandhamal,2015-16,6479,6479,ok
30,78,Wholesale,Arhar,16,Kandhamal,2016-17,7052,7052,ok
30,78,Wholesale,Arhar,16,Kandhamal,2017-18,7467,7467,ok
30,78,Wholesale,Arhar,16,Kandhamal,2018-19,7467,7467,ok
30,78,Wholesale,Arhar,17,Kendrapara,2013-14,4889,4889,ok
30,78,Wholesale,Arhar,17,Kendrapara,2014-15,5800,5800,ok
30,78,Wholesale,Arhar,17,Kendrapara,2015-16,6574,6574,ok
30,78,Wholesale,Arhar,17,Kendrapara,2016-17,7156,7156,ok
30,78,Wholesale,Arhar,17,Kendrapara,2017-18,7300,7300,ok
30,78,Wholesale,Arhar,17,Kendrapara,2018-19,-,,dash
30,78,Wholesale,Arhar,18,Keonjhar,2013-14,4500,4500,ok
30,78,Wholesale,Arhar,18,Keonjhar,2014-15,5167,5167,ok
30,78,Wholesale,Arhar,18,Keonjhar,2015-16,5856,5856,ok
30,78,Wholesale,Arhar,18,Keonjhar,2016-17,6375,6375,ok
30,78,Wholesale,Arhar,18,Keonjhar,2017-18,6792,6792,ok
30,78,Wholesale,Arhar,18,Keonjhar,2018-19,6341,6341,ok
30,78,Wholesale,Arhar,19,Khurda,2013-14,4800,4800,ok
30,78,Wholesale,Arhar,19,Khurda,2014-15,6000,6000,ok
30,78,Wholesale,Arhar,19,Khurda,2015-16,6801,6801,ok
30,78,Wholesale,Arhar,19,Khurda,2016-17,7403,7403,ok
30,78,Wholesale,Arhar,19,Khurda,2017-18,6522,6522,ok
30,78,Wholesale,Arhar,19,Khurda,2018-19,-,,dash
30,78,Wholesale,Arhar,20,Koraput,2013-14,4600,4600,ok
30,78,Wholesale,Arhar,20,Koraput,2014-15,5658,5658,ok
30,78,Wholesale,Arhar,20,Koraput,2015-16,6414,6414,ok
30,78,Wholesale,Arhar,20,Koraput,2016-17,6981,6981,ok
30,78,Wholesale,Arhar,20,Koraput,2017-18,6500,6500,ok
30,78,Wholesale,Arhar,20,Koraput,2018-19,5800,5800,ok
30,78,Wholesale,Arhar,21,Malkangiri,2013-14,4733,4733,ok
30,78,Wholesale,Arhar,21,Malkangiri,2014-15,6011,6011,ok
30,78,Wholesale,Arhar,21,Malkangiri,2015-16,6814,6814,ok
30,78,Wholesale,Arhar,21,Malkangiri,2016-17,7417,7417,ok
30,78,Wholesale,Arhar,21,Malkangiri,2017-18,7000,7000,ok
30,78,Wholesale,Arhar,21,Malkangiri,2018-19,6725,6725,ok
30,78,Wholesale,Arhar,22,Mayurbhanj,2013-14,4488,4488,ok
30,78,Wholesale,Arhar,22,Mayurbhanj,2014-15,5036,5036,ok
30,78,Wholesale,Arhar,22,Mayurbhanj,2015-16,5708,5708,ok
30,78,Wholesale,Arhar,22,Mayurbhanj,2016-17,6213,6213,ok
30,78,Wholesale,Arhar,22,Mayurbhanj,2017-18,-,,dash
30,78,Wholesale,Arhar,22,Mayurbhanj,2018-19,5805,5805,ok
30,78,Wholesale,Arhar,23,Nabarangapur,2013-14,4500,4500,ok
30,78,Wholesale,Arhar,23,Nabarangapur,2014-15,5567,5567,ok
30,78,Wholesale,Arhar,23,Nabarangapur,2015-16,6310,6310,ok
30,78,Wholesale,Arhar,23,Nabarangapur,2016-17,6868,6868,ok
30,78,Wholesale,Arhar,23,Nabarangapur,2017-18,7513,7513,ok
30,78,Wholesale,Arhar,23,Nabarangapur,2018-19,6167,6167,ok
30,78,Wholesale,Arhar,24,Nayagarh,2013-14,4450,4450,ok
30,78,Wholesale,Arhar,24,Nayagarh,2014-15,4833,4833,ok
30,78,Wholesale,Arhar,24,Nayagarh,2015-16,5479,5479,ok
30,78,Wholesale,Arhar,24,Nayagarh,2016-17,5963,5963,ok
30,78,Wholesale,Arhar,24,Nayagarh,2017-18,6500,6500,ok
30,78,Wholesale,Arhar,24,Nayagarh,2018-19,5683,5683,ok
30,78,Wholesale,Arhar,25,Nuapara,2013-14,4576,4576,ok
30,78,Wholesale,Arhar,25,Nuapara,2014-15,5100,5100,ok
30,78,Wholesale,Arhar,25,Nuapara,2015-16,5781,5781,ok
30,78,Wholesale,Arhar,25,Nuapara,2016-17,6292,6292,ok
30,78,Wholesale,Arhar,25,Nuapara,2017-18,6800,6800,ok
30,78,Wholesale,Arhar,25,Nuapara,2018-19,7000,7000,ok
30,78,Wholesale,Arhar,26,Puri,2013-14,-,,dash
30,78,Wholesale,Arhar,26,Puri,2014-15,-,,dash
30,78,Wholesale,Arhar,26,Puri,2015-16,-,,dash
30,78,Wholesale,Arhar,26,Puri,2016-17,-,,dash
30,78,Wholesale,Arhar,26,Puri,2017-18,6700,6700,ok
30,78,Wholesale,Arhar,26,Puri,2018-19,-,,dash
30,78,Wholesale,Arhar,27,Rayagada,2013-14,4142,4142,ok
30,78,Wholesale,Arhar,27,Rayagada,2014-15,4500,4500,ok
30,78,Wholesale,Arhar,27,Rayagada,2015-16,5101,5101,ok
30,78,Wholesale,Arhar,27,Rayagada,2016-17,5552,5552,ok
30,78,Wholesale,Arhar,27,Rayagada,2017-18,-,,dash
30,78,Wholesale,Arhar,27,Rayagada,2018-19,-,,dash
30,78,Wholesale,Arhar,28,Sambalpur,2013-14,4500,4500,ok
30,78,Wholesale,Arhar,28,Sambalpur,2014-15,5500,5500,ok
30,78,Wholesale,Arhar,28,Sambalpur,2015-16,6234,6234,ok
30,78,Wholesale,Arhar,28,Sambalpur,2016-17,6786,6786,ok
30,78,Wholesale,Arhar,28,Sambalpur,2017-18,-,,dash
30,78,Wholesale,Arhar,28,Sambalpur,2018-19,-,,dash
30,78,Wholesale,Arhar,29,Sonepur,2013-14,4489,4489,ok
30,78,Wholesale,Arhar,29,Sonepur,2014-15,5700,5700,ok
30,78,Wholesale,Arhar,29,Sonepur,2015-16,6461,6461,ok
30,78,Wholesale,Arhar,29,Sonepur,2016-17,7033,7033,ok
30,78,Wholesale,Arhar,29,Sonepur,2017-18,6567,6567,ok
30,78,Wholesale,Arhar,29,Sonepur,2018-19,6200,6200,ok
30,78,Wholesale,Arhar,30,Sundargarh,2013-14,4400,4400,ok
30,78,Wholesale,Arhar,30,Sundargarh,2014-15,5500,5500,ok
30,78,Wholesale,Arhar,30,Sundargarh,2015-16,6234,6234,ok
30,78,Wholesale,Arhar,30,Sundargarh,2016-17,6786,6786,ok
30,78,Wholesale,Arhar,30,Sundargarh,2017-18,-,,dash
30,78,Wholesale,Arhar,30,Sundargarh,2018-19,6081,6081,ok
31,79,Wholesale,Castor,1,Angul,2013-14,3060,3060,ok
31,79,Wholesale,Castor,1,Angul,2014-15,3519,3519,ok
31,79,Wholesale,Castor,1,Angul,2015-16,3543,3543,ok
31,79,Wholesale,Castor,1,Angul,2016-17,3758,3758,ok
31,79,Wholesale,Castor,1,Angul,2017-18,-,,dash
31,79,Wholesale,Castor,1,Angul,2018-19,-,,dash
31,79,Wholesale,Castor,2,Balasore,2013-14,-,,dash
31,79,Wholesale,Castor,2,Balasore,2014-15,-,,dash
31,79,Wholesale,Castor,2,Balasore,2015-16,-,,dash
31,79,Wholesale,Castor,2,Balasore,2016-17,-,,dash
31,79,Wholesale,Castor,2,Balasore,2017-18,6000,6000,ok
31,79,Wholesale,Castor,2,Balasore,2018-19,-,,dash
31,79,Wholesale,Castor,3,Bargarh,2013-14,-,,dash
31,79,Wholesale,Castor,3,Bargarh,2014-15,-,,dash
31,79,Wholesale,Castor,3,Bargarh,2015-16,-,,dash
31,79,Wholesale,Castor,3,Bargarh,2016-17,-,,dash
31,79,Wholesale,Castor,3,Bargarh,2017-18,3500,3500,ok
31,79,Wholesale,Castor,3,Bargarh,2018-19,-,,dash
31,79,Wholesale,Castor,4,Bhadrak,2013-14,-,,dash
31,79,Wholesale,Castor,4,Bhadrak,2014-15,-,,dash
31,79,Wholesale,Castor,4,Bhadrak,2015-16,-,,dash
31,79,Wholesale,Castor,4,Bhadrak,2016-17,-,,dash
31,79,Wholesale,Castor,4,Bhadrak,2017-18,-,,dash
31,79,Wholesale,Castor,4,Bhadrak,2018-19,4167,4167,ok
31,79,Wholesale,Castor,5,Bolangir,2013-14,3120,3120,ok
31,79,Wholesale,Castor,5,Bolangir,2014-15,3587,3587,ok
31,79,Wholesale,Castor,5,Bolangir,2015-16,3612,3612,ok
31,79,Wholesale,Castor,5,Bolangir,2016-17,3831,3831,ok
31,79,Wholesale,Castor,5,Bolangir,2017-18,-,,dash
31,79,Wholesale,Castor,5,Bolangir,2018-19,-,,dash
31,79,Wholesale,Castor,6,Boudh,2013-14,-,,dash
31,79,Wholesale,Castor,6,Boudh,2014-15,-,,dash
31,79,Wholesale,Castor,6,Boudh,2015-16,-,,dash
31,79,Wholesale,Castor,6,Boudh,2016-17,-,,dash
31,79,Wholesale,Castor,6,Boudh,2017-18,-,,dash
31,79,Wholesale,Castor,6,Boudh,2018-19,4206,4206,ok
31,79,Wholesale,Castor,7,Cuttack,2013-14,-,,dash
31,79,Wholesale,Castor,7,Cuttack,2014-15,-,,dash
31,79,Wholesale,Castor,7,Cuttack,2015-16,-,,dash
31,79,Wholesale,Castor,7,Cuttack,2016-17,-,,dash
31,79,Wholesale,Castor,7,Cuttack,2017-18,-,,dash
31,79,Wholesale,Castor,7,Cuttack,2018-19,-,,dash
31,79,Wholesale,Castor,8,Deogarh,2013-14,-,,dash
31,79,Wholesale,Castor,8,Deogarh,2014-15,-,,dash
31,79,Wholesale,Castor,8,Deogarh,2015-16,-,,dash
31,79,Wholesale,Castor,8,Deogarh,2016-17,-,,dash
31,79,Wholesale,Castor,8,Deogarh,2017-18,-,,dash
31,79,Wholesale,Castor,8,Deogarh,2018-19,-,,dash
31,79,Wholesale,Castor,9,Dhenkanal,2013-14,3026,3026,ok
31,79,Wholesale,Castor,9,Dhenkanal,2014-15,3480,3480,ok
31,79,Wholesale,Castor,9,Dhenkanal,2015-16,3504,3504,ok
31,79,Wholesale,Castor,9,Dhenkanal,2016-17,3717,3717,ok
31,79,Wholesale,Castor,9,Dhenkanal,2017-18,-,,dash
31,79,Wholesale,Castor,9,Dhenkanal,2018-19,-,,dash
31,79,Wholesale,Castor,10,Gajpati,2013-14,3060,3060,ok
31,79,Wholesale,Castor,10,Gajpati,2014-15,3519,3519,ok
31,79,Wholesale,Castor,10,Gajpati,2015-16,3543,3543,ok
31,79,Wholesale,Castor,10,Gajpati,2016-17,3758,3758,ok
31,79,Wholesale,Castor,10,Gajpati,2017-18,3900,3900,ok
31,79,Wholesale,Castor,10,Gajpati,2018-19,-,,dash
31,79,Wholesale,Castor,11,Ganjam,2013-14,2992,2992,ok
31,79,Wholesale,Castor,11,Ganjam,2014-15,3441,3441,ok
31,79,Wholesale,Castor,11,Ganjam,2015-16,3465,3465,ok
31,79,Wholesale,Castor,11,Ganjam,2016-17,3675,3675,ok
31,79,Wholesale,Castor,11,Ganjam,2017-18,-,,dash
31,79,Wholesale,Castor,11,Ganjam,2018-19,-,,dash
31,79,Wholesale,Castor,12,Jagatsinghpur,2013-14,-,,dash
31,79,Wholesale,Castor,12,Jagatsinghpur,2014-15,-,,dash
31,79,Wholesale,Castor,12,Jagatsinghpur,2015-16,-,,dash
31,79,Wholesale,Castor,12,Jagatsinghpur,2016-17,-,,dash
31,79,Wholesale,Castor,12,Jagatsinghpur,2017-18,-,,dash
31,79,Wholesale,Castor,12,Jagatsinghpur,2018-19,4134,4134,ok
31,79,Wholesale,Castor,13,Jajpur,2013-14,-,,dash
31,79,Wholesale,Castor,13,Jajpur,2014-15,-,,dash
31,79,Wholesale,Castor,13,Jajpur,2015-16,-,,dash
31,79,Wholesale,Castor,13,Jajpur,2016-17,-,,dash
31,79,Wholesale,Castor,13,Jajpur,2017-18,-,,dash
31,79,Wholesale,Castor,13,Jajpur,2018-19,-,,dash
31,79,Wholesale,Castor,14,Jharsuguda,2013-14,3366,3366,ok
31,79,Wholesale,Castor,14,Jharsuguda,2014-15,3871,3871,ok
31,79,Wholesale,Castor,14,Jharsuguda,2015-16,3898,3898,ok
31,79,Wholesale,Castor,14,Jharsuguda,2016-17,4134,4134,ok
31,79,Wholesale,Castor,14,Jharsuguda,2017-18,-,,dash
31,79,Wholesale,Castor,14,Jharsuguda,2018-19,-,,dash
31,79,Wholesale,Castor,15,Kalahandi,2013-14,2958,2958,ok
31,79,Wholesale,Castor,15,Kalahandi,2014-15,3402,3402,ok
31,79,Wholesale,Castor,15,Kalahandi,2015-16,3425,3425,ok
31,79,Wholesale,Castor,15,Kalahandi,2016-17,3633,3633,ok
31,79,Wholesale,Castor,15,Kalahandi,2017-18,-,,dash
31,79,Wholesale,Castor,15,Kalahandi,2018-19,-,,dash
31,79,Wholesale,Castor,16,Kandhamal,2013-14,3060,3060,ok
31,79,Wholesale,Castor,16,Kandhamal,2014-15,3519,3519,ok
31,79,Wholesale,Castor,16,Kandhamal,2015-16,3543,3543,ok
31,79,Wholesale,Castor,16,Kandhamal,2016-17,3758,3758,ok
31,79,Wholesale,Castor,16,Kandhamal,2017-18,-,,dash
31,79,Wholesale,Castor,16,Kandhamal,2018-19,-,,dash
31,79,Wholesale,Castor,17,Kendrapara,2013-14,-,,dash
31,79,Wholesale,Castor,17,Kendrapara,2014-15,-,,dash
31,79,Wholesale,Castor,17,Kendrapara,2015-16,-,,dash
31,79,Wholesale,Castor,17,Kendrapara,2016-17,-,,dash
31,79,Wholesale,Castor,17,Kendrapara,2017-18,-,,dash
31,79,Wholesale,Castor,17,Kendrapara,2018-19,-,,dash
31,79,Wholesale,Castor,18,Keonjhar,2013-14,-,,dash
31,79,Wholesale,Castor,18,Keonjhar,2014-15,-,,dash
31,79,Wholesale,Castor,18,Keonjhar,2015-16,-,,dash
31,79,Wholesale,Castor,18,Keonjhar,2016-17,-,,dash
31,79,Wholesale,Castor,18,Keonjhar,2017-18,-,,dash
31,79,Wholesale,Castor,18,Keonjhar,2018-19,-,,dash
31,79,Wholesale,Castor,19,Khurda,2013-14,3264,3264,ok
31,79,Wholesale,Castor,19,Khurda,2014-15,3754,3754,ok
31,79,Wholesale,Castor,19,Khurda,2015-16,3779,3779,ok
31,79,Wholesale,Castor,19,Khurda,2016-17,4009,4009,ok
31,79,Wholesale,Castor,19,Khurda,2017-18,-,,dash
31,79,Wholesale,Castor,19,Khurda,2018-19,-,,dash
31,79,Wholesale,Castor,20,Koraput,2013-14,2958,2958,ok
31,79,Wholesale,Castor,20,Koraput,2014-15,3402,3402,ok
31,79,Wholesale,Castor,20,Koraput,2015-16,3425,3425,ok
31,79,Wholesale,Castor,20,Koraput,2016-17,3633,3633,ok
31,79,Wholesale,Castor,20,Koraput,2017-18,-,,dash
31,79,Wholesale,Castor,20,Koraput,2018-19,-,,dash
31,79,Wholesale,Castor,21,Malkangiri,2013-14,-,,dash
31,79,Wholesale,Castor,21,Malkangiri,2014-15,-,,dash
31,79,Wholesale,Castor,21,Malkangiri,2015-16,-,,dash
31,79,Wholesale,Castor,21,Malkangiri,2016-17,-,,dash
31,79,Wholesale,Castor,21,Malkangiri,2017-18,-,,dash
31,79,Wholesale,Castor,21,Malkangiri,2018-19,-,,dash
31,79,Wholesale,Castor,22,Mayurbhanj,2013-14,3111,3111,ok
31,79,Wholesale,Castor,22,Mayurbhanj,2014-15,3578,3578,ok
31,79,Wholesale,Castor,22,Mayurbhanj,2015-16,3602,3602,ok
31,79,Wholesale,Castor,22,Mayurbhanj,2016-17,3821,3821,ok
31,79,Wholesale,Castor,22,Mayurbhanj,2017-18,-,,dash
31,79,Wholesale,Castor,22,Mayurbhanj,2018-19,-,,dash
31,79,Wholesale,Castor,23,Nabarangapur,2013-14,2958,2958,ok
31,79,Wholesale,Castor,23,Nabarangapur,2014-15,3402,3402,ok
31,79,Wholesale,Castor,23,Nabarangapur,2015-16,3425,3425,ok
31,79,Wholesale,Castor,23,Nabarangapur,2016-17,3633,3633,ok
31,79,Wholesale,Castor,23,Nabarangapur,2017-18,3500,3500,ok
31,79,Wholesale,Castor,23,Nabarangapur,2018-19,-,,dash
31,79,Wholesale,Castor,24,Nayagarh,2013-14,3182,3182,ok
31,79,Wholesale,Castor,24,Nayagarh,2014-15,3660,3660,ok
31,79,Wholesale,Castor,24,Nayagarh,2015-16,3685,3685,ok
31,79,Wholesale,Castor,24,Nayagarh,2016-17,3909,3909,ok
31,79,Wholesale,Castor,24,Nayagarh,2017-18,-,,dash
31,79,Wholesale,Castor,24,Nayagarh,2018-19,-,,dash
31,79,Wholesale,Castor,25,Nuapara,2013-14,2958,2958,ok
31,79,Wholesale,Castor,25,Nuapara,2014-15,3402,3402,ok
31,79,Wholesale,Castor,25,Nuapara,2015-16,3425,3425,ok
31,79,Wholesale,Castor,25,Nuapara,2016-17,3633,3633,ok
31,79,Wholesale,Castor,25,Nuapara,2017-18,-,,dash
31,79,Wholesale,Castor,25,Nuapara,2018-19,4000,4000,ok
31,79,Wholesale,Castor,26,Puri,2013-14,3332,3332,ok
31,79,Wholesale,Castor,26,Puri,2014-15,3832,3832,ok
31,79,Wholesale,Castor,26,Puri,2015-16,3858,3858,ok
31,79,Wholesale,Castor,26,Puri,2016-17,4092,4092,ok
31,79,Wholesale,Castor,26,Puri,2017-18,-,,dash
31,79,Wholesale,Castor,26,Puri,2018-19,-,,dash
31,79,Wholesale,Castor,27,Rayagada,2013-14,3264,3264,ok
31,79,Wholesale,Castor,27,Rayagada,2014-15,3754,3754,ok
31,79,Wholesale,Castor,27,Rayagada,2015-16,3779,3779,ok
31,79,Wholesale,Castor,27,Rayagada,2016-17,4009,4009,ok
31,79,Wholesale,Castor,27,Rayagada,2017-18,2800,2800,ok
31,79,Wholesale,Castor,27,Rayagada,2018-19,-,,dash
31,79,Wholesale,Castor,28,Sambalpur,2013-14,-,,dash
31,79,Wholesale,Castor,28,Sambalpur,2014-15,-,,dash
31,79,Wholesale,Castor,28,Sambalpur,2015-16,-,,dash
31,79,Wholesale,Castor,28,Sambalpur,2016-17,-,,dash
31,79,Wholesale,Castor,28,Sambalpur,2017-18,-,,dash
31,79,Wholesale,Castor,28,Sambalpur,2018-19,-,,dash
31,79,Wholesale,Castor,29,Sonepur,2013-14,-,,dash
31,79,Wholesale,Castor,29,Sonepur,2014-15,-,,dash
31,79,Wholesale,Castor,29,Sonepur,2015-16,-,,dash
31,79,Wholesale,Castor,29,Sonepur,2016-17,-,,dash
31,79,Wholesale,Castor,29,Sonepur,2017-18,-,,dash
31,79,Wholesale,Castor,29,Sonepur,2018-19,-,,dash
31,79,Wholesale,Castor,30,Sundargarh,2013-14,3147,3147,ok
31,79,Wholesale,Castor,30,Sundargarh,2014-15,3619,3619,ok
31,79,Wholesale,Castor,30,Sundargarh,2015-16,3644,3644,ok
31,79,Wholesale,Castor,30,Sundargarh,2016-17,3865,3865,ok
31,79,Wholesale,Castor,30,Sundargarh,2017-18,-,,dash
31,79,Wholesale,Castor,30,Sundargarh,2018-19,-,,dash
32,80,Wholesale,Sunflower,1,Angul,2013-14,-,,dash
32,80,Wholesale,Sunflower,1,Angul,2014-15,4700,4700,ok
32,80,Wholesale,Sunflower,1,Angul,2015-16,4732,4732,ok
32,80,Wholesale,Sunflower,1,Angul,2016-17,-,,dash
32,80,Wholesale,Sunflower,1,Angul,2017-18,-,,dash
32,80,Wholesale,Sunflower,1,Angul,2018-19,-,,dash
32,80,Wholesale,Sunflower,2,Balasore,2013-14,4500,4500,ok
32,80,Wholesale,Sunflower,2,Balasore,2014-15,4700,4700,ok
32,80,Wholesale,Sunflower,2,Balasore,2015-16,4732,4732,ok
32,80,Wholesale,Sunflower,2,Balasore,2016-17,-,,dash
32,80,Wholesale,Sunflower,2,Balasore,2017-18,-,,dash
32,80,Wholesale,Sunflower,2,Balasore,2018-19,-,,dash
32,80,Wholesale,Sunflower,3,Bargarh,2013-14,4500,4500,ok
32,80,Wholesale,Sunflower,3,Bargarh,2014-15,4700,4700,ok
32,80,Wholesale,Sunflower,3,Bargarh,2015-16,4732,4732,ok
32,80,Wholesale,Sunflower,3,Bargarh,2016-17,-,,dash
32,80,Wholesale,Sunflower,3,Bargarh,2017-18,-,,dash
32,80,Wholesale,Sunflower,3,Bargarh,2018-19,-,,dash
32,80,Wholesale,Sunflower,4,Bhadrak,2013-14,4200,4200,ok
32,80,Wholesale,Sunflower,4,Bhadrak,2014-15,4500,4500,ok
32,80,Wholesale,Sunflower,4,Bhadrak,2015-16,4530,4530,ok
32,80,Wholesale,Sunflower,4,Bhadrak,2016-17,-,,dash
32,80,Wholesale,Sunflower,4,Bhadrak,2017-18,-,,dash
32,80,Wholesale,Sunflower,4,Bhadrak,2018-19,-,,dash
32,80,Wholesale,Sunflower,5,Bolangir,2013-14,3767,3767,ok
32,80,Wholesale,Sunflower,5,Bolangir,2014-15,3900,3900,ok
32,80,Wholesale,Sunflower,5,Bolangir,2015-16,3926,3926,ok
32,80,Wholesale,Sunflower,5,Bolangir,2016-17,-,,dash
32,80,Wholesale,Sunflower,5,Bolangir,2017-18,-,,dash
32,80,Wholesale,Sunflower,5,Bolangir,2018-19,-,,dash
32,80,Wholesale,Sunflower,6,Boudh,2013-14,4133,4133,ok
32,80,Wholesale,Sunflower,6,Boudh,2014-15,4250,4250,ok
32,80,Wholesale,Sunflower,6,Boudh,2015-16,4279,4279,ok
32,80,Wholesale,Sunflower,6,Boudh,2016-17,-,,dash
32,80,Wholesale,Sunflower,6,Boudh,2017-18,-,,dash
32,80,Wholesale,Sunflower,6,Boudh,2018-19,-,,dash
32,80,Wholesale,Sunflower,7,Cuttack,2013-14,4350,4350,ok
32,80,Wholesale,Sunflower,7,Cuttack,2014-15,4500,4500,ok
32,80,Wholesale,Sunflower,7,Cuttack,2015-16,4530,4530,ok
32,80,Wholesale,Sunflower,7,Cuttack,2016-17,-,,dash
32,80,Wholesale,Sunflower,7,Cuttack,2017-18,-,,dash
32,80,Wholesale,Sunflower,7,Cuttack,2018-19,-,,dash
32,80,Wholesale,Sunflower,8,Deogarh,2013-14,4267,4267,ok
32,80,Wholesale,Sunflower,8,Deogarh,2014-15,4450,4450,ok
32,80,Wholesale,Sunflower,8,Deogarh,2015-16,4480,4480,ok
32,80,Wholesale,Sunflower,8,Deogarh,2016-17,-,,dash
32,80,Wholesale,Sunflower,8,Deogarh,2017-18,-,,dash
32,80,Wholesale,Sunflower,8,Deogarh,2018-19,4800,4800,ok
32,80,Wholesale,Sunflower,9,Dhenkanal,2013-14,-,,dash
32,80,Wholesale,Sunflower,9,Dhenkanal,2014-15,-,,dash
32,80,Wholesale,Sunflower,9,Dhenkanal,2015-16,-,,dash
32,80,Wholesale,Sunflower,9,Dhenkanal,2016-17,-,,dash
32,80,Wholesale,Sunflower,9,Dhenkanal,2017-18,-,,dash
32,80,Wholesale,Sunflower,9,Dhenkanal,2018-19,-,,dash
32,80,Wholesale,Sunflower,10,Gajpati,2013-14,4070,4070,ok
32,80,Wholesale,Sunflower,10,Gajpati,2014-15,4200,4200,ok
32,80,Wholesale,Sunflower,10,Gajpati,2015-16,4228,4228,ok
32,80,Wholesale,Sunflower,10,Gajpati,2016-17,-,,dash
32,80,Wholesale,Sunflower,10,Gajpati,2017-18,8000,8000,ok
32,80,Wholesale,Sunflower,10,Gajpati,2018-19,-,,dash
32,80,Wholesale,Sunflower,11,Ganjam,2013-14,4120,4120,ok
32,80,Wholesale,Sunflower,11,Ganjam,2014-15,4300,4300,ok
32,80,Wholesale,Sunflower,11,Ganjam,2015-16,4329,4329,ok
32,80,Wholesale,Sunflower,11,Ganjam,2016-17,-,,dash
32,80,Wholesale,Sunflower,11,Ganjam,2017-18,-,,dash
32,80,Wholesale,Sunflower,11,Ganjam,2018-19,-,,dash
32,80,Wholesale,Sunflower,12,Jagatsinghpur,2013-14,4250,4250,ok
32,80,Wholesale,Sunflower,12,Jagatsinghpur,2014-15,4400,4400,ok
32,80,Wholesale,Sunflower,12,Jagatsinghpur,2015-16,4430,4430,ok
32,80,Wholesale,Sunflower,12,Jagatsinghpur,2016-17,-,,dash
32,80,Wholesale,Sunflower,12,Jagatsinghpur,2017-18,-,,dash
32,80,Wholesale,Sunflower,12,Jagatsinghpur,2018-19,-,,dash
32,80,Wholesale,Sunflower,13,Jajpur,2013-14,-,,dash
32,80,Wholesale,Sunflower,13,Jajpur,2014-15,-,,dash
32,80,Wholesale,Sunflower,13,Jajpur,2015-16,-,,dash
32,80,Wholesale,Sunflower,13,Jajpur,2016-17,-,,dash
32,80,Wholesale,Sunflower,13,Jajpur,2017-18,-,,dash
32,80,Wholesale,Sunflower,13,Jajpur,2018-19,-,,dash
32,80,Wholesale,Sunflower,14,Jharsuguda,2013-14,4286,4286,ok
32,80,Wholesale,Sunflower,14,Jharsuguda,2014-15,4400,4400,ok
32,80,Wholesale,Sunflower,14,Jharsuguda,2015-16,4430,4430,ok
32,80,Wholesale,Sunflower,14,Jharsuguda,2016-17,-,,dash
32,80,Wholesale,Sunflower,14,Jharsuguda,2017-18,-,,dash
32,80,Wholesale,Sunflower,14,Jharsuguda,2018-19,-,,dash
32,80,Wholesale,Sunflower,15,Kalahandi,2013-14,3675,3675,ok
32,80,Wholesale,Sunflower,15,Kalahandi,2014-15,3800,3800,ok
32,80,Wholesale,Sunflower,15,Kalahandi,2015-16,3826,3826,ok
32,80,Wholesale,Sunflower,15,Kalahandi,2016-17,-,,dash
32,80,Wholesale,Sunflower,15,Kalahandi,2017-18,-,,dash
32,80,Wholesale,Sunflower,15,Kalahandi,2018-19,-,,dash
32,80,Wholesale,Sunflower,16,Kandhamal,2013-14,4033,4033,ok
32,80,Wholesale,Sunflower,16,Kandhamal,2014-15,4200,4200,ok
32,80,Wholesale,Sunflower,16,Kandhamal,2015-16,4228,4228,ok
32,80,Wholesale,Sunflower,16,Kandhamal,2016-17,-,,dash
32,80,Wholesale,Sunflower,16,Kandhamal,2017-18,-,,dash
32,80,Wholesale,Sunflower,16,Kandhamal,2018-19,-,,dash
32,80,Wholesale,Sunflower,17,Kendrapara,2013-14,4250,4250,ok
32,80,Wholesale,Sunflower,17,Kendrapara,2014-15,4400,4400,ok
32,80,Wholesale,Sunflower,17,Kendrapara,2015-16,4430,4430,ok
32,80,Wholesale,Sunflower,17,Kendrapara,2016-17,-,,dash
32,80,Wholesale,Sunflower,17,Kendrapara,2017-18,-,,dash
32,80,Wholesale,Sunflower,17,Kendrapara,2018-19,-,,dash
32,80,Wholesale,Sunflower,18,Keonjhar,2013-14,3926,3926,ok
32,80,Wholesale,Sunflower,18,Keonjhar,2014-15,4100,4100,ok
32,80,Wholesale,Sunflower,18,Keonjhar,2015-16,4128,4128,ok
32,80,Wholesale,Sunflower,18,Keonjhar,2016-17,-,,dash
32,80,Wholesale,Sunflower,18,Keonjhar,2017-18,-,,dash
32,80,Wholesale,Sunflower,18,Keonjhar,2018-19,-,,dash
32,80,Wholesale,Sunflower,19,Khurda,2013-14,4400,4400,ok
32,80,Wholesale,Sunflower,19,Khurda,2014-15,4533,4533,ok
32,80,Wholesale,Sunflower,19,Khurda,2015-16,4564,4564,ok
32,80,Wholesale,Sunflower,19,Khurda,2016-17,-,,dash
32,80,Wholesale,Sunflower,19,Khurda,2017-18,-,,dash
32,80,Wholesale,Sunflower,19,Khurda,2018-19,-,,dash
32,80,Wholesale,Sunflower,20,Koraput,2013-14,4100,4100,ok
32,80,Wholesale,Sunflower,20,Koraput,2014-15,4233,4233,ok
32,80,Wholesale,Sunflower,20,Koraput,2015-16,4262,4262,ok
32,80,Wholesale,Sunflower,20,Koraput,2016-17,-,,dash
32,80,Wholesale,Sunflower,20,Koraput,2017-18,-,,dash
32,80,Wholesale,Sunflower,20,Koraput,2018-19,-,,dash
32,80,Wholesale,Sunflower,21,Malkangiri,2013-14,4300,4300,ok
32,80,Wholesale,Sunflower,21,Malkangiri,2014-15,4360,4360,ok
32,80,Wholesale,Sunflower,21,Malkangiri,2015-16,4389,4389,ok
32,80,Wholesale,Sunflower,21,Malkangiri,2016-17,-,,dash
32,80,Wholesale,Sunflower,21,Malkangiri,2017-18,-,,dash
32,80,Wholesale,Sunflower,21,Malkangiri,2018-19,-,,dash
32,80,Wholesale,Sunflower,22,Mayurbhanj,2013-14,3972,3972,ok
32,80,Wholesale,Sunflower,22,Mayurbhanj,2014-15,4070,4070,ok
32,80,Wholesale,Sunflower,22,Mayurbhanj,2015-16,4098,4098,ok
32,80,Wholesale,Sunflower,22,Mayurbhanj,2016-17,-,,dash
32,80,Wholesale,Sunflower,22,Mayurbhanj,2017-18,-,,dash
32,80,Wholesale,Sunflower,22,Mayurbhanj,2018-19,-,,dash
32,80,Wholesale,Sunflower,23,Nabarangapur,2013-14,-,,dash
32,80,Wholesale,Sunflower,23,Nabarangapur,2014-15,-,,dash
32,80,Wholesale,Sunflower,23,Nabarangapur,2015-16,-,,dash
32,80,Wholesale,Sunflower,23,Nabarangapur,2016-17,-,,dash
32,80,Wholesale,Sunflower,23,Nabarangapur,2017-18,-,,dash
32,80,Wholesale,Sunflower,23,Nabarangapur,2018-19,-,,dash
32,80,Wholesale,Sunflower,24,Nayagarh,2013-14,-,,dash
32,80,Wholesale,Sunflower,24,Nayagarh,2014-15,-,,dash
32,80,Wholesale,Sunflower,24,Nayagarh,2015-16,-,,dash
32,80,Wholesale,Sunflower,24,Nayagarh,2016-17,-,,dash
32,80,Wholesale,Sunflower,24,Nayagarh,2017-18,-,,dash
32,80,Wholesale,Sunflower,24,Nayagarh,2018-19,-,,dash
32,80,Wholesale,Sunflower,25,Nuapara,2013-14,3750,3750,ok
32,80,Wholesale,Sunflower,25,Nuapara,2014-15,3861,3861,ok
32,80,Wholesale,Sunflower,25,Nuapara,2015-16,3887,3887,ok
32,80,Wholesale,Sunflower,25,Nuapara,2016-17,-,,dash
32,80,Wholesale,Sunflower,25,Nuapara,2017-18,-,,dash
32,80,Wholesale,Sunflower,25,Nuapara,2018-19,-,,dash
32,80,Wholesale,Sunflower,26,Puri,2013-14,4256,4256,ok
32,80,Wholesale,Sunflower,26,Puri,2014-15,4400,4400,ok
32,80,Wholesale,Sunflower,26,Puri,2015-16,4430,4430,ok
32,80,Wholesale,Sunflower,26,Puri,2016-17,-,,dash
32,80,Wholesale,Sunflower,26,Puri,2017-18,-,,dash
32,80,Wholesale,Sunflower,26,Puri,2018-19,-,,dash
32,80,Wholesale,Sunflower,27,Rayagada,2013-14,4027,4027,ok
32,80,Wholesale,Sunflower,27,Rayagada,2014-15,4158,4158,ok
32,80,Wholesale,Sunflower,27,Rayagada,2015-16,4186,4186,ok
32,80,Wholesale,Sunflower,27,Rayagada,2016-17,-,,dash
32,80,Wholesale,Sunflower,27,Rayagada,2017-18,4800,4800,ok
32,80,Wholesale,Sunflower,27,Rayagada,2018-19,-,,dash
32,80,Wholesale,Sunflower,28,Sambalpur,2013-14,-,,dash
32,80,Wholesale,Sunflower,28,Sambalpur,2014-15,-,,dash
32,80,Wholesale,Sunflower,28,Sambalpur,2015-16,-,,dash
32,80,Wholesale,Sunflower,28,Sambalpur,2016-17,-,,dash
32,80,Wholesale,Sunflower,28,Sambalpur,2017-18,-,,dash
32,80,Wholesale,Sunflower,28,Sambalpur,2018-19,-,,dash
32,80,Wholesale,Sunflower,29,Sonepur,2013-14,4233,4233,ok
32,80,Wholesale,Sunflower,29,Sonepur,2014-15,4400,4400,ok
32,80,Wholesale,Sunflower,29,Sonepur,2015-16,4430,4430,ok
32,80,Wholesale,Sunflower,29,Sonepur,2016-17,-,,dash
32,80,Wholesale,Sunflower,29,Sonepur,2017-18,-,,dash
32,80,Wholesale,Sunflower,29,Sonepur,2018-19,-,,dash
32,80,Wholesale,Sunflower,30,Sundargarh,2013-14,4200,4200,ok
32,80,Wholesale,Sunflower,30,Sundargarh,2014-15,4400,4400,ok
32,80,Wholesale,Sunflower,30,Sundargarh,2015-16,4430,4430,ok
32,80,Wholesale,Sunflower,30,Sundargarh,2016-17,-,,dash
32,80,Wholesale,Sunflower,30,Sundargarh,2017-18,6500,6500,ok
32,80,Wholesale,Sunflower,30,Sundargarh,2018-19,4000,4000,ok
33,81,Wholesale,Linseed,1,Angul,2013-14,-,,dash
33,81,Wholesale,Linseed,1,Angul,2014-15,-,,dash
33,81,Wholesale,Linseed,1,Angul,2015-16,-,,dash
33,81,Wholesale,Linseed,1,Angul,2016-17,-,,dash
33,81,Wholesale,Linseed,1,Angul,2017-18,-,,dash
33,81,Wholesale,Linseed,1,Angul,2018-19,-,,dash
33,81,Wholesale,Linseed,2,Balasore,2013-14,-,,dash
33,81,Wholesale,Linseed,2,Balasore,2014-15,-,,dash
33,81,Wholesale,Linseed,2,Balasore,2015-16,-,,dash
33,81,Wholesale,Linseed,2,Balasore,2016-17,-,,dash
33,81,Wholesale,Linseed,2,Balasore,2017-18,-,,dash
33,81,Wholesale,Linseed,2,Balasore,2018-19,-,,dash
33,81,Wholesale,Linseed,3,Bargarh,2013-14,-,,dash
33,81,Wholesale,Linseed,3,Bargarh,2014-15,-,,dash
33,81,Wholesale,Linseed,3,Bargarh,2015-16,-,,dash
33,81,Wholesale,Linseed,3,Bargarh,2016-17,-,,dash
33,81,Wholesale,Linseed,3,Bargarh,2017-18,-,,dash
33,81,Wholesale,Linseed,3,Bargarh,2018-19,-,,dash
33,81,Wholesale,Linseed,4,Bhadrak,2013-14,-,,dash
33,81,Wholesale,Linseed,4,Bhadrak,2014-15,-,,dash
33,81,Wholesale,Linseed,4,Bhadrak,2015-16,-,,dash
33,81,Wholesale,Linseed,4,Bhadrak,2016-17,-,,dash
33,81,Wholesale,Linseed,4,Bhadrak,2017-18,-,,dash
33,81,Wholesale,Linseed,4,Bhadrak,2018-19,-,,dash
33,81,Wholesale,Linseed,5,Bolangir,2013-14,-,,dash
33,81,Wholesale,Linseed,5,Bolangir,2014-15,-,,dash
33,81,Wholesale,Linseed,5,Bolangir,2015-16,-,,dash
33,81,Wholesale,Linseed,5,Bolangir,2016-17,-,,dash
33,81,Wholesale,Linseed,5,Bolangir,2017-18,-,,dash
33,81,Wholesale,Linseed,5,Bolangir,2018-19,-,,dash
33,81,Wholesale,Linseed,6,Boudh,2013-14,-,,dash
33,81,Wholesale,Linseed,6,Boudh,2014-15,-,,dash
33,81,Wholesale,Linseed,6,Boudh,2015-16,-,,dash
33,81,Wholesale,Linseed,6,Boudh,2016-17,-,,dash
33,81,Wholesale,Linseed,6,Boudh,2017-18,-,,dash
33,81,Wholesale,Linseed,6,Boudh,2018-19,-,,dash
33,81,Wholesale,Linseed,7,Cuttack,2013-14,-,,dash
33,81,Wholesale,Linseed,7,Cuttack,2014-15,-,,dash
33,81,Wholesale,Linseed,7,Cuttack,2015-16,-,,dash
33,81,Wholesale,Linseed,7,Cuttack,2016-17,-,,dash
33,81,Wholesale,Linseed,7,Cuttack,2017-18,-,,dash
33,81,Wholesale,Linseed,7,Cuttack,2018-19,-,,dash
33,81,Wholesale,Linseed,8,Deogarh,2013-14,-,,dash
33,81,Wholesale,Linseed,8,Deogarh,2014-15,-,,dash
33,81,Wholesale,Linseed,8,Deogarh,2015-16,-,,dash
33,81,Wholesale,Linseed,8,Deogarh,2016-17,-,,dash
33,81,Wholesale,Linseed,8,Deogarh,2017-18,-,,dash
33,81,Wholesale,Linseed,8,Deogarh,2018-19,-,,dash
33,81,Wholesale,Linseed,9,Dhenkanal,2013-14,-,,dash
33,81,Wholesale,Linseed,9,Dhenkanal,2014-15,-,,dash
33,81,Wholesale,Linseed,9,Dhenkanal,2015-16,-,,dash
33,81,Wholesale,Linseed,9,Dhenkanal,2016-17,-,,dash
33,81,Wholesale,Linseed,9,Dhenkanal,2017-18,-,,dash
33,81,Wholesale,Linseed,9,Dhenkanal,2018-19,-,,dash
33,81,Wholesale,Linseed,10,Gajpati,2013-14,-,,dash
33,81,Wholesale,Linseed,10,Gajpati,2014-15,-,,dash
33,81,Wholesale,Linseed,10,Gajpati,2015-16,-,,dash
33,81,Wholesale,Linseed,10,Gajpati,2016-17,-,,dash
33,81,Wholesale,Linseed,10,Gajpati,2017-18,-,,dash
33,81,Wholesale,Linseed,10,Gajpati,2018-19,-,,dash
33,81,Wholesale,Linseed,11,Ganjam,2013-14,-,,dash
33,81,Wholesale,Linseed,11,Ganjam,2014-15,-,,dash
33,81,Wholesale,Linseed,11,Ganjam,2015-16,-,,dash
33,81,Wholesale,Linseed,11,Ganjam,2016-17,-,,dash
33,81,Wholesale,Linseed,11,Ganjam,2017-18,-,,dash
33,81,Wholesale,Linseed,11,Ganjam,2018-19,-,,dash
33,81,Wholesale,Linseed,12,Jagatsinghpur,2013-14,-,,dash
33,81,Wholesale,Linseed,12,Jagatsinghpur,2014-15,-,,dash
33,81,Wholesale,Linseed,12,Jagatsinghpur,2015-16,-,,dash
33,81,Wholesale,Linseed,12,Jagatsinghpur,2016-17,-,,dash
33,81,Wholesale,Linseed,12,Jagatsinghpur,2017-18,-,,dash
33,81,Wholesale,Linseed,12,Jagatsinghpur,2018-19,-,,dash
33,81,Wholesale,Linseed,13,Jajpur,2013-14,2533,2533,ok
33,81,Wholesale,Linseed,13,Jajpur,2014-15,2837,2837,ok
33,81,Wholesale,Linseed,13,Jajpur,2015-16,2859,2859,ok
33,81,Wholesale,Linseed,13,Jajpur,2016-17,-,,dash
33,81,Wholesale,Linseed,13,Jajpur,2017-18,-,,dash
33,81,Wholesale,Linseed,13,Jajpur,2018-19,-,,dash
33,81,Wholesale,Linseed,14,Jharsuguda,2013-14,-,,dash
33,81,Wholesale,Linseed,14,Jharsuguda,2014-15,-,,dash
33,81,Wholesale,Linseed,14,Jharsuguda,2015-16,-,,dash
33,81,Wholesale,Linseed,14,Jharsuguda,2016-17,-,,dash
33,81,Wholesale,Linseed,14,Jharsuguda,2017-18,-,,dash
33,81,Wholesale,Linseed,14,Jharsuguda,2018-19,-,,dash
33,81,Wholesale,Linseed,15,Kalahandi,2013-14,2478,2478,ok
33,81,Wholesale,Linseed,15,Kalahandi,2014-15,2775,2775,ok
33,81,Wholesale,Linseed,15,Kalahandi,2015-16,2797,2797,ok
33,81,Wholesale,Linseed,15,Kalahandi,2016-17,-,,dash
33,81,Wholesale,Linseed,15,Kalahandi,2017-18,-,,dash
33,81,Wholesale,Linseed,15,Kalahandi,2018-19,-,,dash
33,81,Wholesale,Linseed,16,Kandhamal,2013-14,-,,dash
33,81,Wholesale,Linseed,16,Kandhamal,2014-15,-,,dash
33,81,Wholesale,Linseed,16,Kandhamal,2015-16,-,,dash
33,81,Wholesale,Linseed,16,Kandhamal,2016-17,-,,dash
33,81,Wholesale,Linseed,16,Kandhamal,2017-18,-,,dash
33,81,Wholesale,Linseed,16,Kandhamal,2018-19,-,,dash
33,81,Wholesale,Linseed,17,Kendrapara,2013-14,-,,dash
33,81,Wholesale,Linseed,17,Kendrapara,2014-15,-,,dash
33,81,Wholesale,Linseed,17,Kendrapara,2015-16,-,,dash
33,81,Wholesale,Linseed,17,Kendrapara,2016-17,-,,dash
33,81,Wholesale,Linseed,17,Kendrapara,2017-18,-,,dash
33,81,Wholesale,Linseed,17,Kendrapara,2018-19,-,,dash
33,81,Wholesale,Linseed,18,Keonjhar,2013-14,2470,2470,ok
33,81,Wholesale,Linseed,18,Keonjhar,2014-15,2766,2766,ok
33,81,Wholesale,Linseed,18,Keonjhar,2015-16,2788,2788,ok
33,81,Wholesale,Linseed,18,Keonjhar,2016-17,-,,dash
33,81,Wholesale,Linseed,18,Keonjhar,2017-18,-,,dash
33,81,Wholesale,Linseed,18,Keonjhar,2018-19,-,,dash
33,81,Wholesale,Linseed,19,Khurda,2013-14,2600,2600,ok
33,81,Wholesale,Linseed,19,Khurda,2014-15,2912,2912,ok
33,81,Wholesale,Linseed,19,Khurda,2015-16,2934,2934,ok
33,81,Wholesale,Linseed,19,Khurda,2016-17,-,,dash
33,81,Wholesale,Linseed,19,Khurda,2017-18,-,,dash
33,81,Wholesale,Linseed,19,Khurda,2018-19,-,,dash
33,81,Wholesale,Linseed,20,Koraput,2013-14,2470,2470,ok
33,81,Wholesale,Linseed,20,Koraput,2014-15,2766,2766,ok
33,81,Wholesale,Linseed,20,Koraput,2015-16,2788,2788,ok
33,81,Wholesale,Linseed,20,Koraput,2016-17,-,,dash
33,81,Wholesale,Linseed,20,Koraput,2017-18,-,,dash
33,81,Wholesale,Linseed,20,Koraput,2018-19,-,,dash
33,81,Wholesale,Linseed,21,Malkangiri,2013-14,2643,2643,ok
33,81,Wholesale,Linseed,21,Malkangiri,2014-15,2961,2961,ok
33,81,Wholesale,Linseed,21,Malkangiri,2015-16,2983,2983,ok
33,81,Wholesale,Linseed,21,Malkangiri,2016-17,-,,dash
33,81,Wholesale,Linseed,21,Malkangiri,2017-18,-,,dash
33,81,Wholesale,Linseed,21,Malkangiri,2018-19,-,,dash
33,81,Wholesale,Linseed,22,Mayurbhanj,2013-14,2420,2420,ok
33,81,Wholesale,Linseed,22,Mayurbhanj,2014-15,2710,2710,ok
33,81,Wholesale,Linseed,22,Mayurbhanj,2015-16,2731,2731,ok
33,81,Wholesale,Linseed,22,Mayurbhanj,2016-17,-,,dash
33,81,Wholesale,Linseed,22,Mayurbhanj,2017-18,-,,dash
33,81,Wholesale,Linseed,22,Mayurbhanj,2018-19,-,,dash
33,81,Wholesale,Linseed,23,Nabarangapur,2013-14,2465,2465,ok
33,81,Wholesale,Linseed,23,Nabarangapur,2014-15,2761,2761,ok
33,81,Wholesale,Linseed,23,Nabarangapur,2015-16,2782,2782,ok
33,81,Wholesale,Linseed,23,Nabarangapur,2016-17,-,,dash
33,81,Wholesale,Linseed,23,Nabarangapur,2017-18,-,,dash
33,81,Wholesale,Linseed,23,Nabarangapur,2018-19,-,,dash
33,81,Wholesale,Linseed,24,Nayagarh,2013-14,2603,2603,ok
33,81,Wholesale,Linseed,24,Nayagarh,2014-15,2915,2915,ok
33,81,Wholesale,Linseed,24,Nayagarh,2015-16,2938,2938,ok
33,81,Wholesale,Linseed,24,Nayagarh,2016-17,-,,dash
33,81,Wholesale,Linseed,24,Nayagarh,2017-18,-,,dash
33,81,Wholesale,Linseed,24,Nayagarh,2018-19,-,,dash
33,81,Wholesale,Linseed,25,Nuapara,2013-14,2458,2458,ok
33,81,Wholesale,Linseed,25,Nuapara,2014-15,2753,2753,ok
33,81,Wholesale,Linseed,25,Nuapara,2015-16,2774,2774,ok
33,81,Wholesale,Linseed,25,Nuapara,2016-17,-,,dash
33,81,Wholesale,Linseed,25,Nuapara,2017-18,-,,dash
33,81,Wholesale,Linseed,25,Nuapara,2018-19,-,,dash
33,81,Wholesale,Linseed,26,Puri,2013-14,2656,2656,ok
33,81,Wholesale,Linseed,26,Puri,2014-15,2975,2975,ok
33,81,Wholesale,Linseed,26,Puri,2015-16,2998,2998,ok
33,81,Wholesale,Linseed,26,Puri,2016-17,-,,dash
33,81,Wholesale,Linseed,26,Puri,2017-18,-,,dash
33,81,Wholesale,Linseed,26,Puri,2018-19,-,,dash
33,81,Wholesale,Linseed,27,Rayagada,2013-14,-,,dash
33,81,Wholesale,Linseed,27,Rayagada,2014-15,-,,dash
33,81,Wholesale,Linseed,27,Rayagada,2015-16,-,,dash
33,81,Wholesale,Linseed,27,Rayagada,2016-17,-,,dash
33,81,Wholesale,Linseed,27,Rayagada,2017-18,-,,dash
33,81,Wholesale,Linseed,27,Rayagada,2018-19,-,,dash
33,81,Wholesale,Linseed,28,Sambalpur,2013-14,-,,dash
33,81,Wholesale,Linseed,28,Sambalpur,2014-15,-,,dash
33,81,Wholesale,Linseed,28,Sambalpur,2015-16,-,,dash
33,81,Wholesale,Linseed,28,Sambalpur,2016-17,-,,dash
33,81,Wholesale,Linseed,28,Sambalpur,2017-18,-,,dash
33,81,Wholesale,Linseed,28,Sambalpur,2018-19,-,,dash
33,81,Wholesale,Linseed,29,Sonepur,2013-14,-,,dash
33,81,Wholesale,Linseed,29,Sonepur,2014-15,-,,dash
33,81,Wholesale,Linseed,29,Sonepur,2015-16,-,,dash
33,81,Wholesale,Linseed,29,Sonepur,2016-17,-,,dash
33,81,Wholesale,Linseed,29,Sonepur,2017-18,-,,dash
33,81,Wholesale,Linseed,29,Sonepur,2018-19,-,,dash
33,81,Wholesale,Linseed,30,Sundargarh,2013-14,2505,2505,ok
33,81,Wholesale,Linseed,30,Sundargarh,2014-15,2806,2806,ok
33,81,Wholesale,Linseed,30,Sundargarh,2015-16,2827,2827,ok
33,81,Wholesale,Linseed,30,Sundargarh,2016-17,-,,dash
33,81,Wholesale,Linseed,30,Sundargarh,2017-18,-,,dash
33,81,Wholesale,Linseed,30,Sundargarh,2018-19,-,,dash
34,82,Wholesale,Onion,1,Angul,2013-14,1489,1489,ok
34,82,Wholesale,Onion,1,Angul,2014-15,1888,1888,ok
34,82,Wholesale,Onion,1,Angul,2015-16,1859,1859,ok
34,82,Wholesale,Onion,1,Angul,2016-17,1389,1389,ok
34,82,Wholesale,Onion,1,Angul,2017-18,1587,1587,ok
34,82,Wholesale,Onion,1,Angul,2018-19,1867,1867,ok
34,82,Wholesale,Onion,2,Balasore,2013-14,1750,1750,ok
34,82,Wholesale,Onion,2,Balasore,2014-15,2022,2022,ok
34,82,Wholesale,Onion,2,Balasore,2015-16,1992,1992,ok
34,82,Wholesale,Onion,2,Balasore,2016-17,1488,1488,ok
34,82,Wholesale,Onion,2,Balasore,2017-18,1822,1822,ok
34,82,Wholesale,Onion,2,Balasore,2018-19,1650,1650,ok
34,82,Wholesale,Onion,3,Bargarh,2013-14,1794,1794,ok
34,82,Wholesale,Onion,3,Bargarh,2014-15,1950,1950,ok
34,82,Wholesale,Onion,3,Bargarh,2015-16,1920,1920,ok
34,82,Wholesale,Onion,3,Bargarh,2016-17,1435,1435,ok
34,82,Wholesale,Onion,3,Bargarh,2017-18,2050,2050,ok
34,82,Wholesale,Onion,3,Bargarh,2018-19,2141,2141,ok
34,82,Wholesale,Onion,4,Bhadrak,2013-14,1833,1833,ok
34,82,Wholesale,Onion,4,Bhadrak,2014-15,2000,2000,ok
34,82,Wholesale,Onion,4,Bhadrak,2015-16,1970,1970,ok
34,82,Wholesale,Onion,4,Bhadrak,2016-17,1471,1471,ok
34,82,Wholesale,Onion,4,Bhadrak,2017-18,-,,dash
34,82,Wholesale,Onion,4,Bhadrak,2018-19,2121,2121,ok
34,82,Wholesale,Onion,5,Bolangir,2013-14,1596,1596,ok
34,82,Wholesale,Onion,5,Bolangir,2014-15,1741,1741,ok
34,82,Wholesale,Onion,5,Bolangir,2015-16,1714,1714,ok
34,82,Wholesale,Onion,5,Bolangir,2016-17,1281,1281,ok
34,82,Wholesale,Onion,5,Bolangir,2017-18,1933,1933,ok
34,82,Wholesale,Onion,5,Bolangir,2018-19,1933,1933,ok
34,82,Wholesale,Onion,6,Boudh,2013-14,1711,1711,ok
34,82,Wholesale,Onion,6,Boudh,2014-15,2011,2011,ok
34,82,Wholesale,Onion,6,Boudh,2015-16,1981,1981,ok
34,82,Wholesale,Onion,6,Boudh,2016-17,1479,1479,ok
34,82,Wholesale,Onion,6,Boudh,2017-18,2033,2033,ok
34,82,Wholesale,Onion,6,Boudh,2018-19,1736,1736,ok
34,82,Wholesale,Onion,7,Cuttack,2013-14,1631,1631,ok
34,82,Wholesale,Onion,7,Cuttack,2014-15,1867,1867,ok
34,82,Wholesale,Onion,7,Cuttack,2015-16,1838,1838,ok
34,82,Wholesale,Onion,7,Cuttack,2016-17,1373,1373,ok
34,82,Wholesale,Onion,7,Cuttack,2017-18,1856,1856,ok
34,82,Wholesale,Onion,7,Cuttack,2018-19,1750,1750,ok
34,82,Wholesale,Onion,8,Deogarh,2013-14,1685,1685,ok
34,82,Wholesale,Onion,8,Deogarh,2014-15,1850,1850,ok
34,82,Wholesale,Onion,8,Deogarh,2015-16,1822,1822,ok
34,82,Wholesale,Onion,8,Deogarh,2016-17,1361,1361,ok
34,82,Wholesale,Onion,8,Deogarh,2017-18,1217,1217,ok
34,82,Wholesale,Onion,8,Deogarh,2018-19,2118,2118,ok
34,82,Wholesale,Onion,9,Dhenkanal,2013-14,1817,1817,ok
34,82,Wholesale,Onion,9,Dhenkanal,2014-15,1938,1938,ok
34,82,Wholesale,Onion,9,Dhenkanal,2015-16,1909,1909,ok
34,82,Wholesale,Onion,9,Dhenkanal,2016-17,1426,1426,ok
34,82,Wholesale,Onion,9,Dhenkanal,2017-18,1561,1561,ok
34,82,Wholesale,Onion,9,Dhenkanal,2018-19,2113,2113,ok
34,82,Wholesale,Onion,10,Gajpati,2013-14,1675,1675,ok
34,82,Wholesale,Onion,10,Gajpati,2014-15,2020,2020,ok
34,82,Wholesale,Onion,10,Gajpati,2015-16,1989,1989,ok
34,82,Wholesale,Onion,10,Gajpati,2016-17,1486,1486,ok
34,82,Wholesale,Onion,10,Gajpati,2017-18,1604,1604,ok
34,82,Wholesale,Onion,10,Gajpati,2018-19,2271,2271,ok
34,82,Wholesale,Onion,11,Ganjam,2013-14,1655,1655,ok
34,82,Wholesale,Onion,11,Ganjam,2014-15,2000,2000,ok
34,82,Wholesale,Onion,11,Ganjam,2015-16,1970,1970,ok
34,82,Wholesale,Onion,11,Ganjam,2016-17,1471,1471,ok
34,82,Wholesale,Onion,11,Ganjam,2017-18,1886,1886,ok
34,82,Wholesale,Onion,11,Ganjam,2018-19,2270,2270,ok
34,82,Wholesale,Onion,12,Jagatsinghpur,2013-14,1750,1750,ok
34,82,Wholesale,Onion,12,Jagatsinghpur,2014-15,1954,1954,ok
34,82,Wholesale,Onion,12,Jagatsinghpur,2015-16,1924,1924,ok
34,82,Wholesale,Onion,12,Jagatsinghpur,2016-17,1437,1437,ok
34,82,Wholesale,Onion,12,Jagatsinghpur,2017-18,1510,1510,ok
34,82,Wholesale,Onion,12,Jagatsinghpur,2018-19,1813,1813,ok
34,82,Wholesale,Onion,13,Jajpur,2013-14,1500,1500,ok
34,82,Wholesale,Onion,13,Jajpur,2014-15,2000,2000,ok
34,82,Wholesale,Onion,13,Jajpur,2015-16,1970,1970,ok
34,82,Wholesale,Onion,13,Jajpur,2016-17,1471,1471,ok
34,82,Wholesale,Onion,13,Jajpur,2017-18,1750,1750,ok
34,82,Wholesale,Onion,13,Jajpur,2018-19,-,,dash
34,82,Wholesale,Onion,14,Jharsuguda,2013-14,1575,1575,ok
34,82,Wholesale,Onion,14,Jharsuguda,2014-15,1775,1775,ok
34,82,Wholesale,Onion,14,Jharsuguda,2015-16,1748,1748,ok
34,82,Wholesale,Onion,14,Jharsuguda,2016-17,1306,1306,ok
34,82,Wholesale,Onion,14,Jharsuguda,2017-18,1694,1694,ok
34,82,Wholesale,Onion,14,Jharsuguda,2018-19,2175,2175,ok
34,82,Wholesale,Onion,15,Kalahandi,2013-14,1518,1518,ok
34,82,Wholesale,Onion,15,Kalahandi,2014-15,1846,1846,ok
34,82,Wholesale,Onion,15,Kalahandi,2015-16,1818,1818,ok
34,82,Wholesale,Onion,15,Kalahandi,2016-17,1358,1358,ok
34,82,Wholesale,Onion,15,Kalahandi,2017-18,1350,1350,ok
34,82,Wholesale,Onion,15,Kalahandi,2018-19,-,,dash
34,82,Wholesale,Onion,16,Kandhamal,2013-14,1762,1762,ok
34,82,Wholesale,Onion,16,Kandhamal,2014-15,2186,2186,ok
34,82,Wholesale,Onion,16,Kandhamal,2015-16,2153,2153,ok
34,82,Wholesale,Onion,16,Kandhamal,2016-17,1608,1608,ok
34,82,Wholesale,Onion,16,Kandhamal,2017-18,1788,1788,ok
34,82,Wholesale,Onion,16,Kandhamal,2018-19,1788,1788,ok
34,82,Wholesale,Onion,17,Kendrapara,2013-14,1983,1983,ok
34,82,Wholesale,Onion,17,Kendrapara,2014-15,2150,2150,ok
34,82,Wholesale,Onion,17,Kendrapara,2015-16,2117,2117,ok
34,82,Wholesale,Onion,17,Kendrapara,2016-17,1582,1582,ok
34,82,Wholesale,Onion,17,Kendrapara,2017-18,1700,1700,ok
34,82,Wholesale,Onion,17,Kendrapara,2018-19,1690,1690,ok
34,82,Wholesale,Onion,18,Keonjhar,2013-14,1685,1685,ok
34,82,Wholesale,Onion,18,Keonjhar,2014-15,2128,2128,ok
34,82,Wholesale,Onion,18,Keonjhar,2015-16,2095,2095,ok
34,82,Wholesale,Onion,18,Keonjhar,2016-17,1565,1565,ok
34,82,Wholesale,Onion,18,Keonjhar,2017-18,1812,1812,ok
34,82,Wholesale,Onion,18,Keonjhar,2018-19,1610,1610,ok
34,82,Wholesale,Onion,19,Khurda,2013-14,1728,1728,ok
34,82,Wholesale,Onion,19,Khurda,2014-15,2167,2167,ok
34,82,Wholesale,Onion,19,Khurda,2015-16,2134,2134,ok
34,82,Wholesale,Onion,19,Khurda,2016-17,1594,1594,ok
34,82,Wholesale,Onion,19,Khurda,2017-18,1718,1718,ok
34,82,Wholesale,Onion,19,Khurda,2018-19,-,,dash
34,82,Wholesale,Onion,20,Koraput,2013-14,1644,1644,ok
34,82,Wholesale,Onion,20,Koraput,2014-15,1852,1852,ok
34,82,Wholesale,Onion,20,Koraput,2015-16,1824,1824,ok
34,82,Wholesale,Onion,20,Koraput,2016-17,1363,1363,ok
34,82,Wholesale,Onion,20,Koraput,2017-18,1689,1689,ok
34,82,Wholesale,Onion,20,Koraput,2018-19,2724,2724,ok
34,82,Wholesale,Onion,21,Malkangiri,2013-14,1900,1900,ok
34,82,Wholesale,Onion,21,Malkangiri,2014-15,2132,2132,ok
34,82,Wholesale,Onion,21,Malkangiri,2015-16,2099,2099,ok
34,82,Wholesale,Onion,21,Malkangiri,2016-17,1568,1568,ok
34,82,Wholesale,Onion,21,Malkangiri,2017-18,1600,1600,ok
34,82,Wholesale,Onion,21,Malkangiri,2018-19,1850,1850,ok
34,82,Wholesale,Onion,22,Mayurbhanj,2013-14,1754,1754,ok
34,82,Wholesale,Onion,22,Mayurbhanj,2014-15,2082,2082,ok
34,82,Wholesale,Onion,22,Mayurbhanj,2015-16,2050,2050,ok
34,82,Wholesale,Onion,22,Mayurbhanj,2016-17,1532,1532,ok
34,82,Wholesale,Onion,22,Mayurbhanj,2017-18,1866,1866,ok
34,82,Wholesale,Onion,22,Mayurbhanj,2018-19,1655,1655,ok
34,82,Wholesale,Onion,23,Nabarangapur,2013-14,1590,1590,ok
34,82,Wholesale,Onion,23,Nabarangapur,2014-15,1933,1933,ok
34,82,Wholesale,Onion,23,Nabarangapur,2015-16,1904,1904,ok
34,82,Wholesale,Onion,23,Nabarangapur,2016-17,1422,1422,ok
34,82,Wholesale,Onion,23,Nabarangapur,2017-18,1848,1848,ok
34,82,Wholesale,Onion,23,Nabarangapur,2018-19,2063,2063,ok
34,82,Wholesale,Onion,24,Nayagarh,2013-14,1539,1539,ok
34,82,Wholesale,Onion,24,Nayagarh,2014-15,2057,2057,ok
34,82,Wholesale,Onion,24,Nayagarh,2015-16,2026,2026,ok
34,82,Wholesale,Onion,24,Nayagarh,2016-17,1513,1513,ok
34,82,Wholesale,Onion,24,Nayagarh,2017-18,1842,1842,ok
34,82,Wholesale,Onion,24,Nayagarh,2018-19,2211,2211,ok
34,82,Wholesale,Onion,25,Nuapara,2013-14,1567,1567,ok
34,82,Wholesale,Onion,25,Nuapara,2014-15,2000,2000,ok
34,82,Wholesale,Onion,25,Nuapara,2015-16,1970,1970,ok
34,82,Wholesale,Onion,25,Nuapara,2016-17,1471,1471,ok
34,82,Wholesale,Onion,25,Nuapara,2017-18,1514,1514,ok
34,82,Wholesale,Onion,25,Nuapara,2018-19,-,,dash
34,82,Wholesale,Onion,26,Puri,2013-14,1730,1730,ok
34,82,Wholesale,Onion,26,Puri,2014-15,2100,2100,ok
34,82,Wholesale,Onion,26,Puri,2015-16,2068,2068,ok
34,82,Wholesale,Onion,26,Puri,2016-17,1545,1545,ok
34,82,Wholesale,Onion,26,Puri,2017-18,1514,1514,ok
34,82,Wholesale,Onion,26,Puri,2018-19,2339,2339,ok
34,82,Wholesale,Onion,27,Rayagada,2013-14,1908,1908,ok
34,82,Wholesale,Onion,27,Rayagada,2014-15,2121,2121,ok
34,82,Wholesale,Onion,27,Rayagada,2015-16,2089,2089,ok
34,82,Wholesale,Onion,27,Rayagada,2016-17,1560,1560,ok
34,82,Wholesale,Onion,27,Rayagada,2017-18,1652,1652,ok
34,82,Wholesale,Onion,27,Rayagada,2018-19,1949,1949,ok
34,82,Wholesale,Onion,28,Sambalpur,2013-14,1411,1411,ok
34,82,Wholesale,Onion,28,Sambalpur,2014-15,2000,2000,ok
34,82,Wholesale,Onion,28,Sambalpur,2015-16,1970,1970,ok
34,82,Wholesale,Onion,28,Sambalpur,2016-17,1471,1471,ok
34,82,Wholesale,Onion,28,Sambalpur,2017-18,1400,1400,ok
34,82,Wholesale,Onion,28,Sambalpur,2018-19,-,,dash
34,82,Wholesale,Onion,29,Sonepur,2013-14,1676,1676,ok
34,82,Wholesale,Onion,29,Sonepur,2014-15,2042,2042,ok
34,82,Wholesale,Onion,29,Sonepur,2015-16,2011,2011,ok
34,82,Wholesale,Onion,29,Sonepur,2016-17,1502,1502,ok
34,82,Wholesale,Onion,29,Sonepur,2017-18,1800,1800,ok
34,82,Wholesale,Onion,29,Sonepur,2018-19,2519,2519,ok
34,82,Wholesale,Onion,30,Sundargarh,2013-14,1667,1667,ok
34,82,Wholesale,Onion,30,Sundargarh,2014-15,2133,2133,ok
34,82,Wholesale,Onion,30,Sundargarh,2015-16,2100,2100,ok
34,82,Wholesale,Onion,30,Sundargarh,2016-17,1569,1569,ok
34,82,Wholesale,Onion,30,Sundargarh,2017-18,1600,1600,ok
34,82,Wholesale,Onion,30,Sundargarh,2018-19,2022,2022,ok
35,83,Wholesale,Cotton,1,Angul,2013-14,-,,dash
35,83,Wholesale,Cotton,1,Angul,2014-15,-,,dash
35,83,Wholesale,Cotton,1,Angul,2015-16,-,,dash
35,83,Wholesale,Cotton,1,Angul,2016-17,-,,dash
35,83,Wholesale,Cotton,1,Angul,2017-18,-,,dash
35,83,Wholesale,Cotton,1,Angul,2018-19,-,,dash
35,83,Wholesale,Cotton,2,Balasore,2013-14,-,,dash
35,83,Wholesale,Cotton,2,Balasore,2014-15,-,,dash
35,83,Wholesale,Cotton,2,Balasore,2015-16,-,,dash
35,83,Wholesale,Cotton,2,Balasore,2016-17,-,,dash
35,83,Wholesale,Cotton,2,Balasore,2017-18,-,,dash
35,83,Wholesale,Cotton,2,Balasore,2018-19,-,,dash
35,83,Wholesale,Cotton,3,Bargarh,2013-14,3656,3656,ok
35,83,Wholesale,Cotton,3,Bargarh,2014-15,4022,4022,ok
35,83,Wholesale,Cotton,3,Bargarh,2015-16,4024,4024,ok
35,83,Wholesale,Cotton,3,Bargarh,2016-17,4359,4359,ok
35,83,Wholesale,Cotton,3,Bargarh,2017-18,-,,dash
35,83,Wholesale,Cotton,3,Bargarh,2018-19,-,,dash
35,83,Wholesale,Cotton,4,Bhadrak,2013-14,-,,dash
35,83,Wholesale,Cotton,4,Bhadrak,2014-15,-,,dash
35,83,Wholesale,Cotton,4,Bhadrak,2015-16,-,,dash
35,83,Wholesale,Cotton,4,Bhadrak,2016-17,-,,dash
35,83,Wholesale,Cotton,4,Bhadrak,2017-18,-,,dash
35,83,Wholesale,Cotton,4,Bhadrak,2018-19,-,,dash
35,83,Wholesale,Cotton,5,Bolangir,2013-14,3614,3614,ok
35,83,Wholesale,Cotton,5,Bolangir,2014-15,3975,3975,ok
35,83,Wholesale,Cotton,5,Bolangir,2015-16,3977,3977,ok
35,83,Wholesale,Cotton,5,Bolangir,2016-17,4308,4308,ok
35,83,Wholesale,Cotton,5,Bolangir,2017-18,5000,5000,ok
35,83,Wholesale,Cotton,5,Bolangir,2018-19,5000,5000,ok
35,83,Wholesale,Cotton,6,Boudh,2013-14,-,,dash
35,83,Wholesale,Cotton,6,Boudh,2014-15,-,,dash
35,83,Wholesale,Cotton,6,Boudh,2015-16,-,,dash
35,83,Wholesale,Cotton,6,Boudh,2016-17,-,,dash
35,83,Wholesale,Cotton,6,Boudh,2017-18,-,,dash
35,83,Wholesale,Cotton,6,Boudh,2018-19,-,,dash
35,83,Wholesale,Cotton,7,Cuttack,2013-14,-,,dash
35,83,Wholesale,Cotton,7,Cuttack,2014-15,-,,dash
35,83,Wholesale,Cotton,7,Cuttack,2015-16,-,,dash
35,83,Wholesale,Cotton,7,Cuttack,2016-17,-,,dash
35,83,Wholesale,Cotton,7,Cuttack,2017-18,-,,dash
35,83,Wholesale,Cotton,7,Cuttack,2018-19,-,,dash
35,83,Wholesale,Cotton,8,Deogarh,2013-14,-,,dash
35,83,Wholesale,Cotton,8,Deogarh,2014-15,-,,dash
35,83,Wholesale,Cotton,8,Deogarh,2015-16,-,,dash
35,83,Wholesale,Cotton,8,Deogarh,2016-17,-,,dash
35,83,Wholesale,Cotton,8,Deogarh,2017-18,-,,dash
35,83,Wholesale,Cotton,8,Deogarh,2018-19,-,,dash
35,83,Wholesale,Cotton,9,Dhenkanal,2013-14,3823,3823,ok
35,83,Wholesale,Cotton,9,Dhenkanal,2014-15,4205,4205,ok
35,83,Wholesale,Cotton,9,Dhenkanal,2015-16,4207,4207,ok
35,83,Wholesale,Cotton,9,Dhenkanal,2016-17,4558,4558,ok
35,83,Wholesale,Cotton,9,Dhenkanal,2017-18,-,,dash
35,83,Wholesale,Cotton,9,Dhenkanal,2018-19,-,,dash
35,83,Wholesale,Cotton,10,Gajpati,2013-14,3666,3666,ok
35,83,Wholesale,Cotton,10,Gajpati,2014-15,4033,4033,ok
35,83,Wholesale,Cotton,10,Gajpati,2015-16,4035,4035,ok
35,83,Wholesale,Cotton,10,Gajpati,2016-17,4371,4371,ok
35,83,Wholesale,Cotton,10,Gajpati,2017-18,-,,dash
35,83,Wholesale,Cotton,10,Gajpati,2018-19,-,,dash
35,83,Wholesale,Cotton,11,Ganjam,2013-14,-,,dash
35,83,Wholesale,Cotton,11,Ganjam,2014-15,-,,dash
35,83,Wholesale,Cotton,11,Ganjam,2015-16,-,,dash
35,83,Wholesale,Cotton,11,Ganjam,2016-17,-,,dash
35,83,Wholesale,Cotton,11,Ganjam,2017-18,-,,dash
35,83,Wholesale,Cotton,11,Ganjam,2018-19,-,,dash
35,83,Wholesale,Cotton,12,Jagatsinghpur,2013-14,-,,dash
35,83,Wholesale,Cotton,12,Jagatsinghpur,2014-15,-,,dash
35,83,Wholesale,Cotton,12,Jagatsinghpur,2015-16,-,,dash
35,83,Wholesale,Cotton,12,Jagatsinghpur,2016-17,-,,dash
35,83,Wholesale,Cotton,12,Jagatsinghpur,2017-18,-,,dash
35,83,Wholesale,Cotton,12,Jagatsinghpur,2018-19,-,,dash
35,83,Wholesale,Cotton,13,Jajpur,2013-14,-,,dash
35,83,Wholesale,Cotton,13,Jajpur,2014-15,-,,dash
35,83,Wholesale,Cotton,13,Jajpur,2015-16,-,,dash
35,83,Wholesale,Cotton,13,Jajpur,2016-17,-,,dash
35,83,Wholesale,Cotton,13,Jajpur,2017-18,-,,dash
35,83,Wholesale,Cotton,13,Jajpur,2018-19,-,,dash
35,83,Wholesale,Cotton,14,Jharsuguda,2013-14,3835,3835,ok
35,83,Wholesale,Cotton,14,Jharsuguda,2014-15,4218,4218,ok
35,83,Wholesale,Cotton,14,Jharsuguda,2015-16,4220,4220,ok
35,83,Wholesale,Cotton,14,Jharsuguda,2016-17,4572,4572,ok
35,83,Wholesale,Cotton,14,Jharsuguda,2017-18,-,,dash
35,83,Wholesale,Cotton,14,Jharsuguda,2018-19,-,,dash
35,83,Wholesale,Cotton,15,Kalahandi,2013-14,3569,3569,ok
35,83,Wholesale,Cotton,15,Kalahandi,2014-15,3926,3926,ok
35,83,Wholesale,Cotton,15,Kalahandi,2015-16,3928,3928,ok
35,83,Wholesale,Cotton,15,Kalahandi,2016-17,4255,4255,ok
35,83,Wholesale,Cotton,15,Kalahandi,2017-18,5000,5000,ok
35,83,Wholesale,Cotton,15,Kalahandi,2018-19,5017,5017,ok
35,83,Wholesale,Cotton,16,Kandhamal,2013-14,-,,dash
35,83,Wholesale,Cotton,16,Kandhamal,2014-15,-,,dash
35,83,Wholesale,Cotton,16,Kandhamal,2015-16,-,,dash
35,83,Wholesale,Cotton,16,Kandhamal,2016-17,-,,dash
35,83,Wholesale,Cotton,16,Kandhamal,2017-18,-,,dash
35,83,Wholesale,Cotton,16,Kandhamal,2018-19,-,,dash
35,83,Wholesale,Cotton,17,Kendrapara,2013-14,-,,dash
35,83,Wholesale,Cotton,17,Kendrapara,2014-15,-,,dash
35,83,Wholesale,Cotton,17,Kendrapara,2015-16,-,,dash
35,83,Wholesale,Cotton,17,Kendrapara,2016-17,-,,dash
35,83,Wholesale,Cotton,17,Kendrapara,2017-18,-,,dash
35,83,Wholesale,Cotton,17,Kendrapara,2018-19,-,,dash
35,83,Wholesale,Cotton,18,Keonjhar,2013-14,-,,dash
35,83,Wholesale,Cotton,18,Keonjhar,2014-15,-,,dash
35,83,Wholesale,Cotton,18,Keonjhar,2015-16,-,,dash
35,83,Wholesale,Cotton,18,Keonjhar,2016-17,-,,dash
35,83,Wholesale,Cotton,18,Keonjhar,2017-18,-,,dash
35,83,Wholesale,Cotton,18,Keonjhar,2018-19,-,,dash
35,83,Wholesale,Cotton,19,Khurda,2013-14,-,,dash
35,83,Wholesale,Cotton,19,Khurda,2014-15,-,,dash
35,83,Wholesale,Cotton,19,Khurda,2015-16,-,,dash
35,83,Wholesale,Cotton,19,Khurda,2016-17,-,,dash
35,83,Wholesale,Cotton,19,Khurda,2017-18,-,,dash
35,83,Wholesale,Cotton,19,Khurda,2018-19,-,,dash
35,83,Wholesale,Cotton,20,Koraput,2013-14,3771,3771,ok
35,83,Wholesale,Cotton,20,Koraput,2014-15,4148,4148,ok
35,83,Wholesale,Cotton,20,Koraput,2015-16,4150,4150,ok
35,83,Wholesale,Cotton,20,Koraput,2016-17,4496,4496,ok
35,83,Wholesale,Cotton,20,Koraput,2017-18,-,,dash
35,83,Wholesale,Cotton,20,Koraput,2018-19,-,,dash
35,83,Wholesale,Cotton,21,Malkangiri,2013-14,-,,dash
35,83,Wholesale,Cotton,21,Malkangiri,2014-15,-,,dash
35,83,Wholesale,Cotton,21,Malkangiri,2015-16,-,,dash
35,83,Wholesale,Cotton,21,Malkangiri,2016-17,-,,dash
35,83,Wholesale,Cotton,21,Malkangiri,2017-18,-,,dash
35,83,Wholesale,Cotton,21,Malkangiri,2018-19,-,,dash
35,83,Wholesale,Cotton,22,Mayurbhanj,2013-14,-,,dash
35,83,Wholesale,Cotton,22,Mayurbhanj,2014-15,-,,dash
35,83,Wholesale,Cotton,22,Mayurbhanj,2015-16,-,,dash
35,83,Wholesale,Cotton,22,Mayurbhanj,2016-17,-,,dash
35,83,Wholesale,Cotton,22,Mayurbhanj,2017-18,-,,dash
35,83,Wholesale,Cotton,22,Mayurbhanj,2018-19,-,,dash
35,83,Wholesale,Cotton,23,Nabarangapur,2013-14,-,,dash
35,83,Wholesale,Cotton,23,Nabarangapur,2014-15,-,,dash
35,83,Wholesale,Cotton,23,Nabarangapur,2015-16,-,,dash
35,83,Wholesale,Cotton,23,Nabarangapur,2016-17,-,,dash
35,83,Wholesale,Cotton,23,Nabarangapur,2017-18,-,,dash
35,83,Wholesale,Cotton,23,Nabarangapur,2018-19,-,,dash
35,83,Wholesale,Cotton,24,Nayagarh,2013-14,-,,dash
35,83,Wholesale,Cotton,24,Nayagarh,2014-15,-,,dash
35,83,Wholesale,Cotton,24,Nayagarh,2015-16,-,,dash
35,83,Wholesale,Cotton,24,Nayagarh,2016-17,-,,dash
35,83,Wholesale,Cotton,24,Nayagarh,2017-18,-,,dash
35,83,Wholesale,Cotton,24,Nayagarh,2018-19,-,,dash
35,83,Wholesale,Cotton,25,Nuapara,2013-14,3757,3757,ok
35,83,Wholesale,Cotton,25,Nuapara,2014-15,4133,4133,ok
35,83,Wholesale,Cotton,25,Nuapara,2015-16,4135,4135,ok
35,83,Wholesale,Cotton,25,Nuapara,2016-17,4480,4480,ok
35,83,Wholesale,Cotton,25,Nuapara,2017-18,4733,4733,ok
35,83,Wholesale,Cotton,25,Nuapara,2018-19,5092,5092,ok
35,83,Wholesale,Cotton,26,Puri,2013-14,-,,dash
35,83,Wholesale,Cotton,26,Puri,2014-15,-,,dash
35,83,Wholesale,Cotton,26,Puri,2015-16,-,,dash
35,83,Wholesale,Cotton,26,Puri,2016-17,-,,dash
35,83,Wholesale,Cotton,26,Puri,2017-18,-,,dash
35,83,Wholesale,Cotton,26,Puri,2018-19,-,,dash
35,83,Wholesale,Cotton,27,Rayagada,2013-14,3601,3601,ok
35,83,Wholesale,Cotton,27,Rayagada,2014-15,3961,3961,ok
35,83,Wholesale,Cotton,27,Rayagada,2015-16,3963,3963,ok
35,83,Wholesale,Cotton,27,Rayagada,2016-17,4293,4293,ok
35,83,Wholesale,Cotton,27,Rayagada,2017-18,4300,4300,ok
35,83,Wholesale,Cotton,27,Rayagada,2018-19,5133,5133,ok
35,83,Wholesale,Cotton,28,Sambalpur,2013-14,3823,3823,ok
35,83,Wholesale,Cotton,28,Sambalpur,2014-15,4206,4206,ok
35,83,Wholesale,Cotton,28,Sambalpur,2015-16,4208,4208,ok
35,83,Wholesale,Cotton,28,Sambalpur,2016-17,4559,4559,ok
35,83,Wholesale,Cotton,28,Sambalpur,2017-18,-,,dash
35,83,Wholesale,Cotton,28,Sambalpur,2018-19,-,,dash
35,83,Wholesale,Cotton,29,Sonepur,2013-14,3737,3737,ok
35,83,Wholesale,Cotton,29,Sonepur,2014-15,4111,4111,ok
35,83,Wholesale,Cotton,29,Sonepur,2015-16,4113,4113,ok
35,83,Wholesale,Cotton,29,Sonepur,2016-17,4456,4456,ok
35,83,Wholesale,Cotton,29,Sonepur,2017-18,-,,dash
35,83,Wholesale,Cotton,29,Sonepur,2018-19,-,,dash
35,83,Wholesale,Cotton,30,Sundargarh,2013-14,-,,dash
35,83,Wholesale,Cotton,30,Sundargarh,2014-15,2350,2350,ok
35,83,Wholesale,Cotton,30,Sundargarh,2015-16,-,,dash
35,83,Wholesale,Cotton,30,Sundargarh,2016-17,-,,dash
35,83,Wholesale,Cotton,30,Sundargarh,2017-18,-,,dash
35,83,Wholesale,Cotton,30,Sundargarh,2018-19,-,,dash
