price_type,commodity,district_id,agri_year,monthly_mean,level,abs_diff
Farm Harvest,Biri,OD01,2013-14,4488.003333333333,4488.0,0.003333333333102928
Farm Harvest,Biri,OD01,2014-15,5066.0,5066.0,0.0
Farm Harvest,Biri,OD01,2015-16,5533.0,5533.0,0.0
Farm Harvest,Biri,OD01,2016-17,6018.003333333334,6018.0,0.0033333333340124227
Farm Harvest,Biri,OD01,2017-18,5847.0,5847.0,0.0
Farm Harvest,Biri,OD01,2018-19,5496.0,5496.0,0.0
Farm Harvest,Biri,OD01,2019-20,5788.68,5788.68,0.0
Farm Harvest,Biri,OD01,2020-21,6096.943333333334,6096.94,0.0033333333340124227
Farm Harvest,Biri,OD01,2021-22,6421.62,6421.62,0.0
Farm Harvest,Biri,OD01,2022-23,6763.59,6763.59,0.0
Farm Harvest,Biri,OD01,2023-24,7123.7733333333335,7123.77,0.003333333333102928
Farm Harvest,Biri,OD01,2024-25,7503.133333333334,7503.13,0.0033333333340124227
Farm Harvest,Biri,OD02,2013-14,4294.0,4294.0,0.0
Farm Harvest,Biri,OD02,2014-15,4587.0,4587.0,0.0
Farm Harvest,Biri,OD02,2015-16,5076.0,5076.0,0.0
Farm Harvest,Biri,OD02,2016-17,5600.0,5600.0,0.0
Farm Harvest,Biri,OD02,2017-18,6128.0,6128.0,0.0
Farm Harvest,Biri,OD02,2018-19,6400.0,6400.0,0.0
Farm Harvest,Biri,OD02,2019-20,6740.816666666667,6740.82,0.003333333333102928
Farm Harvest,Biri,OD02,2020-21,7099.786666666667,7099.79,0.003333333333102928
Farm Harvest,Biri,OD02,2021-22,7477.87,7477.87,0.0
Farm Harvest,Biri,OD02,2022-23,7876.09,7876.09,0.0
Farm Harvest,Biri,OD02,2023-24,8295.513333333334,8295.51,0.0033333333340124227
Farm Harvest,Biri,OD02,2024-25,8737.269999999999,8737.27,1.8189894035458565e-12
Farm Harvest,Biri,OD03,2013-14,4293.996666666667,4294.0,0.003333333333102928
Farm Harvest,Biri,OD03,2014-15,4764.996666666667,4765.0,0.003333333333102928
Farm Harvest,Biri,OD03,2015-16,5350.0,5350.0,0.0
Farm Harvest,Biri,OD03,2016-17,5875.0,5875.0,0.0
Farm Harvest,Biri,OD03,2017-18,7042.0,7042.0,0.0
Farm Harvest,Biri,OD03,2018-19,5191.996666666667,5192.0,0.003333333333102928
Farm Harvest,Biri,OD03,2019-20,5468.490000000001,5468.49,9.094947017729282e-13
Farm Harvest,Biri,OD03,2020-21,5759.7,5759.7,0.0
Farm Harvest,Biri,OD03,2021-22,6066.423333333333,6066.42,0.003333333333102928
Farm Harvest,Biri,OD03,2022-23,6389.4766666666665,6389.48,0.003333333333102928
Farm Harvest,Biri,OD03,2023-24,6729.733333333334,6729.73,0.0033333333340124227
Farm Harvest,Biri,OD03,2024-25,7088.110000000001,7088.11,9.094947017729282e-13
Farm Harvest,Biri,OD04,2013-14,4183.003333333333,4183.0,0.003333333333102928
Farm Harvest,Biri,OD04,2014-15,4721.0,4721.0,0.0
Farm Harvest,Biri,OD04,2015-16,5340.0,5340.0,0.0
Farm Harvest,Biri,OD04,2016-17,5856.0,5856.0,0.0
Farm Harvest,Biri,OD04,2017-18,5189.0,5189.0,0.0
Farm Harvest,Biri,OD04,2018-19,5458.0,5458.0,0.0
Farm Harvest,Biri,OD04,2019-20,5748.653333333333,5748.65,0.003333333333102928
Farm Harvest,Biri,OD04,2020-21,6054.786666666667,6054.79,0.003333333333102928
Farm Harvest,Biri,OD04,2021-22,6377.22,6377.22,0.0
Farm Harvest,Biri,OD04,2022-23,6716.826666666667,6716.83,0.003333333333102928
Farm Harvest,Biri,OD04,2023-24,7074.516666666667,7074.52,0.003333333333102928
Farm Harvest,Biri,OD04,2024-25,7451.256666666667,7451.25,0.006666666667115351
Farm Harvest,Biri,OD05,2013-14,4163.0,4163.0,0.0
Farm Harvest,Biri,OD05,2014-15,4659.0,4659.0,0.0
Farm Harvest,Biri,OD05,2015-16,5260.0,5260.0,0.0
Farm Harvest,Biri,OD05,2016-17,5500.0,5500.0,0.0
Farm Harvest,Biri,OD05,2017-18,5639.0,5639.0,0.0
Farm Harvest,Biri,OD05,2018-19,5985.0,5985.0,0.0
Farm Harvest,Biri,OD05,2019-20,6303.716666666667,6303.72,0.003333333333102928
Farm Harvest,Biri,OD05,2020-21,6639.41,6639.41,0.0
Farm Harvest,Biri,OD05,2021-22,6992.9766666666665,6992.98,0.003333333333102928
Farm Harvest,Biri,OD05,2022-23,7365.373333333333,7365.37,0.003333333333102928
Farm Harvest,Biri,OD05,2023-24,7757.599999999999,7757.6,9.094947017729282e-13
Farm Harvest,Biri,OD05,2024-25,8170.713333333333,8170.71,0.003333333333102928
Farm Harvest,Biri,OD06,2013-14,4667.003333333333,4667.0,0.003333333333102928
Farm Harvest,Biri,OD06,2014-15,5054.0,5054.0,0.0
Farm Harvest,Biri,OD06,2015-16,5600.0,5600.0,0.0
Farm Harvest,Biri,OD06,2016-17,5900.0,5900.0,0.0
Farm Harvest,Biri,OD06,2017-18,5000.003333333333,5000.0,0.003333333333102928
Farm Harvest,Biri,OD06,2018-19,5028.003333333333,5028.0,0.003333333333102928
Farm Harvest,Biri,OD06,2019-20,5295.753333333333,5295.76,0.006666666667115351
Farm Harvest,Biri,OD06,2020-21,5577.7733333333335,5577.77,0.003333333333102928
Farm Harvest,Biri,OD06,2021-22,5874.8,5874.8,0.0
Farm Harvest,Biri,OD06,2022-23,6187.650000000001,6187.65,9.094947017729282e-13
Farm Harvest,Biri,OD06,2023-24,6517.16,6517.16,0.0
Farm Harvest,Biri,OD06,2024-25,6864.216666666667,6864.22,0.003333333333102928
Farm Harvest,Biri,OD07,2013-14,4310.003333333333,4310.0,0.003333333333102928
Farm Harvest,Biri,OD07,2014-15,4839.0,4839.0,0.0
Farm Harvest,Biri,OD07,2015-16,5500.0,5500.0,0.0
Farm Harvest,Biri,OD07,2016-17,5873.003333333334,5873.0,0.0033333333340124227
Farm Harvest,Biri,OD07,2017-18,6637.0,6637.0,0.0
Farm Harvest,Biri,OD07,2018-19,5948.0,5948.0,0.0
Farm Harvest,Biri,OD07,2019-20,6264.746666666666,6264.75,0.0033333333340124227
Farm Harvest,Biri,OD07,2020-21,6598.363333333334,6598.36,0.0033333333340124227
Farm Harvest,Biri,OD07,2021-22,6949.746666666666,6949.75,0.0033333333340124227
Farm Harvest,Biri,OD07,2022-23,7319.84,7319.84,0.0
Farm Harvest,Biri,OD07,2023-24,7709.643333333333,7709.64,0.003333333333102928
Farm Harvest,Biri,OD07,2024-25,8120.203333333334,8120.2,0.0033333333340124227
Farm Harvest,Biri,OD08,2013-14,4545.0,4545.0,0.0
Farm Harvest,Biri,OD08,2014-15,4908.0,4908.0,0.0
Farm Harvest,Biri,OD08,2015-16,5475.0,5475.0,0.0
Farm Harvest,Biri,OD08,2016-17,5900.0,5900.0,0.0
Farm Harvest,Biri,OD08,2017-18,6167.0,6167.0,0.0
Farm Harvest,Biri,OD08,2018-19,4857.996666666667,4858.0,0.003333333333102928
Farm Harvest,Biri,OD08,2019-20,5116.703333333334,5116.7,0.0033333333340124227
Farm Harvest,Biri,OD08,2020-21,5389.18,5389.18,0.0
Farm Harvest,Biri,OD08,2021-22,5676.169999999999,5676.17,9.094947017729282e-13
Farm Harvest,Biri,OD08,2022-23,5978.443333333334,5978.44,0.0033333333340124227
Farm Harvest,Biri,OD08,2023-24,6296.81,6296.81,0.0
Farm Harvest,Biri,OD08,2024-25,6632.136666666666,6632.14,0.0033333333340124227
Farm Harvest,Biri,OD09,2013-14,4091.9966666666664,4092.0,0.0033333333335576754
Farm Harvest,Biri,OD09,2014-15,4569.0,4569.0,0.0
Farm Harvest,Biri,OD09,2015-16,5200.003333333333,5200.0,0.003333333333102928
Farm Harvest,Biri,OD09,2016-17,5898.0,5898.0,0.0
Farm Harvest,Biri,OD09,2017-18,5643.0,5643.0,0.0
Farm Harvest,Biri,OD09,2018-19,4857.0,4857.0,0.0
Farm Harvest,Biri,OD09,2019-20,5115.650000000001,5115.65,9.094947017729282e-13
Farm Harvest,Biri,OD09,2020-21,5388.07,5388.07,0.0
Farm Harvest,Biri,OD09,2021-22,5675.003333333334,5675.0,0.0033333333340124227
Farm Harvest,Biri,OD09,2022-23,5977.213333333333,5977.21,0.003333333333102928
Farm Harvest,Biri,OD09,2023-24,6295.516666666666,6295.52,0.0033333333340124227
Farm Harvest,Biri,OD09,2024-25,6630.7699999999995,6630.77,9.094947017729282e-13
Farm Harvest,Biri,OD10,2013-14,4450.0,4450.0,0.0
Farm Harvest,Biri,OD10,2014-15,4757.0,4757.0,0.0
Farm Harvest,Biri,OD10,2015-16,5394.0,5394.0,0.0
Farm Harvest,Biri,OD10,2016-17,5889.0,5889.0,0.0
Farm Harvest,Biri,OD10,2017-18,5773.0,5773.0,0.0
Farm Harvest,Biri,OD10,2018-19,5695.0,5695.0,0.0
Farm Harvest,Biri,OD10,2019-20,5998.276666666668,5998.28,0.0033333333321934333
Farm Harvest,Biri,OD10,2020-21,6317.7,6317.7,0.0
Farm Harvest,Biri,OD10,2021-22,6654.136666666666,6654.14,0.0033333333340124227
Farm Harvest,Biri,OD10,2022-23,7008.486666666667,7008.49,0.003333333333102928
Farm Harvest,Biri,OD10,2023-24,7381.71,7381.71,0.0
Farm Harvest,Biri,OD10,2024-25,7774.806666666666,7774.81,0.0033333333340124227
Farm Harvest,Biri,OD11,2013-14,4308.0,4308.0,0.0
Farm Harvest,Biri,OD11,2014-15,4662.0,4662.0,0.0
Farm Harvest,Biri,OD11,2015-16,5300.0,5300.0,0.0
Farm Harvest,Biri,OD11,2016-17,5874.996666666667,5875.0,0.003333333333102928
Farm Harvest,Biri,OD11,2017-18,5646.0,5646.0,0.0
Farm Harvest,Biri,OD11,2018-19,4975.0,4975.0,0.0
Farm Harvest,Biri,OD11,2019-20,5239.933333333333,5239.93,0.003333333333102928
Farm Harvest,Biri,OD11,2020-21,5518.9766666666665,5518.97,0.006666666666205856
Farm Harvest,Biri,OD11,2021-22,5812.876666666667,5812.88,0.003333333333102928
Farm Harvest,Biri,OD11,2022-23,6122.426666666666,6122.43,0.0033333333340124227
Farm Harvest,Biri,OD11,2023-24,6448.466666666667,6448.46,0.006666666667115351
Farm Harvest,Biri,OD11,2024-25,6791.866666666666,6791.86,0.006666666666205856
Farm Harvest,Biri,OD12,2013-14,4400.003333333333,4400.0,0.003333333333102928
Farm Harvest,Biri,OD12,2014-15,4831.0,4831.0,0.0
Farm Harvest,Biri,OD12,2015-16,5450.0,5450.0,0.0
Farm Harvest,Biri,OD12,2016-17,5738.0,5738.0,0.0
Farm Harvest,Biri,OD12,2017-18,5860.0,5860.0,0.0
Farm Harvest,Biri,OD12,2018-19,5774.0,5774.0,0.0
Farm Harvest,Biri,OD12,2019-20,6081.48,6081.48,0.0
Farm Harvest,Biri,OD12,2020-21,6405.34,6405.34,0.0
Farm Harvest,Biri,OD12,2021-22,6746.44,6746.44,0.0
Farm Harvest,Biri,OD12,2022-23,7105.71,7105.71,0.0
Farm Harvest,Biri,OD12,2023-24,7484.110000000001,7484.11,9.094947017729282e-13
Farm Harvest,Biri,OD12,2024-25,7882.656666666667,7882.66,0.003333333333102928
Farm Harvest,Biri,OD13,2013-14,4170.996666666667,4171.0,0.003333333333102928
Farm Harvest,Biri,OD13,2014-15,4751.0,4751.0,0.0
Farm Harvest,Biri,OD13,2015-16,5443.0,5443.0,0.0
Farm Harvest,Biri,OD13,2016-17,5568.003333333334,5568.0,0.0033333333340124227
Farm Harvest,Biri,OD13,2017-18,5625.0,5625.0,0.0
Farm Harvest,Biri,OD13,2018-19,4700.003333333334,4700.0,0.0033333333340124227
Farm Harvest,Biri,OD13,2019-20,4950.29,4950.29,0.0
Farm Harvest,Biri,OD13,2020-21,5213.906666666667,5213.91,0.003333333333102928
Farm Harvest,Biri,OD13,2021-22,5491.563333333333,5491.56,0.0033333333321934333
Farm Harvest,Biri,OD13,2022-23,5784.0,5784.0,0.0
Farm Harvest,Biri,OD13,2023-24,6092.013333333333,6092.02,0.006666666667115351
Farm Harvest,Biri,OD13,2024-25,6416.436666666666,6416.43,0.006666666665296361
Farm Harvest,Biri,OD14,2013-14,4433.0,4433.0,0.0
Farm Harvest,Biri,OD14,2014-15,5300.0,5300.0,0.0
Farm Harvest,Biri,OD14,2015-16,5750.0,5750.0,0.0
Farm Harvest,Biri,OD14,2016-17,6152.7733333333335,6152.77,0.003333333333102928
Farm Harvest,Biri,OD14,2017-18,6194.0,6194.0,0.0
Farm Harvest,Biri,OD14,2018-19,5761.0,5761.0,0.0
Farm Harvest,Biri,OD14,2019-20,6067.79,6067.79,0.0
Farm Harvest,Biri,OD14,2020-21,6390.916666666667,6390.92,0.003333333333102928
Farm Harvest,Biri,OD14,2021-22,6731.25,6731.25,0.0
Farm Harvest,Biri,OD14,2022-23,7089.71,7089.71,0.0
Farm Harvest,Biri,OD14,2023-24,7467.256666666667,7467.26,0.003333333333102928
Farm Harvest,Biri,OD14,2024-25,7864.91,7864.91,0.0
Farm Harvest,Biri,OD15,2013-14,4437.003333333333,4437.0,0.003333333333102928
Farm Harvest,Biri,OD15,2014-15,5068.0,5068.0,0.0
Farm Harvest,Biri,OD15,2015-16,5550.0,5550.0,0.0
Farm Harvest,Biri,OD15,2016-17,5988.996666666667,5989.0,0.003333333333102928
Farm Harvest,Biri,OD15,2017-18,6238.003333333334,6238.0,0.0033333333340124227
Farm Harvest,Biri,OD15,2018-19,6836.0,6836.0,0.0
Farm Harvest,Biri,OD15,2019-20,7200.036666666667,7200.04,0.003333333333102928
Farm Harvest,Biri,OD15,2020-21,7583.456666666666,7583.46,0.0033333333340124227
Farm Harvest,Biri,OD15,2021-22,7987.3,7987.3,0.0
Farm Harvest,Biri,OD15,2022-23,8412.643333333333,8412.65,0.006666666666205856
Farm Harvest,Biri,OD15,2023-24,8860.646666666666,8860.64,0.006666666666205856
Farm Harvest,Biri,OD15,2024-25,9332.5,9332.5,0.0
Farm Harvest,Biri,OD16,2013-14,4633.0,4633.0,0.0
Farm Harvest,Biri,OD16,2014-15,5074.0,5074.0,0.0
Farm Harvest,Biri,OD16,2015-16,5467.0,5467.0,0.0
Farm Harvest,Biri,OD16,2016-17,5999.996666666666,6000.0,0.0033333333340124227
Farm Harvest,Biri,OD16,2017-18,6629.0,6629.0,0.0
Farm Harvest,Biri,OD16,2018-19,6800.0,6800.0,0.0
Farm Harvest,Biri,OD16,2019-20,7162.12,7162.12,0.0
Farm Harvest,Biri,OD16,2020-21,7543.526666666668,7543.52,0.006666666667115351
Farm Harvest,Biri,OD16,2021-22,7945.236666666667,7945.24,0.003333333333102928
Farm Harvest,Biri,OD16,2022-23,8368.343333333332,8368.34,0.0033333333321934333
Farm Harvest,Biri,OD16,2023-24,8813.980000000001,8813.98,1.8189894035458565e-12
Farm Harvest,Biri,OD16,2024-25,9283.35,9283.35,0.0
Farm Harvest,Biri,OD17,2013-14,3828.0,3828.0,0.0
Farm Harvest,Biri,OD17,2014-15,4446.003333333333,4446.0,0.003333333333102928
Farm Harvest,Biri,OD17,2015-16,5075.0,5075.0,0.0
Farm Harvest,Biri,OD17,2016-17,5983.0,5983.0,0.0
Farm Harvest,Biri,OD17,2017-18,6460.0,6460.0,0.0
Farm Harvest,Biri,OD17,2018-19,5470.0,5470.0,0.0
Farm Harvest,Biri,OD17,2019-20,5761.293333333332,5761.29,0.0033333333321934333
Farm Harvest,Biri,OD17,2020-21,6068.096666666667,6068.1,0.003333333333102928
Farm Harvest,Biri,OD17,2021-22,6391.243333333333,6391.24,0.003333333333102928
Farm Harvest,Biri,OD17,2022-23,6731.593333333333,6731.59,0.003333333333102928
Farm Harvest,Biri,OD17,2023-24,7090.07,7090.07,0.0
Farm Harvest,Biri,OD17,2024-25,7467.636666666666,7467.64,0.0033333333340124227
Farm Harvest,Biri,OD18,2013-14,4500.0,4500.0,0.0
Farm Harvest,Biri,OD18,2014-15,5162.996666666666,5163.0,0.0033333333340124227
Farm Harvest,Biri,OD18,2015-16,5578.0,5578.0,0.0
Farm Harvest,Biri,OD18,2016-17,5975.0,5975.0,0.0
Farm Harvest,Biri,OD18,2017-18,5374.0,5374.0,0.0
Farm Harvest,Biri,OD18,2018-19,5170.0,5170.0,0.0
Farm Harvest,Biri,OD18,2019-20,5445.316666666667,5445.32,0.003333333333102928
Farm Harvest,Biri,OD18,2020-21,5735.293333333334,5735.3,0.006666666666205856
Farm Harvest,Biri,OD18,2021-22,6040.716666666667,6040.72,0.003333333333102928
Farm Harvest,Biri,OD18,2022-23,6362.403333333333,6362.4,0.003333333333102928
Farm Harvest,Biri,OD18,2023-24,6701.216666666667,6701.22,0.003333333333102928
Farm Harvest,Biri,OD18,2024-25,7058.076666666667,7058.08,0.003333333333102928
Farm Harvest,Biri,OD19,2013-14,4179.0,4179.0,0.0
Farm Harvest,Biri,OD19,2014-15,4721.003333333333,4721.0,0.003333333333102928
Farm Harvest,Biri,OD19,2015-16,5400.0,5400.0,0.0
Farm Harvest,Biri,OD19,2016-17,5899.996666666666,5900.0,0.0033333333340124227
Farm Harvest,Biri,OD19,2017-18,5281.996666666667,5282.0,0.003333333333102928
Farm Harvest,Biri,OD19,2018-19,4980.003333333333,4980.0,0.003333333333102928
Farm Harvest,Biri,OD19,2019-20,5245.2,5245.2,0.0
Farm Harvest,Biri,OD19,2020-21,5524.52,5524.52,0.0
Farm Harvest,Biri,OD19,2021-22,5818.716666666667,5818.72,0.003333333333102928
Farm Harvest,Biri,OD19,2022-23,6128.583333333333,6128.58,0.003333333333102928
Farm Harvest,Biri,OD19,2023-24,6454.946666666667,6454.95,0.003333333333102928
Farm Harvest,Biri,OD19,2024-25,6798.69,6798.69,0.0
Farm Harvest,Biri,OD20,2013-14,4396.003333333334,4396.0,0.0033333333340124227
Farm Harvest,Biri,OD20,2014-15,5186.0,5186.0,0.0
Farm Harvest,Biri,OD20,2015-16,5475.0,5475.0,0.0
Farm Harvest,Biri,OD20,2016-17,5800.0,5800.0,0.0
Farm Harvest,Biri,OD20,2017-18,5034.996666666667,5035.0,0.003333333333102928
Farm Harvest,Biri,OD20,2018-19,5817.0,5817.0,0.0
Farm Harvest,Biri,OD20,2019-20,6126.7699999999995,6126.77,9.094947017729282e-13
Farm Harvest,Biri,OD20,2020-21,6453.04,6453.04,0.0
Farm Harvest,Biri,OD20,2021-22,6796.683333333333,6796.68,0.003333333333102928
Farm Harvest,Biri,OD20,2022-23,7158.623333333333,7158.63,0.006666666667115351
Farm Harvest,Biri,OD20,2023-24,7539.843333333333,7539.84,0.003333333333102928
Farm Harvest,Biri,OD20,2024-25,7941.363333333334,7941.36,0.0033333333340124227
Farm Harvest,Biri,OD21,2013-14,4250.0,4250.0,0.0
Farm Harvest,Biri,OD21,2014-15,4874.0,4874.0,0.0
Farm Harvest,Biri,OD21,2015-16,5250.0,5250.0,0.0
Farm Harvest,Biri,OD21,2016-17,5700.0,5700.0,0.0
Farm Harvest,Biri,OD21,2017-18,5607.0,5607.0,0.0
Farm Harvest,Biri,OD21,2018-19,6296.0,6296.0,0.0
Farm Harvest,Biri,OD21,2019-20,6631.28,6631.28,0.0
Farm Harvest,Biri,OD21,2020-21,6984.416666666667,6984.41,0.006666666667115351
Farm Harvest,Biri,OD21,2021-22,7356.353333333333,7356.35,0.0033333333321934333
Farm Harvest,Biri,OD21,2022-23,7748.099999999999,7748.1,9.094947017729282e-13
Farm Harvest,Biri,OD21,2023-24,8160.71,8160.71,0.0
Farm Harvest,Biri,OD21,2024-25,8595.289999999999,8595.29,1.8189894035458565e-12
Farm Harvest,Biri,OD22,2013-14,4427.0,4427.0,0.0
Farm Harvest,Biri,OD22,2014-15,5269.0,5269.0,0.0
Farm Harvest,Biri,OD22,2015-16,5560.0,5560.0,0.0
Farm Harvest,Biri,OD22,2016-17,5876.0,5876.0,0.0
Farm Harvest,Biri,OD22,2017-18,5590.0,5590.0,0.0
Farm Harvest,Biri,OD22,2018-19,4856.0,4856.0,0.0
Farm Harvest,Biri,OD22,2019-20,5114.596666666667,5114.6,0.003333333333102928
Farm Harvest,Biri,OD22,2020-21,5386.963333333333,5386.96,0.003333333333102928
Farm Harvest,Biri,OD22,2021-22,5673.833333333333,5673.83,0.003333333333102928
Farm Harvest,Biri,OD22,2022-23,5975.98,5975.98,0.0
Farm Harvest,Biri,OD22,2023-24,6294.223333333334,6294.22,0.0033333333340124227
Farm Harvest,Biri,OD22,2024-25,6629.403333333333,6629.41,0.006666666667115351
Farm Harvest,Biri,OD23,2013-14,4473.0,4473.0,0.0
Farm Harvest,Biri,OD23,2014-15,5136.0,5136.0,0.0
Farm Harvest,Biri,OD23,2015-16,5533.0,5533.0,0.0
Farm Harvest,Biri,OD23,2016-17,5800.0,5800.0,0.0
Farm Harvest,Biri,OD23,2017-18,5082.996666666667,5083.0,0.003333333333102928
Farm Harvest,Biri,OD23,2018-19,5067.003333333333,5067.0,0.003333333333102928
Farm Harvest,Biri,OD23,2019-20,5336.83,5336.83,0.0
Farm Harvest,Biri,OD23,2020-21,5621.03,5621.03,0.0
Farm Harvest,Biri,OD23,2021-22,5920.37,5920.37,0.0
Farm Harvest,Biri,OD23,2022-23,6235.646666666667,6235.65,0.0033333333321934333
Farm Harvest,Biri,OD23,2023-24,6567.713333333333,6567.71,0.003333333333102928
Farm Harvest,Biri,OD23,2024-25,6917.46,6917.46,0.0
Farm Harvest,Biri,OD24,2013-14,3950.0033333333336,3950.0,0.0033333333335576754
Farm Harvest,Biri,OD24,2014-15,4793.003333333333,4793.0,0.003333333333102928
Farm Harvest,Biri,OD24,2015-16,5275.0,5275.0,0.0
Farm Harvest,Biri,OD24,2016-17,5700.0,5700.0,0.0
Farm Harvest,Biri,OD24,2017-18,5558.0,5558.0,0.0
Farm Harvest,Biri,OD24,2018-19,5631.003333333334,5631.0,0.0033333333340124227
Farm Harvest,Biri,OD24,2019-20,5930.866666666666,5930.87,0.0033333333340124227
Farm Harvest,Biri,OD24,2020-21,6246.703333333334,6246.7,0.0033333333340124227
Farm Harvest,Biri,OD24,2021-22,6579.356666666667,6579.36,0.003333333333102928
Farm Harvest,Biri,OD24,2022-23,6929.7266666666665,6929.73,0.003333333333102928
Farm Harvest,Biri,OD24,2023-24,7298.753333333333,7298.75,0.003333333333102928
Farm Harvest,Biri,OD24,2024-25,7687.433333333333,7687.43,0.003333333333102928
Farm Harvest,Biri,OD25,2013-14,4000.0,4000.0,0.0
Farm Harvest,Biri,OD25,2014-15,4821.0,4821.0,0.0
Farm Harvest,Biri,OD25,2015-16,5375.0,5375.0,0.0
Farm Harvest,Biri,OD25,2016-17,5600.0,5600.0,0.0
Farm Harvest,Biri,OD25,2017-18,5549.003333333333,5549.0,0.003333333333102928
Farm Harvest,Biri,OD25,2018-19,5700.0,5700.0,0.0
Farm Harvest,Biri,OD25,2019-20,6003.54,6003.54,0.0
Farm Harvest,Biri,OD25,2020-21,6323.246666666666,6323.25,0.0033333333340124227
Farm Harvest,Biri,OD25,2021-22,6659.9766666666665,6659.98,0.003333333333102928
Farm Harvest,Biri,OD25,2022-23,7014.643333333333,7014.64,0.003333333333102928
Farm Harvest,Biri,OD25,2023-24,7388.193333333334,7388.19,0.0033333333340124227
Farm Harvest,Biri,OD25,2024-25,7781.633333333334,7781.63,0.0033333333340124227
Farm Harvest,Biri,OD26,2013-14,3913.0,3913.0,0.0
Farm Harvest,Biri,OD26,2014-15,4800.0,4800.0,0.0
Farm Harvest,Biri,OD26,2015-16,5500.0,5500.0,0.0
Farm Harvest,Biri,OD26,2016-17,5900.0,5900.0,0.0
Farm Harvest,Biri,OD26,2017-18,5990.0,5990.0,0.0
Farm Harvest,Biri,OD26,2018-19,5125.0,5125.0,0.0
Farm Harvest,Biri,OD26,2019-20,5397.92,5397.92,0.0
Farm Harvest,Biri,OD26,2020-21,5685.373333333333,5685.38,0.006666666667115351
Farm Harvest,Biri,OD26,2021-22,5988.139999999999,5988.14,9.094947017729282e-13
Farm Harvest,Biri,OD26,2022-23,6307.026666666668,6307.02,0.006666666667115351
Farm Harvest,Biri,OD26,2023-24,6642.893333333333,6642.89,0.003333333333102928
Farm Harvest,Biri,OD26,2024-25,6996.643333333333,6996.64,0.003333333333102928
Farm Harvest,Biri,OD27,2013-14,4079.0,4079.0,0.0
Farm Harvest,Biri,OD27,2014-15,4953.996666666667,4954.0,0.003333333333102928
Farm Harvest,Biri,OD27,2015-16,5364.0,5364.0,0.0
Farm Harvest,Biri,OD27,2016-17,5859.0,5859.0,0.0
Farm Harvest,Biri,OD27,2017-18,5386.0,5386.0,0.0
Farm Harvest,Biri,OD27,2018-19,5428.0,5428.0,0.0
Farm Harvest,Biri,OD27,2019-20,5717.056666666666,5717.06,0.0033333333340124227
Farm Harvest,Biri,OD27,2020-21,6021.509999999999,6021.51,9.094947017729282e-13
Farm Harvest,Biri,OD27,2021-22,6342.170000000001,6342.17,9.094947017729282e-13
Farm Harvest,Biri,OD27,2022-23,6679.91,6679.91,0.0
Farm Harvest,Biri,OD27,2023-24,7035.63,7035.63,0.0
Farm Harvest,Biri,OD27,2024-25,7410.296666666666,7410.3,0.0033333333340124227
Farm Harvest,Biri,OD28,2013-14,4486.0,4486.0,0.0
Farm Harvest,Biri,OD28,2014-15,5162.0,5162.0,0.0
Farm Harvest,Biri,OD28,2015-16,5485.996666666666,5486.0,0.0033333333340124227
Farm Harvest,Biri,OD28,2016-17,5871.0,5871.0,0.0
Farm Harvest,Biri,OD28,2017-18,5213.996666666667,5214.0,0.003333333333102928
Farm Harvest,Biri,OD28,2018-19,5841.0,5841.0,0.0
Farm Harvest,Biri,OD28,2019-20,6152.05,6152.05,0.0
Farm Harvest,Biri,OD28,2020-21,6479.663333333333,6479.66,0.003333333333102928
Farm Harvest,Biri,OD28,2021-22,6824.7266666666665,6824.72,0.006666666666205856
Farm Harvest,Biri,OD28,2022-23,7188.16,7188.16,0.0
Farm Harvest,Biri,OD28,2023-24,7570.953333333334,7570.95,0.0033333333340124227
Farm Harvest,Biri,OD28,2024-25,7974.123333333333,7974.13,0.006666666667115351
Farm Harvest,Biri,OD29,2013-14,4623.0,4623.0,0.0
Farm Harvest,Biri,OD29,2014-15,5357.0,5357.0,0.0
Farm Harvest,Biri,OD29,2015-16,5675.0,5675.0,0.0
Farm Harvest,Biri,OD29,2016-17,6000.0,6000.0,0.0
Farm Harvest,Biri,OD29,2017-18,6000.0,6000.0,0.0
Farm Harvest,Biri,OD29,2018-19,5782.996666666666,5783.0,0.0033333333340124227
Farm Harvest,Biri,OD29,2019-20,6090.959999999999,6090.96,9.094947017729282e-13
Farm Harvest,Biri,OD29,2020-21,6415.323333333334,6415.32,0.0033333333340124227
Farm Harvest,Biri,OD29,2021-22,6756.956666666666,6756.96,0.0033333333340124227
Farm Harvest,Biri,OD29,2022-23,7116.783333333333,7116.78,0.003333333333102928
Farm Harvest,Biri,OD29,2023-24,7495.7733333333335,7495.77,0.003333333333102928
Farm Harvest,Biri,OD29,2024-25,7894.943333333334,7894.94,0.0033333333340124227
Farm Harvest,Biri,OD30,2013-14,4425.003333333333,4425.0,0.003333333333102928
Farm Harvest,Biri,OD30,2014-15,5239.0,5239.0,0.0
Farm Harvest,Biri,OD30,2015-16,5608.0,5608.0,0.0
Farm Harvest,Biri,OD30,2016-17,6000.003333333334,6000.0,0.0033333333340124227
Farm Harvest,Biri,OD30,2017-18,6288.996666666666,6289.0,0.0033333333340124227
Farm Harvest,Biri,OD30,2018-19,6794.0,6794.0,0.0
Farm Harvest,Biri,OD30,2019-20,7155.803333333333,7155.8,0.003333333333102928
Farm Harvest,Biri,OD30,2020-21,7536.866666666666,7536.87,0.0033333333340124227
Farm Harvest,Biri,OD30,2021-22,7938.2266666666665,7938.23,0.003333333333102928
Farm Harvest,Biri,OD30,2022-23,8360.96,8360.96,0.0
Farm Harvest,Biri,OD30,2023-24,8806.203333333333,8806.2,0.0033333333321934333
Farm Harvest,Biri,OD30,2024-25,9275.156666666668,9275.16,0.0033333333321934333
Farm Harvest,Groundnut,OD01,2013-14,3214.0,3214.0,0.0
Farm Harvest,Groundnut,OD01,2014-15,3516.9966666666664,3517.0,0.0033333333335576754
Farm Harvest,Groundnut,OD01,2015-16,4027.0,4027.0,0.0
Farm Harvest,Groundnut,OD01,2016-17,4143.0,4143.0,0.0
Farm Harvest,Groundnut,OD01,2017-18,4154.003333333333,4154.0,0.003333333333102928
Farm Harvest,Groundnut,OD01,2018-19,4961.0,4961.0,0.0
Farm Harvest,Groundnut,OD01,2019-20,5383.526666666667,5383.53,0.003333333333102928
Farm Harvest,Groundnut,OD01,2020-21,5842.04,5842.04,0.0
Farm Harvest,Groundnut,OD01,2021-22,6339.606666666667,6339.6,0.006666666666205856
Farm Harvest,Groundnut,OD01,2022-23,6879.546666666666,6879.55,0.0033333333340124227
Farm Harvest,Groundnut,OD01,2023-24,7465.4766666666665,7465.48,0.003333333333102928
Farm Harvest,Groundnut,OD01,2024-25,8101.306666666666,8101.31,0.0033333333340124227
Farm Harvest,Groundnut,OD02,2013-14,2529.0,2529.0,0.0
Farm Harvest,Groundnut,OD02,2014-15,2826.0033333333336,2826.0,0.0033333333335576754
Farm Harvest,Groundnut,OD02,2015-16,3200.0,3200.0,0.0
Farm Harvest,Groundnut,OD02,2016-17,3245.0,3245.0,0.0
Farm Harvest,Groundnut,OD02,2017-18,3793.0033333333336,3793.0,0.0033333333335576754
Farm Harvest,Groundnut,OD02,2018-19,4650.0,4650.0,0.0
Farm Harvest,Groundnut,OD02,2019-20,5046.036666666667,5046.04,0.003333333333102928
Farm Harvest,Groundnut,OD02,2020-21,5475.81,5475.81,0.0
Farm Harvest,Groundnut,OD02,2021-22,5942.18,5942.18,0.0
Farm Harvest,Groundnut,OD02,2022-23,6448.2733333333335,6448.28,0.006666666666205856
Farm Harvest,Groundnut,OD02,2023-24,6997.47,6997.47,0.0
Farm Harvest,Groundnut,OD02,2024-25,7593.446666666667,7593.45,0.003333333333102928
Farm Harvest,Groundnut,OD03,2013-14,3500.0,3500.0,0.0
Farm Harvest,Groundnut,OD03,2014-15,3823.0033333333336,3823.0,0.0033333333335576754
Farm Harvest,Groundnut,OD03,2015-16,4063.0,4063.0,0.0
Farm Harvest,Groundnut,OD03,2016-17,4471.0,4471.0,0.0
Farm Harvest,Groundnut,OD03,2017-18,4650.0,4650.0,0.0
Farm Harvest,Groundnut,OD03,2018-19,5688.0,5688.0,0.0
Farm Harvest,Groundnut,OD03,2019-20,6172.446666666667,6172.45,0.003333333333102928
Farm Harvest,Groundnut,OD03,2020-21,6698.150000000001,6698.15,9.094947017729282e-13
Farm Harvest,Groundnut,OD03,2021-22,7268.63,7268.63,0.0
Farm Harvest,Groundnut,OD03,2022-23,7887.696666666667,7887.7,0.003333333333102928
Farm Harvest,Groundnut,OD03,2023-24,8559.49,8559.49,0.0
Farm Harvest,Groundnut,OD03,2024-25,9288.5,9288.5,0.0
Farm Harvest,Groundnut,OD04,2013-14,2554.0033333333336,2554.0,0.0033333333335576754
Farm Harvest,Groundnut,OD04,2014-15,2916.0,2916.0,0.0
Farm Harvest,Groundnut,OD04,2015-16,3325.0,3325.0,0.0
Farm Harvest,Groundnut,OD04,2016-17,3700.0,3700.0,0.0
Farm Harvest,Groundnut,OD04,2017-18,4271.0,4271.0,0.0
Farm Harvest,Groundnut,OD04,2018-19,3883.0,3883.0,0.0
Farm Harvest,Groundnut,OD04,2019-20,4213.713333333333,4213.71,0.003333333333102928
Farm Harvest,Groundnut,OD04,2020-21,4572.593333333333,4572.59,0.003333333333102928
Farm Harvest,Groundnut,OD04,2021-22,4962.04,4962.04,0.0
Farm Harvest,Groundnut,OD04,2022-23,5384.656666666667,5384.66,0.003333333333102928
Farm Harvest,Groundnut,OD04,2023-24,5843.266666666666,5843.27,0.0033333333340124227
Farm Harvest,Groundnut,OD04,2024-25,6340.933333333333,6340.94,0.006666666666205856
Farm Harvest,Groundnut,OD05,2013-14,3270.47,3270.47,0.0
Farm Harvest,Groundnut,OD05,2014-15,3850.0,3850.0,0.0
Farm Harvest,Groundnut,OD05,2015-16,4100.0,4100.0,0.0
Farm Harvest,Groundnut,OD05,2016-17,4200.0,4200.0,0.0
Farm Harvest,Groundnut,OD05,2017-18,4625.0,4625.0,0.0
Farm Harvest,Groundnut,OD05,2018-19,4425.0,4425.0,0.0
Farm Harvest,Groundnut,OD05,2019-20,4801.88,4801.88,0.0
Farm Harvest,Groundnut,OD05,2020-21,5210.8533333333335,5210.85,0.003333333333102928
Farm Harvest,Groundnut,OD05,2021-22,5654.656666666667,5654.66,0.003333333333102928
Farm Harvest,Groundnut,OD05,2022-23,6136.259999999999,6136.26,9.094947017729282e-13
Farm Harvest,Groundnut,OD05,2023-24,6658.886666666666,6658.89,0.0033333333340124227
Farm Harvest,Groundnut,OD05,2024-25,7226.02,7226.02,0.0
Farm Harvest,Groundnut,OD06,2013-14,3142.0,3142.0,0.0
Farm Harvest,Groundnut,OD06,2014-15,3518.0,3518.0,0.0
Farm Harvest,Groundnut,OD06,2015-16,4000.0,4000.0,0.0
Farm Harvest,Groundnut,OD06,2016-17,4250.0,4250.0,0.0
Farm Harvest,Groundnut,OD06,2017-18,3833.0,3833.0,0.0
Farm Harvest,Groundnut,OD06,2018-19,6524.003333333333,6524.0,0.003333333333102928
Farm Harvest,Groundnut,OD06,2019-20,7079.650000000001,7079.65,9.094947017729282e-13
Farm Harvest,Groundnut,OD06,2020-21,7682.62,7682.62,0.0
Farm Harvest,Groundnut,OD06,2021-22,8336.946666666667,8336.94,0.006666666666205856
Farm Harvest,Groundnut,OD06,2022-23,9047.0,9047.0,0.0
Farm Harvest,Groundnut,OD06,2023-24,9817.53,9817.53,0.0
Farm Harvest,Groundnut,OD06,2024-25,10653.686666666666,10653.69,0.0033333333340124227
Farm Harvest,Groundnut,OD07,2013-14,3134.0,3134.0,0.0
Farm Harvest,Groundnut,OD07,2014-15,3427.0,3427.0,0.0
Farm Harvest,Groundnut,OD07,2015-16,3900.0,3900.0,0.0
Farm Harvest,Groundnut,OD07,2016-17,4149.996666666667,4150.0,0.003333333333102928
Farm Harvest,Groundnut,OD07,2017-18,4150.0,4150.0,0.0
Farm Harvest,Groundnut,OD07,2018-19,4500.0,4500.0,0.0
Farm Harvest,Groundnut,OD07,2019-20,4883.263333333333,4883.26,0.003333333333102928
Farm Harvest,Groundnut,OD07,2020-21,5299.173333333333,5299.17,0.003333333333102928
Farm Harvest,Groundnut,OD07,2021-22,5750.496666666666,5750.5,0.0033333333340124227
Farm Harvest,Groundnut,OD07,2022-23,6240.266666666666,6240.27,0.0033333333340124227
Farm Harvest,Groundnut,OD07,2023-24,6771.75,6771.75,0.0
Farm Harvest,Groundnut,OD07,2024-25,7348.493333333333,7348.5,0.006666666667115351
Farm Harvest,Groundnut,OD08,2013-14,3849.7433333333333,3849.74,0.0033333333335576754
Farm Harvest,Groundnut,OD08,2014-15,4349.63,4349.63,0.0
Farm Harvest,Groundnut,OD08,2015-16,4820.986666666667,4820.99,0.003333333333102928
Farm Harvest,Groundnut,OD08,2016-17,5062.25,5062.25,0.0
Farm Harvest,Groundnut,OD08,2017-18,4525.0,4525.0,0.0
Farm Harvest,Groundnut,OD08,2018-19,6380.0,6380.0,0.0
Farm Harvest,Groundnut,OD08,2019-20,6923.38,6923.38,0.0
Farm Harvest,Groundnut,OD08,2020-21,7513.043333333334,7513.04,0.0033333333340124227
Farm Harvest,Groundnut,OD08,2021-22,8152.93,8152.93,0.0
Farm Harvest,Groundnut,OD08,2022-23,8847.31,8847.31,0.0
Farm Harvest,Groundnut,OD08,2023-24,9600.83,9600.83,0.0
Farm Harvest,Groundnut,OD08,2024-25,10418.536666666667,10418.53,0.006666666666205856
Farm Harvest,Groundnut,OD09,2013-14,3330.0,3330.0,0.0
Farm Harvest,Groundnut,OD09,2014-15,3506.0,3506.0,0.0
Farm Harvest,Groundnut,OD09,2015-16,4019.0,4019.0,0.0
Farm Harvest,Groundnut,OD09,2016-17,3817.0,3817.0,0.0
Farm Harvest,Groundnut,OD09,2017-18,3636.0,3636.0,0.0
Farm Harvest,Groundnut,OD09,2018-19,3172.0,3172.0,0.0
Farm Harvest,Groundnut,OD09,2019-20,3442.156666666667,3442.16,0.0033333333326481807
Farm Harvest,Groundnut,OD09,2020-21,3735.3233333333333,3735.33,0.006666666666660603
Farm Harvest,Groundnut,OD09,2021-22,4053.463333333333,4053.46,0.003333333333102928
Farm Harvest,Groundnut,OD09,2022-23,4398.693333333334,4398.69,0.0033333333340124227
Farm Harvest,Groundnut,OD09,2023-24,4773.330000000001,4773.33,9.094947017729282e-13
Farm Harvest,Groundnut,OD09,2024-25,5179.873333333333,5179.87,0.003333333333102928
Farm Harvest,Groundnut,OD10,2013-14,2799.9966666666664,2800.0,0.0033333333335576754
Farm Harvest,Groundnut,OD10,2014-15,3100.0,3100.0,0.0
Farm Harvest,Groundnut,OD10,2015-16,3400.0,3400.0,0.0
Farm Harvest,Groundnut,OD10,2016-17,3600.0,3600.0,0.0
Farm Harvest,Groundnut,OD10,2017-18,2989.0033333333336,2989.0,0.0033333333335576754
Farm Harvest,Groundnut,OD10,2018-19,6327.0,6327.0,0.0
Farm Harvest,Groundnut,OD10,2019-20,6865.87,6865.87,0.0
Farm Harvest,Groundnut,OD10,2020-21,7450.633333333334,7450.63,0.0033333333340124227
Farm Harvest,Groundnut,OD10,2021-22,8085.203333333334,8085.2,0.0033333333340124227
Farm Harvest,Groundnut,OD10,2022-23,8773.816666666668,8773.81,0.006666666668024845
Farm Harvest,Groundnut,OD10,2023-24,9521.076666666668,9521.08,0.0033333333321934333
Farm Harvest,Groundnut,OD10,2024-25,10331.983333333334,10331.98,0.0033333333340124227
Farm Harvest,Groundnut,OD11,2013-14,2750.0,2750.0,0.0
Farm Harvest,Groundnut,OD11,2014-15,2999.9966666666664,3000.0,0.0033333333335576754
Farm Harvest,Groundnut,OD11,2015-16,3300.0,3300.0,0.0
Farm Harvest,Groundnut,OD11,2016-17,3463.0,3463.0,0.0
Farm Harvest,Groundnut,OD11,2017-18,4170.003333333333,4170.0,0.003333333333102928
Farm Harvest,Groundnut,OD11,2018-19,4407.0,4407.0,0.0
Farm Harvest,Groundnut,OD11,2019-20,4782.34,4782.34,0.0
Farm Harvest,Groundnut,OD11,2020-21,5189.653333333333,5189.65,0.003333333333102928
Farm Harvest,Groundnut,OD11,2021-22,5631.650000000001,5631.65,9.094947017729282e-13
Farm Harvest,Groundnut,OD11,2022-23,6111.3,6111.3,0.0
Farm Harvest,Groundnut,OD11,2023-24,6631.8,6631.8,0.0
Farm Harvest,Groundnut,OD11,2024-25,7196.626666666666,7196.63,0.0033333333340124227
Farm Harvest,Groundnut,OD12,2013-14,3249.9966666666664,3250.0,0.0033333333335576754
Farm Harvest,Groundnut,OD12,2014-15,3318.0,3318.0,0.0
Farm Harvest,Groundnut,OD12,2015-16,3700.0,3700.0,0.0
Farm Harvest,Groundnut,OD12,2016-17,4000.0,4000.0,0.0
Farm Harvest,Groundnut,OD12,2017-18,3747.0,3747.0,0.0
Farm Harvest,Groundnut,OD12,2018-19,4069.0,4069.0,0.0
Farm Harvest,Groundnut,OD12,2019-20,4415.556666666666,4415.56,0.0033333333340124227
Farm Harvest,Groundnut,OD12,2020-21,4791.626666666667,4791.63,0.003333333333102928
Farm Harvest,Groundnut,OD12,2021-22,5199.7300000000005,5199.73,9.094947017729282e-13
Farm Harvest,Groundnut,OD12,2022-23,5642.586666666667,5642.59,0.003333333333102928
Farm Harvest,Groundnut,OD12,2023-24,6123.163333333334,6123.16,0.0033333333340124227
Farm Harvest,Groundnut,OD12,2024-25,6644.673333333333,6644.67,0.003333333333102928
Farm Harvest,Groundnut,OD13,2013-14,2900.0,2900.0,0.0
Farm Harvest,Groundnut,OD13,2014-15,3000.0,3000.0,0.0
Farm Harvest,Groundnut,OD13,2015-16,3600.0,3600.0,0.0
Farm Harvest,Groundnut,OD13,2016-17,3800.0033333333336,3800.0,0.0033333333335576754
Farm Harvest,Groundnut,OD13,2017-18,3611.0,3611.0,0.0
Farm Harvest,Groundnut,OD13,2018-19,3425.0,3425.0,0.0
Farm Harvest,Groundnut,OD13,2019-20,3716.7066666666665,3716.71,0.0033333333335576754
Farm Harvest,Groundnut,OD13,2020-21,4033.2566666666667,4033.26,0.0033333333335576754
Farm Harvest,Groundnut,OD13,2021-22,4376.766666666666,4376.77,0.0033333333340124227
Farm Harvest,Groundnut,OD13,2022-23,4749.536666666667,4749.54,0.003333333333102928
Farm Harvest,Groundnut,OD13,2023-24,5154.05,5154.05,0.0
Farm Harvest,Groundnut,OD13,2024-25,5593.0233333333335,5593.02,0.003333333333102928
Farm Harvest,Groundnut,OD14,2013-14,3100.0033333333336,3100.0,0.0033333333335576754
Farm Harvest,Groundnut,OD14,2014-15,3120.0,3120.0,0.0
Farm Harvest,Groundnut,OD14,2015-16,3500.0,3500.0,0.0
Farm Harvest,Groundnut,OD14,2016-17,3700.0,3700.0,0.0
Farm Harvest,Groundnut,OD14,2017-18,4178.0,4178.0,0.0
Farm Harvest,Groundnut,OD14,2018-19,4233.0,4233.0,0.0
Farm Harvest,Groundnut,OD14,2019-20,4593.5233333333335,4593.52,0.003333333333102928
Farm Harvest,Groundnut,OD14,2020-21,4984.753333333333,4984.75,0.003333333333102928
Farm Harvest,Groundnut,OD14,2021-22,5409.3,5409.3,0.0
Farm Harvest,Groundnut,OD14,2022-23,5870.013333333333,5870.01,0.003333333333102928
Farm Harvest,Groundnut,OD14,2023-24,6369.956666666668,6369.96,0.0033333333321934333
Farm Harvest,Groundnut,OD14,2024-25,6912.483333333334,6912.48,0.0033333333340124227
Farm Harvest,Groundnut,OD15,2013-14,2796.0,2796.0,0.0
Farm Harvest,Groundnut,OD15,2014-15,3150.0,3150.0,0.0
Farm Harvest,Groundnut,OD15,2015-16,3600.0,3600.0,0.0
Farm Harvest,Groundnut,OD15,2016-17,3950.0,3950.0,0.0
Farm Harvest,Groundnut,OD15,2017-18,3957.0,3957.0,0.0
Farm Harvest,Groundnut,OD15,2018-19,3926.9966666666664,3927.0,0.0033333333335576754
Farm Harvest,Groundnut,OD15,2019-20,4261.46,4261.46,0.0
Farm Harvest,Groundnut,OD15,2020-21,4624.406666666667,4624.41,0.003333333333102928
Farm Harvest,Groundnut,OD15,2021-22,5018.2699999999995,5018.27,9.094947017729282e-13
Farm Harvest,Groundnut,OD15,2022-23,5445.673333333333,5445.67,0.003333333333102928
Farm Harvest,Groundnut,OD15,2023-24,5909.4800000000005,5909.48,9.094947017729282e-13
Farm Harvest,Groundnut,OD15,2024-25,6412.786666666667,6412.79,0.003333333333102928
Farm Harvest,Groundnut,OD16,2013-14,3116.9966666666664,3117.0,0.0033333333335576754
Farm Harvest,Groundnut,OD16,2014-15,3546.0,3546.0,0.0
Farm Harvest,Groundnut,OD16,2015-16,4000.0,4000.0,0.0
Farm Harvest,Groundnut,OD16,2016-17,4313.0,4313.0,0.0
Farm Harvest,Groundnut,OD16,2017-18,4480.0,4480.0,0.0
Farm Harvest,Groundnut,OD16,2018-19,4500.0,4500.0,0.0
Farm Harvest,Groundnut,OD16,2019-20,4883.263333333333,4883.26,0.003333333333102928
Farm Harvest,Groundnut,OD16,2020-21,5299.17,5299.17,0.0
Farm Harvest,Groundnut,OD16,2021-22,5750.5,5750.5,0.0
Farm Harvest,Groundnut,OD16,2022-23,6240.263333333333,6240.27,0.006666666667115351
Farm Harvest,Groundnut,OD16,2023-24,6771.746666666667,6771.75,0.003333333333102928
Farm Harvest,Groundnut,OD16,2024-25,7348.496666666666,7348.5,0.0033333333340124227
Farm Harvest,Groundnut,OD17,2013-14,3200.0,3200.0,0.0
Farm Harvest,Groundnut,OD17,2014-15,3565.0,3565.0,0.0
Farm Harvest,Groundnut,OD17,2015-16,3850.0,3850.0,0.0
Farm Harvest,Groundnut,OD17,2016-17,4100.0,4100.0,0.0
Farm Harvest,Groundnut,OD17,2017-18,4000.0033333333336,4000.0,0.0033333333335576754
Farm Harvest,Groundnut,OD17,2018-19,5750.0,5750.0,0.0
Farm Harvest,Groundnut,OD17,2019-20,6239.7266666666665,6239.73,0.003333333333102928
Farm Harvest,Groundnut,OD17,2020-21,6771.16,6771.16,0.0
Farm Harvest,Groundnut,OD17,2021-22,7347.856666666667,7347.86,0.003333333333102928
Farm Harvest,Groundnut,OD17,2022-23,7973.673333333333,7973.67,0.003333333333102928
Farm Harvest,Groundnut,OD17,2023-24,8652.786666666667,8652.79,0.0033333333340124227
Farm Harvest,Groundnut,OD17,2024-25,9389.743333333334,9389.74,0.0033333333340124227
Farm Harvest,Groundnut,OD18,2013-14,3348.1633333333334,3348.16,0.0033333333335576754
Farm Harvest,Groundnut,OD18,2014-15,3932.0,3932.0,0.0
Farm Harvest,Groundnut,OD18,2015-16,4183.0,4183.0,0.0
Farm Harvest,Groundnut,OD18,2016-17,4349.996666666667,4350.0,0.003333333333102928
Farm Harvest,Groundnut,OD18,2017-18,4160.0,4160.0,0.0
Farm Harvest,Groundnut,OD18,2018-19,5164.0,5164.0,0.0
Farm Harvest,Groundnut,OD18,2019-20,5603.82,5603.82,0.0
Farm Harvest,Groundnut,OD18,2020-21,6081.093333333333,6081.09,0.003333333333102928
Farm Harvest,Groundnut,OD18,2021-22,6599.016666666666,6599.02,0.0033333333340124227
Farm Harvest,Groundnut,OD18,2022-23,7161.05,7161.05,0.0
Farm Harvest,Groundnut,OD18,2023-24,7770.956666666668,7770.96,0.0033333333321934333
Farm Harvest,Groundnut,OD18,2024-25,8432.806666666665,8432.81,0.0033333333340124227
Farm Harvest,Groundnut,OD19,2013-14,2832.9966666666664,2833.0,0.0033333333335576754
Farm Harvest,Groundnut,OD19,2014-15,3467.0,3467.0,0.0
Farm Harvest,Groundnut,OD19,2015-16,3775.0033333333336,3775.0,0.0033333333335576754
Farm Harvest,Groundnut,OD19,2016-17,4100.003333333333,4100.0,0.003333333333102928
Farm Harvest,Groundnut,OD19,2017-18,4139.003333333333,4139.0,0.003333333333102928
Farm Harvest,Groundnut,OD19,2018-19,4800.0,4800.0,0.0
Farm Harvest,Groundnut,OD19,2019-20,5208.8133333333335,5208.81,0.003333333333102928
Farm Harvest,Groundnut,OD19,2020-21,5652.446666666667,5652.45,0.003333333333102928
Farm Harvest,Groundnut,OD19,2021-22,6133.866666666666,6133.86,0.006666666666205856
Farm Harvest,Groundnut,OD19,2022-23,6656.283333333333,6656.28,0.003333333333102928
Farm Harvest,Groundnut,OD19,2023-24,7223.2,7223.2,0.0
Farm Harvest,Groundnut,OD19,2024-25,7838.3966666666665,7838.4,0.003333333333102928
Farm Harvest,Groundnut,OD20,2013-14,2775.9966666666664,2776.0,0.0033333333335576754
Farm Harvest,Groundnut,OD20,2014-15,3264.0,3264.0,0.0
Farm Harvest,Groundnut,OD20,2015-16,3600.0,3600.0,0.0
Farm Harvest,Groundnut,OD20,2016-17,3571.0,3571.0,0.0
Farm Harvest,Groundnut,OD20,2017-18,3870.0033333333336,3870.0,0.0033333333335576754
Farm Harvest,Groundnut,OD20,2018-19,3432.0,3432.0,0.0
Farm Harvest,Groundnut,OD20,2019-20,3724.3033333333333,3724.3,0.003333333333102928
Farm Harvest,Groundnut,OD20,2020-21,4041.5,4041.5,0.0
Farm Harvest,Groundnut,OD20,2021-22,4385.713333333333,4385.71,0.003333333333102928
Farm Harvest,Groundnut,OD20,2022-23,4759.243333333333,4759.24,0.003333333333102928
Farm Harvest,Groundnut,OD20,2023-24,5164.586666666667,5164.59,0.003333333333102928
Farm Harvest,Groundnut,OD20,2024-25,5604.453333333334,5604.45,0.0033333333340124227
Farm Harvest,Groundnut,OD21,2013-14,3388.9966666666664,3389.0,0.0033333333335576754
Farm Harvest,Groundnut,OD21,2014-15,3775.0,3775.0,0.0
Farm Harvest,Groundnut,OD21,2015-16,3999.9966666666664,4000.0,0.0033333333335576754
Farm Harvest,Groundnut,OD21,2016-17,4000.0,4000.0,0.0
Farm Harvest,Groundnut,OD21,2017-18,4100.0,4100.0,0.0
Farm Harvest,Groundnut,OD21,2018-19,5900.0,5900.0,0.0
Farm Harvest,Groundnut,OD21,2019-20,6402.5,6402.5,0.0
Farm Harvest,Groundnut,OD21,2020-21,6947.8,6947.8,0.0
Farm Harvest,Groundnut,OD21,2021-22,7539.54,7539.54,0.0
Farm Harvest,Groundnut,OD21,2022-23,8181.683333333333,8181.68,0.003333333333102928
Farm Harvest,Groundnut,OD21,2023-24,8878.513333333334,8878.51,0.0033333333340124227
Farm Harvest,Groundnut,OD21,2024-25,9634.693333333335,9634.69,0.0033333333340124227
Farm Harvest,Groundnut,OD22,2013-14,3000.0033333333336,3000.0,0.0033333333335576754
Farm Harvest,Groundnut,OD22,2014-15,3485.0,3485.0,0.0
Farm Harvest,Groundnut,OD22,2015-16,3728.9966666666664,3729.0,0.0033333333335576754
Farm Harvest,Groundnut,OD22,2016-17,4208.0,4208.0,0.0
Farm Harvest,Groundnut,OD22,2017-18,4473.0,4473.0,0.0
Farm Harvest,Groundnut,OD22,2018-19,4459.0,4459.0,0.0
Farm Harvest,Groundnut,OD22,2019-20,4838.7733333333335,4838.77,0.003333333333102928
Farm Harvest,Groundnut,OD22,2020-21,5250.886666666666,5250.89,0.0033333333340124227
Farm Harvest,Groundnut,OD22,2021-22,5698.1033333333335,5698.1,0.003333333333102928
Farm Harvest,Groundnut,OD22,2022-23,6183.41,6183.41,0.0
Farm Harvest,Groundnut,OD22,2023-24,6710.05,6710.05,0.0
Farm Harvest,Groundnut,OD22,2024-25,7281.543333333334,7281.54,0.0033333333340124227
Farm Harvest,Groundnut,OD23,2013-14,3500.0,3500.0,0.0
Farm Harvest,Groundnut,OD23,2014-15,3820.0,3820.0,0.0
Farm Harvest,Groundnut,OD23,2015-16,4000.0033333333336,4000.0,0.0033333333335576754
Farm Harvest,Groundnut,OD23,2016-17,4086.0,4086.0,0.0
Farm Harvest,Groundnut,OD23,2017-18,4000.0,4000.0,0.0
Farm Harvest,Groundnut,OD23,2018-19,3050.0,3050.0,0.0
Farm Harvest,Groundnut,OD23,2019-20,3309.7666666666664,3309.77,0.0033333333335576754
Farm Harvest,Groundnut,OD23,2020-21,3591.6566666666663,3591.66,0.0033333333335576754
Farm Harvest,Groundnut,OD23,2021-22,3897.56,3897.56,0.0
Farm Harvest,Groundnut,OD23,2022-23,4229.513333333333,4229.51,0.003333333333102928
Farm Harvest,Groundnut,OD23,2023-24,4589.740000000001,4589.74,9.094947017729282e-13
Farm Harvest,Groundnut,OD23,2024-25,4980.650000000001,4980.65,9.094947017729282e-13
Farm Harvest,Groundnut,OD24,2013-14,3000.0,3000.0,0.0
Farm Harvest,Groundnut,OD24,2014-15,3578.0,3578.0,0.0
Farm Harvest,Groundnut,OD24,2015-16,3862.9966666666664,3863.0,0.0033333333335576754
Farm Harvest,Groundnut,OD24,2016-17,4191.0,4191.0,0.0
Farm Harvest,Groundnut,OD24,2017-18,3865.0,3865.0,0.0
Farm Harvest,Groundnut,OD24,2018-19,4842.0,4842.0,0.0
Farm Harvest,Groundnut,OD24,2019-20,5254.393333333333,5254.39,0.003333333333102928
Farm Harvest,Groundnut,OD24,2020-21,5701.91,5701.91,0.0
Farm Harvest,Groundnut,OD24,2021-22,6187.536666666667,6187.54,0.003333333333102928
Farm Harvest,Groundnut,OD24,2022-23,6714.526666666668,6714.53,0.0033333333321934333
Farm Harvest,Groundnut,OD24,2023-24,7286.3966666666665,7286.4,0.003333333333102928
Farm Harvest,Groundnut,OD24,2024-25,7906.983333333334,7906.98,0.0033333333340124227
Farm Harvest,Groundnut,OD25,2013-14,3477.0,3477.0,0.0
Farm Harvest,Groundnut,OD25,2014-15,3628.9966666666664,3629.0,0.0033333333335576754
Farm Harvest,Groundnut,OD25,2015-16,4050.0,4050.0,0.0
Farm Harvest,Groundnut,OD25,2016-17,4160.0,4160.0,0.0
Farm Harvest,Groundnut,OD25,2017-18,3501.0,3501.0,0.0
Farm Harvest,Groundnut,OD25,2018-19,3917.0,3917.0,0.0
Farm Harvest,Groundnut,OD25,2019-20,4250.61,4250.61,0.0
Farm Harvest,Groundnut,OD25,2020-21,4612.633333333333,4612.63,0.003333333333102928
Farm Harvest,Groundnut,OD25,2021-22,5005.486666666667,5005.49,0.003333333333102928
Farm Harvest,Groundnut,OD25,2022-23,5431.803333333333,5431.81,0.006666666667115351
Farm Harvest,Groundnut,OD25,2023-24,5894.43,5894.43,0.0
Farm Harvest,Groundnut,OD25,2024-25,6396.456666666666,6396.46,0.0033333333340124227
Farm Harvest,Groundnut,OD26,2013-14,2800.0,2800.0,0.0
Farm Harvest,Groundnut,OD26,2014-15,3200.0033333333336,3200.0,0.0033333333335576754
Farm Harvest,Groundnut,OD26,2015-16,3800.0,3800.0,0.0
Farm Harvest,Groundnut,OD26,2016-17,4000.0,4000.0,0.0
Farm Harvest,Groundnut,OD26,2017-18,3600.0,3600.0,0.0
Farm Harvest,Groundnut,OD26,2018-19,4800.0,4800.0,0.0
Farm Harvest,Groundnut,OD26,2019-20,5208.813333333333,5208.81,0.0033333333321934333
Farm Harvest,Groundnut,OD26,2020-21,5652.446666666667,5652.45,0.003333333333102928
Farm Harvest,Groundnut,OD26,2021-22,6133.866666666666,6133.86,0.006666666666205856
Farm Harvest,Groundnut,OD26,2022-23,6656.28,6656.28,0.0
Farm Harvest,Groundnut,OD26,2023-24,7223.2,7223.2,0.0
Farm Harvest,Groundnut,OD26,2024-25,7838.3966666666665,7838.4,0.003333333333102928
Farm Harvest,Groundnut,OD27,2013-14,3449.9966666666664,3450.0,0.0033333333335576754
Farm Harvest,Groundnut,OD27,2014-15,3948.0,3948.0,0.0
Farm Harvest,Groundnut,OD27,2015-16,4222.0,4222.0,0.0
Farm Harvest,Groundnut,OD27,2016-17,4345.0,4345.0,0.0
Farm Harvest,Groundnut,OD27,2017-18,3858.0,3858.0,0.0
Farm Harvest,Groundnut,OD27,2018-19,4396.996666666667,4397.0,0.003333333333102928
Farm Harvest,Groundnut,OD27,2019-20,4771.49,4771.49,0.0
Farm Harvest,Groundnut,OD27,2020-21,5177.876666666666,5177.88,0.0033333333340124227
Farm Harvest,Groundnut,OD27,2021-22,5618.876666666667,5618.88,0.003333333333102928
Farm Harvest,Groundnut,OD27,2022-23,6097.433333333333,6097.43,0.003333333333102928
Farm Harvest,Groundnut,OD27,2023-24,6616.75,6616.75,0.0
Farm Harvest,Groundnut,OD27,2024-25,7180.296666666666,7180.3,0.0033333333340124227
Farm Harvest,Groundnut,OD28,2013-14,3110.9966666666664,3111.0,0.0033333333335576754
Farm Harvest,Groundnut,OD28,2014-15,3700.0,3700.0,0.0
Farm Harvest,Groundnut,OD28,2015-16,4200.0,4200.0,0.0
Farm Harvest,Groundnut,OD28,2016-17,4285.003333333333,4285.0,0.003333333333102928
Farm Harvest,Groundnut,OD28,2017-18,4060.903333333333,4060.91,0.006666666666660603
Farm Harvest,Groundnut,OD28,2018-19,3802.0,3802.0,0.0
Farm Harvest,Groundnut,OD28,2019-20,4125.8133333333335,4125.82,0.006666666666205856
Farm Harvest,Groundnut,OD28,2020-21,4477.21,4477.21,0.0
Farm Harvest,Groundnut,OD28,2021-22,4858.533333333334,4858.53,0.0033333333340124227
Farm Harvest,Groundnut,OD28,2022-23,5272.330000000001,5272.33,9.094947017729282e-13
Farm Harvest,Groundnut,OD28,2023-24,5721.376666666666,5721.37,0.006666666666205856
Farm Harvest,Groundnut,OD28,2024-25,6208.663333333333,6208.66,0.003333333333102928
Farm Harvest,Groundnut,OD29,2013-14,3156.0,3156.0,0.0
Farm Harvest,Groundnut,OD29,2014-15,3911.0,3911.0,0.0
Farm Harvest,Groundnut,OD29,2015-16,4175.0,4175.0,0.0
Farm Harvest,Groundnut,OD29,2016-17,4357.0,4357.0,0.0
Farm Harvest,Groundnut,OD29,2017-18,4000.0,4000.0,0.0
Farm Harvest,Groundnut,OD29,2018-19,3228.0,3228.0,0.0
Farm Harvest,Groundnut,OD29,2019-20,3502.9300000000003,3502.93,4.547473508864641e-13
Farm Harvest,Groundnut,OD29,2020-21,3801.27,3801.27,0.0
Farm Harvest,Groundnut,OD29,2021-22,4125.0233333333335,4125.02,0.003333333333102928
Farm Harvest,Groundnut,OD29,2022-23,4476.349999999999,4476.35,9.094947017729282e-13
Farm Harvest,Groundnut,OD29,2023-24,4857.599999999999,4857.6,9.094947017729282e-13
Farm Harvest,Groundnut,OD29,2024-25,5271.32,5271.32,0.0
Farm Harvest,Groundnut,OD30,2013-14,3000.0,3000.0,0.0
Farm Harvest,Groundnut,OD30,2014-15,3600.0033333333336,3600.0,0.0033333333335576754
Farm Harvest,Groundnut,OD30,2015-16,4200.0,4200.0,0.0
Farm Harvest,Groundnut,OD30,2016-17,4400.0,4400.0,0.0
Farm Harvest,Groundnut,OD30,2017-18,3990.0,3990.0,0.0
Farm Harvest,Groundnut,OD30,2018-19,5845.996666666666,5846.0,0.0033333333340124227
Farm Harvest,Groundnut,OD30,2019-20,6343.900000000001,6343.9,9.094947017729282e-13
Farm Harvest,Groundnut,OD30,2020-21,6884.213333333333,6884.21,0.003333333333102928
Farm Harvest,Groundnut,OD30,2021-22,7470.536666666667,7470.54,0.003333333333102928
Farm Harvest,Groundnut,OD30,2022-23,8106.803333333333,8106.8,0.003333333333102928
Farm Harvest,Groundnut,OD30,2023-24,8797.253333333334,8797.25,0.0033333333340124227
Farm Harvest,Groundnut,OD30,2024-25,9546.513333333334,9546.51,0.0033333333340124227
Farm Harvest,Jute,OD03,2013-14,2800.0,2800.0,0.0
Farm Harvest,Jute,OD03,2014-15,2850.0,2850.0,0.0
Farm Harvest,Jute,OD03,2015-16,2899.9966666666664,2900.0,0.0033333333335576754
Farm Harvest,Jute,OD03,2016-17,3300.0,3300.0,0.0
Farm Harvest,Jute,OD03,2017-18,3059.08,3059.08,0.0
Farm Harvest,Jute,OD03,2018-19,3800.0033333333336,3800.0,0.0033333333335576754
Farm Harvest,Jute,OD03,2019-20,4055.7033333333334,4055.7,0.0033333333335576754
Farm Harvest,Jute,OD03,2020-21,4328.616666666666,4328.61,0.006666666666205856
Farm Harvest,Jute,OD03,2021-22,4619.89,4619.89,0.0
Farm Harvest,Jute,OD03,2022-23,4930.763333333333,4930.76,0.003333333333102928
Farm Harvest,Jute,OD03,2023-24,5262.556666666666,5262.56,0.0033333333340124227
Farm Harvest,Jute,OD03,2024-25,5616.673333333333,5616.68,0.006666666667115351
Farm Harvest,Jute,OD04,2013-14,2276.5133333333333,2276.51,0.003333333333102928
Farm Harvest,Jute,OD04,2014-15,2312.773333333333,2312.77,0.003333333333102928
Farm Harvest,Jute,OD04,2015-16,2347.9533333333334,2347.96,0.006666666666660603
Farm Harvest,Jute,OD04,2016-17,2714.9500000000003,2714.95,4.547473508864641e-13
Farm Harvest,Jute,OD04,2017-18,2500.0,2500.0,0.0
Farm Harvest,Jute,OD04,2018-19,3152.7033333333334,3152.7,0.0033333333335576754
Farm Harvest,Jute,OD04,2019-20,2668.23,2668.23,0.0
Farm Harvest,Jute,OD04,2020-21,2847.77,2847.77,0.0
Farm Harvest,Jute,OD04,2021-22,3039.403333333333,3039.4,0.003333333333102928
Farm Harvest,Jute,OD04,2022-23,3243.9266666666667,3243.92,0.006666666666660603
Farm Harvest,Jute,OD04,2023-24,3462.2066666666665,3462.21,0.0033333333335576754
Farm Harvest,Jute,OD04,2024-25,3695.1800000000003,3695.18,4.547473508864641e-13
Farm Harvest,Jute,OD05,2013-14,2850.0,2850.0,0.0
Farm Harvest,Jute,OD05,2014-15,2933.0,2933.0,0.0
Farm Harvest,Jute,OD05,2015-16,2967.0,2967.0,0.0
Farm Harvest,Jute,OD05,2016-17,3350.0,3350.0,0.0
Farm Harvest,Jute,OD05,2017-18,2000.0,2000.0,0.0
Farm Harvest,Jute,OD05,2018-19,3975.0,3975.0,0.0
Farm Harvest,Jute,OD05,2019-20,4242.48,4242.48,0.0
Farm Harvest,Jute,OD05,2020-21,4527.956666666666,4527.96,0.0033333333340124227
Farm Harvest,Jute,OD05,2021-22,4832.6466666666665,4832.65,0.003333333333102928
Farm Harvest,Jute,OD05,2022-23,5157.833333333333,5157.84,0.006666666667115351
Farm Harvest,Jute,OD05,2023-24,5504.91,5504.91,0.0
Farm Harvest,Jute,OD05,2024-25,5875.34,5875.34,0.0
Farm Harvest,Jute,OD07,2013-14,2800.0,2800.0,0.0
Farm Harvest,Jute,OD07,2014-15,2900.0,2900.0,0.0
Farm Harvest,Jute,OD07,2015-16,2984.9966666666664,2985.0,0.0033333333335576754
Farm Harvest,Jute,OD07,2016-17,3500.0,3500.0,0.0
Farm Harvest,Jute,OD07,2017-18,2550.0,2550.0,0.0
Farm Harvest,Jute,OD07,2018-19,3900.0,3900.0,0.0
Farm Harvest,Jute,OD07,2019-20,4162.43,4162.43,0.0
Farm Harvest,Jute,OD07,2020-21,4442.526666666666,4442.52,0.006666666665296361
Farm Harvest,Jute,OD07,2021-22,4741.463333333333,4741.46,0.003333333333102928
Farm Harvest,Jute,OD07,2022-23,5060.5199999999995,5060.52,9.094947017729282e-13
Farm Harvest,Jute,OD07,2023-24,5401.043333333334,5401.04,0.0033333333340124227
Farm Harvest,Jute,OD07,2024-25,5764.483333333334,5764.48,0.0033333333340124227
Farm Harvest,Jute,OD09,2013-14,2875.0,2875.0,0.0
Farm Harvest,Jute,OD09,2014-15,2920.7933333333335,2920.8,0.006666666666660603
Farm Harvest,Jute,OD09,2015-16,2965.226666666667,2965.23,0.003333333333102928
Farm Harvest,Jute,OD09,2016-17,3428.7033333333334,3428.7,0.0033333333335576754
Farm Harvest,Jute,OD09,2017-18,3157.2433333333333,3157.24,0.0033333333335576754
Farm Harvest,Jute,OD09,2018-19,3981.5400000000004,3981.54,4.547473508864641e-13
Farm Harvest,Jute,OD09,2019-20,3068.4599999999996,3068.46,4.547473508864641e-13
Farm Harvest,Jute,OD09,2020-21,3274.94,3274.94,0.0
Farm Harvest,Jute,OD09,2021-22,3495.31,3495.31,0.0
Farm Harvest,Jute,OD09,2022-23,3730.51,3730.51,0.0
Farm Harvest,Jute,OD09,2023-24,3981.5400000000004,3981.54,4.547473508864641e-13
Farm Harvest,Jute,OD09,2024-25,4249.46,4249.46,0.0
Farm Harvest,Jute,OD12,2013-14,2850.0,2850.0,0.0
Farm Harvest,Jute,OD12,2014-15,3000.0,3000.0,0.0
Farm Harvest,Jute,OD12,2015-16,3000.0,3000.0,0.0
Farm Harvest,Jute,OD12,2016-17,3267.0,3267.0,0.0
Farm Harvest,Jute,OD12,2017-18,3143.816666666667,3143.81,0.006666666667115351
Farm Harvest,Jute,OD12,2018-19,3964.603333333333,3964.61,0.006666666667115351
Farm Harvest,Jute,OD12,2019-20,3643.8566666666666,3643.86,0.0033333333335576754
Farm Harvest,Jute,OD12,2020-21,3889.0533333333333,3889.05,0.003333333333102928
Farm Harvest,Jute,OD12,2021-22,4150.75,4150.75,0.0
Farm Harvest,Jute,OD12,2022-23,4430.056666666667,4430.06,0.003333333333102928
Farm Harvest,Jute,OD12,2023-24,4728.156666666667,4728.16,0.003333333333102928
Farm Harvest,Jute,OD12,2024-25,5046.316666666667,5046.32,0.003333333333102928
Farm Harvest,Jute,OD13,2013-14,2856.9966666666664,2857.0,0.0033333333335576754
Farm Harvest,Jute,OD13,2014-15,2949.9966666666664,2950.0,0.0033333333335576754
Farm Harvest,Jute,OD13,2015-16,2975.0,2975.0,0.0
Farm Harvest,Jute,OD13,2016-17,3200.0,3200.0,0.0
Farm Harvest,Jute,OD13,2017-18,2500.0,2500.0,0.0
Farm Harvest,Jute,OD13,2018-19,3900.0,3900.0,0.0
Farm Harvest,Jute,OD13,2019-20,4162.433333333333,4162.43,0.003333333333102928
Farm Harvest,Jute,OD13,2020-21,4442.526666666667,4442.52,0.006666666666205856
Farm Harvest,Jute,OD13,2021-22,4741.466666666666,4741.46,0.006666666666205856
Farm Harvest,Jute,OD13,2022-23,5060.5199999999995,5060.52,9.094947017729282e-13
Farm Harvest,Jute,OD13,2023-24,5401.046666666666,5401.04,0.006666666666205856
Farm Harvest,Jute,OD13,2024-25,5764.486666666667,5764.48,0.006666666667115351
Farm Harvest,Jute,OD15,2013-14,2999.9966666666664,3000.0,0.0033333333335576754
Farm Harvest,Jute,OD15,2014-15,3047.786666666667,3047.79,0.003333333333102928
Farm Harvest,Jute,OD15,2015-16,3094.15,3094.15,0.0
Farm Harvest,Jute,OD15,2016-17,3577.7766666666666,3577.78,0.0033333333335576754
Farm Harvest,Jute,OD15,2017-18,3294.5166666666664,3294.51,0.006666666666205856
Farm Harvest,Jute,OD15,2018-19,4154.650000000001,4154.65,9.094947017729282e-13
Farm Harvest,Jute,OD15,2019-20,3201.8700000000003,3201.87,4.547473508864641e-13
Farm Harvest,Jute,OD15,2020-21,3417.3266666666664,3417.33,0.0033333333335576754
Farm Harvest,Jute,OD15,2021-22,3647.2833333333333,3647.28,0.003333333333102928
Farm Harvest,Jute,OD15,2022-23,3892.706666666667,3892.71,0.003333333333102928
Farm Harvest,Jute,OD15,2023-24,4154.650000000001,4154.65,9.094947017729282e-13
Farm Harvest,Jute,OD15,2024-25,4434.216666666667,4434.22,0.003333333333102928
Farm Harvest,Jute,OD17,2013-14,2700.0,2700.0,0.0
Farm Harvest,Jute,OD17,2014-15,2786.4300000000003,2786.43,4.547473508864641e-13
Farm Harvest,Jute,OD17,2015-16,2800.0,2800.0,0.0
Farm Harvest,Jute,OD17,2016-17,2900.0,2900.0,0.0
Farm Harvest,Jute,OD17,2017-18,3699.9966666666664,3700.0,0.0033333333335576754
Farm Harvest,Jute,OD17,2018-19,3800.0,3800.0,0.0
Farm Harvest,Jute,OD17,2019-20,4055.7033333333334,4055.7,0.0033333333335576754
Farm Harvest,Jute,OD17,2020-21,4328.613333333334,4328.61,0.0033333333340124227
Farm Harvest,Jute,OD17,2021-22,4619.886666666666,4619.89,0.0033333333340124227
Farm Harvest,Jute,OD17,2022-23,4930.76,4930.76,0.0
Farm Harvest,Jute,OD17,2023-24,5262.556666666666,5262.56,0.0033333333340124227
Farm Harvest,Jute,OD17,2024-25,5616.676666666666,5616.68,0.0033333333340124227
Farm Harvest,Jute,OD18,2013-14,2700.0,2700.0,0.0
Farm Harvest,Jute,OD18,2014-15,2800.0,2800.0,0.0
Farm Harvest,Jute,OD18,2015-16,2900.0,2900.0,0.0
Farm Harvest,Jute,OD18,2016-17,3000.0033333333336,3000.0,0.0033333333335576754
Farm Harvest,Jute,OD18,2017-18,3728.5733333333333,3728.57,0.003333333333102928
Farm Harvest,Jute,OD18,2018-19,4249.996666666667,4250.0,0.003333333333102928
Farm Harvest,Jute,OD18,2019-20,4535.983333333334,4535.98,0.0033333333340124227
Farm Harvest,Jute,OD18,2020-21,4841.213333333333,4841.21,0.003333333333102928
Farm Harvest,Jute,OD18,2021-22,5166.983333333334,5166.98,0.0033333333340124227
Farm Harvest,Jute,OD18,2022-23,5514.666666666667,5514.67,0.003333333333102928
Farm Harvest,Jute,OD18,2023-24,5885.753333333333,5885.75,0.003333333333102928
Farm Harvest,Jute,OD18,2024-25,6281.81,6281.81,0.0
Farm Harvest,Jute,OD21,2013-14,3000.0033333333336,3000.0,0.0033333333335576754
Farm Harvest,Jute,OD21,2014-15,3047.786666666667,3047.79,0.003333333333102928
Farm Harvest,Jute,OD21,2015-16,3094.15,3094.15,0.0
Farm Harvest,Jute,OD21,2016-17,3577.7766666666666,3577.78,0.0033333333335576754
Farm Harvest,Jute,OD21,2017-18,3294.513333333334,3294.51,0.0033333333335576754
Farm Harvest,Jute,OD21,2018-19,4154.653333333333,4154.65,0.003333333333102928
Farm Harvest,Jute,OD21,2019-20,3201.873333333333,3201.87,0.003333333333102928
Farm Harvest,Jute,OD21,2020-21,3417.3266666666664,3417.33,0.0033333333335576754
Farm Harvest,Jute,OD21,2021-22,3647.28,3647.28,0.0
Farm Harvest,Jute,OD21,2022-23,3892.7066666666665,3892.71,0.0033333333335576754
Farm Harvest,Jute,OD21,2023-24,4154.650000000001,4154.65,9.094947017729282e-13
Farm Harvest,Jute,OD21,2024-25,4434.216666666667,4434.22,0.003333333333102928
Farm Harvest,Jute,OD22,2013-14,3354.036666666667,3354.04,0.003333333333102928
Farm Harvest,Jute,OD22,2014-15,3407.463333333333,3407.47,0.006666666666660603
Farm Harvest,Jute,OD22,2015-16,3459.2966666666666,3459.3,0.0033333333335576754
Farm Harvest,Jute,OD22,2016-17,4000.0,4000.0,0.0
Farm Harvest,Jute,OD22,2017-18,3683.3133333333335,3683.31,0.0033333333335576754
Farm Harvest,Jute,OD22,2018-19,4644.95,4644.95,0.0
Farm Harvest,Jute,OD22,2019-20,4269.163333333334,4269.16,0.0033333333340124227
Farm Harvest,Jute,OD22,2020-21,4556.44,4556.44,0.0
Farm Harvest,Jute,OD22,2021-22,4863.04,4863.04,0.0
Farm Harvest,Jute,OD22,2022-23,5190.28,5190.28,0.0
Farm Harvest,Jute,OD22,2023-24,5539.533333333333,5539.53,0.003333333333102928
Farm Harvest,Jute,OD22,2024-25,5912.29,5912.29,0.0
Farm Harvest,Jute,OD24,2013-14,3498.23,3498.23,0.0
Farm Harvest,Jute,OD24,2014-15,3553.9533333333334,3553.95,0.0033333333335576754
Farm Harvest,Jute,OD24,2015-16,3608.013333333334,3608.01,0.0033333333335576754
Farm Harvest,Jute,OD24,2016-17,4000.0033333333336,4000.0,0.0033333333335576754
Farm Harvest,Jute,OD24,2017-18,4000.0,4000.0,0.0
Farm Harvest,Jute,OD24,2018-19,4844.636666666666,4844.64,0.0033333333340124227
Farm Harvest,Jute,OD24,2019-20,4100.16,4100.16,0.0
Farm Harvest,Jute,OD24,2020-21,4376.063333333333,4376.06,0.0033333333321934333
Farm Harvest,Jute,OD24,2021-22,4670.53,4670.53,0.0
Farm Harvest,Jute,OD24,2022-23,4984.813333333333,4984.81,0.0033333333321934333
Farm Harvest,Jute,OD24,2023-24,5320.24,5320.24,0.0
Farm Harvest,Jute,OD24,2024-25,5678.243333333333,5678.25,0.006666666667115351
Farm Harvest,Jute,OD27,2013-14,3642.42,3642.42,0.0
Farm Harvest,Jute,OD27,2014-15,3700.44,3700.44,0.0
Farm Harvest,Jute,OD27,2015-16,3756.726666666667,3756.73,0.003333333333102928
Farm Harvest,Jute,OD27,2016-17,4343.916666666667,4343.92,0.003333333333102928
Farm Harvest,Jute,OD27,2017-18,4000.0,4000.0,0.0
Farm Harvest,Jute,OD27,2018-19,5044.326666666667,5044.32,0.006666666667115351
Farm Harvest,Jute,OD27,2019-20,4269.163333333333,4269.16,0.003333333333102928
Farm Harvest,Jute,OD27,2020-21,4556.4366666666665,4556.44,0.003333333333102928
Farm Harvest,Jute,OD27,2021-22,4863.04,4863.04,0.0
Farm Harvest,Jute,OD27,2022-23,5190.276666666667,5190.28,0.003333333333102928
Farm Harvest,Jute,OD27,2023-24,5539.533333333333,5539.53,0.003333333333102928
Farm Harvest,Jute,OD27,2024-25,5912.290000000001,5912.29,9.094947017729282e-13
Farm Harvest,Kulthi,OD01,2013-14,2352.0,2352.0,0.0
Farm Harvest,Kulthi,OD01,2014-15,2850.0,2850.0,0.0
Farm Harvest,Kulthi,OD01,2015-16,3081.0,3081.0,0.0
Farm Harvest,Kulthi,OD01,2016-17,3200.0,3200.0,0.0
Farm Harvest,Kulthi,OD01,2017-18,3581.0,3581.0,0.0
Farm Harvest,Kulthi,OD01,2018-19,4249.0,4249.0,0.0
Farm Harvest,Kulthi,OD01,2019-20,4673.8966666666665,4673.9,0.003333333333102928
Farm Harvest,Kulthi,OD01,2020-21,5141.286666666667,5141.29,0.003333333333102928
Farm Harvest,Kulthi,OD01,2021-22,5655.420000000001,5655.42,9.094947017729282e-13
Farm Harvest,Kulthi,OD01,2022-23,6220.96,6220.96,0.0
Farm Harvest,Kulthi,OD01,2023-24,6843.056666666666,6843.06,0.0033333333340124227
Farm Harvest,Kulthi,OD01,2024-25,7527.363333333334,7527.36,0.0033333333340124227
Farm Harvest,Kulthi,OD02,2013-14,2220.0,2220.0,0.0
Farm Harvest,Kulthi,OD02,2014-15,2668.0,2668.0,0.0
Farm Harvest,Kulthi,OD02,2015-16,3120.9966666666664,3121.0,0.0033333333335576754
Farm Harvest,Kulthi,OD02,2016-17,3191.0,3191.0,0.0
Farm Harvest,Kulthi,OD02,2017-18,3434.0,3434.0,0.0
Farm Harvest,Kulthi,OD02,2018-19,3100.0,3100.0,0.0
Farm Harvest,Kulthi,OD02,2019-20,3410.0,3410.0,0.0
Farm Harvest,Kulthi,OD02,2020-21,3751.0,3751.0,0.0
Farm Harvest,Kulthi,OD02,2021-22,4126.096666666667,4126.1,0.003333333333102928
Farm Harvest,Kulthi,OD02,2022-23,4538.71,4538.71,0.0
Farm Harvest,Kulthi,OD02,2023-24,4992.58,4992.58,0.0
Farm Harvest,Kulthi,OD02,2024-25,5491.836666666667,5491.84,0.003333333333102928
Farm Harvest,Kulthi,OD03,2013-14,2350.0033333333336,2350.0,0.0033333333335576754
Farm Harvest,Kulthi,OD03,2014-15,2800.0,2800.0,0.0
Farm Harvest,Kulthi,OD03,2015-16,3067.0,3067.0,0.0
Farm Harvest,Kulthi,OD03,2016-17,3299.9966666666664,3300.0,0.0033333333335576754
Farm Harvest,Kulthi,OD03,2017-18,3020.0,3020.0,0.0
Farm Harvest,Kulthi,OD03,2018-19,4899.996666666667,4900.0,0.003333333333102928
Farm Harvest,Kulthi,OD03,2019-20,5390.003333333333,5390.0,0.003333333333102928
Farm Harvest,Kulthi,OD03,2020-21,5929.0,5929.0,0.0
Farm Harvest,Kulthi,OD03,2021-22,6521.900000000001,6521.9,9.094947017729282e-13
Farm Harvest,Kulthi,OD03,2022-23,7174.086666666666,7174.09,0.0033333333340124227
Farm Harvest,Kulthi,OD03,2023-24,7891.5,7891.5,0.0
Farm Harvest,Kulthi,OD03,2024-25,8680.646666666667,8680.65,0.0033333333321934333
Farm Harvest,Kulthi,OD04,2013-14,2313.0,2313.0,0.0
Farm Harvest,Kulthi,OD04,2014-15,2808.0,2808.0,0.0
Farm Harvest,Kulthi,OD04,2015-16,3175.0,3175.0,0.0
Farm Harvest,Kulthi,OD04,2016-17,3225.0033333333336,3225.0,0.0033333333335576754
Farm Harvest,Kulthi,OD04,2017-18,4050.0,4050.0,0.0
Farm Harvest,Kulthi,OD04,2018-19,3854.0,3854.0,0.0
Farm Harvest,Kulthi,OD04,2019-20,4239.400000000001,4239.4,9.094947017729282e-13
Farm Harvest,Kulthi,OD04,2020-21,4663.336666666667,4663.34,0.003333333333102928
Farm Harvest,Kulthi,OD04,2021-22,5129.673333333333,5129.67,0.003333333333102928
Farm Harvest,Kulthi,OD04,2022-23,5642.639999999999,5642.64,9.094947017729282e-13
Farm Harvest,Kulthi,OD04,2023-24,6206.903333333333,6206.91,0.006666666667115351
Farm Harvest,Kulthi,OD04,2024-25,6827.596666666667,6827.6,0.003333333333102928
Farm Harvest,Kulthi,OD05,2013-14,2300.0,2300.0,0.0
Farm Harvest,Kulthi,OD05,2014-15,2750.0,2750.0,0.0
Farm Harvest,Kulthi,OD05,2015-16,3100.0,3100.0,0.0
Farm Harvest,Kulthi,OD05,2016-17,3175.0,3175.0,0.0
Farm Harvest,Kulthi,OD05,2017-18,3500.0,3500.0,0.0
Farm Harvest,Kulthi,OD05,2018-19,3300.0,3300.0,0.0
Farm Harvest,Kulthi,OD05,2019-20,3630.0033333333336,3630.0,0.0033333333335576754
Farm Harvest,Kulthi,OD05,2020-21,3993.0,3993.0,0.0
Farm Harvest,Kulthi,OD05,2021-22,4392.3,4392.3,0.0
Farm Harvest,Kulthi,OD05,2022-23,4831.533333333333,4831.53,0.003333333333102928
Farm Harvest,Kulthi,OD05,2023-24,5314.683333333333,5314.68,0.003333333333102928
Farm Harvest,Kulthi,OD05,2024-25,5846.150000000001,5846.15,9.094947017729282e-13
Farm Harvest,Kulthi,OD06,2013-14,2200.0,2200.0,0.0
Farm Harvest,Kulthi,OD06,2014-15,2571.0033333333336,2571.0,0.0033333333335576754
Farm Harvest,Kulthi,OD06,2015-16,3150.0,3150.0,0.0
Farm Harvest,Kulthi,OD06,2016-17,3000.0,3000.0,0.0
Farm Harvest,Kulthi,OD06,2017-18,3571.0,3571.0,0.0
Farm Harvest,Kulthi,OD06,2018-19,3429.0033333333336,3429.0,0.0033333333335576754
Farm Harvest,Kulthi,OD06,2019-20,3771.9,3771.9,0.0
Farm Harvest,Kulthi,OD06,2020-21,4149.086666666667,4149.09,0.003333333333102928
Farm Harvest,Kulthi,OD06,2021-22,4564.0,4564.0,0.0
Farm Harvest,Kulthi,OD06,2022-23,5020.3966666666665,5020.4,0.003333333333102928
Farm Harvest,Kulthi,OD06,2023-24,5522.44,5522.44,0.0
Farm Harvest,Kulthi,OD06,2024-25,6074.68,6074.68,0.0
Farm Harvest,Kulthi,OD07,2013-14,2195.0,2195.0,0.0
Farm Harvest,Kulthi,OD07,2014-15,2582.9966666666664,2583.0,0.0033333333335576754
Farm Harvest,Kulthi,OD07,2015-16,3167.0,3167.0,0.0
Farm Harvest,Kulthi,OD07,2016-17,3063.9966666666664,3064.0,0.0033333333335576754
Farm Harvest,Kulthi,OD07,2017-18,3103.9966666666664,3104.0,0.0033333333335576754
Farm Harvest,Kulthi,OD07,2018-19,2928.9966666666664,2929.0,0.0033333333335576754
Farm Harvest,Kulthi,OD07,2019-20,3221.9,3221.9,0.0
Farm Harvest,Kulthi,OD07,2020-21,3544.093333333333,3544.09,0.0033333333326481807
Farm Harvest,Kulthi,OD07,2021-22,3898.5,3898.5,0.0
Farm Harvest,Kulthi,OD07,2022-23,4288.349999999999,4288.35,9.094947017729282e-13
Farm Harvest,Kulthi,OD07,2023-24,4717.183333333333,4717.18,0.003333333333102928
Farm Harvest,Kulthi,OD07,2024-25,5188.900000000001,5188.9,9.094947017729282e-13
Farm Harvest,Kulthi,OD08,2013-14,2500.0,2500.0,0.0
Farm Harvest,Kulthi,OD08,2014-15,2965.0,2965.0,0.0
Farm Harvest,Kulthi,OD08,2015-16,3267.0,3267.0,0.0
Farm Harvest,Kulthi,OD08,2016-17,3380.0,3380.0,0.0
Farm Harvest,Kulthi,OD08,2017-18,3250.0,3250.0,0.0
Farm Harvest,Kulthi,OD08,2018-19,3515.0,3515.0,0.0
Farm Harvest,Kulthi,OD08,2019-20,3866.5,3866.5,0.0
Farm Harvest,Kulthi,OD08,2020-21,4253.150000000001,4253.15,9.094947017729282e-13
Farm Harvest,Kulthi,OD08,2021-22,4678.463333333333,4678.47,0.006666666667115351
Farm Harvest,Kulthi,OD08,2022-23,5146.3133333333335,5146.31,0.003333333333102928
Farm Harvest,Kulthi,OD08,2023-24,5660.943333333334,5660.94,0.0033333333340124227
Farm Harvest,Kulthi,OD08,2024-25,6227.04,6227.04,0.0
Farm Harvest,Kulthi,OD09,2013-14,2213.0,2213.0,0.0
Farm Harvest,Kulthi,OD09,2014-15,2632.9966666666664,2633.0,0.0033333333335576754
Farm Harvest,Kulthi,OD09,2015-16,3000.0,3000.0,0.0
Farm Harvest,Kulthi,OD09,2016-17,3071.0,3071.0,0.0
Farm Harvest,Kulthi,OD09,2017-18,3250.0,3250.0,0.0
Farm Harvest,Kulthi,OD09,2018-19,3576.9966666666664,3577.0,0.0033333333335576754
Farm Harvest,Kulthi,OD09,2019-20,3934.7000000000003,3934.7,4.547473508864641e-13
Farm Harvest,Kulthi,OD09,2020-21,4328.17,4328.17,0.0
Farm Harvest,Kulthi,OD09,2021-22,4760.986666666667,4760.99,0.003333333333102928
Farm Harvest,Kulthi,OD09,2022-23,5237.086666666667,5237.09,0.003333333333102928
Farm Harvest,Kulthi,OD09,2023-24,5760.793333333334,5760.79,0.0033333333340124227
Farm Harvest,Kulthi,OD09,2024-25,6336.873333333334,6336.87,0.0033333333340124227
Farm Harvest,Kulthi,OD10,2013-14,2000.0,2000.0,0.0
Farm Harvest,Kulthi,OD10,2014-15,2417.0,2417.0,0.0
Farm Harvest,Kulthi,OD10,2015-16,2867.0,2867.0,0.0
Farm Harvest,Kulthi,OD10,2016-17,3050.0,3050.0,0.0
Farm Harvest,Kulthi,OD10,2017-18,3200.0,3200.0,0.0
Farm Harvest,Kulthi,OD10,2018-19,4457.0,4457.0,0.0
Farm Harvest,Kulthi,OD10,2019-20,4902.7,4902.7,0.0
Farm Harvest,Kulthi,OD10,2020-21,5392.97,5392.97,0.0
Farm Harvest,Kulthi,OD10,2021-22,5932.266666666666,5932.27,0.0033333333340124227
Farm Harvest,Kulthi,OD10,2022-23,6525.493333333333,6525.49,0.003333333333102928
Farm Harvest,Kulthi,OD10,2023-24,7178.043333333334,7178.04,0.0033333333340124227
Farm Harvest,Kulthi,OD10,2024-25,7895.849999999999,7895.85,9.094947017729282e-13
Farm Harvest,Kulthi,OD11,2013-14,1980.0033333333333,1980.0,0.0033333333333303017
Farm Harvest,Kulthi,OD11,2014-15,2399.9966666666664,2400.0,0.0033333333335576754
Farm Harvest,Kulthi,OD11,2015-16,2850.0033333333336,2850.0,0.0033333333335576754
Farm Harvest,Kulthi,OD11,2016-17,3000.0,3000.0,0.0
Farm Harvest,Kulthi,OD11,2017-18,3420.9966666666664,3421.0,0.0033333333335576754
Farm Harvest,Kulthi,OD11,2018-19,3415.0,3415.0,0.0
Farm Harvest,Kulthi,OD11,2019-20,3756.5,3756.5,0.0
Farm Harvest,Kulthi,OD11,2020-21,4132.150000000001,4132.15,9.094947017729282e-13
Farm Harvest,Kulthi,OD11,2021-22,4545.363333333334,4545.37,0.006666666666205856
Farm Harvest,Kulthi,OD11,2022-23,4999.900000000001,4999.9,9.094947017729282e-13
Farm Harvest,Kulthi,OD11,2023-24,5499.889999999999,5499.89,9.094947017729282e-13
Farm Harvest,Kulthi,OD11,2024-25,6049.88,6049.88,0.0
Farm Harvest,Kulthi,OD12,2013-14,2033.0,2033.0,0.0
Farm Harvest,Kulthi,OD12,2014-15,2488.0033333333336,2488.0,0.0033333333335576754
Farm Harvest,Kulthi,OD12,2015-16,2920.0,2920.0,0.0
Farm Harvest,Kulthi,OD12,2016-17,3049.9966666666664,3050.0,0.0033333333335576754
Farm Harvest,Kulthi,OD12,2017-18,3596.0,3596.0,0.0
Farm Harvest,Kulthi,OD12,2018-19,3174.0,3174.0,0.0
Farm Harvest,Kulthi,OD12,2019-20,3491.4,3491.4,0.0
Farm Harvest,Kulthi,OD12,2020-21,3840.5399999999995,3840.54,4.547473508864641e-13
Farm Harvest,Kulthi,OD12,2021-22,4224.593333333333,4224.59,0.003333333333102928
Farm Harvest,Kulthi,OD12,2022-23,4647.053333333333,4647.05,0.003333333333102928
Farm Harvest,Kulthi,OD12,2023-24,5111.759999999999,5111.76,9.094947017729282e-13
Farm Harvest,Kulthi,OD12,2024-25,5622.933333333333,5622.93,0.003333333333102928
Farm Harvest,Kulthi,OD13,2013-14,1833.0,1833.0,0.0
Farm Harvest,Kulthi,OD13,2014-15,2241.9966666666664,2242.0,0.0033333333335576754
Farm Harvest,Kulthi,OD13,2015-16,2971.0,2971.0,0.0
Farm Harvest,Kulthi,OD13,2016-17,3035.0,3035.0,0.0
Farm Harvest,Kulthi,OD13,2017-18,3527.0,3527.0,0.0
Farm Harvest,Kulthi,OD13,2018-19,3378.0,3378.0,0.0
Farm Harvest,Kulthi,OD13,2019-20,3715.7999999999997,3715.8,4.547473508864641e-13
Farm Harvest,Kulthi,OD13,2020-21,4087.3799999999997,4087.38,4.547473508864641e-13
Farm Harvest,Kulthi,OD13,2021-22,4496.12,4496.12,0.0
Farm Harvest,Kulthi,OD13,2022-23,4945.7300000000005,4945.73,9.094947017729282e-13
Farm Harvest,Kulthi,OD13,2023-24,5440.303333333333,5440.3,0.003333333333102928
Farm Harvest,Kulthi,OD13,2024-25,5984.333333333333,5984.33,0.003333333333102928
Farm Harvest,Kulthi,OD14,2013-14,2500.0,2500.0,0.0
Farm Harvest,Kulthi,OD14,2014-15,2899.9966666666664,2900.0,0.0033333333335576754
Farm Harvest,Kulthi,OD14,2015-16,3100.0033333333336,3100.0,0.0033333333335576754
Farm Harvest,Kulthi,OD14,2016-17,3250.0,3250.0,0.0
Farm Harvest,Kulthi,OD14,2017-18,4835.0,4835.0,0.0
Farm Harvest,Kulthi,OD14,2018-19,4717.0,4717.0,0.0
Farm Harvest,Kulthi,OD14,2019-20,5188.703333333334,5188.7,0.0033333333340124227
Farm Harvest,Kulthi,OD14,2020-21,5707.57,5707.57,0.0
Farm Harvest,Kulthi,OD14,2021-22,6278.326666666667,6278.33,0.003333333333102928
Farm Harvest,Kulthi,OD14,2022-23,6906.16,6906.16,0.0
Farm Harvest,Kulthi,OD14,2023-24,7596.776666666668,7596.78,0.0033333333321934333
Farm Harvest,Kulthi,OD14,2024-25,8356.456666666667,8356.45,0.006666666666205856
Farm Harvest,Kulthi,OD15,2013-14,2501.0,2501.0,0.0
Farm Harvest,Kulthi,OD15,2014-15,2929.0,2929.0,0.0
Farm Harvest,Kulthi,OD15,2015-16,3350.0,3350.0,0.0
Farm Harvest,Kulthi,OD15,2016-17,3375.0,3375.0,0.0
Farm Harvest,Kulthi,OD15,2017-18,4750.0,4750.0,0.0
Farm Harvest,Kulthi,OD15,2018-19,3825.0,3825.0,0.0
Farm Harvest,Kulthi,OD15,2019-20,4207.5,4207.5,0.0
Farm Harvest,Kulthi,OD15,2020-21,4628.25,4628.25,0.0
Farm Harvest,Kulthi,OD15,2021-22,5091.076666666667,5091.08,0.003333333333102928
Farm Harvest,Kulthi,OD15,2022-23,5600.183333333333,5600.18,0.003333333333102928
Farm Harvest,Kulthi,OD15,2023-24,6160.2,6160.2,0.0
Farm Harvest,Kulthi,OD15,2024-25,6776.223333333332,6776.22,0.0033333333321934333
Farm Harvest,Kulthi,OD16,2013-14,2150.0,2150.0,0.0
Farm Harvest,Kulthi,OD16,2014-15,2506.0,2506.0,0.0
Farm Harvest,Kulthi,OD16,2015-16,3093.0,3093.0,0.0
Farm Harvest,Kulthi,OD16,2016-17,3191.9966666666664,3192.0,0.0033333333335576754
Farm Harvest,Kulthi,OD16,2017-18,3242.0,3242.0,0.0
Farm Harvest,Kulthi,OD16,2018-19,3600.0,3600.0,0.0
Farm Harvest,Kulthi,OD16,2019-20,3960.0033333333336,3960.0,0.0033333333335576754
Farm Harvest,Kulthi,OD16,2020-21,4356.0,4356.0,0.0
Farm Harvest,Kulthi,OD16,2021-22,4791.599999999999,4791.6,9.094947017729282e-13
Farm Harvest,Kulthi,OD16,2022-23,5270.763333333333,5270.76,0.003333333333102928
Farm Harvest,Kulthi,OD16,2023-24,5797.836666666667,5797.84,0.003333333333102928
Farm Harvest,Kulthi,OD16,2024-25,6377.62,6377.62,0.0
Farm Harvest,Kulthi,OD17,2013-14,2200.0,2200.0,0.0
Farm Harvest,Kulthi,OD17,2014-15,2547.0,2547.0,0.0
Farm Harvest,Kulthi,OD17,2015-16,3025.0,3025.0,0.0
Farm Harvest,Kulthi,OD17,2016-17,3200.0,3200.0,0.0
Farm Harvest,Kulthi,OD17,2017-18,3300.0,3300.0,0.0
Farm Harvest,Kulthi,OD17,2018-19,3325.0,3325.0,0.0
Farm Harvest,Kulthi,OD17,2019-20,3657.5,3657.5,0.0
Farm Harvest,Kulthi,OD17,2020-21,4023.2533333333336,4023.25,0.0033333333335576754
Farm Harvest,Kulthi,OD17,2021-22,4425.576666666667,4425.58,0.003333333333102928
Farm Harvest,Kulthi,OD17,2022-23,4868.133333333333,4868.13,0.003333333333102928
Farm Harvest,Kulthi,OD17,2023-24,5354.946666666667,5354.95,0.003333333333102928
Farm Harvest,Kulthi,OD17,2024-25,5890.44,5890.44,0.0
Farm Harvest,Kulthi,OD18,2013-14,2350.0,2350.0,0.0
Farm Harvest,Kulthi,OD18,2014-15,2838.0033333333336,2838.0,0.0033333333335576754
Farm Harvest,Kulthi,OD18,2015-16,3222.0,3222.0,0.0
Farm Harvest,Kulthi,OD18,2016-17,3338.0,3338.0,0.0
Farm Harvest,Kulthi,OD18,2017-18,3683.9966666666664,3684.0,0.0033333333335576754
Farm Harvest,Kulthi,OD18,2018-19,3903.0,3903.0,0.0
Farm Harvest,Kulthi,OD18,2019-20,4293.3,4293.3,0.0
Farm Harvest,Kulthi,OD18,2020-21,4722.633333333333,4722.63,0.003333333333102928
Farm Harvest,Kulthi,OD18,2021-22,5194.89,5194.89,0.0
Farm Harvest,Kulthi,OD18,2022-23,5714.383333333334,5714.38,0.0033333333340124227
Farm Harvest,Kulthi,OD18,2023-24,6285.82,6285.82,0.0
Farm Harvest,Kulthi,OD18,2024-25,6914.406666666667,6914.4,0.006666666667115351
Farm Harvest,Kulthi,OD19,2013-14,2373.0033333333336,2373.0,0.0033333333335576754
Farm Harvest,Kulthi,OD19,2014-15,2825.0,2825.0,0.0
Farm Harvest,Kulthi,OD19,2015-16,3200.0,3200.0,0.0
Farm Harvest,Kulthi,OD19,2016-17,3200.0,3200.0,0.0
Farm Harvest,Kulthi,OD19,2017-18,3200.0,3200.0,0.0
Farm Harvest,Kulthi,OD19,2018-19,3150.0,3150.0,0.0
Farm Harvest,Kulthi,OD19,2019-20,3465.0,3465.0,0.0
Farm Harvest,Kulthi,OD19,2020-21,3811.5,3811.5,0.0
Farm Harvest,Kulthi,OD19,2021-22,4192.650000000001,4192.65,9.094947017729282e-13
Farm Harvest,Kulthi,OD19,2022-23,4611.913333333334,4611.92,0.006666666666205856
Farm Harvest,Kulthi,OD19,2023-24,5073.106666666667,5073.11,0.003333333333102928
Farm Harvest,Kulthi,OD19,2024-25,5580.416666666667,5580.42,0.003333333333102928
Farm Harvest,Kulthi,OD20,2013-14,2183.0,2183.0,0.0
Farm Harvest,Kulthi,OD20,2014-15,2351.9966666666664,2352.0,0.0033333333335576754
Farm Harvest,Kulthi,OD20,2015-16,3118.0,3118.0,0.0
Farm Harvest,Kulthi,OD20,2016-17,3180.0033333333336,3180.0,0.0033333333335576754
Farm Harvest,Kulthi,OD20,2017-18,3227.9966666666664,3228.0,0.0033333333335576754
Farm Harvest,Kulthi,OD20,2018-19,4346.0,4346.0,0.0
Farm Harvest,Kulthi,OD20,2019-20,4780.599999999999,4780.6,9.094947017729282e-13
Farm Harvest,Kulthi,OD20,2020-21,5258.663333333333,5258.66,0.003333333333102928
Farm Harvest,Kulthi,OD20,2021-22,5784.526666666668,5784.53,0.0033333333321934333
Farm Harvest,Kulthi,OD20,2022-23,6362.98,6362.98,0.0
Farm Harvest,Kulthi,OD20,2023-24,6999.276666666668,6999.28,0.0033333333321934333
Farm Harvest,Kulthi,OD20,2024-25,7699.206666666666,7699.2,0.006666666666205856
Farm Harvest,Kulthi,OD21,2013-14,2360.0,2360.0,0.0
Farm Harvest,Kulthi,OD21,2014-15,2623.0,2623.0,0.0
Farm Harvest,Kulthi,OD21,2015-16,3250.0,3250.0,0.0
Farm Harvest,Kulthi,OD21,2016-17,3275.0,3275.0,0.0
Farm Harvest,Kulthi,OD21,2017-18,2999.9966666666664,3000.0,0.0033333333335576754
Farm Harvest,Kulthi,OD21,2018-19,4327.0,4327.0,0.0
Farm Harvest,Kulthi,OD21,2019-20,4759.703333333334,4759.7,0.0033333333340124227
Farm Harvest,Kulthi,OD21,2020-21,5235.67,5235.67,0.0
Farm Harvest,Kulthi,OD21,2021-22,5759.240000000001,5759.24,9.094947017729282e-13
Farm Harvest,Kulthi,OD21,2022-23,6335.163333333333,6335.16,0.003333333333102928
Farm Harvest,Kulthi,OD21,2023-24,6968.676666666666,6968.68,0.0033333333340124227
Farm Harvest,Kulthi,OD21,2024-25,7665.543333333332,7665.54,0.0033333333321934333
Farm Harvest,Kulthi,OD22,2013-14,2565.0,2565.0,0.0
Farm Harvest,Kulthi,OD22,2014-15,2875.9966666666664,2876.0,0.0033333333335576754
Farm Harvest,Kulthi,OD22,2015-16,3081.0,3081.0,0.0
Farm Harvest,Kulthi,OD22,2016-17,3200.0033333333336,3200.0,0.0033333333335576754
Farm Harvest,Kulthi,OD22,2017-18,3200.0033333333336,3200.0,0.0033333333335576754
Farm Harvest,Kulthi,OD22,2018-19,3969.0,3969.0,0.0
Farm Harvest,Kulthi,OD22,2019-20,4365.900000000001,4365.9,9.094947017729282e-13
Farm Harvest,Kulthi,OD22,2020-21,4802.490000000001,4802.49,9.094947017729282e-13
Farm Harvest,Kulthi,OD22,2021-22,5282.740000000001,5282.74,9.094947017729282e-13
Farm Harvest,Kulthi,OD22,2022-23,5811.013333333333,5811.01,0.003333333333102928
Farm Harvest,Kulthi,OD22,2023-24,6392.113333333334,6392.11,0.0033333333340124227
Farm Harvest,Kulthi,OD22,2024-25,7031.326666666667,7031.33,0.003333333333102928
Farm Harvest,Kulthi,OD23,2013-14,2518.0,2518.0,0.0
Farm Harvest,Kulthi,OD23,2014-15,2800.0,2800.0,0.0
Farm Harvest,Kulthi,OD23,2015-16,3000.0,3000.0,0.0
Farm Harvest,Kulthi,OD23,2016-17,3100.0,3100.0,0.0
Farm Harvest,Kulthi,OD23,2017-18,3500.0,3500.0,0.0
Farm Harvest,Kulthi,OD23,2018-19,3699.9966666666664,3700.0,0.0033333333335576754
Farm Harvest,Kulthi,OD23,2019-20,4070.0,4070.0,0.0
Farm Harvest,Kulthi,OD23,2020-21,4477.003333333333,4477.0,0.003333333333102928
Farm Harvest,Kulthi,OD23,2021-22,4924.7,4924.7,0.0
Farm Harvest,Kulthi,OD23,2022-23,5417.166666666667,5417.17,0.003333333333102928
Farm Harvest,Kulthi,OD23,2023-24,5958.886666666666,5958.89,0.0033333333340124227
Farm Harvest,Kulthi,OD23,2024-25,6554.776666666668,6554.78,0.0033333333321934333
Farm Harvest,Kulthi,OD24,2013-14,2179.0033333333336,2179.0,0.0033333333335576754
Farm Harvest,Kulthi,OD24,2014-15,2628.0,2628.0,0.0
Farm Harvest,Kulthi,OD24,2015-16,2925.0,2925.0,0.0
Farm Harvest,Kulthi,OD24,2016-17,3174.0033333333336,3174.0,0.0033333333335576754
Farm Harvest,Kulthi,OD24,2017-18,4068.0,4068.0,0.0
Farm Harvest,Kulthi,OD24,2018-19,3380.0033333333336,3380.0,0.0033333333335576754
Farm Harvest,Kulthi,OD24,2019-20,3718.0,3718.0,0.0
Farm Harvest,Kulthi,OD24,2020-21,4089.8000000000006,4089.8,4.547473508864641e-13
Farm Harvest,Kulthi,OD24,2021-22,4498.783333333334,4498.78,0.0033333333340124227
Farm Harvest,Kulthi,OD24,2022-23,4948.66,4948.66,0.0
Farm Harvest,Kulthi,OD24,2023-24,5443.526666666667,5443.52,0.006666666666205856
Farm Harvest,Kulthi,OD24,2024-25,5987.873333333334,5987.88,0.006666666666205856
Farm Harvest,Kulthi,OD25,2013-14,2565.0,2565.0,0.0
Farm Harvest,Kulthi,OD25,2014-15,2950.0,2950.0,0.0
Farm Harvest,Kulthi,OD25,2015-16,3300.0,3300.0,0.0
Farm Harvest,Kulthi,OD25,2016-17,3400.0,3400.0,0.0
Farm Harvest,Kulthi,OD25,2017-18,3500.0,3500.0,0.0
Farm Harvest,Kulthi,OD25,2018-19,3470.0,3470.0,0.0
Farm Harvest,Kulthi,OD25,2019-20,3817.0,3817.0,0.0
Farm Harvest,Kulthi,OD25,2020-21,4198.696666666667,4198.7,0.003333333333102928
Farm Harvest,Kulthi,OD25,2021-22,4618.57,4618.57,0.0
Farm Harvest,Kulthi,OD25,2022-23,5080.426666666667,5080.43,0.003333333333102928
Farm Harvest,Kulthi,OD25,2023-24,5588.47,5588.47,0.0
Farm Harvest,Kulthi,OD25,2024-25,6147.32,6147.32,0.0
Farm Harvest,Kulthi,OD26,2013-14,2238.0,2238.0,0.0
Farm Harvest,Kulthi,OD26,2014-15,2700.0,2700.0,0.0
Farm Harvest,Kulthi,OD26,2015-16,2999.9966666666664,3000.0,0.0033333333335576754
Farm Harvest,Kulthi,OD26,2016-17,3050.0,3050.0,0.0
Farm Harvest,Kulthi,OD26,2017-18,3099.9966666666664,3100.0,0.0033333333335576754
Farm Harvest,Kulthi,OD26,2018-19,3180.0,3180.0,0.0
Farm Harvest,Kulthi,OD26,2019-20,3498.0,3498.0,0.0
Farm Harvest,Kulthi,OD26,2020-21,3847.7999999999997,3847.8,4.547473508864641e-13
Farm Harvest,Kulthi,OD26,2021-22,4232.58,4232.58,0.0
Farm Harvest,Kulthi,OD26,2022-23,4655.836666666667,4655.84,0.003333333333102928
Farm Harvest,Kulthi,OD26,2023-24,5121.423333333333,5121.42,0.003333333333102928
Farm Harvest,Kulthi,OD26,2024-25,5633.563333333334,5633.56,0.0033333333340124227
Farm Harvest,Kulthi,OD27,2013-14,2161.9966666666664,2162.0,0.0033333333335576754
Farm Harvest,Kulthi,OD27,2014-15,2653.9966666666664,2654.0,0.0033333333335576754
Farm Harvest,Kulthi,OD27,2015-16,3233.0033333333336,3233.0,0.0033333333335576754
Farm Harvest,Kulthi,OD27,2016-17,3319.0,3319.0,0.0
Farm Harvest,Kulthi,OD27,2017-18,3200.0033333333336,3200.0,0.0033333333335576754
Farm Harvest,Kulthi,OD27,2018-19,3233.0033333333336,3233.0,0.0033333333335576754
Farm Harvest,Kulthi,OD27,2019-20,3556.2999999999997,3556.3,4.547473508864641e-13
Farm Harvest,Kulthi,OD27,2020-21,3911.9300000000003,3911.93,4.547473508864641e-13
Farm Harvest,Kulthi,OD27,2021-22,4303.123333333333,4303.12,0.003333333333102928
Farm Harvest,Kulthi,OD27,2022-23,4733.4366666666665,4733.44,0.003333333333102928
Farm Harvest,Kulthi,OD27,2023-24,5206.78,5206.78,0.0
Farm Harvest,Kulthi,OD27,2024-25,5727.453333333334,5727.46,0.006666666666205856
Farm Harvest,Kulthi,OD28,2013-14,2464.0,2464.0,0.0
Farm Harvest,Kulthi,OD28,2014-15,2880.0,2880.0,0.0
Farm Harvest,Kulthi,OD28,2015-16,3288.9966666666664,3289.0,0.0033333333335576754
Farm Harvest,Kulthi,OD28,2016-17,3380.0,3380.0,0.0
Farm Harvest,Kulthi,OD28,2017-18,3100.0033333333336,3100.0,0.0033333333335576754
Farm Harvest,Kulthi,OD28,2018-19,3743.0,3743.0,0.0
Farm Harvest,Kulthi,OD28,2019-20,4117.3,4117.3,0.0
Farm Harvest,Kulthi,OD28,2020-21,4529.03,4529.03,0.0
Farm Harvest,Kulthi,OD28,2021-22,4981.933333333333,4981.93,0.003333333333102928
Farm Harvest,Kulthi,OD28,2022-23,5480.126666666666,5480.13,0.0033333333340124227
Farm Harvest,Kulthi,OD28,2023-24,6028.139999999999,6028.14,9.094947017729282e-13
Farm Harvest,Kulthi,OD28,2024-25,6630.953333333334,6630.95,0.0033333333340124227
Farm Harvest,Kulthi,OD29,2013-14,2314.0,2314.0,0.0
Farm Harvest,Kulthi,OD29,2014-15,2727.0,2727.0,0.0
Farm Harvest,Kulthi,OD29,2015-16,3300.0033333333336,3300.0,0.0033333333335576754
Farm Harvest,Kulthi,OD29,2016-17,3385.0,3385.0,0.0
Farm Harvest,Kulthi,OD29,2017-18,3235.0,3235.0,0.0
Farm Harvest,Kulthi,OD29,2018-19,4038.0033333333336,4038.0,0.0033333333335576754
Farm Harvest,Kulthi,OD29,2019-20,4441.803333333333,4441.8,0.003333333333102928
Farm Harvest,Kulthi,OD29,2020-21,4885.9800000000005,4885.98,9.094947017729282e-13
Farm Harvest,Kulthi,OD29,2021-22,5374.576666666667,5374.58,0.003333333333102928
Farm Harvest,Kulthi,OD29,2022-23,5912.036666666667,5912.04,0.003333333333102928
Farm Harvest,Kulthi,OD29,2023-24,6503.236666666667,6503.24,0.003333333333102928
Farm Harvest,Kulthi,OD29,2024-25,7153.563333333333,7153.56,0.0033333333321934333
Farm Harvest,Kulthi,OD30,2013-14,2400.0,2400.0,0.0
Farm Harvest,Kulthi,OD30,2014-15,2800.0,2800.0,0.0
Farm Harvest,Kulthi,OD30,2015-16,3450.0,3450.0,0.0
Farm Harvest,Kulthi,OD30,2016-17,3450.0,3450.0,0.0
Farm Harvest,Kulthi,OD30,2017-18,3409.9966666666664,3410.0,0.0033333333335576754
Farm Harvest,Kulthi,OD30,2018-19,4978.0,4978.0,0.0
Farm Harvest,Kulthi,OD30,2019-20,5475.8,5475.8,0.0
Farm Harvest,Kulthi,OD30,2020-21,6023.383333333334,6023.38,0.0033333333340124227
Farm Harvest,Kulthi,OD30,2021-22,6625.72,6625.72,0.0
Farm Harvest,Kulthi,OD30,2022-23,7288.29,7288.29,0.0
Farm Harvest,Kulthi,OD30,2023-24,8017.12,8017.12,0.0
Farm Harvest,Kulthi,OD30,2024-25,8818.83,8818.83,0.0
Farm Harvest,Maize,OD01,2013-14,1049.0,1049.0,0.0
Farm Harvest,Maize,OD01,2014-15,1135.0,1135.0,0.0
Farm Harvest,Maize,OD01,2015-16,1250.0,1250.0,0.0
Farm Harvest,Maize,OD01,2016-17,1587.9966666666667,1588.0,0.0033333333333303017
Farm Harvest,Maize,OD01,2017-18,1536.0,1536.0,0.0
Farm Harvest,Maize,OD01,2018-19,2000.0,2000.0,0.0
Farm Harvest,Maize,OD01,2019-20,2190.096666666667,2190.1,0.003333333333102928
Farm Harvest,Maize,OD01,2020-21,2398.2633333333333,2398.26,0.003333333333102928
Farm Harvest,Maize,OD01,2021-22,2626.2099999999996,2626.21,4.547473508864641e-13
Farm Harvest,Maize,OD01,2022-23,2875.8333333333335,2875.83,0.0033333333335576754
Farm Harvest,Maize,OD01,2023-24,3149.1733333333336,3149.17,0.0033333333335576754
Farm Harvest,Maize,OD01,2024-25,3448.5,3448.5,0.0
Farm Harvest,Maize,OD02,2013-14,1033.0,1033.0,0.0
Farm Harvest,Maize,OD02,2014-15,1125.0,1125.0,0.0
Farm Harvest,Maize,OD02,2015-16,1265.0,1265.0,0.0
Farm Harvest,Maize,OD02,2016-17,1399.9966666666667,1400.0,0.0033333333333303017
Farm Harvest,Maize,OD02,2017-18,1641.3100000000002,1641.31,2.2737367544323206e-13
Farm Harvest,Maize,OD02,2018-19,1653.96,1653.96,0.0
Farm Harvest,Maize,OD02,2019-20,1473.04,1473.04,0.0
Farm Harvest,Maize,OD02,2020-21,1613.0533333333333,1613.05,0.0033333333333303017
Farm Harvest,Maize,OD02,2021-22,1766.3700000000001,1766.37,2.2737367544323206e-13
Farm Harvest,Maize,OD02,2022-23,1934.2633333333333,1934.26,0.0033333333333303017
Farm Harvest,Maize,OD02,2023-24,2118.1133333333332,2118.11,0.003333333333102928
Farm Harvest,Maize,OD02,2024-25,2319.433333333333,2319.43,0.003333333333102928
Farm Harvest,Maize,OD03,2013-14,1189.05,1189.05,0.0
Farm Harvest,Maize,OD03,2014-15,1220.0,1220.0,0.0
Farm Harvest,Maize,OD03,2015-16,1349.9966666666667,1350.0,0.0033333333333303017
Farm Harvest,Maize,OD03,2016-17,1500.0,1500.0,0.0
Farm Harvest,Maize,OD03,2017-18,2113.0,2113.0,0.0
Farm Harvest,Maize,OD03,2018-19,1872.2666666666667,1872.27,0.0033333333333303017
Farm Harvest,Maize,OD03,2019-20,2034.5366666666666,2034.54,0.0033333333333303017
Farm Harvest,Maize,OD03,2020-21,2227.9166666666665,2227.92,0.0033333333335576754
Farm Harvest,Maize,OD03,2021-22,2439.6733333333336,2439.68,0.006666666666205856
Farm Harvest,Maize,OD03,2022-23,2671.56,2671.56,0.0
Farm Harvest,Maize,OD03,2023-24,2925.4933333333333,2925.49,0.0033333333335576754
Farm Harvest,Maize,OD03,2024-25,3203.556666666667,3203.56,0.003333333333102928
Farm Harvest,Maize,OD04,2013-14,1100.0,1100.0,0.0
Farm Harvest,Maize,OD04,2014-15,1144.0,1144.0,0.0
Farm Harvest,Maize,OD04,2015-16,1300.0,1300.0,0.0
Farm Harvest,Maize,OD04,2016-17,1450.0,1450.0,0.0
Farm Harvest,Maize,OD04,2017-18,1792.3400000000001,1792.34,2.2737367544323206e-13
Farm Harvest,Maize,OD04,2018-19,2175.0,2175.0,0.0
Farm Harvest,Maize,OD04,2019-20,2381.726666666667,2381.73,0.003333333333102928
Farm Harvest,Maize,OD04,2020-21,2608.1066666666666,2608.11,0.0033333333335576754
Farm Harvest,Maize,OD04,2021-22,2856.0033333333336,2856.01,0.006666666666660603
Farm Harvest,Maize,OD04,2022-23,3127.463333333333,3127.47,0.006666666666660603
Farm Harvest,Maize,OD04,2023-24,3424.726666666667,3424.73,0.003333333333102928
Farm Harvest,Maize,OD04,2024-25,3750.2433333333333,3750.24,0.0033333333335576754
Farm Harvest,Maize,OD05,2013-14,962.7033333333333,962.7,0.003333333333216615
Farm Harvest,Maize,OD05,2014-15,1053.1066666666666,1053.11,0.0033333333333303017
Farm Harvest,Maize,OD05,2015-16,1163.1466666666668,1163.15,0.0033333333333303017
Farm Harvest,Maize,OD05,2016-17,1232.8633333333335,1232.86,0.0033333333335576754
Farm Harvest,Maize,OD05,2017-18,1520.0,1520.0,0.0
Farm Harvest,Maize,OD05,2018-19,1500.0,1500.0,0.0
Farm Harvest,Maize,OD05,2019-20,1642.5733333333335,1642.57,0.0033333333335576754
Farm Harvest,Maize,OD05,2020-21,1798.6966666666667,1798.7,0.0033333333333303017
Farm Harvest,Maize,OD05,2021-22,1969.6599999999999,1969.66,2.2737367544323206e-13
Farm Harvest,Maize,OD05,2022-23,2156.8733333333334,2156.87,0.0033333333335576754
Farm Harvest,Maize,OD05,2023-24,2361.88,2361.88,0.0
Farm Harvest,Maize,OD05,2024-25,2586.3733333333334,2586.37,0.0033333333335576754
Farm Harvest,Maize,OD06,2013-14,1162.3933333333334,1162.39,0.0033333333333303017
Farm Harvest,Maize,OD06,2014-15,1271.5466666666666,1271.55,0.0033333333333303017
Farm Harvest,Maize,OD06,2015-16,1404.4133333333332,1404.42,0.006666666666887977
Farm Harvest,Maize,OD06,2016-17,1200.0,1200.0,0.0
Farm Harvest,Maize,OD06,2017-18,2000.0,2000.0,0.0
Farm Harvest,Maize,OD06,2018-19,2000.0,2000.0,0.0
Farm Harvest,Maize,OD06,2019-20,2190.096666666667,2190.1,0.003333333333102928
Farm Harvest,Maize,OD06,2020-21,2398.26,2398.26,0.0
Farm Harvest,Maize,OD06,2021-22,2626.213333333333,2626.21,0.003333333333102928
Farm Harvest,Maize,OD06,2022-23,2875.83,2875.83,0.0
Farm Harvest,Maize,OD06,2023-24,3149.1733333333336,3149.17,0.0033333333335576754
Farm Harvest,Maize,OD06,2024-25,3448.5,3448.5,0.0
Farm Harvest,Maize,OD07,2013-14,1296.0033333333333,1296.0,0.0033333333333303017
Farm Harvest,Maize,OD07,2014-15,1300.0,1300.0,0.0
Farm Harvest,Maize,OD07,2015-16,1400.0,1400.0,0.0
Farm Harvest,Maize,OD07,2016-17,1555.1733333333332,1555.17,0.003333333333102928
Farm Harvest,Maize,OD07,2017-18,1897.5166666666667,1897.52,0.0033333333333303017
Farm Harvest,Maize,OD07,2018-19,1912.1466666666668,1912.15,0.0033333333333303017
Farm Harvest,Maize,OD07,2019-20,1606.6833333333334,1606.68,0.0033333333333303017
Farm Harvest,Maize,OD07,2020-21,1759.3966666666668,1759.4,0.0033333333333303017
Farm Harvest,Maize,OD07,2021-22,1926.6233333333332,1926.62,0.0033333333333303017
Farm Harvest,Maize,OD07,2022-23,2109.7466666666664,2109.75,0.0033333333335576754
Farm Harvest,Maize,OD07,2023-24,2310.2766666666666,2310.28,0.0033333333335576754
Farm Harvest,Maize,OD07,2024-25,2529.8633333333332,2529.86,0.003333333333102928
Farm Harvest,Maize,OD08,2013-14,1200.0600000000002,1200.06,2.2737367544323206e-13
Farm Harvest,Maize,OD08,2014-15,1312.7533333333333,1312.75,0.0033333333333303017
Farm Harvest,Maize,OD08,2015-16,1449.9233333333334,1449.92,0.0033333333333303017
Farm Harvest,Maize,OD08,2016-17,1375.0,1375.0,0.0
Farm Harvest,Maize,OD08,2017-18,1450.0033333333333,1450.0,0.0033333333333303017
Farm Harvest,Maize,OD08,2018-19,2517.0,2517.0,0.0
Farm Harvest,Maize,OD08,2019-20,2756.236666666666,2756.24,0.0033333333335576754
Farm Harvest,Maize,OD08,2020-21,3018.213333333333,3018.21,0.003333333333102928
Farm Harvest,Maize,OD08,2021-22,3305.09,3305.09,0.0
Farm Harvest,Maize,OD08,2022-23,3619.2333333333336,3619.23,0.0033333333335576754
Farm Harvest,Maize,OD08,2023-24,3963.2333333333336,3963.24,0.006666666666205856
Farm Harvest,Maize,OD08,2024-25,4339.933333333333,4339.93,0.003333333333102928
Farm Harvest,Maize,OD09,2013-14,1030.0033333333333,1030.0,0.0033333333333303017
Farm Harvest,Maize,OD09,2014-15,1175.0,1175.0,0.0
Farm Harvest,Maize,OD09,2015-16,1300.0,1300.0,0.0
Farm Harvest,Maize,OD09,2016-17,1600.0,1600.0,0.0
Farm Harvest,Maize,OD09,2017-18,1584.0,1584.0,0.0
Farm Harvest,Maize,OD09,2018-19,1743.0,1743.0,0.0
Farm Harvest,Maize,OD09,2019-20,1908.67,1908.67,0.0
Farm Harvest,Maize,OD09,2020-21,2090.0833333333335,2090.09,0.006666666666660603
Farm Harvest,Maize,OD09,2021-22,2288.7433333333333,2288.74,0.0033333333335576754
Farm Harvest,Maize,OD09,2022-23,2506.2866666666664,2506.29,0.0033333333335576754
Farm Harvest,Maize,OD09,2023-24,2744.5033333333336,2744.5,0.0033333333335576754
Farm Harvest,Maize,OD09,2024-25,3005.366666666667,3005.37,0.003333333333102928
Farm Harvest,Maize,OD10,2013-14,1000.0,1000.0,0.0
Farm Harvest,Maize,OD10,2014-15,1170.0,1170.0,0.0
Farm Harvest,Maize,OD10,2015-16,1299.9966666666667,1300.0,0.0033333333333303017
Farm Harvest,Maize,OD10,2016-17,1300.0,1300.0,0.0
Farm Harvest,Maize,OD10,2017-18,1306.0,1306.0,0.0
Farm Harvest,Maize,OD10,2018-19,1383.0,1383.0,0.0
Farm Harvest,Maize,OD10,2019-20,1514.45,1514.45,0.0
Farm Harvest,Maize,OD10,2020-21,1658.3999999999999,1658.4,2.2737367544323206e-13
Farm Harvest,Maize,OD10,2021-22,1816.0266666666666,1816.03,0.0033333333333303017
Farm Harvest,Maize,OD10,2022-23,1988.6366666666665,1988.64,0.0033333333335576754
Farm Harvest,Maize,OD10,2023-24,2177.653333333333,2177.65,0.003333333333102928
Farm Harvest,Maize,OD10,2024-25,2384.6366666666668,2384.64,0.003333333333102928
Farm Harvest,Maize,OD11,2013-14,1149.9966666666667,1150.0,0.0033333333333303017
Farm Harvest,Maize,OD11,2014-15,1200.0,1200.0,0.0
Farm Harvest,Maize,OD11,2015-16,1325.0033333333333,1325.0,0.0033333333333303017
Farm Harvest,Maize,OD11,2016-17,1350.0,1350.0,0.0
Farm Harvest,Maize,OD11,2017-18,2044.0,2044.0,0.0
Farm Harvest,Maize,OD11,2018-19,1405.9966666666667,1406.0,0.0033333333333303017
Farm Harvest,Maize,OD11,2019-20,1539.64,1539.64,0.0
Farm Harvest,Maize,OD11,2020-21,1685.9766666666667,1685.98,0.0033333333333303017
Farm Harvest,Maize,OD11,2021-22,1846.2300000000002,1846.23,2.2737367544323206e-13
Farm Harvest,Maize,OD11,2022-23,2021.71,2021.71,0.0
Farm Harvest,Maize,OD11,2023-24,2213.8700000000003,2213.87,4.547473508864641e-13
Farm Harvest,Maize,OD11,2024-25,2424.2966666666666,2424.29,0.006666666666660603
Farm Harvest,Maize,OD12,2013-14,1260.0,1260.0,0.0
Farm Harvest,Maize,OD12,2014-15,1280.0,1280.0,0.0
Farm Harvest,Maize,OD12,2015-16,1350.0,1350.0,0.0
Farm Harvest,Maize,OD12,2016-17,1514.33,1514.33,0.0
Farm Harvest,Maize,OD12,2017-18,1847.6899999999998,1847.69,2.2737367544323206e-13
Farm Harvest,Maize,OD12,2018-19,1861.9366666666665,1861.94,0.0033333333335576754
Farm Harvest,Maize,OD12,2019-20,1564.493333333333,1564.49,0.003333333333102928
Farm Harvest,Maize,OD12,2020-21,1713.1933333333334,1713.2,0.006666666666660603
Farm Harvest,Maize,OD12,2021-22,1876.0333333333335,1876.03,0.0033333333335576754
Farm Harvest,Maize,OD12,2022-23,2054.346666666667,2054.35,0.003333333333102928
Farm Harvest,Maize,OD12,2023-24,2249.6066666666666,2249.61,0.0033333333335576754
Farm Harvest,Maize,OD12,2024-25,2463.43,2463.43,0.0
Farm Harvest,Maize,OD13,2013-14,1268.3666666666666,1268.37,0.0033333333333303017
Farm Harvest,Maize,OD13,2014-15,1387.4766666666667,1387.48,0.0033333333333303017
Farm Harvest,Maize,OD13,2015-16,1532.4566666666667,1532.46,0.0033333333333303017
Farm Harvest,Maize,OD13,2016-17,1500.0033333333333,1500.0,0.0033333333333303017
Farm Harvest,Maize,OD13,2017-18,1981.8766666666668,1981.88,0.0033333333333303017
Farm Harvest,Maize,OD13,2018-19,2150.0,2150.0,0.0
Farm Harvest,Maize,OD13,2019-20,2354.353333333333,2354.35,0.003333333333102928
Farm Harvest,Maize,OD13,2020-21,2578.133333333333,2578.13,0.003333333333102928
Farm Harvest,Maize,OD13,2021-22,2823.1766666666667,2823.18,0.003333333333102928
Farm Harvest,Maize,OD13,2022-23,3091.5166666666664,3091.52,0.0033333333335576754
Farm Harvest,Maize,OD13,2023-24,3385.3633333333332,3385.36,0.003333333333102928
Farm Harvest,Maize,OD13,2024-25,3707.1366666666668,3707.13,0.006666666666660603
Farm Harvest,Maize,OD14,2013-14,1160.0,1160.0,0.0
Farm Harvest,Maize,OD14,2014-15,1200.0,1200.0,0.0
Farm Harvest,Maize,OD14,2015-16,1320.0,1320.0,0.0
Farm Harvest,Maize,OD14,2016-17,1399.9966666666667,1400.0,0.0033333333333303017
Farm Harvest,Maize,OD14,2017-18,1999.9966666666667,2000.0,0.0033333333333303017
Farm Harvest,Maize,OD14,2018-19,1425.0,1425.0,0.0
Farm Harvest,Maize,OD14,2019-20,1560.4433333333334,1560.44,0.0033333333333303017
Farm Harvest,Maize,OD14,2020-21,1708.7633333333333,1708.76,0.0033333333333303017
Farm Harvest,Maize,OD14,2021-22,1871.1766666666665,1871.18,0.0033333333335576754
Farm Harvest,Maize,OD14,2022-23,2049.03,2049.03,0.0
Farm Harvest,Maize,OD14,2023-24,2243.786666666667,2243.79,0.003333333333102928
Farm Harvest,Maize,OD14,2024-25,2457.056666666667,2457.05,0.006666666666660603
Farm Harvest,Maize,OD15,2013-14,1010.0,1010.0,0.0
Farm Harvest,Maize,OD15,2014-15,1206.0,1206.0,0.0
Farm Harvest,Maize,OD15,2015-16,1300.0,1300.0,0.0
Farm Harvest,Maize,OD15,2016-17,1333.0,1333.0,0.0
Farm Harvest,Maize,OD15,2017-18,1375.0033333333333,1375.0,0.0033333333333303017
Farm Harvest,Maize,OD15,2018-19,1457.0,1457.0,0.0
Farm Harvest,Maize,OD15,2019-20,1595.4866666666667,1595.49,0.0033333333333303017
Farm Harvest,Maize,OD15,2020-21,1747.1333333333332,1747.13,0.003333333333102928
Farm Harvest,Maize,OD15,2021-22,1913.1966666666667,1913.2,0.0033333333333303017
Farm Harvest,Maize,OD15,2022-23,2095.043333333333,2095.04,0.003333333333102928
Farm Harvest,Maize,OD15,2023-24,2294.1733333333336,2294.17,0.0033333333335576754
Farm Harvest,Maize,OD15,2024-25,2512.23,2512.23,0.0
Farm Harvest,Maize,OD16,2013-14,1189.9966666666667,1190.0,0.0033333333333303017
Farm Harvest,Maize,OD16,2014-15,1333.0,1333.0,0.0
Farm Harvest,Maize,OD16,2015-16,1375.0,1375.0,0.0
Farm Harvest,Maize,OD16,2016-17,1500.0,1500.0,0.0
Farm Harvest,Maize,OD16,2017-18,1167.0,1167.0,0.0
Farm Harvest,Maize,OD16,2018-19,1167.0,1167.0,0.0
Farm Harvest,Maize,OD16,2019-20,1277.92,1277.92,0.0
Farm Harvest,Maize,OD16,2020-21,1399.3866666666665,1399.39,0.0033333333335576754
Farm Harvest,Maize,OD16,2021-22,1532.3966666666668,1532.4,0.0033333333333303017
Farm Harvest,Maize,OD16,2022-23,1678.0433333333333,1678.05,0.006666666666660603
Farm Harvest,Maize,OD16,2023-24,1837.5433333333333,1837.54,0.0033333333333303017
Farm Harvest,Maize,OD16,2024-25,2012.1966666666667,2012.2,0.0033333333333303017
Farm Harvest,Maize,OD18,2013-14,1050.0,1050.0,0.0
Farm Harvest,Maize,OD18,2014-15,1258.0,1258.0,0.0
Farm Harvest,Maize,OD18,2015-16,1349.9966666666667,1350.0,0.0033333333333303017
Farm Harvest,Maize,OD18,2016-17,1483.0,1483.0,0.0
Farm Harvest,Maize,OD18,2017-18,1828.0,1828.0,0.0
Farm Harvest,Maize,OD18,2018-19,1677.0,1677.0,0.0
Farm Harvest,Maize,OD18,2019-20,1836.3999999999999,1836.4,2.2737367544323206e-13
Farm Harvest,Maize,OD18,2020-21,2010.9433333333334,2010.94,0.0033333333333303017
Farm Harvest,Maize,OD18,2021-22,2202.0833333333335,2202.08,0.0033333333335576754
Farm Harvest,Maize,OD18,2022-23,2411.383333333333,2411.38,0.003333333333102928
Farm Harvest,Maize,OD18,2023-24,2640.58,2640.58,0.0
Farm Harvest,Maize,OD18,2024-25,2891.566666666667,2891.57,0.003333333333102928
Farm Harvest,Maize,OD19,2013-14,1126.25,1126.25,0.0
Farm Harvest,Maize,OD19,2014-15,1232.0133333333333,1232.01,0.0033333333333303017
Farm Harvest,Maize,OD19,2015-16,1360.75,1360.75,0.0
Farm Harvest,Maize,OD19,2016-17,1600.0,1600.0,0.0
Farm Harvest,Maize,OD19,2017-18,1670.0,1670.0,0.0
Farm Harvest,Maize,OD19,2018-19,1670.0,1670.0,0.0
Farm Harvest,Maize,OD19,2019-20,1828.7299999999998,1828.73,2.2737367544323206e-13
Farm Harvest,Maize,OD19,2020-21,2002.5466666666669,2002.55,0.003333333333102928
Farm Harvest,Maize,OD19,2021-22,2192.89,2192.89,0.0
Farm Harvest,Maize,OD19,2022-23,2401.32,2401.32,0.0
Farm Harvest,Maize,OD19,2023-24,2629.5633333333335,2629.56,0.0033333333335576754
Farm Harvest,Maize,OD19,2024-25,2879.4933333333333,2879.5,0.006666666666660603
Farm Harvest,Maize,OD20,2013-14,1100.0033333333333,1100.0,0.0033333333333303017
Farm Harvest,Maize,OD20,2014-15,1249.9966666666667,1250.0,0.0033333333333303017
Farm Harvest,Maize,OD20,2015-16,1320.0,1320.0,0.0
Farm Harvest,Maize,OD20,2016-17,1332.9966666666667,1333.0,0.0033333333333303017
Farm Harvest,Maize,OD20,2017-18,2183.0033333333336,2183.0,0.0033333333335576754
Farm Harvest,Maize,OD20,2018-19,1864.0,1864.0,0.0
Farm Harvest,Maize,OD20,2019-20,2041.17,2041.17,0.0
Farm Harvest,Maize,OD20,2020-21,2235.1800000000003,2235.18,4.547473508864641e-13
Farm Harvest,Maize,OD20,2021-22,2447.6299999999997,2447.63,4.547473508864641e-13
Farm Harvest,Maize,OD20,2022-23,2680.273333333333,2680.27,0.003333333333102928
Farm Harvest,Maize,OD20,2023-24,2935.03,2935.03,0.0
Farm Harvest,Maize,OD20,2024-25,3214.0033333333336,3214.0,0.0033333333335576754
Farm Harvest,Maize,OD21,2013-14,1090.0,1090.0,0.0
Farm Harvest,Maize,OD21,2014-15,1280.0,1280.0,0.0
Farm Harvest,Maize,OD21,2015-16,1350.0,1350.0,0.0
Farm Harvest,Maize,OD21,2016-17,1419.9966666666667,1420.0,0.0033333333333303017
Farm Harvest,Maize,OD21,2017-18,1489.9966666666667,1490.0,0.0033333333333303017
Farm Harvest,Maize,OD21,2018-19,1490.0,1490.0,0.0
Farm Harvest,Maize,OD21,2019-20,1631.6233333333332,1631.62,0.0033333333333303017
Farm Harvest,Maize,OD21,2020-21,1786.7066666666667,1786.71,0.0033333333333303017
Farm Harvest,Maize,OD21,2021-22,1956.5266666666666,1956.53,0.0033333333333303017
Farm Harvest,Maize,OD21,2022-23,2142.4966666666664,2142.49,0.006666666666660603
Farm Harvest,Maize,OD21,2023-24,2346.133333333333,2346.13,0.003333333333102928
Farm Harvest,Maize,OD21,2024-25,2569.1299999999997,2569.13,4.547473508864641e-13
Farm Harvest,Maize,OD22,2013-14,1039.9966666666667,1040.0,0.0033333333333303017
Farm Harvest,Maize,OD22,2014-15,1218.0,1218.0,0.0
Farm Harvest,Maize,OD22,2015-16,1283.0,1283.0,0.0
Farm Harvest,Maize,OD22,2016-17,1345.0,1345.0,0.0
Farm Harvest,Maize,OD22,2017-18,2340.0,2340.0,0.0
Farm Harvest,Maize,OD22,2018-19,1708.0033333333333,1708.0,0.0033333333333303017
Farm Harvest,Maize,OD22,2019-20,1870.3400000000001,1870.34,2.2737367544323206e-13
Farm Harvest,Maize,OD22,2020-21,2048.116666666667,2048.12,0.003333333333102928
Farm Harvest,Maize,OD22,2021-22,2242.7866666666664,2242.79,0.0033333333335576754
Farm Harvest,Maize,OD22,2022-23,2455.96,2455.96,0.0
Farm Harvest,Maize,OD22,2023-24,2689.3933333333334,2689.39,0.0033333333335576754
Farm Harvest,Maize,OD22,2024-25,2945.0166666666664,2945.02,0.0033333333335576754
Farm Harvest,Maize,OD23,2013-14,1006.0,1006.0,0.0
Farm Harvest,Maize,OD23,2014-15,1098.0,1098.0,0.0
Farm Harvest,Maize,OD23,2015-16,1158.9966666666667,1159.0,0.0033333333333303017
Farm Harvest,Maize,OD23,2016-17,1199.9966666666667,1200.0,0.0033333333333303017
Farm Harvest,Maize,OD23,2017-18,1470.0,1470.0,0.0
Farm Harvest,Maize,OD23,2018-19,1343.0,1343.0,0.0
Farm Harvest,Maize,OD23,2019-20,1470.6499999999999,1470.65,2.2737367544323206e-13
Farm Harvest,Maize,OD23,2020-21,1610.4333333333334,1610.43,0.0033333333333303017
Farm Harvest,Maize,OD23,2021-22,1763.5033333333333,1763.5,0.0033333333333303017
Farm Harvest,Maize,OD23,2022-23,1931.1233333333332,1931.12,0.0033333333333303017
Farm Harvest,Maize,OD23,2023-24,2114.67,2114.67,0.0
Farm Harvest,Maize,OD23,2024-25,2315.6666666666665,2315.67,0.0033333333335576754
Farm Harvest,Maize,OD24,2013-14,1200.0033333333333,1200.0,0.0033333333333303017
Farm Harvest,Maize,OD24,2014-15,1320.0,1320.0,0.0
Farm Harvest,Maize,OD24,2015-16,1199.0,1199.0,0.0
Farm Harvest,Maize,OD24,2016-17,1500.0,1500.0,0.0
Farm Harvest,Maize,OD24,2017-18,1889.0,1889.0,0.0
Farm Harvest,Maize,OD24,2018-19,1450.0,1450.0,0.0
Farm Harvest,Maize,OD24,2019-20,1587.8166666666666,1587.82,0.0033333333333303017
Farm Harvest,Maize,OD24,2020-21,1738.74,1738.74,0.0
Farm Harvest,Maize,OD24,2021-22,1904.006666666667,1904.0,0.006666666666887977
Farm Harvest,Maize,OD24,2022-23,2084.976666666667,2084.98,0.003333333333102928
Farm Harvest,Maize,OD24,2023-24,2283.15,2283.15,0.0
Farm Harvest,Maize,OD24,2024-25,2500.16,2500.16,0.0
Farm Harvest,Maize,OD25,2013-14,1120.0,1120.0,0.0
Farm Harvest,Maize,OD25,2014-15,1175.0,1175.0,0.0
Farm Harvest,Maize,OD25,2015-16,1161.0,1161.0,0.0
Farm Harvest,Maize,OD25,2016-17,1230.5866666666668,1230.59,0.003333333333102928
Farm Harvest,Maize,OD25,2017-18,1089.0,1089.0,0.0
Farm Harvest,Maize,OD25,2018-19,1500.0,1500.0,0.0
Farm Harvest,Maize,OD25,2019-20,1642.5733333333335,1642.57,0.0033333333335576754
Farm Harvest,Maize,OD25,2020-21,1798.6966666666667,1798.7,0.0033333333333303017
Farm Harvest,Maize,OD25,2021-22,1969.6599999999999,1969.66,2.2737367544323206e-13
Farm Harvest,Maize,OD25,2022-23,2156.8700000000003,2156.87,4.547473508864641e-13
Farm Harvest,Maize,OD25,2023-24,2361.876666666667,2361.88,0.003333333333102928
Farm Harvest,Maize,OD25,2024-25,2586.3766666666666,2586.37,0.006666666666660603
Farm Harvest,Maize,OD27,2013-14,1111.0,1111.0,0.0
Farm Harvest,Maize,OD27,2014-15,1133.9966666666667,1134.0,0.0033333333333303017
Farm Harvest,Maize,OD27,2015-16,1149.0,1149.0,0.0
Farm Harvest,Maize,OD27,2016-17,1242.0,1242.0,0.0
Farm Harvest,Maize,OD27,2017-18,1341.0033333333333,1341.0,0.0033333333333303017
Farm Harvest,Maize,OD27,2018-19,1582.9966666666667,1583.0,0.0033333333333303017
Farm Harvest,Maize,OD27,2019-20,1733.4633333333334,1733.46,0.0033333333333303017
Farm Harvest,Maize,OD27,2020-21,1898.2266666666667,1898.22,0.006666666666660603
Farm Harvest,Maize,OD27,2021-22,2078.646666666667,2078.65,0.003333333333102928
Farm Harvest,Maize,OD27,2022-23,2276.2233333333334,2276.22,0.0033333333335576754
Farm Harvest,Maize,OD27,2023-24,2492.57,2492.57,0.0
Farm Harvest,Maize,OD27,2024-25,2729.486666666666,2729.49,0.0033333333335576754
Farm Harvest,Maize,OD28,2013-14,1100.0,1100.0,0.0
Farm Harvest,Maize,OD28,2014-15,1200.0,1200.0,0.0
Farm Harvest,Maize,OD28,2015-16,2160.0,2160.0,0.0
Farm Harvest,Maize,OD28,2016-17,1675.0033333333333,1675.0,0.0033333333333303017
Farm Harvest,Maize,OD28,2017-18,2633.0,2633.0,0.0
Farm Harvest,Maize,OD28,2018-19,2418.0,2418.0,0.0
Farm Harvest,Maize,OD28,2019-20,2647.83,2647.83,0.0
Farm Harvest,Maize,OD28,2020-21,2899.5,2899.5,0.0
Farm Harvest,Maize,OD28,2021-22,3175.0933333333337,3175.09,0.0033333333335576754
Farm Harvest,Maize,OD28,2022-23,3476.8799999999997,3476.88,4.547473508864641e-13
Farm Harvest,Maize,OD28,2023-24,3807.35,3807.35,0.0
Farm Harvest,Maize,OD28,2024-25,4169.236666666667,4169.23,0.006666666667115351
Farm Harvest,Maize,OD29,2013-14,1200.0,1200.0,0.0
Farm Harvest,Maize,OD29,2014-15,1275.0,1275.0,0.0
Farm Harvest,Maize,OD29,2015-16,1407.176666666667,1407.18,0.003333333333102928
Farm Harvest,Maize,OD29,2016-17,1400.0,1400.0,0.0
Farm Harvest,Maize,OD29,2017-18,1338.0,1338.0,0.0
Farm Harvest,Maize,OD29,2018-19,2375.0,2375.0,0.0
Farm Harvest,Maize,OD29,2019-20,2600.74,2600.74,0.0
Farm Harvest,Maize,OD29,2020-21,2847.9366666666665,2847.94,0.0033333333335576754
Farm Harvest,Maize,OD29,2021-22,3118.6266666666666,3118.63,0.0033333333335576754
Farm Harvest,Maize,OD29,2022-23,3415.0499999999997,3415.05,4.547473508864641e-13
Farm Harvest,Maize,OD29,2023-24,3739.6433333333334,3739.64,0.0033333333335576754
Farm Harvest,Maize,OD29,2024-25,4095.09,4095.09,0.0
Farm Harvest,Maize,OD30,2013-14,1303.9666666666665,1303.97,0.0033333333335576754
Farm Harvest,Maize,OD30,2014-15,1426.4166666666667,1426.42,0.0033333333333303017
Farm Harvest,Maize,OD30,2015-16,1575.4633333333331,1575.47,0.006666666666887977
Farm Harvest,Maize,OD30,2016-17,1400.0,1400.0,0.0
Farm Harvest,Maize,OD30,2017-18,2500.0,2500.0,0.0
Farm Harvest,Maize,OD30,2018-19,1919.0,1919.0,0.0
Farm Harvest,Maize,OD30,2019-20,2101.4,2101.4,0.0
Farm Harvest,Maize,OD30,2020-21,2301.1299999999997,2301.13,4.547473508864641e-13
Farm Harvest,Maize,OD30,2021-22,2519.8533333333335,2519.85,0.0033333333335576754
Farm Harvest,Maize,OD30,2022-23,2759.36,2759.36,0.0
Farm Harvest,Maize,OD30,2023-24,3021.6299999999997,3021.63,4.547473508864641e-13
Farm Harvest,Maize,OD30,2024-25,3308.8333333333335,3308.83,0.0033333333335576754
Farm Harvest,Mung,OD01,2013-14,5003.0,5003.0,0.0
Farm Harvest,Mung,OD01,2014-15,5360.0,5360.0,0.0
Farm Harvest,Mung,OD01,2015-16,6137.0,6137.0,0.0
Farm Harvest,Mung,OD01,2016-17,6347.003333333334,6347.0,0.0033333333340124227
Farm Harvest,Mung,OD01,2017-18,5669.0,5669.0,0.0
Farm Harvest,Mung,OD01,2018-19,6836.0,6836.0,0.0
Farm Harvest,Mung,OD01,2019-20,7100.563333333333,7100.57,0.006666666667115351
Farm Harvest,Mung,OD01,2020-21,7375.37,7375.37,0.0
Farm Harvest,Mung,OD01,2021-22,7660.81,7660.81,0.0
Farm Harvest,Mung,OD01,2022-23,7957.296666666666,7957.3,0.0033333333340124227
Farm Harvest,Mung,OD01,2023-24,8265.256666666666,8265.26,0.0033333333340124227
Farm Harvest,Mung,OD01,2024-25,8585.136666666667,8585.14,0.0033333333321934333
Farm Harvest,Mung,OD02,2013-14,4607.003333333333,4607.0,0.003333333333102928
Farm Harvest,Mung,OD02,2014-15,5096.003333333333,5096.0,0.003333333333102928
Farm Harvest,Mung,OD02,2015-16,6150.0,6150.0,0.0
Farm Harvest,Mung,OD02,2016-17,6215.003333333334,6215.0,0.0033333333340124227
Farm Harvest,Mung,OD02,2017-18,6331.0,6331.0,0.0
Farm Harvest,Mung,OD02,2018-19,6500.0,6500.0,0.0
Farm Harvest,Mung,OD02,2019-20,6751.56,6751.56,0.0
Farm Harvest,Mung,OD02,2020-21,7012.856666666667,7012.86,0.003333333333102928
Farm Harvest,Mung,OD02,2021-22,7284.2699999999995,7284.27,9.094947017729282e-13
Farm Harvest,Mung,OD02,2022-23,7566.183333333333,7566.18,0.003333333333102928
Farm Harvest,Mung,OD02,2023-24,7859.006666666667,7859.01,0.003333333333102928
Farm Harvest,Mung,OD02,2024-25,8163.163333333333,8163.16,0.003333333333102928
Farm Harvest,Mung,OD03,2013-14,4617.0,4617.0,0.0
Farm Harvest,Mung,OD03,2014-15,4977.0,4977.0,0.0
Farm Harvest,Mung,OD03,2015-16,5814.0,5814.0,0.0
Farm Harvest,Mung,OD03,2016-17,6363.0,6363.0,0.0
Farm Harvest,Mung,OD03,2017-18,6783.0,6783.0,0.0
Farm Harvest,Mung,OD03,2018-19,5854.0,5854.0,0.0
Farm Harvest,Mung,OD03,2019-20,6080.56,6080.56,0.0
Farm Harvest,Mung,OD03,2020-21,6315.889999999999,6315.89,9.094947017729282e-13
Farm Harvest,Mung,OD03,2021-22,6560.326666666667,6560.32,0.006666666667115351
Farm Harvest,Mung,OD03,2022-23,6814.22,6814.22,0.0
Farm Harvest,Mung,OD03,2023-24,7077.943333333334,7077.94,0.0033333333340124227
Farm Harvest,Mung,OD03,2024-25,7351.87,7351.87,0.0
Farm Harvest,Mung,OD04,2013-14,4563.0,4563.0,0.0
Farm Harvest,Mung,OD04,2014-15,5001.0,5001.0,0.0
Farm Harvest,Mung,OD04,2015-16,5999.996666666666,6000.0,0.0033333333340124227
Farm Harvest,Mung,OD04,2016-17,6334.0,6334.0,0.0
Farm Harvest,Mung,OD04,2017-18,5893.996666666667,5894.0,0.003333333333102928
Farm Harvest,Mung,OD04,2018-19,6171.0,6171.0,0.0
Farm Harvest,Mung,OD04,2019-20,6409.826666666667,6409.83,0.003333333333102928
Farm Harvest,Mung,OD04,2020-21,6657.896666666667,6657.9,0.0033333333321934333
Farm Harvest,Mung,OD04,2021-22,6915.573333333334,6915.57,0.0033333333340124227
Farm Harvest,Mung,OD04,2022-23,7183.22,7183.22,0.0
Farm Harvest,Mung,OD04,2023-24,7461.22,7461.22,0.0
Farm Harvest,Mung,OD04,2024-25,7749.98,7749.98,0.0
Farm Harvest,Mung,OD05,2013-14,4700.003333333333,4700.0,0.003333333333102928
Farm Harvest,Mung,OD05,2014-15,4899.996666666667,4900.0,0.003333333333102928
Farm Harvest,Mung,OD05,2015-16,5850.0,5850.0,0.0
Farm Harvest,Mung,OD05,2016-17,6299.996666666667,6300.0,0.003333333333102928
Farm Harvest,Mung,OD05,2017-18,5600.0,5600.0,0.0
Farm Harvest,Mung,OD05,2018-19,5901.0,5901.0,0.0
Farm Harvest,Mung,OD05,2019-20,6129.38,6129.38,0.0
Farm Harvest,Mung,OD05,2020-21,6366.596666666667,6366.6,0.003333333333102928
Farm Harvest,Mung,OD05,2021-22,6612.996666666667,6612.99,0.006666666667115351
Farm Harvest,Mung,OD05,2022-23,6868.93,6868.93,0.0
Farm Harvest,Mung,OD05,2023-24,7134.7699999999995,7134.77,9.094947017729282e-13
Farm Harvest,Mung,OD05,2024-25,7410.893333333333,7410.9,0.006666666666205856
Farm Harvest,Mung,OD06,2013-14,5083.0,5083.0,0.0
Farm Harvest,Mung,OD06,2014-15,5471.0,5471.0,0.0
Farm Harvest,Mung,OD06,2015-16,6300.0,6300.0,0.0
Farm Harvest,Mung,OD06,2016-17,6375.0,6375.0,0.0
Farm Harvest,Mung,OD06,2017-18,5285.996666666667,5286.0,0.003333333333102928
Farm Harvest,Mung,OD06,2018-19,5861.0,5861.0,0.0
Farm Harvest,Mung,OD06,2019-20,6087.829999999999,6087.83,9.094947017729282e-13
Farm Harvest,Mung,OD06,2020-21,6323.44,6323.44,0.0
Farm Harvest,Mung,OD06,2021-22,6568.169999999999,6568.17,9.094947017729282e-13
Farm Harvest,Mung,OD06,2022-23,6822.366666666666,6822.37,0.0033333333340124227
Farm Harvest,Mung,OD06,2023-24,7086.41,7086.41,0.0
Farm Harvest,Mung,OD06,2024-25,7360.663333333334,7360.66,0.0033333333340124227
Farm Harvest,Mung,OD07,2013-14,4749.996666666667,4750.0,0.003333333333102928
Farm Harvest,Mung,OD07,2014-15,5313.0,5313.0,0.0
Farm Harvest,Mung,OD07,2015-16,6150.0,6150.0,0.0
Farm Harvest,Mung,OD07,2016-17,6067.0,6067.0,0.0
Farm Harvest,Mung,OD07,2017-18,6072.0,6072.0,0.0
Farm Harvest,Mung,OD07,2018-19,5586.0,5586.0,0.0
Farm Harvest,Mung,OD07,2019-20,5802.186666666666,5802.19,0.0033333333340124227
Farm Harvest,Mung,OD07,2020-21,6026.743333333333,6026.74,0.003333333333102928
Farm Harvest,Mung,OD07,2021-22,6259.990000000001,6259.99,9.094947017729282e-13
Farm Harvest,Mung,OD07,2022-23,6502.256666666667,6502.26,0.003333333333102928
Farm Harvest,Mung,OD07,2023-24,6753.91,6753.91,0.0
Farm Harvest,Mung,OD07,2024-25,7015.296666666666,7015.3,0.0033333333340124227
Farm Harvest,Mung,OD08,2013-14,4801.0,4801.0,0.0
Farm Harvest,Mung,OD08,2014-15,5192.0,5192.0,0.0
Farm Harvest,Mung,OD08,2015-16,6200.0,6200.0,0.0
Farm Harvest,Mung,OD08,2016-17,6573.0,6573.0,0.0
Farm Harvest,Mung,OD08,2017-18,6800.0,6800.0,0.0
Farm Harvest,Mung,OD08,2018-19,5762.0,5762.0,0.0
Farm Harvest,Mung,OD08,2019-20,5985.0,5985.0,0.0
Farm Harvest,Mung,OD08,2020-21,6216.63,6216.63,0.0
Farm Harvest,Mung,OD08,2021-22,6457.223333333332,6457.22,0.0033333333321934333
Farm Harvest,Mung,OD08,2022-23,6707.126666666667,6707.13,0.003333333333102928
Farm Harvest,Mung,OD08,2023-24,6966.706666666668,6966.71,0.0033333333321934333
Farm Harvest,Mung,OD08,2024-25,7236.329999999999,7236.33,9.094947017729282e-13
Farm Harvest,Mung,OD09,2013-14,4779.0,4779.0,0.0
Farm Harvest,Mung,OD09,2014-15,5159.0,5159.0,0.0
Farm Harvest,Mung,OD09,2015-16,6000.0,6000.0,0.0
Farm Harvest,Mung,OD09,2016-17,6036.0,6036.0,0.0
Farm Harvest,Mung,OD09,2017-18,5313.0,5313.0,0.0
Farm Harvest,Mung,OD09,2018-19,5475.0,5475.0,0.0
Farm Harvest,Mung,OD09,2019-20,5686.889999999999,5686.89,9.094947017729282e-13
Farm Harvest,Mung,OD09,2020-21,5906.986666666667,5906.98,0.006666666667115351
Farm Harvest,Mung,OD09,2021-22,6135.593333333333,6135.6,0.006666666667115351
Farm Harvest,Mung,OD09,2022-23,6373.053333333333,6373.05,0.003333333333102928
Farm Harvest,Mung,OD09,2023-24,6619.7,6619.7,0.0
Farm Harvest,Mung,OD09,2024-25,6875.893333333333,6875.9,0.006666666666205856
Farm Harvest,Mung,OD10,2013-14,4700.0,4700.0,0.0
Farm Harvest,Mung,OD10,2014-15,5000.0,5000.0,0.0
Farm Harvest,Mung,OD10,2015-16,5867.0,5867.0,0.0
Farm Harvest,Mung,OD10,2016-17,5967.0,5967.0,0.0
Farm Harvest,Mung,OD10,2017-18,5465.996666666666,5466.0,0.0033333333340124227
Farm Harvest,Mung,OD10,2018-19,5956.996666666667,5957.0,0.003333333333102928
Farm Harvest,Mung,OD10,2019-20,6187.546666666666,6187.55,0.0033333333340124227
Farm Harvest,Mung,OD10,2020-21,6427.016666666666,6427.02,0.0033333333340124227
Farm Harvest,Mung,OD10,2021-22,6675.753333333334,6675.75,0.0033333333340124227
Farm Harvest,Mung,OD10,2022-23,6934.113333333334,6934.11,0.0033333333340124227
Farm Harvest,Mung,OD10,2023-24,7202.4766666666665,7202.48,0.003333333333102928
Farm Harvest,Mung,OD10,2024-25,7481.223333333332,7481.23,0.006666666667115351
Farm Harvest,Mung,OD11,2013-14,4468.0,4468.0,0.0
Farm Harvest,Mung,OD11,2014-15,4860.0,4860.0,0.0
Farm Harvest,Mung,OD11,2015-16,5750.0,5750.0,0.0
Farm Harvest,Mung,OD11,2016-17,5849.996666666667,5850.0,0.003333333333102928
Farm Harvest,Mung,OD11,2017-18,6078.0,6078.0,0.0
Farm Harvest,Mung,OD11,2018-19,6050.003333333334,6050.0,0.0033333333340124227
Farm Harvest,Mung,OD11,2019-20,6284.146666666667,6284.15,0.0033333333321934333
Farm Harvest,Mung,OD11,2020-21,6527.353333333333,6527.35,0.0033333333321934333
Farm Harvest,Mung,OD11,2021-22,6779.973333333332,6779.97,0.0033333333321934333
Farm Harvest,Mung,OD11,2022-23,7042.366666666666,7042.37,0.0033333333340124227
Farm Harvest,Mung,OD11,2023-24,7314.923333333333,7314.92,0.003333333333102928
Farm Harvest,Mung,OD11,2024-25,7598.0233333333335,7598.02,0.003333333333102928
Farm Harvest,Mung,OD12,2013-14,4638.0,4638.0,0.0
Farm Harvest,Mung,OD12,2014-15,5303.0,5303.0,0.0
Farm Harvest,Mung,OD12,2015-16,6125.0,6125.0,0.0
Farm Harvest,Mung,OD12,2016-17,5992.0,5992.0,0.0
Farm Harvest,Mung,OD12,2017-18,6220.0,6220.0,0.0
Farm Harvest,Mung,OD12,2018-19,5251.0,5251.0,0.0
Farm Harvest,Mung,OD12,2019-20,5454.2266666666665,5454.22,0.006666666666205856
Farm Harvest,Mung,OD12,2020-21,5665.31,5665.31,0.0
Farm Harvest,Mung,OD12,2021-22,5884.57,5884.57,0.0
Farm Harvest,Mung,OD12,2022-23,6112.313333333334,6112.31,0.0033333333340124227
Farm Harvest,Mung,OD12,2023-24,6348.87,6348.87,0.0
Farm Harvest,Mung,OD12,2024-25,6594.579999999999,6594.58,9.094947017729282e-13
Farm Harvest,Mung,OD13,2013-14,4717.0,4717.0,0.0
Farm Harvest,Mung,OD13,2014-15,5380.0,5380.0,0.0
Farm Harvest,Mung,OD13,2015-16,6185.0,6185.0,0.0
Farm Harvest,Mung,OD13,2016-17,6035.0,6035.0,0.0
Farm Harvest,Mung,OD13,2017-18,6063.0,6063.0,0.0
Farm Harvest,Mung,OD13,2018-19,5675.0,5675.0,0.0
Farm Harvest,Mung,OD13,2019-20,5894.633333333334,5894.63,0.0033333333340124227
Farm Harvest,Mung,OD13,2020-21,6122.763333333333,6122.76,0.003333333333102928
Farm Harvest,Mung,OD13,2021-22,6359.7266666666665,6359.73,0.003333333333102928
Farm Harvest,Mung,OD13,2022-23,6605.860000000001,6605.86,9.094947017729282e-13
Farm Harvest,Mung,OD13,2023-24,6861.516666666666,6861.52,0.0033333333340124227
Farm Harvest,Mung,OD13,2024-25,7127.07,7127.07,0.0
Farm Harvest,Mung,OD14,2013-14,5057.633333333333,5057.63,0.003333333333102928
Farm Harvest,Mung,OD14,2014-15,5618.62,5618.62,0.0
Farm Harvest,Mung,OD14,2015-16,6387.636666666666,6387.64,0.0033333333340124227
Farm Harvest,Mung,OD14,2016-17,6527.766666666666,6527.77,0.0033333333340124227
Farm Harvest,Mung,OD14,2017-18,6804.003333333333,6804.0,0.003333333333102928
Farm Harvest,Mung,OD14,2018-19,5689.0,5689.0,0.0
Farm Harvest,Mung,OD14,2019-20,5909.173333333333,5909.17,0.003333333333102928
Farm Harvest,Mung,OD14,2020-21,6137.87,6137.87,0.0
Farm Harvest,Mung,OD14,2021-22,6375.416666666667,6375.42,0.003333333333102928
Farm Harvest,Mung,OD14,2022-23,6622.153333333333,6622.16,0.006666666667115351
Farm Harvest,Mung,OD14,2023-24,6878.443333333334,6878.44,0.0033333333340124227
Farm Harvest,Mung,OD14,2024-25,7144.653333333333,7144.65,0.003333333333102928
Farm Harvest,Mung,OD15,2013-14,4729.0,4729.0,0.0
Farm Harvest,Mung,OD15,2014-15,5327.0,5327.0,0.0
Farm Harvest,Mung,OD15,2015-16,6182.996666666667,6183.0,0.003333333333102928
Farm Harvest,Mung,OD15,2016-17,6283.0,6283.0,0.0
Farm Harvest,Mung,OD15,2017-18,6556.0,6556.0,0.0
Farm Harvest,Mung,OD15,2018-19,5790.003333333334,5790.0,0.0033333333340124227
Farm Harvest,Mung,OD15,2019-20,6014.083333333333,6014.08,0.003333333333102928
Farm Harvest,Mung,OD15,2020-21,6246.836666666667,6246.84,0.003333333333102928
Farm Harvest,Mung,OD15,2021-22,6488.6033333333335,6488.6,0.003333333333102928
Farm Harvest,Mung,OD15,2022-23,6739.723333333332,6739.72,0.0033333333321934333
Farm Harvest,Mung,OD15,2023-24,7000.56,7000.56,0.0
Farm Harvest,Mung,OD15,2024-25,7271.496666666667,7271.49,0.006666666667115351
Farm Harvest,Mung,OD16,2013-14,5100.0,5100.0,0.0
Farm Harvest,Mung,OD16,2014-15,5532.003333333334,5532.0,0.0033333333340124227
Farm Harvest,Mung,OD16,2015-16,6100.0,6100.0,0.0
Farm Harvest,Mung,OD16,2016-17,6539.0,6539.0,0.0
Farm Harvest,Mung,OD16,2017-18,6820.996666666666,6821.0,0.0033333333340124227
Farm Harvest,Mung,OD16,2018-19,5200.0,5200.0,0.0
Farm Harvest,Mung,OD16,2019-20,5401.25,5401.25,0.0
Farm Harvest,Mung,OD16,2020-21,5610.286666666667,5610.29,0.003333333333102928
Farm Harvest,Mung,OD16,2021-22,5827.416666666667,5827.41,0.006666666667115351
Farm Harvest,Mung,OD16,2022-23,6052.946666666667,6052.95,0.003333333333102928
Farm Harvest,Mung,OD16,2023-24,6287.206666666666,6287.21,0.0033333333340124227
Farm Harvest,Mung,OD16,2024-25,6530.53,6530.53,0.0
Farm Harvest,Mung,OD17,2013-14,4697.0,4697.0,0.0
Farm Harvest,Mung,OD17,2014-15,5336.0,5336.0,0.0
Farm Harvest,Mung,OD17,2015-16,6125.0,6125.0,0.0
Farm Harvest,Mung,OD17,2016-17,6300.0,6300.0,0.0
Farm Harvest,Mung,OD17,2017-18,6500.0,6500.0,0.0
Farm Harvest,Mung,OD17,2018-19,5450.0,5450.0,0.0
Farm Harvest,Mung,OD17,2019-20,5660.923333333333,5660.92,0.003333333333102928
Farm Harvest,Mung,OD17,2020-21,5880.009999999999,5880.01,9.094947017729282e-13
Farm Harvest,Mung,OD17,2021-22,6107.576666666667,6107.58,0.003333333333102928
Farm Harvest,Mung,OD17,2022-23,6343.953333333334,6343.95,0.0033333333340124227
Farm Harvest,Mung,OD17,2023-24,6589.4766666666665,6589.47,0.006666666666205856
Farm Harvest,Mung,OD17,2024-25,6844.496666666666,6844.5,0.0033333333340124227
Farm Harvest,Mung,OD18,2013-14,5350.0,5350.0,0.0
Farm Harvest,Mung,OD18,2014-15,5732.996666666667,5733.0,0.003333333333102928
Farm Harvest,Mung,OD18,2015-16,6233.0,6233.0,0.0
Farm Harvest,Mung,OD18,2016-17,6100.0,6100.0,0.0
Farm Harvest,Mung,OD18,2017-18,6539.0,6539.0,0.0
Farm Harvest,Mung,OD18,2018-19,5518.0,5518.0,0.0
Farm Harvest,Mung,OD18,2019-20,5731.556666666666,5731.56,0.0033333333340124227
Farm Harvest,Mung,OD18,2020-21,5953.376666666666,5953.38,0.0033333333340124227
Farm Harvest,Mung,OD18,2021-22,6183.783333333333,6183.78,0.003333333333102928
Farm Harvest,Mung,OD18,2022-23,6423.106666666667,6423.11,0.003333333333102928
Farm Harvest,Mung,OD18,2023-24,6671.693333333334,6671.69,0.0033333333340124227
Farm Harvest,Mung,OD18,2024-25,6929.8966666666665,6929.9,0.003333333333102928
Farm Harvest,Mung,OD19,2013-14,4673.003333333333,4673.0,0.003333333333102928
Farm Harvest,Mung,OD19,2014-15,5401.0,5401.0,0.0
Farm Harvest,Mung,OD19,2015-16,6150.0,6150.0,0.0
Farm Harvest,Mung,OD19,2016-17,6099.996666666666,6100.0,0.0033333333340124227
Farm Harvest,Mung,OD19,2017-18,5450.0,5450.0,0.0
Farm Harvest,Mung,OD19,2018-19,5358.0,5358.0,0.0
Farm Harvest,Mung,OD19,2019-20,5565.363333333334,5565.36,0.0033333333340124227
Farm Harvest,Mung,OD19,2020-21,5780.756666666667,5780.75,0.006666666667115351
Farm Harvest,Mung,OD19,2021-22,6004.4766666666665,6004.48,0.003333333333102928
Farm Harvest,Mung,OD19,2022-23,6236.863333333334,6236.86,0.0033333333340124227
Farm Harvest,Mung,OD19,2023-24,6478.240000000001,6478.24,9.094947017729282e-13
Farm Harvest,Mung,OD19,2024-25,6728.956666666666,6728.96,0.0033333333340124227
Farm Harvest,Mung,OD20,2013-14,5000.0,5000.0,0.0
Farm Harvest,Mung,OD20,2014-15,5538.0,5538.0,0.0
Farm Harvest,Mung,OD20,2015-16,6175.0,6175.0,0.0
Farm Harvest,Mung,OD20,2016-17,6346.733333333334,6346.74,0.006666666666205856
Farm Harvest,Mung,OD20,2017-18,6000.0,6000.0,0.0
Farm Harvest,Mung,OD20,2018-19,5975.003333333334,5975.0,0.0033333333340124227
Farm Harvest,Mung,OD20,2019-20,6206.243333333333,6206.24,0.003333333333102928
Farm Harvest,Mung,OD20,2020-21,6446.433333333333,6446.44,0.006666666666205856
Farm Harvest,Mung,OD20,2021-22,6695.923333333333,6695.92,0.003333333333102928
Farm Harvest,Mung,OD20,2022-23,6955.07,6955.07,0.0
Farm Harvest,Mung,OD20,2023-24,7224.240000000001,7224.24,9.094947017729282e-13
Farm Harvest,Mung,OD20,2024-25,7503.830000000001,7503.83,9.094947017729282e-13
Farm Harvest,Mung,OD21,2013-14,5005.423333333333,5005.42,0.003333333333102928
Farm Harvest,Mung,OD21,2014-15,5700.0,5700.0,0.0
Farm Harvest,Mung,OD21,2015-16,6200.0,6200.0,0.0
Farm Harvest,Mung,OD21,2016-17,6500.0,6500.0,0.0
Farm Harvest,Mung,OD21,2017-18,6146.0,6146.0,0.0
Farm Harvest,Mung,OD21,2018-19,6123.003333333334,6123.0,0.0033333333340124227
Farm Harvest,Mung,OD21,2019-20,6359.97,6359.97,0.0
Farm Harvest,Mung,OD21,2020-21,6606.113333333334,6606.11,0.0033333333340124227
Farm Harvest,Mung,OD21,2021-22,6861.78,6861.78,0.0
Farm Harvest,Mung,OD21,2022-23,7127.343333333333,7127.34,0.003333333333102928
Farm Harvest,Mung,OD21,2023-24,7403.183333333333,7403.18,0.003333333333102928
Farm Harvest,Mung,OD21,2024-25,7689.7,7689.7,0.0
Farm Harvest,Mung,OD22,2013-14,5214.003333333333,5214.0,0.003333333333102928
Farm Harvest,Mung,OD22,2014-15,5813.0,5813.0,0.0
Farm Harvest,Mung,OD22,2015-16,6219.996666666666,6220.0,0.0033333333340124227
Farm Harvest,Mung,OD22,2016-17,6499.0,6499.0,0.0
Farm Harvest,Mung,OD22,2017-18,5075.0,5075.0,0.0
Farm Harvest,Mung,OD22,2018-19,5621.0,5621.0,0.0
Farm Harvest,Mung,OD22,2019-20,5838.54,5838.54,0.0
Farm Harvest,Mung,OD22,2020-21,6064.5,6064.5,0.0
Farm Harvest,Mung,OD22,2021-22,6299.213333333333,6299.21,0.003333333333102928
Farm Harvest,Mung,OD22,2022-23,6543.003333333334,6543.0,0.0033333333340124227
Farm Harvest,Mung,OD22,2023-24,6796.2266666666665,6796.23,0.003333333333102928
Farm Harvest,Mung,OD22,2024-25,7059.253333333334,7059.25,0.0033333333340124227
Farm Harvest,Mung,OD23,2013-14,5130.759999999999,5130.76,9.094947017729282e-13
Farm Harvest,Mung,OD23,2014-15,5699.856666666667,5699.86,0.003333333333102928
Farm Harvest,Mung,OD23,2015-16,6300.003333333334,6300.0,0.0033333333340124227
Farm Harvest,Mung,OD23,2016-17,6517.0,6517.0,0.0
Farm Harvest,Mung,OD23,2017-18,7538.0,7538.0,0.0
Farm Harvest,Mung,OD23,2018-19,5431.0,5431.0,0.0
Farm Harvest,Mung,OD23,2019-20,5641.19,5641.19,0.0
Farm Harvest,Mung,OD23,2020-21,5859.513333333333,5859.51,0.003333333333102928
Farm Harvest,Mung,OD23,2021-22,6086.286666666667,6086.29,0.003333333333102928
Farm Harvest,Mung,OD23,2022-23,6321.836666666667,6321.84,0.003333333333102928
Farm Harvest,Mung,OD23,2023-24,6566.5,6566.5,0.0
Farm Harvest,Mung,OD23,2024-25,6820.636666666666,6820.64,0.0033333333340124227
Farm Harvest,Mung,OD24,2013-14,4573.0,4573.0,0.0
Farm Harvest,Mung,OD24,2014-15,5300.0,5300.0,0.0
Farm Harvest,Mung,OD24,2015-16,6130.996666666666,6131.0,0.0033333333340124227
Farm Harvest,Mung,OD24,2016-17,6255.0,6255.0,0.0
Farm Harvest,Mung,OD24,2017-18,6078.0,6078.0,0.0
Farm Harvest,Mung,OD24,2018-19,6275.0,6275.0,0.0
Farm Harvest,Mung,OD24,2019-20,6517.8533333333335,6517.85,0.003333333333102928
Farm Harvest,Mung,OD24,2020-21,6770.103333333333,6770.11,0.006666666667115351
Farm Harvest,Mung,OD24,2021-22,7032.12,7032.12,0.0
Farm Harvest,Mung,OD24,2022-23,7304.276666666666,7304.28,0.0033333333340124227
Farm Harvest,Mung,OD24,2023-24,7586.963333333333,7586.96,0.003333333333102928
Farm Harvest,Mung,OD24,2024-25,7880.59,7880.59,0.0
Farm Harvest,Mung,OD25,2013-14,4813.996666666667,4814.0,0.003333333333102928
Farm Harvest,Mung,OD25,2014-15,5577.0,5577.0,0.0
Farm Harvest,Mung,OD25,2015-16,6200.0,6200.0,0.0
Farm Harvest,Mung,OD25,2016-17,6300.0,6300.0,0.0
Farm Harvest,Mung,OD25,2017-18,5860.003333333334,5860.0,0.0033333333340124227
Farm Harvest,Mung,OD25,2018-19,5500.003333333334,5500.0,0.0033333333340124227
Farm Harvest,Mung,OD25,2019-20,5712.860000000001,5712.86,9.094947017729282e-13
Farm Harvest,Mung,OD25,2020-21,5933.956666666666,5933.96,0.0033333333340124227
Farm Harvest,Mung,OD25,2021-22,6163.610000000001,6163.61,9.094947017729282e-13
Farm Harvest,Mung,OD25,2022-23,6402.150000000001,6402.15,9.094947017729282e-13
Farm Harvest,Mung,OD25,2023-24,6649.93,6649.93,0.0
Farm Harvest,Mung,OD25,2024-25,6907.293333333334,6907.29,0.0033333333340124227
Farm Harvest,Mung,OD26,2013-14,4520.0,4520.0,0.0
Farm Harvest,Mung,OD26,2014-15,5300.003333333333,5300.0,0.003333333333102928
Farm Harvest,Mung,OD26,2015-16,6000.003333333333,6000.0,0.003333333333102928
Farm Harvest,Mung,OD26,2016-17,5950.003333333334,5950.0,0.0033333333340124227
Farm Harvest,Mung,OD26,2017-18,6250.0,6250.0,0.0
Farm Harvest,Mung,OD26,2018-19,5925.0,5925.0,0.0
Farm Harvest,Mung,OD26,2019-20,6154.306666666666,6154.31,0.0033333333340124227
Farm Harvest,Mung,OD26,2020-21,6392.490000000001,6392.49,9.094947017729282e-13
Farm Harvest,Mung,OD26,2021-22,6639.893333333333,6639.89,0.003333333333102928
Farm Harvest,Mung,OD26,2022-23,6896.87,6896.87,0.0
Farm Harvest,Mung,OD26,2023-24,7163.786666666667,7163.79,0.003333333333102928
Farm Harvest,Mung,OD26,2024-25,7441.036666666667,7441.04,0.003333333333102928
Farm Harvest,Mung,OD27,2013-14,5255.0,5255.0,0.0
Farm Harvest,Mung,OD27,2014-15,5750.003333333334,5750.0,0.0033333333340124227
Farm Harvest,Mung,OD27,2015-16,6200.003333333334,6200.0,0.0033333333340124227
Farm Harvest,Mung,OD27,2016-17,6508.0,6508.0,0.0
Farm Harvest,Mung,OD27,2017-18,5900.0,5900.0,0.0
Farm Harvest,Mung,OD27,2018-19,6307.0,6307.0,0.0
Farm Harvest,Mung,OD27,2019-20,6551.093333333333,6551.09,0.003333333333102928
Farm Harvest,Mung,OD27,2020-21,6804.63,6804.63,0.0
Farm Harvest,Mung,OD27,2021-22,7067.98,7067.98,0.0
Farm Harvest,Mung,OD27,2022-23,7341.5233333333335,7341.52,0.003333333333102928
Farm Harvest,Mung,OD27,2023-24,7625.656666666667,7625.65,0.006666666667115351
Farm Harvest,Mung,OD27,2024-25,7920.78,7920.78,0.0
Farm Harvest,Mung,OD28,2013-14,5000.0,5000.0,0.0
Farm Harvest,Mung,OD28,2014-15,5563.003333333334,5563.0,0.0033333333340124227
Farm Harvest,Mung,OD28,2015-16,6150.0,6150.0,0.0
Farm Harvest,Mung,OD28,2016-17,6271.0,6271.0,0.0
Farm Harvest,Mung,OD28,2017-18,5308.003333333333,5308.0,0.003333333333102928
Farm Harvest,Mung,OD28,2018-19,5743.0,5743.0,0.0
Farm Harvest,Mung,OD28,2019-20,5965.263333333333,5965.26,0.003333333333102928
Farm Harvest,Mung,OD28,2020-21,6196.133333333334,6196.13,0.0033333333340124227
Farm Harvest,Mung,OD28,2021-22,6435.93,6435.93,0.0
Farm Harvest,Mung,OD28,2022-23,6685.009999999999,6685.01,9.094947017729282e-13
Farm Harvest,Mung,OD28,2023-24,6943.736666666667,6943.73,0.006666666667115351
Farm Harvest,Mung,OD28,2024-25,7212.466666666667,7212.47,0.003333333333102928
Farm Harvest,Mung,OD29,2013-14,5084.0,5084.0,0.0
Farm Harvest,Mung,OD29,2014-15,5833.0,5833.0,0.0
Farm Harvest,Mung,OD29,2015-16,6200.0,6200.0,0.0
Farm Harvest,Mung,OD29,2016-17,6243.0,6243.0,0.0
Farm Harvest,Mung,OD29,2017-18,6365.533333333333,6365.53,0.003333333333102928
Farm Harvest,Mung,OD29,2018-19,6319.0,6319.0,0.0
Farm Harvest,Mung,OD29,2019-20,6563.556666666666,6563.56,0.0033333333340124227
Farm Harvest,Mung,OD29,2020-21,6817.576666666667,6817.58,0.003333333333102928
Farm Harvest,Mung,OD29,2021-22,7081.426666666666,7081.43,0.0033333333340124227
Farm Harvest,Mung,OD29,2022-23,7355.493333333333,7355.49,0.003333333333102928
Farm Harvest,Mung,OD29,2023-24,7640.163333333333,7640.16,0.003333333333102928
Farm Harvest,Mung,OD29,2024-25,7935.850000000001,7935.85,9.094947017729282e-13
Farm Harvest,Mung,OD30,2013-14,5300.0,5300.0,0.0
Farm Harvest,Mung,OD30,2014-15,5900.0,5900.0,0.0
Farm Harvest,Mung,OD30,2015-16,6250.0,6250.0,0.0
Farm Harvest,Mung,OD30,2016-17,6167.0,6167.0,0.0
Farm Harvest,Mung,OD30,2017-18,6200.0,6200.0,0.0
Farm Harvest,Mung,OD30,2018-19,6529.0,6529.0,0.0
Farm Harvest,Mung,OD30,2019-20,6781.686666666667,6781.68,0.006666666667115351
Farm Harvest,Mung,OD30,2020-21,7044.1466666666665,7044.15,0.003333333333102928
Farm Harvest,Mung,OD30,2021-22,7316.766666666666,7316.77,0.0033333333340124227
Farm Harvest,Mung,OD30,2022-23,7599.94,7599.94,0.0
Farm Harvest,Mung,OD30,2023-24,7894.073333333334,7894.07,0.0033333333340124227
Farm Harvest,Mung,OD30,2024-25,8199.583333333334,8199.58,0.0033333333340124227
Farm Harvest,Mustard,OD01,2013-14,3804.0033333333336,3804.0,0.0033333333335576754
Farm Harvest,Mustard,OD01,2014-15,3863.0033333333336,3863.0,0.0033333333335576754
Farm Harvest,Mustard,OD01,2015-16,4391.0,4391.0,0.0
Farm Harvest,Mustard,OD01,2016-17,4425.0,4425.0,0.0
Farm Harvest,Mustard,OD01,2017-18,4086.0,4086.0,0.0
Farm Harvest,Mustard,OD01,2018-19,5883.0,5883.0,0.0
Farm Harvest,Mustard,OD01,2019-20,6233.5,6233.5,0.0
Farm Harvest,Mustard,OD01,2020-21,6604.88,6604.88,0.0
Farm Harvest,Mustard,OD01,2021-22,6998.386666666666,6998.39,0.0033333333340124227
Farm Harvest,Mustard,OD01,2022-23,7415.336666666667,7415.34,0.003333333333102928
Farm Harvest,Mustard,OD01,2023-24,7857.13,7857.13,0.0
Farm Harvest,Mustard,OD01,2024-25,8325.243333333334,8325.24,0.0033333333340124227
Farm Harvest,Mustard,OD02,2013-14,3660.0033333333336,3660.0,0.0033333333335576754
Farm Harvest,Mustard,OD02,2014-15,3700.0,3700.0,0.0
Farm Harvest,Mustard,OD02,2015-16,4333.0,4333.0,0.0
Farm Harvest,Mustard,OD02,2016-17,4350.0,4350.0,0.0
Farm Harvest,Mustard,OD02,2017-18,4828.0,4828.0,0.0
Farm Harvest,Mustard,OD02,2018-19,4044.0,4044.0,0.0
Farm Harvest,Mustard,OD02,2019-20,4284.933333333333,4284.93,0.003333333333102928
Farm Harvest,Mustard,OD02,2020-21,4540.223333333333,4540.22,0.003333333333102928
Farm Harvest,Mustard,OD02,2021-22,4810.723333333333,4810.72,0.003333333333102928
Farm Harvest,Mustard,OD02,2022-23,5097.336666666666,5097.33,0.006666666666205856
Farm Harvest,Mustard,OD02,2023-24,5401.0233333333335,5401.02,0.003333333333102928
Farm Harvest,Mustard,OD02,2024-25,5722.806666666666,5722.81,0.0033333333340124227
Farm Harvest,Mustard,OD03,2013-14,3600.0,3600.0,0.0
Farm Harvest,Mustard,OD03,2014-15,3650.0,3650.0,0.0
Farm Harvest,Mustard,OD03,2015-16,4263.0,4263.0,0.0
Farm Harvest,Mustard,OD03,2016-17,4267.0,4267.0,0.0
Farm Harvest,Mustard,OD03,2017-18,4043.9966666666664,4044.0,0.0033333333335576754
Farm Harvest,Mustard,OD03,2018-19,5075.003333333333,5075.0,0.003333333333102928
Farm Harvest,Mustard,OD03,2019-20,5377.356666666667,5377.36,0.003333333333102928
Farm Harvest,Mustard,OD03,2020-21,5697.73,5697.73,0.0
Farm Harvest,Mustard,OD03,2021-22,6037.193333333334,6037.19,0.0033333333340124227
Farm Harvest,Mustard,OD03,2022-23,6396.876666666667,6396.88,0.003333333333102928
Farm Harvest,Mustard,OD03,2023-24,6777.990000000001,6777.99,9.094947017729282e-13
Farm Harvest,Mustard,OD03,2024-25,7181.813333333333,7181.81,0.0033333333321934333
Farm Harvest,Mustard,OD04,2013-14,3743.0,3743.0,0.0
Farm Harvest,Mustard,OD04,2014-15,3774.9966666666664,3775.0,0.0033333333335576754
Farm Harvest,Mustard,OD04,2015-16,4367.0,4367.0,0.0
Farm Harvest,Mustard,OD04,2016-17,4399.996666666667,4400.0,0.003333333333102928
Farm Harvest,Mustard,OD04,2017-18,4657.0,4657.0,0.0
Farm Harvest,Mustard,OD04,2018-19,4500.0,4500.0,0.0
Farm Harvest,Mustard,OD04,2019-20,4768.1033333333335,4768.1,0.003333333333102928
Farm Harvest,Mustard,OD04,2020-21,5052.176666666667,5052.18,0.003333333333102928
Farm Harvest,Mustard,OD04,2021-22,5353.176666666667,5353.18,0.003333333333102928
Farm Harvest,Mustard,OD04,2022-23,5672.106666666667,5672.11,0.003333333333102928
Farm Harvest,Mustard,OD04,2023-24,6010.043333333334,6010.04,0.0033333333340124227
Farm Harvest,Mustard,OD04,2024-25,6368.110000000001,6368.11,9.094947017729282e-13
Farm Harvest,Mustard,OD05,2013-14,3640.0033333333336,3640.0,0.0033333333335576754
Farm Harvest,Mustard,OD05,2014-15,3700.0,3700.0,0.0
Farm Harvest,Mustard,OD05,2015-16,4300.0,4300.0,0.0
Farm Harvest,Mustard,OD05,2016-17,4375.0,4375.0,0.0
Farm Harvest,Mustard,OD05,2017-18,4500.0,4500.0,0.0
Farm Harvest,Mustard,OD05,2018-19,5140.0,5140.0,0.0
Farm Harvest,Mustard,OD05,2019-20,5446.233333333334,5446.23,0.0033333333340124227
Farm Harvest,Mustard,OD05,2020-21,5770.71,5770.71,0.0
Farm Harvest,Mustard,OD05,2021-22,6114.513333333333,6114.52,0.006666666667115351
Farm Harvest,Mustard,OD05,2022-23,6478.806666666666,6478.81,0.0033333333340124227
Farm Harvest,Mustard,OD05,2023-24,6864.803333333333,6864.8,0.003333333333102928
Farm Harvest,Mustard,OD05,2024-25,7273.796666666666,7273.8,0.0033333333340124227
Farm Harvest,Mustard,OD06,2013-14,3676.0,3676.0,0.0
Farm Harvest,Mustard,OD06,2014-15,3720.0,3720.0,0.0
Farm Harvest,Mustard,OD06,2015-16,4300.0,4300.0,0.0
Farm Harvest,Mustard,OD06,2016-17,4350.0,4350.0,0.0
Farm Harvest,Mustard,OD06,2017-18,4821.0,4821.0,0.0
Farm Harvest,Mustard,OD06,2018-19,5207.0,5207.0,0.0
Farm Harvest,Mustard,OD06,2019-20,5517.223333333332,5517.22,0.0033333333321934333
Farm Harvest,Mustard,OD06,2020-21,5845.93,5845.93,0.0
Farm Harvest,Mustard,OD06,2021-22,6194.22,6194.22,0.0
Farm Harvest,Mustard,OD06,2022-23,6563.259999999999,6563.26,9.094947017729282e-13
Farm Harvest,Mustard,OD06,2023-24,6954.286666666667,6954.29,0.003333333333102928
Farm Harvest,Mustard,OD06,2024-25,7368.613333333334,7368.61,0.0033333333340124227
Farm Harvest,Mustard,OD07,2013-14,3931.0,3931.0,0.0
Farm Harvest,Mustard,OD07,2014-15,3950.0,3950.0,0.0
Farm Harvest,Mustard,OD07,2015-16,4375.0,4375.0,0.0
Farm Harvest,Mustard,OD07,2016-17,4399.996666666667,4400.0,0.003333333333102928
Farm Harvest,Mustard,OD07,2017-18,4500.0,4500.0,0.0
Farm Harvest,Mustard,OD07,2018-19,4999.996666666667,5000.0,0.003333333333102928
Farm Harvest,Mustard,OD07,2019-20,5297.89,5297.89,0.0
Farm Harvest,Mustard,OD07,2020-21,5613.53,5613.53,0.0
Farm Harvest,Mustard,OD07,2021-22,5947.973333333332,5947.97,0.0033333333321934333
Farm Harvest,Mustard,OD07,2022-23,6302.34,6302.34,0.0
Farm Harvest,Mustard,OD07,2023-24,6677.823333333334,6677.82,0.0033333333340124227
Farm Harvest,Mustard,OD07,2024-25,7075.676666666666,7075.68,0.0033333333340124227
Farm Harvest,Mustard,OD08,2013-14,3771.0,3771.0,0.0
Farm Harvest,Mustard,OD08,2014-15,3833.0,3833.0,0.0
Farm Harvest,Mustard,OD08,2015-16,4299.996666666667,4300.0,0.003333333333102928
Farm Harvest,Mustard,OD08,2016-17,4300.0,4300.0,0.0
Farm Harvest,Mustard,OD08,2017-18,4583.0,4583.0,0.0
Farm Harvest,Mustard,OD08,2018-19,5104.0,5104.0,0.0
Farm Harvest,Mustard,OD08,2019-20,5408.086666666667,5408.09,0.003333333333102928
Farm Harvest,Mustard,OD08,2020-21,5730.293333333332,5730.29,0.0033333333321934333
Farm Harvest,Mustard,OD08,2021-22,6071.693333333334,6071.69,0.0033333333340124227
Farm Harvest,Mustard,OD08,2022-23,6433.433333333333,6433.43,0.003333333333102928
Farm Harvest,Mustard,OD08,2023-24,6816.7266666666665,6816.72,0.006666666666205856
Farm Harvest,Mustard,OD08,2024-25,7222.849999999999,7222.85,9.094947017729282e-13
Farm Harvest,Mustard,OD09,2013-14,3800.0,3800.0,0.0
Farm Harvest,Mustard,OD09,2014-15,3800.0,3800.0,0.0
Farm Harvest,Mustard,OD09,2015-16,4200.0,4200.0,0.0
Farm Harvest,Mustard,OD09,2016-17,4438.0,4438.0,0.0
Farm Harvest,Mustard,OD09,2017-18,4469.0,4469.0,0.0
Farm Harvest,Mustard,OD09,2018-19,5390.0,5390.0,0.0
Farm Harvest,Mustard,OD09,2019-20,5711.126666666666,5711.13,0.0033333333340124227
Farm Harvest,Mustard,OD09,2020-21,6051.383333333334,6051.38,0.0033333333340124227
Farm Harvest,Mustard,OD09,2021-22,6411.913333333334,6411.92,0.006666666666205856
Farm Harvest,Mustard,OD09,2022-23,6793.926666666666,6793.93,0.0033333333340124227
Farm Harvest,Mustard,OD09,2023-24,7198.693333333334,7198.7,0.006666666666205856
Farm Harvest,Mustard,OD09,2024-25,7627.579999999999,7627.58,9.094947017729282e-13
Farm Harvest,Mustard,OD10,2013-14,3950.0,3950.0,0.0
Farm Harvest,Mustard,OD10,2014-15,3950.0,3950.0,0.0
Farm Harvest,Mustard,OD10,2015-16,4367.003333333333,4367.0,0.003333333333102928
Farm Harvest,Mustard,OD10,2016-17,4403.0,4403.0,0.0
Farm Harvest,Mustard,OD10,2017-18,4647.0,4647.0,0.0
Farm Harvest,Mustard,OD10,2018-19,4428.996666666667,4429.0,0.003333333333102928
Farm Harvest,Mustard,OD10,2019-20,4692.873333333333,4692.87,0.003333333333102928
Farm Harvest,Mustard,OD10,2020-21,4972.463333333333,4972.46,0.003333333333102928
Farm Harvest,Mustard,OD10,2021-22,5268.713333333333,5268.71,0.003333333333102928
Farm Harvest,Mustard,OD10,2022-23,5582.613333333334,5582.62,0.006666666666205856
Farm Harvest,Mustard,OD10,2023-24,5915.22,5915.22,0.0
Farm Harvest,Mustard,OD10,2024-25,6267.636666666666,6267.64,0.0033333333340124227
Farm Harvest,Mustard,OD11,2013-14,3788.0399999999995,3788.04,4.547473508864641e-13
Farm Harvest,Mustard,OD11,2014-15,3842.376666666667,3842.38,0.003333333333102928
Farm Harvest,Mustard,OD11,2015-16,4385.61,4385.61,0.0
Farm Harvest,Mustard,OD11,2016-17,4468.856666666667,4468.86,0.003333333333102928
Farm Harvest,Mustard,OD11,2017-18,4960.0,4960.0,0.0
Farm Harvest,Mustard,OD11,2018-19,4739.0,4739.0,0.0
Farm Harvest,Mustard,OD11,2019-20,5021.343333333333,5021.34,0.003333333333102928
Farm Harvest,Mustard,OD11,2020-21,5320.503333333333,5320.5,0.003333333333102928
Farm Harvest,Mustard,OD11,2021-22,5637.490000000001,5637.49,9.094947017729282e-13
Farm Harvest,Mustard,OD11,2022-23,5973.360000000001,5973.36,9.094947017729282e-13
Farm Harvest,Mustard,OD11,2023-24,6329.240000000001,6329.24,9.094947017729282e-13
Farm Harvest,Mustard,OD11,2024-25,6706.326666666667,6706.33,0.003333333333102928
Farm Harvest,Mustard,OD12,2013-14,3748.02,3748.02,0.0
Farm Harvest,Mustard,OD12,2014-15,3801.7766666666666,3801.78,0.0033333333335576754
Farm Harvest,Mustard,OD12,2015-16,4339.276666666667,4339.27,0.006666666666205856
Farm Harvest,Mustard,OD12,2016-17,4500.0,4500.0,0.0
Farm Harvest,Mustard,OD12,2017-18,5000.003333333333,5000.0,0.003333333333102928
Farm Harvest,Mustard,OD12,2018-19,4500.0,4500.0,0.0
Farm Harvest,Mustard,OD12,2019-20,4768.1033333333335,4768.1,0.003333333333102928
Farm Harvest,Mustard,OD12,2020-21,5052.176666666666,5052.18,0.0033333333340124227
Farm Harvest,Mustard,OD12,2021-22,5353.176666666666,5353.18,0.0033333333340124227
Farm Harvest,Mustard,OD12,2022-23,5672.106666666667,5672.11,0.003333333333102928
Farm Harvest,Mustard,OD12,2023-24,6010.043333333334,6010.04,0.0033333333340124227
Farm Harvest,Mustard,OD12,2024-25,6368.110000000001,6368.11,9.094947017729282e-13
Farm Harvest,Mustard,OD13,2013-14,3714.623333333333,3714.62,0.003333333333102928
Farm Harvest,Mustard,OD13,2014-15,3767.9033333333336,3767.9,0.0033333333335576754
Farm Harvest,Mustard,OD13,2015-16,4300.6033333333335,4300.61,0.006666666666205856
Farm Harvest,Mustard,OD13,2016-17,4499.996666666667,4500.0,0.003333333333102928
Farm Harvest,Mustard,OD13,2017-18,4600.003333333333,4600.0,0.003333333333102928
Farm Harvest,Mustard,OD13,2018-19,4800.0,4800.0,0.0
Farm Harvest,Mustard,OD13,2019-20,5085.9766666666665,5085.98,0.003333333333102928
Farm Harvest,Mustard,OD13,2020-21,5388.986666666667,5388.99,0.003333333333102928
Farm Harvest,Mustard,OD13,2021-22,5710.053333333333,5710.05,0.003333333333102928
Farm Harvest,Mustard,OD13,2022-23,6050.25,6050.25,0.0
Farm Harvest,Mustard,OD13,2023-24,6410.71,6410.71,0.0
Farm Harvest,Mustard,OD13,2024-25,6792.650000000001,6792.65,9.094947017729282e-13
Farm Harvest,Mustard,OD14,2013-14,4035.17,4035.17,0.0
Farm Harvest,Mustard,OD14,2014-15,3750.0,3750.0,0.0
Farm Harvest,Mustard,OD14,2015-16,4350.0,4350.0,0.0
Farm Harvest,Mustard,OD14,2016-17,4400.003333333333,4400.0,0.003333333333102928
Farm Harvest,Mustard,OD14,2017-18,4899.996666666667,4900.0,0.003333333333102928
Farm Harvest,Mustard,OD14,2018-19,6695.0,6695.0,0.0
Farm Harvest,Mustard,OD14,2019-20,7093.876666666667,7093.88,0.003333333333102928
Farm Harvest,Mustard,OD14,2020-21,7516.516666666666,7516.52,0.0033333333340124227
Farm Harvest,Mustard,OD14,2021-22,7964.336666666667,7964.34,0.003333333333102928
Farm Harvest,Mustard,OD14,2022-23,8438.836666666668,8438.84,0.0033333333321934333
Farm Harvest,Mustard,OD14,2023-24,8941.606666666667,8941.61,0.0033333333340124227
Farm Harvest,Mustard,OD14,2024-25,9474.33,9474.33,0.0
Farm Harvest,Mustard,OD15,2013-14,3667.0,3667.0,0.0
Farm Harvest,Mustard,OD15,2014-15,3725.0033333333336,3725.0,0.0033333333335576754
Farm Harvest,Mustard,OD15,2015-16,4300.0,4300.0,0.0
Farm Harvest,Mustard,OD15,2016-17,4100.0,4100.0,0.0
Farm Harvest,Mustard,OD15,2017-18,4150.0,4150.0,0.0
Farm Harvest,Mustard,OD15,2018-19,5308.0,5308.0,0.0
Farm Harvest,Mustard,OD15,2019-20,5624.240000000001,5624.24,9.094947017729282e-13
Farm Harvest,Mustard,OD15,2020-21,5959.323333333334,5959.32,0.0033333333340124227
Farm Harvest,Mustard,OD15,2021-22,6314.366666666666,6314.37,0.0033333333340124227
Farm Harvest,Mustard,OD15,2022-23,6690.566666666667,6690.57,0.003333333333102928
Farm Harvest,Mustard,OD15,2023-24,7089.176666666666,7089.18,0.0033333333340124227
Farm Harvest,Mustard,OD15,2024-25,7511.540000000001,7511.54,9.094947017729282e-13
Farm Harvest,Mustard,OD16,2013-14,3597.9966666666664,3598.0,0.0033333333335576754
Farm Harvest,Mustard,OD16,2014-15,3735.0033333333336,3735.0,0.0033333333335576754
Farm Harvest,Mustard,OD16,2015-16,4295.0,4295.0,0.0
Farm Harvest,Mustard,OD16,2016-17,4310.0,4310.0,0.0
Farm Harvest,Mustard,OD16,2017-18,4875.0,4875.0,0.0
Farm Harvest,Mustard,OD16,2018-19,5000.0,5000.0,0.0
Farm Harvest,Mustard,OD16,2019-20,5297.89,5297.89,0.0
Farm Harvest,Mustard,OD16,2020-21,5613.53,5613.53,0.0
Farm Harvest,Mustard,OD16,2021-22,5947.973333333332,5947.97,0.0033333333321934333
Farm Harvest,Mustard,OD16,2022-23,6302.343333333333,6302.34,0.003333333333102928
Farm Harvest,Mustard,OD16,2023-24,6677.826666666667,6677.82,0.006666666667115351
Farm Harvest,Mustard,OD16,2024-25,7075.68,7075.68,0.0
Farm Harvest,Mustard,OD17,2013-14,3800.0,3800.0,0.0
Farm Harvest,Mustard,OD17,2014-15,3832.9966666666664,3833.0,0.0033333333335576754
Farm Harvest,Mustard,OD17,2015-16,4375.0,4375.0,0.0
Farm Harvest,Mustard,OD17,2016-17,4500.0,4500.0,0.0
Farm Harvest,Mustard,OD17,2017-18,4550.0,4550.0,0.0
Farm Harvest,Mustard,OD17,2018-19,5100.0,5100.0,0.0
Farm Harvest,Mustard,OD17,2019-20,5403.846666666667,5403.85,0.003333333333102928
Farm Harvest,Mustard,OD17,2020-21,5725.8,5725.8,0.0
Farm Harvest,Mustard,OD17,2021-22,6066.936666666666,6066.93,0.006666666665296361
Farm Harvest,Mustard,OD17,2022-23,6428.389999999999,6428.39,9.094947017729282e-13
Farm Harvest,Mustard,OD17,2023-24,6811.38,6811.38,0.0
Farm Harvest,Mustard,OD17,2024-25,7217.19,7217.19,0.0
Farm Harvest,Mustard,OD18,2013-14,3599.0,3599.0,0.0
Farm Harvest,Mustard,OD18,2014-15,3667.0,3667.0,0.0
Farm Harvest,Mustard,OD18,2015-16,4233.0,4233.0,0.0
Farm Harvest,Mustard,OD18,2016-17,4400.0,4400.0,0.0
Farm Harvest,Mustard,OD18,2017-18,4118.0,4118.0,0.0
Farm Harvest,Mustard,OD18,2018-19,5047.0,5047.0,0.0
Farm Harvest,Mustard,OD18,2019-20,5347.693333333334,5347.69,0.0033333333340124227
Farm Harvest,Mustard,OD18,2020-21,5666.296666666666,5666.3,0.0033333333340124227
Farm Harvest,Mustard,OD18,2021-22,6003.883333333334,6003.88,0.0033333333340124227
Farm Harvest,Mustard,OD18,2022-23,6361.586666666667,6361.58,0.006666666667115351
Farm Harvest,Mustard,OD18,2023-24,6740.596666666667,6740.6,0.003333333333102928
Farm Harvest,Mustard,OD18,2024-25,7142.19,7142.19,0.0
Farm Harvest,Mustard,OD19,2013-14,3760.0,3760.0,0.0
Farm Harvest,Mustard,OD19,2014-15,3800.0,3800.0,0.0
Farm Harvest,Mustard,OD19,2015-16,4300.0,4300.0,0.0
Farm Harvest,Mustard,OD19,2016-17,4500.0,4500.0,0.0
Farm Harvest,Mustard,OD19,2017-18,4733.0,4733.0,0.0
Farm Harvest,Mustard,OD19,2018-19,4800.0,4800.0,0.0
Farm Harvest,Mustard,OD19,2019-20,5085.9766666666665,5085.98,0.003333333333102928
Farm Harvest,Mustard,OD19,2020-21,5388.986666666667,5388.99,0.003333333333102928
Farm Harvest,Mustard,OD19,2021-22,5710.056666666666,5710.05,0.006666666666205856
Farm Harvest,Mustard,OD19,2022-23,6050.25,6050.25,0.0
Farm Harvest,Mustard,OD19,2023-24,6410.71,6410.71,0.0
Farm Harvest,Mustard,OD19,2024-25,6792.650000000001,6792.65,9.094947017729282e-13
Farm Harvest,Mustard,OD20,2013-14,3569.8700000000003,3569.87,4.547473508864641e-13
Farm Harvest,Mustard,OD20,2014-15,3700.0,3700.0,0.0
Farm Harvest,Mustard,OD20,2015-16,4300.0,4300.0,0.0
Farm Harvest,Mustard,OD20,2016-17,4350.0,4350.0,0.0
Farm Harvest,Mustard,OD20,2017-18,4225.0,4225.0,0.0
Farm Harvest,Mustard,OD20,2018-19,4500.0,4500.0,0.0
Farm Harvest,Mustard,OD20,2019-20,4768.1033333333335,4768.1,0.003333333333102928
Farm Harvest,Mustard,OD20,2020-21,5052.176666666666,5052.18,0.0033333333340124227
Farm Harvest,Mustard,OD20,2021-22,5353.173333333333,5353.18,0.006666666667115351
Farm Harvest,Mustard,OD20,2022-23,5672.106666666667,5672.11,0.003333333333102928
Farm Harvest,Mustard,OD20,2023-24,6010.043333333332,6010.04,0.0033333333321934333
Farm Harvest,Mustard,OD20,2024-25,6368.110000000001,6368.11,9.094947017729282e-13
Farm Harvest,Mustard,OD21,2013-14,3849.9666666666667,3849.96,0.006666666666660603
Farm Harvest,Mustard,OD21,2014-15,3905.186666666667,3905.19,0.003333333333102928
Farm Harvest,Mustard,OD21,2015-16,4457.303333333333,4457.3,0.003333333333102928
Farm Harvest,Mustard,OD21,2016-17,4541.906666666667,4541.91,0.003333333333102928
Farm Harvest,Mustard,OD21,2017-18,4125.0,4125.0,0.0
Farm Harvest,Mustard,OD21,2018-19,5810.0,5810.0,0.0
Farm Harvest,Mustard,OD21,2019-20,6156.146666666667,6156.15,0.0033333333321934333
Farm Harvest,Mustard,OD21,2020-21,6522.919999999999,6522.92,9.094947017729282e-13
Farm Harvest,Mustard,OD21,2021-22,6911.543333333334,6911.55,0.006666666666205856
Farm Harvest,Mustard,OD21,2022-23,7323.323333333334,7323.32,0.0033333333340124227
Farm Harvest,Mustard,OD21,2023-24,7759.63,7759.63,0.0
Farm Harvest,Mustard,OD21,2024-25,8221.936666666666,8221.94,0.0033333333340124227
Farm Harvest,Mustard,OD22,2013-14,3582.0,3582.0,0.0
Farm Harvest,Mustard,OD22,2014-15,3676.0,3676.0,0.0
Farm Harvest,Mustard,OD22,2015-16,4237.0,4237.0,0.0
Farm Harvest,Mustard,OD22,2016-17,4450.996666666667,4451.0,0.003333333333102928
Farm Harvest,Mustard,OD22,2017-18,5124.996666666667,5125.0,0.003333333333102928
Farm Harvest,Mustard,OD22,2018-19,4205.0,4205.0,0.0
Farm Harvest,Mustard,OD22,2019-20,4455.5233333333335,4455.53,0.006666666666205856
Farm Harvest,Mustard,OD22,2020-21,4720.9766666666665,4720.98,0.003333333333102928
Farm Harvest,Mustard,OD22,2021-22,5002.246666666667,5002.25,0.003333333333102928
Farm Harvest,Mustard,OD22,2022-23,5300.2733333333335,5300.27,0.003333333333102928
Farm Harvest,Mustard,OD22,2023-24,5616.05,5616.05,0.0
Farm Harvest,Mustard,OD22,2024-25,5950.6466666666665,5950.64,0.006666666666205856
Farm Harvest,Mustard,OD23,2013-14,3761.0766666666664,3761.08,0.0033333333335576754
Farm Harvest,Mustard,OD23,2014-15,3815.03,3815.03,0.0
Farm Harvest,Mustard,OD23,2015-16,4000.0,4000.0,0.0
Farm Harvest,Mustard,OD23,2016-17,4500.0,4500.0,0.0
Farm Harvest,Mustard,OD23,2017-18,5332.996666666667,5333.0,0.003333333333102928
Farm Harvest,Mustard,OD23,2018-19,4600.0,4600.0,0.0
Farm Harvest,Mustard,OD23,2019-20,4874.06,4874.06,0.0
Farm Harvest,Mustard,OD23,2020-21,5164.446666666667,5164.45,0.003333333333102928
Farm Harvest,Mustard,OD23,2021-22,5472.133333333334,5472.14,0.006666666666205856
Farm Harvest,Mustard,OD23,2022-23,5798.156666666667,5798.16,0.003333333333102928
Farm Harvest,Mustard,OD23,2023-24,6143.599999999999,6143.6,9.094947017729282e-13
Farm Harvest,Mustard,OD23,2024-25,6509.623333333333,6509.62,0.003333333333102928
Farm Harvest,Mustard,OD24,2013-14,3775.0,3775.0,0.0
Farm Harvest,Mustard,OD24,2014-15,3897.0,3897.0,0.0
Farm Harvest,Mustard,OD24,2015-16,4338.0,4338.0,0.0
Farm Harvest,Mustard,OD24,2016-17,4410.0,4410.0,0.0
Farm Harvest,Mustard,OD24,2017-18,4667.0,4667.0,0.0
Farm Harvest,Mustard,OD24,2018-19,5479.003333333333,5479.0,0.003333333333102928
Farm Harvest,Mustard,OD24,2019-20,5805.426666666666,5805.43,0.0033333333340124227
Farm Harvest,Mustard,OD24,2020-21,6151.303333333333,6151.31,0.006666666667115351
Farm Harvest,Mustard,OD24,2021-22,6517.79,6517.79,0.0
Farm Harvest,Mustard,OD24,2022-23,6906.106666666667,6906.11,0.003333333333102928
Farm Harvest,Mustard,OD24,2023-24,7317.56,7317.56,0.0
Farm Harvest,Mustard,OD24,2024-25,7753.526666666666,7753.53,0.0033333333340124227
Farm Harvest,Mustard,OD25,2013-14,3850.0,3850.0,0.0
Farm Harvest,Mustard,OD25,2014-15,3606.6733333333336,3606.67,0.0033333333335576754
Farm Harvest,Mustard,OD25,2015-16,4116.580000000001,4116.58,9.094947017729282e-13
Farm Harvest,Mustard,OD25,2016-17,4267.0,4267.0,0.0
Farm Harvest,Mustard,OD25,2017-18,5000.0,5000.0,0.0
Farm Harvest,Mustard,OD25,2018-19,3600.0,3600.0,0.0
Farm Harvest,Mustard,OD25,2019-20,3814.48,3814.48,0.0
Farm Harvest,Mustard,OD25,2020-21,4041.7433333333333,4041.74,0.0033333333335576754
Farm Harvest,Mustard,OD25,2021-22,4282.543333333334,4282.54,0.0033333333340124227
Farm Harvest,Mustard,OD25,2022-23,4537.69,4537.69,0.0
Farm Harvest,Mustard,OD25,2023-24,4808.033333333334,4808.03,0.0033333333340124227
Farm Harvest,Mustard,OD25,2024-25,5094.486666666667,5094.49,0.003333333333102928
Farm Harvest,Mustard,OD26,2013-14,3814.443333333333,3814.44,0.003333333333102928
Farm Harvest,Mustard,OD26,2014-15,3869.1566666666663,3869.16,0.0033333333335576754
Farm Harvest,Mustard,OD26,2015-16,4416.173333333333,4416.17,0.003333333333102928
Farm Harvest,Mustard,OD26,2016-17,4499.996666666667,4500.0,0.003333333333102928
Farm Harvest,Mustard,OD26,2017-18,4697.293333333333,4697.29,0.003333333333102928
Farm Harvest,Mustard,OD26,2018-19,5094.4366666666665,5094.44,0.003333333333102928
Farm Harvest,Mustard,OD26,2019-20,4768.1033333333335,4768.1,0.003333333333102928
Farm Harvest,Mustard,OD26,2020-21,5052.18,5052.18,0.0
Farm Harvest,Mustard,OD26,2021-22,5353.176666666666,5353.18,0.0033333333340124227
Farm Harvest,Mustard,OD26,2022-23,5672.106666666667,5672.11,0.003333333333102928
Farm Harvest,Mustard,OD26,2023-24,6010.043333333332,6010.04,0.0033333333321934333
Farm Harvest,Mustard,OD26,2024-25,6368.110000000001,6368.11,9.094947017729282e-13
Farm Harvest,Mustard,OD27,2013-14,3700.0,3700.0,0.0
Farm Harvest,Mustard,OD27,2014-15,3821.9966666666664,3822.0,0.0033333333335576754
Farm Harvest,Mustard,OD27,2015-16,4400.0,4400.0,0.0
Farm Harvest,Mustard,OD27,2016-17,4460.003333333333,4460.0,0.003333333333102928
Farm Harvest,Mustard,OD27,2017-18,4475.003333333333,4475.0,0.003333333333102928
Farm Harvest,Mustard,OD27,2018-19,5306.0,5306.0,0.0
Farm Harvest,Mustard,OD27,2019-20,5622.12,5622.12,0.0
Farm Harvest,Mustard,OD27,2020-21,5957.076666666667,5957.08,0.003333333333102928
Farm Harvest,Mustard,OD27,2021-22,6311.990000000001,6311.99,9.094947017729282e-13
Farm Harvest,Mustard,OD27,2022-23,6688.046666666666,6688.05,0.0033333333340124227
Farm Harvest,Mustard,OD27,2023-24,7086.509999999999,7086.51,9.094947017729282e-13
Farm Harvest,Mustard,OD27,2024-25,7508.71,7508.71,0.0
Farm Harvest,Mustard,OD28,2013-14,3724.9966666666664,3725.0,0.0033333333335576754
Farm Harvest,Mustard,OD28,2014-15,3750.0033333333336,3750.0,0.0033333333335576754
Farm Harvest,Mustard,OD28,2015-16,4333.0,4333.0,0.0
Farm Harvest,Mustard,OD28,2016-17,4299.996666666667,4300.0,0.003333333333102928
Farm Harvest,Mustard,OD28,2017-18,4532.0,4532.0,0.0
Farm Harvest,Mustard,OD28,2018-19,4739.0,4739.0,0.0
Farm Harvest,Mustard,OD28,2019-20,5021.34,5021.34,0.0
Farm Harvest,Mustard,OD28,2020-21,5320.503333333333,5320.5,0.003333333333102928
Farm Harvest,Mustard,OD28,2021-22,5637.486666666667,5637.49,0.003333333333102928
Farm Harvest,Mustard,OD28,2022-23,5973.363333333334,5973.36,0.0033333333340124227
Farm Harvest,Mustard,OD28,2023-24,6329.243333333333,6329.24,0.003333333333102928
Farm Harvest,Mustard,OD28,2024-25,6706.326666666667,6706.33,0.003333333333102928
Farm Harvest,Mustard,OD29,2013-14,3718.0,3718.0,0.0
Farm Harvest,Mustard,OD29,2014-15,3825.0033333333336,3825.0,0.0033333333335576754
Farm Harvest,Mustard,OD29,2015-16,4427.0,4427.0,0.0
Farm Harvest,Mustard,OD29,2016-17,4467.0,4467.0,0.0
Farm Harvest,Mustard,OD29,2017-18,4499.996666666667,4500.0,0.003333333333102928
Farm Harvest,Mustard,OD29,2018-19,5073.0,5073.0,0.0
Farm Harvest,Mustard,OD29,2019-20,5375.24,5375.24,0.0
Farm Harvest,Mustard,OD29,2020-21,5695.486666666667,5695.49,0.003333333333102928
Farm Harvest,Mustard,OD29,2021-22,6034.813333333333,6034.81,0.0033333333321934333
Farm Harvest,Mustard,OD29,2022-23,6394.356666666667,6394.36,0.003333333333102928
Farm Harvest,Mustard,OD29,2023-24,6775.316666666667,6775.32,0.003333333333102928
Farm Harvest,Mustard,OD29,2024-25,7178.9800000000005,7178.98,9.094947017729282e-13
Farm Harvest,Mustard,OD30,2013-14,3586.0,3586.0,0.0
Farm Harvest,Mustard,OD30,2014-15,3766.9966666666664,3767.0,0.0033333333335576754
Farm Harvest,Mustard,OD30,2015-16,4400.003333333333,4400.0,0.003333333333102928
Farm Harvest,Mustard,OD30,2016-17,4399.996666666667,4400.0,0.003333333333102928
Farm Harvest,Mustard,OD30,2017-18,4000.0033333333336,4000.0,0.0033333333335576754
Farm Harvest,Mustard,OD30,2018-19,5174.996666666667,5175.0,0.003333333333102928
Farm Harvest,Mustard,OD30,2019-20,5483.316666666667,5483.32,0.003333333333102928
Farm Harvest,Mustard,OD30,2020-21,5810.006666666667,5810.0,0.006666666667115351
Farm Harvest,Mustard,OD30,2021-22,6156.156666666667,6156.15,0.006666666667115351
Farm Harvest,Mustard,OD30,2022-23,6522.926666666666,6522.92,0.006666666666205856
Farm Harvest,Mustard,OD30,2023-24,6911.55,6911.55,0.0
Farm Harvest,Mustard,OD30,2024-25,7323.323333333334,7323.33,0.006666666666205856
Farm Harvest,Paddy,OD01,2013-14,1310.0,1310.0,0.0
Farm Harvest,Paddy,OD01,2014-15,1360.0,1360.0,0.0
Farm Harvest,Paddy,OD01,2015-16,1410.0033333333333,1410.0,0.0033333333333303017
Farm Harvest,Paddy,OD01,2016-17,1470.0,1470.0,0.0
Farm Harvest,Paddy,OD01,2017-18,1550.0,1550.0,0.0
Farm Harvest,Paddy,OD01,2018-19,1750.0033333333333,1750.0,0.0033333333333303017
Farm Harvest,Paddy,OD01,2019-20,1854.3466666666666,1854.35,0.0033333333333303017
Farm Harvest,Paddy,OD01,2020-21,1964.92,1964.92,0.0
Farm Harvest,Paddy,OD01,2021-22,2082.0833333333335,2082.08,0.0033333333335576754
Farm Harvest,Paddy,OD01,2022-23,2206.2366666666667,2206.23,0.006666666666660603
Farm Harvest,Paddy,OD01,2023-24,2337.786666666667,2337.79,0.003333333333102928
Farm Harvest,Paddy,OD01,2024-25,2477.183333333333,2477.18,0.003333333333102928
Farm Harvest,Paddy,OD02,2013-14,1310.0,1310.0,0.0
Farm Harvest,Paddy,OD02,2014-15,1360.0,1360.0,0.0
Farm Harvest,Paddy,OD02,2015-16,1410.0,1410.0,0.0
Farm Harvest,Paddy,OD02,2016-17,1470.0033333333333,1470.0,0.0033333333333303017
Farm Harvest,Paddy,OD02,2017-18,1550.0,1550.0,0.0
Farm Harvest,Paddy,OD02,2018-19,1750.0,1750.0,0.0
Farm Harvest,Paddy,OD02,2019-20,1854.3466666666666,1854.35,0.0033333333333303017
Farm Harvest,Paddy,OD02,2020-21,1964.92,1964.92,0.0
Farm Harvest,Paddy,OD02,2021-22,2082.08,2082.08,0.0
Farm Harvest,Paddy,OD02,2022-23,2206.23,2206.23,0.0
Farm Harvest,Paddy,OD02,2023-24,2337.786666666667,2337.79,0.003333333333102928
Farm Harvest,Paddy,OD02,2024-25,2477.1833333333334,2477.18,0.0033333333335576754
Farm Harvest,Paddy,OD03,2013-14,1310.0,1310.0,0.0
Farm Harvest,Paddy,OD03,2014-15,1360.0,1360.0,0.0
Farm Harvest,Paddy,OD03,2015-16,1410.0,1410.0,0.0
Farm Harvest,Paddy,OD03,2016-17,1470.0,1470.0,0.0
Farm Harvest,Paddy,OD03,2017-18,1550.0,1550.0,0.0
Farm Harvest,Paddy,OD03,2018-19,1750.0,1750.0,0.0
Farm Harvest,Paddy,OD03,2019-20,1854.3466666666666,1854.35,0.0033333333333303017
Farm Harvest,Paddy,OD03,2020-21,1964.9166666666667,1964.92,0.0033333333333303017
Farm Harvest,Paddy,OD03,2021-22,2082.0833333333335,2082.08,0.0033333333335576754
Farm Harvest,Paddy,OD03,2022-23,2206.233333333333,2206.23,0.003333333333102928
Farm Harvest,Paddy,OD03,2023-24,2337.79,2337.79,0.0
Farm Harvest,Paddy,OD03,2024-25,2477.1866666666665,2477.18,0.006666666666660603
Farm Harvest,Paddy,OD04,2013-14,1310.0,1310.0,0.0
Farm Harvest,Paddy,OD04,2014-15,1360.0,1360.0,0.0
Farm Harvest,Paddy,OD04,2015-16,1410.0,1410.0,0.0
Farm Harvest,Paddy,OD04,2016-17,1469.9966666666667,1470.0,0.0033333333333303017
Farm Harvest,Paddy,OD04,2017-18,1550.0033333333333,1550.0,0.0033333333333303017
Farm Harvest,Paddy,OD04,2018-19,1749.9966666666667,1750.0,0.0033333333333303017
Farm Harvest,Paddy,OD04,2019-20,1854.3466666666666,1854.35,0.0033333333333303017
Farm Harvest,Paddy,OD04,2020-21,1964.92,1964.92,0.0
Farm Harvest,Paddy,OD04,2021-22,2082.0833333333335,2082.08,0.0033333333335576754
Farm Harvest,Paddy,OD04,2022-23,2206.233333333333,2206.23,0.003333333333102928
Farm Harvest,Paddy,OD04,2023-24,2337.7866666666664,2337.79,0.0033333333335576754
Farm Harvest,Paddy,OD04,2024-25,2477.1833333333334,2477.18,0.0033333333335576754
Farm Harvest,Paddy,OD05,2013-14,1310.0033333333333,1310.0,0.0033333333333303017
Farm Harvest,Paddy,OD05,2014-15,1360.0033333333333,1360.0,0.0033333333333303017
Farm Harvest,Paddy,OD05,2015-16,1410.0,1410.0,0.0
Farm Harvest,Paddy,OD05,2016-17,1469.9966666666667,1470.0,0.0033333333333303017
Farm Harvest,Paddy,OD05,2017-18,1550.0,1550.0,0.0
Farm Harvest,Paddy,OD05,2018-19,1750.0,1750.0,0.0
Farm Harvest,Paddy,OD05,2019-20,1854.3466666666666,1854.35,0.0033333333333303017
Farm Harvest,Paddy,OD05,2020-21,1964.92,1964.92,0.0
Farm Harvest,Paddy,OD05,2021-22,2082.0833333333335,2082.08,0.0033333333335576754
Farm Harvest,Paddy,OD05,2022-23,2206.233333333333,2206.23,0.003333333333102928
Farm Harvest,Paddy,OD05,2023-24,2337.786666666667,2337.79,0.003333333333102928
Farm Harvest,Paddy,OD05,2024-25,2477.1833333333334,2477.18,0.0033333333335576754
Farm Harvest,Paddy,OD06,2013-14,1310.0,1310.0,0.0
Farm Harvest,Paddy,OD06,2014-15,1360.0,1360.0,0.0
Farm Harvest,Paddy,OD06,2015-16,1410.0,1410.0,0.0
Farm Harvest,Paddy,OD06,2016-17,1470.0,1470.0,0.0
Farm Harvest,Paddy,OD06,2017-18,1550.0,1550.0,0.0
Farm Harvest,Paddy,OD06,2018-19,1750.0,1750.0,0.0
Farm Harvest,Paddy,OD06,2019-20,1854.3500000000001,1854.35,2.2737367544323206e-13
Farm Harvest,Paddy,OD06,2020-21,1964.92,1964.92,0.0
Farm Harvest,Paddy,OD06,2021-22,2082.0866666666666,2082.08,0.006666666666660603
Farm Harvest,Paddy,OD06,2022-23,2206.23,2206.23,0.0
Farm Harvest,Paddy,OD06,2023-24,2337.786666666667,2337.79,0.003333333333102928
Farm Harvest,Paddy,OD06,2024-25,2477.183333333333,2477.18,0.003333333333102928
Farm Harvest,Paddy,OD07,2013-14,1310.0,1310.0,0.0
Farm Harvest,Paddy,OD07,2014-15,1360.0,1360.0,0.0
Farm Harvest,Paddy,OD07,2015-16,1410.0,1410.0,0.0
Farm Harvest,Paddy,OD07,2016-17,1470.0,1470.0,0.0
Farm Harvest,Paddy,OD07,2017-18,1550.0,1550.0,0.0
Farm Harvest,Paddy,OD07,2018-19,1750.0,1750.0,0.0
Farm Harvest,Paddy,OD07,2019-20,1854.3466666666666,1854.35,0.0033333333333303017
Farm Harvest,Paddy,OD07,2020-21,1964.92,1964.92,0.0
Farm Harvest,Paddy,OD07,2021-22,2082.08,2082.08,0.0
Farm Harvest,Paddy,OD07,2022-23,2206.233333333333,2206.23,0.003333333333102928
Farm Harvest,Paddy,OD07,2023-24,2337.79,2337.79,0.0
Farm Harvest,Paddy,OD07,2024-25,2477.1833333333334,2477.18,0.0033333333335576754
Farm Harvest,Paddy,OD08,2013-14,1310.0,1310.0,0.0
Farm Harvest,Paddy,OD08,2014-15,1360.0,1360.0,0.0
Farm Harvest,Paddy,OD08,2015-16,1409.9966666666667,1410.0,0.0033333333333303017
Farm Harvest,Paddy,OD08,2016-17,1469.9966666666667,1470.0,0.0033333333333303017
Farm Harvest,Paddy,OD08,2017-18,1550.0,1550.0,0.0
Farm Harvest,Paddy,OD08,2018-19,1750.0033333333333,1750.0,0.0033333333333303017
Farm Harvest,Paddy,OD08,2019-20,1854.3466666666666,1854.35,0.0033333333333303017
Farm Harvest,Paddy,OD08,2020-21,1964.9233333333334,1964.92,0.0033333333333303017
Farm Harvest,Paddy,OD08,2021-22,2082.08,2082.08,0.0
Farm Harvest,Paddy,OD08,2022-23,2206.23,2206.23,0.0
Farm Harvest,Paddy,OD08,2023-24,2337.786666666667,2337.79,0.003333333333102928
Farm Harvest,Paddy,OD08,2024-25,2477.183333333333,2477.18,0.003333333333102928
Farm Harvest,Paddy,OD09,2013-14,1310.0033333333333,1310.0,0.0033333333333303017
Farm Harvest,Paddy,OD09,2014-15,1360.0,1360.0,0.0
Farm Harvest,Paddy,OD09,2015-16,1410.0,1410.0,0.0
Farm Harvest,Paddy,OD09,2016-17,1470.0,1470.0,0.0
Farm Harvest,Paddy,OD09,2017-18,1550.0,1550.0,0.0
Farm Harvest,Paddy,OD09,2018-19,1750.0,1750.0,0.0
Farm Harvest,Paddy,OD09,2019-20,1854.3500000000001,1854.35,2.2737367544323206e-13
Farm Harvest,Paddy,OD09,2020-21,1964.9166666666667,1964.92,0.0033333333333303017
Farm Harvest,Paddy,OD09,2021-22,2082.0833333333335,2082.08,0.0033333333335576754
Farm Harvest,Paddy,OD09,2022-23,2206.233333333333,2206.23,0.003333333333102928
Farm Harvest,Paddy,OD09,2023-24,2337.786666666667,2337.79,0.003333333333102928
Farm Harvest,Paddy,OD09,2024-25,2477.183333333333,2477.18,0.003333333333102928
Farm Harvest,Paddy,OD10,2013-14,1310.0033333333333,1310.0,0.0033333333333303017
Farm Harvest,Paddy,OD10,2014-15,1360.0,1360.0,0.0
Farm Harvest,Paddy,OD10,2015-16,1410.0,1410.0,0.0
Farm Harvest,Paddy,OD10,2016-17,1469.9966666666667,1470.0,0.0033333333333303017
Farm Harvest,Paddy,OD10,2017-18,1550.0,1550.0,0.0
Farm Harvest,Paddy,OD10,2018-19,1750.0,1750.0,0.0
Farm Harvest,Paddy,OD10,2019-20,1854.3500000000001,1854.35,2.2737367544323206e-13
Farm Harvest,Paddy,OD10,2020-21,1964.92,1964.92,0.0
Farm Harvest,Paddy,OD10,2021-22,2082.08,2082.08,0.0
Farm Harvest,Paddy,OD10,2022-23,2206.233333333333,2206.23,0.003333333333102928
Farm Harvest,Paddy,OD10,2023-24,2337.786666666667,2337.79,0.003333333333102928
Farm Harvest,Paddy,OD10,2024-25,2477.18,2477.18,0.0
Farm Harvest,Paddy,OD11,2013-14,1310.0,1310.0,0.0
Farm Harvest,Paddy,OD11,2014-15,1359.9966666666667,1360.0,0.0033333333333303017
Farm Harvest,Paddy,OD11,2015-16,1410.0,1410.0,0.0
Farm Harvest,Paddy,OD11,2016-17,1470.0,1470.0,0.0
Farm Harvest,Paddy,OD11,2017-18,1550.0,1550.0,0.0
Farm Harvest,Paddy,OD11,2018-19,1750.0,1750.0,0.0
Farm Harvest,Paddy,OD11,2019-20,1854.3500000000001,1854.35,2.2737367544323206e-13
Farm Harvest,Paddy,OD11,2020-21,1964.92,1964.92,0.0
Farm Harvest,Paddy,OD11,2021-22,2082.08,2082.08,0.0
Farm Harvest,Paddy,OD11,2022-23,2206.233333333333,2206.23,0.003333333333102928
Farm Harvest,Paddy,OD11,2023-24,2337.7866666666664,2337.79,0.0033333333335576754
Farm Harvest,Paddy,OD11,2024-25,2477.1833333333334,2477.18,0.0033333333335576754
Farm Harvest,Paddy,OD12,2013-14,1310.0,1310.0,0.0
Farm Harvest,Paddy,OD12,2014-15,1360.0,1360.0,0.0
Farm Harvest,Paddy,OD12,2015-16,1410.0,1410.0,0.0
Farm Harvest,Paddy,OD12,2016-17,1469.9966666666667,1470.0,0.0033333333333303017
Farm Harvest,Paddy,OD12,2017-18,1549.9966666666667,1550.0,0.0033333333333303017
Farm Harvest,Paddy,OD12,2018-19,1750.0,1750.0,0.0
Farm Harvest,Paddy,OD12,2019-20,1854.3500000000001,1854.35,2.2737367544323206e-13
Farm Harvest,Paddy,OD12,2020-21,1964.9166666666667,1964.92,0.0033333333333303017
Farm Harvest,Paddy,OD12,2021-22,2082.0833333333335,2082.08,0.0033333333335576754
Farm Harvest,Paddy,OD12,2022-23,2206.233333333333,2206.23,0.003333333333102928
Farm Harvest,Paddy,OD12,2023-24,2337.7866666666664,2337.79,0.0033333333335576754
Farm Harvest,Paddy,OD12,2024-25,2477.1833333333334,2477.18,0.0033333333335576754
Farm Harvest,Paddy,OD13,2013-14,1310.0,1310.0,0.0
Farm Harvest,Paddy,OD13,2014-15,1360.0,1360.0,0.0
Farm Harvest,Paddy,OD13,2015-16,1410.0,1410.0,0.0
Farm Harvest,Paddy,OD13,2016-17,1470.0,1470.0,0.0
Farm Harvest,Paddy,OD13,2017-18,1550.0,1550.0,0.0
Farm Harvest,Paddy,OD13,2018-19,1750.0,1750.0,0.0
Farm Harvest,Paddy,OD13,2019-20,1854.3500000000001,1854.35,2.2737367544323206e-13
Farm Harvest,Paddy,OD13,2020-21,1964.92,1964.92,0.0
Farm Harvest,Paddy,OD13,2021-22,2082.0833333333335,2082.08,0.0033333333335576754
Farm Harvest,Paddy,OD13,2022-23,2206.233333333333,2206.23,0.003333333333102928
Farm Harvest,Paddy,OD13,2023-24,2337.7866666666664,2337.79,0.0033333333335576754
Farm Harvest,Paddy,OD13,2024-25,2477.183333333333,2477.18,0.003333333333102928
Farm Harvest,Paddy,OD14,2013-14,1310.0,1310.0,0.0
Farm Harvest,Paddy,OD14,2014-15,1360.0,1360.0,0.0
Farm Harvest,Paddy,OD14,2015-16,1410.0,1410.0,0.0
Farm Harvest,Paddy,OD14,2016-17,1470.0,1470.0,0.0
Farm Harvest,Paddy,OD14,2017-18,1550.0,1550.0,0.0
Farm Harvest,Paddy,OD14,2018-19,1750.0,1750.0,0.0
Farm Harvest,Paddy,OD14,2019-20,1854.3500000000001,1854.35,2.2737367544323206e-13
Farm Harvest,Paddy,OD14,2020-21,1964.92,1964.92,0.0
Farm Harvest,Paddy,OD14,2021-22,2082.0833333333335,2082.08,0.0033333333335576754
Farm Harvest,Paddy,OD14,2022-23,2206.233333333333,2206.23,0.003333333333102928
Farm Harvest,Paddy,OD14,2023-24,2337.7866666666664,2337.79,0.0033333333335576754
Farm Harvest,Paddy,OD14,2024-25,2477.1833333333334,2477.18,0.0033333333335576754
Farm Harvest,Paddy,OD15,2013-14,1310.0,1310.0,0.0
Farm Harvest,Paddy,OD15,2014-15,1360.0,1360.0,0.0
Farm Harvest,Paddy,OD15,2015-16,1435.0,1435.0,0.0
Farm Harvest,Paddy,OD15,2016-17,1470.0,1470.0,0.0
Farm Harvest,Paddy,OD15,2017-18,1570.0,1570.0,0.0
Farm Harvest,Paddy,OD15,2018-19,1750.0,1750.0,0.0
Farm Harvest,Paddy,OD15,2019-20,1854.3500000000001,1854.35,2.2737367544323206e-13
Farm Harvest,Paddy,OD15,2020-21,1964.9166666666667,1964.92,0.0033333333333303017
Farm Harvest,Paddy,OD15,2021-22,2082.0833333333335,2082.08,0.0033333333335576754
Farm Harvest,Paddy,OD15,2022-23,2206.233333333333,2206.23,0.003333333333102928
Farm Harvest,Paddy,OD15,2023-24,2337.786666666667,2337.79,0.003333333333102928
Farm Harvest,Paddy,OD15,2024-25,2477.183333333333,2477.18,0.003333333333102928
Farm Harvest,Paddy,OD16,2013-14,1310.0,1310.0,0.0
Farm Harvest,Paddy,OD16,2014-15,1360.0,1360.0,0.0
Farm Harvest,Paddy,OD16,2015-16,1410.0033333333333,1410.0,0.0033333333333303017
Farm Harvest,Paddy,OD16,2016-17,1470.0,1470.0,0.0
Farm Harvest,Paddy,OD16,2017-18,1550.0,1550.0,0.0
Farm Harvest,Paddy,OD16,2018-19,1750.0,1750.0,0.0
Farm Harvest,Paddy,OD16,2019-20,1854.3500000000001,1854.35,2.2737367544323206e-13
Farm Harvest,Paddy,OD16,2020-21,1964.9233333333334,1964.92,0.0033333333333303017
Farm Harvest,Paddy,OD16,2021-22,2082.0866666666666,2082.08,0.006666666666660603
Farm Harvest,Paddy,OD16,2022-23,2206.2333333333336,2206.23,0.0033333333335576754
Farm Harvest,Paddy,OD16,2023-24,2337.786666666667,2337.79,0.003333333333102928
Farm Harvest,Paddy,OD16,2024-25,2477.1833333333334,2477.18,0.0033333333335576754
Farm Harvest,Paddy,OD17,2013-14,1310.0,1310.0,0.0
Farm Harvest,Paddy,OD17,2014-15,1360.0,1360.0,0.0
Farm Harvest,Paddy,OD17,2015-16,1410.0,1410.0,0.0
Farm Harvest,Paddy,OD17,2016-17,1470.0,1470.0,0.0
Farm Harvest,Paddy,OD17,2017-18,1550.0,1550.0,0.0
Farm Harvest,Paddy,OD17,2018-19,1750.0,1750.0,0.0
Farm Harvest,Paddy,OD17,2019-20,1854.3466666666666,1854.35,0.0033333333333303017
Farm Harvest,Paddy,OD17,2020-21,1964.92,1964.92,0.0
Farm Harvest,Paddy,OD17,2021-22,2082.0833333333335,2082.08,0.0033333333335576754
Farm Harvest,Paddy,OD17,2022-23,2206.233333333333,2206.23,0.003333333333102928
Farm Harvest,Paddy,OD17,2023-24,2337.7866666666664,2337.79,0.0033333333335576754
Farm Harvest,Paddy,OD17,2024-25,2477.183333333333,2477.18,0.003333333333102928
Farm Harvest,Paddy,OD18,2013-14,1310.0033333333333,1310.0,0.0033333333333303017
Farm Harvest,Paddy,OD18,2014-15,1360.0,1360.0,0.0
Farm Harvest,Paddy,OD18,2015-16,1409.9966666666667,1410.0,0.0033333333333303017
Farm Harvest,Paddy,OD18,2016-17,1469.9966666666667,1470.0,0.0033333333333303017
Farm Harvest,Paddy,OD18,2017-18,1550.0,1550.0,0.0
Farm Harvest,Paddy,OD18,2018-19,1750.0,1750.0,0.0
Farm Harvest,Paddy,OD18,2019-20,1854.3466666666666,1854.35,0.0033333333333303017
Farm Harvest,Paddy,OD18,2020-21,1964.92,1964.92,0.0
Farm Harvest,Paddy,OD18,2021-22,2082.08,2082.08,0.0
Farm Harvest,Paddy,OD18,2022-23,2206.233333333333,2206.23,0.003333333333102928
Farm Harvest,Paddy,OD18,2023-24,2337.786666666667,2337.79,0.003333333333102928
Farm Harvest,Paddy,OD18,2024-25,2477.1833333333334,2477.18,0.0033333333335576754
Farm Harvest,Paddy,OD19,2013-14,1310.0033333333333,1310.0,0.0033333333333303017
Farm Harvest,Paddy,OD19,2014-15,1360.0033333333333,1360.0,0.0033333333333303017
Farm Harvest,Paddy,OD19,2015-16,1410.0,1410.0,0.0
Farm Harvest,Paddy,OD19,2016-17,1470.0,1470.0,0.0
Farm Harvest,Paddy,OD19,2017-18,1550.0,1550.0,0.0
Farm Harvest,Paddy,OD19,2018-19,1750.0,1750.0,0.0
Farm Harvest,Paddy,OD19,2019-20,1854.3500000000001,1854.35,2.2737367544323206e-13
Farm Harvest,Paddy,OD19,2020-21,1964.92,1964.92,0.0
Farm Harvest,Paddy,OD19,2021-22,2082.0833333333335,2082.08,0.0033333333335576754
Farm Harvest,Paddy,OD19,2022-23,2206.23,2206.23,0.0
Farm Harvest,Paddy,OD19,2023-24,2337.7833333333333,2337.79,0.006666666666660603
Farm Harvest,Paddy,OD19,2024-25,2477.183333333333,2477.18,0.003333333333102928
Farm Harvest,Paddy,OD20,2013-14,1310.0,1310.0,0.0
Farm Harvest,Paddy,OD20,2014-15,1359.9966666666667,1360.0,0.0033333333333303017
Farm Harvest,Paddy,OD20,2015-16,1410.0,1410.0,0.0
Farm Harvest,Paddy,OD20,2016-17,1470.0,1470.0,0.0
Farm Harvest,Paddy,OD20,2017-18,1550.0,1550.0,0.0
Farm Harvest,Paddy,OD20,2018-19,1750.0,1750.0,0.0
Farm Harvest,Paddy,OD20,2019-20,1854.3500000000001,1854.35,2.2737367544323206e-13
Farm Harvest,Paddy,OD20,2020-21,1964.92,1964.92,0.0
Farm Harvest,Paddy,OD20,2021-22,2082.0833333333335,2082.08,0.0033333333335576754
Farm Harvest,Paddy,OD20,2022-23,2206.2333333333336,2206.23,0.0033333333335576754
Farm Harvest,Paddy,OD20,2023-24,2337.7866666666664,2337.79,0.0033333333335576754
Farm Harvest,Paddy,OD20,2024-25,2477.1833333333334,2477.18,0.0033333333335576754
Farm Harvest,Paddy,OD21,2013-14,1310.0033333333333,1310.0,0.0033333333333303017
Farm Harvest,Paddy,OD21,2014-15,1360.0,1360.0,0.0
Farm Harvest,Paddy,OD21,2015-16,1410.0033333333333,1410.0,0.0033333333333303017
Farm Harvest,Paddy,OD21,2016-17,1470.0,1470.0,0.0
Farm Harvest,Paddy,OD21,2017-18,1549.9966666666667,1550.0,0.0033333333333303017
Farm Harvest,Paddy,OD21,2018-19,1750.0,1750.0,0.0
Farm Harvest,Paddy,OD21,2019-20,1854.3500000000001,1854.35,2.2737367544323206e-13
Farm Harvest,Paddy,OD21,2020-21,1964.9233333333334,1964.92,0.0033333333333303017
Farm Harvest,Paddy,OD21,2021-22,2082.08,2082.08,0.0
Farm Harvest,Paddy,OD21,2022-23,2206.233333333333,2206.23,0.003333333333102928
Farm Harvest,Paddy,OD21,2023-24,2337.7900000000004,2337.79,4.547473508864641e-13
Farm Harvest,Paddy,OD21,2024-25,2477.1833333333334,2477.18,0.0033333333335576754
Farm Harvest,Paddy,OD22,2013-14,1309.9966666666667,1310.0,0.0033333333333303017
Farm Harvest,Paddy,OD22,2014-15,1360.0,1360.0,0.0
Farm Harvest,Paddy,OD22,2015-16,1410.0,1410.0,0.0
Farm Harvest,Paddy,OD22,2016-17,1470.0,1470.0,0.0
Farm Harvest,Paddy,OD22,2017-18,1550.0,1550.0,0.0
Farm Harvest,Paddy,OD22,2018-19,1750.0,1750.0,0.0
Farm Harvest,Paddy,OD22,2019-20,1854.3500000000001,1854.35,2.2737367544323206e-13
Farm Harvest,Paddy,OD22,2020-21,1964.92,1964.92,0.0
Farm Harvest,Paddy,OD22,2021-22,2082.0866666666666,2082.08,0.006666666666660603
Farm Harvest,Paddy,OD22,2022-23,2206.233333333333,2206.23,0.003333333333102928
Farm Harvest,Paddy,OD22,2023-24,2337.7833333333333,2337.79,0.006666666666660603
Farm Harvest,Paddy,OD22,2024-25,2477.1833333333334,2477.18,0.0033333333335576754
Farm Harvest,Paddy,OD23,2013-14,1310.0033333333333,1310.0,0.0033333333333303017
Farm Harvest,Paddy,OD23,2014-15,1360.0,1360.0,0.0
Farm Harvest,Paddy,OD23,2015-16,1410.0,1410.0,0.0
Farm Harvest,Paddy,OD23,2016-17,1470.0,1470.0,0.0
Farm Harvest,Paddy,OD23,2017-18,1550.0,1550.0,0.0
Farm Harvest,Paddy,OD23,2018-19,1750.0,1750.0,0.0
Farm Harvest,Paddy,OD23,2019-20,1854.3500000000001,1854.35,2.2737367544323206e-13
Farm Harvest,Paddy,OD23,2020-21,1964.92,1964.92,0.0
Farm Harvest,Paddy,OD23,2021-22,2082.08,2082.08,0.0
Farm Harvest,Paddy,OD23,2022-23,2206.2333333333336,2206.23,0.0033333333335576754
Farm Harvest,Paddy,OD23,2023-24,2337.7866666666664,2337.79,0.0033333333335576754
Farm Harvest,Paddy,OD23,2024-25,2477.183333333333,2477.18,0.003333333333102928
Farm Harvest,Paddy,OD24,2013-14,1310.0033333333333,1310.0,0.0033333333333303017
Farm Harvest,Paddy,OD24,2014-15,1360.0,1360.0,0.0
Farm Harvest,Paddy,OD24,2015-16,1410.0,1410.0,0.0
Farm Harvest,Paddy,OD24,2016-17,1470.0,1470.0,0.0
Farm Harvest,Paddy,OD24,2017-18,1625.0,1625.0,0.0
Farm Harvest,Paddy,OD24,2018-19,1750.0,1750.0,0.0
Farm Harvest,Paddy,OD24,2019-20,1854.3500000000001,1854.35,2.2737367544323206e-13
Farm Harvest,Paddy,OD24,2020-21,1964.92,1964.92,0.0
Farm Harvest,Paddy,OD24,2021-22,2082.08,2082.08,0.0
Farm Harvest,Paddy,OD24,2022-23,2206.23,2206.23,0.0
Farm Harvest,Paddy,OD24,2023-24,2337.786666666667,2337.79,0.003333333333102928
Farm Harvest,Paddy,OD24,2024-25,2477.18,2477.18,0.0
Farm Harvest,Paddy,OD25,2013-14,1310.0,1310.0,0.0
Farm Harvest,Paddy,OD25,2014-15,1360.0,1360.0,0.0
Farm Harvest,Paddy,OD25,2015-16,1410.0033333333333,1410.0,0.0033333333333303017
Farm Harvest,Paddy,OD25,2016-17,1470.0,1470.0,0.0
Farm Harvest,Paddy,OD25,2017-18,1550.0,1550.0,0.0
Farm Harvest,Paddy,OD25,2018-19,1750.0,1750.0,0.0
Farm Harvest,Paddy,OD25,2019-20,1854.3466666666666,1854.35,0.0033333333333303017
Farm Harvest,Paddy,OD25,2020-21,1964.9166666666667,1964.92,0.0033333333333303017
Farm Harvest,Paddy,OD25,2021-22,2082.08,2082.08,0.0
Farm Harvest,Paddy,OD25,2022-23,2206.236666666666,2206.23,0.006666666666205856
Farm Harvest,Paddy,OD25,2023-24,2337.786666666667,2337.79,0.003333333333102928
Farm Harvest,Paddy,OD25,2024-25,2477.1833333333334,2477.18,0.0033333333335576754
Farm Harvest,Paddy,OD26,2013-14,1310.0,1310.0,0.0
Farm Harvest,Paddy,OD26,2014-15,1360.0,1360.0,0.0
Farm Harvest,Paddy,OD26,2015-16,1410.0,1410.0,0.0
Farm Harvest,Paddy,OD26,2016-17,1470.0,1470.0,0.0
Farm Harvest,Paddy,OD26,2017-18,1550.0,1550.0,0.0
Farm Harvest,Paddy,OD26,2018-19,1750.0,1750.0,0.0
Farm Harvest,Paddy,OD26,2019-20,1854.3466666666666,1854.35,0.0033333333333303017
Farm Harvest,Paddy,OD26,2020-21,1964.9166666666667,1964.92,0.0033333333333303017
Farm Harvest,Paddy,OD26,2021-22,2082.0833333333335,2082.08,0.0033333333335576754
Farm Harvest,Paddy,OD26,2022-23,2206.236666666666,2206.23,0.006666666666205856
Farm Harvest,Paddy,OD26,2023-24,2337.7866666666664,2337.79,0.0033333333335576754
Farm Harvest,Paddy,OD26,2024-25,2477.183333333333,2477.18,0.003333333333102928
Farm Harvest,Paddy,OD27,2013-14,1310.0,1310.0,0.0
Farm Harvest,Paddy,OD27,2014-15,1360.0,1360.0,0.0
Farm Harvest,Paddy,OD27,2015-16,1409.9966666666667,1410.0,0.0033333333333303017
Farm Harvest,Paddy,OD27,2016-17,1470.0,1470.0,0.0
Farm Harvest,Paddy,OD27,2017-18,1550.0,1550.0,0.0
Farm Harvest,Paddy,OD27,2018-19,1750.0,1750.0,0.0
Farm Harvest,Paddy,OD27,2019-20,1854.3499999999997,1854.35,2.2737367544323206e-13
Farm Harvest,Paddy,OD27,2020-21,1964.9166666666667,1964.92,0.0033333333333303017
Farm Harvest,Paddy,OD27,2021-22,2082.0833333333335,2082.08,0.0033333333335576754
Farm Harvest,Paddy,OD27,2022-23,2206.2333333333336,2206.23,0.0033333333335576754
Farm Harvest,Paddy,OD27,2023-24,2337.786666666667,2337.79,0.003333333333102928
Farm Harvest,Paddy,OD27,2024-25,2477.183333333333,2477.18,0.003333333333102928
Farm Harvest,Paddy,OD28,2013-14,1310.0033333333333,1310.0,0.0033333333333303017
Farm Harvest,Paddy,OD28,2014-15,1360.0,1360.0,0.0
Farm Harvest,Paddy,OD28,2015-16,1410.0033333333333,1410.0,0.0033333333333303017
Farm Harvest,Paddy,OD28,2016-17,1470.0,1470.0,0.0
Farm Harvest,Paddy,OD28,2017-18,1550.0,1550.0,0.0
Farm Harvest,Paddy,OD28,2018-19,1750.0,1750.0,0.0
Farm Harvest,Paddy,OD28,2019-20,1854.3500000000001,1854.35,2.2737367544323206e-13
Farm Harvest,Paddy,OD28,2020-21,1964.92,1964.92,0.0
Farm Harvest,Paddy,OD28,2021-22,2082.0833333333335,2082.08,0.0033333333335576754
Farm Harvest,Paddy,OD28,2022-23,2206.2366666666667,2206.23,0.006666666666660603
Farm Harvest,Paddy,OD28,2023-24,2337.7833333333333,2337.79,0.006666666666660603
Farm Harvest,Paddy,OD28,2024-25,2477.183333333333,2477.18,0.003333333333102928
Farm Harvest,Paddy,OD29,2013-14,1310.0,1310.0,0.0
Farm Harvest,Paddy,OD29,2014-15,1360.0033333333333,1360.0,0.0033333333333303017
Farm Harvest,Paddy,OD29,2015-16,1433.0,1433.0,0.0
Farm Harvest,Paddy,OD29,2016-17,1470.0033333333333,1470.0,0.0033333333333303017
Farm Harvest,Paddy,OD29,2017-18,1549.9966666666667,1550.0,0.0033333333333303017
Farm Harvest,Paddy,OD29,2018-19,1750.0,1750.0,0.0
Farm Harvest,Paddy,OD29,2019-20,1854.3466666666666,1854.35,0.0033333333333303017
Farm Harvest,Paddy,OD29,2020-21,1964.92,1964.92,0.0
Farm Harvest,Paddy,OD29,2021-22,2082.0866666666666,2082.08,0.006666666666660603
Farm Harvest,Paddy,OD29,2022-23,2206.23,2206.23,0.0
Farm Harvest,Paddy,OD29,2023-24,2337.7866666666664,2337.79,0.0033333333335576754
Farm Harvest,Paddy,OD29,2024-25,2477.18,2477.18,0.0
Farm Harvest,Paddy,OD30,2013-14,1310.0033333333333,1310.0,0.0033333333333303017
Farm Harvest,Paddy,OD30,2014-15,1359.9966666666667,1360.0,0.0033333333333303017
Farm Harvest,Paddy,OD30,2015-16,1410.0,1410.0,0.0
Farm Harvest,Paddy,OD30,2016-17,1470.0,1470.0,0.0
Farm Harvest,Paddy,OD30,2017-18,1550.0,1550.0,0.0
Farm Harvest,Paddy,OD30,2018-19,1750.0,1750.0,0.0
Farm Harvest,Paddy,OD30,2019-20,1854.3466666666666,1854.35,0.0033333333333303017
Farm Harvest,Paddy,OD30,2020-21,1964.92,1964.92,0.0
Farm Harvest,Paddy,OD30,2021-22,2082.08,2082.08,0.0
Farm Harvest,Paddy,OD30,2022-23,2206.2333333333336,2206.23,0.0033333333335576754
Farm Harvest,Paddy,OD30,2023-24,2337.7866666666664,2337.79,0.0033333333335576754
Farm Harvest,Paddy,OD30,2024-25,2477.1833333333334,2477.18,0.0033333333335576754
Farm Harvest,Potato,OD01,2013-14,800.0,800.0,0.0
Farm Harvest,Potato,OD01,2014-15,725.0,725.0,0.0
Farm Harvest,Potato,OD01,2015-16,906.0033333333334,906.0,0.0033333333334439885
Farm Harvest,Potato,OD01,2016-17,883.0,883.0,0.0
Farm Harvest,Potato,OD01,2017-18,994.0,994.0,0.0
Farm Harvest,Potato,OD01,2018-19,1267.0,1267.0,0.0
Farm Harvest,Potato,OD01,2019-20,1355.25,1355.25,0.0
Farm Harvest,Potato,OD01,2020-21,1449.6433333333334,1449.65,0.006666666666660603
Farm Harvest,Potato,OD01,2021-22,1550.6166666666668,1550.62,0.003333333333102928
Farm Harvest,Potato,OD01,2022-23,1658.62,1658.62,0.0
Farm Harvest,Potato,OD01,2023-24,1774.1466666666668,1774.15,0.0033333333333303017
Farm Harvest,Potato,OD01,2024-25,1897.7166666666665,1897.72,0.0033333333335576754
Farm Harvest,Potato,OD02,2013-14,881.3133333333334,881.31,0.0033333333334439885
Farm Harvest,Potato,OD02,2014-15,802.6966666666667,802.7,0.0033333333333303017
Farm Harvest,Potato,OD02,2015-16,929.57,929.57,0.0
Farm Harvest,Potato,OD02,2016-17,813.0,813.0,0.0
Farm Harvest,Potato,OD02,2017-18,1166.9966666666667,1167.0,0.0033333333333303017
Farm Harvest,Potato,OD02,2018-19,1100.0,1100.0,0.0
Farm Harvest,Potato,OD02,2019-20,1176.62,1176.62,0.0
Farm Harvest,Potato,OD02,2020-21,1258.5733333333335,1258.57,0.0033333333335576754
Farm Harvest,Potato,OD02,2021-22,1346.2333333333333,1346.23,0.0033333333333303017
Farm Harvest,Potato,OD02,2022-23,1440.0033333333333,1440.0,0.0033333333333303017
Farm Harvest,Potato,OD02,2023-24,1540.3,1540.3,0.0
Farm Harvest,Potato,OD02,2024-25,1647.5866666666668,1647.59,0.003333333333102928
Farm Harvest,Potato,OD03,2013-14,780.0,780.0,0.0
Farm Harvest,Potato,OD03,2014-15,740.0,740.0,0.0
Farm Harvest,Potato,OD03,2015-16,799.9966666666666,800.0,0.0033333333334439885
Farm Harvest,Potato,OD03,2016-17,838.0,838.0,0.0
Farm Harvest,Potato,OD03,2017-18,680.0,680.0,0.0
Farm Harvest,Potato,OD03,2018-19,1050.0,1050.0,0.0
Farm Harvest,Potato,OD03,2019-20,1123.1333333333332,1123.13,0.003333333333102928
Farm Harvest,Potato,OD03,2020-21,1201.3633333333335,1201.36,0.0033333333335576754
Farm Harvest,Potato,OD03,2021-22,1285.04,1285.04,0.0
Farm Harvest,Potato,OD03,2022-23,1374.5466666666664,1374.55,0.0033333333335576754
Farm Harvest,Potato,OD03,2023-24,1470.2866666666666,1470.29,0.0033333333333303017
Farm Harvest,Potato,OD03,2024-25,1572.6966666666667,1572.7,0.0033333333333303017
Farm Harvest,Potato,OD04,2013-14,800.0033333333334,800.0,0.0033333333334439885
Farm Harvest,Potato,OD04,2014-15,730.0033333333334,730.0,0.0033333333334439885
Farm Harvest,Potato,OD04,2015-16,875.0033333333334,875.0,0.0033333333334439885
Farm Harvest,Potato,OD04,2016-17,880.0033333333334,880.0,0.0033333333334439885
Farm Harvest,Potato,OD04,2017-18,992.0,992.0,0.0
Farm Harvest,Potato,OD04,2018-19,1246.0,1246.0,0.0
Farm Harvest,Potato,OD04,2019-20,1332.7866666666666,1332.79,0.0033333333333303017
Farm Harvest,Potato,OD04,2020-21,1425.62,1425.62,0.0
Farm Harvest,Potato,OD04,2021-22,1524.9133333333332,1524.92,0.006666666666887977
Farm Harvest,Potato,OD04,2022-23,1631.1266666666668,1631.13,0.0033333333333303017
Farm Harvest,Potato,OD04,2023-24,1744.74,1744.74,0.0
Farm Harvest,Potato,OD04,2024-25,1866.2666666666667,1866.26,0.006666666666660603
Farm Harvest,Potato,OD05,2013-14,868.0033333333334,868.0,0.0033333333334439885
Farm Harvest,Potato,OD05,2014-15,787.0,787.0,0.0
Farm Harvest,Potato,OD05,2015-16,867.0,867.0,0.0
Farm Harvest,Potato,OD05,2016-17,820.0,820.0,0.0
Farm Harvest,Potato,OD05,2017-18,950.0,950.0,0.0
Farm Harvest,Potato,OD05,2018-19,1229.9966666666667,1230.0,0.0033333333333303017
Farm Harvest,Potato,OD05,2019-20,1315.6733333333334,1315.67,0.0033333333333303017
Farm Harvest,Potato,OD05,2020-21,1407.3133333333333,1407.31,0.0033333333333303017
Farm Harvest,Potato,OD05,2021-22,1505.3333333333333,1505.33,0.0033333333333303017
Farm Harvest,Potato,OD05,2022-23,1610.1866666666665,1610.18,0.00666666666643323
Farm Harvest,Potato,OD05,2023-24,1722.3333333333333,1722.34,0.006666666666660603
Farm Harvest,Potato,OD05,2024-25,1842.3,1842.3,0.0
Farm Harvest,Potato,OD06,2013-14,850.0,850.0,0.0
Farm Harvest,Potato,OD06,2014-15,800.0033333333334,800.0,0.0033333333334439885
Farm Harvest,Potato,OD06,2015-16,924.9966666666666,925.0,0.0033333333334439885
Farm Harvest,Potato,OD06,2016-17,933.0033333333334,933.0,0.0033333333334439885
Farm Harvest,Potato,OD06,2017-18,1000.0,1000.0,0.0
Farm Harvest,Potato,OD06,2018-19,1400.0,1400.0,0.0
Farm Harvest,Potato,OD06,2019-20,1497.5133333333333,1497.51,0.0033333333333303017
Farm Harvest,Potato,OD06,2020-21,1601.8166666666666,1601.82,0.0033333333333303017
Farm Harvest,Potato,OD06,2021-22,1713.3866666666665,1713.39,0.0033333333335576754
Farm Harvest,Potato,OD06,2022-23,1832.7300000000002,1832.73,2.2737367544323206e-13
Farm Harvest,Potato,OD06,2023-24,1960.3833333333332,1960.38,0.003333333333102928
Farm Harvest,Potato,OD06,2024-25,2096.9266666666667,2096.93,0.003333333333102928
Farm Harvest,Potato,OD07,2013-14,866.0,866.0,0.0
Farm Harvest,Potato,OD07,2014-15,785.0,785.0,0.0
Farm Harvest,Potato,OD07,2015-16,899.9966666666666,900.0,0.0033333333334439885
Farm Harvest,Potato,OD07,2016-17,586.0,586.0,0.0
Farm Harvest,Potato,OD07,2017-18,943.0,943.0,0.0
Farm Harvest,Potato,OD07,2018-19,1077.0033333333333,1077.0,0.0033333333333303017
Farm Harvest,Potato,OD07,2019-20,1152.0166666666667,1152.02,0.0033333333333303017
Farm Harvest,Potato,OD07,2020-21,1232.2533333333333,1232.26,0.006666666666660603
Farm Harvest,Potato,OD07,2021-22,1318.0866666666668,1318.08,0.006666666666887977
Farm Harvest,Potato,OD07,2022-23,1409.8933333333334,1409.89,0.0033333333333303017
Farm Harvest,Potato,OD07,2023-24,1508.0933333333332,1508.09,0.0033333333333303017
Farm Harvest,Potato,OD07,2024-25,1613.14,1613.14,0.0
Farm Harvest,Potato,OD08,2013-14,865.0,865.0,0.0
Farm Harvest,Potato,OD08,2014-15,784.0033333333334,784.0,0.0033333333334439885
Farm Harvest,Potato,OD08,2015-16,950.0,950.0,0.0
Farm Harvest,Potato,OD08,2016-17,942.0,942.0,0.0
Farm Harvest,Potato,OD08,2017-18,994.0,994.0,0.0
Farm Harvest,Potato,OD08,2018-19,1367.0,1367.0,0.0
Farm Harvest,Potato,OD08,2019-20,1462.2133333333331,1462.21,0.003333333333102928
Farm Harvest,Potato,OD08,2020-21,1564.0633333333335,1564.06,0.0033333333335576754
Farm Harvest,Potato,OD08,2021-22,1673.0,1673.0,0.0
Farm Harvest,Potato,OD08,2022-23,1789.53,1789.53,0.0
Farm Harvest,Potato,OD08,2023-24,1914.1733333333334,1914.17,0.0033333333333303017
Farm Harvest,Potato,OD08,2024-25,2047.5,2047.5,0.0
Farm Harvest,Potato,OD09,2013-14,862.0,862.0,0.0
Farm Harvest,Potato,OD09,2014-15,781.0033333333334,781.0,0.0033333333334439885
Farm Harvest,Potato,OD09,2015-16,900.0,900.0,0.0
Farm Harvest,Potato,OD09,2016-17,793.0,793.0,0.0
Farm Harvest,Potato,OD09,2017-18,991.0,991.0,0.0
Farm Harvest,Potato,OD09,2018-19,1385.0,1385.0,0.0
Farm Harvest,Potato,OD09,2019-20,1481.4666666666665,1481.47,0.0033333333335576754
Farm Harvest,Potato,OD09,2020-21,1584.6566666666668,1584.66,0.0033333333333303017
Farm Harvest,Potato,OD09,2021-22,1695.03,1695.03,0.0
Farm Harvest,Potato,OD09,2022-23,1813.0900000000001,1813.09,2.2737367544323206e-13
Farm Harvest,Potato,OD09,2023-24,1939.3766666666668,1939.38,0.0033333333333303017
Farm Harvest,Potato,OD09,2024-25,2074.46,2074.46,0.0
Farm Harvest,Potato,OD10,2013-14,849.8266666666667,849.83,0.0033333333333303017
Farm Harvest,Potato,OD10,2014-15,745.0,745.0,0.0
Farm Harvest,Potato,OD10,2015-16,833.0,833.0,0.0
Farm Harvest,Potato,OD10,2016-17,767.0033333333334,767.0,0.0033333333334439885
Farm Harvest,Potato,OD10,2017-18,996.0,996.0,0.0
Farm Harvest,Potato,OD10,2018-19,1374.0,1374.0,0.0
Farm Harvest,Potato,OD10,2019-20,1469.7033333333331,1469.7,0.003333333333102928
Farm Harvest,Potato,OD10,2020-21,1572.07,1572.07,0.0
Farm Harvest,Potato,OD10,2021-22,1681.5666666666666,1681.57,0.0033333333333303017
Farm Harvest,Potato,OD10,2022-23,1798.6899999999998,1798.69,2.2737367544323206e-13
Farm Harvest,Potato,OD10,2023-24,1923.9733333333334,1923.97,0.0033333333333303017
Farm Harvest,Potato,OD10,2024-25,2057.98,2057.98,0.0
Farm Harvest,Potato,OD11,2013-14,805.0,805.0,0.0
Farm Harvest,Potato,OD11,2014-15,730.0,730.0,0.0
Farm Harvest,Potato,OD11,2015-16,825.0,825.0,0.0
Farm Harvest,Potato,OD11,2016-17,600.0,600.0,0.0
Farm Harvest,Potato,OD11,2017-18,912.9966666666666,913.0,0.0033333333334439885
Farm Harvest,Potato,OD11,2018-19,1274.0033333333333,1274.0,0.0033333333333303017
Farm Harvest,Potato,OD11,2019-20,1362.7366666666667,1362.74,0.0033333333333303017
Farm Harvest,Potato,OD11,2020-21,1457.6499999999999,1457.65,2.2737367544323206e-13
Farm Harvest,Potato,OD11,2021-22,1559.18,1559.18,0.0
Farm Harvest,Potato,OD11,2022-23,1667.7833333333335,1667.78,0.0033333333335576754
Farm Harvest,Potato,OD11,2023-24,1783.9466666666667,1783.95,0.0033333333333303017
Farm Harvest,Potato,OD11,2024-25,1908.2033333333336,1908.2,0.0033333333335576754
Farm Harvest,Potato,OD12,2013-14,890.0033333333334,890.0,0.0033333333334439885
Farm Harvest,Potato,OD12,2014-15,815.0,815.0,0.0
Farm Harvest,Potato,OD12,2015-16,860.0,860.0,0.0
Farm Harvest,Potato,OD12,2016-17,867.0,867.0,0.0
Farm Harvest,Potato,OD12,2017-18,915.0033333333334,915.0,0.0033333333334439885
Farm Harvest,Potato,OD12,2018-19,1240.0,1240.0,0.0
Farm Harvest,Potato,OD12,2019-20,1326.37,1326.37,0.0
Farm Harvest,Potato,OD12,2020-21,1418.75,1418.75,0.0
Farm Harvest,Potato,OD12,2021-22,1517.573333333333,1517.57,0.003333333333102928
Farm Harvest,Potato,OD12,2022-23,1623.2733333333333,1623.27,0.0033333333333303017
Farm Harvest,Potato,OD12,2023-24,1736.3366666666668,1736.34,0.003333333333102928
Farm Harvest,Potato,OD12,2024-25,1857.2766666666666,1857.28,0.0033333333333303017
Farm Harvest,Potato,OD13,2013-14,860.0,860.0,0.0
Farm Harvest,Potato,OD13,2014-15,780.0,780.0,0.0
Farm Harvest,Potato,OD13,2015-16,833.0,833.0,0.0
Farm Harvest,Potato,OD13,2016-17,733.0033333333334,733.0,0.0033333333334439885
Farm Harvest,Potato,OD13,2017-18,995.0,995.0,0.0
Farm Harvest,Potato,OD13,2018-19,1000.0,1000.0,0.0
Farm Harvest,Potato,OD13,2019-20,1069.6533333333334,1069.65,0.0033333333333303017
Farm Harvest,Potato,OD13,2020-21,1144.1566666666668,1144.16,0.0033333333333303017
Farm Harvest,Potato,OD13,2021-22,1223.8466666666666,1223.85,0.0033333333333303017
Farm Harvest,Potato,OD13,2022-23,1309.09,1309.09,0.0
Farm Harvest,Potato,OD13,2023-24,1400.2733333333333,1400.27,0.0033333333333303017
Farm Harvest,Potato,OD13,2024-25,1497.8033333333333,1497.8,0.0033333333333303017
Farm Harvest,Potato,OD14,2013-14,925.0,925.0,0.0
Farm Harvest,Potato,OD14,2014-15,840.0,840.0,0.0
Farm Harvest,Potato,OD14,2015-16,1000.0,1000.0,0.0
Farm Harvest,Potato,OD14,2016-17,900.0,900.0,0.0
Farm Harvest,Potato,OD14,2017-18,982.0,982.0,0.0
Farm Harvest,Potato,OD14,2018-19,982.0,982.0,0.0
Farm Harvest,Potato,OD14,2019-20,1050.3966666666668,1050.4,0.0033333333333303017
Farm Harvest,Potato,OD14,2020-21,1123.5633333333333,1123.56,0.0033333333333303017
Farm Harvest,Potato,OD14,2021-22,1201.8166666666666,1201.82,0.0033333333333303017
Farm Harvest,Potato,OD14,2022-23,1285.5266666666666,1285.53,0.0033333333333303017
Farm Harvest,Potato,OD14,2023-24,1375.0666666666666,1375.07,0.0033333333333303017
Farm Harvest,Potato,OD14,2024-25,1470.8466666666666,1470.84,0.006666666666660603
Farm Harvest,Potato,OD15,2013-14,642.73,642.73,0.0
Farm Harvest,Potato,OD15,2014-15,585.3966666666666,585.4,0.0033333333333303017
Farm Harvest,Potato,OD15,2015-16,677.9233333333333,677.92,0.0033333333333303017
Farm Harvest,Potato,OD15,2016-17,634.38,634.38,0.0
Farm Harvest,Potato,OD15,2017-18,724.93,724.93,0.0
Farm Harvest,Potato,OD15,2018-19,900.0,900.0,0.0
Farm Harvest,Potato,OD15,2019-20,962.6866666666666,962.69,0.0033333333334439885
Farm Harvest,Potato,OD15,2020-21,1029.74,1029.74,0.0
Farm Harvest,Potato,OD15,2021-22,1101.46,1101.46,0.0
Farm Harvest,Potato,OD15,2022-23,1178.1833333333334,1178.18,0.0033333333333303017
Farm Harvest,Potato,OD15,2023-24,1260.2433333333333,1260.25,0.006666666666660603
Farm Harvest,Potato,OD15,2024-25,1348.0266666666666,1348.02,0.006666666666660603
Farm Harvest,Potato,OD16,2013-14,870.0033333333334,870.0,0.0033333333334439885
Farm Harvest,Potato,OD16,2014-15,785.0,785.0,0.0
Farm Harvest,Potato,OD16,2015-16,953.0,953.0,0.0
Farm Harvest,Potato,OD16,2016-17,850.0,850.0,0.0
Farm Harvest,Potato,OD16,2017-18,943.0,943.0,0.0
Farm Harvest,Potato,OD16,2018-19,950.0,950.0,0.0
Farm Harvest,Potato,OD16,2019-20,1016.1700000000001,1016.17,1.1368683772161603e-13
Farm Harvest,Potato,OD16,2020-21,1086.9466666666667,1086.95,0.0033333333333303017
Farm Harvest,Potato,OD16,2021-22,1162.6566666666668,1162.66,0.0033333333333303017
Farm Harvest,Potato,OD16,2022-23,1243.6366666666665,1243.64,0.0033333333335576754
Farm Harvest,Potato,OD16,2023-24,1330.2566666666664,1330.26,0.0033333333335576754
Farm Harvest,Potato,OD16,2024-25,1422.9133333333332,1422.91,0.003333333333102928
Farm Harvest,Potato,OD17,2013-14,806.0033333333334,806.0,0.0033333333334439885
Farm Harvest,Potato,OD17,2014-15,700.0,700.0,0.0
Farm Harvest,Potato,OD17,2015-16,800.0,800.0,0.0
Farm Harvest,Potato,OD17,2016-17,767.0,767.0,0.0
Farm Harvest,Potato,OD17,2017-18,850.0,850.0,0.0
Farm Harvest,Potato,OD17,2018-19,1025.0,1025.0,0.0
Farm Harvest,Potato,OD17,2019-20,1096.3933333333334,1096.39,0.0033333333333303017
Farm Harvest,Potato,OD17,2020-21,1172.76,1172.76,0.0
Farm Harvest,Potato,OD17,2021-22,1254.4433333333334,1254.44,0.0033333333333303017
Farm Harvest,Potato,OD17,2022-23,1341.82,1341.82,0.0
Farm Harvest,Potato,OD17,2023-24,1435.28,1435.28,0.0
Farm Harvest,Potato,OD17,2024-25,1535.25,1535.25,0.0
Farm Harvest,Potato,OD18,2013-14,937.0,937.0,0.0
Farm Harvest,Potato,OD18,2014-15,850.0,850.0,0.0
Farm Harvest,Potato,OD18,2015-16,967.0,967.0,0.0
Farm Harvest,Potato,OD18,2016-17,900.0,900.0,0.0
Farm Harvest,Potato,OD18,2017-18,953.0,953.0,0.0
Farm Harvest,Potato,OD18,2018-19,1127.0,1127.0,0.0
Farm Harvest,Potato,OD18,2019-20,1205.4966666666667,1205.5,0.0033333333333303017
Farm Harvest,Potato,OD18,2020-21,1289.4633333333334,1289.46,0.0033333333333303017
Farm Harvest,Potato,OD18,2021-22,1379.2766666666666,1379.28,0.0033333333333303017
Farm Harvest,Potato,OD18,2022-23,1475.3466666666666,1475.35,0.0033333333333303017
Farm Harvest,Potato,OD18,2023-24,1578.11,1578.11,0.0
Farm Harvest,Potato,OD18,2024-25,1688.0233333333333,1688.03,0.006666666666660603
Farm Harvest,Potato,OD19,2013-14,824.0,824.0,0.0
Farm Harvest,Potato,OD19,2014-15,750.0,750.0,0.0
Farm Harvest,Potato,OD19,2015-16,825.0,825.0,0.0
Farm Harvest,Potato,OD19,2016-17,799.9966666666666,800.0,0.0033333333334439885
Farm Harvest,Potato,OD19,2017-18,815.0,815.0,0.0
Farm Harvest,Potato,OD19,2018-19,815.0,815.0,0.0
Farm Harvest,Potato,OD19,2019-20,871.7666666666668,871.77,0.003333333333216615
Farm Harvest,Potato,OD19,2020-21,932.4866666666667,932.49,0.0033333333333303017
Farm Harvest,Potato,OD19,2021-22,997.4366666666666,997.44,0.0033333333334439885
Farm Harvest,Potato,OD19,2022-23,1066.91,1066.91,0.0
Farm Harvest,Potato,OD19,2023-24,1141.2233333333334,1141.22,0.0033333333333303017
Farm Harvest,Potato,OD19,2024-25,1220.71,1220.71,0.0
Farm Harvest,Potato,OD20,2013-14,818.0,818.0,0.0
Farm Harvest,Potato,OD20,2014-15,740.0033333333334,740.0,0.0033333333334439885
Farm Harvest,Potato,OD20,2015-16,821.9966666666666,822.0,0.0033333333334439885
Farm Harvest,Potato,OD20,2016-17,808.0,808.0,0.0
Farm Harvest,Potato,OD20,2017-18,926.9966666666666,927.0,0.0033333333334439885
Farm Harvest,Potato,OD20,2018-19,1355.0,1355.0,0.0
Farm Harvest,Potato,OD20,2019-20,1449.3799999999999,1449.38,2.2737367544323206e-13
Farm Harvest,Potato,OD20,2020-21,1550.33,1550.33,0.0
Farm Harvest,Potato,OD20,2021-22,1658.3133333333333,1658.31,0.0033333333333303017
Farm Harvest,Potato,OD20,2022-23,1773.8166666666666,1773.82,0.0033333333333303017
Farm Harvest,Potato,OD20,2023-24,1897.37,1897.37,0.0
Farm Harvest,Potato,OD20,2024-25,2029.5233333333333,2029.53,0.006666666666660603
Farm Harvest,Potato,OD21,2013-14,1045.3500000000001,1045.35,2.2737367544323206e-13
Farm Harvest,Potato,OD21,2014-15,952.1,952.1,0.0
Farm Harvest,Potato,OD21,2015-16,1102.5833333333333,1102.58,0.0033333333333303017
Farm Harvest,Potato,OD21,2016-17,1031.7633333333333,1031.76,0.0033333333333303017
Farm Harvest,Potato,OD21,2017-18,1083.0033333333333,1083.0,0.0033333333333303017
Farm Harvest,Potato,OD21,2018-19,1583.0,1583.0,0.0
Farm Harvest,Potato,OD21,2019-20,1693.2600000000002,1693.26,2.2737367544323206e-13
Farm Harvest,Potato,OD21,2020-21,1811.2,1811.2,0.0
Farm Harvest,Potato,OD21,2021-22,1937.3500000000001,1937.35,2.2737367544323206e-13
Farm Harvest,Potato,OD21,2022-23,2072.2933333333335,2072.29,0.0033333333335576754
Farm Harvest,Potato,OD21,2023-24,2216.6299999999997,2216.63,4.547473508864641e-13
Farm Harvest,Potato,OD21,2024-25,2371.023333333333,2371.03,0.006666666667115351
Farm Harvest,Potato,OD22,2013-14,893.9166666666666,893.91,0.006666666666660603
Farm Harvest,Potato,OD22,2014-15,874.9966666666666,875.0,0.0033333333334439885
Farm Harvest,Potato,OD22,2015-16,950.0033333333334,950.0,0.0033333333334439885
Farm Harvest,Potato,OD22,2016-17,910.0033333333334,910.0,0.0033333333334439885
Farm Harvest,Potato,OD22,2017-18,982.0,982.0,0.0
Farm Harvest,Potato,OD22,2018-19,1142.0,1142.0,0.0
Farm Harvest,Potato,OD22,2019-20,1221.5433333333333,1221.54,0.0033333333333303017
Farm Harvest,Potato,OD22,2020-21,1306.6266666666668,1306.63,0.0033333333333303017
Farm Harvest,Potato,OD22,2021-22,1397.6366666666665,1397.63,0.00666666666643323
Farm Harvest,Potato,OD22,2022-23,1494.9800000000002,1494.98,2.2737367544323206e-13
Farm Harvest,Potato,OD22,2023-24,1599.11,1599.11,0.0
Farm Harvest,Potato,OD22,2024-25,1710.493333333333,1710.49,0.003333333333102928
Farm Harvest,Potato,OD23,2013-14,958.0,958.0,0.0
Farm Harvest,Potato,OD23,2014-15,870.0,870.0,0.0
Farm Harvest,Potato,OD23,2015-16,945.0033333333334,945.0,0.0033333333334439885
Farm Harvest,Potato,OD23,2016-17,935.0,935.0,0.0
Farm Harvest,Potato,OD23,2017-18,989.9966666666666,990.0,0.0033333333334439885
Farm Harvest,Potato,OD23,2018-19,1239.0,1239.0,0.0
Farm Harvest,Potato,OD23,2019-20,1325.3,1325.3,0.0
Farm Harvest,Potato,OD23,2020-21,1417.61,1417.61,0.0
Farm Harvest,Potato,OD23,2021-22,1516.3500000000001,1516.35,2.2737367544323206e-13
Farm Harvest,Potato,OD23,2022-23,1621.966666666667,1621.96,0.006666666666887977
Farm Harvest,Potato,OD23,2023-24,1734.9366666666667,1734.94,0.0033333333333303017
Farm Harvest,Potato,OD23,2024-25,1855.7833333333335,1855.78,0.0033333333335576754
Farm Harvest,Potato,OD24,2013-14,897.9933333333333,897.99,0.0033333333333303017
Farm Harvest,Potato,OD24,2014-15,817.89,817.89,0.0
Farm Harvest,Potato,OD24,2015-16,900.0,900.0,0.0
Farm Harvest,Potato,OD24,2016-17,886.3266666666667,886.32,0.006666666666660603
Farm Harvest,Potato,OD24,2017-18,884.0,884.0,0.0
Farm Harvest,Potato,OD24,2018-19,1480.0,1480.0,0.0
Farm Harvest,Potato,OD24,2019-20,1583.0866666666668,1583.09,0.003333333333102928
Farm Harvest,Potato,OD24,2020-21,1693.3500000000001,1693.35,2.2737367544323206e-13
Farm Harvest,Potato,OD24,2021-22,1811.2966666666664,1811.3,0.0033333333335576754
Farm Harvest,Potato,OD24,2022-23,1937.4533333333331,1937.46,0.006666666666887977
Farm Harvest,Potato,OD24,2023-24,2072.4033333333336,2072.4,0.0033333333335576754
Farm Harvest,Potato,OD24,2024-25,2216.75,2216.75,0.0
Farm Harvest,Potato,OD25,2013-14,971.9966666666666,972.0,0.0033333333334439885
Farm Harvest,Potato,OD25,2014-15,885.0,885.0,0.0
Farm Harvest,Potato,OD25,2015-16,985.0,985.0,0.0
Farm Harvest,Potato,OD25,2016-17,985.0033333333334,985.0,0.0033333333334439885
Farm Harvest,Potato,OD25,2017-18,1081.0033333333333,1081.0,0.0033333333333303017
Farm Harvest,Potato,OD25,2018-19,1245.9966666666667,1246.0,0.0033333333333303017
Farm Harvest,Potato,OD25,2019-20,1332.7866666666666,1332.79,0.0033333333333303017
Farm Harvest,Potato,OD25,2020-21,1425.6166666666668,1425.62,0.003333333333102928
Farm Harvest,Potato,OD25,2021-22,1524.9133333333332,1524.92,0.006666666666887977
Farm Harvest,Potato,OD25,2022-23,1631.13,1631.13,0.0
Farm Harvest,Potato,OD25,2023-24,1744.7366666666667,1744.74,0.0033333333333303017
Farm Harvest,Potato,OD25,2024-25,1866.2633333333333,1866.26,0.0033333333333303017
Farm Harvest,Potato,OD26,2013-14,822.0,822.0,0.0
Farm Harvest,Potato,OD26,2014-15,745.9966666666668,746.0,0.003333333333216615
Farm Harvest,Potato,OD26,2015-16,871.0,871.0,0.0
Farm Harvest,Potato,OD26,2016-17,874.9966666666668,875.0,0.003333333333216615
Farm Harvest,Potato,OD26,2017-18,866.9966666666666,867.0,0.0033333333334439885
Farm Harvest,Potato,OD26,2018-19,1229.0,1229.0,0.0
Farm Harvest,Potato,OD26,2019-20,1314.6000000000001,1314.6,2.2737367544323206e-13
Farm Harvest,Potato,OD26,2020-21,1406.17,1406.17,0.0
Farm Harvest,Potato,OD26,2021-22,1504.11,1504.11,0.0
Farm Harvest,Potato,OD26,2022-23,1608.8733333333332,1608.87,0.0033333333333303017
Farm Harvest,Potato,OD26,2023-24,1720.9366666666665,1720.94,0.0033333333335576754
Farm Harvest,Potato,OD26,2024-25,1840.8033333333333,1840.8,0.0033333333333303017
Farm Harvest,Potato,OD27,2013-14,800.0033333333334,800.0,0.0033333333334439885
Farm Harvest,Potato,OD27,2014-15,725.0,725.0,0.0
Farm Harvest,Potato,OD27,2015-16,902.0,902.0,0.0
Farm Harvest,Potato,OD27,2016-17,911.0,911.0,0.0
Farm Harvest,Potato,OD27,2017-18,1197.0033333333333,1197.0,0.0033333333333303017
Farm Harvest,Potato,OD27,2018-19,1250.0,1250.0,0.0
Farm Harvest,Potato,OD27,2019-20,1337.0666666666666,1337.07,0.0033333333333303017
Farm Harvest,Potato,OD27,2020-21,1430.1966666666667,1430.19,0.006666666666660603
Farm Harvest,Potato,OD27,2021-22,1529.8100000000002,1529.81,2.2737367544323206e-13
Farm Harvest,Potato,OD27,2022-23,1636.3666666666668,1636.36,0.006666666666887977
Farm Harvest,Potato,OD27,2023-24,1750.3400000000001,1750.34,2.2737367544323206e-13
Farm Harvest,Potato,OD27,2024-25,1872.2533333333333,1872.26,0.006666666666660603
Farm Harvest,Potato,OD28,2013-14,875.0,875.0,0.0
Farm Harvest,Potato,OD28,2014-15,793.0,793.0,0.0
Farm Harvest,Potato,OD28,2015-16,955.0,955.0,0.0
Farm Harvest,Potato,OD28,2016-17,850.0,850.0,0.0
Farm Harvest,Potato,OD28,2017-18,865.0,865.0,0.0
Farm Harvest,Potato,OD28,2018-19,1016.0,1016.0,0.0
Farm Harvest,Potato,OD28,2019-20,1086.7666666666667,1086.77,0.0033333333333303017
Farm Harvest,Potato,OD28,2020-21,1162.4633333333334,1162.46,0.0033333333333303017
Farm Harvest,Potato,OD28,2021-22,1243.43,1243.43,0.0
Farm Harvest,Potato,OD28,2022-23,1330.0366666666666,1330.04,0.0033333333333303017
Farm Harvest,Potato,OD28,2023-24,1422.6733333333334,1422.68,0.006666666666660603
Farm Harvest,Potato,OD28,2024-25,1521.7700000000002,1521.77,2.2737367544323206e-13
Farm Harvest,Potato,OD29,2013-14,840.0,840.0,0.0
Farm Harvest,Potato,OD29,2014-15,761.0,761.0,0.0
Farm Harvest,Potato,OD29,2015-16,1000.0,1000.0,0.0
Farm Harvest,Potato,OD29,2016-17,889.0033333333334,889.0,0.0033333333334439885
Farm Harvest,Potato,OD29,2017-18,1150.0033333333333,1150.0,0.0033333333333303017
Farm Harvest,Potato,OD29,2018-19,1398.0,1398.0,0.0
Farm Harvest,Potato,OD29,2019-20,1495.3733333333332,1495.37,0.0033333333333303017
Farm Harvest,Potato,OD29,2020-21,1599.53,1599.53,0.0
Farm Harvest,Potato,OD29,2021-22,1710.9399999999998,1710.94,2.2737367544323206e-13
Farm Harvest,Potato,OD29,2022-23,1830.11,1830.11,0.0
Farm Harvest,Potato,OD29,2023-24,1957.5833333333333,1957.58,0.0033333333333303017
Farm Harvest,Potato,OD29,2024-25,2093.93,2093.93,0.0
Farm Harvest,Potato,OD30,2013-14,827.0,827.0,0.0
Farm Harvest,Potato,OD30,2014-15,724.9966666666666,725.0,0.0033333333334439885
Farm Harvest,Potato,OD30,2015-16,1000.0,1000.0,0.0
Farm Harvest,Potato,OD30,2016-17,950.0,950.0,0.0
Farm Harvest,Potato,OD30,2017-18,867.0,867.0,0.0
Farm Harvest,Potato,OD30,2018-19,1170.0033333333333,1170.0,0.0033333333333303017
Farm Harvest,Potato,OD30,2019-20,1251.49,1251.49,0.0
Farm Harvest,Potato,OD30,2020-21,1338.66,1338.66,0.0
Farm Harvest,Potato,OD30,2021-22,1431.9033333333334,1431.9,0.0033333333333303017
Farm Harvest,Potato,OD30,2022-23,1531.64,1531.64,0.0
Farm Harvest,Potato,OD30,2023-24,1638.32,1638.32,0.0
Farm Harvest,Potato,OD30,2024-25,1752.43,1752.43,0.0
Farm Harvest,Ragi,OD01,2013-14,1411.0,1411.0,0.0
Farm Harvest,Ragi,OD01,2014-15,1566.0033333333333,1566.0,0.0033333333333303017
Farm Harvest,Ragi,OD01,2015-16,1650.0,1650.0,0.0
Farm Harvest,Ragi,OD01,2016-17,1800.0033333333333,1800.0,0.0033333333333303017
Farm Harvest,Ragi,OD01,2017-18,1800.0033333333333,1800.0,0.0033333333333303017
Farm Harvest,Ragi,OD01,2018-19,2279.9966666666664,2280.0,0.0033333333335576754
Farm Harvest,Ragi,OD01,2019-20,2508.0,2508.0,0.0
Farm Harvest,Ragi,OD01,2020-21,2758.7999999999997,2758.8,4.547473508864641e-13
Farm Harvest,Ragi,OD01,2021-22,3034.683333333333,3034.68,0.003333333333102928
Farm Harvest,Ragi,OD01,2022-23,3338.15,3338.15,0.0
Farm Harvest,Ragi,OD01,2023-24,3671.963333333333,3671.96,0.003333333333102928
Farm Harvest,Ragi,OD01,2024-25,4039.16,4039.16,0.0
Farm Harvest,Ragi,OD02,2013-14,1300.0,1300.0,0.0
Farm Harvest,Ragi,OD02,2014-15,1465.0,1465.0,0.0
Farm Harvest,Ragi,OD02,2015-16,1600.0,1600.0,0.0
Farm Harvest,Ragi,OD02,2016-17,1750.0,1750.0,0.0
Farm Harvest,Ragi,OD02,2017-18,1881.0666666666666,1881.07,0.0033333333333303017
Farm Harvest,Ragi,OD02,2018-19,2254.81,2254.81,0.0
Farm Harvest,Ragi,OD02,2019-20,1973.95,1973.95,0.0
Farm Harvest,Ragi,OD02,2020-21,2171.34,2171.34,0.0
Farm Harvest,Ragi,OD02,2021-22,2388.476666666667,2388.47,0.006666666667115351
Farm Harvest,Ragi,OD02,2022-23,2627.32,2627.32,0.0
Farm Harvest,Ragi,OD02,2023-24,2890.0533333333333,2890.05,0.003333333333102928
Farm Harvest,Ragi,OD02,2024-25,3179.06,3179.06,0.0
Farm Harvest,Ragi,OD04,2013-14,1496.8700000000001,1496.87,2.2737367544323206e-13
Farm Harvest,Ragi,OD04,2014-15,1562.8733333333332,1562.87,0.0033333333333303017
Farm Harvest,Ragi,OD04,2015-16,1730.6266666666668,1730.63,0.0033333333333303017
Farm Harvest,Ragi,OD04,2016-17,1988.0033333333333,1988.0,0.0033333333333303017
Farm Harvest,Ragi,OD04,2017-18,2083.9066666666663,2083.91,0.0033333333335576754
Farm Harvest,Ragi,OD04,2018-19,2497.9500000000003,2497.95,4.547473508864641e-13
Farm Harvest,Ragi,OD04,2019-20,2186.8033333333333,2186.8,0.003333333333102928
Farm Harvest,Ragi,OD04,2020-21,2405.48,2405.48,0.0
Farm Harvest,Ragi,OD04,2021-22,2646.0266666666666,2646.03,0.0033333333335576754
Farm Harvest,Ragi,OD04,2022-23,2910.6266666666666,2910.63,0.0033333333335576754
Farm Harvest,Ragi,OD04,2023-24,3201.693333333333,3201.69,0.003333333333102928
Farm Harvest,Ragi,OD04,2024-25,3521.8633333333332,3521.86,0.003333333333102928
Farm Harvest,Ragi,OD06,2013-14,1420.0033333333333,1420.0,0.0033333333333303017
Farm Harvest,Ragi,OD06,2014-15,1490.0,1490.0,0.0
Farm Harvest,Ragi,OD06,2015-16,1620.0,1620.0,0.0
Farm Harvest,Ragi,OD06,2016-17,1764.9966666666667,1765.0,0.0033333333333303017
Farm Harvest,Ragi,OD06,2017-18,1941.1166666666668,1941.12,0.003333333333102928
Farm Harvest,Ragi,OD06,2018-19,2326.7900000000004,2326.79,4.547473508864641e-13
Farm Harvest,Ragi,OD06,2019-20,2036.96,2036.96,0.0
Farm Harvest,Ragi,OD06,2020-21,2240.6566666666668,2240.66,0.003333333333102928
Farm Harvest,Ragi,OD06,2021-22,2464.72,2464.72,0.0
Farm Harvest,Ragi,OD06,2022-23,2711.1966666666667,2711.2,0.003333333333102928
Farm Harvest,Ragi,OD06,2023-24,2982.3133333333335,2982.31,0.0033333333335576754
Farm Harvest,Ragi,OD06,2024-25,3280.5466666666666,3280.55,0.0033333333335576754
Farm Harvest,Ragi,OD07,2013-14,1400.0,1400.0,0.0
Farm Harvest,Ragi,OD07,2014-15,1450.0,1450.0,0.0
Farm Harvest,Ragi,OD07,2015-16,1584.9966666666667,1585.0,0.0033333333333303017
Farm Harvest,Ragi,OD07,2016-17,2050.0,2050.0,0.0
Farm Harvest,Ragi,OD07,2017-18,1984.9733333333334,1984.97,0.0033333333333303017
Farm Harvest,Ragi,OD07,2018-19,2379.3633333333332,2379.36,0.003333333333102928
Farm Harvest,Ragi,OD07,2019-20,2082.9833333333336,2082.98,0.0033333333335576754
Farm Harvest,Ragi,OD07,2020-21,2291.28,2291.28,0.0
Farm Harvest,Ragi,OD07,2021-22,2520.41,2520.41,0.0
Farm Harvest,Ragi,OD07,2022-23,2772.4500000000003,2772.45,4.547473508864641e-13
Farm Harvest,Ragi,OD07,2023-24,3049.7000000000003,3049.7,4.547473508864641e-13
Farm Harvest,Ragi,OD07,2024-25,3354.6633333333334,3354.67,0.006666666666660603
Farm Harvest,Ragi,OD08,2013-14,1523.3966666666668,1523.39,0.006666666666660603
Farm Harvest,Ragi,OD08,2014-15,1590.5666666666666,1590.57,0.0033333333333303017
Farm Harvest,Ragi,OD08,2015-16,1761.2933333333333,1761.29,0.0033333333333303017
Farm Harvest,Ragi,OD08,2016-17,1900.0,1900.0,0.0
Farm Harvest,Ragi,OD08,2017-18,2250.0033333333336,2250.0,0.0033333333335576754
Farm Harvest,Ragi,OD08,2018-19,2542.21,2542.21,0.0
Farm Harvest,Ragi,OD08,2019-20,2332.91,2332.91,0.0
Farm Harvest,Ragi,OD08,2020-21,2566.2066666666665,2566.2,0.006666666666660603
Farm Harvest,Ragi,OD08,2021-22,2822.8233333333333,2822.82,0.003333333333102928
Farm Harvest,Ragi,OD08,2022-23,3105.1066666666666,3105.11,0.0033333333335576754
Farm Harvest,Ragi,OD08,2023-24,3415.616666666667,3415.62,0.003333333333102928
Farm Harvest,Ragi,OD08,2024-25,3757.1800000000003,3757.18,4.547473508864641e-13
Farm Harvest,Ragi,OD09,2013-14,1400.0033333333333,1400.0,0.0033333333333303017
Farm Harvest,Ragi,OD09,2014-15,1450.0,1450.0,0.0
Farm Harvest,Ragi,OD09,2015-16,1574.9966666666667,1575.0,0.0033333333333303017
Farm Harvest,Ragi,OD09,2016-17,1700.0,1700.0,0.0
Farm Harvest,Ragi,OD09,2017-18,1890.24,1890.24,0.0
Farm Harvest,Ragi,OD09,2018-19,2265.81,2265.81,0.0
Farm Harvest,Ragi,OD09,2019-20,1983.5766666666666,1983.57,0.006666666666660603
Farm Harvest,Ragi,OD09,2020-21,2181.93,2181.93,0.0
Farm Harvest,Ragi,OD09,2021-22,2400.1233333333334,2400.12,0.0033333333335576754
Farm Harvest,Ragi,OD09,2022-23,2640.1366666666668,2640.14,0.003333333333102928
Farm Harvest,Ragi,OD09,2023-24,2904.15,2904.15,0.0
Farm Harvest,Ragi,OD09,2024-25,3194.566666666667,3194.57,0.003333333333102928
Farm Harvest,Ragi,OD10,2013-14,1251.9966666666667,1252.0,0.0033333333333303017
Farm Harvest,Ragi,OD10,2014-15,1300.0,1300.0,0.0
Farm Harvest,Ragi,OD10,2015-16,1500.0,1500.0,0.0
Farm Harvest,Ragi,OD10,2016-17,1750.0,1750.0,0.0
Farm Harvest,Ragi,OD10,2017-18,1843.9966666666667,1844.0,0.0033333333333303017
Farm Harvest,Ragi,OD10,2018-19,2717.0,2717.0,0.0
Farm Harvest,Ragi,OD10,2019-20,2988.7000000000003,2988.7,4.547473508864641e-13
Farm Harvest,Ragi,OD10,2020-21,3287.5699999999997,3287.57,4.547473508864641e-13
Farm Harvest,Ragi,OD10,2021-22,3616.3266666666664,3616.33,0.0033333333335576754
Farm Harvest,Ragi,OD10,2022-23,3977.956666666667,3977.96,0.003333333333102928
Farm Harvest,Ragi,OD10,2023-24,4375.753333333333,4375.76,0.006666666667115351
Farm Harvest,Ragi,OD10,2024-25,4813.33,4813.33,0.0
Farm Harvest,Ragi,OD11,2013-14,1250.0033333333333,1250.0,0.0033333333333303017
Farm Harvest,Ragi,OD11,2014-15,1300.0,1300.0,0.0
Farm Harvest,Ragi,OD11,2015-16,1500.0033333333333,1500.0,0.0033333333333303017
Farm Harvest,Ragi,OD11,2016-17,1628.9966666666667,1629.0,0.0033333333333303017
Farm Harvest,Ragi,OD11,2017-18,1909.0,1909.0,0.0
Farm Harvest,Ragi,OD11,2018-19,2200.0,2200.0,0.0
Farm Harvest,Ragi,OD11,2019-20,2420.0033333333336,2420.0,0.0033333333335576754
Farm Harvest,Ragi,OD11,2020-21,2662.0,2662.0,0.0
Farm Harvest,Ragi,OD11,2021-22,2928.2000000000003,2928.2,4.547473508864641e-13
Farm Harvest,Ragi,OD11,2022-23,3221.02,3221.02,0.0
Farm Harvest,Ragi,OD11,2023-24,3543.1200000000003,3543.12,4.547473508864641e-13
Farm Harvest,Ragi,OD11,2024-25,3897.4366666666665,3897.43,0.006666666666660603
Farm Harvest,Ragi,OD15,2013-14,1350.0,1350.0,0.0
Farm Harvest,Ragi,OD15,2014-15,1400.0,1400.0,0.0
Farm Harvest,Ragi,OD15,2015-16,1600.0,1600.0,0.0
Farm Harvest,Ragi,OD15,2016-17,1850.0,1850.0,0.0
Farm Harvest,Ragi,OD15,2017-18,1800.0,1800.0,0.0
Farm Harvest,Ragi,OD15,2018-19,2220.0,2220.0,0.0
Farm Harvest,Ragi,OD15,2019-20,2441.9966666666664,2442.0,0.0033333333335576754
Farm Harvest,Ragi,OD15,2020-21,2686.2000000000003,2686.2,4.547473508864641e-13
Farm Harvest,Ragi,OD15,2021-22,2954.8199999999997,2954.82,4.547473508864641e-13
Farm Harvest,Ragi,OD15,2022-23,3250.3033333333333,3250.3,0.003333333333102928
Farm Harvest,Ragi,OD15,2023-24,3575.33,3575.33,0.0
Farm Harvest,Ragi,OD15,2024-25,3932.866666666667,3932.87,0.003333333333102928
Farm Harvest,Ragi,OD16,2013-14,1399.9966666666667,1400.0,0.0033333333333303017
Farm Harvest,Ragi,OD16,2014-15,1438.0,1438.0,0.0
Farm Harvest,Ragi,OD16,2015-16,1650.0,1650.0,0.0
Farm Harvest,Ragi,OD16,2016-17,1771.0166666666667,1771.02,0.0033333333333303017
Farm Harvest,Ragi,OD16,2017-18,1733.0,1733.0,0.0
Farm Harvest,Ragi,OD16,2018-19,2032.9966666666667,2033.0,0.0033333333333303017
Farm Harvest,Ragi,OD16,2019-20,2236.2999999999997,2236.3,4.547473508864641e-13
Farm Harvest,Ragi,OD16,2020-21,2459.93,2459.93,0.0
Farm Harvest,Ragi,OD16,2021-22,2705.9233333333336,2705.92,0.0033333333335576754
Farm Harvest,Ragi,OD16,2022-23,2976.5166666666664,2976.52,0.0033333333335576754
Farm Harvest,Ragi,OD16,2023-24,3274.1666666666665,3274.17,0.0033333333335576754
Farm Harvest,Ragi,OD16,2024-25,3601.5866666666666,3601.58,0.006666666666660603
Farm Harvest,Ragi,OD18,2013-14,1581.2,1581.2,0.0
Farm Harvest,Ragi,OD18,2014-15,1650.92,1650.92,0.0
Farm Harvest,Ragi,OD18,2015-16,1828.13,1828.13,0.0
Farm Harvest,Ragi,OD18,2016-17,2100.0,2100.0,0.0
Farm Harvest,Ragi,OD18,2017-18,2201.31,2201.31,0.0
Farm Harvest,Ragi,OD18,2018-19,2638.68,2638.68,0.0
Farm Harvest,Ragi,OD18,2019-20,2310.0,2310.0,0.0
Farm Harvest,Ragi,OD18,2020-21,2540.9966666666664,2541.0,0.0033333333335576754
Farm Harvest,Ragi,OD18,2021-22,2795.1,2795.1,0.0
Farm Harvest,Ragi,OD18,2022-23,3074.61,3074.61,0.0
Farm Harvest,Ragi,OD18,2023-24,3382.0699999999997,3382.07,4.547473508864641e-13
Farm Harvest,Ragi,OD18,2024-25,3720.28,3720.28,0.0
Farm Harvest,Ragi,OD19,2013-14,1500.0,1500.0,0.0
Farm Harvest,Ragi,OD19,2014-15,1533.0,1533.0,0.0
Farm Harvest,Ragi,OD19,2015-16,1685.0033333333333,1685.0,0.0033333333333303017
Farm Harvest,Ragi,OD19,2016-17,1881.8566666666666,1881.86,0.0033333333333303017
Farm Harvest,Ragi,OD19,2017-18,1950.0,1950.0,0.0
Farm Harvest,Ragi,OD19,2018-19,2100.0,2100.0,0.0
Farm Harvest,Ragi,OD19,2019-20,2309.9966666666664,2310.0,0.0033333333335576754
Farm Harvest,Ragi,OD19,2020-21,2541.0,2541.0,0.0
Farm Harvest,Ragi,OD19,2021-22,2795.1,2795.1,0.0
Farm Harvest,Ragi,OD19,2022-23,3074.6066666666666,3074.61,0.0033333333335576754
Farm Harvest,Ragi,OD19,2023-24,3382.0699999999997,3382.07,4.547473508864641e-13
Farm Harvest,Ragi,OD19,2024-25,3720.2766666666666,3720.28,0.0033333333335576754
Farm Harvest,Ragi,OD20,2013-14,1219.9966666666667,1220.0,0.0033333333333303017
Farm Harvest,Ragi,OD20,2014-15,1266.0033333333333,1266.0,0.0033333333333303017
Farm Harvest,Ragi,OD20,2015-16,1476.0,1476.0,0.0
Farm Harvest,Ragi,OD20,2016-17,1609.0,1609.0,0.0
Farm Harvest,Ragi,OD20,2017-18,1741.0,1741.0,0.0
Farm Harvest,Ragi,OD20,2018-19,2171.0,2171.0,0.0
Farm Harvest,Ragi,OD20,2019-20,2388.1,2388.1,0.0
Farm Harvest,Ragi,OD20,2020-21,2626.91,2626.91,0.0
Farm Harvest,Ragi,OD20,2021-22,2889.6,2889.6,0.0
Farm Harvest,Ragi,OD20,2022-23,3178.56,3178.56,0.0
Farm Harvest,Ragi,OD20,2023-24,3496.4166666666665,3496.42,0.0033333333335576754
Farm Harvest,Ragi,OD20,2024-25,3846.056666666667,3846.06,0.003333333333102928
Farm Harvest,Ragi,OD21,2013-14,1260.0,1260.0,0.0
Farm Harvest,Ragi,OD21,2014-15,1325.0,1325.0,0.0
Farm Harvest,Ragi,OD21,2015-16,1463.0,1463.0,0.0
Farm Harvest,Ragi,OD21,2016-17,1644.0,1644.0,0.0
Farm Harvest,Ragi,OD21,2017-18,2094.0,2094.0,0.0
Farm Harvest,Ragi,OD21,2018-19,2321.9966666666664,2322.0,0.0033333333335576754
Farm Harvest,Ragi,OD21,2019-20,2554.2000000000003,2554.2,4.547473508864641e-13
Farm Harvest,Ragi,OD21,2020-21,2809.6200000000003,2809.62,4.547473508864641e-13
Farm Harvest,Ragi,OD21,2021-22,3090.5833333333335,3090.58,0.0033333333335576754
Farm Harvest,Ragi,OD21,2022-23,3399.64,3399.64,0.0
Farm Harvest,Ragi,OD21,2023-24,3739.6066666666666,3739.6,0.006666666666660603
Farm Harvest,Ragi,OD21,2024-25,4113.5633333333335,4113.56,0.003333333333102928
Farm Harvest,Ragi,OD22,2013-14,1366.2666666666667,1366.27,0.0033333333333303017
Farm Harvest,Ragi,OD22,2014-15,1426.5100000000002,1426.51,2.2737367544323206e-13
Farm Harvest,Ragi,OD22,2015-16,1579.63,1579.63,0.0
Farm Harvest,Ragi,OD22,2016-17,1814.5466666666664,1814.54,0.00666666666643323
Farm Harvest,Ragi,OD22,2017-18,1902.08,1902.08,0.0
Farm Harvest,Ragi,OD22,2018-19,2280.0,2280.0,0.0
Farm Harvest,Ragi,OD22,2019-20,2508.0,2508.0,0.0
Farm Harvest,Ragi,OD22,2020-21,2758.7999999999997,2758.8,4.547473508864641e-13
Farm Harvest,Ragi,OD22,2021-22,3034.6800000000003,3034.68,4.547473508864641e-13
Farm Harvest,Ragi,OD22,2022-23,3338.15,3338.15,0.0
Farm Harvest,Ragi,OD22,2023-24,3671.963333333333,3671.96,0.003333333333102928
Farm Harvest,Ragi,OD22,2024-25,4039.16,4039.16,0.0
Farm Harvest,Ragi,OD23,2013-14,1365.0,1365.0,0.0
Farm Harvest,Ragi,OD23,2014-15,1399.0,1399.0,0.0
Farm Harvest,Ragi,OD23,2015-16,1587.9966666666667,1588.0,0.0033333333333303017
Farm Harvest,Ragi,OD23,2016-17,1829.0,1829.0,0.0
Farm Harvest,Ragi,OD23,2017-18,1550.0,1550.0,0.0
Farm Harvest,Ragi,OD23,2018-19,2050.0,2050.0,0.0
Farm Harvest,Ragi,OD23,2019-20,2255.0,2255.0,0.0
Farm Harvest,Ragi,OD23,2020-21,2480.5033333333336,2480.5,0.0033333333335576754
Farm Harvest,Ragi,OD23,2021-22,2728.5499999999997,2728.55,4.547473508864641e-13
Farm Harvest,Ragi,OD23,2022-23,3001.403333333333,3001.41,0.006666666666660603
Farm Harvest,Ragi,OD23,2023-24,3301.5433333333335,3301.55,0.006666666666660603
Farm Harvest,Ragi,OD23,2024-25,3631.7000000000003,3631.7,4.547473508864641e-13
Farm Harvest,Ragi,OD24,2013-14,1499.9966666666667,1500.0,0.0033333333333303017
Farm Harvest,Ragi,OD24,2014-15,1525.0,1525.0,0.0
Farm Harvest,Ragi,OD24,2015-16,1675.0,1675.0,0.0
Farm Harvest,Ragi,OD24,2016-17,2174.9966666666664,2175.0,0.0033333333335576754
Farm Harvest,Ragi,OD24,2017-18,1929.0,1929.0,0.0
Farm Harvest,Ragi,OD24,2018-19,2480.6866666666665,2480.69,0.0033333333335576754
Farm Harvest,Ragi,OD24,2019-20,2276.4500000000003,2276.45,4.547473508864641e-13
Farm Harvest,Ragi,OD24,2020-21,2504.1,2504.1,0.0
Farm Harvest,Ragi,OD24,2021-22,2754.51,2754.51,0.0
Farm Harvest,Ragi,OD24,2022-23,3029.9599999999996,3029.96,4.547473508864641e-13
Farm Harvest,Ragi,OD24,2023-24,3332.9566666666665,3332.96,0.0033333333335576754
Farm Harvest,Ragi,OD24,2024-25,3666.25,3666.25,0.0
Farm Harvest,Ragi,OD25,2013-14,1400.0,1400.0,0.0
Farm Harvest,Ragi,OD25,2014-15,1450.0,1450.0,0.0
Farm Harvest,Ragi,OD25,2015-16,1644.9966666666667,1645.0,0.0033333333333303017
Farm Harvest,Ragi,OD25,2016-17,1500.0,1500.0,0.0
Farm Harvest,Ragi,OD25,2017-18,1886.0,1886.0,0.0
Farm Harvest,Ragi,OD25,2018-19,2300.0,2300.0,0.0
Farm Harvest,Ragi,OD25,2019-20,2530.0,2530.0,0.0
Farm Harvest,Ragi,OD25,2020-21,2783.0,2783.0,0.0
Farm Harvest,Ragi,OD25,2021-22,3061.2999999999997,3061.3,4.547473508864641e-13
Farm Harvest,Ragi,OD25,2022-23,3367.4300000000003,3367.43,4.547473508864641e-13
Farm Harvest,Ragi,OD25,2023-24,3704.17,3704.17,0.0
Farm Harvest,Ragi,OD25,2024-25,4074.59,4074.59,0.0
Farm Harvest,Ragi,OD26,2013-14,1550.0,1550.0,0.0
Farm Harvest,Ragi,OD26,2014-15,1554.9966666666667,1555.0,0.0033333333333303017
Farm Harvest,Ragi,OD26,2015-16,1700.0,1700.0,0.0
Farm Harvest,Ragi,OD26,2016-17,2212.8233333333333,2212.82,0.003333333333102928
Farm Harvest,Ragi,OD26,2017-18,2999.9966666666664,3000.0,0.0033333333335576754
Farm Harvest,Ragi,OD26,2018-19,2780.443333333333,2780.44,0.003333333333102928
Farm Harvest,Ragi,OD26,2019-20,2551.5333333333333,2551.53,0.003333333333102928
Farm Harvest,Ragi,OD26,2020-21,2806.6866666666665,2806.69,0.0033333333335576754
Farm Harvest,Ragi,OD26,2021-22,3087.3566666666666,3087.36,0.0033333333335576754
Farm Harvest,Ragi,OD26,2022-23,3396.09,3396.09,0.0
Farm Harvest,Ragi,OD26,2023-24,3735.6999999999994,3735.7,4.547473508864641e-13
Farm Harvest,Ragi,OD26,2024-25,4109.27,4109.27,0.0
Farm Harvest,Ragi,OD27,2013-14,1293.0,1293.0,0.0
Farm Harvest,Ragi,OD27,2014-15,1480.9966666666667,1481.0,0.0033333333333303017
Farm Harvest,Ragi,OD27,2015-16,1650.0,1650.0,0.0
Farm Harvest,Ragi,OD27,2016-17,1712.9966666666667,1713.0,0.0033333333333303017
Farm Harvest,Ragi,OD27,2017-18,1616.9966666666667,1617.0,0.0033333333333303017
Farm Harvest,Ragi,OD27,2018-19,2224.0033333333336,2224.0,0.0033333333335576754
Farm Harvest,Ragi,OD27,2019-20,2446.4,2446.4,0.0
Farm Harvest,Ragi,OD27,2020-21,2691.0400000000004,2691.04,4.547473508864641e-13
Farm Harvest,Ragi,OD27,2021-22,2960.1433333333334,2960.14,0.0033333333335576754
Farm Harvest,Ragi,OD27,2022-23,3256.16,3256.16,0.0
Farm Harvest,Ragi,OD27,2023-24,3581.7766666666666,3581.77,0.006666666666660603
Farm Harvest,Ragi,OD27,2024-25,3939.9500000000003,3939.95,4.547473508864641e-13
Farm Harvest,Ragi,OD28,2013-14,1400.0,1400.0,0.0
Farm Harvest,Ragi,OD28,2014-15,1493.0,1493.0,0.0
Farm Harvest,Ragi,OD28,2015-16,1665.0,1665.0,0.0
Farm Harvest,Ragi,OD28,2016-17,2491.0,2491.0,0.0
Farm Harvest,Ragi,OD28,2017-18,2192.6966666666667,2192.69,0.006666666666660603
Farm Harvest,Ragi,OD28,2018-19,2886.0,2886.0,0.0
Farm Harvest,Ragi,OD28,2019-20,3174.6,3174.6,0.0
Farm Harvest,Ragi,OD28,2020-21,3492.06,3492.06,0.0
Farm Harvest,Ragi,OD28,2021-22,3841.263333333334,3841.27,0.006666666666205856
Farm Harvest,Ragi,OD28,2022-23,4225.393333333333,4225.39,0.003333333333102928
Farm Harvest,Ragi,OD28,2023-24,4647.933333333333,4647.93,0.003333333333102928
Farm Harvest,Ragi,OD28,2024-25,5112.7266666666665,5112.73,0.003333333333102928
Farm Harvest,Ragi,OD29,2013-14,1750.0033333333333,1750.0,0.0033333333333303017
Farm Harvest,Ragi,OD29,2014-15,1700.0,1700.0,0.0
Farm Harvest,Ragi,OD29,2015-16,1720.0033333333333,1720.0,0.0033333333333303017
Farm Harvest,Ragi,OD29,2016-17,2154.133333333333,2154.13,0.003333333333102928
Farm Harvest,Ragi,OD29,2017-18,2258.0499999999997,2258.05,4.547473508864641e-13
Farm Harvest,Ragi,OD29,2018-19,2706.7000000000003,2706.7,4.547473508864641e-13
Farm Harvest,Ragi,OD29,2019-20,2062.7766666666666,2062.78,0.0033333333335576754
Farm Harvest,Ragi,OD29,2020-21,2269.056666666667,2269.06,0.003333333333102928
Farm Harvest,Ragi,OD29,2021-22,2495.96,2495.96,0.0
Farm Harvest,Ragi,OD29,2022-23,2745.56,2745.56,0.0
Farm Harvest,Ragi,OD29,2023-24,3020.1133333333332,3020.11,0.003333333333102928
Farm Harvest,Ragi,OD29,2024-25,3322.126666666667,3322.13,0.003333333333102928
Farm Harvest,Ragi,OD30,2013-14,1620.9433333333334,1620.94,0.0033333333333303017
Farm Harvest,Ragi,OD30,2014-15,1692.4166666666667,1692.42,0.0033333333333303017
Farm Harvest,Ragi,OD30,2015-16,1874.0733333333335,1874.08,0.00666666666643323
Farm Harvest,Ragi,OD30,2016-17,2152.7833333333333,2152.78,0.003333333333102928
Farm Harvest,Ragi,OD30,2017-18,2256.633333333333,2256.64,0.006666666666660603
Farm Harvest,Ragi,OD30,2018-19,2705.0,2705.0,0.0
Farm Harvest,Ragi,OD30,2019-20,2975.5033333333336,2975.5,0.0033333333335576754
Farm Harvest,Ragi,OD30,2020-21,3273.0466666666666,3273.05,0.0033333333335576754
Farm Harvest,Ragi,OD30,2021-22,3600.3566666666666,3600.36,0.0033333333335576754
Farm Harvest,Ragi,OD30,2022-23,3960.39,3960.39,0.0
Farm Harvest,Ragi,OD30,2023-24,4356.426666666667,4356.43,0.003333333333102928
Farm Harvest,Ragi,OD30,2024-25,4792.073333333333,4792.07,0.003333333333102928
Farm Harvest,Sugarcane,OD01,2013-14,187.01666666666665,187.02,0.0033333333333587234
Farm Harvest,Sugarcane,OD01,2014-15,236.00333333333333,236.0,0.0033333333333303017
Farm Harvest,Sugarcane,OD01,2015-16,266.99666666666667,267.0,0.0033333333333303017
Farm Harvest,Sugarcane,OD01,2016-17,299.99666666666667,300.0,0.0033333333333303017
Farm Harvest,Sugarcane,OD01,2017-18,341.0,341.0,0.0
Farm Harvest,Sugarcane,OD01,2018-19,350.0,350.0,0.0
Farm Harvest,Sugarcane,OD01,2019-20,385.0,385.0,0.0
Farm Harvest,Sugarcane,OD01,2020-21,423.5,423.5,0.0
Farm Harvest,Sugarcane,OD01,2021-22,465.84999999999997,465.85,5.684341886080802e-14
Farm Harvest,Sugarcane,OD01,2022-23,512.4333333333333,512.44,0.00666666666677429
Farm Harvest,Sugarcane,OD01,2023-24,563.6766666666666,563.68,0.0033333333333303017
Farm Harvest,Sugarcane,OD01,2024-25,620.0500000000001,620.05,1.1368683772161603e-13
Farm Harvest,Sugarcane,OD02,2013-14,168.0,168.0,0.0
Farm Harvest,Sugarcane,OD02,2014-15,210.0,210.0,0.0
Farm Harvest,Sugarcane,OD02,2015-16,245.0,245.0,0.0
Farm Harvest,Sugarcane,OD02,2016-17,276.99666666666667,277.0,0.0033333333333303017
Farm Harvest,Sugarcane,OD02,2017-18,365.0,365.0,0.0
Farm Harvest,Sugarcane,OD02,2018-19,340.0,340.0,0.0
Farm Harvest,Sugarcane,OD02,2019-20,374.00333333333333,374.0,0.0033333333333303017
Farm Harvest,Sugarcane,OD02,2020-21,411.40000000000003,411.4,5.684341886080802e-14
Farm Harvest,Sugarcane,OD02,2021-22,452.54333333333335,452.54,0.0033333333333303017
Farm Harvest,Sugarcane,OD02,2022-23,497.79333333333335,497.79,0.0033333333333303017
Farm Harvest,Sugarcane,OD02,2023-24,547.5766666666667,547.57,0.006666666666660603
Farm Harvest,Sugarcane,OD02,2024-25,602.33,602.33,0.0
Farm Harvest,Sugarcane,OD03,2013-14,183.13666666666668,183.14,0.00333333333330188
Farm Harvest,Sugarcane,OD03,2014-15,235.0,235.0,0.0
Farm Harvest,Sugarcane,OD03,2015-16,257.99666666666667,258.0,0.0033333333333303017
Farm Harvest,Sugarcane,OD03,2016-17,285.0,285.0,0.0
Farm Harvest,Sugarcane,OD03,2017-18,375.0,375.0,0.0
Farm Harvest,Sugarcane,OD03,2018-19,310.0,310.0,0.0
Farm Harvest,Sugarcane,OD03,2019-20,341.0,341.0,0.0
Farm Harvest,Sugarcane,OD03,2020-21,375.09999999999997,375.1,5.684341886080802e-14
Farm Harvest,Sugarcane,OD03,2021-22,412.60999999999996,412.61,5.684341886080802e-14
Farm Harvest,Sugarcane,OD03,2022-23,453.8733333333333,453.87,0.0033333333332734583
Farm Harvest,Sugarcane,OD03,2023-24,499.25666666666666,499.26,0.0033333333333303017
Farm Harvest,Sugarcane,OD03,2024-25,549.1833333333333,549.18,0.0033333333333303017
Farm Harvest,Sugarcane,OD04,2013-14,162.0,162.0,0.0
Farm Harvest,Sugarcane,OD04,2014-15,200.0,200.0,0.0
Farm Harvest,Sugarcane,OD04,2015-16,232.99666666666667,233.0,0.0033333333333303017
Farm Harvest,Sugarcane,OD04,2016-17,243.99666666666667,244.0,0.0033333333333303017
Farm Harvest,Sugarcane,OD04,2017-18,324.99666666666667,325.0,0.0033333333333303017
Farm Harvest,Sugarcane,OD04,2018-19,300.0,300.0,0.0
Farm Harvest,Sugarcane,OD04,2019-20,329.99666666666667,330.0,0.0033333333333303017
Farm Harvest,Sugarcane,OD04,2020-21,363.0,363.0,0.0
Farm Harvest,Sugarcane,OD04,2021-22,399.3,399.3,0.0
Farm Harvest,Sugarcane,OD04,2022-23,439.23,439.23,0.0
Farm Harvest,Sugarcane,OD04,2023-24,483.1566666666667,483.15,0.006666666666717447
Farm Harvest,Sugarcane,OD04,2024-25,531.4699999999999,531.47,1.1368683772161603e-13
Farm Harvest,Sugarcane,OD05,2013-14,185.52999999999997,185.53,2.842170943040401e-14
Farm Harvest,Sugarcane,OD05,2014-15,235.0,235.0,0.0
Farm Harvest,Sugarcane,OD05,2015-16,257.0,257.0,0.0
Farm Harvest,Sugarcane,OD05,2016-17,285.00333333333333,285.0,0.0033333333333303017
Farm Harvest,Sugarcane,OD05,2017-18,300.0,300.0,0.0
Farm Harvest,Sugarcane,OD05,2018-19,410.0,410.0,0.0
Farm Harvest,Sugarcane,OD05,2019-20,450.99666666666667,451.0,0.0033333333333303017
Farm Harvest,Sugarcane,OD05,2020-21,496.09999999999997,496.1,5.684341886080802e-14
Farm Harvest,Sugarcane,OD05,2021-22,545.7066666666666,545.71,0.0033333333334439885
Farm Harvest,Sugarcane,OD05,2022-23,600.2800000000001,600.28,1.1368683772161603e-13
Farm Harvest,Sugarcane,OD05,2023-24,660.3100000000001,660.31,1.1368683772161603e-13
Farm Harvest,Sugarcane,OD05,2024-25,726.34,726.34,0.0
Farm Harvest,Sugarcane,OD06,2013-14,200.0,200.0,0.0
Farm Harvest,Sugarcane,OD06,2014-15,245.0,245.0,0.0
Farm Harvest,Sugarcane,OD06,2015-16,266.0,266.0,0.0
Farm Harvest,Sugarcane,OD06,2016-17,299.99666666666667,300.0,0.0033333333333303017
Farm Harvest,Sugarcane,OD06,2017-18,350.00333333333333,350.0,0.0033333333333303017
Farm Harvest,Sugarcane,OD06,2018-19,242.00333333333333,242.0,0.0033333333333303017
Farm Harvest,Sugarcane,OD06,2019-20,266.2,266.2,0.0
Farm Harvest,Sugarcane,OD06,2020-21,292.82,292.82,0.0
Farm Harvest,Sugarcane,OD06,2021-22,322.09999999999997,322.1,5.684341886080802e-14
Farm Harvest,Sugarcane,OD06,2022-23,354.31333333333333,354.31,0.0033333333333303017
Farm Harvest,Sugarcane,OD06,2023-24,389.74333333333334,389.74,0.0033333333333303017
Farm Harvest,Sugarcane,OD06,2024-25,428.7166666666667,428.72,0.0033333333333303017
Farm Harvest,Sugarcane,OD07,2013-14,165.0,165.0,0.0
Farm Harvest,Sugarcane,OD07,2014-15,200.00333333333333,200.0,0.0033333333333303017
Farm Harvest,Sugarcane,OD07,2015-16,249.99666666666667,250.0,0.0033333333333303017
Farm Harvest,Sugarcane,OD07,2016-17,270.0,270.0,0.0
Farm Harvest,Sugarcane,OD07,2017-18,274.0,274.0,0.0
Farm Harvest,Sugarcane,OD07,2018-19,320.0,320.0,0.0
Farm Harvest,Sugarcane,OD07,2019-20,352.0,352.0,0.0
Farm Harvest,Sugarcane,OD07,2020-21,387.1966666666667,387.2,0.0033333333332734583
Farm Harvest,Sugarcane,OD07,2021-22,425.92,425.92,0.0
Farm Harvest,Sugarcane,OD07,2022-23,468.51,468.51,0.0
Farm Harvest,Sugarcane,OD07,2023-24,515.3633333333333,515.36,0.0033333333333303017
Farm Harvest,Sugarcane,OD07,2024-25,566.9033333333333,566.9,0.0033333333333303017
Farm Harvest,Sugarcane,OD08,2013-14,174.68999999999997,174.69,2.842170943040401e-14
Farm Harvest,Sugarcane,OD08,2014-15,219.85999999999999,219.86,2.842170943040401e-14
Farm Harvest,Sugarcane,OD08,2015-16,250.54666666666665,250.55,0.0033333333333587234
Farm Harvest,Sugarcane,OD08,2016-17,300.0,300.0,0.0
Farm Harvest,Sugarcane,OD08,2017-18,237.0,237.0,0.0
Farm Harvest,Sugarcane,OD08,2018-19,386.0,386.0,0.0
Farm Harvest,Sugarcane,OD08,2019-20,424.6033333333333,424.6,0.0033333333332734583
Farm Harvest,Sugarcane,OD08,2020-21,467.06,467.06,0.0
Farm Harvest,Sugarcane,OD08,2021-22,513.7666666666667,513.77,0.0033333333333303017
Farm Harvest,Sugarcane,OD08,2022-23,565.1433333333333,565.14,0.0033333333333303017
Farm Harvest,Sugarcane,OD08,2023-24,621.6566666666666,621.66,0.0033333333333303017
Farm Harvest,Sugarcane,OD08,2024-25,683.8233333333333,683.82,0.003333333333216615
Farm Harvest,Sugarcane,OD09,2013-14,169.54,169.54,0.0
Farm Harvest,Sugarcane,OD09,2014-15,221.99666666666667,222.0,0.0033333333333303017
Farm Harvest,Sugarcane,OD09,2015-16,250.0,250.0,0.0
Farm Harvest,Sugarcane,OD09,2016-17,267.0,267.0,0.0
Farm Harvest,Sugarcane,OD09,2017-18,305.0,305.0,0.0
Farm Harvest,Sugarcane,OD09,2018-19,305.0,305.0,0.0
Farm Harvest,Sugarcane,OD09,2019-20,335.5,335.5,0.0
Farm Harvest,Sugarcane,OD09,2020-21,369.05,369.05,0.0
Farm Harvest,Sugarcane,OD09,2021-22,405.9533333333334,405.96,0.00666666666660376
Farm Harvest,Sugarcane,OD09,2022-23,446.55,446.55,0.0
Farm Harvest,Sugarcane,OD09,2023-24,491.2066666666667,491.21,0.0033333333332734583
Farm Harvest,Sugarcane,OD09,2024-25,540.3233333333333,540.33,0.00666666666677429
Farm Harvest,Sugarcane,OD10,2013-14,162.08333333333334,162.09,0.006666666666660603
Farm Harvest,Sugarcane,OD10,2014-15,215.00333333333333,215.0,0.0033333333333303017
Farm Harvest,Sugarcane,OD10,2015-16,245.0,245.0,0.0
Farm Harvest,Sugarcane,OD10,2016-17,265.0,265.0,0.0
Farm Harvest,Sugarcane,OD10,2017-18,280.0,280.0,0.0
Farm Harvest,Sugarcane,OD10,2018-19,280.0,280.0,0.0
Farm Harvest,Sugarcane,OD10,2019-20,308.00333333333333,308.0,0.0033333333333303017
Farm Harvest,Sugarcane,OD10,2020-21,338.8,338.8,0.0
Farm Harvest,Sugarcane,OD10,2021-22,372.68,372.68,0.0
Farm Harvest,Sugarcane,OD10,2022-23,409.94666666666666,409.95,0.0033333333333303017
Farm Harvest,Sugarcane,OD10,2023-24,450.9433333333333,450.94,0.0033333333333303017
Farm Harvest,Sugarcane,OD10,2024-25,496.03666666666663,496.04,0.003333333333387145
Farm Harvest,Sugarcane,OD11,2013-14,165.0,165.0,0.0
Farm Harvest,Sugarcane,OD11,2014-15,200.00333333333333,200.0,0.0033333333333303017
Farm Harvest,Sugarcane,OD11,2015-16,230.0,230.0,0.0
Farm Harvest,Sugarcane,OD11,2016-17,250.00333333333333,250.0,0.0033333333333303017
Farm Harvest,Sugarcane,OD11,2017-18,260.7,260.7,0.0
Farm Harvest,Sugarcane,OD11,2018-19,335.0,335.0,0.0
Farm Harvest,Sugarcane,OD11,2019-20,368.5,368.5,0.0
Farm Harvest,Sugarcane,OD11,2020-21,405.34999999999997,405.35,5.684341886080802e-14
Farm Harvest,Sugarcane,OD11,2021-22,445.8833333333334,445.89,0.00666666666660376
Farm Harvest,Sugarcane,OD11,2022-23,490.4766666666667,490.47,0.006666666666660603
Farm Harvest,Sugarcane,OD11,2023-24,539.52,539.52,0.0
Farm Harvest,Sugarcane,OD11,2024-25,593.4733333333334,593.47,0.0033333333333303017
Farm Harvest,Sugarcane,OD12,2013-14,170.0,170.0,0.0
Farm Harvest,Sugarcane,OD12,2014-15,210.0,210.0,0.0
Farm Harvest,Sugarcane,OD12,2015-16,250.0,250.0,0.0
Farm Harvest,Sugarcane,OD12,2016-17,270.0,270.0,0.0
Farm Harvest,Sugarcane,OD12,2017-18,303.99666666666667,304.0,0.0033333333333303017
Farm Harvest,Sugarcane,OD12,2018-19,310.0,310.0,0.0
Farm Harvest,Sugarcane,OD12,2019-20,341.0,341.0,0.0
Farm Harvest,Sugarcane,OD12,2020-21,375.09999999999997,375.1,5.684341886080802e-14
Farm Harvest,Sugarcane,OD12,2021-22,412.60999999999996,412.61,5.684341886080802e-14
Farm Harvest,Sugarcane,OD12,2022-23,453.8733333333333,453.87,0.0033333333332734583
Farm Harvest,Sugarcane,OD12,2023-24,499.26,499.26,0.0
Farm Harvest,Sugarcane,OD12,2024-25,549.1833333333334,549.18,0.0033333333334439885
Farm Harvest,Sugarcane,OD13,2013-14,173.99666666666667,174.0,0.0033333333333303017
Farm Harvest,Sugarcane,OD13,2014-15,215.0,215.0,0.0
Farm Harvest,Sugarcane,OD13,2015-16,250.00333333333333,250.0,0.0033333333333303017
Farm Harvest,Sugarcane,OD13,2016-17,275.00333333333333,275.0,0.0033333333333303017
Farm Harvest,Sugarcane,OD13,2017-18,318.0,318.0,0.0
Farm Harvest,Sugarcane,OD13,2018-19,350.00333333333333,350.0,0.0033333333333303017
Farm Harvest,Sugarcane,OD13,2019-20,385.0,385.0,0.0
Farm Harvest,Sugarcane,OD13,2020-21,423.5,423.5,0.0
Farm Harvest,Sugarcane,OD13,2021-22,465.84999999999997,465.85,5.684341886080802e-14
Farm Harvest,Sugarcane,OD13,2022-23,512.4333333333333,512.44,0.00666666666677429
Farm Harvest,Sugarcane,OD13,2023-24,563.68,563.68,0.0
Farm Harvest,Sugarcane,OD13,2024-25,620.0433333333334,620.05,0.0066666666665469165
Farm Harvest,Sugarcane,OD14,2013-14,180.58333333333334,180.58,0.0033333333333303017
Farm Harvest,Sugarcane,OD14,2014-15,227.28,227.28,0.0
Farm Harvest,Sugarcane,OD14,2015-16,259.00333333333333,259.0,0.0033333333333303017
Farm Harvest,Sugarcane,OD14,2016-17,267.0,267.0,0.0
Farm Harvest,Sugarcane,OD14,2017-18,355.0,355.0,0.0
Farm Harvest,Sugarcane,OD14,2018-19,337.82666666666665,337.83,0.0033333333333303017
Farm Harvest,Sugarcane,OD14,2019-20,365.08,365.08,0.0
Farm Harvest,Sugarcane,OD14,2020-21,401.5933333333333,401.59,0.0033333333333303017
Farm Harvest,Sugarcane,OD14,2021-22,441.75,441.75,0.0
Farm Harvest,Sugarcane,OD14,2022-23,485.93,485.93,0.0
Farm Harvest,Sugarcane,OD14,2023-24,534.52,534.52,0.0
Farm Harvest,Sugarcane,OD14,2024-25,587.9733333333334,587.97,0.0033333333333303017
Farm Harvest,Sugarcane,OD15,2013-14,200.0,200.0,0.0
Farm Harvest,Sugarcane,OD15,2014-15,240.0,240.0,0.0
Farm Harvest,Sugarcane,OD15,2015-16,262.00333333333333,262.0,0.0033333333333303017
Farm Harvest,Sugarcane,OD15,2016-17,299.99666666666667,300.0,0.0033333333333303017
Farm Harvest,Sugarcane,OD15,2017-18,310.0,310.0,0.0
Farm Harvest,Sugarcane,OD15,2018-19,280.0,280.0,0.0
Farm Harvest,Sugarcane,OD15,2019-20,308.0,308.0,0.0
Farm Harvest,Sugarcane,OD15,2020-21,338.8,338.8,0.0
Farm Harvest,Sugarcane,OD15,2021-22,372.6766666666667,372.68,0.0033333333333303017
Farm Harvest,Sugarcane,OD15,2022-23,409.95,409.95,0.0
Farm Harvest,Sugarcane,OD15,2023-24,450.9433333333333,450.94,0.0033333333333303017
Farm Harvest,Sugarcane,OD15,2024-25,496.03999999999996,496.04,5.684341886080802e-14
Farm Harvest,Sugarcane,OD17,2013-14,164.99666666666667,165.0,0.0033333333333303017
Farm Harvest,Sugarcane,OD17,2014-15,215.0,215.0,0.0
Farm Harvest,Sugarcane,OD17,2015-16,248.0,248.0,0.0
Farm Harvest,Sugarcane,OD17,2016-17,270.0,270.0,0.0
Farm Harvest,Sugarcane,OD17,2017-18,350.0,350.0,0.0
Farm Harvest,Sugarcane,OD17,2018-19,325.0,325.0,0.0
Farm Harvest,Sugarcane,OD17,2019-20,357.5,357.5,0.0
Farm Harvest,Sugarcane,OD17,2020-21,393.25,393.25,0.0
Farm Harvest,Sugarcane,OD17,2021-22,432.57666666666665,432.58,0.0033333333333303017
Farm Harvest,Sugarcane,OD17,2022-23,475.83,475.83,0.0
Farm Harvest,Sugarcane,OD17,2023-24,523.4166666666666,523.42,0.0033333333333303017
Farm Harvest,Sugarcane,OD17,2024-25,575.76,575.76,0.0
Farm Harvest,Sugarcane,OD18,2013-14,180.69000000000003,180.69,2.842170943040401e-14
Farm Harvest,Sugarcane,OD18,2014-15,240.00333333333333,240.0,0.0033333333333303017
Farm Harvest,Sugarcane,OD18,2015-16,260.0,260.0,0.0
Farm Harvest,Sugarcane,OD18,2016-17,275.0,275.0,0.0
Farm Harvest,Sugarcane,OD18,2017-18,310.0,310.0,0.0
Farm Harvest,Sugarcane,OD18,2018-19,355.0,355.0,0.0
Farm Harvest,Sugarcane,OD18,2019-20,390.5,390.5,0.0
Farm Harvest,Sugarcane,OD18,2020-21,429.55,429.55,0.0
Farm Harvest,Sugarcane,OD18,2021-22,472.50666666666666,472.51,0.0033333333333303017
Farm Harvest,Sugarcane,OD18,2022-23,519.7533333333333,519.76,0.006666666666660603
Farm Harvest,Sugarcane,OD18,2023-24,571.73,571.73,0.0
Farm Harvest,Sugarcane,OD18,2024-25,628.9066666666666,628.9,0.006666666666660603
Farm Harvest,Sugarcane,OD19,2013-14,178.48666666666668,178.48,0.006666666666689025
Farm Harvest,Sugarcane,OD19,2014-15,226.66333333333333,226.66,0.0033333333333303017
Farm Harvest,Sugarcane,OD19,2015-16,250.0,250.0,0.0
Farm Harvest,Sugarcane,OD19,2016-17,267.0,267.0,0.0
Farm Harvest,Sugarcane,OD19,2017-18,352.00333333333333,352.0,0.0033333333333303017
Farm Harvest,Sugarcane,OD19,2018-19,333.90000000000003,333.9,5.684341886080802e-14
Farm Harvest,Sugarcane,OD19,2019-20,360.83666666666664,360.84,0.0033333333333303017
Farm Harvest,Sugarcane,OD19,2020-21,396.92333333333335,396.92,0.0033333333333303017
Farm Harvest,Sugarcane,OD19,2021-22,436.6133333333333,436.61,0.0033333333332734583
Farm Harvest,Sugarcane,OD19,2022-23,480.27666666666664,480.27,0.006666666666660603
Farm Harvest,Sugarcane,OD19,2023-24,528.3000000000001,528.3,1.1368683772161603e-13
Farm Harvest,Sugarcane,OD19,2024-25,581.1333333333333,581.13,0.0033333333333303017
Farm Harvest,Sugarcane,OD20,2013-14,169.99666666666667,170.0,0.0033333333333303017
Farm Harvest,Sugarcane,OD20,2014-15,180.0,180.0,0.0
Farm Harvest,Sugarcane,OD20,2015-16,235.00333333333333,235.0,0.0033333333333303017
Farm Harvest,Sugarcane,OD20,2016-17,259.99666666666667,260.0,0.0033333333333303017
Farm Harvest,Sugarcane,OD20,2017-18,265.0,265.0,0.0
Farm Harvest,Sugarcane,OD20,2018-19,350.0,350.0,0.0
Farm Harvest,Sugarcane,OD20,2019-20,385.0,385.0,0.0
Farm Harvest,Sugarcane,OD20,2020-21,423.49666666666667,423.5,0.0033333333333303017
Farm Harvest,Sugarcane,OD20,2021-22,465.84666666666664,465.85,0.003333333333387145
Farm Harvest,Sugarcane,OD20,2022-23,512.4333333333333,512.44,0.00666666666677429
Farm Harvest,Sugarcane,OD20,2023-24,563.6766666666666,563.68,0.0033333333333303017
Farm Harvest,Sugarcane,OD20,2024-25,620.0466666666666,620.05,0.0033333333333303017
Farm Harvest,Sugarcane,OD21,2013-14,188.77999999999997,188.78,2.842170943040401e-14
Farm Harvest,Sugarcane,OD21,2014-15,237.59333333333333,237.59,0.0033333333333303017
Farm Harvest,Sugarcane,OD21,2015-16,270.75666666666666,270.76,0.0033333333333303017
Farm Harvest,Sugarcane,OD21,2016-17,299.99666666666667,300.0,0.0033333333333303017
Farm Harvest,Sugarcane,OD21,2017-18,346.9533333333334,346.95,0.003333333333387145
Farm Harvest,Sugarcane,OD21,2018-19,353.1566666666667,353.16,0.0033333333333303017
Farm Harvest,Sugarcane,OD21,2019-20,329.99666666666667,330.0,0.0033333333333303017
Farm Harvest,Sugarcane,OD21,2020-21,363.0,363.0,0.0
Farm Harvest,Sugarcane,OD21,2021-22,399.3,399.3,0.0
Farm Harvest,Sugarcane,OD21,2022-23,439.23333333333335,439.23,0.0033333333333303017
Farm Harvest,Sugarcane,OD21,2023-24,483.1499999999999,483.15,5.684341886080802e-14
Farm Harvest,Sugarcane,OD21,2024-25,531.4666666666667,531.47,0.0033333333333303017
Farm Harvest,Sugarcane,OD23,2013-14,170.0,170.0,0.0
Farm Harvest,Sugarcane,OD23,2014-15,200.0,200.0,0.0
Farm Harvest,Sugarcane,OD23,2015-16,255.0,255.0,0.0
Farm Harvest,Sugarcane,OD23,2016-17,270.0,270.0,0.0
Farm Harvest,Sugarcane,OD23,2017-18,372.0,372.0,0.0
Farm Harvest,Sugarcane,OD23,2018-19,390.0,390.0,0.0
Farm Harvest,Sugarcane,OD23,2019-20,428.99666666666667,429.0,0.0033333333333303017
Farm Harvest,Sugarcane,OD23,2020-21,471.90000000000003,471.9,5.684341886080802e-14
Farm Harvest,Sugarcane,OD23,2021-22,519.09,519.09,0.0
Farm Harvest,Sugarcane,OD23,2022-23,571.0,571.0,0.0
Farm Harvest,Sugarcane,OD23,2023-24,628.1,628.1,0.0
Farm Harvest,Sugarcane,OD23,2024-25,690.91,690.91,0.0
Farm Harvest,Sugarcane,OD24,2013-14,180.0,180.0,0.0
Farm Harvest,Sugarcane,OD24,2014-15,200.0,200.0,0.0
Farm Harvest,Sugarcane,OD24,2015-16,244.99666666666667,245.0,0.0033333333333303017
Farm Harvest,Sugarcane,OD24,2016-17,275.0,275.0,0.0
Farm Harvest,Sugarcane,OD24,2017-18,320.0,320.0,0.0
Farm Harvest,Sugarcane,OD24,2018-19,400.00333333333333,400.0,0.0033333333333303017
Farm Harvest,Sugarcane,OD24,2019-20,440.0,440.0,0.0
Farm Harvest,Sugarcane,OD24,2020-21,484.0,484.0,0.0
Farm Harvest,Sugarcane,OD24,2021-22,532.4,532.4,0.0
Farm Harvest,Sugarcane,OD24,2022-23,585.6366666666667,585.64,0.0033333333333303017
Farm Harvest,Sugarcane,OD24,2023-24,644.2033333333334,644.2,0.0033333333333303017
Farm Harvest,Sugarcane,OD24,2024-25,708.6233333333333,708.62,0.0033333333333303017
Farm Harvest,Sugarcane,OD25,2013-14,185.23666666666668,185.24,0.0033333333333303017
Farm Harvest,Sugarcane,OD25,2014-15,233.13333333333333,233.13,0.0033333333333303017
Farm Harvest,Sugarcane,OD25,2015-16,265.6766666666667,265.68,0.0033333333333303017
Farm Harvest,Sugarcane,OD25,2016-17,300.0,300.0,0.0
Farm Harvest,Sugarcane,OD25,2017-18,360.0,360.0,0.0
Farm Harvest,Sugarcane,OD25,2018-19,319.99666666666667,320.0,0.0033333333333303017
Farm Harvest,Sugarcane,OD25,2019-20,352.0,352.0,0.0
Farm Harvest,Sugarcane,OD25,2020-21,387.2,387.2,0.0
Farm Harvest,Sugarcane,OD25,2021-22,425.92,425.92,0.0
Farm Harvest,Sugarcane,OD25,2022-23,468.51,468.51,0.0
Farm Harvest,Sugarcane,OD25,2023-24,515.3633333333333,515.36,0.0033333333333303017
Farm Harvest,Sugarcane,OD25,2024-25,566.9,566.9,0.0
Farm Harvest,Sugarcane,OD26,2013-14,172.96666666666667,172.96,0.006666666666660603
Farm Harvest,Sugarcane,OD26,2014-15,229.99666666666667,230.0,0.0033333333333303017
Farm Harvest,Sugarcane,OD26,2015-16,252.0,252.0,0.0
Farm Harvest,Sugarcane,OD26,2016-17,275.0,275.0,0.0
Farm Harvest,Sugarcane,OD26,2017-18,317.89,317.89,0.0
Farm Harvest,Sugarcane,OD26,2018-19,300.0,300.0,0.0
Farm Harvest,Sugarcane,OD26,2019-20,330.0,330.0,0.0
Farm Harvest,Sugarcane,OD26,2020-21,363.0,363.0,0.0
Farm Harvest,Sugarcane,OD26,2021-22,399.3,399.3,0.0
Farm Harvest,Sugarcane,OD26,2022-23,439.23,439.23,0.0
Farm Harvest,Sugarcane,OD26,2023-24,483.15333333333336,483.15,0.003333333333387145
Farm Harvest,Sugarcane,OD26,2024-25,531.4666666666667,531.47,0.0033333333333303017
Farm Harvest,Sugarcane,OD27,2013-14,193.15333333333334,193.16,0.006666666666660603
Farm Harvest,Sugarcane,OD27,2014-15,243.1,243.1,0.0
Farm Harvest,Sugarcane,OD27,2015-16,277.03333333333336,277.03,0.003333333333387145
Farm Harvest,Sugarcane,OD27,2016-17,306.95666666666665,306.96,0.0033333333333303017
Farm Harvest,Sugarcane,OD27,2017-18,355.0,355.0,0.0
Farm Harvest,Sugarcane,OD27,2018-19,361.34666666666664,361.35,0.003333333333387145
Farm Harvest,Sugarcane,OD27,2019-20,390.5,390.5,0.0
Farm Harvest,Sugarcane,OD27,2020-21,429.5466666666666,429.55,0.003333333333387145
Farm Harvest,Sugarcane,OD27,2021-22,472.50666666666666,472.51,0.0033333333333303017
Farm Harvest,Sugarcane,OD27,2022-23,519.7566666666667,519.76,0.0033333333333303017
Farm Harvest,Sugarcane,OD27,2023-24,571.73,571.73,0.0
Farm Harvest,Sugarcane,OD27,2024-25,628.9066666666666,628.9,0.006666666666660603
Farm Harvest,Sugarcane,OD28,2013-14,180.13666666666668,180.13,0.006666666666689025
Farm Harvest,Sugarcane,OD28,2014-15,245.00333333333333,245.0,0.0033333333333303017
Farm Harvest,Sugarcane,OD28,2015-16,260.0,260.0,0.0
Farm Harvest,Sugarcane,OD28,2016-17,290.0,290.0,0.0
Farm Harvest,Sugarcane,OD28,2017-18,349.00333333333333,349.0,0.0033333333333303017
Farm Harvest,Sugarcane,OD28,2018-19,285.0,285.0,0.0
Farm Harvest,Sugarcane,OD28,2019-20,313.5,313.5,0.0
Farm Harvest,Sugarcane,OD28,2020-21,344.84999999999997,344.85,5.684341886080802e-14
Farm Harvest,Sugarcane,OD28,2021-22,379.3333333333333,379.34,0.006666666666660603
Farm Harvest,Sugarcane,OD28,2022-23,417.2666666666667,417.27,0.0033333333332734583
Farm Harvest,Sugarcane,OD28,2023-24,458.99333333333334,459.0,0.006666666666660603
Farm Harvest,Sugarcane,OD28,2024-25,504.8933333333334,504.89,0.003333333333387145
Farm Harvest,Sugarcane,OD29,2013-14,190.0,190.0,0.0
Farm Harvest,Sugarcane,OD29,2014-15,234.99666666666667,235.0,0.0033333333333303017
Farm Harvest,Sugarcane,OD29,2015-16,255.0,255.0,0.0
Farm Harvest,Sugarcane,OD29,2016-17,284.99666666666667,285.0,0.0033333333333303017
Farm Harvest,Sugarcane,OD29,2017-18,337.18333333333334,337.18,0.0033333333333303017
Farm Harvest,Sugarcane,OD29,2018-19,343.2133333333333,343.21,0.0033333333333303017
Farm Harvest,Sugarcane,OD29,2019-20,320.70666666666665,320.71,0.0033333333333303017
Farm Harvest,Sugarcane,OD29,2020-21,352.78,352.78,0.0
Farm Harvest,Sugarcane,OD29,2021-22,388.0566666666667,388.06,0.0033333333333303017
Farm Harvest,Sugarcane,OD29,2022-23,426.8633333333333,426.86,0.0033333333332734583
Farm Harvest,Sugarcane,OD29,2023-24,469.55,469.55,0.0
Farm Harvest,Sugarcane,OD29,2024-25,516.5033333333333,516.5,0.0033333333333303017
Farm Harvest,Sugarcane,OD30,2013-14,180.27666666666667,180.28,0.0033333333333303017
Farm Harvest,Sugarcane,OD30,2014-15,239.99666666666667,240.0,0.0033333333333303017
Farm Harvest,Sugarcane,OD30,2015-16,260.0,260.0,0.0
Farm Harvest,Sugarcane,OD30,2016-17,300.0,300.0,0.0
Farm Harvest,Sugarcane,OD30,2017-18,331.33,331.33,0.0
Farm Harvest,Sugarcane,OD30,2018-19,300.0,300.0,0.0
Farm Harvest,Sugarcane,OD30,2019-20,330.0,330.0,0.0
Farm Harvest,Sugarcane,OD30,2020-21,363.0,363.0,0.0
Farm Harvest,Sugarcane,OD30,2021-22,399.3,399.3,0.0
Farm Harvest,Sugarcane,OD30,2022-23,439.23,439.23,0.0
Farm Harvest,Sugarcane,OD30,2023-24,483.15333333333336,483.15,0.003333333333387145
Farm Harvest,Sugarcane,OD30,2024-25,531.4666666666667,531.47,0.0033333333333303017
Farm Harvest,Til,OD01,2013-14,4000.0,4000.0,0.0
Farm Harvest,Til,OD01,2014-15,4516.0,4516.0,0.0
Farm Harvest,Til,OD01,2015-16,4792.003333333333,4792.0,0.003333333333102928
Farm Harvest,Til,OD01,2016-17,5208.996666666667,5209.0,0.003333333333102928
Farm Harvest,Til,OD01,2017-18,5119.996666666667,5120.0,0.003333333333102928
Farm Harvest,Til,OD01,2018-19,5800.0,5800.0,0.0
Farm Harvest,Til,OD01,2019-20,6292.2699999999995,6292.27,9.094947017729282e-13
Farm Harvest,Til,OD01,2020-21,6826.316666666667,6826.32,0.003333333333102928
Farm Harvest,Til,OD01,2021-22,7405.693333333334,7405.69,0.0033333333340124227
Farm Harvest,Til,OD01,2022-23,8034.243333333333,8034.24,0.003333333333102928
Farm Harvest,Til,OD01,2023-24,8716.136666666667,8716.14,0.0033333333321934333
Farm Harvest,Til,OD01,2024-25,9455.906666666668,9455.91,0.0033333333321934333
Farm Harvest,Til,OD02,2013-14,3569.9966666666664,3570.0,0.0033333333335576754
Farm Harvest,Til,OD02,2014-15,4350.0,4350.0,0.0
Farm Harvest,Til,OD02,2015-16,4950.0,4950.0,0.0
Farm Harvest,Til,OD02,2016-17,5400.0,5400.0,0.0
Farm Harvest,Til,OD02,2017-18,5310.0,5310.0,0.0
Farm Harvest,Til,OD02,2018-19,5500.0,5500.0,0.0
Farm Harvest,Til,OD02,2019-20,5966.806666666666,5966.81,0.0033333333340124227
Farm Harvest,Til,OD02,2020-21,6473.23,6473.23,0.0
Farm Harvest,Til,OD02,2021-22,7022.639999999999,7022.64,9.094947017729282e-13
Farm Harvest,Til,OD02,2022-23,7618.676666666666,7618.68,0.0033333333340124227
Farm Harvest,Til,OD02,2023-24,8265.303333333333,8265.3,0.0033333333340124227
Farm Harvest,Til,OD02,2024-25,8966.81,8966.81,0.0
Farm Harvest,Til,OD03,2013-14,3700.0,3700.0,0.0
Farm Harvest,Til,OD03,2014-15,4448.0,4448.0,0.0
Farm Harvest,Til,OD03,2015-16,5081.0,5081.0,0.0
Farm Harvest,Til,OD03,2016-17,5220.003333333333,5220.0,0.003333333333102928
Farm Harvest,Til,OD03,2017-18,5897.0,5897.0,0.0
Farm Harvest,Til,OD03,2018-19,6000.0,6000.0,0.0
Farm Harvest,Til,OD03,2019-20,6509.243333333333,6509.24,0.003333333333102928
Farm Harvest,Til,OD03,2020-21,7061.706666666666,7061.71,0.0033333333340124227
Farm Harvest,Til,OD03,2021-22,7661.06,7661.06,0.0
Farm Harvest,Til,OD03,2022-23,8311.286666666667,8311.28,0.006666666666205856
Farm Harvest,Til,OD03,2023-24,9016.693333333333,9016.69,0.0033333333321934333
Farm Harvest,Til,OD03,2024-25,9781.976666666667,9781.98,0.0033333333321934333
Farm Harvest,Til,OD04,2013-14,3591.0,3591.0,0.0
Farm Harvest,Til,OD04,2014-15,4533.0,4533.0,0.0
Farm Harvest,Til,OD04,2015-16,5100.0,5100.0,0.0
Farm Harvest,Til,OD04,2016-17,5443.003333333333,5443.0,0.003333333333102928
Farm Harvest,Til,OD04,2017-18,5914.0,5914.0,0.0
Farm Harvest,Til,OD04,2018-19,5700.0,5700.0,0.0
Farm Harvest,Til,OD04,2019-20,6183.78,6183.78,0.0
Farm Harvest,Til,OD04,2020-21,6708.62,6708.62,0.0
Farm Harvest,Til,OD04,2021-22,7278.009999999999,7278.01,9.094947017729282e-13
Farm Harvest,Til,OD04,2022-23,7895.72,7895.72,0.0
Farm Harvest,Til,OD04,2023-24,8565.856666666667,8565.86,0.0033333333340124227
Farm Harvest,Til,OD04,2024-25,9292.876666666665,9292.88,0.0033333333340124227
Farm Harvest,Til,OD05,2013-14,3855.206666666667,3855.21,0.003333333333102928
Farm Harvest,Til,OD05,2014-15,4548.723333333333,4548.72,0.003333333333102928
Farm Harvest,Til,OD05,2015-16,4803.093333333333,4803.09,0.003333333333102928
Farm Harvest,Til,OD05,2016-17,5300.0,5300.0,0.0
Farm Harvest,Til,OD05,2017-18,5063.0,5063.0,0.0
Farm Harvest,Til,OD05,2018-19,5800.0,5800.0,0.0
Farm Harvest,Til,OD05,2019-20,6292.266666666667,6292.27,0.003333333333102928
Farm Harvest,Til,OD05,2020-21,6826.316666666667,6826.32,0.003333333333102928
Farm Harvest,Til,OD05,2021-22,7405.69,7405.69,0.0
Farm Harvest,Til,OD05,2022-23,8034.243333333333,8034.24,0.003333333333102928
Farm Harvest,Til,OD05,2023-24,8716.14,8716.14,0.0
Farm Harvest,Til,OD05,2024-25,9455.906666666668,9455.91,0.0033333333321934333
Farm Harvest,Til,OD06,2013-14,4233.0,4233.0,0.0
Farm Harvest,Til,OD06,2014-15,4800.0,4800.0,0.0
Farm Harvest,Til,OD06,2015-16,5100.0,5100.0,0.0
Farm Harvest,Til,OD06,2016-17,5275.0,5275.0,0.0
Farm Harvest,Til,OD06,2017-18,5826.996666666666,5827.0,0.0033333333340124227
Farm Harvest,Til,OD06,2018-19,5819.003333333334,5819.0,0.0033333333340124227
Farm Harvest,Til,OD06,2019-20,6312.883333333334,6312.88,0.0033333333340124227
Farm Harvest,Til,OD06,2020-21,6848.68,6848.68,0.0
Farm Harvest,Til,OD06,2021-22,7429.95,7429.95,0.0
Farm Harvest,Til,OD06,2022-23,8060.56,8060.56,0.0
Farm Harvest,Til,OD06,2023-24,8744.69,8744.69,0.0
Farm Harvest,Til,OD06,2024-25,9486.886666666667,9486.89,0.0033333333321934333
Farm Harvest,Til,OD07,2013-14,3813.0,3813.0,0.0
Farm Harvest,Til,OD07,2014-15,4700.0,4700.0,0.0
Farm Harvest,Til,OD07,2015-16,5000.0,5000.0,0.0
Farm Harvest,Til,OD07,2016-17,5350.0,5350.0,0.0
Farm Harvest,Til,OD07,2017-18,5425.259999999999,5425.26,9.094947017729282e-13
Farm Harvest,Til,OD07,2018-19,5956.506666666667,5956.51,0.003333333333102928
Farm Harvest,Til,OD07,2019-20,5687.45,5687.45,0.0
Farm Harvest,Til,OD07,2020-21,6170.163333333333,6170.16,0.003333333333102928
Farm Harvest,Til,OD07,2021-22,6693.849999999999,6693.85,9.094947017729282e-13
Farm Harvest,Til,OD07,2022-23,7261.9800000000005,7261.98,9.094947017729282e-13
Farm Harvest,Til,OD07,2023-24,7878.329999999999,7878.33,9.094947017729282e-13
Farm Harvest,Til,OD07,2024-25,8546.996666666666,8547.0,0.0033333333340124227
Farm Harvest,Til,OD08,2013-14,3814.3133333333335,3814.31,0.0033333333335576754
Farm Harvest,Til,OD08,2014-15,4500.473333333333,4500.47,0.003333333333102928
Farm Harvest,Til,OD08,2015-16,4752.143333333333,4752.15,0.006666666666205856
Farm Harvest,Til,OD08,2016-17,5300.003333333333,5300.0,0.003333333333102928
Farm Harvest,Til,OD08,2017-18,4804.0,4804.0,0.0
Farm Harvest,Til,OD08,2018-19,5900.0,5900.0,0.0
Farm Harvest,Til,OD08,2019-20,6400.753333333334,6400.76,0.006666666666205856
Farm Harvest,Til,OD08,2020-21,6944.009999999999,6944.01,9.094947017729282e-13
Farm Harvest,Til,OD08,2021-22,7533.376666666667,7533.38,0.003333333333102928
Farm Harvest,Til,OD08,2022-23,8172.763333333333,8172.76,0.003333333333102928
Farm Harvest,Til,OD08,2023-24,8866.413333333332,8866.42,0.006666666668024845
Farm Harvest,Til,OD08,2024-25,9618.943333333333,9618.94,0.0033333333321934333
Farm Harvest,Til,OD09,2013-14,4050.0,4050.0,0.0
Farm Harvest,Til,OD09,2014-15,4599.996666666667,4600.0,0.003333333333102928
Farm Harvest,Til,OD09,2015-16,4799.996666666667,4800.0,0.003333333333102928
Farm Harvest,Til,OD09,2016-17,5233.0,5233.0,0.0
Farm Harvest,Til,OD09,2017-18,5525.0,5525.0,0.0
Farm Harvest,Til,OD09,2018-19,6100.0,6100.0,0.0
Farm Harvest,Til,OD09,2019-20,6617.73,6617.73,0.0
Farm Harvest,Til,OD09,2020-21,7179.403333333333,7179.4,0.003333333333102928
Farm Harvest,Til,OD09,2021-22,7788.746666666667,7788.75,0.003333333333102928
Farm Harvest,Til,OD09,2022-23,8449.803333333331,8449.81,0.006666666668024845
Farm Harvest,Til,OD09,2023-24,9166.973333333333,9166.97,0.0033333333340124227
Farm Harvest,Til,OD09,2024-25,9945.01,9945.01,0.0
Farm Harvest,Til,OD10,2013-14,3630.0,3630.0,0.0
Farm Harvest,Til,OD10,2014-15,4399.996666666667,4400.0,0.003333333333102928
Farm Harvest,Til,OD10,2015-16,4500.0,4500.0,0.0
Farm Harvest,Til,OD10,2016-17,4800.0,4800.0,0.0
Farm Harvest,Til,OD10,2017-18,5323.0,5323.0,0.0
Farm Harvest,Til,OD10,2018-19,6199.996666666666,6200.0,0.0033333333340124227
Farm Harvest,Til,OD10,2019-20,6726.216666666667,6726.22,0.003333333333102928
Farm Harvest,Til,OD10,2020-21,7297.096666666667,7297.1,0.003333333333102928
Farm Harvest,Til,OD10,2021-22,7916.43,7916.43,0.0
Farm Harvest,Til,OD10,2022-23,8588.323333333334,8588.33,0.006666666666205856
Farm Harvest,Til,OD10,2023-24,9317.25,9317.25,0.0
Farm Harvest,Til,OD10,2024-25,10108.039999999999,10108.04,1.8189894035458565e-12
Farm Harvest,Til,OD11,2013-14,3600.0,3600.0,0.0
Farm Harvest,Til,OD11,2014-15,4400.0,4400.0,0.0
Farm Harvest,Til,OD11,2015-16,4500.003333333333,4500.0,0.003333333333102928
Farm Harvest,Til,OD11,2016-17,4900.0,4900.0,0.0
Farm Harvest,Til,OD11,2017-18,5525.0,5525.0,0.0
Farm Harvest,Til,OD11,2018-19,6600.0,6600.0,0.0
Farm Harvest,Til,OD11,2019-20,7160.166666666667,7160.17,0.003333333333102928
Farm Harvest,Til,OD11,2020-21,7767.876666666666,7767.88,0.0033333333340124227
Farm Harvest,Til,OD11,2021-22,8427.166666666666,8427.17,0.0033333333340124227
Farm Harvest,Til,OD11,2022-23,9142.410000000002,9142.41,1.8189894035458565e-12
Farm Harvest,Til,OD11,2023-24,9918.366666666667,9918.36,0.006666666666205856
Farm Harvest,Til,OD11,2024-25,10760.173333333334,10760.17,0.0033333333340124227
Farm Harvest,Til,OD14,2013-14,4300.0,4300.0,0.0
Farm Harvest,Til,OD14,2014-15,5000.003333333333,5000.0,0.003333333333102928
Farm Harvest,Til,OD14,2015-16,5100.0,5100.0,0.0
Farm Harvest,Til,OD14,2016-17,5300.0,5300.0,0.0
Farm Harvest,Til,OD14,2017-18,6275.0,6275.0,0.0
Farm Harvest,Til,OD14,2018-19,6099.996666666667,6100.0,0.003333333333102928
Farm Harvest,Til,OD14,2019-20,6617.73,6617.73,0.0
Farm Harvest,Til,OD14,2020-21,7179.403333333333,7179.4,0.003333333333102928
Farm Harvest,Til,OD14,2021-22,7788.743333333333,7788.75,0.006666666667115351
Farm Harvest,Til,OD14,2022-23,8449.806666666665,8449.81,0.0033333333340124227
Farm Harvest,Til,OD14,2023-24,9166.97,9166.97,0.0
Farm Harvest,Til,OD14,2024-25,9945.01,9945.01,0.0
Farm Harvest,Til,OD15,2013-14,4333.003333333333,4333.0,0.003333333333102928
Farm Harvest,Til,OD15,2014-15,4943.0,4943.0,0.0
Farm Harvest,Til,OD15,2015-16,5049.996666666667,5050.0,0.003333333333102928
Farm Harvest,Til,OD15,2016-17,5549.996666666666,5550.0,0.0033333333340124227
Farm Harvest,Til,OD15,2017-18,5525.0,5525.0,0.0
Farm Harvest,Til,OD15,2018-19,5499.996666666666,5500.0,0.0033333333340124227
Farm Harvest,Til,OD15,2019-20,5966.806666666666,5966.81,0.0033333333340124227
Farm Harvest,Til,OD15,2020-21,6473.23,6473.23,0.0
Farm Harvest,Til,OD15,2021-22,7022.639999999999,7022.64,9.094947017729282e-13
Farm Harvest,Til,OD15,2022-23,7618.68,7618.68,0.0
Farm Harvest,Til,OD15,2023-24,8265.303333333333,8265.3,0.0033333333340124227
Farm Harvest,Til,OD15,2024-25,8966.813333333334,8966.81,0.0033333333340124227
Farm Harvest,Til,OD16,2013-14,3880.763333333334,3880.76,0.0033333333335576754
Farm Harvest,Til,OD16,2014-15,4950.0,4950.0,0.0
Farm Harvest,Til,OD16,2015-16,5000.0,5000.0,0.0
Farm Harvest,Til,OD16,2016-17,5292.003333333333,5292.0,0.003333333333102928
Farm Harvest,Til,OD16,2017-18,4200.0,4200.0,0.0
Farm Harvest,Til,OD16,2018-19,6199.996666666666,6200.0,0.0033333333340124227
Farm Harvest,Til,OD16,2019-20,6726.216666666667,6726.22,0.003333333333102928
Farm Harvest,Til,OD16,2020-21,7297.099999999999,7297.1,9.094947017729282e-13
Farm Harvest,Til,OD16,2021-22,7916.43,7916.43,0.0
Farm Harvest,Til,OD16,2022-23,8588.326666666666,8588.33,0.0033333333340124227
Farm Harvest,Til,OD16,2023-24,9317.25,9317.25,0.0
Farm Harvest,Til,OD16,2024-25,10108.043333333333,10108.04,0.0033333333321934333
Farm Harvest,Til,OD17,2013-14,3716.4466666666667,3716.45,0.003333333333102928
Farm Harvest,Til,OD17,2014-15,4385.0,4385.0,0.0
Farm Harvest,Til,OD17,2015-16,4630.216666666666,4630.21,0.006666666666205856
Farm Harvest,Til,OD17,2016-17,4915.533333333334,4915.53,0.0033333333340124227
Farm Harvest,Til,OD17,2017-18,4799.996666666667,4800.0,0.003333333333102928
Farm Harvest,Til,OD17,2018-19,5900.0,5900.0,0.0
Farm Harvest,Til,OD17,2019-20,6400.756666666667,6400.76,0.003333333333102928
Farm Harvest,Til,OD17,2020-21,6944.013333333333,6944.01,0.003333333333102928
Farm Harvest,Til,OD17,2021-22,7533.376666666666,7533.38,0.0033333333340124227
Farm Harvest,Til,OD17,2022-23,8172.759999999999,8172.76,9.094947017729282e-13
Farm Harvest,Til,OD17,2023-24,8866.413333333332,8866.42,0.006666666668024845
Farm Harvest,Til,OD17,2024-25,9618.943333333335,9618.94,0.0033333333340124227
Farm Harvest,Til,OD18,2013-14,3976.3199999999997,3976.32,4.547473508864641e-13
Farm Harvest,Til,OD18,2014-15,5000.0,5000.0,0.0
Farm Harvest,Til,OD18,2015-16,5000.0,5000.0,0.0
Farm Harvest,Til,OD18,2016-17,5233.0,5233.0,0.0
Farm Harvest,Til,OD18,2017-18,5950.0,5950.0,0.0
Farm Harvest,Til,OD18,2018-19,5000.0,5000.0,0.0
Farm Harvest,Til,OD18,2019-20,5424.37,5424.37,0.0
Farm Harvest,Til,OD18,2020-21,5884.756666666667,5884.76,0.003333333333102928
Farm Harvest,Til,OD18,2021-22,6384.216666666667,6384.22,0.003333333333102928
Farm Harvest,Til,OD18,2022-23,6926.07,6926.07,0.0
Farm Harvest,Til,OD18,2023-24,7513.91,7513.91,0.0
Farm Harvest,Til,OD18,2024-25,8151.646666666667,8151.65,0.0033333333321934333
Farm Harvest,Til,OD19,2013-14,3950.0,3950.0,0.0
Farm Harvest,Til,OD19,2014-15,4750.0,4750.0,0.0
Farm Harvest,Til,OD19,2015-16,4999.996666666667,5000.0,0.003333333333102928
Farm Harvest,Til,OD19,2016-17,5267.003333333333,5267.0,0.003333333333102928
Farm Harvest,Til,OD19,2017-18,4898.003333333333,4898.0,0.003333333333102928
Farm Harvest,Til,OD19,2018-19,5875.78,5875.78,0.0
Farm Harvest,Til,OD19,2019-20,5805.953333333334,5805.95,0.0033333333340124227
Farm Harvest,Til,OD19,2020-21,6298.7266666666665,6298.73,0.003333333333102928
Farm Harvest,Til,OD19,2021-22,6833.326666666667,6833.32,0.006666666667115351
Farm Harvest,Til,OD19,2022-23,7413.293333333334,7413.29,0.0033333333340124227
Farm Harvest,Til,OD19,2023-24,8042.486666666667,8042.49,0.003333333333102928
Farm Harvest,Til,OD19,2024-25,8725.083333333334,8725.09,0.006666666666205856
Farm Harvest,Til,OD20,2013-14,3825.0,3825.0,0.0
Farm Harvest,Til,OD20,2014-15,4349.996666666666,4350.0,0.0033333333340124227
Farm Harvest,Til,OD20,2015-16,5067.0,5067.0,0.0
Farm Harvest,Til,OD20,2016-17,5050.0,5050.0,0.0
Farm Harvest,Til,OD20,2017-18,4210.003333333333,4210.0,0.003333333333102928
Farm Harvest,Til,OD20,2018-19,6500.0,6500.0,0.0
Farm Harvest,Til,OD20,2019-20,7051.68,7051.68,0.0
Farm Harvest,Til,OD20,2020-21,7650.183333333333,7650.18,0.003333333333102928
Farm Harvest,Til,OD20,2021-22,8299.48,8299.48,0.0
Farm Harvest,Til,OD20,2022-23,9003.893333333333,9003.89,0.0033333333340124227
Farm Harvest,Til,OD20,2023-24,9768.086666666668,9768.09,0.0033333333321934333
Farm Harvest,Til,OD20,2024-25,10597.14,10597.14,0.0
Farm Harvest,Til,OD21,2013-14,3499.9966666666664,3500.0,0.0033333333335576754
Farm Harvest,Til,OD21,2014-15,3899.9966666666664,3900.0,0.0033333333335576754
Farm Harvest,Til,OD21,2015-16,4500.0,4500.0,0.0
Farm Harvest,Til,OD21,2016-17,4600.003333333333,4600.0,0.003333333333102928
Farm Harvest,Til,OD21,2017-18,5142.996666666667,5143.0,0.003333333333102928
Farm Harvest,Til,OD21,2018-19,6050.0,6050.0,0.0
Farm Harvest,Til,OD21,2019-20,6563.486666666667,6563.49,0.003333333333102928
Farm Harvest,Til,OD21,2020-21,7120.556666666666,7120.55,0.006666666666205856
Farm Harvest,Til,OD21,2021-22,7724.903333333333,7724.9,0.003333333333102928
Farm Harvest,Til,OD21,2022-23,8380.543333333333,8380.54,0.0033333333321934333
Farm Harvest,Til,OD21,2023-24,9091.833333333334,9091.83,0.0033333333340124227
Farm Harvest,Til,OD21,2024-25,9863.493333333334,9863.49,0.0033333333340124227
Farm Harvest,Til,OD22,2013-14,4191.0,4191.0,0.0
Farm Harvest,Til,OD22,2014-15,4416.0,4416.0,0.0
Farm Harvest,Til,OD22,2015-16,4720.003333333333,4720.0,0.003333333333102928
Farm Harvest,Til,OD22,2016-17,4792.003333333333,4792.0,0.003333333333102928
Farm Harvest,Til,OD22,2017-18,5688.0,5688.0,0.0
Farm Harvest,Til,OD22,2018-19,5053.0,5053.0,0.0
Farm Harvest,Til,OD22,2019-20,5481.87,5481.87,0.0
Farm Harvest,Til,OD22,2020-21,5947.136666666666,5947.13,0.006666666666205856
Farm Harvest,Til,OD22,2021-22,6451.889999999999,6451.89,9.094947017729282e-13
Farm Harvest,Til,OD22,2022-23,6999.486666666667,6999.49,0.003333333333102928
Farm Harvest,Til,OD22,2023-24,7593.56,7593.56,0.0
Farm Harvest,Til,OD22,2024-25,8238.053333333335,8238.05,0.003333333335831412
Farm Harvest,Til,OD23,2013-14,4138.513333333333,4138.51,0.003333333333102928
Farm Harvest,Til,OD23,2014-15,4882.99,4882.99,0.0
Farm Harvest,Til,OD23,2015-16,5156.053333333333,5156.05,0.003333333333102928
Farm Harvest,Til,OD23,2016-17,5473.776666666668,5473.77,0.006666666667115351
Farm Harvest,Til,OD23,2017-18,5499.996666666667,5500.0,0.003333333333102928
Farm Harvest,Til,OD23,2018-19,6400.0,6400.0,0.0
Farm Harvest,Til,OD23,2019-20,6943.19,6943.19,0.0
Farm Harvest,Til,OD23,2020-21,7532.486666666667,7532.49,0.003333333333102928
Farm Harvest,Til,OD23,2021-22,8171.796666666666,8171.8,0.0033333333340124227
Farm Harvest,Til,OD23,2022-23,8865.37,8865.37,0.0
Farm Harvest,Til,OD23,2023-24,9617.806666666667,9617.81,0.0033333333321934333
Farm Harvest,Til,OD23,2024-25,10434.106666666667,10434.11,0.0033333333340124227
Farm Harvest,Til,OD24,2013-14,3900.0,3900.0,0.0
Farm Harvest,Til,OD24,2014-15,4700.0,4700.0,0.0
Farm Harvest,Til,OD24,2015-16,4800.003333333333,4800.0,0.003333333333102928
Farm Harvest,Til,OD24,2016-17,4864.0,4864.0,0.0
Farm Harvest,Til,OD24,2017-18,5226.0,5226.0,0.0
Farm Harvest,Til,OD24,2018-19,5800.0,5800.0,0.0
Farm Harvest,Til,OD24,2019-20,6292.266666666666,6292.27,0.0033333333340124227
Farm Harvest,Til,OD24,2020-21,6826.316666666667,6826.32,0.003333333333102928
Farm Harvest,Til,OD24,2021-22,7405.69,7405.69,0.0
Farm Harvest,Til,OD24,2022-23,8034.240000000001,8034.24,9.094947017729282e-13
Farm Harvest,Til,OD24,2023-24,8716.136666666667,8716.14,0.0033333333321934333
Farm Harvest,Til,OD24,2024-25,9455.91,9455.91,0.0
Farm Harvest,Til,OD25,2013-14,4299.996666666667,4300.0,0.003333333333102928
Farm Harvest,Til,OD25,2014-15,4900.0,4900.0,0.0
Farm Harvest,Til,OD25,2015-16,5100.0,5100.0,0.0
Farm Harvest,Til,OD25,2016-17,5433.0,5433.0,0.0
Farm Harvest,Til,OD25,2017-18,5479.0,5479.0,0.0
Farm Harvest,Til,OD25,2018-19,6208.610000000001,6208.61,9.094947017729282e-13
Farm Harvest,Til,OD25,2019-20,6134.826666666667,6134.83,0.003333333333102928
Farm Harvest,Til,OD25,2020-21,6655.513333333333,6655.51,0.003333333333102928
Farm Harvest,Til,OD25,2021-22,7220.393333333333,7220.39,0.003333333333102928
Farm Harvest,Til,OD25,2022-23,7833.213333333333,7833.21,0.003333333333102928
Farm Harvest,Til,OD25,2023-24,8498.050000000001,8498.05,1.8189894035458565e-12
Farm Harvest,Til,OD25,2024-25,9219.31,9219.31,0.0
Farm Harvest,Til,OD26,2013-14,4000.0,4000.0,0.0
Farm Harvest,Til,OD26,2014-15,4700.0,4700.0,0.0
Farm Harvest,Til,OD26,2015-16,4800.0,4800.0,0.0
Farm Harvest,Til,OD26,2016-17,5000.0,5000.0,0.0
Farm Harvest,Til,OD26,2017-18,5500.0,5500.0,0.0
Farm Harvest,Til,OD26,2018-19,6100.003333333334,6100.0,0.0033333333340124227
Farm Harvest,Til,OD26,2019-20,6617.7300000000005,6617.73,9.094947017729282e-13
Farm Harvest,Til,OD26,2020-21,7179.400000000001,7179.4,9.094947017729282e-13
Farm Harvest,Til,OD26,2021-22,7788.743333333333,7788.75,0.006666666667115351
Farm Harvest,Til,OD26,2022-23,8449.803333333335,8449.81,0.006666666664386867
Farm Harvest,Til,OD26,2023-24,9166.973333333333,9166.97,0.0033333333340124227
Farm Harvest,Til,OD26,2024-25,9945.006666666668,9945.01,0.0033333333321934333
Farm Harvest,Til,OD27,2013-14,3800.0,3800.0,0.0
Farm Harvest,Til,OD27,2014-15,4575.0,4575.0,0.0
Farm Harvest,Til,OD27,2015-16,4699.996666666667,4700.0,0.003333333333102928
Farm Harvest,Til,OD27,2016-17,5004.0,5004.0,0.0
Farm Harvest,Til,OD27,2017-18,5512.0,5512.0,0.0
Farm Harvest,Til,OD27,2018-19,5800.0,5800.0,0.0
Farm Harvest,Til,OD27,2019-20,6292.266666666666,6292.27,0.0033333333340124227
Farm Harvest,Til,OD27,2020-21,6826.316666666667,6826.32,0.003333333333102928
Farm Harvest,Til,OD27,2021-22,7405.693333333334,7405.69,0.0033333333340124227
Farm Harvest,Til,OD27,2022-23,8034.240000000001,8034.24,9.094947017729282e-13
Farm Harvest,Til,OD27,2023-24,8716.136666666667,8716.14,0.0033333333321934333
Farm Harvest,Til,OD27,2024-25,9455.91,9455.91,0.0
Farm Harvest,Til,OD28,2013-14,4000.0,4000.0,0.0
Farm Harvest,Til,OD28,2014-15,4688.0,4688.0,0.0
Farm Harvest,Til,OD28,2015-16,4733.0,4733.0,0.0
Farm Harvest,Til,OD28,2016-17,5300.0,5300.0,0.0
Farm Harvest,Til,OD28,2017-18,4900.0,4900.0,0.0
Farm Harvest,Til,OD28,2018-19,6000.0,6000.0,0.0
Farm Harvest,Til,OD28,2019-20,6509.243333333333,6509.24,0.003333333333102928
Farm Harvest,Til,OD28,2020-21,7061.706666666666,7061.71,0.0033333333340124227
Farm Harvest,Til,OD28,2021-22,7661.06,7661.06,0.0
Farm Harvest,Til,OD28,2022-23,8311.286666666667,8311.28,0.006666666666205856
Farm Harvest,Til,OD28,2023-24,9016.693333333335,9016.69,0.0033333333340124227
Farm Harvest,Til,OD28,2024-25,9781.976666666667,9781.98,0.0033333333321934333
Farm Harvest,Til,OD29,2013-14,4400.0,4400.0,0.0
Farm Harvest,Til,OD29,2014-15,5016.0,5016.0,0.0
Farm Harvest,Til,OD29,2015-16,5099.996666666667,5100.0,0.003333333333102928
Farm Harvest,Til,OD29,2016-17,5500.0,5500.0,0.0
Farm Harvest,Til,OD29,2017-18,5500.0,5500.0,0.0
Farm Harvest,Til,OD29,2018-19,5900.0,5900.0,0.0
Farm Harvest,Til,OD29,2019-20,6400.753333333334,6400.76,0.006666666666205856
Farm Harvest,Til,OD29,2020-21,6944.013333333333,6944.01,0.003333333333102928
Farm Harvest,Til,OD29,2021-22,7533.376666666667,7533.38,0.003333333333102928
Farm Harvest,Til,OD29,2022-23,8172.763333333333,8172.76,0.003333333333102928
Farm Harvest,Til,OD29,2023-24,8866.413333333332,8866.42,0.006666666668024845
Farm Harvest,Til,OD29,2024-25,9618.94,9618.94,0.0
Farm Harvest,Til,OD30,2013-14,3699.9966666666664,3700.0,0.0033333333335576754
Farm Harvest,Til,OD30,2014-15,4557.0,4557.0,0.0
Farm Harvest,Til,OD30,2015-16,4917.0,4917.0,0.0
Farm Harvest,Til,OD30,2016-17,5417.0,5417.0,0.0
Farm Harvest,Til,OD30,2017-18,6500.0,6500.0,0.0
Farm Harvest,Til,OD30,2018-19,5800.0,5800.0,0.0
Farm Harvest,Til,OD30,2019-20,6292.27,6292.27,0.0
Farm Harvest,Til,OD30,2020-21,6826.313333333334,6826.32,0.006666666665296361
Farm Harvest,Til,OD30,2021-22,7405.69,7405.69,0.0
Farm Harvest,Til,OD30,2022-23,8034.240000000001,8034.24,9.094947017729282e-13
Farm Harvest,Til,OD30,2023-24,8716.136666666667,8716.14,0.0033333333321934333
Farm Harvest,Til,OD30,2024-25,9455.910000000002,9455.91,1.8189894035458565e-12
Farm Harvest,Wheat,OD01,2013-14,1549.9966666666667,1550.0,0.0033333333333303017
Farm Harvest,Wheat,OD01,2014-15,1635.9966666666667,1636.0,0.0033333333333303017
Farm Harvest,Wheat,OD01,2015-16,1681.0,1681.0,0.0
Farm Harvest,Wheat,OD01,2016-17,1783.0,1783.0,0.0
Farm Harvest,Wheat,OD01,2017-18,1625.0,1625.0,0.0
Farm Harvest,Wheat,OD01,2018-19,1850.0,1850.0,0.0
Farm Harvest,Wheat,OD01,2019-20,1916.9133333333332,1916.92,0.006666666666887977
Farm Harvest,Wheat,OD01,2020-21,1986.2533333333333,1986.25,0.0033333333333303017
Farm Harvest,Wheat,OD01,2021-22,2058.096666666667,2058.1,0.003333333333102928
Farm Harvest,Wheat,OD01,2022-23,2132.536666666667,2132.54,0.003333333333102928
Farm Harvest,Wheat,OD01,2023-24,2209.6733333333336,2209.67,0.0033333333335576754
Farm Harvest,Wheat,OD01,2024-25,2289.596666666667,2289.6,0.003333333333102928
Farm Harvest,Wheat,OD02,2013-14,1500.0033333333333,1500.0,0.0033333333333303017
Farm Harvest,Wheat,OD02,2014-15,1559.0,1559.0,0.0
Farm Harvest,Wheat,OD02,2015-16,1600.0,1600.0,0.0
Farm Harvest,Wheat,OD02,2016-17,1650.0,1650.0,0.0
Farm Harvest,Wheat,OD02,2017-18,1724.5033333333333,1724.5,0.0033333333333303017
Farm Harvest,Wheat,OD02,2018-19,1782.9433333333334,1782.94,0.0033333333333303017
Farm Harvest,Wheat,OD02,2019-20,1720.33,1720.33,0.0
Farm Harvest,Wheat,OD02,2020-21,1782.5533333333333,1782.56,0.006666666666660603
Farm Harvest,Wheat,OD02,2021-22,1847.03,1847.03,0.0
Farm Harvest,Wheat,OD02,2022-23,1913.8400000000001,1913.84,2.2737367544323206e-13
Farm Harvest,Wheat,OD02,2023-24,1983.0633333333335,1983.06,0.0033333333335576754
Farm Harvest,Wheat,OD02,2024-25,2054.7933333333335,2054.79,0.0033333333335576754
Farm Harvest,Wheat,OD03,2013-14,1470.0,1470.0,0.0
Farm Harvest,Wheat,OD03,2014-15,1524.0,1524.0,0.0
Farm Harvest,Wheat,OD03,2015-16,1538.0033333333333,1538.0,0.0033333333333303017
Farm Harvest,Wheat,OD03,2016-17,1650.0,1650.0,0.0
Farm Harvest,Wheat,OD03,2017-18,1700.0,1700.0,0.0
Farm Harvest,Wheat,OD03,2018-19,1748.8766666666668,1748.88,0.0033333333333303017
Farm Harvest,Wheat,OD03,2019-20,1752.74,1752.74,0.0
Farm Harvest,Wheat,OD03,2020-21,1816.1366666666665,1816.14,0.0033333333335576754
Farm Harvest,Wheat,OD03,2021-22,1881.8266666666666,1881.83,0.0033333333333303017
Farm Harvest,Wheat,OD03,2022-23,1949.8966666666668,1949.9,0.0033333333333303017
Farm Harvest,Wheat,OD03,2023-24,2020.4266666666665,2020.42,0.00666666666643323
Farm Harvest,Wheat,OD03,2024-25,2093.5033333333336,2093.5,0.0033333333335576754
Farm Harvest,Wheat,OD04,2013-14,1472.0,1472.0,0.0
Farm Harvest,Wheat,OD04,2014-15,1525.0,1525.0,0.0
Farm Harvest,Wheat,OD04,2015-16,1600.0,1600.0,0.0
Farm Harvest,Wheat,OD04,2016-17,1800.0,1800.0,0.0
Farm Harvest,Wheat,OD04,2017-18,1752.0,1752.0,0.0
Farm Harvest,Wheat,OD04,2018-19,1785.0,1785.0,0.0
Farm Harvest,Wheat,OD04,2019-20,1849.5633333333335,1849.56,0.0033333333335576754
Farm Harvest,Wheat,OD04,2020-21,1916.4666666666665,1916.46,0.00666666666643323
Farm Harvest,Wheat,OD04,2021-22,1985.7866666666666,1985.78,0.006666666666660603
Farm Harvest,Wheat,OD04,2022-23,2057.61,2057.61,0.0
Farm Harvest,Wheat,OD04,2023-24,2132.0333333333333,2132.04,0.006666666666660603
Farm Harvest,Wheat,OD04,2024-25,2209.153333333333,2209.15,0.003333333333102928
Farm Harvest,Wheat,OD05,2013-14,1475.0,1475.0,0.0
Farm Harvest,Wheat,OD05,2014-15,1547.0,1547.0,0.0
Farm Harvest,Wheat,OD05,2015-16,1565.0,1565.0,0.0
Farm Harvest,Wheat,OD05,2016-17,1625.0,1625.0,0.0
Farm Harvest,Wheat,OD05,2017-18,1550.0,1550.0,0.0
Farm Harvest,Wheat,OD05,2018-19,1724.9733333333334,1724.97,0.0033333333333303017
Farm Harvest,Wheat,OD05,2019-20,1728.78,1728.78,0.0
Farm Harvest,Wheat,OD05,2020-21,1791.3066666666666,1791.31,0.0033333333333303017
Farm Harvest,Wheat,OD05,2021-22,1856.1033333333332,1856.1,0.0033333333333303017
Farm Harvest,Wheat,OD05,2022-23,1923.24,1923.24,0.0
Farm Harvest,Wheat,OD05,2023-24,1992.8066666666666,1992.81,0.0033333333333303017
Farm Harvest,Wheat,OD05,2024-25,2064.8866666666668,2064.89,0.003333333333102928
Farm Harvest,Wheat,OD06,2013-14,1500.0,1500.0,0.0
Farm Harvest,Wheat,OD06,2014-15,1552.0,1552.0,0.0
Farm Harvest,Wheat,OD06,2015-16,1600.0,1600.0,0.0
Farm Harvest,Wheat,OD06,2016-17,1600.0033333333333,1600.0,0.0033333333333303017
Farm Harvest,Wheat,OD06,2017-18,1709.58,1709.58,0.0
Farm Harvest,Wheat,OD06,2018-19,1767.5133333333333,1767.51,0.0033333333333303017
Farm Harvest,Wheat,OD06,2019-20,1705.4466666666667,1705.44,0.006666666666660603
Farm Harvest,Wheat,OD06,2020-21,1767.1299999999999,1767.13,2.2737367544323206e-13
Farm Harvest,Wheat,OD06,2021-22,1831.05,1831.05,0.0
Farm Harvest,Wheat,OD06,2022-23,1897.28,1897.28,0.0
Farm Harvest,Wheat,OD06,2023-24,1965.8999999999999,1965.9,2.2737367544323206e-13
Farm Harvest,Wheat,OD06,2024-25,2037.0133333333333,2037.01,0.0033333333333303017
Farm Harvest,Wheat,OD07,2013-14,1507.9966666666667,1508.0,0.0033333333333303017
Farm Harvest,Wheat,OD07,2014-15,1559.9966666666667,1560.0,0.0033333333333303017
Farm Harvest,Wheat,OD07,2015-16,1600.0,1600.0,0.0
Farm Harvest,Wheat,OD07,2016-17,1650.0,1650.0,0.0
Farm Harvest,Wheat,OD07,2017-18,1727.0900000000001,1727.09,2.2737367544323206e-13
Farm Harvest,Wheat,OD07,2018-19,1785.6133333333335,1785.62,0.00666666666643323
Farm Harvest,Wheat,OD07,2019-20,1722.9099999999999,1722.91,2.2737367544323206e-13
Farm Harvest,Wheat,OD07,2020-21,1785.2300000000002,1785.23,2.2737367544323206e-13
Farm Harvest,Wheat,OD07,2021-22,1849.8033333333333,1849.8,0.0033333333333303017
Farm Harvest,Wheat,OD07,2022-23,1916.71,1916.71,0.0
Farm Harvest,Wheat,OD07,2023-24,1986.04,1986.04,0.0
Farm Harvest,Wheat,OD07,2024-25,2057.8733333333334,2057.88,0.006666666666660603
Farm Harvest,Wheat,OD08,2013-14,1484.9966666666667,1485.0,0.0033333333333303017
Farm Harvest,Wheat,OD08,2014-15,1550.0,1550.0,0.0
Farm Harvest,Wheat,OD08,2015-16,1575.0,1575.0,0.0
Farm Harvest,Wheat,OD08,2016-17,1633.0033333333333,1633.0,0.0033333333333303017
Farm Harvest,Wheat,OD08,2017-18,1706.53,1706.53,0.0
Farm Harvest,Wheat,OD08,2018-19,1764.3566666666666,1764.36,0.0033333333333303017
Farm Harvest,Wheat,OD08,2019-20,1702.3999999999999,1702.4,2.2737367544323206e-13
Farm Harvest,Wheat,OD08,2020-21,1763.9800000000002,1763.98,2.2737367544323206e-13
Farm Harvest,Wheat,OD08,2021-22,1827.7833333333335,1827.78,0.0033333333335576754
Farm Harvest,Wheat,OD08,2022-23,1893.8966666666668,1893.89,0.006666666666660603
Farm Harvest,Wheat,OD08,2023-24,1962.3966666666668,1962.4,0.0033333333333303017
Farm Harvest,Wheat,OD08,2024-25,2033.38,2033.38,0.0
Farm Harvest,Wheat,OD09,2013-14,1535.0,1535.0,0.0
Farm Harvest,Wheat,OD09,2014-15,1600.0033333333333,1600.0,0.0033333333333303017
Farm Harvest,Wheat,OD09,2015-16,1600.0033333333333,1600.0,0.0033333333333303017
Farm Harvest,Wheat,OD09,2016-17,1700.0,1700.0,0.0
Farm Harvest,Wheat,OD09,2017-18,1750.0033333333333,1750.0,0.0033333333333303017
Farm Harvest,Wheat,OD09,2018-19,1749.9966666666667,1750.0,0.0033333333333303017
Farm Harvest,Wheat,OD09,2019-20,1813.3,1813.3,0.0
Farm Harvest,Wheat,OD09,2020-21,1878.8866666666665,1878.89,0.0033333333335576754
Farm Harvest,Wheat,OD09,2021-22,1946.8500000000001,1946.85,2.2737367544323206e-13
Farm Harvest,Wheat,OD09,2022-23,2017.2666666666667,2017.27,0.0033333333333303017
Farm Harvest,Wheat,OD09,2023-24,2090.23,2090.23,0.0
Farm Harvest,Wheat,OD09,2024-25,2165.8366666666666,2165.84,0.0033333333335576754
Farm Harvest,Wheat,OD10,2013-14,1368.4666666666665,1368.47,0.0033333333335576754
Farm Harvest,Wheat,OD10,2014-15,1426.5266666666666,1426.53,0.0033333333333303017
Farm Harvest,Wheat,OD10,2015-16,1467.6499999999999,1467.65,2.2737367544323206e-13
Farm Harvest,Wheat,OD10,2016-17,1600.0,1600.0,0.0
Farm Harvest,Wheat,OD10,2017-18,1500.0,1500.0,0.0
Farm Harvest,Wheat,OD10,2018-19,1634.5199999999998,1634.52,2.2737367544323206e-13
Farm Harvest,Wheat,OD10,2019-20,1638.1333333333332,1638.13,0.003333333333102928
Farm Harvest,Wheat,OD10,2020-21,1697.3833333333332,1697.38,0.003333333333102928
Farm Harvest,Wheat,OD10,2021-22,1758.78,1758.78,0.0
Farm Harvest,Wheat,OD10,2022-23,1822.3933333333334,1822.39,0.0033333333333303017
Farm Harvest,Wheat,OD10,2023-24,1888.3133333333333,1888.31,0.0033333333333303017
Farm Harvest,Wheat,OD10,2024-25,1956.6133333333335,1956.61,0.0033333333335576754
Farm Harvest,Wheat,OD11,2013-14,1925.9566666666667,1925.96,0.0033333333333303017
Farm Harvest,Wheat,OD11,2014-15,2007.6733333333334,2007.67,0.0033333333333303017
Farm Harvest,Wheat,OD11,2015-16,2065.5466666666666,2065.55,0.0033333333335576754
Farm Harvest,Wheat,OD11,2016-17,2142.133333333333,2142.13,0.003333333333102928
Farm Harvest,Wheat,OD11,2017-18,2225.0,2225.0,0.0
Farm Harvest,Wheat,OD11,2018-19,2300.4,2300.4,0.0
Farm Harvest,Wheat,OD11,2019-20,2305.48,2305.48,0.0
Farm Harvest,Wheat,OD11,2020-21,2388.8700000000003,2388.87,4.547473508864641e-13
Farm Harvest,Wheat,OD11,2021-22,2475.2766666666666,2475.28,0.0033333333335576754
Farm Harvest,Wheat,OD11,2022-23,2564.81,2564.81,0.0
Farm Harvest,Wheat,OD11,2023-24,2657.58,2657.58,0.0
Farm Harvest,Wheat,OD11,2024-25,2753.7066666666665,2753.71,0.0033333333335576754
Farm Harvest,Wheat,OD13,2013-14,1490.0,1490.0,0.0
Farm Harvest,Wheat,OD13,2014-15,1550.0,1550.0,0.0
Farm Harvest,Wheat,OD13,2015-16,1599.9966666666667,1600.0,0.0033333333333303017
Farm Harvest,Wheat,OD13,2016-17,1632.9966666666667,1633.0,0.0033333333333303017
Farm Harvest,Wheat,OD13,2017-18,1714.7033333333331,1714.71,0.006666666666887977
Farm Harvest,Wheat,OD13,2018-19,1772.8133333333335,1772.81,0.0033333333335576754
Farm Harvest,Wheat,OD13,2019-20,1710.5566666666666,1710.56,0.0033333333333303017
Farm Harvest,Wheat,OD13,2020-21,1772.43,1772.43,0.0
Farm Harvest,Wheat,OD13,2021-22,1836.54,1836.54,0.0
Farm Harvest,Wheat,OD13,2022-23,1902.97,1902.97,0.0
Farm Harvest,Wheat,OD13,2023-24,1971.8,1971.8,0.0
Farm Harvest,Wheat,OD13,2024-25,2043.12,2043.12,0.0
Farm Harvest,Wheat,OD14,2013-14,1480.0,1480.0,0.0
Farm Harvest,Wheat,OD14,2014-15,1540.0,1540.0,0.0
Farm Harvest,Wheat,OD14,2015-16,1600.0,1600.0,0.0
Farm Harvest,Wheat,OD14,2016-17,1650.0,1650.0,0.0
Farm Harvest,Wheat,OD14,2017-18,1728.64,1728.64,0.0
Farm Harvest,Wheat,OD14,2018-19,1850.0,1850.0,0.0
Farm Harvest,Wheat,OD14,2019-20,1916.9166666666667,1916.92,0.0033333333333303017
Farm Harvest,Wheat,OD14,2020-21,1986.25,1986.25,0.0
Farm Harvest,Wheat,OD14,2021-22,2058.096666666667,2058.1,0.003333333333102928
Farm Harvest,Wheat,OD14,2022-23,2132.536666666667,2132.54,0.003333333333102928
Farm Harvest,Wheat,OD14,2023-24,2209.6766666666667,2209.67,0.006666666666660603
Farm Harvest,Wheat,OD14,2024-25,2289.596666666667,2289.6,0.003333333333102928
Farm Harvest,Wheat,OD15,2013-14,1475.0,1475.0,0.0
Farm Harvest,Wheat,OD15,2014-15,1600.0,1600.0,0.0
Farm Harvest,Wheat,OD15,2015-16,1620.0033333333333,1620.0,0.0033333333333303017
Farm Harvest,Wheat,OD15,2016-17,1625.0,1625.0,0.0
Farm Harvest,Wheat,OD15,2017-18,1700.0,1700.0,0.0
Farm Harvest,Wheat,OD15,2018-19,1780.0,1780.0,0.0
Farm Harvest,Wheat,OD15,2019-20,1844.3833333333332,1844.38,0.003333333333102928
Farm Harvest,Wheat,OD15,2020-21,1911.0966666666666,1911.1,0.0033333333333303017
Farm Harvest,Wheat,OD15,2021-22,1980.2233333333334,1980.22,0.0033333333333303017
Farm Harvest,Wheat,OD15,2022-23,2051.85,2051.85,0.0
Farm Harvest,Wheat,OD15,2023-24,2126.066666666667,2126.06,0.006666666667115351
Farm Harvest,Wheat,OD15,2024-25,2202.9633333333336,2202.97,0.006666666666205856
Farm Harvest,Wheat,OD17,2013-14,1500.0,1500.0,0.0
Farm Harvest,Wheat,OD17,2014-15,1600.0033333333333,1600.0,0.0033333333333303017
Farm Harvest,Wheat,OD17,2015-16,1620.0,1620.0,0.0
Farm Harvest,Wheat,OD17,2016-17,1650.0,1650.0,0.0
Farm Harvest,Wheat,OD17,2017-18,1726.6899999999998,1726.69,2.2737367544323206e-13
Farm Harvest,Wheat,OD17,2018-19,1725.0033333333333,1725.0,0.0033333333333303017
Farm Harvest,Wheat,OD17,2019-20,1787.3933333333334,1787.39,0.0033333333333303017
Farm Harvest,Wheat,OD17,2020-21,1852.0466666666664,1852.05,0.0033333333335576754
Farm Harvest,Wheat,OD17,2021-22,1919.0366666666669,1919.04,0.003333333333102928
Farm Harvest,Wheat,OD17,2022-23,1988.4466666666667,1988.45,0.0033333333333303017
Farm Harvest,Wheat,OD17,2023-24,2060.3700000000003,2060.37,4.547473508864641e-13
Farm Harvest,Wheat,OD17,2024-25,2134.8966666666665,2134.9,0.0033333333335576754
Farm Harvest,Wheat,OD18,2013-14,1473.0033333333333,1473.0,0.0033333333333303017
Farm Harvest,Wheat,OD18,2014-15,1553.0033333333333,1553.0,0.0033333333333303017
Farm Harvest,Wheat,OD18,2015-16,1633.0,1633.0,0.0
Farm Harvest,Wheat,OD18,2016-17,1800.0,1800.0,0.0
Farm Harvest,Wheat,OD18,2017-18,1750.9966666666667,1751.0,0.0033333333333303017
Farm Harvest,Wheat,OD18,2018-19,1820.1633333333332,1820.16,0.003333333333102928
Farm Harvest,Wheat,OD18,2019-20,1824.18,1824.18,0.0
Farm Harvest,Wheat,OD18,2020-21,1890.1633333333332,1890.16,0.003333333333102928
Farm Harvest,Wheat,OD18,2021-22,1958.5333333333335,1958.53,0.0033333333335576754
Farm Harvest,Wheat,OD18,2022-23,2029.3733333333332,2029.37,0.0033333333333303017
Farm Harvest,Wheat,OD18,2023-24,2102.7766666666666,2102.78,0.0033333333335576754
Farm Harvest,Wheat,OD18,2024-25,2178.8333333333335,2178.84,0.006666666666660603
Farm Harvest,Wheat,OD19,2013-14,1550.0033333333333,1550.0,0.0033333333333303017
Farm Harvest,Wheat,OD19,2014-15,1625.0,1625.0,0.0
Farm Harvest,Wheat,OD19,2015-16,1650.0033333333333,1650.0,0.0033333333333303017
Farm Harvest,Wheat,OD19,2016-17,1666.0,1666.0,0.0
Farm Harvest,Wheat,OD19,2017-18,1999.9966666666667,2000.0,0.0033333333333303017
Farm Harvest,Wheat,OD19,2018-19,1881.55,1881.55,0.0
Farm Harvest,Wheat,OD19,2019-20,1885.7066666666667,1885.71,0.0033333333333303017
Farm Harvest,Wheat,OD19,2020-21,1953.9133333333332,1953.91,0.003333333333102928
Farm Harvest,Wheat,OD19,2021-22,2024.5866666666668,2024.59,0.003333333333102928
Farm Harvest,Wheat,OD19,2022-23,2097.816666666667,2097.82,0.003333333333102928
Farm Harvest,Wheat,OD19,2023-24,2173.693333333333,2173.7,0.006666666666660603
Farm Harvest,Wheat,OD19,2024-25,2252.32,2252.32,0.0
Farm Harvest,Wheat,OD20,2013-14,1527.9399999999998,1527.94,2.2737367544323206e-13
Farm Harvest,Wheat,OD20,2014-15,1592.7666666666667,1592.77,0.0033333333333303017
Farm Harvest,Wheat,OD20,2015-16,1638.6833333333334,1638.68,0.0033333333333303017
Farm Harvest,Wheat,OD20,2016-17,1699.4433333333334,1699.44,0.0033333333333303017
Farm Harvest,Wheat,OD20,2017-18,1765.1833333333334,1765.18,0.0033333333333303017
Farm Harvest,Wheat,OD20,2018-19,1825.0,1825.0,0.0
Farm Harvest,Wheat,OD20,2019-20,1891.01,1891.01,0.0
Farm Harvest,Wheat,OD20,2020-21,1959.4099999999999,1959.41,2.2737367544323206e-13
Farm Harvest,Wheat,OD20,2021-22,2030.2866666666669,2030.28,0.006666666666887977
Farm Harvest,Wheat,OD20,2022-23,2103.7233333333334,2103.72,0.0033333333335576754
Farm Harvest,Wheat,OD20,2023-24,2179.81,2179.81,0.0
Farm Harvest,Wheat,OD20,2024-25,2258.6566666666663,2258.66,0.0033333333335576754
Farm Harvest,Wheat,OD21,2013-14,1373.6299999999999,1373.63,2.2737367544323206e-13
Farm Harvest,Wheat,OD21,2014-15,1431.9066666666668,1431.91,0.0033333333333303017
Farm Harvest,Wheat,OD21,2015-16,1499.9966666666667,1500.0,0.0033333333333303017
Farm Harvest,Wheat,OD21,2016-17,1500.0,1500.0,0.0
Farm Harvest,Wheat,OD21,2017-18,1586.9099999999999,1586.91,2.2737367544323206e-13
Farm Harvest,Wheat,OD21,2018-19,1640.6866666666665,1640.69,0.0033333333335576754
Farm Harvest,Wheat,OD21,2019-20,1583.07,1583.07,0.0
Farm Harvest,Wheat,OD21,2020-21,1640.33,1640.33,0.0
Farm Harvest,Wheat,OD21,2021-22,1699.6633333333332,1699.66,0.003333333333102928
Farm Harvest,Wheat,OD21,2022-23,1761.1433333333334,1761.14,0.0033333333333303017
Farm Harvest,Wheat,OD21,2023-24,1824.8433333333332,1824.84,0.0033333333333303017
Farm Harvest,Wheat,OD21,2024-25,1890.8533333333335,1890.85,0.0033333333335576754
Farm Harvest,Wheat,OD22,2013-14,1499.9966666666667,1500.0,0.0033333333333303017
Farm Harvest,Wheat,OD22,2014-15,1534.0033333333333,1534.0,0.0033333333333303017
Farm Harvest,Wheat,OD22,2015-16,1619.9966666666667,1620.0,0.0033333333333303017
Farm Harvest,Wheat,OD22,2016-17,1640.0,1640.0,0.0
Farm Harvest,Wheat,OD22,2017-18,1760.0,1760.0,0.0
Farm Harvest,Wheat,OD22,2018-19,1814.0,1814.0,0.0
Farm Harvest,Wheat,OD22,2019-20,1879.6133333333335,1879.61,0.0033333333335576754
Farm Harvest,Wheat,OD22,2020-21,1947.6033333333335,1947.6,0.0033333333335576754
Farm Harvest,Wheat,OD22,2021-22,2018.0466666666664,2018.05,0.0033333333335576754
Farm Harvest,Wheat,OD22,2022-23,2091.0400000000004,2091.04,4.547473508864641e-13
Farm Harvest,Wheat,OD22,2023-24,2166.6766666666667,2166.67,0.006666666666660603
Farm Harvest,Wheat,OD22,2024-25,2245.0466666666666,2245.04,0.006666666666660603
Farm Harvest,Wheat,OD23,2013-14,1490.0,1490.0,0.0
Farm Harvest,Wheat,OD23,2014-15,1600.0033333333333,1600.0,0.0033333333333303017
Farm Harvest,Wheat,OD23,2015-16,1700.0,1700.0,0.0
Farm Harvest,Wheat,OD23,2016-17,1800.0,1800.0,0.0
Farm Harvest,Wheat,OD23,2017-18,1780.5133333333333,1780.51,0.0033333333333303017
Farm Harvest,Wheat,OD23,2018-19,1765.0,1765.0,0.0
Farm Harvest,Wheat,OD23,2019-20,1828.8400000000001,1828.84,2.2737367544323206e-13
Farm Harvest,Wheat,OD23,2020-21,1894.9899999999998,1894.99,2.2737367544323206e-13
Farm Harvest,Wheat,OD23,2021-22,1963.5366666666666,1963.53,0.006666666666660603
Farm Harvest,Wheat,OD23,2022-23,2034.5566666666666,2034.56,0.0033333333333303017
Farm Harvest,Wheat,OD23,2023-24,2108.146666666667,2108.15,0.003333333333102928
Farm Harvest,Wheat,OD23,2024-25,2184.4,2184.4,0.0
Farm Harvest,Wheat,OD24,2013-14,1500.0,1500.0,0.0
Farm Harvest,Wheat,OD24,2014-15,1499.9966666666667,1500.0,0.0033333333333303017
Farm Harvest,Wheat,OD24,2015-16,1550.0,1550.0,0.0
Farm Harvest,Wheat,OD24,2016-17,1600.0033333333333,1600.0,0.0033333333333303017
Farm Harvest,Wheat,OD24,2017-18,1618.9966666666667,1619.0,0.0033333333333303017
Farm Harvest,Wheat,OD24,2018-19,1725.7266666666667,1725.73,0.0033333333333303017
Farm Harvest,Wheat,OD24,2019-20,1729.54,1729.54,0.0
Farm Harvest,Wheat,OD24,2020-21,1792.1000000000001,1792.1,2.2737367544323206e-13
Farm Harvest,Wheat,OD24,2021-22,1856.92,1856.92,0.0
Farm Harvest,Wheat,OD24,2022-23,1924.0833333333333,1924.09,0.006666666666660603
Farm Harvest,Wheat,OD24,2023-24,1993.6833333333334,1993.68,0.0033333333333303017
Farm Harvest,Wheat,OD24,2024-25,2065.7933333333335,2065.79,0.0033333333335576754
Farm Harvest,Wheat,OD25,2013-14,1494.9966666666667,1495.0,0.0033333333333303017
Farm Harvest,Wheat,OD25,2014-15,1558.43,1558.43,0.0
Farm Harvest,Wheat,OD25,2015-16,1603.3533333333332,1603.35,0.0033333333333303017
Farm Harvest,Wheat,OD25,2016-17,1662.8066666666666,1662.8,0.006666666666660603
Farm Harvest,Wheat,OD25,2017-18,1727.13,1727.13,0.0
Farm Harvest,Wheat,OD25,2018-19,1785.6533333333334,1785.66,0.006666666666660603
Farm Harvest,Wheat,OD25,2019-20,1549.0766666666666,1549.08,0.0033333333333303017
Farm Harvest,Wheat,OD25,2020-21,1605.1066666666666,1605.11,0.0033333333333303017
Farm Harvest,Wheat,OD25,2021-22,1663.1633333333332,1663.16,0.003333333333102928
Farm Harvest,Wheat,OD25,2022-23,1723.3233333333335,1723.32,0.0033333333335576754
Farm Harvest,Wheat,OD25,2023-24,1785.6566666666668,1785.66,0.0033333333333303017
Farm Harvest,Wheat,OD25,2024-25,1850.243333333333,1850.24,0.003333333333102928
Farm Harvest,Wheat,OD26,2013-14,1298.3966666666668,1298.4,0.0033333333333303017
Farm Harvest,Wheat,OD26,2014-15,1353.4833333333333,1353.49,0.006666666666660603
Farm Harvest,Wheat,OD26,2015-16,1392.5033333333333,1392.5,0.0033333333333303017
Farm Harvest,Wheat,OD26,2016-17,1444.1333333333332,1444.14,0.006666666666887977
Farm Harvest,Wheat,OD26,2017-18,1500.0,1500.0,0.0
Farm Harvest,Wheat,OD26,2018-19,1550.83,1550.83,0.0
Farm Harvest,Wheat,OD26,2019-20,1554.2533333333333,1554.26,0.006666666666660603
Farm Harvest,Wheat,OD26,2020-21,1610.4766666666667,1610.47,0.006666666666660603
Farm Harvest,Wheat,OD26,2021-22,1668.7266666666667,1668.73,0.0033333333333303017
Farm Harvest,Wheat,OD26,2022-23,1729.0833333333333,1729.09,0.006666666666660603
Farm Harvest,Wheat,OD26,2023-24,1791.6266666666668,1791.63,0.0033333333333303017
Farm Harvest,Wheat,OD26,2024-25,1856.4333333333334,1856.43,0.0033333333333303017
Farm Harvest,Wheat,OD28,2013-14,1475.0,1475.0,0.0
Farm Harvest,Wheat,OD28,2014-15,1525.0,1525.0,0.0
Farm Harvest,Wheat,OD28,2015-16,1550.0033333333333,1550.0,0.0033333333333303017
Farm Harvest,Wheat,OD28,2016-17,1623.0,1623.0,0.0
Farm Harvest,Wheat,OD28,2017-18,1688.4366666666665,1688.44,0.0033333333335576754
Farm Harvest,Wheat,OD28,2018-19,1750.0,1750.0,0.0
Farm Harvest,Wheat,OD28,2019-20,1813.3,1813.3,0.0
Farm Harvest,Wheat,OD28,2020-21,1878.89,1878.89,0.0
Farm Harvest,Wheat,OD28,2021-22,1946.8466666666666,1946.85,0.0033333333333303017
Farm Harvest,Wheat,OD28,2022-23,2017.2700000000002,2017.27,2.2737367544323206e-13
Farm Harvest,Wheat,OD28,2023-24,2090.2333333333336,2090.23,0.0033333333335576754
Farm Harvest,Wheat,OD28,2024-25,2165.8366666666666,2165.84,0.0033333333335576754
Farm Harvest,Wheat,OD29,2013-14,1500.0,1500.0,0.0
Farm Harvest,Wheat,OD29,2014-15,1550.0,1550.0,0.0
Farm Harvest,Wheat,OD29,2015-16,1575.0,1575.0,0.0
Farm Harvest,Wheat,OD29,2016-17,1649.9966666666667,1650.0,0.0033333333333303017
Farm Harvest,Wheat,OD29,2017-18,1715.2766666666666,1715.28,0.0033333333333303017
Farm Harvest,Wheat,OD29,2018-19,1773.4033333333334,1773.4,0.0033333333333303017
Farm Harvest,Wheat,OD29,2019-20,1711.1266666666668,1711.13,0.0033333333333303017
Farm Harvest,Wheat,OD29,2020-21,1773.0166666666667,1773.02,0.0033333333333303017
Farm Harvest,Wheat,OD29,2021-22,1837.1499999999999,1837.15,2.2737367544323206e-13
Farm Harvest,Wheat,OD29,2022-23,1903.6000000000001,1903.6,2.2737367544323206e-13
Farm Harvest,Wheat,OD29,2023-24,1972.4533333333331,1972.46,0.006666666666887977
Farm Harvest,Wheat,OD29,2024-25,2043.8,2043.8,0.0
Farm Harvest,Wheat,OD30,2013-14,1470.0,1470.0,0.0
Farm Harvest,Wheat,OD30,2014-15,1500.0,1500.0,0.0
Farm Harvest,Wheat,OD30,2015-16,1700.0,1700.0,0.0
Farm Harvest,Wheat,OD30,2016-17,1719.9966666666667,1720.0,0.0033333333333303017
Farm Harvest,Wheat,OD30,2017-18,1750.0,1750.0,0.0
Farm Harvest,Wheat,OD30,2018-19,1750.0033333333333,1750.0,0.0033333333333303017
Farm Harvest,Wheat,OD30,2019-20,1813.2966666666669,1813.3,0.003333333333102928
Farm Harvest,Wheat,OD30,2020-21,1878.8866666666665,1878.89,0.0033333333335576754
Farm Harvest,Wheat,OD30,2021-22,1946.8433333333332,1946.85,0.006666666666660603
Farm Harvest,Wheat,OD30,2022-23,2017.2666666666667,2017.27,0.0033333333333303017
Farm Harvest,Wheat,OD30,2023-24,2090.233333333333,2090.23,0.003333333333102928
Farm Harvest,Wheat,OD30,2024-25,2165.8366666666666,2165.84,0.0033333333335576754
Wholesale,Arhar,OD01,2013-14,4505.0,4505.0,0.0
Wholesale,Arhar,OD01,2014-15,5314.0008333333335,5314.0,0.0008333333335031057
Wholesale,Arhar,OD01,2015-16,6023.999166666667,6024.0,0.000833333332593611
Wholesale,Arhar,OD01,2016-17,6557.000833333333,6557.0,0.000833333332593611
Wholesale,Arhar,OD01,2017-18,6860.001666666667,6860.0,0.0016666666670062114
Wholesale,Arhar,OD01,2018-19,5799.999166666667,5800.0,0.000833333332593611
Wholesale,Arhar,OD01,2019-20,6187.871666666667,6187.87,0.0016666666670062114
Wholesale,Arhar,OD01,2020-21,6601.681666666666,6601.68,0.0016666666660967167
Wholesale,Arhar,OD01,2021-22,7043.162499999999,7043.16,0.0024999999995998223
Wholesale,Arhar,OD01,2022-23,7514.169166666667,7514.17,0.0008333333335031057
Wholesale,Arhar,OD01,2023-24,8016.672500000001,8016.67,0.002500000000509317
Wholesale,Arhar,OD01,2024-25,8552.7825,8552.78,0.0024999999986903276
Wholesale,Arhar,OD02,2013-14,4478.0008333333335,4478.0,0.0008333333335031057
Wholesale,Arhar,OD02,2014-15,5213.0,5213.0,0.0
Wholesale,Arhar,OD02,2015-16,5909.000833333333,5909.0,0.000833333332593611
Wholesale,Arhar,OD02,2016-17,6432.0,6432.0,0.0
Wholesale,Arhar,OD02,2017-18,6488.999166666667,6489.0,0.000833333332593611
Wholesale,Arhar,OD02,2018-19,6489.000833333333,6489.0,0.000833333332593611
Wholesale,Arhar,OD02,2019-20,6922.947499999999,6922.95,0.002500000000509317
Wholesale,Arhar,OD02,2020-21,7385.9141666666665,7385.91,0.004166666666606034
Wholesale,Arhar,OD02,2021-22,7879.84,7879.84,0.0
Wholesale,Arhar,OD02,2022-23,8406.799166666666,8406.8,0.0008333333335031057
Wholesale,Arhar,OD02,2023-24,8968.998333333333,8969.0,0.0016666666670062114
Wholesale,Arhar,OD02,2024-25,9568.795,9568.79,0.004999999999199645
Wholesale,Arhar,OD03,2013-14,4650.0,4650.0,0.0
Wholesale,Arhar,OD03,2014-15,5800.001666666667,5800.0,0.0016666666670062114
Wholesale,Arhar,OD03,2015-16,6574.001666666667,6574.0,0.0016666666670062114
Wholesale,Arhar,OD03,2016-17,7156.0,7156.0,0.0
Wholesale,Arhar,OD03,2017-18,7122.005,7122.01,0.005000000000109139
Wholesale,Arhar,OD03,2018-19,6625.829166666666,6625.83,0.0008333333335031057
Wholesale,Arhar,OD03,2019-20,7558.93,7558.93,0.0
Wholesale,Arhar,OD03,2020-21,8064.426666666666,8064.43,0.0033333333340124227
Wholesale,Arhar,OD03,2021-22,8603.729166666666,8603.73,0.0008333333335031057
Wholesale,Arhar,OD03,2022-23,9179.096666666666,9179.1,0.0033333333340124227
Wholesale,Arhar,OD03,2023-24,9792.9425,9792.94,0.0024999999986903276
Wholesale,Arhar,OD03,2024-25,10447.838333333333,10447.84,0.0016666666670062114
Wholesale,Arhar,OD04,2013-14,4600.0,4600.0,0.0
Wholesale,Arhar,OD04,2014-15,5649.999166666667,5650.0,0.000833333332593611
Wholesale,Arhar,OD04,2015-16,6403.998333333333,6404.0,0.0016666666670062114
Wholesale,Arhar,OD04,2016-17,6970.998333333333,6971.0,0.0016666666670062114
Wholesale,Arhar,OD04,2017-18,6910.000833333333,6910.0,0.000833333332593611
Wholesale,Arhar,OD04,2018-19,7190.0,7190.0,0.0
Wholesale,Arhar,OD04,2019-20,7670.826666666667,7670.83,0.003333333333102928
Wholesale,Arhar,OD04,2020-21,8183.808333333333,8183.81,0.0016666666670062114
Wholesale,Arhar,OD04,2021-22,8731.0925,8731.09,0.002500000000509317
Wholesale,Arhar,OD04,2022-23,9314.979166666666,9314.98,0.0008333333335031057
Wholesale,Arhar,OD04,2023-24,9937.908333333333,9937.91,0.0016666666670062114
Wholesale,Arhar,OD04,2024-25,10602.500833333334,10602.5,0.0008333333335031057
Wholesale,Arhar,OD05,2013-14,5000.0008333333335,5000.0,0.0008333333335031057
Wholesale,Arhar,OD05,2014-15,6000.0025,6000.0,0.0024999999995998223
Wholesale,Arhar,OD05,2015-16,6801.0,6801.0,0.0
Wholesale,Arhar,OD05,2016-17,7403.0,7403.0,0.0
Wholesale,Arhar,OD05,2017-18,7363.158333333333,7363.16,0.0016666666670062114
Wholesale,Arhar,OD05,2018-19,6570.998333333333,6571.0,0.0016666666670062114
Wholesale,Arhar,OD05,2019-20,7010.431666666666,7010.43,0.0016666666660967167
Wholesale,Arhar,OD05,2020-21,7479.246666666667,7479.25,0.003333333333102928
Wholesale,Arhar,OD05,2021-22,7979.4175000000005,7979.42,0.0024999999995998223
Wholesale,Arhar,OD05,2022-23,8513.035833333333,8513.03,0.00583333333270275
Wholesale,Arhar,OD05,2023-24,9082.336666666668,9082.34,0.0033333333321934333
Wholesale,Arhar,OD05,2024-25,9689.710833333333,9689.71,0.0008333333335031057
Wholesale,Arhar,OD06,2013-14,4733.0008333333335,4733.0,0.0008333333335031057
Wholesale,Arhar,OD06,2014-15,5733.0,5733.0,0.0
Wholesale,Arhar,OD06,2015-16,6498.999166666667,6499.0,0.000833333332593611
Wholesale,Arhar,OD06,2016-17,7074.0,7074.0,0.0
Wholesale,Arhar,OD06,2017-18,6600.0,6600.0,0.0
Wholesale,Arhar,OD06,2018-19,6639.998333333333,6640.0,0.0016666666670062114
Wholesale,Arhar,OD06,2019-20,7084.045833333334,7084.05,0.004166666666606034
Wholesale,Arhar,OD06,2020-21,7557.785,7557.79,0.005000000000109139
Wholesale,Arhar,OD06,2021-22,8063.206666666666,8063.21,0.0033333333340124227
Wholesale,Arhar,OD06,2022-23,8602.4275,8602.43,0.002500000000509317
Wholesale,Arhar,OD06,2023-24,9177.708333333334,9177.71,0.001666666665187222
Wholesale,Arhar,OD06,2024-25,9791.460833333333,9791.46,0.0008333333335031057
Wholesale,Arhar,OD07,2013-14,5179.0,5179.0,0.0
Wholesale,Arhar,OD07,2014-15,6000.0,6000.0,0.0
Wholesale,Arhar,OD07,2015-16,6801.0,6801.0,0.0
Wholesale,Arhar,OD07,2016-17,7403.001666666667,7403.0,0.0016666666670062114
Wholesale,Arhar,OD07,2017-18,7504.6641666666665,7504.66,0.004166666666606034
Wholesale,Arhar,OD07,2018-19,6981.828333333334,6981.83,0.0016666666660967167
Wholesale,Arhar,OD07,2019-20,7965.065,7965.06,0.004999999999199645
Wholesale,Arhar,OD07,2020-21,8497.723333333333,8497.72,0.0033333333340124227
Wholesale,Arhar,OD07,2021-22,9065.999166666666,9066.0,0.0008333333335031057
Wholesale,Arhar,OD07,2022-23,9672.283333333333,9672.28,0.0033333333321934333
Wholesale,Arhar,OD07,2023-24,10319.109166666667,10319.11,0.0008333333335031057
Wholesale,Arhar,OD07,2024-25,11009.1925,11009.19,0.0024999999986903276
Wholesale,Arhar,OD08,2013-14,4500.0008333333335,4500.0,0.0008333333335031057
Wholesale,Arhar,OD08,2014-15,5600.0,5600.0,0.0
Wholesale,Arhar,OD08,2015-16,6347.999166666667,6348.0,0.000833333332593611
Wholesale,Arhar,OD08,2016-17,6909.0,6909.0,0.0
Wholesale,Arhar,OD08,2017-18,6836.999166666667,6837.0,0.000833333332593611
Wholesale,Arhar,OD08,2018-19,6461.001666666667,6461.0,0.0016666666670062114
Wholesale,Arhar,OD08,2019-20,6893.074166666666,6893.07,0.004166666666606034
Wholesale,Arhar,OD08,2020-21,7354.044166666667,7354.04,0.004166666666606034
Wholesale,Arhar,OD08,2021-22,7845.839166666668,7845.84,0.000833333332593611
Wholesale,Arhar,OD08,2022-23,8370.524166666666,8370.52,0.004166666665696539
Wholesale,Arhar,OD08,2023-24,8930.298333333334,8930.3,0.001666666665187222
Wholesale,Arhar,OD08,2024-25,9527.503333333334,9527.5,0.0033333333340124227
Wholesale,Arhar,OD09,2013-14,4789.000833333333,4789.0,0.000833333332593611
Wholesale,Arhar,OD09,2014-15,5800.000833333333,5800.0,0.000833333332593611
Wholesale,Arhar,OD09,2015-16,6573.998333333333,6574.0,0.0016666666670062114
Wholesale,Arhar,OD09,2016-17,7156.000833333333,7156.0,0.000833333332593611
Wholesale,Arhar,OD09,2017-18,7173.6325,7173.63,0.0024999999995998223
Wholesale,Arhar,OD09,2018-19,6673.860833333333,6673.86,0.0008333333335031057
Wholesale,Arhar,OD09,2019-20,7613.724166666667,7613.72,0.004166666666606034
Wholesale,Arhar,OD09,2020-21,8122.8875,8122.89,0.002500000000509317
Wholesale,Arhar,OD09,2021-22,8666.098333333333,8666.1,0.0016666666670062114
Wholesale,Arhar,OD09,2022-23,9245.637499999999,9245.64,0.002500000000509317
Wholesale,Arhar,OD09,2023-24,9863.934166666668,9863.93,0.004166666667515528
Wholesale,Arhar,OD09,2024-25,10523.5775,10523.58,0.002500000000509317
Wholesale,Arhar,OD10,2013-14,4750.0,4750.0,0.0
Wholesale,Arhar,OD10,2014-15,5599.999166666667,5600.0,0.000833333332593611
Wholesale,Arhar,OD10,2015-16,6348.000833333333,6348.0,0.000833333332593611
Wholesale,Arhar,OD10,2016-17,6909.0,6909.0,0.0
Wholesale,Arhar,OD10,2017-18,6869.999166666667,6870.0,0.000833333332593611
Wholesale,Arhar,OD10,2018-19,6120.0,6120.0,0.0
Wholesale,Arhar,OD10,2019-20,6529.270833333333,6529.27,0.000833333332593611
Wholesale,Arhar,OD10,2020-21,6965.91,6965.91,0.0
Wholesale,Arhar,OD10,2021-22,7431.75,7431.75,0.0
Wholesale,Arhar,OD10,2022-23,7928.7425,7928.74,0.002500000000509317
Wholesale,Arhar,OD10,2023-24,8458.9725,8458.97,0.002500000000509317
Wholesale,Arhar,OD10,2024-25,9024.660833333333,9024.66,0.0008333333335031057
Wholesale,Arhar,OD11,2013-14,4300.0,4300.0,0.0
Wholesale,Arhar,OD11,2014-15,5200.0008333333335,5200.0,0.0008333333335031057
Wholesale,Arhar,OD11,2015-16,5894.0,5894.0,0.0
Wholesale,Arhar,OD11,2016-17,6415.999166666667,6416.0,0.000833333332593611
Wholesale,Arhar,OD11,2017-18,6807.0,6807.0,0.0
Wholesale,Arhar,OD11,2018-19,6312.001666666667,6312.0,0.0016666666670062114
Wholesale,Arhar,OD11,2019-20,6734.110833333333,6734.11,0.0008333333335031057
Wholesale,Arhar,OD11,2020-21,7184.449166666666,7184.45,0.0008333333335031057
Wholesale,Arhar,OD11,2021-22,7664.905,7664.9,0.005000000000109139
Wholesale,Arhar,OD11,2022-23,8177.489166666666,8177.49,0.0008333333335031057
Wholesale,Arhar,OD11,2023-24,8724.352499999999,8724.35,0.0024999999986903276
Wholesale,Arhar,OD11,2024-25,9307.786666666667,9307.79,0.0033333333340124227
Wholesale,Arhar,OD12,2013-14,4700.0,4700.0,0.0
Wholesale,Arhar,OD12,2014-15,5900.0,5900.0,0.0
Wholesale,Arhar,OD12,2015-16,6688.000833333333,6688.0,0.000833333332593611
Wholesale,Arhar,OD12,2016-17,7278.999166666667,7279.0,0.000833333332593611
Wholesale,Arhar,OD12,2017-18,7233.676666666666,7233.68,0.0033333333340124227
Wholesale,Arhar,OD12,2018-19,6729.72,6729.72,0.0
Wholesale,Arhar,OD12,2019-20,7677.450833333333,7677.45,0.0008333333335031057
Wholesale,Arhar,OD12,2020-21,8190.874166666667,8190.87,0.004166666667515528
Wholesale,Arhar,OD12,2021-22,8738.6325,8738.63,0.002500000000509317
Wholesale,Arhar,OD12,2022-23,9323.023333333333,9323.02,0.0033333333321934333
Wholesale,Arhar,OD12,2023-24,9946.494166666665,9946.49,0.004166666665696539
Wholesale,Arhar,OD12,2024-25,10611.658333333333,10611.66,0.0016666666670062114
Wholesale,Arhar,OD13,2013-14,4600.0,4600.0,0.0
Wholesale,Arhar,OD13,2014-15,5532.999166666667,5533.0,0.000833333332593611
Wholesale,Arhar,OD13,2015-16,6272.000833333334,6272.0,0.0008333333344126004
Wholesale,Arhar,OD13,2016-17,6827.000833333333,6827.0,0.000833333332593611
Wholesale,Arhar,OD13,2017-18,7082.998333333333,7083.0,0.0016666666670062114
Wholesale,Arhar,OD13,2018-19,6200.000833333333,6200.0,0.000833333332593611
Wholesale,Arhar,OD13,2019-20,6614.62,6614.62,0.0
Wholesale,Arhar,OD13,2020-21,7056.966666666667,7056.97,0.003333333333102928
Wholesale,Arhar,OD13,2021-22,7528.899166666667,7528.9,0.000833333332593611
Wholesale,Arhar,OD13,2022-23,8032.3875,8032.39,0.002500000000509317
Wholesale,Arhar,OD13,2023-24,8569.545833333334,8569.55,0.004166666665696539
Wholesale,Arhar,OD13,2024-25,9142.629166666668,9142.63,0.0008333333316841163
Wholesale,Arhar,OD14,2013-14,4499.9991666666665,4500.0,0.0008333333335031057
Wholesale,Arhar,OD14,2014-15,5649.998333333333,5650.0,0.0016666666670062114
Wholesale,Arhar,OD14,2015-16,6404.000833333333,6404.0,0.000833333332593611
Wholesale,Arhar,OD14,2016-17,6971.000833333333,6971.0,0.000833333332593611
Wholesale,Arhar,OD14,2017-18,6926.7908333333335,6926.79,0.0008333333335031057
Wholesale,Arhar,OD14,2018-19,6444.215833333333,6444.22,0.004166666667515528
Wholesale,Arhar,OD14,2019-20,7351.7375,7351.74,0.0024999999995998223
Wholesale,Arhar,OD14,2020-21,7843.381666666667,7843.38,0.0016666666670062114
Wholesale,Arhar,OD14,2021-22,8367.901666666667,8367.9,0.0016666666670062114
Wholesale,Arhar,OD14,2022-23,8927.499166666666,8927.5,0.0008333333335031057
Wholesale,Arhar,OD14,2023-24,9524.518333333333,9524.52,0.0016666666670062114
Wholesale,Arhar,OD14,2024-25,10161.4625,10161.46,0.002500000000509317
Wholesale,Arhar,OD15,2013-14,4585.999166666667,4586.0,0.000833333332593611
Wholesale,Arhar,OD15,2014-15,5050.0,5050.0,0.0
Wholesale,Arhar,OD15,2015-16,5724.000833333333,5724.0,0.000833333332593611
Wholesale,Arhar,OD15,2016-17,6231.0,6231.0,0.0
Wholesale,Arhar,OD15,2017-18,6400.729166666667,6400.73,0.000833333332593611
Wholesale,Arhar,OD15,2018-19,5954.805833333333,5954.8,0.00583333333270275
Wholesale,Arhar,OD15,2019-20,6793.404166666667,6793.4,0.004166666667515528
Wholesale,Arhar,OD15,2020-21,7247.708333333333,7247.71,0.0016666666670062114
Wholesale,Arhar,OD15,2021-22,7732.392500000001,7732.39,0.002500000000509317
Wholesale,Arhar,OD15,2022-23,8249.491666666667,8249.49,0.0016666666670062114
Wholesale,Arhar,OD15,2023-24,8801.17,8801.17,0.0
Wholesale,Arhar,OD15,2024-25,9389.7425,9389.74,0.002500000000509317
Wholesale,Arhar,OD16,2013-14,4738.0,4738.0,0.0
Wholesale,Arhar,OD16,2014-15,5716.000833333333,5716.0,0.000833333332593611
Wholesale,Arhar,OD16,2015-16,6478.999166666667,6479.0,0.000833333332593611
Wholesale,Arhar,OD16,2016-17,7052.0,7052.0,0.0
Wholesale,Arhar,OD16,2017-18,7467.0,7467.0,0.0
Wholesale,Arhar,OD16,2018-19,7467.000833333333,7467.0,0.000833333332593611
Wholesale,Arhar,OD16,2019-20,7966.349166666667,7966.35,0.0008333333335031057
Wholesale,Arhar,OD16,2020-21,8499.0925,8499.09,0.002500000000509317
Wholesale,Arhar,OD16,2021-22,9067.465,9067.46,0.005000000001018634
Wholesale,Arhar,OD16,2022-23,9673.845,9673.84,0.004999999999199645
Wholesale,Arhar,OD16,2023-24,10320.776666666667,10320.78,0.0033333333340124227
Wholesale,Arhar,OD16,2024-25,11010.969166666668,11010.97,0.0008333333316841163
Wholesale,Arhar,OD17,2013-14,4888.9991666666665,4889.0,0.0008333333335031057
Wholesale,Arhar,OD17,2014-15,5800.000833333333,5800.0,0.000833333332593611
Wholesale,Arhar,OD17,2015-16,6573.998333333333,6574.0,0.0016666666670062114
Wholesale,Arhar,OD17,2016-17,7155.999166666667,7156.0,0.000833333332593611
Wholesale,Arhar,OD17,2017-18,7299.999166666667,7300.0,0.000833333332593611
Wholesale,Arhar,OD17,2018-19,6725.016666666666,6725.02,0.0033333333340124227
Wholesale,Arhar,OD17,2019-20,7712.03,7712.03,0.0
Wholesale,Arhar,OD17,2020-21,8227.765833333333,8227.77,0.004166666667515528
Wholesale,Arhar,OD17,2021-22,8777.990833333333,8777.99,0.0008333333335031057
Wholesale,Arhar,OD17,2022-23,9365.012499999999,9365.01,0.0024999999986903276
Wholesale,Arhar,OD17,2023-24,9991.290833333334,9991.29,0.0008333333335031057
Wholesale,Arhar,OD17,2024-25,10659.450833333334,10659.45,0.0008333333335031057
Wholesale,Arhar,OD18,2013-14,4500.0,4500.0,0.0
Wholesale,Arhar,OD18,2014-15,5166.9991666666665,5167.0,0.0008333333335031057
Wholesale,Arhar,OD18,2015-16,5856.0,5856.0,0.0
Wholesale,Arhar,OD18,2016-17,6374.999166666667,6375.0,0.000833333332593611
Wholesale,Arhar,OD18,2017-18,6792.000833333333,6792.0,0.000833333332593611
Wholesale,Arhar,OD18,2018-19,6341.0,6341.0,0.0
Wholesale,Arhar,OD18,2019-20,6765.049166666667,6765.05,0.0008333333335031057
Wholesale,Arhar,OD18,2020-21,7217.456666666666,7217.46,0.0033333333340124227
Wholesale,Arhar,OD18,2021-22,7700.119166666666,7700.12,0.0008333333335031057
Wholesale,Arhar,OD18,2022-23,8215.06,8215.06,0.0
Wholesale,Arhar,OD18,2023-24,8764.435,8764.44,0.005000000001018634
Wholesale,Arhar,OD18,2024-25,9350.550000000001,9350.55,1.8189894035458565e-12
Wholesale,Arhar,OD19,2013-14,4800.0008333333335,4800.0,0.0008333333335031057
Wholesale,Arhar,OD19,2014-15,6000.0,6000.0,0.0
Wholesale,Arhar,OD19,2015-16,6801.0,6801.0,0.0
Wholesale,Arhar,OD19,2016-17,7403.000833333333,7403.0,0.000833333332593611
Wholesale,Arhar,OD19,2017-18,6522.0,6522.0,0.0
Wholesale,Arhar,OD19,2018-19,6694.219166666667,6694.22,0.0008333333335031057
Wholesale,Arhar,OD19,2019-20,7676.7108333333335,7676.71,0.0008333333335031057
Wholesale,Arhar,OD19,2020-21,8190.085,8190.09,0.005000000000109139
Wholesale,Arhar,OD19,2021-22,8737.790833333334,8737.79,0.0008333333335031057
Wholesale,Arhar,OD19,2022-23,9322.123333333333,9322.12,0.0033333333321934333
Wholesale,Arhar,OD19,2023-24,9945.535,9945.53,0.004999999999199645
Wholesale,Arhar,OD19,2024-25,10610.635,10610.63,0.005000000001018634
Wholesale,Arhar,OD20,2013-14,4599.9991666666665,4600.0,0.0008333333335031057
Wholesale,Arhar,OD20,2014-15,5658.0,5658.0,0.0
Wholesale,Arhar,OD20,2015-16,6414.000833333333,6414.0,0.000833333332593611
Wholesale,Arhar,OD20,2016-17,6981.000833333334,6981.0,0.0008333333344126004
Wholesale,Arhar,OD20,2017-18,6500.0,6500.0,0.0
Wholesale,Arhar,OD20,2018-19,5800.000833333333,5800.0,0.000833333332593611
Wholesale,Arhar,OD20,2019-20,6187.87,6187.87,0.0
Wholesale,Arhar,OD20,2020-21,6601.679166666666,6601.68,0.0008333333344126004
Wholesale,Arhar,OD20,2021-22,7043.161666666667,7043.16,0.0016666666670062114
Wholesale,Arhar,OD20,2022-23,7514.168333333334,7514.17,0.0016666666660967167
Wholesale,Arhar,OD20,2023-24,8016.674166666667,8016.67,0.004166666666606034
Wholesale,Arhar,OD20,2024-25,8552.783333333333,8552.78,0.0033333333321934333
Wholesale,Arhar,OD21,2013-14,4733.0,4733.0,0.0
Wholesale,Arhar,OD21,2014-15,6010.999166666667,6011.0,0.000833333332593611
Wholesale,Arhar,OD21,2015-16,6814.001666666667,6814.0,0.0016666666670062114
Wholesale,Arhar,OD21,2016-17,7416.999166666667,7417.0,0.000833333332593611
Wholesale,Arhar,OD21,2017-18,6999.999166666667,7000.0,0.000833333332593611
Wholesale,Arhar,OD21,2018-19,6724.999166666666,6725.0,0.0008333333344126004
Wholesale,Arhar,OD21,2019-20,7174.73,7174.73,0.0
Wholesale,Arhar,OD21,2020-21,7654.535,7654.53,0.005000000000109139
Wholesale,Arhar,OD21,2021-22,8166.426666666666,8166.43,0.0033333333340124227
Wholesale,Arhar,OD21,2022-23,8712.548333333334,8712.55,0.001666666665187222
Wholesale,Arhar,OD21,2023-24,9295.194166666666,9295.19,0.004166666665696539
Wholesale,Arhar,OD21,2024-25,9916.803333333333,9916.8,0.0033333333340124227
Wholesale,Arhar,OD22,2013-14,4488.0,4488.0,0.0
Wholesale,Arhar,OD22,2014-15,5036.0,5036.0,0.0
Wholesale,Arhar,OD22,2015-16,5708.0,5708.0,0.0
Wholesale,Arhar,OD22,2016-17,6213.0,6213.0,0.0
Wholesale,Arhar,OD22,2017-18,6328.814166666667,6328.81,0.004166666666606034
Wholesale,Arhar,OD22,2018-19,5805.0,5805.0,0.0
Wholesale,Arhar,OD22,2019-20,6193.204166666666,6193.21,0.005833333333612245
Wholesale,Arhar,OD22,2020-21,6607.370833333333,6607.37,0.0008333333335031057
Wholesale,Arhar,OD22,2021-22,7049.234166666666,7049.23,0.004166666666606034
Wholesale,Arhar,OD22,2022-23,7520.645833333333,7520.65,0.004166666666606034
Wholesale,Arhar,OD22,2023-24,8023.5841666666665,8023.58,0.004166666666606034
Wholesale,Arhar,OD22,2024-25,8560.154166666667,8560.16,0.00583333333270275
Wholesale,Arhar,OD23,2013-14,4500.0,4500.0,0.0
Wholesale,Arhar,OD23,2014-15,5567.0,5567.0,0.0
Wholesale,Arhar,OD23,2015-16,6310.001666666667,6310.0,0.0016666666670062114
Wholesale,Arhar,OD23,2016-17,6867.999166666667,6868.0,0.000833333332593611
Wholesale,Arhar,OD23,2017-18,7513.0,7513.0,0.0
Wholesale,Arhar,OD23,2018-19,6167.0,6167.0,0.0
Wholesale,Arhar,OD23,2019-20,6579.413333333334,6579.41,0.0033333333340124227
Wholesale,Arhar,OD23,2020-21,7019.4075,7019.41,0.0024999999995998223
Wholesale,Arhar,OD23,2021-22,7488.823333333334,7488.82,0.0033333333340124227
Wholesale,Arhar,OD23,2022-23,7989.634999999999,7989.63,0.004999999999199645
Wholesale,Arhar,OD23,2023-24,8523.935,8523.93,0.004999999999199645
Wholesale,Arhar,OD23,2024-25,9093.966666666665,9093.97,0.0033333333340124227
Wholesale,Arhar,OD24,2013-14,4449.9991666666665,4450.0,0.0008333333335031057
Wholesale,Arhar,OD24,2014-15,4833.0008333333335,4833.0,0.0008333333335031057
Wholesale,Arhar,OD24,2015-16,5478.998333333333,5479.0,0.0016666666670062114
Wholesale,Arhar,OD24,2016-17,5962.999166666667,5963.0,0.000833333332593611
Wholesale,Arhar,OD24,2017-18,6500.000833333333,6500.0,0.000833333332593611
Wholesale,Arhar,OD24,2018-19,5682.998333333333,5683.0,0.0016666666670062114
Wholesale,Arhar,OD24,2019-20,6063.046666666666,6063.05,0.0033333333340124227
Wholesale,Arhar,OD24,2020-21,6468.508333333334,6468.51,0.0016666666660967167
Wholesale,Arhar,OD24,2021-22,6901.083333333333,6901.08,0.003333333333102928
Wholesale,Arhar,OD24,2022-23,7362.589166666668,7362.59,0.000833333332593611
Wholesale,Arhar,OD24,2023-24,7854.956666666666,7854.96,0.0033333333340124227
Wholesale,Arhar,OD24,2024-25,8380.251666666667,8380.25,0.0016666666670062114
Wholesale,Arhar,OD25,2013-14,4576.0008333333335,4576.0,0.0008333333335031057
Wholesale,Arhar,OD25,2014-15,5100.0008333333335,5100.0,0.0008333333335031057
Wholesale,Arhar,OD25,2015-16,5780.999166666667,5781.0,0.000833333332593611
Wholesale,Arhar,OD25,2016-17,6292.0,6292.0,0.0
Wholesale,Arhar,OD25,2017-18,6800.0,6800.0,0.0
Wholesale,Arhar,OD25,2018-19,7000.0,7000.0,0.0
Wholesale,Arhar,OD25,2019-20,7468.119166666666,7468.12,0.0008333333335031057
Wholesale,Arhar,OD25,2020-21,7967.5425,7967.54,0.0024999999995998223
Wholesale,Arhar,OD25,2021-22,8500.366666666667,8500.37,0.0033333333340124227
Wholesale,Arhar,OD25,2022-23,9068.824166666667,9068.82,0.004166666667515528
Wholesale,Arhar,OD25,2023-24,9675.296666666667,9675.29,0.006666666666205856
Wholesale,Arhar,OD25,2024-25,10322.324166666667,10322.32,0.004166666667515528
Wholesale,Arhar,OD26,2013-14,4509.6883333333335,4509.69,0.0016666666660967167
Wholesale,Arhar,OD26,2014-15,5402.213333333333,5402.21,0.003333333333102928
Wholesale,Arhar,OD26,2015-16,6123.4608333333335,6123.46,0.0008333333335031057
Wholesale,Arhar,OD26,2016-17,6665.296666666666,6665.3,0.0033333333340124227
Wholesale,Arhar,OD26,2017-18,6700.000833333333,6700.0,0.000833333332593611
Wholesale,Arhar,OD26,2018-19,6233.223333333334,6233.22,0.0033333333340124227
Wholesale,Arhar,OD26,2019-20,7148.056666666667,7148.06,0.003333333333102928
Wholesale,Arhar,OD26,2020-21,7626.078333333334,7626.08,0.0016666666660967167
Wholesale,Arhar,OD26,2021-22,8136.0675,8136.07,0.0024999999995998223
Wholesale,Arhar,OD26,2022-23,8680.160833333333,8680.16,0.0008333333335031057
Wholesale,Arhar,OD26,2023-24,9260.640833333333,9260.64,0.0008333333335031057
Wholesale,Arhar,OD26,2024-25,9879.938333333334,9879.94,0.0016666666670062114
Wholesale,Arhar,OD27,2013-14,4141.998333333333,4142.0,0.0016666666670062114
Wholesale,Arhar,OD27,2014-15,4499.9991666666665,4500.0,0.0008333333335031057
Wholesale,Arhar,OD27,2015-16,5100.9991666666665,5101.0,0.0008333333335031057
Wholesale,Arhar,OD27,2016-17,5551.999166666667,5552.0,0.000833333332593611
Wholesale,Arhar,OD27,2017-18,5724.238333333334,5724.24,0.0016666666660967167
Wholesale,Arhar,OD27,2018-19,5325.4425,5325.44,0.002500000000509317
Wholesale,Arhar,OD27,2019-20,6075.410833333332,6075.41,0.000833333332593611
Wholesale,Arhar,OD27,2020-21,6481.699166666666,6481.7,0.0008333333335031057
Wholesale,Arhar,OD27,2021-22,6915.159166666667,6915.16,0.000833333332593611
Wholesale,Arhar,OD27,2022-23,7377.605,7377.6,0.004999999999199645
Wholesale,Arhar,OD27,2023-24,7870.9775,7870.98,0.0024999999995998223
Wholesale,Arhar,OD27,2024-25,8397.3425,8397.34,0.002500000000509317
Wholesale,Arhar,OD28,2013-14,4499.999166666667,4500.0,0.000833333332593611
Wholesale,Arhar,OD28,2014-15,5499.999166666667,5500.0,0.000833333332593611
Wholesale,Arhar,OD28,2015-16,6233.999166666667,6234.0,0.000833333332593611
Wholesale,Arhar,OD28,2016-17,6786.000833333333,6786.0,0.000833333332593611
Wholesale,Arhar,OD28,2017-18,6787.2908333333335,6787.29,0.0008333333335031057
Wholesale,Arhar,OD28,2018-19,6314.4325,6314.43,0.0024999999995998223
Wholesale,Arhar,OD28,2019-20,7203.679166666666,7203.68,0.0008333333344126004
Wholesale,Arhar,OD28,2020-21,7685.420833333334,7685.42,0.0008333333335031057
Wholesale,Arhar,OD28,2021-22,8199.3775,8199.38,0.0024999999986903276
Wholesale,Arhar,OD28,2022-23,8747.704166666666,8747.7,0.004166666665696539
Wholesale,Arhar,OD28,2023-24,9332.701666666666,9332.7,0.001666666665187222
Wholesale,Arhar,OD28,2024-25,9956.818333333333,9956.82,0.0016666666670062114
Wholesale,Arhar,OD29,2013-14,4489.0,4489.0,0.0
Wholesale,Arhar,OD29,2014-15,5700.0,5700.0,0.0
Wholesale,Arhar,OD29,2015-16,6460.999166666667,6461.0,0.000833333332593611
Wholesale,Arhar,OD29,2016-17,7032.998333333333,7033.0,0.0016666666670062114
Wholesale,Arhar,OD29,2017-18,6567.000833333333,6567.0,0.000833333332593611
Wholesale,Arhar,OD29,2018-19,6199.999166666667,6200.0,0.000833333332593611
Wholesale,Arhar,OD29,2019-20,6614.62,6614.62,0.0
Wholesale,Arhar,OD29,2020-21,7056.9675,7056.97,0.002500000000509317
Wholesale,Arhar,OD29,2021-22,7528.8966666666665,7528.9,0.003333333333102928
Wholesale,Arhar,OD29,2022-23,8032.385833333334,8032.39,0.004166666666606034
Wholesale,Arhar,OD29,2023-24,8569.5475,8569.55,0.0024999999986903276
Wholesale,Arhar,OD29,2024-25,9142.629166666668,9142.63,0.0008333333316841163
Wholesale,Arhar,OD30,2013-14,4400.0,4400.0,0.0
Wholesale,Arhar,OD30,2014-15,5499.999166666667,5500.0,0.000833333332593611
Wholesale,Arhar,OD30,2015-16,6233.999166666667,6234.0,0.000833333332593611
Wholesale,Arhar,OD30,2016-17,6785.999166666667,6786.0,0.000833333332593611
Wholesale,Arhar,OD30,2017-18,6707.392500000001,6707.39,0.002500000000509317
Wholesale,Arhar,OD30,2018-19,6081.001666666667,6081.0,0.0016666666670062114
Wholesale,Arhar,OD30,2019-20,6487.663333333334,6487.66,0.0033333333340124227
Wholesale,Arhar,OD30,2020-21,6921.519166666666,6921.52,0.0008333333344126004
Wholesale,Arhar,OD30,2021-22,7384.391666666666,7384.39,0.0016666666660967167
Wholesale,Arhar,OD30,2022-23,7878.215833333333,7878.22,0.004166666667515528
Wholesale,Arhar,OD30,2023-24,8405.065833333334,8405.07,0.004166666665696539
Wholesale,Arhar,OD30,2024-25,8967.149166666666,8967.15,0.0008333333335031057
Wholesale,Bajra,OD07,2013-14,1233.0,1233.0,0.0
Wholesale,Bajra,OD07,2014-15,1344.0008333333333,1344.0,0.000833333333275732
Wholesale,Bajra,OD07,2015-16,1402.0008333333335,1402.0,0.0008333333335031057
Wholesale,Bajra,OD07,2016-17,1413.0,1413.0,0.0
Wholesale,Bajra,OD07,2017-18,1517.9058333333332,1517.91,0.004166666666833407
Wholesale,Bajra,OD07,2018-19,1754.3008333333335,1754.3,0.0008333333335031057
Wholesale,Bajra,OD07,2019-20,1516.0,1516.0,0.0
Wholesale,Bajra,OD07,2020-21,1626.6733333333332,1626.67,0.003333333333102928
Wholesale,Bajra,OD07,2021-22,1745.4241666666667,1745.42,0.004166666666606034
Wholesale,Bajra,OD07,2022-23,1872.8441666666668,1872.84,0.004166666666833407
Wholesale,Bajra,OD07,2023-24,2009.5675,2009.57,0.002499999999827196
Wholesale,Bajra,OD07,2024-25,2156.27,2156.27,0.0
Wholesale,Bajra,OD10,2013-14,1230.0,1230.0,0.0
Wholesale,Bajra,OD10,2014-15,1340.0,1340.0,0.0
Wholesale,Bajra,OD10,2015-16,1398.0008333333335,1398.0,0.0008333333335031057
Wholesale,Bajra,OD10,2016-17,1409.0,1409.0,0.0
Wholesale,Bajra,OD10,2017-18,1513.695,1513.7,0.005000000000109139
Wholesale,Bajra,OD10,2018-19,1749.4350000000002,1749.43,0.005000000000109139
Wholesale,Bajra,OD10,2019-20,1511.7941666666666,1511.8,0.005833333333384871
Wholesale,Bajra,OD10,2020-21,1622.1608333333334,1622.16,0.000833333333275732
Wholesale,Bajra,OD10,2021-22,1740.5816666666667,1740.58,0.0016666666667788377
Wholesale,Bajra,OD10,2022-23,1867.6483333333333,1867.65,0.0016666666667788377
Wholesale,Bajra,OD10,2023-24,2003.993333333333,2003.99,0.003333333333102928
Wholesale,Bajra,OD10,2024-25,2150.289166666667,2150.29,0.0008333333330483583
Wholesale,Bajra,OD11,2013-14,1257.0008333333333,1257.0,0.000833333333275732
Wholesale,Bajra,OD11,2014-15,1369.0008333333335,1369.0,0.0008333333335031057
Wholesale,Bajra,OD11,2015-16,1428.0008333333335,1428.0,0.0008333333335031057
Wholesale,Bajra,OD11,2016-17,1439.0,1439.0,0.0
Wholesale,Bajra,OD11,2017-18,1546.37,1546.37,0.0
Wholesale,Bajra,OD11,2018-19,1787.2,1787.2,0.0
Wholesale,Bajra,OD11,2019-20,1544.43,1544.43,0.0
Wholesale,Bajra,OD11,2020-21,1657.1775,1657.18,0.0025000000000545697
Wholesale,Bajra,OD11,2021-22,1778.1558333333332,1778.15,0.005833333333157498
Wholesale,Bajra,OD11,2022-23,1907.965,1907.96,0.004999999999881766
Wholesale,Bajra,OD11,2023-24,2047.2516666666668,2047.25,0.0016666666667788377
Wholesale,Bajra,OD11,2024-25,2196.705,2196.71,0.005000000000109139
Wholesale,Bajra,OD15,2013-14,1249.9983333333332,1250.0,0.0016666666667788377
Wholesale,Bajra,OD15,2014-15,1361.9991666666667,1362.0,0.000833333333275732
Wholesale,Bajra,OD15,2015-16,1421.0008333333335,1421.0,0.0008333333335031057
Wholesale,Bajra,OD15,2016-17,1432.0008333333333,1432.0,0.000833333333275732
Wholesale,Bajra,OD15,2017-18,1538.4666666666665,1538.46,0.00666666666643323
Wholesale,Bajra,OD15,2018-19,1778.0616666666665,1778.06,0.001666666666551464
Wholesale,Bajra,OD15,2019-20,1536.5341666666666,1536.53,0.004166666666606034
Wholesale,Bajra,OD15,2020-21,1648.7058333333334,1648.7,0.005833333333384871
Wholesale,Bajra,OD15,2021-22,1769.0641666666668,1769.06,0.004166666666833407
Wholesale,Bajra,OD15,2022-23,1898.2108333333333,1898.21,0.000833333333275732
Wholesale,Bajra,OD15,2023-24,2036.7841666666666,2036.79,0.005833333333384871
Wholesale,Bajra,OD15,2024-25,2185.476666666667,2185.48,0.003333333333102928
Wholesale,Bajra,OD16,2013-14,1240.0008333333333,1240.0,0.000833333333275732
Wholesale,Bajra,OD16,2014-15,1350.9983333333332,1351.0,0.0016666666667788377
Wholesale,Bajra,OD16,2015-16,1409.0,1409.0,0.0
Wholesale,Bajra,OD16,2016-17,1420.0,1420.0,0.0
Wholesale,Bajra,OD16,2017-18,1525.8091666666667,1525.81,0.000833333333275732
Wholesale,Bajra,OD16,2018-19,1763.4375,1763.44,0.0025000000000545697
Wholesale,Bajra,OD16,2019-20,1523.8958333333333,1523.9,0.004166666666833407
Wholesale,Bajra,OD16,2020-21,1635.1441666666667,1635.14,0.004166666666606034
Wholesale,Bajra,OD16,2021-22,1754.5133333333333,1754.51,0.0033333333333303017
Wholesale,Bajra,OD16,2022-23,1882.5983333333334,1882.6,0.001666666666551464
Wholesale,Bajra,OD16,2023-24,2020.0333333333335,2020.03,0.0033333333335576754
Wholesale,Bajra,OD16,2024-25,2167.4991666666665,2167.5,0.0008333333335031057
Wholesale,Bajra,OD18,2013-14,1255.0,1255.0,0.0
Wholesale,Bajra,OD18,2014-15,1366.9991666666667,1367.0,0.000833333333275732
Wholesale,Bajra,OD18,2015-16,1425.9991666666667,1426.0,0.000833333333275732
Wholesale,Bajra,OD18,2016-17,1437.9991666666665,1438.0,0.0008333333335031057
Wholesale,Bajra,OD18,2017-18,1544.3791666666666,1544.38,0.0008333333335031057
Wholesale,Bajra,OD18,2018-19,1784.8983333333333,1784.9,0.0016666666667788377
Wholesale,Bajra,OD18,2019-20,1542.4408333333333,1542.44,0.000833333333275732
Wholesale,Bajra,OD18,2020-21,1655.0433333333333,1655.04,0.0033333333333303017
Wholesale,Bajra,OD18,2021-22,1775.8658333333333,1775.87,0.004166666666606034
Wholesale,Bajra,OD18,2022-23,1905.5091666666667,1905.51,0.000833333333275732
Wholesale,Bajra,OD18,2023-24,2044.6158333333333,2044.62,0.004166666666606034
Wholesale,Bajra,OD18,2024-25,2193.8791666666666,2193.88,0.0008333333335031057
Wholesale,Bajra,OD20,2013-14,1224.9991666666667,1225.0,0.000833333333275732
Wholesale,Bajra,OD20,2014-15,1334.9983333333332,1335.0,0.0016666666667788377
Wholesale,Bajra,OD20,2015-16,1391.9991666666667,1392.0,0.000833333333275732
Wholesale,Bajra,OD20,2016-17,1403.0,1403.0,0.0
Wholesale,Bajra,OD20,2017-18,1850.0,1850.0,0.0
Wholesale,Bajra,OD20,2018-19,2000.0,2000.0,0.0
Wholesale,Bajra,OD20,2019-20,2146.005833333333,2146.01,0.004166666667060781
Wholesale,Bajra,OD20,2020-21,2302.6691666666666,2302.67,0.0008333333335031057
Wholesale,Bajra,OD20,2021-22,2470.7691666666665,2470.77,0.0008333333335031057
Wholesale,Bajra,OD20,2022-23,2651.1433333333334,2651.14,0.0033333333335576754
Wholesale,Bajra,OD20,2023-24,2844.683333333333,2844.68,0.003333333333102928
Wholesale,Bajra,OD20,2024-25,3052.353333333333,3052.35,0.003333333333102928
Wholesale,Bajra,OD21,2013-14,1250.0,1250.0,0.0
Wholesale,Bajra,OD21,2014-15,1361.9983333333332,1362.0,0.0016666666667788377
Wholesale,Bajra,OD21,2015-16,1421.0,1421.0,0.0
Wholesale,Bajra,OD21,2016-17,1432.0008333333335,1432.0,0.0008333333335031057
Wholesale,Bajra,OD21,2017-18,1650.0,1650.0,0.0
Wholesale,Bajra,OD21,2018-19,1899.9991666666667,1900.0,0.000833333333275732
Wholesale,Bajra,OD21,2019-20,2038.7033333333331,2038.7,0.003333333333102928
Wholesale,Bajra,OD21,2020-21,2187.5366666666664,2187.54,0.0033333333335576754
Wholesale,Bajra,OD21,2021-22,2347.2325,2347.23,0.0025000000000545697
Wholesale,Bajra,OD21,2022-23,2518.585,2518.59,0.005000000000109139
Wholesale,Bajra,OD21,2023-24,2702.4474999999998,2702.45,0.0025000000000545697
Wholesale,Bajra,OD21,2024-25,2899.735,2899.73,0.005000000000109139
Wholesale,Bajra,OD23,2013-14,1260.0,1260.0,0.0
Wholesale,Bajra,OD23,2014-15,1373.0,1373.0,0.0
Wholesale,Bajra,OD23,2015-16,1431.9991666666665,1432.0,0.0008333333335031057
Wholesale,Bajra,OD23,2016-17,1443.0016666666668,1443.0,0.0016666666667788377
Wholesale,Bajra,OD23,2017-18,1550.5791666666667,1550.58,0.000833333333275732
Wholesale,Bajra,OD23,2018-19,1792.0633333333333,1792.06,0.0033333333333303017
Wholesale,Bajra,OD23,2019-20,1548.6341666666667,1548.63,0.004166666666606034
Wholesale,Bajra,OD23,2020-21,1661.6883333333333,1661.69,0.0016666666667788377
Wholesale,Bajra,OD23,2021-22,1782.995,1783.0,0.005000000000109139
Wholesale,Bajra,OD23,2022-23,1913.1591666666666,1913.16,0.0008333333335031057
Wholesale,Bajra,OD23,2023-24,2052.8250000000003,2052.82,0.005000000000109139
Wholesale,Bajra,OD23,2024-25,2202.686666666667,2202.69,0.003333333333102928
Wholesale,Bajra,OD24,2013-14,1219.9983333333332,1220.0,0.0016666666667788377
Wholesale,Bajra,OD24,2014-15,1328.9991666666667,1329.0,0.000833333333275732
Wholesale,Bajra,OD24,2015-16,1387.0,1387.0,0.0
Wholesale,Bajra,OD24,2016-17,1397.0,1397.0,0.0
Wholesale,Bajra,OD24,2017-18,1501.3116666666667,1501.31,0.0016666666667788377
Wholesale,Bajra,OD24,2018-19,1735.1216666666667,1735.12,0.0016666666667788377
Wholesale,Bajra,OD24,2019-20,1499.4291666666668,1499.43,0.000833333333275732
Wholesale,Bajra,OD24,2020-21,1608.89,1608.89,0.0
Wholesale,Bajra,OD24,2021-22,1726.3433333333332,1726.34,0.0033333333333303017
Wholesale,Bajra,OD24,2022-23,1852.3691666666666,1852.37,0.000833333333275732
Wholesale,Bajra,OD24,2023-24,1987.5983333333334,1987.6,0.001666666666551464
Wholesale,Bajra,OD24,2024-25,2132.6983333333333,2132.7,0.001666666666551464
Wholesale,Bajra,OD25,2013-14,1233.0,1233.0,0.0
Wholesale,Bajra,OD25,2014-15,1343.9991666666667,1344.0,0.000833333333275732
Wholesale,Bajra,OD25,2015-16,1402.0008333333333,1402.0,0.000833333333275732
Wholesale,Bajra,OD25,2016-17,1413.0008333333333,1413.0,0.000833333333275732
Wholesale,Bajra,OD25,2017-18,1517.9058333333332,1517.91,0.004166666666833407
Wholesale,Bajra,OD25,2018-19,1754.3,1754.3,0.0
Wholesale,Bajra,OD25,2019-20,1516.0008333333335,1516.0,0.0008333333335031057
Wholesale,Bajra,OD25,2020-21,1626.6716666666669,1626.67,0.0016666666667788377
Wholesale,Bajra,OD25,2021-22,1745.4233333333334,1745.42,0.0033333333333303017
Wholesale,Bajra,OD25,2022-23,1872.845,1872.84,0.005000000000109139
Wholesale,Bajra,OD25,2023-24,2009.5658333333333,2009.57,0.004166666666606034
Wholesale,Bajra,OD25,2024-25,2156.27,2156.27,0.0
Wholesale,Bajra,OD27,2013-14,1181.0008333333333,1181.0,0.000833333333275732
Wholesale,Bajra,OD27,2014-15,1287.0016666666668,1287.0,0.0016666666667788377
Wholesale,Bajra,OD27,2015-16,1342.0008333333333,1342.0,0.000833333333275732
Wholesale,Bajra,OD27,2016-17,1352.9991666666667,1353.0,0.000833333333275732
Wholesale,Bajra,OD27,2017-18,1250.0,1250.0,0.0
Wholesale,Bajra,OD27,2018-19,1549.9991666666667,1550.0,0.000833333333275732
Wholesale,Bajra,OD27,2019-20,1663.1533333333334,1663.15,0.0033333333333303017
Wholesale,Bajra,OD27,2020-21,1784.5683333333334,1784.57,0.001666666666551464
Wholesale,Bajra,OD27,2021-22,1914.8474999999999,1914.85,0.0025000000000545697
Wholesale,Bajra,OD27,2022-23,2054.6349999999998,2054.64,0.005000000000109139
Wholesale,Bajra,OD27,2023-24,2204.6291666666666,2204.63,0.0008333333335031057
Wholesale,Bajra,OD27,2024-25,2365.5733333333333,2365.57,0.003333333333102928
Wholesale,Bajra,OD28,2013-14,1110.93,1110.93,0.0
Wholesale,Bajra,OD28,2014-15,1210.445,1210.44,0.004999999999881766
Wholesale,Bajra,OD28,2015-16,1262.6499999999999,1262.65,2.2737367544323206e-13
Wholesale,Bajra,OD28,2016-17,1272.5816666666667,1272.58,0.0016666666667788377
Wholesale,Bajra,OD28,2017-18,1350.0016666666668,1350.0,0.0016666666667788377
Wholesale,Bajra,OD28,2018-19,1600.0008333333335,1600.0,0.0008333333335031057
Wholesale,Bajra,OD28,2019-20,1716.8041666666668,1716.8,0.004166666666833407
Wholesale,Bajra,OD28,2020-21,1842.1358333333335,1842.14,0.004166666666606034
Wholesale,Bajra,OD28,2021-22,1976.6158333333333,1976.62,0.004166666666606034
Wholesale,Bajra,OD28,2022-23,2120.915,2120.91,0.005000000000109139
Wholesale,Bajra,OD28,2023-24,2275.7466666666664,2275.75,0.0033333333335576754
Wholesale,Bajra,OD28,2024-25,2441.8816666666667,2441.88,0.001666666666551464
Wholesale,Bajra,OD30,2013-14,1275.0008333333333,1275.0,0.000833333333275732
Wholesale,Bajra,OD30,2014-15,1389.0,1389.0,0.0
Wholesale,Bajra,OD30,2015-16,1448.9983333333332,1449.0,0.0016666666667788377
Wholesale,Bajra,OD30,2016-17,1460.9991666666667,1461.0,0.000833333333275732
Wholesale,Bajra,OD30,2017-18,1569.1491666666668,1569.15,0.000833333333275732
Wholesale,Bajra,OD30,2018-19,1813.5249999999999,1813.52,0.004999999999881766
Wholesale,Bajra,OD30,2019-20,1567.1791666666668,1567.18,0.000833333333275732
Wholesale,Bajra,OD30,2020-21,1681.5874999999999,1681.59,0.0025000000000545697
Wholesale,Bajra,OD30,2021-22,1804.3491666666666,1804.35,0.000833333333275732
Wholesale,Bajra,OD30,2022-23,1936.0708333333332,1936.07,0.000833333333275732
Wholesale,Bajra,OD30,2023-24,2077.4083333333333,2077.41,0.001666666666551464
Wholesale,Bajra,OD30,2024-25,2229.065,2229.06,0.005000000000109139
Wholesale,Biri,OD01,2013-14,4547.0008333333335,4547.0,0.0008333333335031057
Wholesale,Biri,OD01,2014-15,5325.0,5325.0,0.0
Wholesale,Biri,OD01,2015-16,6069.999166666667,6070.0,0.000833333332593611
Wholesale,Biri,OD01,2016-17,6131.999166666667,6132.0,0.000833333332593611
Wholesale,Biri,OD01,2017-18,6046.0,6046.0,0.0
Wholesale,Biri,OD01,2018-19,5359.0008333333335,5359.0,0.0008333333335031057
Wholesale,Biri,OD01,2019-20,5610.938333333333,5610.94,0.0016666666670062114
Wholesale,Biri,OD01,2020-21,5874.723333333332,5874.72,0.0033333333321934333
Wholesale,Biri,OD01,2021-22,6150.905833333333,6150.91,0.004166666666606034
Wholesale,Biri,OD01,2022-23,6440.073333333334,6440.07,0.0033333333340124227
Wholesale,Biri,OD01,2023-24,6742.8358333333335,6742.84,0.004166666666606034
Wholesale,Biri,OD01,2024-25,7059.8341666666665,7059.83,0.004166666666606034
Wholesale,Biri,OD02,2013-14,4440.999166666667,4441.0,0.000833333332593611
Wholesale,Biri,OD02,2014-15,5096.000833333333,5096.0,0.000833333332593611
Wholesale,Biri,OD02,2015-16,5567.998333333333,5568.0,0.0016666666670062114
Wholesale,Biri,OD02,2016-17,5910.999166666667,5911.0,0.000833333332593611
Wholesale,Biri,OD02,2017-18,6158.0,6158.0,0.0
Wholesale,Biri,OD02,2018-19,6158.0,6158.0,0.0
Wholesale,Biri,OD02,2019-20,6447.5,6447.5,0.0
Wholesale,Biri,OD02,2020-21,6750.613333333334,6750.61,0.0033333333340124227
Wholesale,Biri,OD02,2021-22,7067.974999999999,7067.98,0.005000000000109139
Wholesale,Biri,OD02,2022-23,7400.2575,7400.26,0.002500000000509317
Wholesale,Biri,OD02,2023-24,7748.160833333332,7748.16,0.000833333332593611
Wholesale,Biri,OD02,2024-25,8112.420833333334,8112.42,0.0008333333335031057
Wholesale,Biri,OD03,2013-14,4353.0,4353.0,0.0
Wholesale,Biri,OD03,2014-15,5172.998333333334,5173.0,0.0016666666660967167
Wholesale,Biri,OD03,2015-16,5869.0,5869.0,0.0
Wholesale,Biri,OD03,2016-17,6117.0,6117.0,0.0
Wholesale,Biri,OD03,2017-18,6550.0,6550.0,0.0
Wholesale,Biri,OD03,2018-19,5784.000833333333,5784.0,0.000833333332593611
Wholesale,Biri,OD03,2019-20,6055.920000000001,6055.92,9.094947017729282e-13
Wholesale,Biri,OD03,2020-21,6340.620833333333,6340.62,0.0008333333335031057
Wholesale,Biri,OD03,2021-22,6638.7091666666665,6638.71,0.0008333333335031057
Wholesale,Biri,OD03,2022-23,6950.81,6950.81,0.0
Wholesale,Biri,OD03,2023-24,7277.5841666666665,7277.58,0.004166666666606034
Wholesale,Biri,OD03,2024-25,7619.719166666667,7619.72,0.0008333333335031057
Wholesale,Biri,OD04,2013-14,4324.9991666666665,4325.0,0.0008333333335031057
Wholesale,Biri,OD04,2014-15,5018.0,5018.0,0.0
Wholesale,Biri,OD04,2015-16,5857.999166666667,5858.0,0.000833333332593611
Wholesale,Biri,OD04,2016-17,6074.999166666667,6075.0,0.000833333332593611
Wholesale,Biri,OD04,2017-18,6064.998333333333,6065.0,0.0016666666670062114
Wholesale,Biri,OD04,2018-19,6890.0,6890.0,0.0
Wholesale,Biri,OD04,2019-20,7213.9141666666665,7213.91,0.004166666666606034
Wholesale,Biri,OD04,2020-21,7553.0575,7553.06,0.002500000000509317
Wholesale,Biri,OD04,2021-22,7908.145,7908.14,0.005000000000109139
Wholesale,Biri,OD04,2022-23,8279.924166666666,8279.92,0.004166666665696539
Wholesale,Biri,OD04,2023-24,8669.1825,8669.18,0.002500000000509317
Wholesale,Biri,OD04,2024-25,9076.740833333333,9076.74,0.0008333333335031057
Wholesale,Biri,OD05,2013-14,4333.0,4333.0,0.0
Wholesale,Biri,OD05,2014-15,5020.0,5020.0,0.0
Wholesale,Biri,OD05,2015-16,5769.999166666667,5770.0,0.000833333332593611
Wholesale,Biri,OD05,2016-17,5845.0,5845.0,0.0
Wholesale,Biri,OD05,2017-18,6243.999166666667,6244.0,0.000833333332593611
Wholesale,Biri,OD05,2018-19,5670.999166666667,5671.0,0.000833333332593611
Wholesale,Biri,OD05,2019-20,5937.606666666667,5937.61,0.003333333333102928
Wholesale,Biri,OD05,2020-21,6216.748333333333,6216.75,0.0016666666670062114
Wholesale,Biri,OD05,2021-22,6509.011666666666,6509.01,0.0016666666660967167
Wholesale,Biri,OD05,2022-23,6815.015833333334,6815.01,0.005833333333612245
Wholesale,Biri,OD05,2023-24,7135.404166666667,7135.4,0.004166666667515528
Wholesale,Biri,OD05,2024-25,7470.855833333334,7470.86,0.004166666665696539
Wholesale,Biri,OD06,2013-14,4915.9991666666665,4916.0,0.0008333333335031057
Wholesale,Biri,OD06,2014-15,5333.0008333333335,5333.0,0.0008333333335031057
Wholesale,Biri,OD06,2015-16,6143.000833333333,6143.0,0.000833333332593611
Wholesale,Biri,OD06,2016-17,6170.000833333333,6170.0,0.000833333332593611
Wholesale,Biri,OD06,2017-18,6107.0,6107.0,0.0
Wholesale,Biri,OD06,2018-19,4824.0,4824.0,0.0
Wholesale,Biri,OD06,2019-20,5050.786666666667,5050.79,0.003333333333102928
Wholesale,Biri,OD06,2020-21,5288.235833333333,5288.24,0.004166666666606034
Wholesale,Biri,OD06,2021-22,5536.848333333334,5536.85,0.0016666666660967167
Wholesale,Biri,OD06,2022-23,5797.149166666667,5797.15,0.000833333332593611
Wholesale,Biri,OD06,2023-24,6069.685833333333,6069.69,0.004166666666606034
Wholesale,Biri,OD06,2024-25,6355.035833333332,6355.04,0.004166666667515528
Wholesale,Biri,OD07,2013-14,4640.001666666667,4640.0,0.0016666666670062114
Wholesale,Biri,OD07,2014-15,5000.0,5000.0,0.0
Wholesale,Biri,OD07,2015-16,6034.0,6034.0,0.0
Wholesale,Biri,OD07,2016-17,6075.0,6075.0,0.0
Wholesale,Biri,OD07,2017-18,6086.000833333333,6086.0,0.000833333332593611
Wholesale,Biri,OD07,2018-19,5316.0,5316.0,0.0
Wholesale,Biri,OD07,2019-20,5565.918333333334,5565.92,0.0016666666660967167
Wholesale,Biri,OD07,2020-21,5827.5825,5827.58,0.002500000000509317
Wholesale,Biri,OD07,2021-22,6101.552500000001,6101.55,0.002500000000509317
Wholesale,Biri,OD07,2022-23,6388.399166666666,6388.4,0.0008333333335031057
Wholesale,Biri,OD07,2023-24,6688.733333333334,6688.73,0.0033333333340124227
Wholesale,Biri,OD07,2024-25,7003.185833333333,7003.19,0.004166666666606034
Wholesale,Biri,OD08,2013-14,4765.9991666666665,4766.0,0.0008333333335031057
Wholesale,Biri,OD08,2014-15,5000.0,5000.0,0.0
Wholesale,Biri,OD08,2015-16,6006.000833333333,6006.0,0.000833333332593611
Wholesale,Biri,OD08,2016-17,6056.000833333333,6056.0,0.000833333332593611
Wholesale,Biri,OD08,2017-18,6126.999166666667,6127.0,0.000833333332593611
Wholesale,Biri,OD08,2018-19,5380.998333333334,5381.0,0.0016666666660967167
Wholesale,Biri,OD08,2019-20,5633.973333333332,5633.97,0.0033333333321934333
Wholesale,Biri,OD08,2020-21,5898.838333333333,5898.84,0.0016666666670062114
Wholesale,Biri,OD08,2021-22,6176.156666666667,6176.16,0.003333333333102928
Wholesale,Biri,OD08,2022-23,6466.514166666667,6466.51,0.004166666666606034
Wholesale,Biri,OD08,2023-24,6770.519166666666,6770.52,0.0008333333344126004
Wholesale,Biri,OD08,2024-25,7088.8175,7088.82,0.0024999999995998223
Wholesale,Biri,OD09,2013-14,4267.0008333333335,4267.0,0.0008333333335031057
Wholesale,Biri,OD09,2014-15,4803.999166666667,4804.0,0.000833333332593611
Wholesale,Biri,OD09,2015-16,5704.000833333333,5704.0,0.000833333332593611
Wholesale,Biri,OD09,2016-17,6048.000833333333,6048.0,0.000833333332593611
Wholesale,Biri,OD09,2017-18,6112.999166666667,6113.0,0.000833333332593611
Wholesale,Biri,OD09,2018-19,4749.999166666667,4750.0,0.000833333332593611
Wholesale,Biri,OD09,2019-20,4973.3075,4973.31,0.002500000000509317
Wholesale,Biri,OD09,2020-21,5207.115000000001,5207.12,0.004999999999199645
Wholesale,Biri,OD09,2021-22,5451.915,5451.91,0.005000000000109139
Wholesale,Biri,OD09,2022-23,5708.22,5708.22,0.0
Wholesale,Biri,OD09,2023-24,5976.575833333333,5976.58,0.004166666666606034
Wholesale,Biri,OD09,2024-25,6257.55,6257.55,0.0
Wholesale,Biri,OD10,2013-14,4599.998333333334,4600.0,0.0016666666660967167
Wholesale,Biri,OD10,2014-15,5033.0008333333335,5033.0,0.0008333333335031057
Wholesale,Biri,OD10,2015-16,5917.000833333333,5917.0,0.000833333332593611
Wholesale,Biri,OD10,2016-17,5967.0,5967.0,0.0
Wholesale,Biri,OD10,2017-18,6206.0,6206.0,0.0
Wholesale,Biri,OD10,2018-19,6153.0,6153.0,0.0
Wholesale,Biri,OD10,2019-20,6442.266666666666,6442.27,0.0033333333340124227
Wholesale,Biri,OD10,2020-21,6745.131666666667,6745.13,0.0016666666670062114
Wholesale,Biri,OD10,2021-22,7062.236666666667,7062.24,0.003333333333102928
Wholesale,Biri,OD10,2022-23,7394.249166666667,7394.25,0.000833333332593611
Wholesale,Biri,OD10,2023-24,7741.87,7741.87,0.0
Wholesale,Biri,OD10,2024-25,8105.8325,8105.83,0.002500000000509317
Wholesale,Biri,OD11,2013-14,4437.9991666666665,4438.0,0.0008333333335031057
Wholesale,Biri,OD11,2014-15,5000.0,5000.0,0.0
Wholesale,Biri,OD11,2015-16,5814.0,5814.0,0.0
Wholesale,Biri,OD11,2016-17,5927.000833333333,5927.0,0.000833333332593611
Wholesale,Biri,OD11,2017-18,5830.0,5830.0,0.0
Wholesale,Biri,OD11,2018-19,5855.0,5855.0,0.0
Wholesale,Biri,OD11,2019-20,6130.256666666667,6130.26,0.003333333333102928
Wholesale,Biri,OD11,2020-21,6418.454166666666,6418.45,0.004166666666606034
Wholesale,Biri,OD11,2021-22,6720.2,6720.2,0.0
Wholesale,Biri,OD11,2022-23,7036.1325,7036.13,0.0024999999995998223
Wholesale,Biri,OD11,2023-24,7366.9175,7366.92,0.002500000000509317
Wholesale,Biri,OD11,2024-25,7713.254166666667,7713.25,0.004166666666606034
Wholesale,Biri,OD12,2013-14,4549.9991666666665,4550.0,0.0008333333335031057
Wholesale,Biri,OD12,2014-15,5178.0,5178.0,0.0
Wholesale,Biri,OD12,2015-16,5978.998333333333,5979.0,0.0016666666670062114
Wholesale,Biri,OD12,2016-17,6000.0,6000.0,0.0
Wholesale,Biri,OD12,2017-18,5910.000833333333,5910.0,0.000833333332593611
Wholesale,Biri,OD12,2018-19,5169.0008333333335,5169.0,0.0008333333335031057
Wholesale,Biri,OD12,2019-20,5412.005833333334,5412.01,0.004166666666606034
Wholesale,Biri,OD12,2020-21,5666.436666666667,5666.44,0.0033333333321934333
Wholesale,Biri,OD12,2021-22,5932.829999999999,5932.83,9.094947017729282e-13
Wholesale,Biri,OD12,2022-23,6211.745833333333,6211.75,0.004166666666606034
Wholesale,Biri,OD12,2023-24,6503.7733333333335,6503.77,0.003333333333102928
Wholesale,Biri,OD12,2024-25,6809.5325,6809.53,0.002500000000509317
Wholesale,Biri,OD13,2013-14,4376.0,4376.0,0.0
Wholesale,Biri,OD13,2014-15,5035.0008333333335,5035.0,0.0008333333335031057
Wholesale,Biri,OD13,2015-16,5971.0,5971.0,0.0
Wholesale,Biri,OD13,2016-17,5978.998333333333,5979.0,0.0016666666670062114
Wholesale,Biri,OD13,2017-18,5575.0,5575.0,0.0
Wholesale,Biri,OD13,2018-19,5248.0,5248.0,0.0
Wholesale,Biri,OD13,2019-20,5494.720833333333,5494.72,0.000833333332593611
Wholesale,Biri,OD13,2020-21,5753.0391666666665,5753.04,0.0008333333335031057
Wholesale,Biri,OD13,2021-22,6023.503333333333,6023.5,0.003333333333102928
Wholesale,Biri,OD13,2022-23,6306.680833333333,6306.68,0.000833333332593611
Wholesale,Biri,OD13,2023-24,6603.173333333333,6603.17,0.003333333333102928
Wholesale,Biri,OD13,2024-25,6913.604166666667,6913.6,0.004166666666606034
Wholesale,Biri,OD14,2013-14,4550.0008333333335,4550.0,0.0008333333335031057
Wholesale,Biri,OD14,2014-15,5454.185,5454.19,0.004999999999199645
Wholesale,Biri,OD14,2015-16,6308.000833333333,6308.0,0.000833333332593611
Wholesale,Biri,OD14,2016-17,6434.515833333334,6434.52,0.004166666666606034
Wholesale,Biri,OD14,2017-18,6242.000833333334,6242.0,0.0008333333344126004
Wholesale,Biri,OD14,2018-19,6467.000833333333,6467.0,0.000833333332593611
Wholesale,Biri,OD14,2019-20,6771.0275,6771.03,0.0024999999995998223
Wholesale,Biri,OD14,2020-21,7089.350833333334,7089.35,0.0008333333335031057
Wholesale,Biri,OD14,2021-22,7422.635833333334,7422.64,0.004166666666606034
Wholesale,Biri,OD14,2022-23,7771.591666666667,7771.59,0.0016666666670062114
Wholesale,Biri,OD14,2023-24,8136.952499999999,8136.95,0.0024999999995998223
Wholesale,Biri,OD14,2024-25,8519.489166666666,8519.49,0.0008333333335031057
Wholesale,Biri,OD15,2013-14,4625.0008333333335,4625.0,0.0008333333335031057
Wholesale,Biri,OD15,2014-15,5127.0,5127.0,0.0
Wholesale,Biri,OD15,2015-16,6088.0,6088.0,0.0
Wholesale,Biri,OD15,2016-17,6103.999166666667,6104.0,0.000833333332593611
Wholesale,Biri,OD15,2017-18,6439.0,6439.0,0.0
Wholesale,Biri,OD15,2018-19,5881.0,5881.0,0.0
Wholesale,Biri,OD15,2019-20,6157.4783333333335,6157.48,0.0016666666660967167
Wholesale,Biri,OD15,2020-21,6446.956666666666,6446.96,0.0033333333340124227
Wholesale,Biri,OD15,2021-22,6750.0425,6750.04,0.0024999999995998223
Wholesale,Biri,OD15,2022-23,7067.378333333333,7067.38,0.0016666666670062114
Wholesale,Biri,OD15,2023-24,7399.630833333333,7399.63,0.000833333332593611
Wholesale,Biri,OD15,2024-25,7747.505,7747.51,0.005000000000109139
Wholesale,Biri,OD16,2013-14,4764.0,4764.0,0.0
Wholesale,Biri,OD16,2014-15,5217.0008333333335,5217.0,0.0008333333335031057
Wholesale,Biri,OD16,2015-16,5997.000833333333,5997.0,0.000833333332593611
Wholesale,Biri,OD16,2016-17,6050.0,6050.0,0.0
Wholesale,Biri,OD16,2017-18,6257.999166666667,6258.0,0.000833333332593611
Wholesale,Biri,OD16,2018-19,6258.0,6258.0,0.0
Wholesale,Biri,OD16,2019-20,6552.204166666666,6552.2,0.004166666666606034
Wholesale,Biri,OD16,2020-21,6860.236666666667,6860.24,0.003333333333102928
Wholesale,Biri,OD16,2021-22,7182.751666666667,7182.75,0.0016666666670062114
Wholesale,Biri,OD16,2022-23,7520.429166666666,7520.43,0.0008333333344126004
Wholesale,Biri,OD16,2023-24,7873.984166666666,7873.98,0.004166666666606034
Wholesale,Biri,OD16,2024-25,8244.1575,8244.16,0.002500000000509317
Wholesale,Biri,OD17,2013-14,4032.0,4032.0,0.0
Wholesale,Biri,OD17,2014-15,4763.0,4763.0,0.0
Wholesale,Biri,OD17,2015-16,5567.001666666667,5567.0,0.0016666666670062114
Wholesale,Biri,OD17,2016-17,6000.0,6000.0,0.0
Wholesale,Biri,OD17,2017-18,5650.000833333333,5650.0,0.000833333332593611
Wholesale,Biri,OD17,2018-19,5011.001666666666,5011.0,0.0016666666660967167
Wholesale,Biri,OD17,2019-20,5246.579166666666,5246.58,0.0008333333335031057
Wholesale,Biri,OD17,2020-21,5493.231666666667,5493.23,0.0016666666670062114
Wholesale,Biri,OD17,2021-22,5751.481666666667,5751.48,0.0016666666670062114
Wholesale,Biri,OD17,2022-23,6021.870833333333,6021.87,0.0008333333335031057
Wholesale,Biri,OD17,2023-24,6304.974166666667,6304.97,0.004166666666606034
Wholesale,Biri,OD17,2024-25,6601.385833333334,6601.39,0.004166666666606034
Wholesale,Biri,OD18,2013-14,4667.0008333333335,4667.0,0.0008333333335031057
Wholesale,Biri,OD18,2014-15,5317.9991666666665,5318.0,0.0008333333335031057
Wholesale,Biri,OD18,2015-16,6119.000833333333,6119.0,0.000833333332593611
Wholesale,Biri,OD18,2016-17,6145.000833333333,6145.0,0.000833333332593611
Wholesale,Biri,OD18,2017-18,5814.999166666667,5815.0,0.000833333332593611
Wholesale,Biri,OD18,2018-19,5240.9991666666665,5241.0,0.0008333333335031057
Wholesale,Biri,OD18,2019-20,5487.392500000001,5487.39,0.002500000000509317
Wholesale,Biri,OD18,2020-21,5745.366666666666,5745.37,0.0033333333340124227
Wholesale,Biri,OD18,2021-22,6015.47,6015.47,0.0
Wholesale,Biri,OD18,2022-23,6298.269166666666,6298.27,0.0008333333344126004
Wholesale,Biri,OD18,2023-24,6594.366666666666,6594.37,0.0033333333340124227
Wholesale,Biri,OD18,2024-25,6904.3825,6904.38,0.0024999999995998223
Wholesale,Biri,OD19,2013-14,4532.9991666666665,4533.0,0.0008333333335031057
Wholesale,Biri,OD19,2014-15,5029.0025,5029.0,0.0024999999995998223
Wholesale,Biri,OD19,2015-16,5924.0,5924.0,0.0
Wholesale,Biri,OD19,2016-17,5999.999166666667,6000.0,0.000833333332593611
Wholesale,Biri,OD19,2017-18,5990.000833333334,5990.0,0.0008333333344126004
Wholesale,Biri,OD19,2018-19,5100.0008333333335,5100.0,0.0008333333335031057
Wholesale,Biri,OD19,2019-20,5339.760833333333,5339.76,0.000833333332593611
Wholesale,Biri,OD19,2020-21,5590.796666666666,5590.8,0.0033333333340124227
Wholesale,Biri,OD19,2021-22,5853.634999999999,5853.63,0.004999999999199645
Wholesale,Biri,OD19,2022-23,6128.826666666667,6128.83,0.003333333333102928
Wholesale,Biri,OD19,2023-24,6416.9575,6416.96,0.0024999999995998223
Wholesale,Biri,OD19,2024-25,6718.631666666667,6718.63,0.0016666666670062114
Wholesale,Biri,OD20,2013-14,4486.0008333333335,4486.0,0.0008333333335031057
Wholesale,Biri,OD20,2014-15,5285.0,5285.0,0.0
Wholesale,Biri,OD20,2015-16,6005.999166666667,6006.0,0.000833333332593611
Wholesale,Biri,OD20,2016-17,5999.999166666667,6000.0,0.000833333332593611
Wholesale,Biri,OD20,2017-18,5599.999166666667,5600.0,0.000833333332593611
Wholesale,Biri,OD20,2018-19,6322.000833333333,6322.0,0.000833333332593611
Wholesale,Biri,OD20,2019-20,6619.211666666667,6619.21,0.0016666666670062114
Wholesale,Biri,OD20,2020-21,6930.3966666666665,6930.4,0.003333333333102928
Wholesale,Biri,OD20,2021-22,7256.21,7256.21,0.0
Wholesale,Biri,OD20,2022-23,7597.340833333333,7597.34,0.000833333332593611
Wholesale,Biri,OD20,2023-24,7954.509999999999,7954.51,9.094947017729282e-13
Wholesale,Biri,OD20,2024-25,8328.47,8328.47,0.0
Wholesale,Biri,OD21,2013-14,4488.998333333334,4489.0,0.0016666666660967167
Wholesale,Biri,OD21,2014-15,5063.0008333333335,5063.0,0.0008333333335031057
Wholesale,Biri,OD21,2015-16,5758.998333333333,5759.0,0.0016666666670062114
Wholesale,Biri,OD21,2016-17,5932.999166666667,5933.0,0.000833333332593611
Wholesale,Biri,OD21,2017-18,6112.0,6112.0,0.0
Wholesale,Biri,OD21,2018-19,6599.999166666667,6600.0,0.000833333332593611
Wholesale,Biri,OD21,2019-20,6910.281666666667,6910.28,0.0016666666670062114
Wholesale,Biri,OD21,2020-21,7235.149166666667,7235.15,0.000833333332593611
Wholesale,Biri,OD21,2021-22,7575.2908333333335,7575.29,0.0008333333335031057
Wholesale,Biri,OD21,2022-23,7931.423333333333,7931.42,0.003333333333102928
Wholesale,Biri,OD21,2023-24,8304.2975,8304.3,0.0024999999986903276
Wholesale,Biri,OD21,2024-25,8694.699999999999,8694.7,1.8189894035458565e-12
Wholesale,Biri,OD22,2013-14,4592.0008333333335,4592.0,0.0008333333335031057
Wholesale,Biri,OD22,2014-15,5371.0008333333335,5371.0,0.0008333333335031057
Wholesale,Biri,OD22,2015-16,6099.0,6099.0,0.0
Wholesale,Biri,OD22,2016-17,6126.999166666667,6127.0,0.000833333332593611
Wholesale,Biri,OD22,2017-18,6070.0,6070.0,0.0
Wholesale,Biri,OD22,2018-19,4972.998333333333,4973.0,0.0016666666670062114
Wholesale,Biri,OD22,2019-20,5206.7925000000005,5206.79,0.002500000000509317
Wholesale,Biri,OD22,2020-21,5451.575,5451.58,0.005000000000109139
Wholesale,Biri,OD22,2021-22,5707.8675,5707.87,0.0024999999995998223
Wholesale,Biri,OD22,2022-23,5976.205833333333,5976.21,0.004166666666606034
Wholesale,Biri,OD22,2023-24,6257.160833333332,6257.16,0.000833333332593611
Wholesale,Biri,OD22,2024-25,6551.325,6551.33,0.005000000000109139
Wholesale,Biri,OD23,2013-14,4611.0,4611.0,0.0
Wholesale,Biri,OD23,2014-15,5195.0,5195.0,0.0
Wholesale,Biri,OD23,2015-16,6070.0,6070.0,0.0
Wholesale,Biri,OD23,2016-17,6133.0,6133.0,0.0
Wholesale,Biri,OD23,2017-18,6081.0,6081.0,0.0
Wholesale,Biri,OD23,2018-19,6693.0,6693.0,0.0
Wholesale,Biri,OD23,2019-20,7007.654166666667,7007.65,0.004166666667515528
Wholesale,Biri,OD23,2020-21,7337.099166666667,7337.1,0.0008333333335031057
Wholesale,Biri,OD23,2021-22,7682.0325,7682.03,0.002500000000509317
Wholesale,Biri,OD23,2022-23,8043.1825,8043.18,0.0024999999995998223
Wholesale,Biri,OD23,2023-24,8421.310833333333,8421.31,0.0008333333335031057
Wholesale,Biri,OD23,2024-25,8817.218333333332,8817.22,0.0016666666670062114
Wholesale,Biri,OD24,2013-14,4122.0008333333335,4122.0,0.0008333333335031057
Wholesale,Biri,OD24,2014-15,5056.998333333333,5057.0,0.0016666666670062114
Wholesale,Biri,OD24,2015-16,5787.000833333333,5787.0,0.000833333332593611
Wholesale,Biri,OD24,2016-17,5999.999166666667,6000.0,0.000833333332593611
Wholesale,Biri,OD24,2017-18,5816.999166666667,5817.0,0.000833333332593611
Wholesale,Biri,OD24,2018-19,4733.0008333333335,4733.0,0.0008333333335031057
Wholesale,Biri,OD24,2019-20,4955.509166666667,4955.51,0.0008333333335031057
Wholesale,Biri,OD24,2020-21,5188.4800000000005,5188.48,9.094947017729282e-13
Wholesale,Biri,OD24,2021-22,5432.401666666667,5432.4,0.0016666666670062114
Wholesale,Biri,OD24,2022-23,5687.7908333333335,5687.79,0.0008333333335031057
Wholesale,Biri,OD24,2023-24,5955.1875,5955.19,0.0024999999995998223
Wholesale,Biri,OD24,2024-25,6235.1525,6235.15,0.002500000000509317
Wholesale,Biri,OD25,2013-14,4283.0,4283.0,0.0
Wholesale,Biri,OD25,2014-15,5066.9991666666665,5067.0,0.0008333333335031057
Wholesale,Biri,OD25,2015-16,5896.0,5896.0,0.0
Wholesale,Biri,OD25,2016-17,5950.000833333333,5950.0,0.000833333332593611
Wholesale,Biri,OD25,2017-18,5542.0,5542.0,0.0
Wholesale,Biri,OD25,2018-19,5617.000833333333,5617.0,0.000833333332593611
Wholesale,Biri,OD25,2019-20,5881.0675,5881.07,0.0024999999995998223
Wholesale,Biri,OD25,2020-21,6157.550833333334,6157.55,0.0008333333335031057
Wholesale,Biri,OD25,2021-22,6447.03,6447.03,0.0
Wholesale,Biri,OD25,2022-23,6750.120833333333,6750.12,0.0008333333335031057
Wholesale,Biri,OD25,2023-24,7067.46,7067.46,0.0
Wholesale,Biri,OD25,2024-25,7399.7175,7399.72,0.002500000000509317
Wholesale,Biri,OD26,2013-14,4100.0,4100.0,0.0
Wholesale,Biri,OD26,2014-15,4999.9991666666665,5000.0,0.0008333333335031057
Wholesale,Biri,OD26,2015-16,6034.000833333333,6034.0,0.000833333332593611
Wholesale,Biri,OD26,2016-17,6000.0,6000.0,0.0
Wholesale,Biri,OD26,2017-18,6012.999166666667,6013.0,0.000833333332593611
Wholesale,Biri,OD26,2018-19,5133.0008333333335,5133.0,0.0008333333335031057
Wholesale,Biri,OD26,2019-20,5374.314166666666,5374.31,0.004166666665696539
Wholesale,Biri,OD26,2020-21,5626.973333333332,5626.97,0.0033333333321934333
Wholesale,Biri,OD26,2021-22,5891.509999999999,5891.51,9.094947017729282e-13
Wholesale,Biri,OD26,2022-23,6168.483333333334,6168.48,0.0033333333340124227
Wholesale,Biri,OD26,2023-24,6458.4783333333335,6458.48,0.0016666666660967167
Wholesale,Biri,OD26,2024-25,6762.105833333334,6762.11,0.004166666665696539
Wholesale,Biri,OD27,2013-14,4176.0008333333335,4176.0,0.0008333333335031057
Wholesale,Biri,OD27,2014-15,4988.998333333334,4989.0,0.0016666666660967167
Wholesale,Biri,OD27,2015-16,5883.999166666667,5884.0,0.000833333332593611
Wholesale,Biri,OD27,2016-17,6113.999166666667,6114.0,0.000833333332593611
Wholesale,Biri,OD27,2017-18,5775.0,5775.0,0.0
Wholesale,Biri,OD27,2018-19,5400.0,5400.0,0.0
Wholesale,Biri,OD27,2019-20,5653.865833333333,5653.87,0.004166666666606034
Wholesale,Biri,OD27,2020-21,5919.666666666667,5919.67,0.003333333333102928
Wholesale,Biri,OD27,2021-22,6197.965,6197.96,0.005000000000109139
Wholesale,Biri,OD27,2022-23,6489.345833333333,6489.35,0.004166666667515528
Wholesale,Biri,OD27,2023-24,6794.424166666667,6794.42,0.004166666666606034
Wholesale,Biri,OD27,2024-25,7113.845833333333,7113.85,0.004166666667515528
Wholesale,Biri,OD28,2013-14,4499.9991666666665,4500.0,0.0008333333335031057
Wholesale,Biri,OD28,2014-15,5233.0008333333335,5233.0,0.0008333333335031057
Wholesale,Biri,OD28,2015-16,6018.0,6018.0,0.0
Wholesale,Biri,OD28,2016-17,6017.0,6017.0,0.0
Wholesale,Biri,OD28,2017-18,5569.000833333333,5569.0,0.000833333332593611
Wholesale,Biri,OD28,2018-19,5646.0,5646.0,0.0
Wholesale,Biri,OD28,2019-20,5911.430833333333,5911.43,0.000833333332593611
Wholesale,Biri,OD28,2020-21,6189.3425,6189.34,0.0024999999995998223
Wholesale,Biri,OD28,2021-22,6480.318333333334,6480.32,0.0016666666660967167
Wholesale,Biri,OD28,2022-23,6784.969166666667,6784.97,0.0008333333335031057
Wholesale,Biri,OD28,2023-24,7103.948333333334,7103.95,0.0016666666660967167
Wholesale,Biri,OD28,2024-25,7437.921666666666,7437.92,0.0016666666660967167
Wholesale,Biri,OD29,2013-14,4760.0,4760.0,0.0
Wholesale,Biri,OD29,2014-15,5474.998333333333,5475.0,0.0016666666670062114
Wholesale,Biri,OD29,2015-16,6225.000833333333,6225.0,0.000833333332593611
Wholesale,Biri,OD29,2016-17,6199.998333333333,6200.0,0.0016666666670062114
Wholesale,Biri,OD29,2017-18,6700.000833333333,6700.0,0.000833333332593611
Wholesale,Biri,OD29,2018-19,5018.9991666666665,5019.0,0.0008333333335031057
Wholesale,Biri,OD29,2019-20,5254.955,5254.95,0.005000000000109139
Wholesale,Biri,OD29,2020-21,5502.001666666667,5502.0,0.0016666666670062114
Wholesale,Biri,OD29,2021-22,5760.665,5760.66,0.005000000000109139
Wholesale,Biri,OD29,2022-23,6031.485833333333,6031.49,0.004166666666606034
Wholesale,Biri,OD29,2023-24,6315.0391666666665,6315.04,0.0008333333335031057
Wholesale,Biri,OD29,2024-25,6611.925,6611.92,0.005000000000109139
Wholesale,Biri,OD30,2013-14,4566.998333333333,4567.0,0.0016666666670062114
Wholesale,Biri,OD30,2014-15,5367.0,5367.0,0.0
Wholesale,Biri,OD30,2015-16,6152.0,6152.0,0.0
Wholesale,Biri,OD30,2016-17,6200.0,6200.0,0.0
Wholesale,Biri,OD30,2017-18,6000.0,6000.0,0.0
Wholesale,Biri,OD30,2018-19,6465.0,6465.0,0.0
Wholesale,Biri,OD30,2019-20,6768.934166666666,6768.93,0.004166666665696539
Wholesale,Biri,OD30,2020-21,7087.1575,7087.16,0.0024999999995998223
Wholesale,Biri,OD30,2021-22,7420.341666666667,7420.34,0.0016666666670062114
Wholesale,Biri,OD30,2022-23,7769.188333333333,7769.19,0.0016666666670062114
Wholesale,Biri,OD30,2023-24,8134.435833333333,8134.44,0.004166666666606034
Wholesale,Biri,OD30,2024-25,8516.854166666666,8516.85,0.004166666665696539
Wholesale,Castor,OD01,2013-14,3059.9991666666665,3060.0,0.0008333333335031057
Wholesale,Castor,OD01,2014-15,3518.9991666666665,3519.0,0.0008333333335031057
Wholesale,Castor,OD01,2015-16,3543.0008333333335,3543.0,0.0008333333335031057
Wholesale,Castor,OD01,2016-17,3758.0,3758.0,0.0
Wholesale,Castor,OD01,2017-18,3880.4733333333334,3880.47,0.0033333333335576754
Wholesale,Castor,OD01,2018-19,4064.403333333333,4064.4,0.003333333333102928
Wholesale,Castor,OD01,2019-20,3977.6675,3977.67,0.0025000000000545697
Wholesale,Castor,OD01,2020-21,4210.045,4210.05,0.005000000000109139
Wholesale,Castor,OD01,2021-22,4455.999166666667,4456.0,0.000833333332593611
Wholesale,Castor,OD01,2022-23,4716.321666666667,4716.32,0.0016666666670062114
Wholesale,Castor,OD01,2023-24,4991.8516666666665,4991.85,0.0016666666660967167
Wholesale,Castor,OD01,2024-25,5283.481666666667,5283.48,0.0016666666670062114
Wholesale,Castor,OD02,2013-14,3120.0008333333335,3120.0,0.0008333333335031057
Wholesale,Castor,OD02,2014-15,3586.9991666666665,3587.0,0.0008333333335031057
Wholesale,Castor,OD02,2015-16,3611.9991666666665,3612.0,0.0008333333335031057
Wholesale,Castor,OD02,2016-17,3831.0008333333335,3831.0,0.0008333333335031057
Wholesale,Castor,OD02,2017-18,3955.9808333333335,3955.98,0.0008333333335031057
Wholesale,Castor,OD02,2018-19,4143.486666666667,4143.49,0.003333333333102928
Wholesale,Castor,OD02,2019-20,4055.0641666666666,4055.06,0.004166666666606034
Wholesale,Castor,OD02,2020-21,4291.965,4291.96,0.005000000000109139
Wholesale,Castor,OD02,2021-22,4542.705833333333,4542.7,0.005833333333612245
Wholesale,Castor,OD02,2022-23,4808.090833333333,4808.09,0.000833333332593611
Wholesale,Castor,OD02,2023-24,5088.9825,5088.98,0.002500000000509317
Wholesale,Castor,OD02,2024-25,5386.287499999999,5386.29,0.002500000000509317
Wholesale,Castor,OD03,2013-14,4731.204166666666,4731.2,0.004166666666606034
Wholesale,Castor,OD03,2014-15,5441.1175,5441.12,0.0024999999995998223
Wholesale,Castor,OD03,2015-16,5478.204166666666,5478.2,0.004166666666606034
Wholesale,Castor,OD03,2016-17,5810.81,5810.81,0.0
Wholesale,Castor,OD03,2017-18,5999.999166666667,6000.0,0.000833333332593611
Wholesale,Castor,OD03,2018-19,6284.392500000001,6284.39,0.002500000000509317
Wholesale,Castor,OD03,2019-20,6350.524166666666,6350.52,0.004166666665696539
Wholesale,Castor,OD03,2020-21,6721.525833333333,6721.53,0.004166666666606034
Wholesale,Castor,OD03,2021-22,7114.200833333333,7114.2,0.0008333333335031057
Wholesale,Castor,OD03,2022-23,7529.819166666667,7529.82,0.000833333332593611
Wholesale,Castor,OD03,2023-24,7969.715833333333,7969.72,0.004166666667515528
Wholesale,Castor,OD03,2024-25,8435.311666666666,8435.31,0.0016666666670062114
Wholesale,Castor,OD04,2013-14,2759.869166666667,2759.87,0.0008333333330483583
Wholesale,Castor,OD04,2014-15,3173.9858333333336,3173.98,0.005833333333612245
Wholesale,Castor,OD04,2015-16,3195.6175000000003,3195.62,0.0024999999995998223
Wholesale,Castor,OD04,2016-17,3389.6375000000003,3389.64,0.0024999999995998223
Wholesale,Castor,OD04,2017-18,3500.0,3500.0,0.0
Wholesale,Castor,OD04,2018-19,3665.8958333333335,3665.89,0.005833333333612245
Wholesale,Castor,OD04,2019-20,3704.4733333333334,3704.47,0.0033333333335576754
Wholesale,Castor,OD04,2020-21,3920.8891666666664,3920.89,0.0008333333335031057
Wholesale,Castor,OD04,2021-22,4149.950833333333,4149.95,0.0008333333335031057
Wholesale,Castor,OD04,2022-23,4392.3949999999995,4392.39,0.004999999999199645
Wholesale,Castor,OD04,2023-24,4649.0,4649.0,0.0
Wholesale,Castor,OD04,2024-25,4920.599999999999,4920.6,9.094947017729282e-13
Wholesale,Castor,OD05,2013-14,3137.125,3137.13,0.005000000000109139
Wholesale,Castor,OD05,2014-15,3607.849166666667,3607.85,0.0008333333330483583
Wholesale,Castor,OD05,2015-16,3632.4375,3632.44,0.0025000000000545697
Wholesale,Castor,OD05,2016-17,3852.9825,3852.98,0.0025000000000545697
Wholesale,Castor,OD05,2017-18,3978.4283333333333,3978.43,0.001666666666551464
Wholesale,Castor,OD05,2018-19,4166.998333333334,4167.0,0.0016666666660967167
Wholesale,Castor,OD05,2019-20,4410.44,4410.44,0.0
Wholesale,Castor,OD05,2020-21,4668.099166666667,4668.1,0.0008333333335031057
Wholesale,Castor,OD05,2021-22,4940.814166666667,4940.81,0.004166666666606034
Wholesale,Castor,OD05,2022-23,5229.46,5229.46,0.0
Wholesale,Castor,OD05,2023-24,5534.968333333333,5534.97,0.0016666666670062114
Wholesale,Castor,OD05,2024-25,5858.324166666666,5858.32,0.004166666666606034
Wholesale,Castor,OD06,2013-14,3166.4858333333336,3166.49,0.004166666666151286
Wholesale,Castor,OD06,2014-15,3641.616666666667,3641.62,0.003333333333102928
Wholesale,Castor,OD06,2015-16,3666.4366666666665,3666.44,0.0033333333335576754
Wholesale,Castor,OD06,2016-17,3889.0433333333335,3889.04,0.0033333333335576754
Wholesale,Castor,OD06,2017-18,4015.664166666667,4015.66,0.004166666667060781
Wholesale,Castor,OD06,2018-19,4206.001666666667,4206.0,0.0016666666670062114
Wholesale,Castor,OD06,2019-20,4451.716666666667,4451.72,0.003333333333102928
Wholesale,Castor,OD06,2020-21,4711.79,4711.79,0.0
Wholesale,Castor,OD06,2021-22,4987.054166666667,4987.06,0.005833333333612245
Wholesale,Castor,OD06,2022-23,5278.4025,5278.4,0.002500000000509317
Wholesale,Castor,OD06,2023-24,5586.77,5586.77,0.0
Wholesale,Castor,OD06,2024-25,5913.153333333333,5913.15,0.003333333333102928
Wholesale,Castor,OD09,2013-14,3025.9975,3026.0,0.0025000000000545697
Wholesale,Castor,OD09,2014-15,3480.0008333333335,3480.0,0.0008333333335031057
Wholesale,Castor,OD09,2015-16,3504.0,3504.0,0.0
Wholesale,Castor,OD09,2016-17,3716.9983333333334,3717.0,0.001666666666551464
Wholesale,Castor,OD09,2017-18,3837.6808333333333,3837.68,0.0008333333335031057
Wholesale,Castor,OD09,2018-19,4019.5808333333334,4019.58,0.0008333333335031057
Wholesale,Castor,OD09,2019-20,3933.8033333333333,3933.8,0.003333333333102928
Wholesale,Castor,OD09,2020-21,4163.6175,4163.62,0.0024999999995998223
Wholesale,Castor,OD09,2021-22,4406.858333333334,4406.86,0.0016666666660967167
Wholesale,Castor,OD09,2022-23,4664.3116666666665,4664.31,0.0016666666660967167
Wholesale,Castor,OD09,2023-24,4936.804166666667,4936.8,0.004166666666606034
Wholesale,Castor,OD09,2024-25,5225.214166666667,5225.21,0.004166666666606034
Wholesale,Castor,OD10,2013-14,3059.9991666666665,3060.0,0.0008333333335031057
Wholesale,Castor,OD10,2014-15,3519.0008333333335,3519.0,0.0008333333335031057
Wholesale,Castor,OD10,2015-16,3543.0008333333335,3543.0,0.0008333333335031057
Wholesale,Castor,OD10,2016-17,3757.9991666666665,3758.0,0.0008333333335031057
Wholesale,Castor,OD10,2017-18,3900.0008333333335,3900.0,0.0008333333335031057
Wholesale,Castor,OD10,2018-19,4068.4933333333333,4068.49,0.0033333333335576754
Wholesale,Castor,OD10,2019-20,4111.305833333333,4111.31,0.004166666667515528
Wholesale,Castor,OD10,2020-21,4351.493333333333,4351.49,0.003333333333102928
Wholesale,Castor,OD10,2021-22,4605.71,4605.71,0.0
Wholesale,Castor,OD10,2022-23,4874.778333333333,4874.78,0.0016666666670062114
Wholesale,Castor,OD10,2023-24,5159.5675,5159.57,0.0024999999995998223
Wholesale,Castor,OD10,2024-25,5460.991666666667,5460.99,0.0016666666670062114
Wholesale,Castor,OD11,2013-14,2992.0,2992.0,0.0
Wholesale,Castor,OD11,2014-15,3441.0,3441.0,0.0
Wholesale,Castor,OD11,2015-16,3465.0008333333335,3465.0,0.0008333333335031057
Wholesale,Castor,OD11,2016-17,3675.0008333333335,3675.0,0.0008333333335031057
Wholesale,Castor,OD11,2017-18,3794.6299999999997,3794.63,4.547473508864641e-13
Wholesale,Castor,OD11,2018-19,3974.4883333333332,3974.49,0.001666666666551464
Wholesale,Castor,OD11,2019-20,3889.6733333333336,3889.67,0.0033333333335576754
Wholesale,Castor,OD11,2020-21,4116.909166666666,4116.91,0.0008333333335031057
Wholesale,Castor,OD11,2021-22,4357.421666666666,4357.42,0.0016666666660967167
Wholesale,Castor,OD11,2022-23,4611.986666666667,4611.99,0.003333333333102928
Wholesale,Castor,OD11,2023-24,4881.4225,4881.42,0.0024999999995998223
Wholesale,Castor,OD11,2024-25,5166.5975,5166.6,0.002500000000509317
Wholesale,Castor,OD12,2013-14,3112.2833333333333,3112.28,0.003333333333102928
Wholesale,Castor,OD12,2014-15,3579.2775,3579.28,0.0025000000000545697
Wholesale,Castor,OD12,2015-16,3603.6725,3603.67,0.0025000000000545697
Wholesale,Castor,OD12,2016-17,3822.4675,3822.47,0.0024999999995998223
Wholesale,Castor,OD12,2017-18,3946.9225,3946.92,0.0025000000000545697
Wholesale,Castor,OD12,2018-19,4134.0008333333335,4134.0,0.0008333333335031057
Wholesale,Castor,OD12,2019-20,4375.509999999999,4375.51,9.094947017729282e-13
Wholesale,Castor,OD12,2020-21,4631.131666666667,4631.13,0.0016666666670062114
Wholesale,Castor,OD12,2021-22,4901.685,4901.69,0.004999999999199645
Wholesale,Castor,OD12,2022-23,5188.045833333334,5188.04,0.005833333333612245
Wholesale,Castor,OD12,2023-24,5491.134166666667,5491.13,0.004166666666606034
Wholesale,Castor,OD12,2024-25,5811.930833333333,5811.93,0.000833333332593611
Wholesale,Castor,OD14,2013-14,3366.0008333333335,3366.0,0.0008333333335031057
Wholesale,Castor,OD14,2014-15,3871.0008333333335,3871.0,0.0008333333335031057
Wholesale,Castor,OD14,2015-16,3898.0008333333335,3898.0,0.0008333333335031057
Wholesale,Castor,OD14,2016-17,4134.0,4134.0,0.0
Wholesale,Castor,OD14,2017-18,4268.7925000000005,4268.79,0.002500000000509317
Wholesale,Castor,OD14,2018-19,4471.1275,4471.13,0.002500000000509317
Wholesale,Castor,OD14,2019-20,4375.712500000001,4375.71,0.002500000000509317
Wholesale,Castor,OD14,2020-21,4631.344166666667,4631.34,0.004166666666606034
Wholesale,Castor,OD14,2021-22,4901.91,4901.91,0.0
Wholesale,Castor,OD14,2022-23,5188.283333333334,5188.28,0.0033333333340124227
Wholesale,Castor,OD14,2023-24,5491.385833333334,5491.39,0.004166666666606034
Wholesale,Castor,OD14,2024-25,5812.197499999999,5812.2,0.002500000000509317
Wholesale,Castor,OD15,2013-14,2958.0,2958.0,0.0
Wholesale,Castor,OD15,2014-15,3402.0008333333335,3402.0,0.0008333333335031057
Wholesale,Castor,OD15,2015-16,3425.0,3425.0,0.0
Wholesale,Castor,OD15,2016-17,3633.0,3633.0,0.0
Wholesale,Castor,OD15,2017-18,3751.305,3751.3,0.004999999999654392
Wholesale,Castor,OD15,2018-19,3929.11,3929.11,0.0
Wholesale,Castor,OD15,2019-20,3845.2608333333333,3845.26,0.0008333333330483583
Wholesale,Castor,OD15,2020-21,4069.905,4069.9,0.005000000000109139
Wholesale,Castor,OD15,2021-22,4307.671666666666,4307.67,0.0016666666660967167
Wholesale,Castor,OD15,2022-23,4559.329166666666,4559.33,0.0008333333335031057
Wholesale,Castor,OD15,2023-24,4825.6883333333335,4825.69,0.0016666666660967167
Wholesale,Castor,OD15,2024-25,5107.609166666666,5107.61,0.0008333333335031057
Wholesale,Castor,OD16,2013-14,3059.9991666666665,3060.0,0.0008333333335031057
Wholesale,Castor,OD16,2014-15,3519.0008333333335,3519.0,0.0008333333335031057
Wholesale,Castor,OD16,2015-16,3542.9991666666665,3543.0,0.0008333333335031057
Wholesale,Castor,OD16,2016-17,3758.0016666666666,3758.0,0.001666666666551464
Wholesale,Castor,OD16,2017-18,3880.474166666667,3880.47,0.004166666667060781
Wholesale,Castor,OD16,2018-19,4064.403333333333,4064.4,0.003333333333102928
Wholesale,Castor,OD16,2019-20,3977.668333333333,3977.67,0.0016666666670062114
Wholesale,Castor,OD16,2020-21,4210.045,4210.05,0.005000000000109139
Wholesale,Castor,OD16,2021-22,4455.998333333334,4456.0,0.0016666666660967167
Wholesale,Castor,OD16,2022-23,4716.320833333333,4716.32,0.0008333333335031057
Wholesale,Castor,OD16,2023-24,4991.8533333333335,4991.85,0.003333333333102928
Wholesale,Castor,OD16,2024-25,5283.480833333333,5283.48,0.0008333333335031057
Wholesale,Castor,OD19,2013-14,3264.0,3264.0,0.0
Wholesale,Castor,OD19,2014-15,3754.0008333333335,3754.0,0.0008333333335031057
Wholesale,Castor,OD19,2015-16,3779.001666666667,3779.0,0.0016666666670062114
Wholesale,Castor,OD19,2016-17,4008.9991666666665,4009.0,0.0008333333335031057
Wholesale,Castor,OD19,2017-18,4139.3475,4139.35,0.002500000000509317
Wholesale,Castor,OD19,2018-19,4335.549166666667,4335.55,0.0008333333335031057
Wholesale,Castor,OD19,2019-20,4243.025000000001,4243.03,0.004999999999199645
Wholesale,Castor,OD19,2020-21,4490.905833333333,4490.91,0.004166666666606034
Wholesale,Castor,OD19,2021-22,4753.268333333333,4753.27,0.0016666666670062114
Wholesale,Castor,OD19,2022-23,5030.956666666666,5030.96,0.0033333333340124227
Wholesale,Castor,OD19,2023-24,5324.869166666666,5324.87,0.0008333333335031057
Wholesale,Castor,OD19,2024-25,5635.951666666667,5635.95,0.0016666666670062114
Wholesale,Castor,OD20,2013-14,2957.9991666666665,2958.0,0.0008333333335031057
Wholesale,Castor,OD20,2014-15,3402.0016666666666,3402.0,0.001666666666551464
Wholesale,Castor,OD20,2015-16,3425.0008333333335,3425.0,0.0008333333335031057
Wholesale,Castor,OD20,2016-17,3633.0008333333335,3633.0,0.0008333333335031057
Wholesale,Castor,OD20,2017-18,3751.3033333333333,3751.3,0.003333333333102928
Wholesale,Castor,OD20,2018-19,3929.11,3929.11,0.0
Wholesale,Castor,OD20,2019-20,3845.263333333333,3845.26,0.0033333333326481807
Wholesale,Castor,OD20,2020-21,4069.905,4069.9,0.005000000000109139
Wholesale,Castor,OD20,2021-22,4307.6725,4307.67,0.0024999999995998223
Wholesale,Castor,OD20,2022-23,4559.329166666666,4559.33,0.0008333333335031057
Wholesale,Castor,OD20,2023-24,4825.6875,4825.69,0.0024999999995998223
Wholesale,Castor,OD20,2024-25,5107.608333333334,5107.61,0.0016666666660967167
Wholesale,Castor,OD22,2013-14,3111.0,3111.0,0.0
Wholesale,Castor,OD22,2014-15,3577.9983333333334,3578.0,0.001666666666551464
Wholesale,Castor,OD22,2015-16,3602.0,3602.0,0.0
Wholesale,Castor,OD22,2016-17,3820.998333333333,3821.0,0.0016666666670062114
Wholesale,Castor,OD22,2017-18,3945.325833333334,3945.33,0.004166666666151286
Wholesale,Castor,OD22,2018-19,4132.329166666666,4132.33,0.0008333333335031057
Wholesale,Castor,OD22,2019-20,4044.1425,4044.14,0.0025000000000545697
Wholesale,Castor,OD22,2020-21,4280.404166666666,4280.41,0.005833333333612245
Wholesale,Castor,OD22,2021-22,4530.47,4530.47,0.0
Wholesale,Castor,OD22,2022-23,4795.141666666666,4795.14,0.0016666666660967167
Wholesale,Castor,OD22,2023-24,5075.2775,5075.28,0.0024999999995998223
Wholesale,Castor,OD22,2024-25,5371.78,5371.78,0.0
Wholesale,Castor,OD23,2013-14,2958.0008333333335,2958.0,0.0008333333335031057
Wholesale,Castor,OD23,2014-15,3402.0,3402.0,0.0
Wholesale,Castor,OD23,2015-16,3425.0,3425.0,0.0
Wholesale,Castor,OD23,2016-17,3633.0016666666666,3633.0,0.001666666666551464
Wholesale,Castor,OD23,2017-18,3500.0008333333335,3500.0,0.0008333333335031057
Wholesale,Castor,OD23,2018-19,3876.4683333333337,3876.47,0.0016666666660967167
Wholesale,Castor,OD23,2019-20,3917.2608333333333,3917.26,0.0008333333330483583
Wholesale,Castor,OD23,2020-21,4146.110833333333,4146.11,0.0008333333335031057
Wholesale,Castor,OD23,2021-22,4388.328333333334,4388.33,0.0016666666660967167
Wholesale,Castor,OD23,2022-23,4644.6975,4644.7,0.0024999999995998223
Wholesale,Castor,OD23,2023-24,4916.044166666667,4916.04,0.004166666666606034
Wholesale,Castor,OD23,2024-25,5203.241666666667,5203.24,0.0016666666670062114
Wholesale,Castor,OD24,2013-14,3182.0,3182.0,0.0
Wholesale,Castor,OD24,2014-15,3660.0008333333335,3660.0,0.0008333333335031057
Wholesale,Castor,OD24,2015-16,3685.0,3685.0,0.0
Wholesale,Castor,OD24,2016-17,3909.0008333333335,3909.0,0.0008333333335031057
Wholesale,Castor,OD24,2017-18,4035.8858333333333,4035.88,0.005833333333157498
Wholesale,Castor,OD24,2018-19,4227.179166666667,4227.18,0.0008333333335031057
Wholesale,Castor,OD24,2019-20,4136.970833333334,4136.97,0.0008333333335031057
Wholesale,Castor,OD24,2020-21,4378.655833333333,4378.66,0.004166666666606034
Wholesale,Castor,OD24,2021-22,4634.4591666666665,4634.46,0.0008333333335031057
Wholesale,Castor,OD24,2022-23,4905.2074999999995,4905.21,0.002500000000509317
Wholesale,Castor,OD24,2023-24,5191.775000000001,5191.77,0.005000000000109139
Wholesale,Castor,OD24,2024-25,5495.080833333333,5495.08,0.0008333333335031057
Wholesale,Castor,OD25,2013-14,2958.0,2958.0,0.0
Wholesale,Castor,OD25,2014-15,3401.9991666666665,3402.0,0.0008333333335031057
Wholesale,Castor,OD25,2015-16,3425.0008333333335,3425.0,0.0008333333335031057
Wholesale,Castor,OD25,2016-17,3633.0,3633.0,0.0
Wholesale,Castor,OD25,2017-18,3764.840833333333,3764.84,0.0008333333330483583
Wholesale,Castor,OD25,2018-19,4000.0,4000.0,0.0
Wholesale,Castor,OD25,2019-20,4233.6825,4233.68,0.0024999999995998223
Wholesale,Castor,OD25,2020-21,4481.0175,4481.02,0.002500000000509317
Wholesale,Castor,OD25,2021-22,4742.801666666667,4742.8,0.0016666666670062114
Wholesale,Castor,OD25,2022-23,5019.879166666667,5019.88,0.0008333333335031057
Wholesale,Castor,OD25,2023-24,5313.144166666666,5313.14,0.004166666665696539
Wholesale,Castor,OD25,2024-25,5623.5408333333335,5623.54,0.0008333333335031057
Wholesale,Castor,OD26,2013-14,3331.9983333333334,3332.0,0.001666666666551464
Wholesale,Castor,OD26,2014-15,3832.0008333333335,3832.0,0.0008333333335031057
Wholesale,Castor,OD26,2015-16,3857.9991666666665,3858.0,0.0008333333335031057
Wholesale,Castor,OD26,2016-17,4092.0008333333335,4092.0,0.0008333333335031057
Wholesale,Castor,OD26,2017-18,4225.4675,4225.47,0.002500000000509317
Wholesale,Castor,OD26,2018-19,4425.7475,4425.75,0.0024999999995998223
Wholesale,Castor,OD26,2019-20,4331.301666666666,4331.3,0.0016666666660967167
Wholesale,Castor,OD26,2020-21,4584.339166666667,4584.34,0.0008333333335031057
Wholesale,Castor,OD26,2021-22,4852.160833333333,4852.16,0.0008333333335031057
Wholesale,Castor,OD26,2022-23,5135.6258333333335,5135.63,0.004166666666606034
Wholesale,Castor,OD26,2023-24,5435.653333333333,5435.65,0.003333333333102928
Wholesale,Castor,OD26,2024-25,5753.205833333333,5753.21,0.004166666666606034
Wholesale,Castor,OD27,2013-14,3263.9991666666665,3264.0,0.0008333333335031057
Wholesale,Castor,OD27,2014-15,3754.0,3754.0,0.0
Wholesale,Castor,OD27,2015-16,3779.0,3779.0,0.0
Wholesale,Castor,OD27,2016-17,4009.0,4009.0,0.0
Wholesale,Castor,OD27,2017-18,2800.0008333333335,2800.0,0.0008333333335031057
Wholesale,Castor,OD27,2018-19,4054.9816666666666,4054.98,0.001666666666551464
Wholesale,Castor,OD27,2019-20,4097.6525,4097.65,0.002500000000509317
Wholesale,Castor,OD27,2020-21,4337.041666666667,4337.04,0.0016666666670062114
Wholesale,Castor,OD27,2021-22,4590.4141666666665,4590.41,0.004166666666606034
Wholesale,Castor,OD27,2022-23,4858.587500000001,4858.59,0.0024999999995998223
Wholesale,Castor,OD27,2023-24,5142.430833333333,5142.43,0.000833333332593611
Wholesale,Castor,OD27,2024-25,5442.8550000000005,5442.86,0.004999999999199645
Wholesale,Castor,OD30,2013-14,3147.0008333333335,3147.0,0.0008333333335031057
Wholesale,Castor,OD30,2014-15,3619.0,3619.0,0.0
Wholesale,Castor,OD30,2015-16,3644.0016666666666,3644.0,0.001666666666551464
Wholesale,Castor,OD30,2016-17,3865.0008333333335,3865.0,0.0008333333335031057
Wholesale,Castor,OD30,2017-18,3990.900833333333,3990.9,0.0008333333330483583
Wholesale,Castor,OD30,2018-19,4180.0633333333335,4180.06,0.003333333333102928
Wholesale,Castor,OD30,2019-20,4090.8608333333336,4090.86,0.0008333333335031057
Wholesale,Castor,OD30,2020-21,4329.850833333333,4329.85,0.000833333332593611
Wholesale,Castor,OD30,2021-22,4582.804166666667,4582.8,0.004166666666606034
Wholesale,Castor,OD30,2022-23,4850.535,4850.53,0.005000000000109139
Wholesale,Castor,OD30,2023-24,5133.904166666666,5133.91,0.005833333333612245
Wholesale,Castor,OD30,2024-25,5433.833333333333,5433.83,0.003333333333102928
Wholesale,Cotton,OD02,2013-14,3614.0008333333335,3614.0,0.0008333333335031057
Wholesale,Cotton,OD02,2014-15,3975.001666666667,3975.0,0.0016666666670062114
Wholesale,Cotton,OD02,2015-16,3977.0008333333335,3977.0,0.0008333333335031057
Wholesale,Cotton,OD02,2016-17,4307.9991666666665,4308.0,0.0008333333335031057
Wholesale,Cotton,OD02,2017-18,5000.0,5000.0,0.0
Wholesale,Cotton,OD02,2018-19,5000.0,5000.0,0.0
Wholesale,Cotton,OD02,2019-20,5319.177500000001,5319.18,0.0024999999995998223
Wholesale,Cotton,OD02,2020-21,5658.730833333334,5658.73,0.0008333333344126004
Wholesale,Cotton,OD02,2021-22,6019.9608333333335,6019.96,0.0008333333335031057
Wholesale,Cotton,OD02,2022-23,6404.25,6404.25,0.0
Wholesale,Cotton,OD02,2023-24,6813.069166666667,6813.07,0.000833333332593611
Wholesale,Cotton,OD02,2024-25,7247.9875,7247.99,0.0024999999995998223
Wholesale,Cotton,OD04,2013-14,3656.0,3656.0,0.0
Wholesale,Cotton,OD04,2014-15,4022.0008333333335,4022.0,0.0008333333335031057
Wholesale,Cotton,OD04,2015-16,4024.001666666667,4024.0,0.0016666666670062114
Wholesale,Cotton,OD04,2016-17,4359.0,4359.0,0.0
Wholesale,Cotton,OD04,2017-18,4727.356666666667,4727.35,0.006666666666205856
Wholesale,Cotton,OD04,2018-19,5027.643333333333,5027.64,0.003333333333102928
Wholesale,Cotton,OD04,2019-20,4679.980833333333,4679.98,0.0008333333335031057
Wholesale,Cotton,OD04,2020-21,4978.733333333334,4978.73,0.0033333333340124227
Wholesale,Cotton,OD04,2021-22,5296.550833333334,5296.55,0.0008333333335031057
Wholesale,Cotton,OD04,2022-23,5634.660833333332,5634.66,0.000833333332593611
Wholesale,Cotton,OD04,2023-24,5994.355,5994.35,0.004999999999199645
Wholesale,Cotton,OD04,2024-25,6377.008333333334,6377.01,0.0016666666660967167
Wholesale,Cotton,OD09,2013-14,3823.0008333333335,3823.0,0.0008333333335031057
Wholesale,Cotton,OD09,2014-15,4205.0008333333335,4205.0,0.0008333333335031057
Wholesale,Cotton,OD09,2015-16,4207.000833333333,4207.0,0.000833333332593611
Wholesale,Cotton,OD09,2016-17,4558.000833333333,4558.0,0.000833333332593611
Wholesale,Cotton,OD09,2017-18,4942.809166666667,4942.81,0.0008333333335031057
Wholesale,Cotton,OD09,2018-19,5256.783333333334,5256.78,0.0033333333340124227
Wholesale,Cotton,OD09,2019-20,4893.278333333334,4893.28,0.0016666666660967167
Wholesale,Cotton,OD09,2020-21,5205.644166666666,5205.64,0.004166666665696539
Wholesale,Cotton,OD09,2021-22,5537.95,5537.95,0.0
Wholesale,Cotton,OD09,2022-23,5891.47,5891.47,0.0
Wholesale,Cotton,OD09,2023-24,6267.554166666666,6267.56,0.00583333333452174
Wholesale,Cotton,OD09,2024-25,6667.649166666666,6667.65,0.0008333333335031057
Wholesale,Cotton,OD10,2013-14,3666.0016666666666,3666.0,0.001666666666551464
Wholesale,Cotton,OD10,2014-15,4032.9991666666665,4033.0,0.0008333333335031057
Wholesale,Cotton,OD10,2015-16,4035.0,4035.0,0.0
Wholesale,Cotton,OD10,2016-17,4370.9991666666665,4371.0,0.0008333333335031057
Wholesale,Cotton,OD10,2017-18,4740.304166666667,4740.3,0.004166666666606034
Wholesale,Cotton,OD10,2018-19,5041.413333333333,5041.41,0.003333333333102928
Wholesale,Cotton,OD10,2019-20,4692.801666666667,4692.8,0.0016666666670062114
Wholesale,Cotton,OD10,2020-21,4992.370833333333,4992.37,0.0008333333335031057
Wholesale,Cotton,OD10,2021-22,5311.06,5311.06,0.0
Wholesale,Cotton,OD10,2022-23,5650.096666666667,5650.1,0.003333333333102928
Wholesale,Cotton,OD10,2023-24,6010.775000000001,6010.77,0.005000000000109139
Wholesale,Cotton,OD10,2024-25,6394.475833333333,6394.48,0.004166666666606034
Wholesale,Cotton,OD14,2013-14,3835.0016666666666,3835.0,0.001666666666551464
Wholesale,Cotton,OD14,2014-15,4218.001666666666,4218.0,0.0016666666660967167
Wholesale,Cotton,OD14,2015-16,4220.0008333333335,4220.0,0.0008333333335031057
Wholesale,Cotton,OD14,2016-17,4572.0008333333335,4572.0,0.0008333333335031057
Wholesale,Cotton,OD14,2017-18,4958.1225,4958.12,0.002500000000509317
Wholesale,Cotton,OD14,2018-19,5273.069166666667,5273.07,0.000833333332593611
Wholesale,Cotton,OD14,2019-20,4908.4366666666665,4908.44,0.003333333333102928
Wholesale,Cotton,OD14,2020-21,5221.770833333333,5221.77,0.000833333332593611
Wholesale,Cotton,OD14,2021-22,5555.107499999999,5555.11,0.002500000000509317
Wholesale,Cotton,OD14,2022-23,5909.720833333333,5909.72,0.000833333332593611
Wholesale,Cotton,OD14,2023-24,6286.971666666667,6286.97,0.0016666666670062114
Wholesale,Cotton,OD14,2024-25,6688.303333333333,6688.3,0.003333333333102928
Wholesale,Cotton,OD15,2013-14,3569.0008333333335,3569.0,0.0008333333335031057
Wholesale,Cotton,OD15,2014-15,3925.9983333333334,3926.0,0.001666666666551464
Wholesale,Cotton,OD15,2015-16,3927.998333333333,3928.0,0.0016666666670062114
Wholesale,Cotton,OD15,2016-17,4255.0,4255.0,0.0
Wholesale,Cotton,OD15,2017-18,5000.0,5000.0,0.0
Wholesale,Cotton,OD15,2018-19,5016.998333333334,5017.0,0.0016666666660967167
Wholesale,Cotton,OD15,2019-20,5337.264166666667,5337.26,0.004166666666606034
Wholesale,Cotton,OD15,2020-21,5677.97,5677.97,0.0
Wholesale,Cotton,OD15,2021-22,6040.429166666666,6040.43,0.0008333333344126004
Wholesale,Cotton,OD15,2022-23,6426.025000000001,6426.02,0.005000000000109139
Wholesale,Cotton,OD15,2023-24,6836.232500000001,6836.23,0.0025000000014188117
Wholesale,Cotton,OD15,2024-25,7272.63,7272.63,0.0
Wholesale,Cotton,OD20,2013-14,3771.0016666666666,3771.0,0.001666666666551464
Wholesale,Cotton,OD20,2014-15,4147.9991666666665,4148.0,0.0008333333335031057
Wholesale,Cotton,OD20,2015-16,4150.0008333333335,4150.0,0.0008333333335031057
Wholesale,Cotton,OD20,2016-17,4495.9991666666665,4496.0,0.0008333333335031057
Wholesale,Cotton,OD20,2017-18,4875.7025,4875.7,0.002500000000509317
Wholesale,Cotton,OD20,2018-19,5185.412499999999,5185.41,0.0024999999995998223
Wholesale,Cotton,OD20,2019-20,4826.843333333333,4826.84,0.003333333333102928
Wholesale,Cotton,OD20,2020-21,5134.9675,5134.97,0.002500000000509317
Wholesale,Cotton,OD20,2021-22,5462.7625,5462.76,0.0024999999995998223
Wholesale,Cotton,OD20,2022-23,5811.48,5811.48,0.0
Wholesale,Cotton,OD20,2023-24,6182.46,6182.46,0.0
Wholesale,Cotton,OD20,2024-25,6577.123333333333,6577.12,0.003333333333102928
Wholesale,Cotton,OD25,2013-14,3757.0,3757.0,0.0
Wholesale,Cotton,OD25,2014-15,4132.9991666666665,4133.0,0.0008333333335031057
Wholesale,Cotton,OD25,2015-16,4135.0,4135.0,0.0
Wholesale,Cotton,OD25,2016-17,4479.998333333333,4480.0,0.0016666666670062114
Wholesale,Cotton,OD25,2017-18,4733.0,4733.0,0.0
Wholesale,Cotton,OD25,2018-19,5091.9991666666665,5092.0,0.0008333333335031057
Wholesale,Cotton,OD25,2019-20,5417.050833333334,5417.05,0.0008333333335031057
Wholesale,Cotton,OD25,2020-21,5762.850833333334,5762.85,0.0008333333335031057
Wholesale,Cotton,OD25,2021-22,6130.7283333333335,6130.73,0.0016666666660967167
Wholesale,Cotton,OD25,2022-23,6522.088333333333,6522.09,0.0016666666670062114
Wholesale,Cotton,OD25,2023-24,6938.429166666666,6938.43,0.0008333333344126004
Wholesale,Cotton,OD25,2024-25,7381.348333333332,7381.35,0.001666666667915706
Wholesale,Cotton,OD27,2013-14,3601.0008333333335,3601.0,0.0008333333335031057
Wholesale,Cotton,OD27,2014-15,3961.0008333333335,3961.0,0.0008333333335031057
Wholesale,Cotton,OD27,2015-16,3962.9991666666665,3963.0,0.0008333333335031057
Wholesale,Cotton,OD27,2016-17,4292.999166666667,4293.0,0.000833333332593611
Wholesale,Cotton,OD27,2017-18,4300.0,4300.0,0.0
Wholesale,Cotton,OD27,2018-19,5133.0,5133.0,0.0
Wholesale,Cotton,OD27,2019-20,5460.67,5460.67,0.0
Wholesale,Cotton,OD27,2020-21,5809.254166666667,5809.25,0.004166666666606034
Wholesale,Cotton,OD27,2021-22,6180.0925,6180.09,0.0024999999995998223
Wholesale,Cotton,OD27,2022-23,6574.6016666666665,6574.6,0.0016666666660967167
Wholesale,Cotton,OD27,2023-24,6994.295833333334,6994.3,0.004166666666606034
Wholesale,Cotton,OD27,2024-25,7440.780833333333,7440.78,0.0008333333335031057
Wholesale,Cotton,OD28,2013-14,3823.0,3823.0,0.0
Wholesale,Cotton,OD28,2014-15,4206.0,4206.0,0.0
Wholesale,Cotton,OD28,2015-16,4208.0,4208.0,0.0
Wholesale,Cotton,OD28,2016-17,4558.998333333333,4559.0,0.0016666666670062114
Wholesale,Cotton,OD28,2017-18,4943.671666666666,4943.67,0.0016666666660967167
Wholesale,Cotton,OD28,2018-19,5257.7,5257.7,0.0
Wholesale,Cotton,OD28,2019-20,4894.1325,4894.13,0.0024999999995998223
Wholesale,Cotton,OD28,2020-21,5206.550833333334,5206.55,0.0008333333335031057
Wholesale,Cotton,OD28,2021-22,5538.916666666667,5538.92,0.003333333333102928
Wholesale,Cotton,OD28,2022-23,5892.495833333333,5892.5,0.004166666666606034
Wholesale,Cotton,OD28,2023-24,6268.649166666666,6268.65,0.0008333333335031057
Wholesale,Cotton,OD28,2024-25,6668.81,6668.81,0.0
Wholesale,Cotton,OD29,2013-14,3737.0008333333335,3737.0,0.0008333333335031057
Wholesale,Cotton,OD29,2014-15,4111.0,4111.0,0.0
Wholesale,Cotton,OD29,2015-16,4113.0025,4113.0,0.0024999999995998223
Wholesale,Cotton,OD29,2016-17,4456.0008333333335,4456.0,0.0008333333335031057
Wholesale,Cotton,OD29,2017-18,4832.129166666667,4832.13,0.0008333333335031057
Wholesale,Cotton,OD29,2018-19,5139.071666666667,5139.07,0.0016666666670062114
Wholesale,Cotton,OD29,2019-20,4783.705,4783.71,0.005000000000109139
Wholesale,Cotton,OD29,2020-21,5089.0775,5089.08,0.0024999999995998223
Wholesale,Cotton,OD29,2021-22,5413.941666666667,5413.94,0.0016666666670062114
Wholesale,Cotton,OD29,2022-23,5759.544166666667,5759.54,0.004166666666606034
Wholesale,Cotton,OD29,2023-24,6127.208333333333,6127.21,0.0016666666670062114
Wholesale,Cotton,OD29,2024-25,6518.3425,6518.34,0.0024999999995998223
Wholesale,Cotton,OD30,2013-14,2214.72,2214.72,0.0
Wholesale,Cotton,OD30,2014-15,2349.999166666667,2350.0,0.0008333333330483583
Wholesale,Cotton,OD30,2015-16,2437.4275000000002,2437.43,0.0024999999995998223
Wholesale,Cotton,OD30,2016-17,2640.565,2640.56,0.005000000000109139
Wholesale,Cotton,OD30,2017-18,2837.5633333333335,2837.56,0.0033333333335576754
Wholesale,Cotton,OD30,2018-19,3017.8075000000003,3017.81,0.0024999999995998223
Wholesale,Cotton,OD30,2019-20,2500.0158333333334,2500.01,0.005833333333157498
Wholesale,Cotton,OD30,2020-21,2659.605,2659.6,0.005000000000109139
Wholesale,Cotton,OD30,2021-22,2829.3816666666667,2829.38,0.001666666666551464
Wholesale,Cotton,OD30,2022-23,3009.9966666666664,3010.0,0.0033333333335576754
Wholesale,Cotton,OD30,2023-24,3202.1433333333334,3202.14,0.0033333333335576754
Wholesale,Cotton,OD30,2024-25,3406.5525,3406.55,0.0024999999995998223
Wholesale,Gram,OD01,2013-14,3598.9991666666665,3599.0,0.0008333333335031057
Wholesale,Gram,OD01,2014-15,3838.0,3838.0,0.0
Wholesale,Gram,OD01,2015-16,3888.0008333333335,3888.0,0.0008333333335031057
Wholesale,Gram,OD01,2016-17,4058.9991666666665,4059.0,0.0008333333335031057
Wholesale,Gram,OD01,2017-18,4391.614166666667,4391.61,0.004166666667515528
Wholesale,Gram,OD01,2018-19,4028.0,4028.0,0.0
Wholesale,Gram,OD01,2019-20,4291.212500000001,4291.21,0.002500000000509317
Wholesale,Gram,OD01,2020-21,4571.6225,4571.62,0.002500000000509317
Wholesale,Gram,OD01,2021-22,4870.3575,4870.36,0.0024999999995998223
Wholesale,Gram,OD01,2022-23,5188.615833333333,5188.62,0.004166666666606034
Wholesale,Gram,OD01,2023-24,5527.668333333334,5527.67,0.0016666666660967167
Wholesale,Gram,OD01,2024-25,5888.875833333333,5888.88,0.004166666667515528
Wholesale,Gram,OD02,2013-14,3617.0,3617.0,0.0
Wholesale,Gram,OD02,2014-15,4199.9991666666665,4200.0,0.0008333333335031057
Wholesale,Gram,OD02,2015-16,4255.0,4255.0,0.0
Wholesale,Gram,OD02,2016-17,4441.0,4441.0,0.0
Wholesale,Gram,OD02,2017-18,4861.8475,4861.85,0.002500000000509317
Wholesale,Gram,OD02,2018-19,5146.159166666667,5146.16,0.000833333332593611
Wholesale,Gram,OD02,2019-20,4676.379166666667,4676.38,0.0008333333335031057
Wholesale,Gram,OD02,2020-21,4981.9591666666665,4981.96,0.0008333333335031057
Wholesale,Gram,OD02,2021-22,5307.5075,5307.51,0.002500000000509317
Wholesale,Gram,OD02,2022-23,5654.328333333334,5654.33,0.0016666666660967167
Wholesale,Gram,OD02,2023-24,6023.814166666667,6023.81,0.004166666666606034
Wholesale,Gram,OD02,2024-25,6417.444166666667,6417.44,0.004166666667515528
Wholesale,Gram,OD03,2013-14,3649.9991666666665,3650.0,0.0008333333335031057
Wholesale,Gram,OD03,2014-15,4025.000833333333,4025.0,0.0008333333330483583
Wholesale,Gram,OD03,2015-16,4077.0008333333335,4077.0,0.0008333333335031057
Wholesale,Gram,OD03,2016-17,4255.9991666666665,4256.0,0.0008333333335031057
Wholesale,Gram,OD03,2017-18,4950.0008333333335,4950.0,0.0008333333335031057
Wholesale,Gram,OD03,2018-19,5043.538333333333,5043.54,0.0016666666670062114
Wholesale,Gram,OD03,2019-20,5076.261666666666,5076.26,0.0016666666660967167
Wholesale,Gram,OD03,2020-21,5407.974999999999,5407.97,0.004999999999199645
Wholesale,Gram,OD03,2021-22,5761.360833333333,5761.36,0.0008333333335031057
Wholesale,Gram,OD03,2022-23,6137.837500000001,6137.84,0.0024999999995998223
Wholesale,Gram,OD03,2023-24,6538.920000000001,6538.92,9.094947017729282e-13
Wholesale,Gram,OD03,2024-25,6966.208333333333,6966.21,0.0016666666670062114
Wholesale,Gram,OD04,2013-14,3600.0,3600.0,0.0
Wholesale,Gram,OD04,2014-15,3999.9991666666665,4000.0,0.0008333333335031057
Wholesale,Gram,OD04,2015-16,4052.0,4052.0,0.0
Wholesale,Gram,OD04,2016-17,4230.0008333333335,4230.0,0.0008333333335031057
Wholesale,Gram,OD04,2017-18,4740.0,4740.0,0.0
Wholesale,Gram,OD04,2018-19,5669.999166666667,5670.0,0.000833333332593611
Wholesale,Gram,OD04,2019-20,6040.509999999999,6040.51,9.094947017729282e-13
Wholesale,Gram,OD04,2020-21,6435.229166666667,6435.23,0.000833333332593611
Wholesale,Gram,OD04,2021-22,6855.744166666666,6855.74,0.004166666666606034
Wholesale,Gram,OD04,2022-23,7303.735833333333,7303.74,0.004166666666606034
Wholesale,Gram,OD04,2023-24,7781.001666666667,7781.0,0.0016666666670062114
Wholesale,Gram,OD04,2024-25,8289.455833333333,8289.46,0.004166666665696539
Wholesale,Gram,OD05,2013-14,3600.0,3600.0,0.0
Wholesale,Gram,OD05,2014-15,4100.0,4100.0,0.0
Wholesale,Gram,OD05,2015-16,4152.9991666666665,4153.0,0.0008333333335031057
Wholesale,Gram,OD05,2016-17,4335.9991666666665,4336.0,0.0008333333335031057
Wholesale,Gram,OD05,2017-18,4810.189166666666,4810.19,0.0008333333335031057
Wholesale,Gram,OD05,2018-19,5268.0,5268.0,0.0
Wholesale,Gram,OD05,2019-20,5612.239166666666,5612.24,0.0008333333335031057
Wholesale,Gram,OD05,2020-21,5978.974999999999,5978.98,0.005000000000109139
Wholesale,Gram,OD05,2021-22,6369.674166666667,6369.67,0.004166666666606034
Wholesale,Gram,OD05,2022-23,6785.904166666667,6785.9,0.004166666667515528
Wholesale,Gram,OD05,2023-24,7229.3341666666665,7229.33,0.004166666666606034
Wholesale,Gram,OD05,2024-25,7701.7375,7701.74,0.0024999999995998223
Wholesale,Gram,OD06,2013-14,3876.0,3876.0,0.0
Wholesale,Gram,OD06,2014-15,4250.0,4250.0,0.0
Wholesale,Gram,OD06,2015-16,4305.0,4305.0,0.0
Wholesale,Gram,OD06,2016-17,4494.0008333333335,4494.0,0.0008333333335031057
Wholesale,Gram,OD06,2017-18,5289.0,5289.0,0.0
Wholesale,Gram,OD06,2018-19,4499.998333333333,4500.0,0.0016666666670062114
Wholesale,Gram,OD06,2019-20,4794.055833333333,4794.05,0.00583333333270275
Wholesale,Gram,OD06,2020-21,5107.325833333333,5107.33,0.004166666666606034
Wholesale,Gram,OD06,2021-22,5441.0675,5441.07,0.0024999999995998223
Wholesale,Gram,OD06,2022-23,5796.615833333333,5796.62,0.004166666666606034
Wholesale,Gram,OD06,2023-24,6175.399166666667,6175.4,0.000833333332593611
Wholesale,Gram,OD06,2024-25,6578.933333333333,6578.93,0.003333333333102928
Wholesale,Gram,OD07,2013-14,3888.0025,3888.0,0.0025000000000545697
Wholesale,Gram,OD07,2014-15,4274.9991666666665,4275.0,0.0008333333335031057
Wholesale,Gram,OD07,2015-16,4330.9991666666665,4331.0,0.0008333333335031057
Wholesale,Gram,OD07,2016-17,4521.0,4521.0,0.0
Wholesale,Gram,OD07,2017-18,5015.765833333334,5015.77,0.004166666666606034
Wholesale,Gram,OD07,2018-19,5309.079166666666,5309.08,0.0008333333335031057
Wholesale,Gram,OD07,2019-20,4824.425833333334,4824.43,0.004166666666606034
Wholesale,Gram,OD07,2020-21,5139.679999999999,5139.68,9.094947017729282e-13
Wholesale,Gram,OD07,2021-22,5475.535833333334,5475.54,0.004166666665696539
Wholesale,Gram,OD07,2022-23,5833.337500000001,5833.34,0.0024999999995998223
Wholesale,Gram,OD07,2023-24,6214.520833333333,6214.52,0.000833333332593611
Wholesale,Gram,OD07,2024-25,6620.611666666667,6620.61,0.0016666666670062114
Wholesale,Gram,OD08,2013-14,3650.0008333333335,3650.0,0.0008333333335031057
Wholesale,Gram,OD08,2014-15,4000.0008333333335,4000.0,0.0008333333335031057
Wholesale,Gram,OD08,2015-16,4052.0016666666666,4052.0,0.001666666666551464
Wholesale,Gram,OD08,2016-17,4229.9991666666665,4230.0,0.0008333333335031057
Wholesale,Gram,OD08,2017-18,4696.8741666666665,4696.88,0.005833333333612245
Wholesale,Gram,OD08,2018-19,4971.537499999999,4971.54,0.002500000000509317
Wholesale,Gram,OD08,2019-20,4517.700833333333,4517.7,0.0008333333335031057
Wholesale,Gram,OD08,2020-21,4812.91,4812.91,0.0
Wholesale,Gram,OD08,2021-22,5127.412499999999,5127.41,0.0024999999995998223
Wholesale,Gram,OD08,2022-23,5462.466666666667,5462.47,0.003333333333102928
Wholesale,Gram,OD08,2023-24,5819.4141666666665,5819.41,0.004166666666606034
Wholesale,Gram,OD08,2024-25,6199.686666666667,6199.69,0.0033333333321934333
Wholesale,Gram,OD09,2013-14,3686.0,3686.0,0.0
Wholesale,Gram,OD09,2014-15,4200.0,4200.0,0.0
Wholesale,Gram,OD09,2015-16,4255.0,4255.0,0.0
Wholesale,Gram,OD09,2016-17,4441.0,4441.0,0.0
Wholesale,Gram,OD09,2017-18,4884.212500000001,4884.21,0.002500000000509317
Wholesale,Gram,OD09,2018-19,5169.831666666666,5169.83,0.0016666666660967167
Wholesale,Gram,OD09,2019-20,4697.89,4697.89,0.0
Wholesale,Gram,OD09,2020-21,5004.8758333333335,5004.88,0.004166666666606034
Wholesale,Gram,OD09,2021-22,5331.923333333333,5331.92,0.003333333333102928
Wholesale,Gram,OD09,2022-23,5680.34,5680.34,0.0
Wholesale,Gram,OD09,2023-24,6051.525000000001,6051.52,0.005000000000109139
Wholesale,Gram,OD09,2024-25,6446.965,6446.96,0.005000000000109139
Wholesale,Gram,OD10,2013-14,4277.2625,4277.26,0.0024999999995998223
Wholesale,Gram,OD10,2014-15,4734.565,4734.57,0.005000000000109139
Wholesale,Gram,OD10,2015-16,4796.1033333333335,4796.1,0.003333333333102928
Wholesale,Gram,OD10,2016-17,5006.733333333334,5006.73,0.0033333333340124227
Wholesale,Gram,OD10,2017-18,4950.001666666666,4950.0,0.0016666666660967167
Wholesale,Gram,OD10,2018-19,6499.999166666667,6500.0,0.000833333332593611
Wholesale,Gram,OD10,2019-20,6924.746666666667,6924.75,0.003333333333102928
Wholesale,Gram,OD10,2020-21,7377.2475,7377.25,0.0024999999995998223
Wholesale,Gram,OD10,2021-22,7859.318333333333,7859.32,0.0016666666670062114
Wholesale,Gram,OD10,2022-23,8372.89,8372.89,0.0
Wholesale,Gram,OD10,2023-24,8920.019166666667,8920.02,0.0008333333335031057
Wholesale,Gram,OD10,2024-25,9502.905,9502.9,0.005000000001018634
Wholesale,Gram,OD11,2013-14,3650.0,3650.0,0.0
Wholesale,Gram,OD11,2014-15,4000.0,4000.0,0.0
Wholesale,Gram,OD11,2015-16,4052.0,4052.0,0.0
Wholesale,Gram,OD11,2016-17,4229.999166666667,4230.0,0.000833333332593611
Wholesale,Gram,OD11,2017-18,5033.0,5033.0,0.0
Wholesale,Gram,OD11,2018-19,4820.0,4820.0,0.0
Wholesale,Gram,OD11,2019-20,5134.966666666666,5134.97,0.0033333333340124227
Wholesale,Gram,OD11,2020-21,5470.513333333333,5470.51,0.003333333333102928
Wholesale,Gram,OD11,2021-22,5827.9875,5827.99,0.0024999999995998223
Wholesale,Gram,OD11,2022-23,6208.82,6208.82,0.0
Wholesale,Gram,OD11,2023-24,6614.537499999999,6614.54,0.002500000000509317
Wholesale,Gram,OD11,2024-25,7046.769166666666,7046.77,0.0008333333344126004
Wholesale,Gram,OD12,2013-14,3799.9991666666665,3800.0,0.0008333333335031057
Wholesale,Gram,OD12,2014-15,4300.0008333333335,4300.0,0.0008333333335031057
Wholesale,Gram,OD12,2015-16,4355.9991666666665,4356.0,0.0008333333335031057
Wholesale,Gram,OD12,2016-17,4547.0,4547.0,0.0
Wholesale,Gram,OD12,2017-18,5008.990833333333,5008.99,0.0008333333335031057
Wholesale,Gram,OD12,2018-19,5301.905833333333,5301.91,0.004166666666606034
Wholesale,Gram,OD12,2019-20,4817.9075,4817.91,0.0024999999995998223
Wholesale,Gram,OD12,2020-21,5132.739166666667,5132.74,0.000833333332593611
Wholesale,Gram,OD12,2021-22,5468.137500000001,5468.14,0.0024999999995998223
Wholesale,Gram,OD12,2022-23,5825.456666666666,5825.46,0.0033333333340124227
Wholesale,Gram,OD12,2023-24,6206.123333333333,6206.12,0.003333333333102928
Wholesale,Gram,OD12,2024-25,6611.6675,6611.67,0.002500000000509317
Wholesale,Gram,OD13,2013-14,3799.9983333333334,3800.0,0.001666666666551464
Wholesale,Gram,OD13,2014-15,4300.0008333333335,4300.0,0.0008333333335031057
Wholesale,Gram,OD13,2015-16,4356.0,4356.0,0.0
Wholesale,Gram,OD13,2016-17,4547.0,4547.0,0.0
Wholesale,Gram,OD13,2017-18,4900.001666666666,4900.0,0.0016666666660967167
Wholesale,Gram,OD13,2018-19,5278.8341666666665,5278.83,0.004166666666606034
Wholesale,Gram,OD13,2019-20,5313.083333333333,5313.08,0.003333333333102928
Wholesale,Gram,OD13,2020-21,5660.267500000001,5660.27,0.0024999999995998223
Wholesale,Gram,OD13,2021-22,6030.140833333334,6030.14,0.0008333333335031057
Wholesale,Gram,OD13,2022-23,6424.186666666667,6424.19,0.0033333333321934333
Wholesale,Gram,OD13,2023-24,6843.9766666666665,6843.98,0.003333333333102928
Wholesale,Gram,OD13,2024-25,7291.201666666667,7291.2,0.0016666666670062114
Wholesale,Gram,OD14,2013-14,3619.9991666666665,3620.0,0.0008333333335031057
Wholesale,Gram,OD14,2014-15,4099.998333333334,4100.0,0.0016666666660967167
Wholesale,Gram,OD14,2015-16,4152.9991666666665,4153.0,0.0008333333335031057
Wholesale,Gram,OD14,2016-17,4335.9991666666665,4336.0,0.0008333333335031057
Wholesale,Gram,OD14,2017-18,4774.979166666667,4774.98,0.000833333332593611
Wholesale,Gram,OD14,2018-19,5054.211666666667,5054.21,0.0016666666670062114
Wholesale,Gram,OD14,2019-20,4592.823333333333,4592.82,0.003333333333102928
Wholesale,Gram,OD14,2020-21,4892.944166666667,4892.94,0.004166666667515528
Wholesale,Gram,OD14,2021-22,5212.6775,5212.68,0.002500000000509317
Wholesale,Gram,OD14,2022-23,5553.301666666666,5553.3,0.0016666666660967167
Wholesale,Gram,OD14,2023-24,5916.186666666667,5916.19,0.0033333333321934333
Wholesale,Gram,OD14,2024-25,6302.781666666667,6302.78,0.0016666666670062114
Wholesale,Gram,OD15,2013-14,3580.9991666666665,3581.0,0.0008333333335031057
Wholesale,Gram,OD15,2014-15,3837.9991666666665,3838.0,0.0008333333335031057
Wholesale,Gram,OD15,2015-16,3888.0,3888.0,0.0
Wholesale,Gram,OD15,2016-17,4059.0016666666666,4059.0,0.001666666666551464
Wholesale,Gram,OD15,2017-18,4532.3175,4532.32,0.0024999999995998223
Wholesale,Gram,OD15,2018-19,4797.361666666667,4797.36,0.0016666666670062114
Wholesale,Gram,OD15,2019-20,4359.42,4359.42,0.0
Wholesale,Gram,OD15,2020-21,4644.288333333333,4644.29,0.0016666666670062114
Wholesale,Gram,OD15,2021-22,4947.7733333333335,4947.77,0.003333333333102928
Wholesale,Gram,OD15,2022-23,5271.086666666667,5271.09,0.003333333333102928
Wholesale,Gram,OD15,2023-24,5615.53,5615.53,0.0
Wholesale,Gram,OD15,2024-25,5982.48,5982.48,0.0
Wholesale,Gram,OD16,2013-14,3867.0008333333335,3867.0,0.0008333333335031057
Wholesale,Gram,OD16,2014-15,4200.0008333333335,4200.0,0.0008333333335031057
Wholesale,Gram,OD16,2015-16,4255.0008333333335,4255.0,0.0008333333335031057
Wholesale,Gram,OD16,2016-17,4441.0008333333335,4441.0,0.0008333333335031057
Wholesale,Gram,OD16,2017-18,5100.0,5100.0,0.0
Wholesale,Gram,OD16,2018-19,5100.0,5100.0,0.0
Wholesale,Gram,OD16,2019-20,5433.2625,5433.26,0.0024999999995998223
Wholesale,Gram,OD16,2020-21,5788.301666666666,5788.3,0.0016666666660967167
Wholesale,Gram,OD16,2021-22,6166.5408333333335,6166.54,0.0008333333335031057
Wholesale,Gram,OD16,2022-23,6569.498333333333,6569.5,0.0016666666670062114
Wholesale,Gram,OD16,2023-24,6998.785833333334,6998.79,0.004166666665696539
Wholesale,Gram,OD16,2024-25,7456.124166666667,7456.12,0.004166666667515528
Wholesale,Gram,OD17,2013-14,3833.0008333333335,3833.0,0.0008333333335031057
Wholesale,Gram,OD17,2014-15,4184.9991666666665,4185.0,0.0008333333335031057
Wholesale,Gram,OD17,2015-16,4239.0008333333335,4239.0,0.0008333333335031057
Wholesale,Gram,OD17,2016-17,4426.000833333333,4426.0,0.000833333332593611
Wholesale,Gram,OD17,2017-18,4918.6875,4918.69,0.0024999999995998223
Wholesale,Gram,OD17,2018-19,5206.323333333333,5206.32,0.003333333333102928
Wholesale,Gram,OD17,2019-20,4731.049166666667,4731.05,0.0008333333335031057
Wholesale,Gram,OD17,2020-21,5040.203333333334,5040.2,0.0033333333340124227
Wholesale,Gram,OD17,2021-22,5369.5575,5369.56,0.002500000000509317
Wholesale,Gram,OD17,2022-23,5720.435,5720.43,0.005000000000109139
Wholesale,Gram,OD17,2023-24,6094.240000000001,6094.24,9.094947017729282e-13
Wholesale,Gram,OD17,2024-25,6492.47,6492.47,0.0
Wholesale,Gram,OD18,2013-14,3625.0,3625.0,0.0
Wholesale,Gram,OD18,2014-15,3949.9991666666665,3950.0,0.0008333333335031057
Wholesale,Gram,OD18,2015-16,4001.0008333333335,4001.0,0.0008333333335031057
Wholesale,Gram,OD18,2016-17,4177.0,4177.0,0.0
Wholesale,Gram,OD18,2017-18,5057.0,5057.0,0.0
Wholesale,Gram,OD18,2018-19,5003.606666666667,5003.61,0.003333333333102928
Wholesale,Gram,OD18,2019-20,5036.069166666667,5036.07,0.000833333332593611
Wholesale,Gram,OD18,2020-21,5365.154166666666,5365.16,0.005833333333612245
Wholesale,Gram,OD18,2021-22,5715.743333333333,5715.74,0.003333333333102928
Wholesale,Gram,OD18,2022-23,6089.2425,6089.24,0.002500000000509317
Wholesale,Gram,OD18,2023-24,6487.1483333333335,6487.15,0.0016666666660967167
Wholesale,Gram,OD18,2024-25,6911.053333333333,6911.05,0.003333333333102928
Wholesale,Gram,OD19,2013-14,3700.0,3700.0,0.0
Wholesale,Gram,OD19,2014-15,4282.9991666666665,4283.0,0.0008333333335031057
Wholesale,Gram,OD19,2015-16,4339.0008333333335,4339.0,0.0008333333335031057
Wholesale,Gram,OD19,2016-17,4529.0,4529.0,0.0
Wholesale,Gram,OD19,2017-18,4887.0008333333335,4887.0,0.0008333333335031057
Wholesale,Gram,OD19,2018-19,5236.037499999999,5236.04,0.002500000000509317
Wholesale,Gram,OD19,2019-20,5270.010833333334,5270.01,0.0008333333335031057
Wholesale,Gram,OD19,2020-21,5614.381666666667,5614.38,0.0016666666670062114
Wholesale,Gram,OD19,2021-22,5981.256666666667,5981.26,0.003333333333102928
Wholesale,Gram,OD19,2022-23,6372.105833333334,6372.11,0.004166666665696539
Wholesale,Gram,OD19,2023-24,6788.495,6788.49,0.005000000000109139
Wholesale,Gram,OD19,2024-25,7232.093333333333,7232.09,0.003333333333102928
Wholesale,Gram,OD20,2013-14,3581.9991666666665,3582.0,0.0008333333335031057
Wholesale,Gram,OD20,2014-15,4000.0016666666666,4000.0,0.001666666666551464
Wholesale,Gram,OD20,2015-16,4051.9991666666665,4052.0,0.0008333333335031057
Wholesale,Gram,OD20,2016-17,4230.0,4230.0,0.0
Wholesale,Gram,OD20,2017-18,4674.833333333333,4674.83,0.003333333333102928
Wholesale,Gram,OD20,2018-19,4948.21,4948.21,0.0
Wholesale,Gram,OD20,2019-20,4496.5,4496.5,0.0
Wholesale,Gram,OD20,2020-21,4790.325833333333,4790.33,0.004166666666606034
Wholesale,Gram,OD20,2021-22,5103.3516666666665,5103.35,0.0016666666660967167
Wholesale,Gram,OD20,2022-23,5436.8341666666665,5436.83,0.004166666666606034
Wholesale,Gram,OD20,2023-24,5792.105833333334,5792.11,0.004166666665696539
Wholesale,Gram,OD20,2024-25,6170.593333333333,6170.6,0.006666666667115351
Wholesale,Gram,OD21,2013-14,3566.9983333333334,3567.0,0.001666666666551464
Wholesale,Gram,OD21,2014-15,3999.9991666666665,4000.0,0.0008333333335031057
Wholesale,Gram,OD21,2015-16,4052.0,4052.0,0.0
Wholesale,Gram,OD21,2016-17,4230.0008333333335,4230.0,0.0008333333335031057
Wholesale,Gram,OD21,2017-18,5050.0008333333335,5050.0,0.0008333333335031057
Wholesale,Gram,OD21,2018-19,5099.9991666666665,5100.0,0.0008333333335031057
Wholesale,Gram,OD21,2019-20,5433.260833333333,5433.26,0.000833333332593611
Wholesale,Gram,OD21,2020-21,5788.303333333333,5788.3,0.003333333333102928
Wholesale,Gram,OD21,2021-22,6166.5408333333335,6166.54,0.0008333333335031057
Wholesale,Gram,OD21,2022-23,6569.4975,6569.5,0.0024999999995998223
Wholesale,Gram,OD21,2023-24,6998.785833333332,6998.79,0.004166666667515528
Wholesale,Gram,OD21,2024-25,7456.125,7456.12,0.005000000000109139
Wholesale,Gram,OD22,2013-14,3600.0008333333335,3600.0,0.0008333333335031057
Wholesale,Gram,OD22,2014-15,3875.0008333333335,3875.0,0.0008333333335031057
Wholesale,Gram,OD22,2015-16,3925.0008333333335,3925.0,0.0008333333335031057
Wholesale,Gram,OD22,2016-17,4098.001666666666,4098.0,0.0016666666660967167
Wholesale,Gram,OD22,2017-18,4630.0,4630.0,0.0
Wholesale,Gram,OD22,2018-19,5499.000833333333,5499.0,0.000833333332593611
Wholesale,Gram,OD22,2019-20,5858.3358333333335,5858.34,0.004166666666606034
Wholesale,Gram,OD22,2020-21,6241.151666666668,6241.15,0.001666666667915706
Wholesale,Gram,OD22,2021-22,6648.983333333334,6648.98,0.0033333333340124227
Wholesale,Gram,OD22,2022-23,7083.464166666668,7083.46,0.004166666667515528
Wholesale,Gram,OD22,2023-24,7546.337500000001,7546.34,0.0024999999995998223
Wholesale,Gram,OD22,2024-25,8039.4575,8039.46,0.0024999999995998223
Wholesale,Gram,OD23,2013-14,3526.0,3526.0,0.0
Wholesale,Gram,OD23,2014-15,3949.9991666666665,3950.0,0.0008333333335031057
Wholesale,Gram,OD23,2015-16,4001.0,4001.0,0.0
Wholesale,Gram,OD23,2016-17,4177.0,4177.0,0.0
Wholesale,Gram,OD23,2017-18,4583.001666666667,4583.0,0.0016666666670062114
Wholesale,Gram,OD23,2018-19,5099.9991666666665,5100.0,0.0008333333335031057
Wholesale,Gram,OD23,2019-20,5433.263333333333,5433.26,0.003333333333102928
Wholesale,Gram,OD23,2020-21,5788.300833333334,5788.3,0.0008333333335031057
Wholesale,Gram,OD23,2021-22,6166.5425,6166.54,0.0024999999995998223
Wholesale,Gram,OD23,2022-23,6569.4975,6569.5,0.0024999999995998223
Wholesale,Gram,OD23,2023-24,6998.785,6998.79,0.005000000000109139
Wholesale,Gram,OD23,2024-25,7456.124166666667,7456.12,0.004166666667515528
Wholesale,Gram,OD24,2013-14,3595.0,3595.0,0.0
Wholesale,Gram,OD24,2014-15,4074.9991666666665,4075.0,0.0008333333335031057
Wholesale,Gram,OD24,2015-16,4128.0,4128.0,0.0
Wholesale,Gram,OD24,2016-17,4309.0008333333335,4309.0,0.0008333333335031057
Wholesale,Gram,OD24,2017-18,5012.0,5012.0,0.0
Wholesale,Gram,OD24,2018-19,4780.0,4780.0,0.0
Wholesale,Gram,OD24,2019-20,5092.3525,5092.35,0.0024999999995998223
Wholesale,Gram,OD24,2020-21,5425.114166666666,5425.11,0.004166666666606034
Wholesale,Gram,OD24,2021-22,5779.620833333333,5779.62,0.0008333333335031057
Wholesale,Gram,OD24,2022-23,6157.294166666667,6157.29,0.004166666666606034
Wholesale,Gram,OD24,2023-24,6559.644166666666,6559.65,0.005833333333612245
Wholesale,Gram,OD24,2024-25,6988.2891666666665,6988.29,0.0008333333335031057
Wholesale,Gram,OD25,2013-14,3594.9991666666665,3595.0,0.0008333333335031057
Wholesale,Gram,OD25,2014-15,3849.9991666666665,3850.0,0.0008333333335031057
Wholesale,Gram,OD25,2015-16,3900.0008333333335,3900.0,0.0008333333335031057
Wholesale,Gram,OD25,2016-17,4071.0,4071.0,0.0
Wholesale,Gram,OD25,2017-18,4000.0008333333335,4000.0,0.0008333333335031057
Wholesale,Gram,OD25,2018-19,4697.2375,4697.24,0.0024999999995998223
Wholesale,Gram,OD25,2019-20,4727.715833333334,4727.72,0.004166666666606034
Wholesale,Gram,OD25,2020-21,5036.649166666667,5036.65,0.000833333332593611
Wholesale,Gram,OD25,2021-22,5365.7733333333335,5365.77,0.003333333333102928
Wholesale,Gram,OD25,2022-23,5716.400833333333,5716.4,0.0008333333335031057
Wholesale,Gram,OD25,2023-24,6089.9425,6089.94,0.002500000000509317
Wholesale,Gram,OD25,2024-25,6487.893333333333,6487.89,0.003333333333102928
Wholesale,Gram,OD26,2013-14,3699.9991666666665,3700.0,0.0008333333335031057
Wholesale,Gram,OD26,2014-15,3999.9991666666665,4000.0,0.0008333333335031057
Wholesale,Gram,OD26,2015-16,4052.0,4052.0,0.0
Wholesale,Gram,OD26,2016-17,4229.9991666666665,4230.0,0.0008333333335031057
Wholesale,Gram,OD26,2017-18,4713.080833333333,4713.08,0.0008333333335031057
Wholesale,Gram,OD26,2018-19,4988.694166666667,4988.69,0.004166666667515528
Wholesale,Gram,OD26,2019-20,4533.286666666667,4533.29,0.003333333333102928
Wholesale,Gram,OD26,2020-21,4829.5175,4829.52,0.002500000000509317
Wholesale,Gram,OD26,2021-22,5145.1050000000005,5145.1,0.005000000000109139
Wholesale,Gram,OD26,2022-23,5481.314166666667,5481.31,0.004166666666606034
Wholesale,Gram,OD26,2023-24,5839.495,5839.49,0.005000000000109139
Wholesale,Gram,OD26,2024-25,6221.080833333333,6221.08,0.0008333333335031057
Wholesale,Gram,OD27,2013-14,3599.9991666666665,3600.0,0.0008333333335031057
Wholesale,Gram,OD27,2014-15,4000.0008333333335,4000.0,0.0008333333335031057
Wholesale,Gram,OD27,2015-16,4052.0,4052.0,0.0
Wholesale,Gram,OD27,2016-17,4230.0,4230.0,0.0
Wholesale,Gram,OD27,2017-18,3000.0008333333335,3000.0,0.0008333333335031057
Wholesale,Gram,OD27,2018-19,4598.593333333333,4598.6,0.006666666667115351
Wholesale,Gram,OD27,2019-20,4628.431666666666,4628.43,0.0016666666660967167
Wholesale,Gram,OD27,2020-21,4930.879166666667,4930.88,0.0008333333335031057
Wholesale,Gram,OD27,2021-22,5253.088333333333,5253.09,0.0016666666670062114
Wholesale,Gram,OD27,2022-23,5596.356666666667,5596.36,0.003333333333102928
Wholesale,Gram,OD27,2023-24,5962.051666666666,5962.05,0.0016666666660967167
Wholesale,Gram,OD27,2024-25,6351.6475,6351.65,0.0024999999995998223
Wholesale,Gram,OD28,2013-14,3609.9991666666665,3610.0,0.0008333333335031057
Wholesale,Gram,OD28,2014-15,4000.0008333333335,4000.0,0.0008333333335031057
Wholesale,Gram,OD28,2015-16,4051.9991666666665,4052.0,0.0008333333335031057
Wholesale,Gram,OD28,2016-17,4230.0008333333335,4230.0,0.0008333333335031057
Wholesale,Gram,OD28,2017-18,4683.91,4683.91,0.0
Wholesale,Gram,OD28,2018-19,4957.816666666667,4957.82,0.003333333333102928
Wholesale,Gram,OD28,2019-20,4505.2283333333335,4505.23,0.0016666666660967167
Wholesale,Gram,OD28,2020-21,4799.626666666667,4799.63,0.003333333333102928
Wholesale,Gram,OD28,2021-22,5113.26,5113.26,0.0
Wholesale,Gram,OD28,2022-23,5447.388333333333,5447.39,0.0016666666670062114
Wholesale,Gram,OD28,2023-24,5803.3525,5803.35,0.0024999999995998223
Wholesale,Gram,OD28,2024-25,6182.574166666666,6182.57,0.004166666666606034
Wholesale,Gram,OD29,2013-14,3871.9991666666665,3872.0,0.0008333333335031057
Wholesale,Gram,OD29,2014-15,4150.0,4150.0,0.0
Wholesale,Gram,OD29,2015-16,4203.9975,4204.0,0.0024999999995998223
Wholesale,Gram,OD29,2016-17,4388.999166666667,4389.0,0.000833333332593611
Wholesale,Gram,OD29,2017-18,4800.0008333333335,4800.0,0.0008333333335031057
Wholesale,Gram,OD29,2018-19,4683.0008333333335,4683.0,0.0008333333335031057
Wholesale,Gram,OD29,2019-20,4989.0125,4989.01,0.0024999999995998223
Wholesale,Gram,OD29,2020-21,5315.0225,5315.02,0.0024999999995998223
Wholesale,Gram,OD29,2021-22,5662.3358333333335,5662.34,0.004166666666606034
Wholesale,Gram,OD29,2022-23,6032.344166666667,6032.34,0.004166666666606034
Wholesale,Gram,OD29,2023-24,6426.531666666667,6426.53,0.0016666666670062114
Wholesale,Gram,OD29,2024-25,6846.475833333334,6846.48,0.004166666665696539
Wholesale,Gram,OD30,2013-14,3663.0,3663.0,0.0
Wholesale,Gram,OD30,2014-15,4000.0008333333335,4000.0,0.0008333333335031057
Wholesale,Gram,OD30,2015-16,4052.0,4052.0,0.0
Wholesale,Gram,OD30,2016-17,4230.0,4230.0,0.0
Wholesale,Gram,OD30,2017-18,5000.0,5000.0,0.0
Wholesale,Gram,OD30,2018-19,4500.0008333333335,4500.0,0.0008333333335031057
Wholesale,Gram,OD30,2019-20,4794.054999999999,4794.05,0.004999999999199645
Wholesale,Gram,OD30,2020-21,5107.325,5107.33,0.005000000000109139
Wholesale,Gram,OD30,2021-22,5441.068333333334,5441.07,0.0016666666660967167
Wholesale,Gram,OD30,2022-23,5796.615833333333,5796.62,0.004166666666606034
Wholesale,Gram,OD30,2023-24,6175.3983333333335,6175.4,0.0016666666660967167
Wholesale,Gram,OD30,2024-25,6578.931666666666,6578.93,0.0016666666660967167
Wholesale,Groundnut,OD01,2013-14,3579.0,3579.0,0.0
Wholesale,Groundnut,OD01,2014-15,3799.9983333333334,3800.0,0.001666666666551464
Wholesale,Groundnut,OD01,2015-16,4242.0,4242.0,0.0
Wholesale,Groundnut,OD01,2016-17,4463.0008333333335,4463.0,0.0008333333335031057
Wholesale,Groundnut,OD01,2017-18,4797.0008333333335,4797.0,0.0008333333335031057
Wholesale,Groundnut,OD01,2018-19,4743.999166666667,4744.0,0.000833333332593611
Wholesale,Groundnut,OD01,2019-20,4967.0575,4967.06,0.002500000000509317
Wholesale,Groundnut,OD01,2020-21,5200.6025,5200.6,0.0024999999995998223
Wholesale,Groundnut,OD01,2021-22,5445.13,5445.13,0.0
Wholesale,Groundnut,OD01,2022-23,5701.149166666667,5701.15,0.000833333332593611
Wholesale,Groundnut,OD01,2023-24,5969.212500000001,5969.21,0.002500000000509317
Wholesale,Groundnut,OD01,2024-25,6249.8775,6249.88,0.002500000000509317
Wholesale,Groundnut,OD02,2013-14,2716.0,2716.0,0.0
Wholesale,Groundnut,OD02,2014-15,3200.0008333333335,3200.0,0.0008333333335031057
Wholesale,Groundnut,OD02,2015-16,3370.9991666666665,3371.0,0.0008333333335031057
Wholesale,Groundnut,OD02,2016-17,3350.0,3350.0,0.0
Wholesale,Groundnut,OD02,2017-18,3023.0,3023.0,0.0
Wholesale,Groundnut,OD02,2018-19,4200.0,4200.0,0.0
Wholesale,Groundnut,OD02,2019-20,4397.4783333333335,4397.48,0.0016666666660967167
Wholesale,Groundnut,OD02,2020-21,4604.243333333333,4604.24,0.003333333333102928
Wholesale,Groundnut,OD02,2021-22,4820.7300000000005,4820.73,9.094947017729282e-13
Wholesale,Groundnut,OD02,2022-23,5047.3925,5047.39,0.0024999999995998223
Wholesale,Groundnut,OD02,2023-24,5284.714166666667,5284.72,0.005833333333612245
Wholesale,Groundnut,OD02,2024-25,5533.195,5533.2,0.005000000000109139
Wholesale,Groundnut,OD03,2013-14,3575.0,3575.0,0.0
Wholesale,Groundnut,OD03,2014-15,4086.0008333333335,4086.0,0.0008333333335031057
Wholesale,Groundnut,OD03,2015-16,4278.9991666666665,4279.0,0.0008333333335031057
Wholesale,Groundnut,OD03,2016-17,4499.9991666666665,4500.0,0.0008333333335031057
Wholesale,Groundnut,OD03,2017-18,4270.9991666666665,4271.0,0.0008333333335031057
Wholesale,Groundnut,OD03,2018-19,4500.0,4500.0,0.0
Wholesale,Groundnut,OD03,2019-20,4711.5841666666665,4711.58,0.004166666666606034
Wholesale,Groundnut,OD03,2020-21,4933.118333333333,4933.12,0.0016666666670062114
Wholesale,Groundnut,OD03,2021-22,5165.066666666667,5165.07,0.003333333333102928
Wholesale,Groundnut,OD03,2022-23,5407.921666666666,5407.92,0.0016666666660967167
Wholesale,Groundnut,OD03,2023-24,5662.195,5662.19,0.005000000000109139
Wholesale,Groundnut,OD03,2024-25,5928.424166666667,5928.42,0.004166666666606034
Wholesale,Groundnut,OD04,2013-14,2845.0,2845.0,0.0
Wholesale,Groundnut,OD04,2014-15,3362.9991666666665,3363.0,0.0008333333335031057
Wholesale,Groundnut,OD04,2015-16,3503.0,3503.0,0.0
Wholesale,Groundnut,OD04,2016-17,3874.9991666666665,3875.0,0.0008333333335031057
Wholesale,Groundnut,OD04,2017-18,4113.0,4113.0,0.0
Wholesale,Groundnut,OD04,2018-19,4498.0,4498.0,0.0
Wholesale,Groundnut,OD04,2019-20,4709.49,4709.49,0.0
Wholesale,Groundnut,OD04,2020-21,4930.924166666667,4930.92,0.004166666666606034
Wholesale,Groundnut,OD04,2021-22,5162.7699999999995,5162.77,9.094947017729282e-13
Wholesale,Groundnut,OD04,2022-23,5405.5175,5405.52,0.002500000000509317
Wholesale,Groundnut,OD04,2023-24,5659.677500000001,5659.68,0.0024999999995998223
Wholesale,Groundnut,OD04,2024-25,5925.79,5925.79,0.0
Wholesale,Groundnut,OD05,2013-14,3567.0008333333335,3567.0,0.0008333333335031057
Wholesale,Groundnut,OD05,2014-15,4100.0,4100.0,0.0
Wholesale,Groundnut,OD05,2015-16,4319.0,4319.0,0.0
Wholesale,Groundnut,OD05,2016-17,4500.0,4500.0,0.0
Wholesale,Groundnut,OD05,2017-18,4650.0,4650.0,0.0
Wholesale,Groundnut,OD05,2018-19,4499.998333333334,4500.0,0.0016666666660967167
Wholesale,Groundnut,OD05,2019-20,4711.585,4711.58,0.005000000000109139
Wholesale,Groundnut,OD05,2020-21,4933.116666666667,4933.12,0.003333333333102928
Wholesale,Groundnut,OD05,2021-22,5165.065833333333,5165.07,0.004166666666606034
Wholesale,Groundnut,OD05,2022-23,5407.920833333334,5407.92,0.0008333333335031057
Wholesale,Groundnut,OD05,2023-24,5662.1925,5662.19,0.002500000000509317
Wholesale,Groundnut,OD05,2024-25,5928.424166666667,5928.42,0.004166666666606034
Wholesale,Groundnut,OD06,2013-14,3939.9991666666665,3940.0,0.0008333333335031057
Wholesale,Groundnut,OD06,2014-15,3999.998333333333,4000.0,0.0016666666670062114
Wholesale,Groundnut,OD06,2015-16,4213.9991666666665,4214.0,0.0008333333335031057
Wholesale,Groundnut,OD06,2016-17,4279.999166666667,4280.0,0.000833333332593611
Wholesale,Groundnut,OD06,2017-18,4375.0,4375.0,0.0
Wholesale,Groundnut,OD06,2018-19,4306.0,4306.0,0.0
Wholesale,Groundnut,OD06,2019-20,4508.463333333333,4508.46,0.003333333333102928
Wholesale,Groundnut,OD06,2020-21,4720.445000000001,4720.44,0.005000000001018634
Wholesale,Groundnut,OD06,2021-22,4942.394166666666,4942.39,0.004166666665696539
Wholesale,Groundnut,OD06,2022-23,5174.779166666666,5174.78,0.0008333333335031057
Wholesale,Groundnut,OD06,2023-24,5418.09,5418.09,0.0
Wholesale,Groundnut,OD06,2024-25,5672.8425,5672.84,0.0024999999995998223
Wholesale,Groundnut,OD07,2013-14,3955.9983333333334,3956.0,0.001666666666551464
Wholesale,Groundnut,OD07,2014-15,4074.9991666666665,4075.0,0.0008333333335031057
Wholesale,Groundnut,OD07,2015-16,4108.0008333333335,4108.0,0.0008333333335031057
Wholesale,Groundnut,OD07,2016-17,4250.0008333333335,4250.0,0.0008333333335031057
Wholesale,Groundnut,OD07,2017-18,4550.001666666667,4550.0,0.0016666666670062114
Wholesale,Groundnut,OD07,2018-19,4456.0,4456.0,0.0
Wholesale,Groundnut,OD07,2019-20,4665.514166666667,4665.52,0.005833333333612245
Wholesale,Groundnut,OD07,2020-21,4884.881666666667,4884.88,0.0016666666670062114
Wholesale,Groundnut,OD07,2021-22,5114.5633333333335,5114.56,0.003333333333102928
Wholesale,Groundnut,OD07,2022-23,5355.044166666667,5355.04,0.004166666666606034
Wholesale,Groundnut,OD07,2023-24,5606.829999999999,5606.83,9.094947017729282e-13
Wholesale,Groundnut,OD07,2024-25,5870.4575,5870.46,0.0024999999995998223
Wholesale,Groundnut,OD09,2013-14,3799.0,3799.0,0.0
Wholesale,Groundnut,OD09,2014-15,3999.9983333333334,4000.0,0.001666666666551464
Wholesale,Groundnut,OD09,2015-16,4233.0008333333335,4233.0,0.0008333333335031057
Wholesale,Groundnut,OD09,2016-17,4100.001666666667,4100.0,0.0016666666670062114
Wholesale,Groundnut,OD09,2017-18,3712.0008333333335,3712.0,0.0008333333335031057
Wholesale,Groundnut,OD09,2018-19,3843.9991666666665,3844.0,0.0008333333335031057
Wholesale,Groundnut,OD09,2019-20,4024.741666666667,4024.74,0.0016666666670062114
Wholesale,Groundnut,OD09,2020-21,4213.979166666667,4213.98,0.000833333332593611
Wholesale,Groundnut,OD09,2021-22,4412.113333333334,4412.11,0.0033333333340124227
Wholesale,Groundnut,OD09,2022-23,4619.566666666667,4619.57,0.003333333333102928
Wholesale,Groundnut,OD09,2023-24,4836.770833333333,4836.77,0.000833333332593611
Wholesale,Groundnut,OD09,2024-25,5064.191666666667,5064.19,0.0016666666670062114
Wholesale,Groundnut,OD10,2013-14,3000.0008333333335,3000.0,0.0008333333335031057
Wholesale,Groundnut,OD10,2014-15,3700.0,3700.0,0.0
Wholesale,Groundnut,OD10,2015-16,3582.0,3582.0,0.0
Wholesale,Groundnut,OD10,2016-17,3800.0016666666666,3800.0,0.001666666666551464
Wholesale,Groundnut,OD10,2017-18,4025.0,4025.0,0.0
Wholesale,Groundnut,OD10,2018-19,4133.0,4133.0,0.0
Wholesale,Groundnut,OD10,2019-20,4327.328333333334,4327.33,0.0016666666660967167
Wholesale,Groundnut,OD10,2020-21,4530.793333333333,4530.79,0.003333333333102928
Wholesale,Groundnut,OD10,2021-22,4743.825,4743.83,0.005000000000109139
Wholesale,Groundnut,OD10,2022-23,4966.8741666666665,4966.88,0.005833333333612245
Wholesale,Groundnut,OD10,2023-24,5200.411666666667,5200.41,0.0016666666670062114
Wholesale,Groundnut,OD10,2024-25,5444.926666666667,5444.93,0.003333333333102928
Wholesale,Groundnut,OD11,2013-14,3062.0008333333335,3062.0,0.0008333333335031057
Wholesale,Groundnut,OD11,2014-15,3649.9991666666665,3650.0,0.0008333333335031057
Wholesale,Groundnut,OD11,2015-16,3476.0008333333335,3476.0,0.0008333333335031057
Wholesale,Groundnut,OD11,2016-17,3700.0008333333335,3700.0,0.0008333333335031057
Wholesale,Groundnut,OD11,2017-18,3818.0008333333335,3818.0,0.0008333333335031057
Wholesale,Groundnut,OD11,2018-19,4092.0,4092.0,0.0
Wholesale,Groundnut,OD11,2019-20,4284.400000000001,4284.4,9.094947017729282e-13
Wholesale,Groundnut,OD11,2020-21,4485.8475,4485.85,0.002500000000509317
Wholesale,Groundnut,OD11,2021-22,4696.7675,4696.77,0.002500000000509317
Wholesale,Groundnut,OD11,2022-23,4917.6025,4917.6,0.0024999999995998223
Wholesale,Groundnut,OD11,2023-24,5148.8225,5148.82,0.002500000000509317
Wholesale,Groundnut,OD11,2024-25,5390.915,5390.91,0.005000000000109139
Wholesale,Groundnut,OD12,2013-14,3799.9991666666665,3800.0,0.0008333333335031057
Wholesale,Groundnut,OD12,2014-15,4000.0,4000.0,0.0
Wholesale,Groundnut,OD12,2015-16,3898.0008333333335,3898.0,0.0008333333335031057
Wholesale,Groundnut,OD12,2016-17,4300.0008333333335,4300.0,0.0008333333335031057
Wholesale,Groundnut,OD12,2017-18,4462.0,4462.0,0.0
Wholesale,Groundnut,OD12,2018-19,5529.0,5529.0,0.0
Wholesale,Groundnut,OD12,2019-20,5788.966666666667,5788.97,0.003333333333102928
Wholesale,Groundnut,OD12,2020-21,6061.156666666667,6061.16,0.003333333333102928
Wholesale,Groundnut,OD12,2021-22,6346.144166666666,6346.14,0.004166666665696539
Wholesale,Groundnut,OD12,2022-23,6644.5325,6644.53,0.002500000000509317
Wholesale,Groundnut,OD12,2023-24,6956.948333333334,6956.95,0.0016666666660967167
Wholesale,Groundnut,OD12,2024-25,7284.0575,7284.06,0.002500000000509317
Wholesale,Groundnut,OD13,2013-14,3700.0008333333335,3700.0,0.0008333333335031057
Wholesale,Groundnut,OD13,2014-15,4075.0008333333335,4075.0,0.0008333333335031057
Wholesale,Groundnut,OD13,2015-16,3791.9991666666665,3792.0,0.0008333333335031057
Wholesale,Groundnut,OD13,2016-17,4083.0,4083.0,0.0
Wholesale,Groundnut,OD13,2017-18,3739.0,3739.0,0.0
Wholesale,Groundnut,OD13,2018-19,3925.0,3925.0,0.0
Wholesale,Groundnut,OD13,2019-20,4109.5475,4109.55,0.002500000000509317
Wholesale,Groundnut,OD13,2020-21,4302.775833333333,4302.77,0.00583333333270275
Wholesale,Groundnut,OD13,2021-22,4505.085,4505.09,0.005000000000109139
Wholesale,Groundnut,OD13,2022-23,4716.909166666667,4716.91,0.000833333332593611
Wholesale,Groundnut,OD13,2023-24,4938.6925,4938.69,0.002500000000509317
Wholesale,Groundnut,OD13,2024-25,5170.903333333333,5170.9,0.003333333333102928
Wholesale,Groundnut,OD14,2013-14,3500.0008333333335,3500.0,0.0008333333335031057
Wholesale,Groundnut,OD14,2014-15,3949.9991666666665,3950.0,0.0008333333335031057
Wholesale,Groundnut,OD14,2015-16,3687.0,3687.0,0.0
Wholesale,Groundnut,OD14,2016-17,4000.0,4000.0,0.0
Wholesale,Groundnut,OD14,2017-18,4149.9991666666665,4150.0,0.0008333333335031057
Wholesale,Groundnut,OD14,2018-19,4350.0,4350.0,0.0
Wholesale,Groundnut,OD14,2019-20,4554.531666666667,4554.53,0.0016666666670062114
Wholesale,Groundnut,OD14,2020-21,4768.680833333333,4768.68,0.000833333332593611
Wholesale,Groundnut,OD14,2021-22,4992.8983333333335,4992.9,0.0016666666660967167
Wholesale,Groundnut,OD14,2022-23,5227.656666666667,5227.66,0.003333333333102928
Wholesale,Groundnut,OD14,2023-24,5473.454999999999,5473.45,0.004999999999199645
Wholesale,Groundnut,OD14,2024-25,5730.81,5730.81,0.0
Wholesale,Groundnut,OD15,2013-14,3311.0,3311.0,0.0
Wholesale,Groundnut,OD15,2014-15,3753.9991666666665,3754.0,0.0008333333335031057
Wholesale,Groundnut,OD15,2015-16,3791.9991666666665,3792.0,0.0008333333335031057
Wholesale,Groundnut,OD15,2016-17,4300.0,4300.0,0.0
Wholesale,Groundnut,OD15,2017-18,4662.0,4662.0,0.0
Wholesale,Groundnut,OD15,2018-19,3982.0,3982.0,0.0
Wholesale,Groundnut,OD15,2019-20,4169.2275,4169.23,0.0024999999995998223
Wholesale,Groundnut,OD15,2020-21,4365.2625,4365.26,0.0024999999995998223
Wholesale,Groundnut,OD15,2021-22,4570.509999999999,4570.51,9.094947017729282e-13
Wholesale,Groundnut,OD15,2022-23,4785.408333333334,4785.41,0.0016666666660967167
Wholesale,Groundnut,OD15,2023-24,5010.412499999999,5010.41,0.0024999999995998223
Wholesale,Groundnut,OD15,2024-25,5245.9975,5246.0,0.0024999999995998223
Wholesale,Groundnut,OD16,2013-14,3830.0,3830.0,0.0
Wholesale,Groundnut,OD16,2014-15,4000.0,4000.0,0.0
Wholesale,Groundnut,OD16,2015-16,4214.0,4214.0,0.0
Wholesale,Groundnut,OD16,2016-17,4500.0,4500.0,0.0
Wholesale,Groundnut,OD16,2017-18,4724.0008333333335,4724.0,0.0008333333335031057
Wholesale,Groundnut,OD16,2018-19,4724.0,4724.0,0.0
Wholesale,Groundnut,OD16,2019-20,4946.1175,4946.12,0.0024999999995998223
Wholesale,Groundnut,OD16,2020-21,5178.675833333334,5178.68,0.004166666666606034
Wholesale,Groundnut,OD16,2021-22,5422.17,5422.17,0.0
Wholesale,Groundnut,OD16,2022-23,5677.115833333333,5677.12,0.004166666666606034
Wholesale,Groundnut,OD16,2023-24,5944.045833333334,5944.05,0.004166666666606034
Wholesale,Groundnut,OD16,2024-25,6223.529166666667,6223.53,0.000833333332593611
Wholesale,Groundnut,OD17,2013-14,3622.0008333333335,3622.0,0.0008333333335031057
Wholesale,Groundnut,OD17,2014-15,4049.999166666667,4050.0,0.0008333333330483583
Wholesale,Groundnut,OD17,2015-16,4055.9991666666665,4056.0,0.0008333333335031057
Wholesale,Groundnut,OD17,2016-17,4132.9991666666665,4133.0,0.0008333333335031057
Wholesale,Groundnut,OD17,2017-18,3999.9991666666665,4000.0,0.0008333333335031057
Wholesale,Groundnut,OD17,2018-19,4587.0008333333335,4587.0,0.0008333333335031057
Wholesale,Groundnut,OD17,2019-20,4802.675,4802.67,0.005000000000109139
Wholesale,Groundnut,OD17,2020-21,5028.490833333333,5028.49,0.0008333333335031057
Wholesale,Groundnut,OD17,2021-22,5264.924166666667,5264.92,0.004166666666606034
Wholesale,Groundnut,OD17,2022-23,5512.474166666667,5512.47,0.004166666666606034
Wholesale,Groundnut,OD17,2023-24,5771.6641666666665,5771.66,0.004166666666606034
Wholesale,Groundnut,OD17,2024-25,6043.0408333333335,6043.04,0.0008333333335031057
Wholesale,Groundnut,OD19,2013-14,3800.0,3800.0,0.0
Wholesale,Groundnut,OD19,2014-15,4249.9991666666665,4250.0,0.0008333333335031057
Wholesale,Groundnut,OD19,2015-16,3976.9991666666665,3977.0,0.0008333333335031057
Wholesale,Groundnut,OD19,2016-17,4299.9991666666665,4300.0,0.0008333333335031057
Wholesale,Groundnut,OD19,2017-18,4701.999166666667,4702.0,0.000833333332593611
Wholesale,Groundnut,OD19,2018-19,4800.0,4800.0,0.0
Wholesale,Groundnut,OD19,2019-20,5025.69,5025.69,0.0
Wholesale,Groundnut,OD19,2020-21,5261.991666666667,5261.99,0.0016666666670062114
Wholesale,Groundnut,OD19,2021-22,5509.405,5509.4,0.005000000000109139
Wholesale,Groundnut,OD19,2022-23,5768.449166666666,5768.45,0.0008333333335031057
Wholesale,Groundnut,OD19,2023-24,6039.675,6039.67,0.005000000000109139
Wholesale,Groundnut,OD19,2024-25,6323.651666666666,6323.65,0.0016666666660967167
Wholesale,Groundnut,OD20,2013-14,3474.9983333333334,3475.0,0.001666666666551464
Wholesale,Groundnut,OD20,2014-15,4015.0,4015.0,0.0
Wholesale,Groundnut,OD20,2015-16,3791.9991666666665,3792.0,0.0008333333335031057
Wholesale,Groundnut,OD20,2016-17,3867.0,3867.0,0.0
Wholesale,Groundnut,OD20,2017-18,3839.0,3839.0,0.0
Wholesale,Groundnut,OD20,2018-19,4399.998333333333,4400.0,0.0016666666670062114
Wholesale,Groundnut,OD20,2019-20,4606.8825,4606.88,0.0024999999995998223
Wholesale,Groundnut,OD20,2020-21,4823.491666666667,4823.49,0.0016666666670062114
Wholesale,Groundnut,OD20,2021-22,5050.286666666667,5050.29,0.003333333333102928
Wholesale,Groundnut,OD20,2022-23,5287.745833333333,5287.75,0.004166666666606034
Wholesale,Groundnut,OD20,2023-24,5536.368333333333,5536.37,0.0016666666670062114
Wholesale,Groundnut,OD20,2024-25,5796.68,5796.68,0.0
Wholesale,Groundnut,OD21,2013-14,3500.0008333333335,3500.0,0.0008333333335031057
Wholesale,Groundnut,OD21,2014-15,4054.9991666666665,4055.0,0.0008333333335031057
Wholesale,Groundnut,OD21,2015-16,4213.998333333334,4214.0,0.0016666666660967167
Wholesale,Groundnut,OD21,2016-17,4216.9991666666665,4217.0,0.0008333333335031057
Wholesale,Groundnut,OD21,2017-18,4432.999166666667,4433.0,0.000833333332593611
Wholesale,Groundnut,OD21,2018-19,4299.9991666666665,4300.0,0.0008333333335031057
Wholesale,Groundnut,OD21,2019-20,4502.179166666667,4502.18,0.0008333333335031057
Wholesale,Groundnut,OD21,2020-21,4713.8675,4713.87,0.0024999999995998223
Wholesale,Groundnut,OD21,2021-22,4935.508333333333,4935.51,0.0016666666670062114
Wholesale,Groundnut,OD21,2022-23,5167.57,5167.57,0.0
Wholesale,Groundnut,OD21,2023-24,5410.541666666667,5410.54,0.0016666666670062114
Wholesale,Groundnut,OD21,2024-25,5664.938333333333,5664.94,0.0016666666670062114
Wholesale,Groundnut,OD22,2013-14,3789.0,3789.0,0.0
Wholesale,Groundnut,OD22,2014-15,4238.0,4238.0,0.0
Wholesale,Groundnut,OD22,2015-16,3927.9991666666665,3928.0,0.0008333333335031057
Wholesale,Groundnut,OD22,2016-17,4283.0008333333335,4283.0,0.0008333333335031057
Wholesale,Groundnut,OD22,2017-18,4654.0,4654.0,0.0
Wholesale,Groundnut,OD22,2018-19,4482.0008333333335,4482.0,0.0008333333335031057
Wholesale,Groundnut,OD22,2019-20,4692.738333333334,4692.74,0.0016666666660967167
Wholesale,Groundnut,OD22,2020-21,4913.383333333333,4913.38,0.003333333333102928
Wholesale,Groundnut,OD22,2021-22,5144.405833333333,5144.41,0.004166666666606034
Wholesale,Groundnut,OD22,2022-23,5386.2891666666665,5386.29,0.0008333333335031057
Wholesale,Groundnut,OD22,2023-24,5639.545000000001,5639.55,0.004999999999199645
Wholesale,Groundnut,OD22,2024-25,5904.7108333333335,5904.71,0.0008333333335031057
Wholesale,Groundnut,OD23,2013-14,3800.0016666666666,3800.0,0.001666666666551464
Wholesale,Groundnut,OD23,2014-15,4000.0,4000.0,0.0
Wholesale,Groundnut,OD23,2015-16,4213.9991666666665,4214.0,0.0008333333335031057
Wholesale,Groundnut,OD23,2016-17,4200.0,4200.0,0.0
Wholesale,Groundnut,OD23,2017-18,4111.0008333333335,4111.0,0.0008333333335031057
Wholesale,Groundnut,OD23,2018-19,4421.9991666666665,4422.0,0.0008333333335031057
Wholesale,Groundnut,OD23,2019-20,4629.9158333333335,4629.92,0.004166666666606034
Wholesale,Groundnut,OD23,2020-21,4847.610833333333,4847.61,0.0008333333335031057
Wholesale,Groundnut,OD23,2021-22,5075.538333333333,5075.54,0.0016666666670062114
Wholesale,Groundnut,OD23,2022-23,5314.183333333333,5314.18,0.003333333333102928
Wholesale,Groundnut,OD23,2023-24,5564.049166666667,5564.05,0.0008333333335031057
Wholesale,Groundnut,OD23,2024-25,5825.6641666666665,5825.66,0.004166666666606034
Wholesale,Groundnut,OD24,2013-14,3739.0,3739.0,0.0
Wholesale,Groundnut,OD24,2014-15,4238.9991666666665,4239.0,0.0008333333335031057
Wholesale,Groundnut,OD24,2015-16,4068.9991666666665,4069.0,0.0008333333335031057
Wholesale,Groundnut,OD24,2016-17,4333.0008333333335,4333.0,0.0008333333335031057
Wholesale,Groundnut,OD24,2017-18,4589.0008333333335,4589.0,0.0008333333335031057
Wholesale,Groundnut,OD24,2018-19,4900.0008333333335,4900.0,0.0008333333335031057
Wholesale,Groundnut,OD24,2019-20,5130.391666666666,5130.39,0.0016666666660967167
Wholesale,Groundnut,OD24,2020-21,5371.616666666667,5371.62,0.003333333333102928
Wholesale,Groundnut,OD24,2021-22,5624.181666666666,5624.18,0.0016666666660967167
Wholesale,Groundnut,OD24,2022-23,5888.624166666667,5888.63,0.00583333333270275
Wholesale,Groundnut,OD24,2023-24,6165.500833333333,6165.5,0.000833333332593611
Wholesale,Groundnut,OD24,2024-25,6455.393333333333,6455.4,0.006666666666205856
Wholesale,Groundnut,OD25,2013-14,3818.9983333333334,3819.0,0.001666666666551464
Wholesale,Groundnut,OD25,2014-15,3999.9991666666665,4000.0,0.0008333333335031057
Wholesale,Groundnut,OD25,2015-16,4266.0,4266.0,0.0
Wholesale,Groundnut,OD25,2016-17,4350.0,4350.0,0.0
Wholesale,Groundnut,OD25,2017-18,4467.0,4467.0,0.0
Wholesale,Groundnut,OD25,2018-19,5267.0008333333335,5267.0,0.0008333333335031057
Wholesale,Groundnut,OD25,2019-20,5514.6483333333335,5514.65,0.0016666666660967167
Wholesale,Groundnut,OD25,2020-21,5773.940833333333,5773.94,0.0008333333335031057
Wholesale,Groundnut,OD25,2021-22,6045.423333333333,6045.42,0.003333333333102928
Wholesale,Groundnut,OD25,2022-23,6329.670833333334,6329.67,0.0008333333335031057
Wholesale,Groundnut,OD25,2023-24,6627.283333333333,6627.28,0.003333333333102928
Wholesale,Groundnut,OD25,2024-25,6938.891666666666,6938.89,0.0016666666660967167
Wholesale,Groundnut,OD26,2013-14,3850.0,3850.0,0.0
Wholesale,Groundnut,OD26,2014-15,4000.0008333333335,4000.0,0.0008333333335031057
Wholesale,Groundnut,OD26,2015-16,4003.0008333333335,4003.0,0.0008333333335031057
Wholesale,Groundnut,OD26,2016-17,4200.0,4200.0,0.0
Wholesale,Groundnut,OD26,2017-18,4349.9991666666665,4350.0,0.0008333333335031057
Wholesale,Groundnut,OD26,2018-19,4400.000833333333,4400.0,0.000833333332593611
Wholesale,Groundnut,OD26,2019-20,4606.8825,4606.88,0.0024999999995998223
Wholesale,Groundnut,OD26,2020-21,4823.4925,4823.49,0.002500000000509317
Wholesale,Groundnut,OD26,2021-22,5050.285833333333,5050.29,0.004166666666606034
Wholesale,Groundnut,OD26,2022-23,5287.745,5287.75,0.005000000000109139
Wholesale,Groundnut,OD26,2023-24,5536.3675,5536.37,0.0024999999995998223
Wholesale,Groundnut,OD26,2024-25,5796.680833333333,5796.68,0.000833333332593611
Wholesale,Groundnut,OD27,2013-14,3712.0,3712.0,0.0
Wholesale,Groundnut,OD27,2014-15,4000.0,4000.0,0.0
Wholesale,Groundnut,OD27,2015-16,4448.0,4448.0,0.0
Wholesale,Groundnut,OD27,2016-17,4471.0008333333335,4471.0,0.0008333333335031057
Wholesale,Groundnut,OD27,2017-18,4876.0008333333335,4876.0,0.0008333333335031057
Wholesale,Groundnut,OD27,2018-19,5060.9991666666665,5061.0,0.0008333333335031057
Wholesale,Groundnut,OD27,2019-20,5298.962500000001,5298.96,0.002500000000509317
Wholesale,Groundnut,OD27,2020-21,5548.113333333334,5548.11,0.0033333333340124227
Wholesale,Groundnut,OD27,2021-22,5808.9766666666665,5808.98,0.003333333333102928
Wholesale,Groundnut,OD27,2022-23,6082.108333333334,6082.11,0.0016666666660967167
Wholesale,Groundnut,OD27,2023-24,6368.080833333333,6368.08,0.0008333333335031057
Wholesale,Groundnut,OD27,2024-25,6667.500833333333,6667.5,0.000833333332593611
Wholesale,Groundnut,OD28,2013-14,3400.0,3400.0,0.0
Wholesale,Groundnut,OD28,2014-15,4000.0,4000.0,0.0
Wholesale,Groundnut,OD28,2015-16,4424.0,4424.0,0.0
Wholesale,Groundnut,OD28,2016-17,4383.0,4383.0,0.0
Wholesale,Groundnut,OD28,2017-18,3930.9983333333334,3931.0,0.001666666666551464
Wholesale,Groundnut,OD28,2018-19,4034.0008333333335,4034.0,0.0008333333335031057
Wholesale,Groundnut,OD28,2019-20,4223.671666666666,4223.67,0.0016666666660967167
Wholesale,Groundnut,OD28,2020-21,4422.265,4422.27,0.005000000000109139
Wholesale,Groundnut,OD28,2021-22,4630.195,4630.19,0.005000000000109139
Wholesale,Groundnut,OD28,2022-23,4847.900833333333,4847.9,0.0008333333335031057
Wholesale,Groundnut,OD28,2023-24,5075.8425,5075.84,0.0024999999995998223
Wholesale,Groundnut,OD28,2024-25,5314.501666666667,5314.5,0.0016666666670062114
Wholesale,Groundnut,OD29,2013-14,3632.9991666666665,3633.0,0.0008333333335031057
Wholesale,Groundnut,OD29,2014-15,4206.0,4206.0,0.0
Wholesale,Groundnut,OD29,2015-16,4398.0,4398.0,0.0
Wholesale,Groundnut,OD29,2016-17,4499.9991666666665,4500.0,0.0008333333335031057
Wholesale,Groundnut,OD29,2017-18,4773.0008333333335,4773.0,0.0008333333335031057
Wholesale,Groundnut,OD29,2018-19,4383.0008333333335,4383.0,0.0008333333335031057
Wholesale,Groundnut,OD29,2019-20,4589.0824999999995,4589.08,0.0024999999995998223
Wholesale,Groundnut,OD29,2020-21,4804.855833333333,4804.86,0.004166666666606034
Wholesale,Groundnut,OD29,2021-22,5030.774166666667,5030.77,0.004166666666606034
Wholesale,Groundnut,OD29,2022-23,5267.316666666667,5267.32,0.003333333333102928
Wholesale,Groundnut,OD29,2023-24,5514.9783333333335,5514.98,0.0016666666660967167
Wholesale,Groundnut,OD29,2024-25,5774.285,5774.29,0.005000000000109139
Wholesale,Groundnut,OD30,2013-14,3675.0,3675.0,0.0
Wholesale,Groundnut,OD30,2014-15,4067.0008333333335,4067.0,0.0008333333335031057
Wholesale,Groundnut,OD30,2015-16,4424.0,4424.0,0.0
Wholesale,Groundnut,OD30,2016-17,4500.0,4500.0,0.0
Wholesale,Groundnut,OD30,2017-18,4588.0,4588.0,0.0
Wholesale,Groundnut,OD30,2018-19,5000.0008333333335,5000.0,0.0008333333335031057
Wholesale,Groundnut,OD30,2019-20,5235.094166666667,5235.09,0.004166666666606034
Wholesale,Groundnut,OD30,2020-21,5481.240833333333,5481.24,0.0008333333335031057
Wholesale,Groundnut,OD30,2021-22,5738.961666666667,5738.96,0.0016666666670062114
Wholesale,Groundnut,OD30,2022-23,6008.800833333334,6008.8,0.0008333333335031057
Wholesale,Groundnut,OD30,2023-24,6291.327499999999,6291.33,0.002500000000509317
Wholesale,Groundnut,OD30,2024-25,6587.136666666666,6587.14,0.0033333333340124227
Wholesale,Jowar,OD02,2013-14,1250.0,1250.0,0.0
Wholesale,Jowar,OD02,2014-15,1424.0,1424.0,0.0
Wholesale,Jowar,OD02,2015-16,1546.0,1546.0,0.0
Wholesale,Jowar,OD02,2019-20,1700.8275,1700.83,0.002499999999827196
Wholesale,Jowar,OD02,2020-21,1870.9099999999999,1870.91,2.2737367544323206e-13
Wholesale,Jowar,OD02,2021-22,2058.0025,2058.0,0.0025000000000545697
Wholesale,Jowar,OD02,2022-23,2263.8016666666667,2263.8,0.001666666666551464
Wholesale,Jowar,OD02,2023-24,2490.181666666667,2490.18,0.0016666666670062114
Wholesale,Jowar,OD02,2024-25,2739.2000000000003,2739.2,4.547473508864641e-13
Wholesale,Jowar,OD03,2013-14,1419.9991666666667,1420.0,0.000833333333275732
Wholesale,Jowar,OD03,2014-15,1617.0,1617.0,0.0
Wholesale,Jowar,OD03,2015-16,1755.9983333333332,1756.0,0.0016666666667788377
Wholesale,Jowar,OD03,2019-20,1931.7816666666668,1931.78,0.0016666666667788377
Wholesale,Jowar,OD03,2020-21,2124.96,2124.96,0.0
Wholesale,Jowar,OD03,2021-22,2337.4566666666665,2337.46,0.0033333333335576754
Wholesale,Jowar,OD03,2022-23,2571.2016666666664,2571.2,0.001666666666551464
Wholesale,Jowar,OD03,2023-24,2828.3225,2828.32,0.0025000000000545697
Wholesale,Jowar,OD03,2024-25,3111.1558333333337,3111.15,0.005833333333612245
Wholesale,Jowar,OD07,2013-14,1266.9991666666667,1267.0,0.000833333333275732
Wholesale,Jowar,OD07,2014-15,1442.9991666666667,1443.0,0.000833333333275732
Wholesale,Jowar,OD07,2015-16,1567.0016666666668,1567.0,0.0016666666667788377
Wholesale,Jowar,OD07,2019-20,1723.8033333333333,1723.8,0.0033333333333303017
Wholesale,Jowar,OD07,2020-21,1896.1833333333334,1896.18,0.0033333333333303017
Wholesale,Jowar,OD07,2021-22,2085.8025000000002,2085.8,0.0025000000000545697
Wholesale,Jowar,OD07,2022-23,2294.3825,2294.38,0.0025000000000545697
Wholesale,Jowar,OD07,2023-24,2523.82,2523.82,0.0
Wholesale,Jowar,OD07,2024-25,2776.205,2776.2,0.005000000000109139
Wholesale,Jowar,OD08,2013-14,1289.9991666666667,1290.0,0.000833333333275732
Wholesale,Jowar,OD08,2014-15,1468.9991666666665,1469.0,0.0008333333335031057
Wholesale,Jowar,OD08,2015-16,1596.0,1596.0,0.0
Wholesale,Jowar,OD08,2019-20,1755.2208333333335,1755.22,0.0008333333335031057
Wholesale,Jowar,OD08,2020-21,1930.7425,1930.74,0.0025000000000545697
Wholesale,Jowar,OD08,2021-22,2123.8166666666666,2123.82,0.0033333333335576754
Wholesale,Jowar,OD08,2022-23,2336.2000000000003,2336.2,4.547473508864641e-13
Wholesale,Jowar,OD08,2023-24,2569.820833333333,2569.82,0.0008333333330483583
Wholesale,Jowar,OD08,2024-25,2826.8025,2826.8,0.0024999999995998223
Wholesale,Jowar,OD10,2013-14,1245.0,1245.0,0.0
Wholesale,Jowar,OD10,2014-15,1418.0008333333333,1418.0,0.000833333333275732
Wholesale,Jowar,OD10,2015-16,1539.9991666666667,1540.0,0.000833333333275732
Wholesale,Jowar,OD10,2019-20,1693.9708333333335,1693.97,0.0008333333335031057
Wholesale,Jowar,OD10,2020-21,1863.3658333333333,1863.37,0.004166666666606034
Wholesale,Jowar,OD10,2021-22,2049.704166666667,2049.7,0.004166666667060781
Wholesale,Jowar,OD10,2022-23,2254.675,2254.68,0.004999999999654392
Wholesale,Jowar,OD10,2023-24,2480.1433333333334,2480.14,0.0033333333335576754
Wholesale,Jowar,OD10,2024-25,2728.159166666667,2728.16,0.0008333333330483583
Wholesale,Jowar,OD11,2013-14,1286.0016666666668,1286.0,0.0016666666667788377
Wholesale,Jowar,OD11,2014-15,1463.9983333333332,1464.0,0.0016666666667788377
Wholesale,Jowar,OD11,2015-16,1590.0008333333335,1590.0,0.0008333333335031057
Wholesale,Jowar,OD11,2019-20,1749.2166666666665,1749.22,0.0033333333335576754
Wholesale,Jowar,OD11,2020-21,1924.14,1924.14,0.0
Wholesale,Jowar,OD11,2021-22,2116.5516666666667,2116.55,0.001666666666551464
Wholesale,Jowar,OD11,2022-23,2328.2075,2328.21,0.0025000000000545697
Wholesale,Jowar,OD11,2023-24,2561.028333333333,2561.03,0.0016666666670062114
Wholesale,Jowar,OD11,2024-25,2817.129166666667,2817.13,0.0008333333330483583
Wholesale,Jowar,OD13,2013-14,1300.0008333333333,1300.0,0.000833333333275732
Wholesale,Jowar,OD13,2014-15,1481.0,1481.0,0.0
Wholesale,Jowar,OD13,2015-16,1608.0,1608.0,0.0
Wholesale,Jowar,OD13,2019-20,1768.9366666666665,1768.94,0.0033333333335576754
Wholesale,Jowar,OD13,2020-21,1945.8283333333331,1945.83,0.0016666666667788377
Wholesale,Jowar,OD13,2021-22,2140.4108333333334,2140.41,0.0008333333335031057
Wholesale,Jowar,OD13,2022-23,2354.4525,2354.45,0.0025000000000545697
Wholesale,Jowar,OD13,2023-24,2589.9,2589.9,0.0
Wholesale,Jowar,OD13,2024-25,2848.888333333334,2848.89,0.0016666666660967167
Wholesale,Jowar,OD15,2013-14,1265.0,1265.0,0.0
Wholesale,Jowar,OD15,2014-15,1441.0,1441.0,0.0
Wholesale,Jowar,OD15,2015-16,1565.0,1565.0,0.0
Wholesale,Jowar,OD15,2019-20,1721.3666666666668,1721.37,0.003333333333102928
Wholesale,Jowar,OD15,2020-21,1893.5041666666666,1893.5,0.004166666666606034
Wholesale,Jowar,OD15,2021-22,2082.8541666666665,2082.85,0.004166666666606034
Wholesale,Jowar,OD15,2022-23,2291.1391666666664,2291.14,0.0008333333335031057
Wholesale,Jowar,OD15,2023-24,2520.2533333333336,2520.25,0.0033333333335576754
Wholesale,Jowar,OD15,2024-25,2772.2775,2772.28,0.0025000000000545697
Wholesale,Jowar,OD16,2013-14,1267.0008333333333,1267.0,0.000833333333275732
Wholesale,Jowar,OD16,2014-15,1442.9983333333332,1443.0,0.0016666666667788377
Wholesale,Jowar,OD16,2015-16,1567.0,1567.0,0.0
Wholesale,Jowar,OD16,2019-20,1723.8033333333333,1723.8,0.0033333333333303017
Wholesale,Jowar,OD16,2020-21,1896.1833333333334,1896.18,0.0033333333333303017
Wholesale,Jowar,OD16,2021-22,2085.8025000000002,2085.8,0.0025000000000545697
Wholesale,Jowar,OD16,2022-23,2294.3825,2294.38,0.0025000000000545697
Wholesale,Jowar,OD16,2023-24,2523.8216666666667,2523.82,0.001666666666551464
Wholesale,Jowar,OD16,2024-25,2776.2041666666664,2776.2,0.004166666666606034
Wholesale,Jowar,OD18,2013-14,1260.0008333333333,1260.0,0.000833333333275732
Wholesale,Jowar,OD18,2014-15,1434.9983333333332,1435.0,0.0016666666667788377
Wholesale,Jowar,OD18,2015-16,1559.0,1559.0,0.0
Wholesale,Jowar,OD18,2019-20,1714.5108333333335,1714.51,0.0008333333335031057
Wholesale,Jowar,OD18,2020-21,1885.96,1885.96,0.0
Wholesale,Jowar,OD18,2021-22,2074.5583333333334,2074.56,0.001666666666551464
Wholesale,Jowar,OD18,2022-23,2282.0116666666668,2282.01,0.001666666666551464
Wholesale,Jowar,OD18,2023-24,2510.2133333333336,2510.21,0.0033333333335576754
Wholesale,Jowar,OD18,2024-25,2761.235,2761.24,0.004999999999654392
Wholesale,Jowar,OD20,2013-14,1233.0,1233.0,0.0
Wholesale,Jowar,OD20,2014-15,1405.0016666666668,1405.0,0.0016666666667788377
Wholesale,Jowar,OD20,2015-16,1526.0,1526.0,0.0
Wholesale,Jowar,OD20,2019-20,1678.2183333333332,1678.22,0.0016666666667788377
Wholesale,Jowar,OD20,2020-21,1846.0408333333335,1846.04,0.0008333333335031057
Wholesale,Jowar,OD20,2021-22,2030.6450000000002,2030.64,0.005000000000109139
Wholesale,Jowar,OD20,2022-23,2233.709166666667,2233.71,0.0008333333330483583
Wholesale,Jowar,OD20,2023-24,2457.08,2457.08,0.0
Wholesale,Jowar,OD20,2024-25,2702.7875,2702.79,0.0025000000000545697
Wholesale,Jowar,OD21,2013-14,1275.0008333333333,1275.0,0.000833333333275732
Wholesale,Jowar,OD21,2014-15,1452.0,1452.0,0.0
Wholesale,Jowar,OD21,2015-16,1577.0,1577.0,0.0
Wholesale,Jowar,OD21,2019-20,1734.6833333333334,1734.68,0.0033333333333303017
Wholesale,Jowar,OD21,2020-21,1908.1508333333334,1908.15,0.000833333333275732
Wholesale,Jowar,OD21,2021-22,2098.965,2098.97,0.004999999999654392
Wholesale,Jowar,OD21,2022-23,2308.8616666666667,2308.86,0.001666666666551464
Wholesale,Jowar,OD21,2023-24,2539.7475,2539.75,0.0025000000000545697
Wholesale,Jowar,OD21,2024-25,2793.724166666667,2793.72,0.004166666667060781
Wholesale,Jowar,OD22,2013-14,1296.0,1296.0,0.0
Wholesale,Jowar,OD22,2014-15,1475.9983333333332,1476.0,0.0016666666667788377
Wholesale,Jowar,OD22,2015-16,1603.0,1603.0,0.0
Wholesale,Jowar,OD22,2019-20,1763.2966666666669,1763.3,0.003333333333102928
Wholesale,Jowar,OD22,2020-21,1939.6274999999998,1939.63,0.0025000000002819434
Wholesale,Jowar,OD22,2021-22,2133.5891666666666,2133.59,0.0008333333335031057
Wholesale,Jowar,OD22,2022-23,2346.9474999999998,2346.95,0.0025000000000545697
Wholesale,Jowar,OD22,2023-24,2581.6425,2581.64,0.0025000000000545697
Wholesale,Jowar,OD22,2024-25,2839.808333333333,2839.81,0.0016666666670062114
Wholesale,Jowar,OD23,2013-14,1262.0008333333333,1262.0,0.000833333333275732
Wholesale,Jowar,OD23,2014-15,1437.9991666666665,1438.0,0.0008333333335031057
Wholesale,Jowar,OD23,2015-16,1561.0008333333333,1561.0,0.000833333333275732
Wholesale,Jowar,OD23,2019-20,1717.3466666666666,1717.35,0.0033333333333303017
Wholesale,Jowar,OD23,2020-21,1889.0791666666667,1889.08,0.000833333333275732
Wholesale,Jowar,OD23,2021-22,2077.9883333333332,2077.99,0.001666666666551464
Wholesale,Jowar,OD23,2022-23,2285.786666666667,2285.79,0.003333333333102928
Wholesale,Jowar,OD23,2023-24,2514.3641666666667,2514.36,0.004166666666606034
Wholesale,Jowar,OD23,2024-25,2765.8008333333332,2765.8,0.0008333333330483583
Wholesale,Jowar,OD24,2013-14,1299.0,1299.0,0.0
Wholesale,Jowar,OD24,2014-15,1479.0008333333333,1479.0,0.000833333333275732
Wholesale,Jowar,OD24,2015-16,1606.0,1606.0,0.0
Wholesale,Jowar,OD24,2019-20,1766.9525,1766.95,0.0025000000000545697
Wholesale,Jowar,OD24,2020-21,1943.6483333333333,1943.65,0.0016666666667788377
Wholesale,Jowar,OD24,2021-22,2138.0133333333333,2138.01,0.003333333333102928
Wholesale,Jowar,OD24,2022-23,2351.813333333333,2351.81,0.003333333333102928
Wholesale,Jowar,OD24,2023-24,2586.9958333333334,2586.99,0.005833333333612245
Wholesale,Jowar,OD24,2024-25,2845.6941666666667,2845.69,0.004166666666606034
Wholesale,Jowar,OD25,2013-14,1240.0,1240.0,0.0
Wholesale,Jowar,OD25,2014-15,1412.0,1412.0,0.0
Wholesale,Jowar,OD25,2015-16,1534.0,1534.0,0.0
Wholesale,Jowar,OD25,2019-20,1687.1133333333335,1687.11,0.0033333333335576754
Wholesale,Jowar,OD25,2020-21,1855.825,1855.83,0.004999999999881766
Wholesale,Jowar,OD25,2021-22,2041.4091666666666,2041.41,0.0008333333335031057
Wholesale,Jowar,OD25,2022-23,2245.5491666666667,2245.55,0.0008333333335031057
Wholesale,Jowar,OD25,2023-24,2470.1033333333335,2470.1,0.0033333333335576754
Wholesale,Jowar,OD25,2024-25,2717.1141666666667,2717.11,0.004166666666606034
Wholesale,Jowar,OD27,2013-14,1225.9991666666667,1226.0,0.000833333333275732
Wholesale,Jowar,OD27,2014-15,1395.9983333333332,1396.0,0.0016666666667788377
Wholesale,Jowar,OD27,2015-16,1516.0008333333333,1516.0,0.000833333333275732
Wholesale,Jowar,OD27,2019-20,1667.7925000000002,1667.79,0.0025000000002819434
Wholesale,Jowar,OD27,2020-21,1834.5716666666667,1834.57,0.0016666666667788377
Wholesale,Jowar,OD27,2021-22,2018.0308333333332,2018.03,0.000833333333275732
Wholesale,Jowar,OD27,2022-23,2219.8333333333335,2219.83,0.0033333333335576754
Wholesale,Jowar,OD27,2023-24,2441.8166666666666,2441.82,0.0033333333335576754
Wholesale,Jowar,OD27,2024-25,2685.9991666666665,2686.0,0.0008333333335031057
Wholesale,Jowar,OD28,2013-14,1280.0016666666668,1280.0,0.0016666666667788377
Wholesale,Jowar,OD28,2014-15,1457.9991666666667,1458.0,0.000833333333275732
Wholesale,Jowar,OD28,2015-16,1583.0016666666668,1583.0,0.0016666666667788377
Wholesale,Jowar,OD28,2019-20,1741.5391666666667,1741.54,0.000833333333275732
Wholesale,Jowar,OD28,2020-21,1915.6925,1915.69,0.0025000000000545697
Wholesale,Jowar,OD28,2021-22,2107.2616666666668,2107.26,0.001666666666551464
Wholesale,Jowar,OD28,2022-23,2317.9891666666667,2317.99,0.0008333333330483583
Wholesale,Jowar,OD28,2023-24,2549.7875,2549.79,0.0025000000000545697
Wholesale,Jowar,OD28,2024-25,2804.7666666666664,2804.77,0.0033333333335576754
Wholesale,Jowar,OD30,2013-14,1232.9991666666667,1233.0,0.000833333333275732
Wholesale,Jowar,OD30,2014-15,1405.0008333333333,1405.0,0.000833333333275732
Wholesale,Jowar,OD30,2015-16,1525.9983333333332,1526.0,0.0016666666667788377
Wholesale,Jowar,OD30,2019-20,1678.2191666666668,1678.22,0.000833333333275732
Wholesale,Jowar,OD30,2020-21,1846.04,1846.04,0.0
Wholesale,Jowar,OD30,2021-22,2030.6458333333333,2030.64,0.005833333333157498
Wholesale,Jowar,OD30,2022-23,2233.7091666666665,2233.71,0.0008333333335031057
Wholesale,Jowar,OD30,2023-24,2457.08,2457.08,0.0
Wholesale,Jowar,OD30,2024-25,2702.789166666667,2702.79,0.0008333333330483583
Wholesale,Jute,OD03,2013-14,2900.0,2900.0,0.0
Wholesale,Jute,OD03,2014-15,2950.0,2950.0,0.0
Wholesale,Jute,OD03,2015-16,3068.0008333333335,3068.0,0.0008333333335031057
Wholesale,Jute,OD03,2016-17,3349.9991666666665,3350.0,0.0008333333335031057
Wholesale,Jute,OD03,2017-18,3459.9991666666665,3460.0,0.0008333333335031057
Wholesale,Jute,OD03,2018-19,4238.0,4238.0,0.0
Wholesale,Jute,OD03,2019-20,4546.7825,4546.78,0.002500000000509317
Wholesale,Jute,OD03,2020-21,4878.060833333333,4878.06,0.000833333332593611
Wholesale,Jute,OD03,2021-22,5233.475833333333,5233.48,0.004166666666606034
Wholesale,Jute,OD03,2022-23,5614.786666666667,5614.79,0.003333333333102928
Wholesale,Jute,OD03,2023-24,6023.880833333333,6023.88,0.000833333332593611
Wholesale,Jute,OD03,2024-25,6462.780833333333,6462.78,0.0008333333335031057
Wholesale,Jute,OD05,2013-14,2952.0,2952.0,0.0
Wholesale,Jute,OD05,2014-15,3075.0,3075.0,0.0
Wholesale,Jute,OD05,2015-16,3139.001666666667,3139.0,0.0016666666670062114
Wholesale,Jute,OD05,2016-17,3399.9991666666665,3400.0,0.0008333333335031057
Wholesale,Jute,OD05,2017-18,3470.0008333333335,3470.0,0.0008333333335031057
Wholesale,Jute,OD05,2018-19,4267.0008333333335,4267.0,0.0008333333335031057
Wholesale,Jute,OD05,2019-20,4577.893333333333,4577.89,0.003333333333102928
Wholesale,Jute,OD05,2020-21,4911.439166666666,4911.44,0.0008333333335031057
Wholesale,Jute,OD05,2021-22,5269.286666666667,5269.29,0.003333333333102928
Wholesale,Jute,OD05,2022-23,5653.208333333333,5653.21,0.0016666666670062114
Wholesale,Jute,OD05,2023-24,6065.1016666666665,6065.1,0.0016666666660967167
Wholesale,Jute,OD05,2024-25,6507.004166666667,6507.01,0.005833333333612245
Wholesale,Jute,OD07,2013-14,2899.9991666666665,2900.0,0.0008333333335031057
Wholesale,Jute,OD07,2014-15,3067.0016666666666,3067.0,0.001666666666551464
Wholesale,Jute,OD07,2015-16,3158.0,3158.0,0.0
Wholesale,Jute,OD07,2016-17,3567.0,3567.0,0.0
Wholesale,Jute,OD07,2017-18,3800.0008333333335,3800.0,0.0008333333335031057
Wholesale,Jute,OD07,2018-19,4399.9991666666665,4400.0,0.0008333333335031057
Wholesale,Jute,OD07,2019-20,4720.583333333333,4720.58,0.003333333333102928
Wholesale,Jute,OD07,2020-21,5064.525833333333,5064.53,0.004166666666606034
Wholesale,Jute,OD07,2021-22,5433.528333333334,5433.53,0.0016666666660967167
Wholesale,Jute,OD07,2022-23,5829.4158333333335,5829.42,0.004166666666606034
Wholesale,Jute,OD07,2023-24,6254.1466666666665,6254.15,0.003333333333102928
Wholesale,Jute,OD07,2024-25,6709.824166666666,6709.82,0.004166666666606034
Wholesale,Jute,OD09,2013-14,2968.0008333333335,2968.0,0.0008333333335031057
Wholesale,Jute,OD09,2014-15,3047.668333333333,3047.67,0.0016666666670062114
Wholesale,Jute,OD09,2015-16,3128.039166666667,3128.04,0.0008333333330483583
Wholesale,Jute,OD09,2016-17,3576.504166666667,3576.5,0.004166666667060781
Wholesale,Jute,OD09,2017-18,3588.715833333333,3588.72,0.004166666666606034
Wholesale,Jute,OD09,2018-19,4218.705833333333,4218.71,0.004166666666606034
Wholesale,Jute,OD09,2019-20,3184.2491666666665,3184.25,0.0008333333335031057
Wholesale,Jute,OD09,2020-21,3416.254166666667,3416.25,0.004166666667060781
Wholesale,Jute,OD09,2021-22,3665.1625,3665.16,0.0025000000000545697
Wholesale,Jute,OD09,2022-23,3932.2066666666665,3932.21,0.0033333333335576754
Wholesale,Jute,OD09,2023-24,4218.705833333333,4218.71,0.004166666666606034
Wholesale,Jute,OD09,2024-25,4526.081666666667,4526.08,0.0016666666670062114
Wholesale,Jute,OD12,2013-14,2957.0,2957.0,0.0
Wholesale,Jute,OD12,2014-15,3100.0008333333335,3100.0,0.0008333333335031057
Wholesale,Jute,OD12,2015-16,3174.0,3174.0,0.0
Wholesale,Jute,OD12,2016-17,3499.9991666666665,3500.0,0.0008333333335031057
Wholesale,Jute,OD12,2017-18,3594.7883333333334,3594.79,0.001666666666551464
Wholesale,Jute,OD12,2018-19,4225.843333333333,4225.84,0.003333333333102928
Wholesale,Jute,OD12,2019-20,3843.58,3843.58,0.0
Wholesale,Jute,OD12,2020-21,4123.6241666666665,4123.62,0.004166666666606034
Wholesale,Jute,OD12,2021-22,4424.073333333333,4424.07,0.003333333333102928
Wholesale,Jute,OD12,2022-23,4746.409166666667,4746.41,0.000833333332593611
Wholesale,Jute,OD12,2023-24,5092.234166666666,5092.23,0.004166666666606034
Wholesale,Jute,OD12,2024-25,5463.254166666667,5463.25,0.004166666666606034
Wholesale,Jute,OD13,2013-14,2975.0,2975.0,0.0
Wholesale,Jute,OD13,2014-15,3100.0008333333335,3100.0,0.0008333333335031057
Wholesale,Jute,OD13,2015-16,3148.0008333333335,3148.0,0.0008333333335031057
Wholesale,Jute,OD13,2016-17,3475.0,3475.0,0.0
Wholesale,Jute,OD13,2017-18,3549.9983333333334,3550.0,0.001666666666551464
Wholesale,Jute,OD13,2018-19,3800.0,3800.0,0.0
Wholesale,Jute,OD13,2019-20,4076.8683333333333,4076.87,0.001666666666551464
Wholesale,Jute,OD13,2020-21,4373.9075,4373.91,0.0024999999995998223
Wholesale,Jute,OD13,2021-22,4692.5925,4692.59,0.0024999999995998223
Wholesale,Jute,OD13,2022-23,5034.495,5034.5,0.005000000000109139
Wholesale,Jute,OD13,2023-24,5401.309166666667,5401.31,0.0008333333335031057
Wholesale,Jute,OD13,2024-25,5794.848333333332,5794.85,0.001666666667915706
Wholesale,Jute,OD15,2013-14,3085.0,3085.0,0.0
Wholesale,Jute,OD15,2014-15,3167.8058333333333,3167.81,0.004166666666606034
Wholesale,Jute,OD15,2015-16,3251.346666666667,3251.35,0.003333333333102928
Wholesale,Jute,OD15,2016-17,3717.4908333333333,3717.49,0.0008333333335031057
Wholesale,Jute,OD15,2017-18,3730.1841666666664,3730.18,0.004166666666606034
Wholesale,Jute,OD15,2018-19,4385.01,4385.01,0.0
Wholesale,Jute,OD15,2019-20,3309.7724999999996,3309.77,0.0024999999995998223
Wholesale,Jute,OD15,2020-21,3550.9258333333332,3550.92,0.005833333333157498
Wholesale,Jute,OD15,2021-22,3809.645,3809.64,0.005000000000109139
Wholesale,Jute,OD15,2022-23,4087.2141666666666,4087.22,0.005833333333157498
Wholesale,Jute,OD15,2023-24,4385.010833333333,4385.01,0.000833333332593611
Wholesale,Jute,OD15,2024-25,4704.5025,4704.5,0.0024999999995998223
Wholesale,Jute,OD17,2013-14,2800.0,2800.0,0.0
Wholesale,Jute,OD17,2014-15,2900.0,2900.0,0.0
Wholesale,Jute,OD17,2015-16,2962.0008333333335,2962.0,0.0008333333335031057
Wholesale,Jute,OD17,2016-17,3250.0,3250.0,0.0
Wholesale,Jute,OD17,2017-18,3464.9991666666665,3465.0,0.0008333333335031057
Wholesale,Jute,OD17,2018-19,4399.9991666666665,4400.0,0.0008333333335031057
Wholesale,Jute,OD17,2019-20,4720.5824999999995,4720.58,0.0024999999995998223
Wholesale,Jute,OD17,2020-21,5064.526666666667,5064.53,0.003333333333102928
Wholesale,Jute,OD17,2021-22,5433.5275,5433.53,0.0024999999995998223
Wholesale,Jute,OD17,2022-23,5829.415,5829.42,0.005000000000109139
Wholesale,Jute,OD17,2023-24,6254.1475,6254.15,0.0024999999995998223
Wholesale,Jute,OD17,2024-25,6709.824166666666,6709.82,0.004166666666606034
Wholesale,Jute,OD18,2013-14,2800.0008333333335,2800.0,0.0008333333335031057
Wholesale,Jute,OD18,2014-15,2967.0008333333335,2967.0,0.0008333333335031057
Wholesale,Jute,OD18,2015-16,3067.9991666666665,3068.0,0.0008333333335031057
Wholesale,Jute,OD18,2016-17,3349.9991666666665,3350.0,0.0008333333335031057
Wholesale,Jute,OD18,2017-18,3611.0,3611.0,0.0
Wholesale,Jute,OD18,2018-19,3999.9983333333334,4000.0,0.001666666666551464
Wholesale,Jute,OD18,2019-20,4291.441666666667,4291.44,0.0016666666670062114
Wholesale,Jute,OD18,2020-21,4604.116666666667,4604.11,0.006666666667115351
Wholesale,Jute,OD18,2021-22,4939.571666666667,4939.57,0.0016666666670062114
Wholesale,Jute,OD18,2022-23,5299.47,5299.47,0.0
Wholesale,Jute,OD18,2023-24,5685.588333333333,5685.59,0.0016666666670062114
Wholesale,Jute,OD18,2024-25,6099.840833333333,6099.84,0.000833333332593611
Wholesale,Jute,OD21,2013-14,3100.0,3100.0,0.0
Wholesale,Jute,OD21,2014-15,3183.209166666667,3183.21,0.0008333333330483583
Wholesale,Jute,OD21,2015-16,3267.1575,3267.16,0.0025000000000545697
Wholesale,Jute,OD21,2016-17,3735.5674999999997,3735.57,0.002500000000509317
Wholesale,Jute,OD21,2017-18,3748.3216666666667,3748.32,0.001666666666551464
Wholesale,Jute,OD21,2018-19,4406.33,4406.33,0.0
Wholesale,Jute,OD21,2019-20,3325.866666666667,3325.87,0.003333333333102928
Wholesale,Jute,OD21,2020-21,3568.1891666666666,3568.19,0.0008333333335031057
Wholesale,Jute,OD21,2021-22,3828.1683333333335,3828.17,0.001666666666551464
Wholesale,Jute,OD21,2022-23,4107.088333333333,4107.09,0.0016666666670062114
Wholesale,Jute,OD21,2023-24,4406.330833333333,4406.33,0.0008333333335031057
Wholesale,Jute,OD21,2024-25,4727.375,4727.38,0.005000000000109139
Wholesale,Jute,OD22,2013-14,3346.8266666666664,3346.83,0.0033333333335576754
Wholesale,Jute,OD22,2014-15,3436.6625,3436.66,0.0025000000000545697
Wholesale,Jute,OD22,2015-16,3527.2941666666666,3527.29,0.004166666666606034
Wholesale,Jute,OD22,2016-17,4032.9991666666665,4033.0,0.0008333333335031057
Wholesale,Jute,OD22,2017-18,4046.77,4046.77,0.0
Wholesale,Jute,OD22,2018-19,4757.171666666666,4757.17,0.0016666666660967167
Wholesale,Jute,OD22,2019-20,4326.845,4326.84,0.005000000000109139
Wholesale,Jute,OD22,2020-21,4642.098333333333,4642.1,0.0016666666670062114
Wholesale,Jute,OD22,2021-22,4980.324166666666,4980.32,0.004166666666606034
Wholesale,Jute,OD22,2022-23,5343.19,5343.19,0.0
Wholesale,Jute,OD22,2023-24,5732.495833333333,5732.49,0.005833333333612245
Wholesale,Jute,OD22,2024-25,6150.163333333333,6150.16,0.003333333333102928
Wholesale,Jute,OD24,2013-14,3319.4424999999997,3319.44,0.0024999999995998223
Wholesale,Jute,OD24,2014-15,3408.5416666666665,3408.54,0.001666666666551464
Wholesale,Jute,OD24,2015-16,3498.4308333333333,3498.43,0.0008333333335031057
Wholesale,Jute,OD24,2016-17,4000.0008333333335,4000.0,0.0008333333335031057
Wholesale,Jute,OD24,2017-18,4013.6575,4013.66,0.0025000000000545697
Wholesale,Jute,OD24,2018-19,4718.245833333333,4718.25,0.004166666666606034
Wholesale,Jute,OD24,2019-20,4291.440833333333,4291.44,0.0008333333335031057
Wholesale,Jute,OD24,2020-21,4604.115000000001,4604.11,0.005000000001018634
Wholesale,Jute,OD24,2021-22,4939.570833333333,4939.57,0.0008333333335031057
Wholesale,Jute,OD24,2022-23,5299.468333333333,5299.47,0.0016666666670062114
Wholesale,Jute,OD24,2023-24,5685.586666666666,5685.59,0.0033333333340124227
Wholesale,Jute,OD24,2024-25,6099.840833333333,6099.84,0.000833333332593611
Wholesale,Kulthi,OD01,2013-14,2469.0,2469.0,0.0
Wholesale,Kulthi,OD01,2014-15,2952.0008333333335,2952.0,0.0008333333335031057
Wholesale,Kulthi,OD01,2015-16,3181.9991666666665,3182.0,0.0008333333335031057
Wholesale,Kulthi,OD01,2016-17,3307.0,3307.0,0.0
Wholesale,Kulthi,OD01,2017-18,3587.0,3587.0,0.0
Wholesale,Kulthi,OD01,2018-19,4002.0,4002.0,0.0
Wholesale,Kulthi,OD01,2019-20,4385.766666666666,4385.77,0.0033333333340124227
Wholesale,Kulthi,OD01,2020-21,4806.3324999999995,4806.33,0.0024999999995998223
Wholesale,Kulthi,OD01,2021-22,5267.2300000000005,5267.23,9.094947017729282e-13
Wholesale,Kulthi,OD01,2022-23,5772.324166666666,5772.32,0.004166666666606034
Wholesale,Kulthi,OD01,2023-24,6325.8533333333335,6325.85,0.003333333333102928
Wholesale,Kulthi,OD01,2024-25,6932.464166666668,6932.46,0.004166666667515528
Wholesale,Kulthi,OD02,2013-14,2638.9991666666665,2639.0,0.0008333333335031057
Wholesale,Kulthi,OD02,2014-15,2826.0,2826.0,0.0
Wholesale,Kulthi,OD02,2015-16,3223.9991666666665,3224.0,0.0008333333335031057
Wholesale,Kulthi,OD02,2016-17,3299.9991666666665,3300.0,0.0008333333335031057
Wholesale,Kulthi,OD02,2017-18,3529.001666666667,3529.0,0.0016666666670062114
Wholesale,Kulthi,OD02,2018-19,3529.0008333333335,3529.0,0.0008333333335031057
Wholesale,Kulthi,OD02,2019-20,3867.4075,3867.41,0.0025000000000545697
Wholesale,Kulthi,OD02,2020-21,4238.269166666667,4238.27,0.0008333333335031057
Wholesale,Kulthi,OD02,2021-22,4644.691666666667,4644.69,0.0016666666670062114
Wholesale,Kulthi,OD02,2022-23,5090.088333333333,5090.09,0.0016666666670062114
Wholesale,Kulthi,OD02,2023-24,5578.195833333334,5578.2,0.004166666665696539
Wholesale,Kulthi,OD02,2024-25,6113.109166666666,6113.11,0.0008333333335031057
Wholesale,Kulthi,OD03,2013-14,2475.0016666666666,2475.0,0.001666666666551464
Wholesale,Kulthi,OD03,2014-15,3000.0,3000.0,0.0
Wholesale,Kulthi,OD03,2015-16,3168.0,3168.0,0.0
Wholesale,Kulthi,OD03,2016-17,3333.0,3333.0,0.0
Wholesale,Kulthi,OD03,2017-18,3264.0008333333335,3264.0,0.0008333333335031057
Wholesale,Kulthi,OD03,2018-19,5000.0008333333335,5000.0,0.0008333333335031057
Wholesale,Kulthi,OD03,2019-20,5479.468333333333,5479.47,0.0016666666670062114
Wholesale,Kulthi,OD03,2020-21,6004.9141666666665,6004.91,0.004166666666606034
Wholesale,Kulthi,OD03,2021-22,6580.748333333333,6580.75,0.0016666666670062114
Wholesale,Kulthi,OD03,2022-23,7211.798333333333,7211.8,0.0016666666670062114
Wholesale,Kulthi,OD03,2023-24,7903.364166666666,7903.37,0.005833333333612245
Wholesale,Kulthi,OD03,2024-25,8661.2475,8661.25,0.002500000000509317
Wholesale,Kulthi,OD04,2013-14,2437.999166666667,2438.0,0.0008333333330483583
Wholesale,Kulthi,OD04,2014-15,2950.0,2950.0,0.0
Wholesale,Kulthi,OD04,2015-16,3278.9991666666665,3279.0,0.0008333333335031057
Wholesale,Kulthi,OD04,2016-17,3300.0,3300.0,0.0
Wholesale,Kulthi,OD04,2017-18,3587.0,3587.0,0.0
Wholesale,Kulthi,OD04,2018-19,3445.0,3445.0,0.0
Wholesale,Kulthi,OD04,2019-20,3775.3541666666665,3775.35,0.004166666666606034
Wholesale,Kulthi,OD04,2020-21,4137.3875,4137.39,0.002500000000509317
Wholesale,Kulthi,OD04,2021-22,4534.135,4534.14,0.005000000000109139
Wholesale,Kulthi,OD04,2022-23,4968.93,4968.93,0.0
Wholesale,Kulthi,OD04,2023-24,5445.418333333334,5445.42,0.0016666666660967167
Wholesale,Kulthi,OD04,2024-25,5967.600833333334,5967.6,0.0008333333335031057
Wholesale,Kulthi,OD05,2013-14,2550.0,2550.0,0.0
Wholesale,Kulthi,OD05,2014-15,2999.9983333333334,3000.0,0.001666666666551464
Wholesale,Kulthi,OD05,2015-16,3202.0,3202.0,0.0
Wholesale,Kulthi,OD05,2016-17,3250.0008333333335,3250.0,0.0008333333335031057
Wholesale,Kulthi,OD05,2017-18,3634.853333333333,3634.85,0.003333333333102928
Wholesale,Kulthi,OD05,2018-19,4515.9991666666665,4516.0,0.0008333333335031057
Wholesale,Kulthi,OD05,2019-20,4949.055833333333,4949.06,0.004166666667515528
Wholesale,Kulthi,OD05,2020-21,5423.639166666667,5423.64,0.0008333333335031057
Wholesale,Kulthi,OD05,2021-22,5943.730833333334,5943.73,0.0008333333344126004
Wholesale,Kulthi,OD05,2022-23,6513.696666666667,6513.7,0.003333333333102928
Wholesale,Kulthi,OD05,2023-24,7138.32,7138.32,0.0
Wholesale,Kulthi,OD05,2024-25,7822.839166666668,7822.84,0.000833333332593611
Wholesale,Kulthi,OD06,2013-14,2271.0,2271.0,0.0
Wholesale,Kulthi,OD06,2014-15,2733.0008333333335,2733.0,0.0008333333335031057
Wholesale,Kulthi,OD06,2015-16,3254.0,3254.0,0.0
Wholesale,Kulthi,OD06,2016-17,3150.0,3150.0,0.0
Wholesale,Kulthi,OD06,2017-18,3407.0,3407.0,0.0
Wholesale,Kulthi,OD06,2018-19,4194.9975,4195.0,0.0024999999995998223
Wholesale,Kulthi,OD06,2019-20,4597.2733333333335,4597.27,0.003333333333102928
Wholesale,Kulthi,OD06,2020-21,5038.121666666667,5038.12,0.0016666666670062114
Wholesale,Kulthi,OD06,2021-22,5521.245833333333,5521.25,0.004166666666606034
Wholesale,Kulthi,OD06,2022-23,6050.7,6050.7,0.0
Wholesale,Kulthi,OD06,2023-24,6630.924166666667,6630.92,0.004166666666606034
Wholesale,Kulthi,OD06,2024-25,7266.787499999999,7266.79,0.002500000000509317
Wholesale,Kulthi,OD07,2013-14,2474.0,2474.0,0.0
Wholesale,Kulthi,OD07,2014-15,2767.001666666667,2767.0,0.0016666666670062114
Wholesale,Kulthi,OD07,2015-16,3270.9991666666665,3271.0,0.0008333333335031057
Wholesale,Kulthi,OD07,2016-17,3128.9991666666665,3129.0,0.0008333333335031057
Wholesale,Kulthi,OD07,2017-18,3078.0008333333335,3078.0,0.0008333333335031057
Wholesale,Kulthi,OD07,2018-19,3765.0008333333335,3765.0,0.0008333333335031057
Wholesale,Kulthi,OD07,2019-20,4126.0391666666665,4126.04,0.0008333333335031057
Wholesale,Kulthi,OD07,2020-21,4521.7025,4521.7,0.002500000000509317
Wholesale,Kulthi,OD07,2021-22,4955.303333333333,4955.3,0.003333333333102928
Wholesale,Kulthi,OD07,2022-23,5430.483333333334,5430.49,0.006666666666205856
Wholesale,Kulthi,OD07,2023-24,5951.234166666666,5951.23,0.004166666666606034
Wholesale,Kulthi,OD07,2024-25,6521.920833333334,6521.92,0.0008333333335031057
Wholesale,Kulthi,OD08,2013-14,2650.000833333333,2650.0,0.0008333333330483583
Wholesale,Kulthi,OD08,2014-15,3083.0008333333335,3083.0,0.0008333333335031057
Wholesale,Kulthi,OD08,2015-16,3374.0008333333335,3374.0,0.0008333333335031057
Wholesale,Kulthi,OD08,2016-17,3417.0,3417.0,0.0
Wholesale,Kulthi,OD08,2017-18,3503.0,3503.0,0.0
Wholesale,Kulthi,OD08,2018-19,3594.0,3594.0,0.0
Wholesale,Kulthi,OD08,2019-20,3938.6416666666664,3938.64,0.001666666666551464
Wholesale,Kulthi,OD08,2020-21,4316.3341666666665,4316.33,0.004166666666606034
Wholesale,Kulthi,OD08,2021-22,4730.241666666667,4730.24,0.0016666666670062114
Wholesale,Kulthi,OD08,2022-23,5183.841666666666,5183.84,0.0016666666660967167
Wholesale,Kulthi,OD08,2023-24,5680.94,5680.94,0.0
Wholesale,Kulthi,OD08,2024-25,6225.704166666666,6225.71,0.005833333333612245
Wholesale,Kulthi,OD09,2013-14,2441.0008333333335,2441.0,0.0008333333335031057
Wholesale,Kulthi,OD09,2014-15,2750.0,2750.0,0.0
Wholesale,Kulthi,OD09,2015-16,3099.0,3099.0,0.0
Wholesale,Kulthi,OD09,2016-17,3188.9991666666665,3189.0,0.0008333333335031057
Wholesale,Kulthi,OD09,2017-18,3448.0,3448.0,0.0
Wholesale,Kulthi,OD09,2018-19,3774.0008333333335,3774.0,0.0008333333335031057
Wholesale,Kulthi,OD09,2019-20,4135.9025,4135.9,0.002500000000509317
Wholesale,Kulthi,OD09,2020-21,4532.509166666667,4532.51,0.0008333333335031057
Wholesale,Kulthi,OD09,2021-22,4967.1483333333335,4967.15,0.0016666666660967167
Wholesale,Kulthi,OD09,2022-23,5443.465833333333,5443.47,0.004166666667515528
Wholesale,Kulthi,OD09,2023-24,5965.4608333333335,5965.46,0.0008333333335031057
Wholesale,Kulthi,OD09,2024-25,6537.510833333334,6537.51,0.0008333333335031057
Wholesale,Kulthi,OD10,2013-14,2067.0,2067.0,0.0
Wholesale,Kulthi,OD10,2014-15,2617.000833333333,2617.0,0.0008333333330483583
Wholesale,Kulthi,OD10,2015-16,2961.0,2961.0,0.0
Wholesale,Kulthi,OD10,2016-17,3150.0008333333335,3150.0,0.0008333333335031057
Wholesale,Kulthi,OD10,2017-18,3375.0,3375.0,0.0
Wholesale,Kulthi,OD10,2018-19,4062.9991666666665,4063.0,0.0008333333335031057
Wholesale,Kulthi,OD10,2019-20,4452.615,4452.62,0.005000000000109139
Wholesale,Kulthi,OD10,2020-21,4879.593333333333,4879.59,0.003333333333102928
Wholesale,Kulthi,OD10,2021-22,5347.515833333334,5347.52,0.004166666666606034
Wholesale,Kulthi,OD10,2022-23,5860.3075,5860.31,0.002500000000509317
Wholesale,Kulthi,OD10,2023-24,6422.275833333333,6422.27,0.00583333333270275
Wholesale,Kulthi,OD10,2024-25,7038.129166666667,7038.13,0.0008333333335031057
Wholesale,Kulthi,OD11,2013-14,2100.000833333333,2100.0,0.0008333333330483583
Wholesale,Kulthi,OD11,2014-15,2600.000833333333,2600.0,0.0008333333330483583
Wholesale,Kulthi,OD11,2015-16,2943.9991666666665,2944.0,0.0008333333335031057
Wholesale,Kulthi,OD11,2016-17,3100.0,3100.0,0.0
Wholesale,Kulthi,OD11,2017-18,3297.0008333333335,3297.0,0.0008333333335031057
Wholesale,Kulthi,OD11,2018-19,4401.9991666666665,4402.0,0.0008333333335031057
Wholesale,Kulthi,OD11,2019-20,4824.1241666666665,4824.12,0.004166666666606034
Wholesale,Kulthi,OD11,2020-21,5286.7266666666665,5286.73,0.003333333333102928
Wholesale,Kulthi,OD11,2021-22,5793.690833333333,5793.69,0.0008333333335031057
Wholesale,Kulthi,OD11,2022-23,6349.269166666666,6349.27,0.0008333333344126004
Wholesale,Kulthi,OD11,2023-24,6958.121666666667,6958.12,0.0016666666670062114
Wholesale,Kulthi,OD11,2024-25,7625.363333333334,7625.36,0.0033333333340124227
Wholesale,Kulthi,OD12,2013-14,2143.9983333333334,2144.0,0.001666666666551464
Wholesale,Kulthi,OD12,2014-15,2675.0,2675.0,0.0
Wholesale,Kulthi,OD12,2015-16,3016.0,3016.0,0.0
Wholesale,Kulthi,OD12,2016-17,3282.9991666666665,3283.0,0.0008333333335031057
Wholesale,Kulthi,OD12,2017-18,3444.0008333333335,3444.0,0.0008333333335031057
Wholesale,Kulthi,OD12,2018-19,3766.9991666666665,3767.0,0.0008333333335031057
Wholesale,Kulthi,OD12,2019-20,4128.231666666667,4128.23,0.0016666666670062114
Wholesale,Kulthi,OD12,2020-21,4524.1033333333335,4524.1,0.003333333333102928
Wholesale,Kulthi,OD12,2021-22,4957.935833333333,4957.94,0.004166666666606034
Wholesale,Kulthi,OD12,2022-23,5433.369166666666,5433.37,0.0008333333335031057
Wholesale,Kulthi,OD12,2023-24,5954.394166666666,5954.4,0.005833333333612245
Wholesale,Kulthi,OD12,2024-25,6525.383333333334,6525.38,0.0033333333340124227
Wholesale,Kulthi,OD13,2013-14,1898.0016666666668,1898.0,0.0016666666667788377
Wholesale,Kulthi,OD13,2014-15,2682.0016666666666,2682.0,0.001666666666551464
Wholesale,Kulthi,OD13,2015-16,3069.0008333333335,3069.0,0.0008333333335031057
Wholesale,Kulthi,OD13,2016-17,3338.0008333333335,3338.0,0.0008333333335031057
Wholesale,Kulthi,OD13,2017-18,3587.9991666666665,3588.0,0.0008333333335031057
Wholesale,Kulthi,OD13,2018-19,4249.9991666666665,4250.0,0.0008333333335031057
Wholesale,Kulthi,OD13,2019-20,4657.545833333334,4657.55,0.004166666666606034
Wholesale,Kulthi,OD13,2020-21,5104.178333333333,5104.18,0.0016666666670062114
Wholesale,Kulthi,OD13,2021-22,5593.634166666667,5593.64,0.005833333333612245
Wholesale,Kulthi,OD13,2022-23,6130.028333333333,6130.03,0.0016666666670062114
Wholesale,Kulthi,OD13,2023-24,6717.860833333333,6717.86,0.0008333333335031057
Wholesale,Kulthi,OD13,2024-25,7362.059166666666,7362.06,0.0008333333344126004
Wholesale,Kulthi,OD14,2013-14,2665.0,2665.0,0.0
Wholesale,Kulthi,OD14,2014-15,3000.0008333333335,3000.0,0.0008333333335031057
Wholesale,Kulthi,OD14,2015-16,3201.9991666666665,3202.0,0.0008333333335031057
Wholesale,Kulthi,OD14,2016-17,3275.0,3275.0,0.0
Wholesale,Kulthi,OD14,2017-18,3475.0,3475.0,0.0
Wholesale,Kulthi,OD14,2018-19,3960.0,3960.0,0.0
Wholesale,Kulthi,OD14,2019-20,4339.739166666667,4339.74,0.000833333332593611
Wholesale,Kulthi,OD14,2020-21,4755.893333333333,4755.89,0.003333333333102928
Wholesale,Kulthi,OD14,2021-22,5211.950833333333,5211.95,0.0008333333335031057
Wholesale,Kulthi,OD14,2022-23,5711.745,5711.75,0.005000000000109139
Wholesale,Kulthi,OD14,2023-24,6259.465,6259.47,0.005000000000109139
Wholesale,Kulthi,OD14,2024-25,6859.708333333333,6859.71,0.0016666666670062114
Wholesale,Kulthi,OD15,2013-14,2667.0,2667.0,0.0
Wholesale,Kulthi,OD15,2014-15,2975.0,2975.0,0.0
Wholesale,Kulthi,OD15,2015-16,3460.0,3460.0,0.0
Wholesale,Kulthi,OD15,2016-17,3414.0,3414.0,0.0
Wholesale,Kulthi,OD15,2017-18,3611.0,3611.0,0.0
Wholesale,Kulthi,OD15,2018-19,3600.0,3600.0,0.0
Wholesale,Kulthi,OD15,2019-20,3945.2175,3945.22,0.0024999999995998223
Wholesale,Kulthi,OD15,2020-21,4323.538333333333,4323.54,0.0016666666670062114
Wholesale,Kulthi,OD15,2021-22,4738.139166666667,4738.14,0.0008333333335031057
Wholesale,Kulthi,OD15,2022-23,5192.495833333333,5192.5,0.004166666666606034
Wholesale,Kulthi,OD15,2023-24,5690.423333333333,5690.42,0.003333333333102928
Wholesale,Kulthi,OD15,2024-25,6236.099166666667,6236.1,0.0008333333335031057
Wholesale,Kulthi,OD16,2013-14,2202.0,2202.0,0.0
Wholesale,Kulthi,OD16,2014-15,2671.0,2671.0,0.0
Wholesale,Kulthi,OD16,2015-16,3195.0,3195.0,0.0
Wholesale,Kulthi,OD16,2016-17,3225.0016666666666,3225.0,0.001666666666551464
Wholesale,Kulthi,OD16,2017-18,3424.9991666666665,3425.0,0.0008333333335031057
Wholesale,Kulthi,OD16,2018-19,3425.0,3425.0,0.0
Wholesale,Kulthi,OD16,2019-20,3753.435,3753.44,0.005000000000109139
Wholesale,Kulthi,OD16,2020-21,4113.366666666667,4113.37,0.003333333333102928
Wholesale,Kulthi,OD16,2021-22,4507.8125,4507.81,0.0024999999995998223
Wholesale,Kulthi,OD16,2022-23,4940.0824999999995,4940.08,0.0024999999995998223
Wholesale,Kulthi,OD16,2023-24,5413.804166666667,5413.81,0.005833333333612245
Wholesale,Kulthi,OD16,2024-25,5932.954999999999,5932.95,0.004999999999199645
Wholesale,Kulthi,OD17,2013-14,2419.9975,2420.0,0.0025000000000545697
Wholesale,Kulthi,OD17,2014-15,2954.0008333333335,2954.0,0.0008333333335031057
Wholesale,Kulthi,OD17,2015-16,3124.9991666666665,3125.0,0.0008333333335031057
Wholesale,Kulthi,OD17,2016-17,3232.9991666666665,3233.0,0.0008333333335031057
Wholesale,Kulthi,OD17,2017-18,3500.0,3500.0,0.0
Wholesale,Kulthi,OD17,2018-19,3305.9991666666665,3306.0,0.0008333333335031057
Wholesale,Kulthi,OD17,2019-20,3623.0241666666666,3623.02,0.004166666666606034
Wholesale,Kulthi,OD17,2020-21,3970.4500000000003,3970.45,4.547473508864641e-13
Wholesale,Kulthi,OD17,2021-22,4351.189166666666,4351.19,0.0008333333335031057
Wholesale,Kulthi,OD17,2022-23,4768.440833333333,4768.44,0.0008333333335031057
Wholesale,Kulthi,OD17,2023-24,5225.705,5225.71,0.005000000000109139
Wholesale,Kulthi,OD17,2024-25,5726.816666666667,5726.82,0.003333333333102928
Wholesale,Kulthi,OD18,2013-14,2627.0,2627.0,0.0
Wholesale,Kulthi,OD18,2014-15,3011.0008333333335,3011.0,0.0008333333335031057
Wholesale,Kulthi,OD18,2015-16,3327.998333333333,3328.0,0.0016666666670062114
Wholesale,Kulthi,OD18,2016-17,3399.9991666666665,3400.0,0.0008333333335031057
Wholesale,Kulthi,OD18,2017-18,3718.9991666666665,3719.0,0.0008333333335031057
Wholesale,Kulthi,OD18,2018-19,3960.0,3960.0,0.0
Wholesale,Kulthi,OD18,2019-20,4339.7375,4339.74,0.0024999999995998223
Wholesale,Kulthi,OD18,2020-21,4755.890833333334,4755.89,0.0008333333335031057
Wholesale,Kulthi,OD18,2021-22,5211.950833333333,5211.95,0.0008333333335031057
Wholesale,Kulthi,OD18,2022-23,5711.744166666666,5711.75,0.005833333333612245
Wholesale,Kulthi,OD18,2023-24,6259.4675,6259.47,0.002500000000509317
Wholesale,Kulthi,OD18,2024-25,6859.7075,6859.71,0.0024999999995998223
Wholesale,Kulthi,OD19,2013-14,2722.0,2722.0,0.0
Wholesale,Kulthi,OD19,2014-15,3035.0,3035.0,0.0
Wholesale,Kulthi,OD19,2015-16,3305.0008333333335,3305.0,0.0008333333335031057
Wholesale,Kulthi,OD19,2016-17,3333.0,3333.0,0.0
Wholesale,Kulthi,OD19,2017-18,3447.0008333333335,3447.0,0.0008333333335031057
Wholesale,Kulthi,OD19,2018-19,3433.9991666666665,3434.0,0.0008333333335031057
Wholesale,Kulthi,OD19,2019-20,3763.2999999999997,3763.3,4.547473508864641e-13
Wholesale,Kulthi,OD19,2020-21,4124.175,4124.18,0.005000000000109139
Wholesale,Kulthi,OD19,2021-22,4519.6575,4519.66,0.0024999999995998223
Wholesale,Kulthi,OD19,2022-23,4953.064166666666,4953.06,0.004166666665696539
Wholesale,Kulthi,OD19,2023-24,5428.031666666667,5428.03,0.0016666666670062114
Wholesale,Kulthi,OD19,2024-25,5948.545833333334,5948.55,0.004166666666606034
Wholesale,Kulthi,OD20,2013-14,2606.0,2606.0,0.0
Wholesale,Kulthi,OD20,2014-15,2744.9983333333334,2745.0,0.001666666666551464
Wholesale,Kulthi,OD20,2015-16,3220.9983333333334,3221.0,0.001666666666551464
Wholesale,Kulthi,OD20,2016-17,3270.0,3270.0,0.0
Wholesale,Kulthi,OD20,2017-18,3507.9983333333334,3508.0,0.001666666666551464
Wholesale,Kulthi,OD20,2018-19,5600.000833333333,5600.0,0.000833333332593611
Wholesale,Kulthi,OD20,2019-20,6137.004166666667,6137.0,0.004166666666606034
Wholesale,Kulthi,OD20,2020-21,6725.504166666667,6725.5,0.004166666666606034
Wholesale,Kulthi,OD20,2021-22,7370.436666666666,7370.44,0.0033333333340124227
Wholesale,Kulthi,OD20,2022-23,8077.215,8077.22,0.005000000000109139
Wholesale,Kulthi,OD20,2023-24,8851.769166666667,8851.77,0.0008333333335031057
Wholesale,Kulthi,OD20,2024-25,9700.5975,9700.6,0.002500000000509317
Wholesale,Kulthi,OD21,2013-14,2596.0016666666666,2596.0,0.001666666666551464
Wholesale,Kulthi,OD21,2014-15,2872.998333333333,2873.0,0.0016666666670062114
Wholesale,Kulthi,OD21,2015-16,3357.0008333333335,3357.0,0.0008333333335031057
Wholesale,Kulthi,OD21,2016-17,3350.0,3350.0,0.0
Wholesale,Kulthi,OD21,2017-18,3611.0,3611.0,0.0
Wholesale,Kulthi,OD21,2018-19,4825.0008333333335,4825.0,0.0008333333335031057
Wholesale,Kulthi,OD21,2019-20,5287.6866666666665,5287.69,0.003333333333102928
Wholesale,Kulthi,OD21,2020-21,5794.741666666666,5794.74,0.0016666666660967167
Wholesale,Kulthi,OD21,2021-22,6350.421666666666,6350.42,0.0016666666660967167
Wholesale,Kulthi,OD21,2022-23,6959.3875,6959.39,0.002500000000509317
Wholesale,Kulthi,OD21,2023-24,7626.746666666667,7626.75,0.003333333333102928
Wholesale,Kulthi,OD21,2024-25,8358.105000000001,8358.1,0.005000000001018634
Wholesale,Kulthi,OD22,2013-14,2827.0,2827.0,0.0
Wholesale,Kulthi,OD22,2014-15,3037.9991666666665,3038.0,0.0008333333335031057
Wholesale,Kulthi,OD22,2015-16,3182.9991666666665,3183.0,0.0008333333335031057
Wholesale,Kulthi,OD22,2016-17,3255.0008333333335,3255.0,0.0008333333335031057
Wholesale,Kulthi,OD22,2017-18,3500.0,3500.0,0.0
Wholesale,Kulthi,OD22,2018-19,4144.998333333334,4145.0,0.0016666666660967167
Wholesale,Kulthi,OD22,2019-20,4542.4775,4542.48,0.0024999999995998223
Wholesale,Kulthi,OD22,2020-21,4978.075,4978.07,0.005000000000109139
Wholesale,Kulthi,OD22,2021-22,5455.44,5455.44,0.0
Wholesale,Kulthi,OD22,2022-23,5978.5825,5978.58,0.002500000000509317
Wholesale,Kulthi,OD22,2023-24,6551.889999999999,6551.89,9.094947017729282e-13
Wholesale,Kulthi,OD22,2024-25,7180.175,7180.17,0.005000000000109139
Wholesale,Kulthi,OD23,2013-14,2755.9983333333334,2756.0,0.001666666666551464
Wholesale,Kulthi,OD23,2014-15,2899.9991666666665,2900.0,0.0008333333335031057
Wholesale,Kulthi,OD23,2015-16,3099.0016666666666,3099.0,0.001666666666551464
Wholesale,Kulthi,OD23,2016-17,3200.0,3200.0,0.0
Wholesale,Kulthi,OD23,2017-18,3510.0,3510.0,0.0
Wholesale,Kulthi,OD23,2018-19,4471.9991666666665,4472.0,0.0008333333335031057
Wholesale,Kulthi,OD23,2019-20,4900.836666666667,4900.84,0.003333333333102928
Wholesale,Kulthi,OD23,2020-21,5370.795,5370.8,0.005000000000109139
Wholesale,Kulthi,OD23,2021-22,5885.82,5885.82,0.0
Wholesale,Kulthi,OD23,2022-23,6450.232499999999,6450.23,0.0024999999995998223
Wholesale,Kulthi,OD23,2023-24,7068.768333333333,7068.77,0.0016666666670062114
Wholesale,Kulthi,OD23,2024-25,7746.62,7746.62,0.0
Wholesale,Kulthi,OD24,2013-14,2508.0,2508.0,0.0
Wholesale,Kulthi,OD24,2014-15,2750.0,2750.0,0.0
Wholesale,Kulthi,OD24,2015-16,3021.0016666666666,3021.0,0.001666666666551464
Wholesale,Kulthi,OD24,2016-17,3302.0,3302.0,0.0
Wholesale,Kulthi,OD24,2017-18,3556.0,3556.0,0.0
Wholesale,Kulthi,OD24,2018-19,2830.0008333333335,2830.0,0.0008333333335031057
Wholesale,Kulthi,OD24,2019-20,3101.379166666667,3101.38,0.0008333333330483583
Wholesale,Kulthi,OD24,2020-21,3398.7816666666663,3398.78,0.0016666666660967167
Wholesale,Kulthi,OD24,2021-22,3724.7033333333334,3724.7,0.0033333333335576754
Wholesale,Kulthi,OD24,2022-23,4081.8775,4081.88,0.0025000000000545697
Wholesale,Kulthi,OD24,2023-24,4473.303333333333,4473.3,0.003333333333102928
Wholesale,Kulthi,OD24,2024-25,4902.266666666666,4902.27,0.0033333333340124227
Wholesale,Kulthi,OD25,2013-14,2872.001666666667,2872.0,0.0016666666670062114
Wholesale,Kulthi,OD25,2014-15,3028.0008333333335,3028.0,0.0008333333335031057
Wholesale,Kulthi,OD25,2015-16,3408.9991666666665,3409.0,0.0008333333335031057
Wholesale,Kulthi,OD25,2016-17,3440.0,3440.0,0.0
Wholesale,Kulthi,OD25,2017-18,3708.0,3708.0,0.0
Wholesale,Kulthi,OD25,2018-19,4721.0008333333335,4721.0,0.0008333333335031057
Wholesale,Kulthi,OD25,2019-20,5173.714166666667,5173.71,0.004166666666606034
Wholesale,Kulthi,OD25,2020-21,5669.839166666668,5669.84,0.000833333332593611
Wholesale,Kulthi,OD25,2021-22,6213.5425,6213.54,0.0024999999995998223
Wholesale,Kulthi,OD25,2022-23,6809.380833333334,6809.38,0.0008333333335031057
Wholesale,Kulthi,OD25,2023-24,7462.356666666667,7462.36,0.003333333333102928
Wholesale,Kulthi,OD25,2024-25,8177.95,8177.95,0.0
Wholesale,Kulthi,OD26,2013-14,2667.0,2667.0,0.0
Wholesale,Kulthi,OD26,2014-15,2800.0,2800.0,0.0
Wholesale,Kulthi,OD26,2015-16,3099.0008333333335,3099.0,0.0008333333335031057
Wholesale,Kulthi,OD26,2016-17,3167.0,3167.0,0.0
Wholesale,Kulthi,OD26,2017-18,3133.0008333333335,3133.0,0.0008333333335031057
Wholesale,Kulthi,OD26,2018-19,2878.0,2878.0,0.0
Wholesale,Kulthi,OD26,2019-20,3153.9825,3153.98,0.0025000000000545697
Wholesale,Kulthi,OD26,2020-21,3456.4300000000003,3456.43,4.547473508864641e-13
Wholesale,Kulthi,OD26,2021-22,3787.879166666666,3787.88,0.000833333333957853
Wholesale,Kulthi,OD26,2022-23,4151.113333333334,4151.11,0.0033333333340124227
Wholesale,Kulthi,OD26,2023-24,4549.177500000001,4549.18,0.0024999999995998223
Wholesale,Kulthi,OD26,2024-25,4985.413333333333,4985.41,0.003333333333102928
Wholesale,Kulthi,OD27,2013-14,2666.9991666666665,2667.0,0.0008333333335031057
Wholesale,Kulthi,OD27,2014-15,2750.0,2750.0,0.0
Wholesale,Kulthi,OD27,2015-16,3339.9991666666665,3340.0,0.0008333333335031057
Wholesale,Kulthi,OD27,2016-17,3321.0008333333335,3321.0,0.0008333333335031057
Wholesale,Kulthi,OD27,2017-18,3566.9991666666665,3567.0,0.0008333333335031057
Wholesale,Kulthi,OD27,2018-19,3200.0,3200.0,0.0
Wholesale,Kulthi,OD27,2019-20,3506.86,3506.86,0.0
Wholesale,Kulthi,OD27,2020-21,3843.1458333333335,3843.15,0.004166666666606034
Wholesale,Kulthi,OD27,2021-22,4211.679999999999,4211.68,9.094947017729282e-13
Wholesale,Kulthi,OD27,2022-23,4615.551666666666,4615.55,0.0016666666660967167
Wholesale,Kulthi,OD27,2023-24,5058.154166666666,5058.15,0.004166666666606034
Wholesale,Kulthi,OD27,2024-25,5543.2,5543.2,0.0
Wholesale,Kulthi,OD28,2013-14,2500.0,2500.0,0.0
Wholesale,Kulthi,OD28,2014-15,3007.0,3007.0,0.0
Wholesale,Kulthi,OD28,2015-16,3397.0,3397.0,0.0
Wholesale,Kulthi,OD28,2016-17,3421.0016666666666,3421.0,0.001666666666551464
Wholesale,Kulthi,OD28,2017-18,3717.0,3717.0,0.0
Wholesale,Kulthi,OD28,2018-19,3708.0,3708.0,0.0
Wholesale,Kulthi,OD28,2019-20,4063.5733333333333,4063.57,0.003333333333102928
Wholesale,Kulthi,OD28,2020-21,4453.2425,4453.24,0.002500000000509317
Wholesale,Kulthi,OD28,2021-22,4880.283333333334,4880.28,0.0033333333340124227
Wholesale,Kulthi,OD28,2022-23,5348.270833333333,5348.27,0.000833333332593611
Wholesale,Kulthi,OD28,2023-24,5861.134999999999,5861.14,0.005000000001018634
Wholesale,Kulthi,OD28,2024-25,6423.181666666666,6423.18,0.0016666666660967167
Wholesale,Kulthi,OD29,2013-14,2580.0,2580.0,0.0
Wholesale,Kulthi,OD29,2014-15,2900.0008333333335,2900.0,0.0008333333335031057
Wholesale,Kulthi,OD29,2015-16,3409.0008333333335,3409.0,0.0008333333335031057
Wholesale,Kulthi,OD29,2016-17,3417.001666666667,3417.0,0.0016666666670062114
Wholesale,Kulthi,OD29,2017-18,3739.9991666666665,3740.0,0.0008333333335031057
Wholesale,Kulthi,OD29,2018-19,3333.0,3333.0,0.0
Wholesale,Kulthi,OD29,2019-20,3652.6141666666667,3652.61,0.004166666666606034
Wholesale,Kulthi,OD29,2020-21,4002.876666666667,4002.88,0.003333333333102928
Wholesale,Kulthi,OD29,2021-22,4386.725833333333,4386.73,0.004166666666606034
Wholesale,Kulthi,OD29,2022-23,4807.385833333333,4807.39,0.004166666667515528
Wholesale,Kulthi,OD29,2023-24,5268.383333333333,5268.38,0.003333333333102928
Wholesale,Kulthi,OD29,2024-25,5773.587500000001,5773.59,0.0024999999995998223
Wholesale,Kulthi,OD30,2013-14,2619.9983333333334,2620.0,0.001666666666551464
Wholesale,Kulthi,OD30,2014-15,2900.0,2900.0,0.0
Wholesale,Kulthi,OD30,2015-16,3564.0,3564.0,0.0
Wholesale,Kulthi,OD30,2016-17,3499.9991666666665,3500.0,0.0008333333335031057
Wholesale,Kulthi,OD30,2017-18,3792.0,3792.0,0.0
Wholesale,Kulthi,OD30,2018-19,5038.0008333333335,5038.0,0.0008333333335031057
Wholesale,Kulthi,OD30,2019-20,5521.111666666667,5521.11,0.0016666666670062114
Wholesale,Kulthi,OD30,2020-21,6050.551666666666,6050.55,0.0016666666660967167
Wholesale,Kulthi,OD30,2021-22,6630.759999999999,6630.76,9.094947017729282e-13
Wholesale,Kulthi,OD30,2022-23,7266.609166666666,7266.61,0.0008333333335031057
Wholesale,Kulthi,OD30,2023-24,7963.43,7963.43,0.0
Wholesale,Kulthi,OD30,2024-25,8727.073333333334,8727.07,0.0033333333340124227
Wholesale,Linseed,OD13,2013-14,2533.0,2533.0,0.0
Wholesale,Linseed,OD13,2014-15,2837.0008333333335,2837.0,0.0008333333335031057
Wholesale,Linseed,OD13,2015-16,2858.9983333333334,2859.0,0.001666666666551464
Wholesale,Linseed,OD13,2019-20,3037.2450000000003,3037.25,0.004999999999654392
Wholesale,Linseed,OD13,2020-21,3226.6975,3226.7,0.0024999999995998223
Wholesale,Linseed,OD13,2021-22,3427.9666666666667,3427.96,0.006666666666660603
Wholesale,Linseed,OD13,2022-23,3641.786666666667,3641.79,0.003333333333102928
Wholesale,Linseed,OD13,2023-24,3868.9475,3868.95,0.0024999999995998223
Wholesale,Linseed,OD13,2024-25,4110.275833333333,4110.28,0.004166666666606034
Wholesale,Linseed,OD15,2013-14,2478.0,2478.0,0.0
Wholesale,Linseed,OD15,2014-15,2775.0,2775.0,0.0
Wholesale,Linseed,OD15,2015-16,2797.0,2797.0,0.0
Wholesale,Linseed,OD15,2019-20,2971.1825000000003,2971.18,0.002500000000509317
Wholesale,Linseed,OD15,2020-21,3156.5125000000003,3156.51,0.0025000000000545697
Wholesale,Linseed,OD15,2021-22,3353.4025,3353.4,0.0025000000000545697
Wholesale,Linseed,OD15,2022-23,3562.5741666666668,3562.57,0.004166666666606034
Wholesale,Linseed,OD15,2023-24,3784.7925,3784.79,0.0025000000000545697
Wholesale,Linseed,OD15,2024-25,4020.8733333333334,4020.87,0.0033333333335576754
Wholesale,Linseed,OD18,2013-14,2469.999166666667,2470.0,0.0008333333330483583
Wholesale,Linseed,OD18,2014-15,2766.0,2766.0,0.0
Wholesale,Linseed,OD18,2015-16,2788.0,2788.0,0.0
Wholesale,Linseed,OD18,2019-20,2961.5866666666666,2961.59,0.0033333333335576754
Wholesale,Linseed,OD18,2020-21,3146.3174999999997,3146.32,0.002500000000509317
Wholesale,Linseed,OD18,2021-22,3342.5716666666667,3342.57,0.001666666666551464
Wholesale,Linseed,OD18,2022-23,3551.068333333333,3551.07,0.0016666666670062114
Wholesale,Linseed,OD18,2023-24,3772.5699999999997,3772.57,4.547473508864641e-13
Wholesale,Linseed,OD18,2024-25,4007.8866666666668,4007.89,0.003333333333102928
Wholesale,Linseed,OD19,2013-14,2600.0,2600.0,0.0
Wholesale,Linseed,OD19,2014-15,2911.9991666666665,2912.0,0.0008333333335031057
Wholesale,Linseed,OD19,2015-16,2934.0,2934.0,0.0
Wholesale,Linseed,OD19,2019-20,3117.3483333333334,3117.35,0.001666666666551464
Wholesale,Linseed,OD19,2020-21,3311.7958333333336,3311.8,0.004166666666606034
Wholesale,Linseed,OD19,2021-22,3518.3725,3518.37,0.0025000000000545697
Wholesale,Linseed,OD19,2022-23,3737.8333333333335,3737.83,0.0033333333335576754
Wholesale,Linseed,OD19,2023-24,3970.9858333333336,3970.98,0.005833333333612245
Wholesale,Linseed,OD19,2024-25,4218.678333333333,4218.68,0.0016666666670062114
Wholesale,Linseed,OD20,2013-14,2469.9991666666665,2470.0,0.0008333333335031057
Wholesale,Linseed,OD20,2014-15,2766.0016666666666,2766.0,0.001666666666551464
Wholesale,Linseed,OD20,2015-16,2788.0,2788.0,0.0
Wholesale,Linseed,OD20,2019-20,2961.5850000000005,2961.59,0.004999999999654392
Wholesale,Linseed,OD20,2020-21,3146.318333333333,3146.32,0.0016666666670062114
Wholesale,Linseed,OD20,2021-22,3342.5725,3342.57,0.0025000000000545697
Wholesale,Linseed,OD20,2022-23,3551.0674999999997,3551.07,0.002500000000509317
Wholesale,Linseed,OD20,2023-24,3772.5674999999997,3772.57,0.002500000000509317
Wholesale,Linseed,OD20,2024-25,4007.8866666666668,4007.89,0.003333333333102928
Wholesale,Linseed,OD21,2013-14,2642.9991666666665,2643.0,0.0008333333335031057
Wholesale,Linseed,OD21,2014-15,2961.0,2961.0,0.0
Wholesale,Linseed,OD21,2015-16,2983.0008333333335,2983.0,0.0008333333335031057
Wholesale,Linseed,OD21,2019-20,3169.3716666666664,3169.37,0.001666666666551464
Wholesale,Linseed,OD21,2020-21,3367.0658333333336,3367.07,0.004166666666606034
Wholesale,Linseed,OD21,2021-22,3577.088333333333,3577.09,0.0016666666670062114
Wholesale,Linseed,OD21,2022-23,3800.2125,3800.21,0.0025000000000545697
Wholesale,Linseed,OD21,2023-24,4037.2549999999997,4037.26,0.005000000000563887
Wholesale,Linseed,OD21,2024-25,4289.083333333333,4289.08,0.003333333333102928
Wholesale,Linseed,OD22,2013-14,2420.0,2420.0,0.0
Wholesale,Linseed,OD22,2014-15,2709.999166666667,2710.0,0.0008333333330483583
Wholesale,Linseed,OD22,2015-16,2731.0,2731.0,0.0
Wholesale,Linseed,OD22,2019-20,2901.433333333333,2901.43,0.003333333333102928
Wholesale,Linseed,OD22,2020-21,3082.4133333333334,3082.41,0.0033333333335576754
Wholesale,Linseed,OD22,2021-22,3274.681666666667,3274.68,0.0016666666670062114
Wholesale,Linseed,OD22,2022-23,3478.9424999999997,3478.94,0.0024999999995998223
Wholesale,Linseed,OD22,2023-24,3695.9424999999997,3695.94,0.0024999999995998223
Wholesale,Linseed,OD22,2024-25,3926.4833333333336,3926.48,0.0033333333335576754
Wholesale,Linseed,OD23,2013-14,2464.999166666667,2465.0,0.0008333333330483583
Wholesale,Linseed,OD23,2014-15,2761.0008333333335,2761.0,0.0008333333335031057
Wholesale,Linseed,OD23,2015-16,2781.9991666666665,2782.0,0.0008333333335031057
Wholesale,Linseed,OD23,2019-20,2955.6775,2955.68,0.0025000000000545697
Wholesale,Linseed,OD23,2020-21,3140.040833333333,3140.04,0.0008333333330483583
Wholesale,Linseed,OD23,2021-22,3335.905,3335.9,0.005000000000109139
Wholesale,Linseed,OD23,2022-23,3543.9841666666666,3543.98,0.004166666666606034
Wholesale,Linseed,OD23,2023-24,3765.043333333333,3765.04,0.003333333333102928
Wholesale,Linseed,OD23,2024-25,3999.8916666666664,3999.89,0.001666666666551464
Wholesale,Linseed,OD24,2013-14,2603.0008333333335,2603.0,0.0008333333335031057
Wholesale,Linseed,OD24,2014-15,2915.0016666666666,2915.0,0.001666666666551464
Wholesale,Linseed,OD24,2015-16,2938.0008333333335,2938.0,0.0008333333335031057
Wholesale,Linseed,OD24,2019-20,3121.0325,3121.03,0.0024999999995998223
Wholesale,Linseed,OD24,2020-21,3315.7116666666666,3315.71,0.001666666666551464
Wholesale,Linseed,OD24,2021-22,3522.5316666666663,3522.53,0.0016666666660967167
Wholesale,Linseed,OD24,2022-23,3742.2516666666666,3742.25,0.001666666666551464
Wholesale,Linseed,OD24,2023-24,3975.6800000000003,3975.68,4.547473508864641e-13
Wholesale,Linseed,OD24,2024-25,4223.666666666667,4223.67,0.003333333333102928
Wholesale,Linseed,OD25,2013-14,2458.0,2458.0,0.0
Wholesale,Linseed,OD25,2014-15,2753.0008333333335,2753.0,0.0008333333335031057
Wholesale,Linseed,OD25,2015-16,2774.0,2774.0,0.0
Wholesale,Linseed,OD25,2019-20,2947.1941666666667,2947.19,0.004166666666606034
Wholesale,Linseed,OD25,2020-21,3131.025833333333,3131.03,0.004166666667060781
Wholesale,Linseed,OD25,2021-22,3326.3266666666664,3326.33,0.0033333333335576754
Wholesale,Linseed,OD25,2022-23,3533.81,3533.81,0.0
Wholesale,Linseed,OD25,2023-24,3754.235,3754.23,0.005000000000109139
Wholesale,Linseed,OD25,2024-25,3988.4075,3988.41,0.0025000000000545697
Wholesale,Linseed,OD26,2013-14,2655.9991666666665,2656.0,0.0008333333335031057
Wholesale,Linseed,OD26,2014-15,2975.0,2975.0,0.0
Wholesale,Linseed,OD26,2015-16,2998.0,2998.0,0.0
Wholesale,Linseed,OD26,2019-20,3184.8758333333335,3184.88,0.004166666666606034
Wholesale,Linseed,OD26,2020-21,3383.5358333333334,3383.54,0.004166666666606034
Wholesale,Linseed,OD26,2021-22,3594.5891666666666,3594.59,0.0008333333335031057
Wholesale,Linseed,OD26,2022-23,3818.8025,3818.8,0.0024999999995998223
Wholesale,Linseed,OD26,2023-24,4057.0049999999997,4057.0,0.004999999999654392
Wholesale,Linseed,OD26,2024-25,4310.064166666667,4310.06,0.004166666666606034
Wholesale,Linseed,OD30,2013-14,2504.9991666666665,2505.0,0.0008333333335031057
Wholesale,Linseed,OD30,2014-15,2805.9991666666665,2806.0,0.0008333333335031057
Wholesale,Linseed,OD30,2015-16,2827.0,2827.0,0.0
Wholesale,Linseed,OD30,2019-20,3003.661666666667,3003.66,0.0016666666670062114
Wholesale,Linseed,OD30,2020-21,3191.0166666666664,3191.02,0.0033333333335576754
Wholesale,Linseed,OD30,2021-22,3390.058333333333,3390.06,0.0016666666670062114
Wholesale,Linseed,OD30,2022-23,3601.5158333333334,3601.52,0.004166666666606034
Wholesale,Linseed,OD30,2023-24,3826.1649999999995,3826.16,0.004999999999654392
Wholesale,Linseed,OD30,2024-25,4064.8241666666668,4064.83,0.005833333333157498
Wholesale,Maize,OD01,2013-14,1100.0,1100.0,0.0
Wholesale,Maize,OD01,2014-15,1249.9991666666667,1250.0,0.000833333333275732
Wholesale,Maize,OD01,2015-16,1366.9991666666665,1367.0,0.0008333333335031057
Wholesale,Maize,OD01,2016-17,1600.0,1600.0,0.0
Wholesale,Maize,OD01,2017-18,1600.0008333333333,1600.0,0.000833333333275732
Wholesale,Maize,OD01,2018-19,1608.9991666666665,1609.0,0.0008333333335031057
Wholesale,Maize,OD01,2019-20,1724.8366666666668,1724.84,0.003333333333102928
Wholesale,Maize,OD01,2020-21,1849.0133333333333,1849.01,0.0033333333333303017
Wholesale,Maize,OD01,2021-22,1982.1291666666666,1982.13,0.0008333333335031057
Wholesale,Maize,OD01,2022-23,2124.8283333333334,2124.83,0.001666666666551464
Wholesale,Maize,OD01,2023-24,2277.7999999999997,2277.8,4.547473508864641e-13
Wholesale,Maize,OD01,2024-25,2441.7883333333334,2441.79,0.001666666666551464
Wholesale,Maize,OD02,2013-14,1148.9991666666667,1149.0,0.000833333333275732
Wholesale,Maize,OD02,2014-15,1236.0008333333333,1236.0,0.000833333333275732
Wholesale,Maize,OD02,2015-16,1384.0,1384.0,0.0
Wholesale,Maize,OD02,2016-17,1433.0,1433.0,0.0
Wholesale,Maize,OD02,2017-18,1585.0,1585.0,0.0
Wholesale,Maize,OD02,2018-19,1584.9991666666665,1585.0,0.0008333333335031057
Wholesale,Maize,OD02,2019-20,1699.1075,1699.11,0.002499999999827196
Wholesale,Maize,OD02,2020-21,1821.4341666666667,1821.43,0.004166666666606034
Wholesale,Maize,OD02,2021-22,1952.5616666666667,1952.56,0.0016666666667788377
Wholesale,Maize,OD02,2022-23,2093.133333333333,2093.13,0.003333333333102928
Wholesale,Maize,OD02,2023-24,2243.8250000000003,2243.83,0.004999999999654392
Wholesale,Maize,OD02,2024-25,2405.3650000000002,2405.37,0.004999999999654392
Wholesale,Maize,OD03,2013-14,1240.8391666666666,1240.84,0.000833333333275732
Wholesale,Maize,OD03,2014-15,1269.9991666666667,1270.0,0.000833333333275732
Wholesale,Maize,OD03,2015-16,1477.0008333333335,1477.0,0.0008333333335031057
Wholesale,Maize,OD03,2016-17,1585.0,1585.0,0.0
Wholesale,Maize,OD03,2017-18,1600.0,1600.0,0.0
Wholesale,Maize,OD03,2018-19,1756.6091666666669,1756.61,0.0008333333330483583
Wholesale,Maize,OD03,2019-20,1704.7916666666667,1704.79,0.0016666666667788377
Wholesale,Maize,OD03,2020-21,1827.5241666666668,1827.52,0.004166666666833407
Wholesale,Maize,OD03,2021-22,1959.0925,1959.09,0.0025000000000545697
Wholesale,Maize,OD03,2022-23,2100.1341666666667,2100.13,0.004166666666606034
Wholesale,Maize,OD03,2023-24,2251.329166666667,2251.33,0.0008333333330483583
Wholesale,Maize,OD03,2024-25,2413.4108333333334,2413.41,0.0008333333335031057
Wholesale,Maize,OD04,2013-14,1299.9991666666667,1300.0,0.000833333333275732
Wholesale,Maize,OD04,2014-15,1300.0,1300.0,0.0
Wholesale,Maize,OD04,2015-16,1421.9983333333332,1422.0,0.0016666666667788377
Wholesale,Maize,OD04,2016-17,1650.0016666666668,1650.0,0.0016666666667788377
Wholesale,Maize,OD04,2017-18,1675.0008333333335,1675.0,0.0008333333335031057
Wholesale,Maize,OD04,2018-19,1907.9991666666665,1908.0,0.0008333333335031057
Wholesale,Maize,OD04,2019-20,2045.3633333333335,2045.36,0.0033333333335576754
Wholesale,Maize,OD04,2020-21,2192.6133333333332,2192.61,0.003333333333102928
Wholesale,Maize,OD04,2021-22,2350.4675,2350.47,0.0024999999995998223
Wholesale,Maize,OD04,2022-23,2519.685,2519.68,0.005000000000109139
Wholesale,Maize,OD04,2023-24,2701.085,2701.08,0.005000000000109139
Wholesale,Maize,OD04,2024-25,2895.5441666666666,2895.54,0.004166666666606034
Wholesale,Maize,OD05,2013-14,1306.8083333333334,1306.81,0.001666666666551464
Wholesale,Maize,OD05,2014-15,1384.1658333333335,1384.17,0.004166666666606034
Wholesale,Maize,OD05,2015-16,1558.1158333333333,1558.12,0.004166666666606034
Wholesale,Maize,OD05,2016-17,1621.8066666666666,1621.81,0.0033333333333303017
Wholesale,Maize,OD05,2017-18,1674.8491666666666,1674.85,0.000833333333275732
Wholesale,Maize,OD05,2018-19,1850.0,1850.0,0.0
Wholesale,Maize,OD05,2019-20,1983.1866666666665,1983.19,0.0033333333335576754
Wholesale,Maize,OD05,2020-21,2125.963333333333,2125.96,0.003333333333102928
Wholesale,Maize,OD05,2021-22,2279.0175,2279.02,0.0025000000000545697
Wholesale,Maize,OD05,2022-23,2443.090833333333,2443.09,0.0008333333330483583
Wholesale,Maize,OD05,2023-24,2618.9758333333334,2618.98,0.004166666666606034
Wholesale,Maize,OD05,2024-25,2807.525,2807.52,0.005000000000109139
Wholesale,Maize,OD06,2013-14,1155.2266666666667,1155.23,0.0033333333333303017
Wholesale,Maize,OD06,2014-15,1223.6108333333334,1223.61,0.0008333333335031057
Wholesale,Maize,OD06,2015-16,1377.385,1377.39,0.005000000000109139
Wholesale,Maize,OD06,2016-17,1400.0,1400.0,0.0
Wholesale,Maize,OD06,2017-18,1475.0,1475.0,0.0
Wholesale,Maize,OD06,2018-19,1680.0008333333335,1680.0,0.0008333333335031057
Wholesale,Maize,OD06,2019-20,1800.9466666666667,1800.95,0.0033333333333303017
Wholesale,Maize,OD06,2020-21,1930.6033333333332,1930.6,0.0033333333333303017
Wholesale,Maize,OD06,2021-22,2069.5941666666668,2069.59,0.004166666666606034
Wholesale,Maize,OD06,2022-23,2218.5883333333336,2218.59,0.001666666666551464
Wholesale,Maize,OD06,2023-24,2378.3133333333335,2378.31,0.0033333333335576754
Wholesale,Maize,OD06,2024-25,2549.5358333333334,2549.54,0.004166666666606034
Wholesale,Maize,OD07,2013-14,1350.0008333333333,1350.0,0.000833333333275732
Wholesale,Maize,OD07,2014-15,1375.0,1375.0,0.0
Wholesale,Maize,OD07,2015-16,1531.0,1531.0,0.0
Wholesale,Maize,OD07,2016-17,1633.0008333333333,1633.0,0.000833333333275732
Wholesale,Maize,OD07,2017-18,1650.0016666666668,1650.0,0.0016666666667788377
Wholesale,Maize,OD07,2018-19,1850.4041666666665,1850.4,0.00416666666637866
Wholesale,Maize,OD07,2019-20,1795.819166666667,1795.82,0.0008333333330483583
Wholesale,Maize,OD07,2020-21,1925.1025,1925.1,0.0025000000000545697
Wholesale,Maize,OD07,2021-22,2063.7000000000003,2063.7,4.547473508864641e-13
Wholesale,Maize,OD07,2022-23,2212.27,2212.27,0.0
Wholesale,Maize,OD07,2023-24,2371.539166666667,2371.54,0.0008333333330483583
Wholesale,Maize,OD07,2024-25,2542.2716666666665,2542.27,0.001666666666551464
Wholesale,Maize,OD08,2013-14,1191.64,1191.64,0.0
Wholesale,Maize,OD08,2014-15,1262.1816666666666,1262.18,0.001666666666551464
Wholesale,Maize,OD08,2015-16,1420.8008333333335,1420.8,0.0008333333335031057
Wholesale,Maize,OD08,2016-17,1449.9991666666665,1450.0,0.0008333333335031057
Wholesale,Maize,OD08,2017-18,1500.0008333333333,1500.0,0.000833333333275732
Wholesale,Maize,OD08,2018-19,1749.9991666666667,1750.0,0.000833333333275732
Wholesale,Maize,OD08,2019-20,1875.9883333333335,1875.99,0.001666666666551464
Wholesale,Maize,OD08,2020-21,2011.0441666666666,2011.05,0.005833333333384871
Wholesale,Maize,OD08,2021-22,2155.8283333333334,2155.83,0.001666666666551464
Wholesale,Maize,OD08,2022-23,2311.0308333333332,2311.03,0.0008333333330483583
Wholesale,Maize,OD08,2023-24,2477.4083333333333,2477.41,0.001666666666551464
Wholesale,Maize,OD08,2024-25,2655.765,2655.77,0.005000000000109139
Wholesale,Maize,OD09,2013-14,1200.0008333333333,1200.0,0.000833333333275732
Wholesale,Maize,OD09,2014-15,1250.0,1250.0,0.0
Wholesale,Maize,OD09,2015-16,1422.0,1422.0,0.0
Wholesale,Maize,OD09,2016-17,1642.0,1642.0,0.0
Wholesale,Maize,OD09,2017-18,1677.9991666666667,1678.0,0.000833333333275732
Wholesale,Maize,OD09,2018-19,1813.0008333333333,1813.0,0.000833333333275732
Wholesale,Maize,OD09,2019-20,1943.5225,1943.52,0.0025000000000545697
Wholesale,Maize,OD09,2020-21,2083.4441666666667,2083.44,0.004166666666606034
Wholesale,Maize,OD09,2021-22,2233.4366666666665,2233.44,0.0033333333335576754
Wholesale,Maize,OD09,2022-23,2394.228333333333,2394.23,0.0016666666670062114
Wholesale,Maize,OD09,2023-24,2566.596666666667,2566.6,0.003333333333102928
Wholesale,Maize,OD09,2024-25,2751.3725,2751.37,0.0025000000000545697
Wholesale,Maize,OD10,2013-14,1217.0,1217.0,0.0
Wholesale,Maize,OD10,2014-15,1307.0008333333333,1307.0,0.000833333333275732
Wholesale,Maize,OD10,2015-16,1422.0,1422.0,0.0
Wholesale,Maize,OD10,2016-17,1427.0,1427.0,0.0
Wholesale,Maize,OD10,2017-18,1423.0008333333333,1423.0,0.000833333333275732
Wholesale,Maize,OD10,2018-19,1500.0,1500.0,0.0
Wholesale,Maize,OD10,2019-20,1607.99,1607.99,0.0
Wholesale,Maize,OD10,2020-21,1723.7541666666666,1723.75,0.004166666666606034
Wholesale,Maize,OD10,2021-22,1847.8516666666667,1847.85,0.0016666666667788377
Wholesale,Maize,OD10,2022-23,1980.8841666666667,1980.88,0.004166666666606034
Wholesale,Maize,OD10,2023-24,2123.4933333333333,2123.49,0.0033333333335576754
Wholesale,Maize,OD10,2024-25,2276.3725,2276.37,0.0025000000000545697
Wholesale,Maize,OD11,2013-14,1300.0008333333333,1300.0,0.000833333333275732
Wholesale,Maize,OD11,2014-15,1325.0,1325.0,0.0
Wholesale,Maize,OD11,2015-16,1449.0008333333333,1449.0,0.000833333333275732
Wholesale,Maize,OD11,2016-17,1466.9991666666667,1467.0,0.000833333333275732
Wholesale,Maize,OD11,2017-18,1580.0,1580.0,0.0
Wholesale,Maize,OD11,2018-19,1600.0008333333333,1600.0,0.000833333333275732
Wholesale,Maize,OD11,2019-20,1715.1899999999998,1715.19,2.2737367544323206e-13
Wholesale,Maize,OD11,2020-21,1838.6725,1838.67,0.002499999999827196
Wholesale,Maize,OD11,2021-22,1971.0424999999998,1971.04,0.002499999999827196
Wholesale,Maize,OD11,2022-23,2112.9441666666667,2112.94,0.004166666666606034
Wholesale,Maize,OD11,2023-24,2265.0616666666665,2265.06,0.001666666666551464
Wholesale,Maize,OD11,2024-25,2428.1291666666666,2428.13,0.0008333333335031057
Wholesale,Maize,OD12,2013-14,1330.0008333333333,1330.0,0.000833333333275732
Wholesale,Maize,OD12,2014-15,1375.0008333333333,1375.0,0.000833333333275732
Wholesale,Maize,OD12,2015-16,1477.0,1477.0,0.0
Wholesale,Maize,OD12,2016-17,1575.0,1575.0,0.0
Wholesale,Maize,OD12,2017-18,1645.6233333333332,1645.62,0.0033333333333303017
Wholesale,Maize,OD12,2018-19,1817.72,1817.72,0.0
Wholesale,Maize,OD12,2019-20,1708.2299999999998,1708.23,2.2737367544323206e-13
Wholesale,Maize,OD12,2020-21,1831.2116666666668,1831.21,0.0016666666667788377
Wholesale,Maize,OD12,2021-22,1963.0441666666666,1963.04,0.004166666666606034
Wholesale,Maize,OD12,2022-23,2104.369166666667,2104.37,0.0008333333330483583
Wholesale,Maize,OD12,2023-24,2255.869166666667,2255.87,0.0008333333330483583
Wholesale,Maize,OD12,2024-25,2418.2775,2418.28,0.0025000000000545697
Wholesale,Maize,OD13,2013-14,1154.2608333333333,1154.26,0.000833333333275732
Wholesale,Maize,OD13,2014-15,1222.5891666666666,1222.59,0.000833333333275732
Wholesale,Maize,OD13,2015-16,1376.2325,1376.23,0.0025000000000545697
Wholesale,Maize,OD13,2016-17,1550.0,1550.0,0.0
Wholesale,Maize,OD13,2017-18,1479.3391666666666,1479.34,0.000833333333275732
Wholesale,Maize,OD13,2018-19,1500.0008333333333,1500.0,0.000833333333275732
Wholesale,Maize,OD13,2019-20,1607.9916666666668,1607.99,0.0016666666667788377
Wholesale,Maize,OD13,2020-21,1723.7533333333333,1723.75,0.0033333333333303017
Wholesale,Maize,OD13,2021-22,1847.8525,1847.85,0.0025000000000545697
Wholesale,Maize,OD13,2022-23,1980.885,1980.88,0.004999999999881766
Wholesale,Maize,OD13,2023-24,2123.495,2123.49,0.005000000000109139
Wholesale,Maize,OD13,2024-25,2276.3725,2276.37,0.0025000000000545697
Wholesale,Maize,OD14,2013-14,1325.0,1325.0,0.0
Wholesale,Maize,OD14,2014-15,1340.0,1340.0,0.0
Wholesale,Maize,OD14,2015-16,1444.0,1444.0,0.0
Wholesale,Maize,OD14,2016-17,1486.9991666666667,1487.0,0.000833333333275732
Wholesale,Maize,OD14,2017-18,1600.0,1600.0,0.0
Wholesale,Maize,OD14,2018-19,1500.0,1500.0,0.0
Wholesale,Maize,OD14,2019-20,1607.9891666666665,1607.99,0.0008333333335031057
Wholesale,Maize,OD14,2020-21,1723.7524999999998,1723.75,0.002499999999827196
Wholesale,Maize,OD14,2021-22,1847.8525,1847.85,0.0025000000000545697
Wholesale,Maize,OD14,2022-23,1980.885,1980.88,0.004999999999881766
Wholesale,Maize,OD14,2023-24,2123.495,2123.49,0.005000000000109139
Wholesale,Maize,OD14,2024-25,2276.3708333333334,2276.37,0.0008333333335031057
Wholesale,Maize,OD15,2013-14,1119.9983333333332,1120.0,0.0016666666667788377
Wholesale,Maize,OD15,2014-15,1250.0008333333333,1250.0,0.000833333333275732
Wholesale,Maize,OD15,2015-16,1422.0008333333335,1422.0,0.0008333333335031057
Wholesale,Maize,OD15,2016-17,1425.0,1425.0,0.0
Wholesale,Maize,OD15,2017-18,1425.0,1425.0,0.0
Wholesale,Maize,OD15,2018-19,1479.9991666666665,1480.0,0.0008333333335031057
Wholesale,Maize,OD15,2019-20,1586.55,1586.55,0.0
Wholesale,Maize,OD15,2020-21,1700.7716666666665,1700.77,0.001666666666551464
Wholesale,Maize,OD15,2021-22,1823.2133333333334,1823.21,0.0033333333333303017
Wholesale,Maize,OD15,2022-23,1954.4724999999999,1954.47,0.002499999999827196
Wholesale,Maize,OD15,2023-24,2095.1808333333333,2095.18,0.0008333333335031057
Wholesale,Maize,OD15,2024-25,2246.02,2246.02,0.0
Wholesale,Maize,OD16,2013-14,1317.0,1317.0,0.0
Wholesale,Maize,OD16,2014-15,1366.9991666666665,1367.0,0.0008333333335031057
Wholesale,Maize,OD16,2015-16,1503.9991666666667,1504.0,0.000833333333275732
Wholesale,Maize,OD16,2016-17,1545.0016666666668,1545.0,0.0016666666667788377
Wholesale,Maize,OD16,2017-18,1599.9983333333332,1600.0,0.0016666666667788377
Wholesale,Maize,OD16,2018-19,1599.9991666666665,1600.0,0.0008333333335031057
Wholesale,Maize,OD16,2019-20,1715.1899999999998,1715.19,2.2737367544323206e-13
Wholesale,Maize,OD16,2020-21,1838.67,1838.67,0.0
Wholesale,Maize,OD16,2021-22,1971.0416666666667,1971.04,0.0016666666667788377
Wholesale,Maize,OD16,2022-23,2112.943333333333,2112.94,0.003333333333102928
Wholesale,Maize,OD16,2023-24,2265.0608333333334,2265.06,0.0008333333335031057
Wholesale,Maize,OD16,2024-25,2428.1291666666666,2428.13,0.0008333333335031057
Wholesale,Maize,OD18,2013-14,1200.0,1200.0,0.0
Wholesale,Maize,OD18,2014-15,1350.0,1350.0,0.0
Wholesale,Maize,OD18,2015-16,1476.9983333333332,1477.0,0.0016666666667788377
Wholesale,Maize,OD18,2016-17,1532.9983333333332,1533.0,0.0016666666667788377
Wholesale,Maize,OD18,2017-18,1585.9991666666665,1586.0,0.0008333333335031057
Wholesale,Maize,OD18,2018-19,1720.0008333333335,1720.0,0.0008333333335031057
Wholesale,Maize,OD18,2019-20,1843.8291666666667,1843.83,0.000833333333275732
Wholesale,Maize,OD18,2020-21,1976.5708333333332,1976.57,0.000833333333275732
Wholesale,Maize,OD18,2021-22,2118.87,2118.87,0.0
Wholesale,Maize,OD18,2022-23,2271.415,2271.41,0.005000000000109139
Wholesale,Maize,OD18,2023-24,2434.9408333333336,2434.94,0.0008333333335031057
Wholesale,Maize,OD18,2024-25,2610.2391666666667,2610.24,0.0008333333330483583
Wholesale,Maize,OD19,2013-14,1237.2791666666667,1237.28,0.000833333333275732
Wholesale,Maize,OD19,2014-15,1310.5191666666667,1310.52,0.000833333333275732
Wholesale,Maize,OD19,2015-16,1475.2166666666665,1475.22,0.0033333333335576754
Wholesale,Maize,OD19,2016-17,1650.0,1650.0,0.0
Wholesale,Maize,OD19,2017-18,1650.0008333333333,1650.0,0.000833333333275732
Wholesale,Maize,OD19,2018-19,1550.0,1550.0,0.0
Wholesale,Maize,OD19,2019-20,1661.5883333333334,1661.59,0.001666666666551464
Wholesale,Maize,OD19,2020-21,1781.2124999999999,1781.21,0.002499999999827196
Wholesale,Maize,OD19,2021-22,1909.4475,1909.45,0.0025000000000545697
Wholesale,Maize,OD19,2022-23,2046.915,2046.91,0.004999999999881766
Wholesale,Maize,OD19,2023-24,2194.2766666666666,2194.28,0.0033333333335576754
Wholesale,Maize,OD19,2024-25,2352.25,2352.25,0.0
Wholesale,Maize,OD20,2013-14,1218.0,1218.0,0.0
Wholesale,Maize,OD20,2014-15,1300.0,1300.0,0.0
Wholesale,Maize,OD20,2015-16,1444.0,1444.0,0.0
Wholesale,Maize,OD20,2016-17,1448.0,1448.0,0.0
Wholesale,Maize,OD20,2017-18,1600.0,1600.0,0.0
Wholesale,Maize,OD20,2018-19,1600.0,1600.0,0.0
Wholesale,Maize,OD20,2019-20,1715.1891666666668,1715.19,0.000833333333275732
Wholesale,Maize,OD20,2020-21,1838.6691666666666,1838.67,0.0008333333335031057
Wholesale,Maize,OD20,2021-22,1971.0425000000002,1971.04,0.0025000000002819434
Wholesale,Maize,OD20,2022-23,2112.943333333333,2112.94,0.003333333333102928
Wholesale,Maize,OD20,2023-24,2265.0608333333334,2265.06,0.0008333333335031057
Wholesale,Maize,OD20,2024-25,2428.1291666666666,2428.13,0.0008333333335031057
Wholesale,Maize,OD21,2013-14,1174.9991666666667,1175.0,0.000833333333275732
Wholesale,Maize,OD21,2014-15,1300.0,1300.0,0.0
Wholesale,Maize,OD21,2015-16,1477.0008333333333,1477.0,0.000833333333275732
Wholesale,Maize,OD21,2016-17,1480.0,1480.0,0.0
Wholesale,Maize,OD21,2017-18,1599.9991666666665,1600.0,0.0008333333335031057
Wholesale,Maize,OD21,2018-19,2000.0,2000.0,0.0
Wholesale,Maize,OD21,2019-20,2143.9866666666667,2143.99,0.003333333333102928
Wholesale,Maize,OD21,2020-21,2298.3391666666666,2298.34,0.0008333333335031057
Wholesale,Maize,OD21,2021-22,2463.805,2463.8,0.004999999999654392
Wholesale,Maize,OD21,2022-23,2641.179166666667,2641.18,0.0008333333330483583
Wholesale,Maize,OD21,2023-24,2831.3266666666664,2831.33,0.0033333333335576754
Wholesale,Maize,OD21,2024-25,3035.161666666667,3035.16,0.0016666666670062114
Wholesale,Maize,OD22,2013-14,1176.0,1176.0,0.0
Wholesale,Maize,OD22,2014-15,1299.9991666666667,1300.0,0.000833333333275732
Wholesale,Maize,OD22,2015-16,1404.0,1404.0,0.0
Wholesale,Maize,OD22,2016-17,1400.0008333333333,1400.0,0.000833333333275732
Wholesale,Maize,OD22,2017-18,1545.0,1545.0,0.0
Wholesale,Maize,OD22,2018-19,1919.0008333333335,1919.0,0.0008333333335031057
Wholesale,Maize,OD22,2019-20,2057.155,2057.15,0.005000000000109139
Wholesale,Maize,OD22,2020-21,2205.255833333333,2205.26,0.004166666667060781
Wholesale,Maize,OD22,2021-22,2364.0183333333334,2364.02,0.001666666666551464
Wholesale,Maize,OD22,2022-23,2534.2116666666666,2534.21,0.001666666666551464
Wholesale,Maize,OD22,2023-24,2716.6583333333333,2716.66,0.001666666666551464
Wholesale,Maize,OD22,2024-25,2912.2391666666667,2912.24,0.0008333333330483583
Wholesale,Maize,OD23,2013-14,1114.9991666666667,1115.0,0.000833333333275732
Wholesale,Maize,OD23,2014-15,1199.9991666666667,1200.0,0.000833333333275732
Wholesale,Maize,OD23,2015-16,1279.9991666666667,1280.0,0.000833333333275732
Wholesale,Maize,OD23,2016-17,1300.0008333333333,1300.0,0.000833333333275732
Wholesale,Maize,OD23,2017-18,1290.0,1290.0,0.0
Wholesale,Maize,OD23,2018-19,1650.0,1650.0,0.0
Wholesale,Maize,OD23,2019-20,1768.7891666666667,1768.79,0.000833333333275732
Wholesale,Maize,OD23,2020-21,1896.1291666666666,1896.13,0.0008333333335031057
Wholesale,Maize,OD23,2021-22,2032.6383333333333,2032.64,0.0016666666667788377
Wholesale,Maize,OD23,2022-23,2178.9725,2178.97,0.0025000000000545697
Wholesale,Maize,OD23,2023-24,2335.8433333333332,2335.84,0.003333333333102928
Wholesale,Maize,OD23,2024-25,2504.008333333333,2504.01,0.0016666666670062114
Wholesale,Maize,OD24,2013-14,1324.9991666666667,1325.0,0.000833333333275732
Wholesale,Maize,OD24,2014-15,1379.9991666666667,1380.0,0.000833333333275732
Wholesale,Maize,OD24,2015-16,1311.0008333333333,1311.0,0.000833333333275732
Wholesale,Maize,OD24,2016-17,1604.9991666666667,1605.0,0.000833333333275732
Wholesale,Maize,OD24,2017-18,1743.9991666666667,1744.0,0.000833333333275732
Wholesale,Maize,OD24,2018-19,2067.0,2067.0,0.0
Wholesale,Maize,OD24,2019-20,2215.81,2215.81,0.0
Wholesale,Maize,OD24,2020-21,2375.3333333333335,2375.33,0.0033333333335576754
Wholesale,Maize,OD24,2021-22,2546.3391666666666,2546.34,0.0008333333335031057
Wholesale,Maize,OD24,2022-23,2729.6583333333333,2729.66,0.001666666666551464
Wholesale,Maize,OD24,2023-24,2926.1758333333332,2926.18,0.004166666666606034
Wholesale,Maize,OD24,2024-25,3136.838333333333,3136.84,0.0016666666670062114
Wholesale,Maize,OD25,2013-14,1075.0,1075.0,0.0
Wholesale,Maize,OD25,2014-15,1250.0008333333333,1250.0,0.000833333333275732
Wholesale,Maize,OD25,2015-16,1442.1816666666666,1442.18,0.001666666666551464
Wholesale,Maize,OD25,2016-17,1501.131666666667,1501.13,0.0016666666667788377
Wholesale,Maize,OD25,2017-18,1500.0,1500.0,0.0
Wholesale,Maize,OD25,2018-19,2000.0008333333333,2000.0,0.000833333333275732
Wholesale,Maize,OD25,2019-20,2143.9866666666667,2143.99,0.003333333333102928
Wholesale,Maize,OD25,2020-21,2298.338333333333,2298.34,0.0016666666670062114
Wholesale,Maize,OD25,2021-22,2463.8033333333333,2463.8,0.003333333333102928
Wholesale,Maize,OD25,2022-23,2641.179166666667,2641.18,0.0008333333330483583
Wholesale,Maize,OD25,2023-24,2831.325833333334,2831.33,0.004166666666151286
Wholesale,Maize,OD25,2024-25,3035.161666666667,3035.16,0.0016666666670062114
Wholesale,Maize,OD27,2013-14,1241.0,1241.0,0.0
Wholesale,Maize,OD27,2014-15,1255.0,1255.0,0.0
Wholesale,Maize,OD27,2015-16,1257.0,1257.0,0.0
Wholesale,Maize,OD27,2016-17,1257.9983333333332,1258.0,0.0016666666667788377
Wholesale,Maize,OD27,2017-18,1382.0,1382.0,0.0
Wholesale,Maize,OD27,2018-19,1697.0,1697.0,0.0
Wholesale,Maize,OD27,2019-20,1819.1725,1819.17,0.002499999999827196
Wholesale,Maize,OD27,2020-21,1950.1391666666666,1950.14,0.0008333333335031057
Wholesale,Maize,OD27,2021-22,2090.534166666667,2090.54,0.005833333333157498
Wholesale,Maize,OD27,2022-23,2241.0408333333335,2241.04,0.0008333333335031057
Wholesale,Maize,OD27,2023-24,2402.3799999999997,2402.38,4.547473508864641e-13
Wholesale,Maize,OD27,2024-25,2575.3333333333335,2575.33,0.0033333333335576754
Wholesale,Maize,OD28,2013-14,1262.9991666666667,1263.0,0.000833333333275732
Wholesale,Maize,OD28,2014-15,1300.0,1300.0,0.0
Wholesale,Maize,OD28,2015-16,2363.0,2363.0,0.0
Wholesale,Maize,OD28,2016-17,1899.9991666666665,1900.0,0.0008333333335031057
Wholesale,Maize,OD28,2017-18,1899.9991666666665,1900.0,0.0008333333335031057
Wholesale,Maize,OD28,2018-19,2100.0,2100.0,0.0
Wholesale,Maize,OD28,2019-20,2251.1858333333334,2251.19,0.004166666666606034
Wholesale,Maize,OD28,2020-21,2413.2566666666667,2413.26,0.0033333333335576754
Wholesale,Maize,OD28,2021-22,2586.9933333333333,2586.99,0.0033333333335576754
Wholesale,Maize,OD28,2022-23,2773.2374999999997,2773.24,0.0025000000000545697
Wholesale,Maize,OD28,2023-24,2972.8925,2972.89,0.0025000000000545697
Wholesale,Maize,OD28,2024-25,3186.9191666666666,3186.92,0.0008333333335031057
Wholesale,Maize,OD29,2013-14,1367.0,1367.0,0.0
Wholesale,Maize,OD29,2014-15,1384.9991666666667,1385.0,0.000833333333275732
Wholesale,Maize,OD29,2015-16,1591.38,1591.38,0.0
Wholesale,Maize,OD29,2016-17,1650.0008333333335,1650.0,0.0008333333335031057
Wholesale,Maize,OD29,2017-18,1710.6049999999998,1710.6,0.004999999999881766
Wholesale,Maize,OD29,2018-19,1889.4958333333334,1889.5,0.004166666666606034
Wholesale,Maize,OD29,2019-20,1775.6833333333334,1775.68,0.0033333333333303017
Wholesale,Maize,OD29,2020-21,1903.5200000000002,1903.52,2.2737367544323206e-13
Wholesale,Maize,OD29,2021-22,2040.5591666666667,2040.56,0.000833333333275732
Wholesale,Maize,OD29,2022-23,2187.465833333333,2187.47,0.004166666666606034
Wholesale,Maize,OD29,2023-24,2344.945833333333,2344.95,0.004166666666606034
Wholesale,Maize,OD29,2024-25,2513.7683333333334,2513.77,0.001666666666551464
Wholesale,Maize,OD30,2013-14,1200.0016666666668,1200.0,0.0016666666667788377
Wholesale,Maize,OD30,2014-15,1396.0383333333332,1396.04,0.0016666666667788377
Wholesale,Maize,OD30,2015-16,1571.4808333333333,1571.48,0.000833333333275732
Wholesale,Maize,OD30,2016-17,1600.0,1600.0,0.0
Wholesale,Maize,OD30,2017-18,1650.0008333333333,1650.0,0.000833333333275732
Wholesale,Maize,OD30,2018-19,2117.000833333333,2117.0,0.0008333333330483583
Wholesale,Maize,OD30,2019-20,2269.409166666667,2269.41,0.0008333333330483583
Wholesale,Maize,OD30,2020-21,2432.7925,2432.79,0.0025000000000545697
Wholesale,Maize,OD30,2021-22,2607.935,2607.93,0.005000000000109139
Wholesale,Maize,OD30,2022-23,2795.6883333333335,2795.69,0.001666666666551464
Wholesale,Maize,OD30,2023-24,2996.9583333333335,2996.96,0.001666666666551464
Wholesale,Maize,OD30,2024-25,3212.7183333333337,3212.72,0.0016666666660967167
Wholesale,Mung,OD01,2013-14,5092.0,5092.0,0.0
Wholesale,Mung,OD01,2014-15,5781.000833333333,5781.0,0.000833333332593611
Wholesale,Mung,OD01,2015-16,6171.0,6171.0,0.0
Wholesale,Mung,OD01,2016-17,6474.0,6474.0,0.0
Wholesale,Mung,OD01,2017-18,6200.000833333333,6200.0,0.000833333332593611
Wholesale,Mung,OD01,2018-19,6507.999166666667,6508.0,0.000833333332593611
Wholesale,Mung,OD01,2019-20,6772.139166666667,6772.14,0.0008333333335031057
Wholesale,Mung,OD01,2020-21,7047.0,7047.0,0.0
Wholesale,Mung,OD01,2021-22,7333.0125,7333.01,0.0024999999995998223
Wholesale,Mung,OD01,2022-23,7630.636666666666,7630.64,0.0033333333340124227
Wholesale,Mung,OD01,2023-24,7940.34,7940.34,0.0
Wholesale,Mung,OD01,2024-25,8262.614166666666,8262.61,0.004166666665696539
Wholesale,Mung,OD02,2013-14,4833.0,4833.0,0.0
Wholesale,Mung,OD02,2014-15,5380.0,5380.0,0.0
Wholesale,Mung,OD02,2015-16,6183.998333333333,6184.0,0.0016666666670062114
Wholesale,Mung,OD02,2016-17,6489.000833333333,6489.0,0.000833333332593611
Wholesale,Mung,OD02,2017-18,6305.998333333333,6306.0,0.0016666666670062114
Wholesale,Mung,OD02,2018-19,6306.000833333333,6306.0,0.000833333332593611
Wholesale,Mung,OD02,2019-20,6561.941666666667,6561.94,0.0016666666670062114
Wholesale,Mung,OD02,2020-21,6828.27,6828.27,0.0
Wholesale,Mung,OD02,2021-22,7105.4075,7105.41,0.0024999999995998223
Wholesale,Mung,OD02,2022-23,7393.791666666667,7393.79,0.0016666666670062114
Wholesale,Mung,OD02,2023-24,7693.8825,7693.88,0.0024999999995998223
Wholesale,Mung,OD02,2024-25,8006.1525,8006.15,0.002500000000509317
Wholesale,Mung,OD03,2013-14,4717.000833333333,4717.0,0.000833333332593611
Wholesale,Mung,OD03,2014-15,5422.9991666666665,5423.0,0.0008333333335031057
Wholesale,Mung,OD03,2015-16,5846.0,5846.0,0.0
Wholesale,Mung,OD03,2016-17,6433.0,6433.0,0.0
Wholesale,Mung,OD03,2017-18,6617.0,6617.0,0.0
Wholesale,Mung,OD03,2018-19,6800.000833333333,6800.0,0.000833333332593611
Wholesale,Mung,OD03,2019-20,7075.991666666666,7075.99,0.0016666666660967167
Wholesale,Mung,OD03,2020-21,7363.184166666667,7363.18,0.004166666666606034
Wholesale,Mung,OD03,2021-22,7662.031666666667,7662.03,0.0016666666670062114
Wholesale,Mung,OD03,2022-23,7973.008333333334,7973.01,0.0016666666660967167
Wholesale,Mung,OD03,2023-24,8296.606666666667,8296.61,0.0033333333340124227
Wholesale,Mung,OD03,2024-25,8633.338333333333,8633.34,0.0016666666670062114
Wholesale,Mung,OD04,2013-14,4743.0008333333335,4743.0,0.0008333333335031057
Wholesale,Mung,OD04,2014-15,5375.0,5375.0,0.0
Wholesale,Mung,OD04,2015-16,6032.999166666667,6033.0,0.000833333332593611
Wholesale,Mung,OD04,2016-17,6474.998333333333,6475.0,0.0016666666670062114
Wholesale,Mung,OD04,2017-18,6400.0,6400.0,0.0
Wholesale,Mung,OD04,2018-19,7446.0,7446.0,0.0
Wholesale,Mung,OD04,2019-20,7748.2108333333335,7748.21,0.0008333333335031057
Wholesale,Mung,OD04,2020-21,8062.683333333333,8062.68,0.003333333333102928
Wholesale,Mung,OD04,2021-22,8389.9225,8389.92,0.002500000000509317
Wholesale,Mung,OD04,2022-23,8730.444166666666,8730.44,0.004166666665696539
Wholesale,Mung,OD04,2023-24,9084.784166666666,9084.78,0.004166666665696539
Wholesale,Mung,OD04,2024-25,9453.5075,9453.51,0.002500000000509317
Wholesale,Mung,OD05,2013-14,4739.0,4739.0,0.0
Wholesale,Mung,OD05,2014-15,5333.0,5333.0,0.0
Wholesale,Mung,OD05,2015-16,5882.0,5882.0,0.0
Wholesale,Mung,OD05,2016-17,6424.999166666667,6425.0,0.000833333332593611
Wholesale,Mung,OD05,2017-18,6399.998333333333,6400.0,0.0016666666670062114
Wholesale,Mung,OD05,2018-19,6667.0,6667.0,0.0
Wholesale,Mung,OD05,2019-20,6937.591666666667,6937.59,0.0016666666670062114
Wholesale,Mung,OD05,2020-21,7219.1658333333335,7219.17,0.004166666666606034
Wholesale,Mung,OD05,2021-22,7512.170000000001,7512.17,9.094947017729282e-13
Wholesale,Mung,OD05,2022-23,7817.065833333333,7817.06,0.00583333333270275
Wholesale,Mung,OD05,2023-24,8134.334166666667,8134.33,0.004166666667515528
Wholesale,Mung,OD05,2024-25,8464.481666666667,8464.48,0.0016666666670062114
Wholesale,Mung,OD06,2013-14,5172.0008333333335,5172.0,0.0008333333335031057
Wholesale,Mung,OD06,2014-15,5717.0,5717.0,0.0
Wholesale,Mung,OD06,2015-16,6335.000833333333,6335.0,0.000833333332593611
Wholesale,Mung,OD06,2016-17,6500.0,6500.0,0.0
Wholesale,Mung,OD06,2017-18,6432.999166666667,6433.0,0.000833333332593611
Wholesale,Mung,OD06,2018-19,5906.0,5906.0,0.0
Wholesale,Mung,OD06,2019-20,6145.705833333333,6145.71,0.004166666666606034
Wholesale,Mung,OD06,2020-21,6395.139999999999,6395.14,9.094947017729282e-13
Wholesale,Mung,OD06,2021-22,6654.698333333334,6654.7,0.0016666666660967167
Wholesale,Mung,OD06,2022-23,6924.7925,6924.79,0.0024999999995998223
Wholesale,Mung,OD06,2023-24,7205.846666666667,7205.85,0.003333333333102928
Wholesale,Mung,OD06,2024-25,7498.309166666667,7498.31,0.0008333333335031057
Wholesale,Mung,OD07,2013-14,4963.0,4963.0,0.0
Wholesale,Mung,OD07,2014-15,5650.000833333333,5650.0,0.000833333332593611
Wholesale,Mung,OD07,2015-16,6183.999166666667,6184.0,0.000833333332593611
Wholesale,Mung,OD07,2016-17,6189.000833333333,6189.0,0.000833333332593611
Wholesale,Mung,OD07,2017-18,6207.0,6207.0,0.0
Wholesale,Mung,OD07,2018-19,6339.001666666667,6339.0,0.0016666666670062114
Wholesale,Mung,OD07,2019-20,6596.280833333333,6596.28,0.0008333333335031057
Wholesale,Mung,OD07,2020-21,6864.000833333333,6864.0,0.000833333332593611
Wholesale,Mung,OD07,2021-22,7142.59,7142.59,0.0
Wholesale,Mung,OD07,2022-23,7432.484166666666,7432.48,0.004166666666606034
Wholesale,Mung,OD07,2023-24,7734.145833333333,7734.15,0.004166666666606034
Wholesale,Mung,OD07,2024-25,8048.049166666667,8048.05,0.0008333333335031057
Wholesale,Mung,OD08,2013-14,4900.0,4900.0,0.0
Wholesale,Mung,OD08,2014-15,5450.0,5450.0,0.0
Wholesale,Mung,OD08,2015-16,6233.999166666667,6234.0,0.000833333332593611
Wholesale,Mung,OD08,2016-17,6610.999166666667,6611.0,0.000833333332593611
Wholesale,Mung,OD08,2017-18,6341.000833333333,6341.0,0.000833333332593611
Wholesale,Mung,OD08,2018-19,5604.000833333333,5604.0,0.000833333332593611
Wholesale,Mung,OD08,2019-20,5831.449166666666,5831.45,0.0008333333335031057
Wholesale,Mung,OD08,2020-21,6068.1275,6068.13,0.002500000000509317
Wholesale,Mung,OD08,2021-22,6314.4141666666665,6314.41,0.004166666666606034
Wholesale,Mung,OD08,2022-23,6570.694166666667,6570.7,0.00583333333270275
Wholesale,Mung,OD08,2023-24,6837.38,6837.38,0.0
Wholesale,Mung,OD08,2024-25,7114.8875,7114.89,0.002500000000509317
Wholesale,Mung,OD09,2013-14,4985.0,4985.0,0.0
Wholesale,Mung,OD09,2014-15,5421.0008333333335,5421.0,0.0008333333335031057
Wholesale,Mung,OD09,2015-16,6033.0,6033.0,0.0
Wholesale,Mung,OD09,2016-17,6238.0,6238.0,0.0
Wholesale,Mung,OD09,2017-18,6070.999166666667,6071.0,0.000833333332593611
Wholesale,Mung,OD09,2018-19,5291.0,5291.0,0.0
Wholesale,Mung,OD09,2019-20,5505.745833333333,5505.74,0.005833333333612245
Wholesale,Mung,OD09,2020-21,5729.205000000001,5729.21,0.004999999999199645
Wholesale,Mung,OD09,2021-22,5961.735833333333,5961.74,0.004166666666606034
Wholesale,Mung,OD09,2022-23,6203.703333333334,6203.7,0.0033333333340124227
Wholesale,Mung,OD09,2023-24,6455.491666666666,6455.49,0.0016666666660967167
Wholesale,Mung,OD09,2024-25,6717.500833333333,6717.5,0.000833333332593611
Wholesale,Mung,OD10,2013-14,4799.9991666666665,4800.0,0.0008333333335031057
Wholesale,Mung,OD10,2014-15,5280.0,5280.0,0.0
Wholesale,Mung,OD10,2015-16,5899.000833333333,5899.0,0.000833333332593611
Wholesale,Mung,OD10,2016-17,6100.000833333333,6100.0,0.000833333332593611
Wholesale,Mung,OD10,2017-18,6320.000833333333,6320.0,0.000833333332593611
Wholesale,Mung,OD10,2018-19,5738.999166666667,5739.0,0.000833333332593611
Wholesale,Mung,OD10,2019-20,5971.926666666666,5971.93,0.0033333333340124227
Wholesale,Mung,OD10,2020-21,6214.310833333333,6214.31,0.000833333332593611
Wholesale,Mung,OD10,2021-22,6466.525833333333,6466.53,0.004166666666606034
Wholesale,Mung,OD10,2022-23,6728.985,6728.98,0.005000000000109139
Wholesale,Mung,OD10,2023-24,7002.090833333333,7002.09,0.000833333332593611
Wholesale,Mung,OD10,2024-25,7286.285,7286.28,0.005000000000109139
Wholesale,Mung,OD11,2013-14,4625.0,4625.0,0.0
Wholesale,Mung,OD11,2014-15,5150.0008333333335,5150.0,0.0008333333335031057
Wholesale,Mung,OD11,2015-16,5781.998333333333,5782.0,0.0016666666670062114
Wholesale,Mung,OD11,2016-17,6000.001666666667,6000.0,0.0016666666670062114
Wholesale,Mung,OD11,2017-18,5906.999166666667,5907.0,0.000833333332593611
Wholesale,Mung,OD11,2018-19,6219.000833333333,6219.0,0.000833333332593611
Wholesale,Mung,OD11,2019-20,6471.409166666667,6471.41,0.000833333332593611
Wholesale,Mung,OD11,2020-21,6734.0625,6734.06,0.0024999999995998223
Wholesale,Mung,OD11,2021-22,7007.3775,7007.38,0.002500000000509317
Wholesale,Mung,OD11,2022-23,7291.784166666667,7291.78,0.004166666667515528
Wholesale,Mung,OD11,2023-24,7587.734166666666,7587.73,0.004166666666606034
Wholesale,Mung,OD11,2024-25,7895.696666666667,7895.7,0.003333333333102928
Wholesale,Mung,OD12,2013-14,4869.9991666666665,4870.0,0.0008333333335031057
Wholesale,Mung,OD12,2014-15,5667.000833333333,5667.0,0.000833333332593611
Wholesale,Mung,OD12,2015-16,6158.999166666667,6159.0,0.000833333332593611
Wholesale,Mung,OD12,2016-17,6207.0,6207.0,0.0
Wholesale,Mung,OD12,2017-18,6048.0,6048.0,0.0
Wholesale,Mung,OD12,2018-19,5958.0,5958.0,0.0
Wholesale,Mung,OD12,2019-20,6199.815833333333,6199.82,0.004166666666606034
Wholesale,Mung,OD12,2020-21,6451.448333333334,6451.45,0.0016666666660967167
Wholesale,Mung,OD12,2021-22,6713.2908333333335,6713.29,0.0008333333335031057
Wholesale,Mung,OD12,2022-23,6985.7625,6985.76,0.0024999999995998223
Wholesale,Mung,OD12,2023-24,7269.2908333333335,7269.29,0.0008333333335031057
Wholesale,Mung,OD12,2024-25,7564.328333333334,7564.33,0.0016666666660967167
Wholesale,Mung,OD13,2013-14,4899.998333333334,4900.0,0.0016666666660967167
Wholesale,Mung,OD13,2014-15,5682.000833333333,5682.0,0.000833333332593611
Wholesale,Mung,OD13,2015-16,6218.999166666667,6219.0,0.000833333332593611
Wholesale,Mung,OD13,2016-17,6233.001666666667,6233.0,0.0016666666670062114
Wholesale,Mung,OD13,2017-18,6192.000833333333,6192.0,0.000833333332593611
Wholesale,Mung,OD13,2018-19,5889.0,5889.0,0.0
Wholesale,Mung,OD13,2019-20,6128.017499999999,6128.02,0.0025000000014188117
Wholesale,Mung,OD13,2020-21,6376.732499999999,6376.73,0.0024999999995998223
Wholesale,Mung,OD13,2021-22,6635.544166666667,6635.54,0.004166666666606034
Wholesale,Mung,OD13,2022-23,6904.858333333334,6904.86,0.0016666666660967167
Wholesale,Mung,OD13,2023-24,7185.105833333334,7185.11,0.004166666665696539
Wholesale,Mung,OD13,2024-25,7476.724999999999,7476.73,0.005000000000109139
Wholesale,Mung,OD14,2013-14,5457.079166666666,5457.08,0.0008333333335031057
Wholesale,Mung,OD14,2014-15,6196.21,6196.21,0.0
Wholesale,Mung,OD14,2015-16,6749.930833333333,6749.93,0.000833333332593611
Wholesale,Mung,OD14,2016-17,6982.193333333334,6982.19,0.0033333333340124227
Wholesale,Mung,OD14,2017-18,6532.999166666667,6533.0,0.000833333332593611
Wholesale,Mung,OD14,2018-19,7099.999166666667,7100.0,0.000833333332593611
Wholesale,Mung,OD14,2019-20,7388.1658333333335,7388.17,0.004166666666606034
Wholesale,Mung,OD14,2020-21,7688.028333333333,7688.03,0.0016666666670062114
Wholesale,Mung,OD14,2021-22,8000.061666666667,8000.06,0.0016666666670062114
Wholesale,Mung,OD14,2022-23,8324.7575,8324.76,0.002500000000509317
Wholesale,Mung,OD14,2023-24,8662.633333333333,8662.63,0.0033333333340124227
Wholesale,Mung,OD14,2024-25,9014.2225,9014.22,0.002500000000509317
Wholesale,Mung,OD15,2013-14,4900.001666666667,4900.0,0.0016666666670062114
Wholesale,Mung,OD15,2014-15,5661.0,5661.0,0.0
Wholesale,Mung,OD15,2015-16,6216.998333333333,6217.0,0.0016666666670062114
Wholesale,Mung,OD15,2016-17,6300.0,6300.0,0.0
Wholesale,Mung,OD15,2017-18,6764.0,6764.0,0.0
Wholesale,Mung,OD15,2018-19,5132.000833333333,5132.0,0.000833333332593611
Wholesale,Mung,OD15,2019-20,5340.2908333333335,5340.29,0.0008333333335031057
Wholesale,Mung,OD15,2020-21,5557.036666666667,5557.04,0.003333333333102928
Wholesale,Mung,OD15,2021-22,5782.579166666666,5782.58,0.0008333333335031057
Wholesale,Mung,OD15,2022-23,6017.275833333333,6017.28,0.004166666666606034
Wholesale,Mung,OD15,2023-24,6261.4975,6261.5,0.0024999999995998223
Wholesale,Mung,OD15,2024-25,6515.6325,6515.63,0.0024999999995998223
Wholesale,Mung,OD16,2013-14,5178.0008333333335,5178.0,0.0008333333335031057
Wholesale,Mung,OD16,2014-15,5736.0,5736.0,0.0
Wholesale,Mung,OD16,2015-16,6133.999166666667,6134.0,0.000833333332593611
Wholesale,Mung,OD16,2016-17,6568.998333333333,6569.0,0.0016666666670062114
Wholesale,Mung,OD16,2017-18,6900.001666666667,6900.0,0.0016666666670062114
Wholesale,Mung,OD16,2018-19,6900.0,6900.0,0.0
Wholesale,Mung,OD16,2019-20,7180.049166666667,7180.05,0.0008333333335031057
Wholesale,Mung,OD16,2020-21,7471.462500000001,7471.46,0.002500000000509317
Wholesale,Mung,OD16,2021-22,7774.706666666666,7774.71,0.0033333333340124227
Wholesale,Mung,OD16,2022-23,8090.2575,8090.26,0.002500000000509317
Wholesale,Mung,OD16,2023-24,8418.615,8418.62,0.005000000001018634
Wholesale,Mung,OD16,2024-25,8760.300000000001,8760.3,1.8189894035458565e-12
Wholesale,Mung,OD17,2013-14,4724.0,4724.0,0.0
Wholesale,Mung,OD17,2014-15,5500.0,5500.0,0.0
Wholesale,Mung,OD17,2015-16,6159.000833333333,6159.0,0.000833333332593611
Wholesale,Mung,OD17,2016-17,6375.0,6375.0,0.0
Wholesale,Mung,OD17,2017-18,6300.0,6300.0,0.0
Wholesale,Mung,OD17,2018-19,5355.0,5355.0,0.0
Wholesale,Mung,OD17,2019-20,5572.341666666667,5572.34,0.0016666666670062114
Wholesale,Mung,OD17,2020-21,5798.505833333334,5798.51,0.004166666666606034
Wholesale,Mung,OD17,2021-22,6033.849166666667,6033.85,0.0008333333335031057
Wholesale,Mung,OD17,2022-23,6278.743333333333,6278.74,0.003333333333102928
Wholesale,Mung,OD17,2023-24,6533.578333333334,6533.58,0.0016666666660967167
Wholesale,Mung,OD17,2024-25,6798.755833333334,6798.75,0.005833333333612245
Wholesale,Mung,OD18,2013-14,5400.000833333333,5400.0,0.000833333332593611
Wholesale,Mung,OD18,2014-15,5900.0,5900.0,0.0
Wholesale,Mung,OD18,2015-16,6267.000833333333,6267.0,0.000833333332593611
Wholesale,Mung,OD18,2016-17,6299.999166666667,6300.0,0.000833333332593611
Wholesale,Mung,OD18,2017-18,6832.999166666667,6833.0,0.000833333332593611
Wholesale,Mung,OD18,2018-19,5740.998333333333,5741.0,0.0016666666670062114
Wholesale,Mung,OD18,2019-20,5974.0075,5974.01,0.002500000000509317
Wholesale,Mung,OD18,2020-21,6216.474166666667,6216.47,0.004166666666606034
Wholesale,Mung,OD18,2021-22,6468.7825,6468.78,0.002500000000509317
Wholesale,Mung,OD18,2022-23,6731.328333333334,6731.33,0.0016666666660967167
Wholesale,Mung,OD18,2023-24,7004.533333333333,7004.53,0.003333333333102928
Wholesale,Mung,OD18,2024-25,7288.823333333334,7288.82,0.0033333333340124227
Wholesale,Mung,OD19,2013-14,4906.998333333333,4907.0,0.0016666666670062114
Wholesale,Mung,OD19,2014-15,5644.0,5644.0,0.0
Wholesale,Mung,OD19,2015-16,6183.999166666667,6184.0,0.000833333332593611
Wholesale,Mung,OD19,2016-17,6267.0,6267.0,0.0
Wholesale,Mung,OD19,2017-18,6342.0,6342.0,0.0
Wholesale,Mung,OD19,2018-19,5199.9991666666665,5200.0,0.0008333333335031057
Wholesale,Mung,OD19,2019-20,5411.050833333334,5411.05,0.0008333333335031057
Wholesale,Mung,OD19,2020-21,5630.668333333334,5630.67,0.0016666666660967167
Wholesale,Mung,OD19,2021-22,5859.197499999999,5859.2,0.002500000000509317
Wholesale,Mung,OD19,2022-23,6097.006666666667,6097.01,0.003333333333102928
Wholesale,Mung,OD19,2023-24,6344.463333333333,6344.46,0.003333333333102928
Wholesale,Mung,OD19,2024-25,6601.965833333333,6601.97,0.004166666667515528
Wholesale,Mung,OD20,2013-14,5167.0,5167.0,0.0
Wholesale,Mung,OD20,2014-15,5774.999166666667,5775.0,0.000833333332593611
Wholesale,Mung,OD20,2015-16,6209.000833333333,6209.0,0.000833333332593611
Wholesale,Mung,OD20,2016-17,6299.999166666667,6300.0,0.000833333332593611
Wholesale,Mung,OD20,2017-18,6299.999166666667,6300.0,0.000833333332593611
Wholesale,Mung,OD20,2018-19,5500.0,5500.0,0.0
Wholesale,Mung,OD20,2019-20,5723.2275,5723.23,0.0024999999995998223
Wholesale,Mung,OD20,2020-21,5955.514999999999,5955.52,0.005000000001018634
Wholesale,Mung,OD20,2021-22,6197.230833333334,6197.23,0.0008333333344126004
Wholesale,Mung,OD20,2022-23,6448.756666666667,6448.76,0.003333333333102928
Wholesale,Mung,OD20,2023-24,6710.4925,6710.49,0.002500000000509317
Wholesale,Mung,OD20,2024-25,6982.849166666667,6982.85,0.0008333333335031057
Wholesale,Mung,OD21,2013-14,4900.0008333333335,4900.0,0.0008333333335031057
Wholesale,Mung,OD21,2014-15,5856.0,5856.0,0.0
Wholesale,Mung,OD21,2015-16,6234.000833333333,6234.0,0.000833333332593611
Wholesale,Mung,OD21,2016-17,6558.0,6558.0,0.0
Wholesale,Mung,OD21,2017-18,6667.0,6667.0,0.0
Wholesale,Mung,OD21,2018-19,6233.000833333333,6233.0,0.000833333332593611
Wholesale,Mung,OD21,2019-20,6485.9775,6485.98,0.0024999999995998223
Wholesale,Mung,OD21,2020-21,6749.224166666667,6749.22,0.004166666666606034
Wholesale,Mung,OD21,2021-22,7023.1525,7023.15,0.002500000000509317
Wholesale,Mung,OD21,2022-23,7308.199166666666,7308.2,0.0008333333335031057
Wholesale,Mung,OD21,2023-24,7604.815833333333,7604.82,0.004166666666606034
Wholesale,Mung,OD21,2024-25,7913.4725,7913.47,0.0024999999995998223
Wholesale,Mung,OD22,2013-14,5279.0,5279.0,0.0
Wholesale,Mung,OD22,2014-15,5974.999166666667,5975.0,0.000833333332593611
Wholesale,Mung,OD22,2015-16,6253.999166666667,6254.0,0.000833333332593611
Wholesale,Mung,OD22,2016-17,6520.0,6520.0,0.0
Wholesale,Mung,OD22,2017-18,6243.000833333333,6243.0,0.000833333332593611
Wholesale,Mung,OD22,2018-19,5630.0,5630.0,0.0
Wholesale,Mung,OD22,2019-20,5858.5025,5858.5,0.0024999999995998223
Wholesale,Mung,OD22,2020-21,6096.281666666667,6096.28,0.0016666666670062114
Wholesale,Mung,OD22,2021-22,6343.71,6343.71,0.0
Wholesale,Mung,OD22,2022-23,6601.181666666666,6601.18,0.0016666666660967167
Wholesale,Mung,OD22,2023-24,6869.1016666666665,6869.1,0.0016666666660967167
Wholesale,Mung,OD22,2024-25,7147.8975,7147.9,0.0024999999995998223
Wholesale,Mung,OD23,2013-14,5000.0,5000.0,0.0
Wholesale,Mung,OD23,2014-15,6059.223333333332,6059.22,0.0033333333321934333
Wholesale,Mung,OD23,2015-16,6335.001666666667,6335.0,0.0016666666670062114
Wholesale,Mung,OD23,2016-17,6542.999166666667,6543.0,0.000833333332593611
Wholesale,Mung,OD23,2017-18,6620.0,6620.0,0.0
Wholesale,Mung,OD23,2018-19,7667.000833333333,7667.0,0.000833333332593611
Wholesale,Mung,OD23,2019-20,7978.179166666666,7978.18,0.0008333333344126004
Wholesale,Mung,OD23,2020-21,8301.986666666666,8301.99,0.0033333333340124227
Wholesale,Mung,OD23,2021-22,8638.938333333334,8638.94,0.0016666666670062114
Wholesale,Mung,OD23,2022-23,8989.566666666668,8989.57,0.0033333333321934333
Wholesale,Mung,OD23,2023-24,9354.424166666666,9354.42,0.004166666665696539
Wholesale,Mung,OD23,2024-25,9734.089166666667,9734.09,0.0008333333335031057
Wholesale,Mung,OD24,2013-14,4937.9991666666665,4938.0,0.0008333333335031057
Wholesale,Mung,OD24,2014-15,5556.998333333333,5557.0,0.0016666666670062114
Wholesale,Mung,OD24,2015-16,6165.0,6165.0,0.0
Wholesale,Mung,OD24,2016-17,6313.000833333333,6313.0,0.000833333332593611
Wholesale,Mung,OD24,2017-18,6257.0,6257.0,0.0
Wholesale,Mung,OD24,2018-19,6600.0,6600.0,0.0
Wholesale,Mung,OD24,2019-20,6867.873333333333,6867.87,0.003333333333102928
Wholesale,Mung,OD24,2020-21,7146.619166666666,7146.62,0.0008333333335031057
Wholesale,Mung,OD24,2021-22,7436.676666666666,7436.68,0.0033333333340124227
Wholesale,Mung,OD24,2022-23,7738.508333333334,7738.51,0.0016666666660967167
Wholesale,Mung,OD24,2023-24,8052.589166666668,8052.59,0.000833333332593611
Wholesale,Mung,OD24,2024-25,8379.416666666666,8379.42,0.0033333333340124227
Wholesale,Mung,OD25,2013-14,5390.9991666666665,5391.0,0.0008333333335031057
Wholesale,Mung,OD25,2014-15,5749.999166666667,5750.0,0.000833333332593611
Wholesale,Mung,OD25,2015-16,6233.998333333333,6234.0,0.0016666666670062114
Wholesale,Mung,OD25,2016-17,6333.000833333333,6333.0,0.000833333332593611
Wholesale,Mung,OD25,2017-18,6350.0,6350.0,0.0
Wholesale,Mung,OD25,2018-19,5716.0,5716.0,0.0
Wholesale,Mung,OD25,2019-20,5947.994166666667,5947.99,0.004166666667515528
Wholesale,Mung,OD25,2020-21,6189.404166666667,6189.4,0.004166666667515528
Wholesale,Mung,OD25,2021-22,6440.6125,6440.61,0.002500000000509317
Wholesale,Mung,OD25,2022-23,6702.015833333334,6702.02,0.004166666666606034
Wholesale,Mung,OD25,2023-24,6974.030833333333,6974.03,0.0008333333335031057
Wholesale,Mung,OD25,2024-25,7257.083333333333,7257.08,0.003333333333102928
Wholesale,Mung,OD26,2013-14,4700.0,4700.0,0.0
Wholesale,Mung,OD26,2014-15,5600.0,5600.0,0.0
Wholesale,Mung,OD26,2015-16,6033.000833333333,6033.0,0.000833333332593611
Wholesale,Mung,OD26,2016-17,6167.999166666667,6168.0,0.000833333332593611
Wholesale,Mung,OD26,2017-18,6067.0,6067.0,0.0
Wholesale,Mung,OD26,2018-19,5426.9991666666665,5427.0,0.0008333333335031057
Wholesale,Mung,OD26,2019-20,5647.264999999999,5647.26,0.004999999999199645
Wholesale,Mung,OD26,2020-21,5876.468333333333,5876.47,0.0016666666670062114
Wholesale,Mung,OD26,2021-22,6114.975833333334,6114.98,0.004166666665696539
Wholesale,Mung,OD26,2022-23,6363.1641666666665,6363.16,0.004166666666606034
Wholesale,Mung,OD26,2023-24,6621.423333333333,6621.42,0.003333333333102928
Wholesale,Mung,OD26,2024-25,6890.166666666667,6890.17,0.003333333333102928
Wholesale,Mung,OD27,2013-14,5417.0,5417.0,0.0
Wholesale,Mung,OD27,2014-15,5932.999166666667,5933.0,0.000833333332593611
Wholesale,Mung,OD27,2015-16,6233.999166666667,6234.0,0.000833333332593611
Wholesale,Mung,OD27,2016-17,6577.0,6577.0,0.0
Wholesale,Mung,OD27,2017-18,6350.000833333333,6350.0,0.000833333332593611
Wholesale,Mung,OD27,2018-19,5500.000833333333,5500.0,0.000833333332593611
Wholesale,Mung,OD27,2019-20,5723.2275,5723.23,0.0024999999995998223
Wholesale,Mung,OD27,2020-21,5955.514999999999,5955.52,0.005000000001018634
Wholesale,Mung,OD27,2021-22,6197.230833333334,6197.23,0.0008333333344126004
Wholesale,Mung,OD27,2022-23,6448.756666666667,6448.76,0.003333333333102928
Wholesale,Mung,OD27,2023-24,6710.490000000001,6710.49,9.094947017729282e-13
Wholesale,Mung,OD27,2024-25,6982.8475,6982.85,0.002500000000509317
Wholesale,Mung,OD28,2013-14,5266.9991666666665,5267.0,0.0008333333335031057
Wholesale,Mung,OD28,2014-15,5784.999166666667,5785.0,0.000833333332593611
Wholesale,Mung,OD28,2015-16,6183.999166666667,6184.0,0.000833333332593611
Wholesale,Mung,OD28,2016-17,6328.000833333333,6328.0,0.000833333332593611
Wholesale,Mung,OD28,2017-18,6344.000833333333,6344.0,0.000833333332593611
Wholesale,Mung,OD28,2018-19,5942.0,5942.0,0.0
Wholesale,Mung,OD28,2019-20,6183.1675,6183.17,0.002500000000509317
Wholesale,Mung,OD28,2020-21,6434.120833333333,6434.12,0.0008333333335031057
Wholesale,Mung,OD28,2021-22,6695.2625,6695.26,0.0024999999995998223
Wholesale,Mung,OD28,2022-23,6967.0025,6967.0,0.0024999999995998223
Wholesale,Mung,OD28,2023-24,7249.77,7249.77,0.0
Wholesale,Mung,OD28,2024-25,7544.014166666667,7544.02,0.005833333333612245
Wholesale,Mung,OD29,2013-14,4267.0008333333335,4267.0,0.0008333333335031057
Wholesale,Mung,OD29,2014-15,5967.999166666667,5968.0,0.000833333332593611
Wholesale,Mung,OD29,2015-16,6234.0,6234.0,0.0
Wholesale,Mung,OD29,2016-17,6333.0,6333.0,0.0
Wholesale,Mung,OD29,2017-18,6533.001666666667,6533.0,0.0016666666670062114
Wholesale,Mung,OD29,2018-19,5094.9991666666665,5095.0,0.0008333333335031057
Wholesale,Mung,OD29,2019-20,5301.79,5301.79,0.0
Wholesale,Mung,OD29,2020-21,5516.970833333333,5516.97,0.000833333332593611
Wholesale,Mung,OD29,2021-22,5740.888333333333,5740.89,0.0016666666670062114
Wholesale,Mung,OD29,2022-23,5973.893333333333,5973.89,0.003333333333102928
Wholesale,Mung,OD29,2023-24,6216.355,6216.35,0.004999999999199645
Wholesale,Mung,OD29,2024-25,6468.656666666667,6468.66,0.003333333333102928
Wholesale,Mung,OD30,2013-14,5393.0008333333335,5393.0,0.0008333333335031057
Wholesale,Mung,OD30,2014-15,6100.0,6100.0,0.0
Wholesale,Mung,OD30,2015-16,6284.001666666667,6284.0,0.0016666666670062114
Wholesale,Mung,OD30,2016-17,6299.999166666667,6300.0,0.000833333332593611
Wholesale,Mung,OD30,2017-18,6388.999166666667,6389.0,0.000833333332593611
Wholesale,Mung,OD30,2018-19,6552.001666666667,6552.0,0.0016666666670062114
Wholesale,Mung,OD30,2019-20,6817.925,6817.92,0.005000000000109139
Wholesale,Mung,OD30,2020-21,7094.645,7094.64,0.005000000000109139
Wholesale,Mung,OD30,2021-22,7382.5925,7382.59,0.0024999999995998223
Wholesale,Mung,OD30,2022-23,7682.2275,7682.23,0.0024999999995998223
Wholesale,Mung,OD30,2023-24,7994.024166666666,7994.02,0.004166666665696539
Wholesale,Mung,OD30,2024-25,8318.477499999999,8318.48,0.002500000000509317
Wholesale,Mustard,OD01,2013-14,3945.0008333333335,3945.0,0.0008333333335031057
Wholesale,Mustard,OD01,2014-15,4156.0,4156.0,0.0
Wholesale,Mustard,OD01,2015-16,4444.0,4444.0,0.0
Wholesale,Mustard,OD01,2016-17,4550.0,4550.0,0.0
Wholesale,Mustard,OD01,2017-18,4922.0,4922.0,0.0
Wholesale,Mustard,OD01,2018-19,5601.000833333333,5601.0,0.000833333332593611
Wholesale,Mustard,OD01,2019-20,5873.089166666668,5873.09,0.000833333332593611
Wholesale,Mustard,OD01,2020-21,6158.395833333333,6158.4,0.004166666666606034
Wholesale,Mustard,OD01,2021-22,6457.561666666667,6457.56,0.0016666666670062114
Wholesale,Mustard,OD01,2022-23,6771.2625,6771.26,0.0024999999995998223
Wholesale,Mustard,OD01,2023-24,7100.2,7100.2,0.0
Wholesale,Mustard,OD01,2024-25,7445.119166666666,7445.12,0.0008333333335031057
Wholesale,Mustard,OD02,2013-14,4449.9991666666665,4450.0,0.0008333333335031057
Wholesale,Mustard,OD02,2014-15,4449.9991666666665,4450.0,0.0008333333335031057
Wholesale,Mustard,OD02,2015-16,4384.998333333334,4385.0,0.0016666666660967167
Wholesale,Mustard,OD02,2016-17,4430.0008333333335,4430.0,0.0008333333335031057
Wholesale,Mustard,OD02,2017-18,4871.9991666666665,4872.0,0.0008333333335031057
Wholesale,Mustard,OD02,2018-19,4872.0008333333335,4872.0,0.0008333333335031057
Wholesale,Mustard,OD02,2019-20,5108.674166666667,5108.68,0.005833333333612245
Wholesale,Mustard,OD02,2020-21,5356.848333333333,5356.85,0.0016666666670062114
Wholesale,Mustard,OD02,2021-22,5617.077499999999,5617.08,0.002500000000509317
Wholesale,Mustard,OD02,2022-23,5889.947499999999,5889.95,0.002500000000509317
Wholesale,Mustard,OD02,2023-24,6176.073333333334,6176.07,0.0033333333340124227
Wholesale,Mustard,OD02,2024-25,6476.098333333332,6476.1,0.001666666667915706
Wholesale,Mustard,OD03,2013-14,3750.0,3750.0,0.0
Wholesale,Mustard,OD03,2014-15,3828.9991666666665,3829.0,0.0008333333335031057
Wholesale,Mustard,OD03,2015-16,4314.0,4314.0,0.0
Wholesale,Mustard,OD03,2016-17,4566.9991666666665,4567.0,0.0008333333335031057
Wholesale,Mustard,OD03,2017-18,4660.001666666667,4660.0,0.0016666666670062114
Wholesale,Mustard,OD03,2018-19,5258.0,5258.0,0.0
Wholesale,Mustard,OD03,2019-20,5513.426666666666,5513.43,0.0033333333340124227
Wholesale,Mustard,OD03,2020-21,5781.260833333334,5781.26,0.0008333333335031057
Wholesale,Mustard,OD03,2021-22,6062.107499999999,6062.11,0.002500000000509317
Wholesale,Mustard,OD03,2022-23,6356.595,6356.6,0.005000000000109139
Wholesale,Mustard,OD03,2023-24,6665.391666666666,6665.39,0.0016666666660967167
Wholesale,Mustard,OD03,2024-25,6989.186666666667,6989.19,0.0033333333321934333
Wholesale,Mustard,OD04,2013-14,3975.0,3975.0,0.0
Wholesale,Mustard,OD04,2014-15,4013.0,4013.0,0.0
Wholesale,Mustard,OD04,2015-16,4418.9991666666665,4419.0,0.0008333333335031057
Wholesale,Mustard,OD04,2016-17,4500.0,4500.0,0.0
Wholesale,Mustard,OD04,2017-18,4862.998333333334,4863.0,0.0016666666660967167
Wholesale,Mustard,OD04,2018-19,4818.0008333333335,4818.0,0.0008333333335031057
Wholesale,Mustard,OD04,2019-20,5052.050833333334,5052.05,0.0008333333335031057
Wholesale,Mustard,OD04,2020-21,5297.473333333333,5297.47,0.003333333333102928
Wholesale,Mustard,OD04,2021-22,5554.818333333334,5554.82,0.0016666666660967167
Wholesale,Mustard,OD04,2022-23,5824.663333333334,5824.66,0.0033333333340124227
Wholesale,Mustard,OD04,2023-24,6107.6175,6107.62,0.0024999999995998223
Wholesale,Mustard,OD04,2024-25,6404.318333333334,6404.32,0.0016666666660967167
Wholesale,Mustard,OD05,2013-14,3799.9983333333334,3800.0,0.001666666666551464
Wholesale,Mustard,OD05,2014-15,3875.0,3875.0,0.0
Wholesale,Mustard,OD05,2015-16,4352.0,4352.0,0.0
Wholesale,Mustard,OD05,2016-17,4550.0,4550.0,0.0
Wholesale,Mustard,OD05,2017-18,4200.0008333333335,4200.0,0.0008333333335031057
Wholesale,Mustard,OD05,2018-19,5072.9991666666665,5073.0,0.0008333333335031057
Wholesale,Mustard,OD05,2019-20,5319.44,5319.44,0.0
Wholesale,Mustard,OD05,2020-21,5577.850833333334,5577.85,0.0008333333335031057
Wholesale,Mustard,OD05,2021-22,5848.814166666667,5848.82,0.00583333333270275
Wholesale,Mustard,OD05,2022-23,6132.941666666667,6132.94,0.0016666666670062114
Wholesale,Mustard,OD05,2023-24,6430.8725,6430.87,0.002500000000509317
Wholesale,Mustard,OD05,2024-25,6743.275833333333,6743.28,0.004166666666606034
Wholesale,Mustard,OD06,2013-14,4085.998333333333,4086.0,0.0016666666670062114
Wholesale,Mustard,OD06,2014-15,4267.0008333333335,4267.0,0.0008333333335031057
Wholesale,Mustard,OD06,2015-16,4352.0,4352.0,0.0
Wholesale,Mustard,OD06,2016-17,4550.001666666667,4550.0,0.0016666666670062114
Wholesale,Mustard,OD06,2017-18,4778.0,4778.0,0.0
Wholesale,Mustard,OD06,2018-19,6134.000833333333,6134.0,0.000833333332593611
Wholesale,Mustard,OD06,2019-20,6431.981666666667,6431.98,0.0016666666670062114
Wholesale,Mustard,OD06,2020-21,6744.4375,6744.44,0.0024999999995998223
Wholesale,Mustard,OD06,2021-22,7072.075,7072.07,0.005000000000109139
Wholesale,Mustard,OD06,2022-23,7415.6275,7415.63,0.002500000000509317
Wholesale,Mustard,OD06,2023-24,7775.869166666666,7775.87,0.0008333333335031057
Wholesale,Mustard,OD06,2024-25,8153.610000000001,8153.61,9.094947017729282e-13
Wholesale,Mustard,OD07,2013-14,4568.9991666666665,4569.0,0.0008333333335031057
Wholesale,Mustard,OD07,2014-15,4600.0,4600.0,0.0
Wholesale,Mustard,OD07,2015-16,4428.0,4428.0,0.0
Wholesale,Mustard,OD07,2016-17,4475.0008333333335,4475.0,0.0008333333335031057
Wholesale,Mustard,OD07,2017-18,4650.0,4650.0,0.0
Wholesale,Mustard,OD07,2018-19,5683.0,5683.0,0.0
Wholesale,Mustard,OD07,2019-20,5959.072499999999,5959.07,0.0024999999995998223
Wholesale,Mustard,OD07,2020-21,6248.556666666667,6248.56,0.003333333333102928
Wholesale,Mustard,OD07,2021-22,6552.1016666666665,6552.1,0.0016666666660967167
Wholesale,Mustard,OD07,2022-23,6870.395,6870.4,0.004999999999199645
Wholesale,Mustard,OD07,2023-24,7204.150833333333,7204.15,0.0008333333335031057
Wholesale,Mustard,OD07,2024-25,7554.119166666666,7554.12,0.0008333333335031057
Wholesale,Mustard,OD08,2013-14,4450.0008333333335,4450.0,0.0008333333335031057
Wholesale,Mustard,OD08,2014-15,4499.998333333333,4500.0,0.0016666666670062114
Wholesale,Mustard,OD08,2015-16,4351.998333333333,4352.0,0.0016666666670062114
Wholesale,Mustard,OD08,2016-17,4399.9991666666665,4400.0,0.0008333333335031057
Wholesale,Mustard,OD08,2017-18,4833.0,4833.0,0.0
Wholesale,Mustard,OD08,2018-19,4888.0,4888.0,0.0
Wholesale,Mustard,OD08,2019-20,5125.453333333334,5125.45,0.0033333333340124227
Wholesale,Mustard,OD08,2020-21,5374.440833333333,5374.44,0.0008333333335031057
Wholesale,Mustard,OD08,2021-22,5635.525000000001,5635.52,0.005000000000109139
Wholesale,Mustard,OD08,2022-23,5909.2891666666665,5909.29,0.0008333333335031057
Wholesale,Mustard,OD08,2023-24,6196.354166666667,6196.35,0.004166666666606034
Wholesale,Mustard,OD08,2024-25,6497.365833333333,6497.37,0.004166666666606034
Wholesale,Mustard,OD09,2013-14,4249.9991666666665,4250.0,0.0008333333335031057
Wholesale,Mustard,OD09,2014-15,4300.001666666666,4300.0,0.0016666666660967167
Wholesale,Mustard,OD09,2015-16,4249.9991666666665,4250.0,0.0008333333335031057
Wholesale,Mustard,OD09,2016-17,4499.9991666666665,4500.0,0.0008333333335031057
Wholesale,Mustard,OD09,2017-18,4773.9991666666665,4774.0,0.0008333333335031057
Wholesale,Mustard,OD09,2018-19,6325.000833333333,6325.0,0.000833333332593611
Wholesale,Mustard,OD09,2019-20,6632.260833333334,6632.26,0.0008333333335031057
Wholesale,Mustard,OD09,2020-21,6954.448333333334,6954.45,0.0016666666660967167
Wholesale,Mustard,OD09,2021-22,7292.285,7292.28,0.005000000000109139
Wholesale,Mustard,OD09,2022-23,7646.5325,7646.53,0.002500000000509317
Wholesale,Mustard,OD09,2023-24,8017.991666666666,8017.99,0.0016666666660967167
Wholesale,Mustard,OD09,2024-25,8407.495833333332,8407.5,0.004166666667515528
Wholesale,Mustard,OD10,2013-14,4600.0,4600.0,0.0
Wholesale,Mustard,OD10,2014-15,4600.0008333333335,4600.0,0.0008333333335031057
Wholesale,Mustard,OD10,2015-16,4419.0,4419.0,0.0
Wholesale,Mustard,OD10,2016-17,4500.0008333333335,4500.0,0.0008333333335031057
Wholesale,Mustard,OD10,2017-18,4893.998333333333,4894.0,0.0016666666670062114
Wholesale,Mustard,OD10,2018-19,4656.998333333333,4657.0,0.0016666666670062114
Wholesale,Mustard,OD10,2019-20,4883.231666666667,4883.23,0.0016666666670062114
Wholesale,Mustard,OD10,2020-21,5120.450833333333,5120.45,0.0008333333335031057
Wholesale,Mustard,OD10,2021-22,5369.1975,5369.2,0.0024999999995998223
Wholesale,Mustard,OD10,2022-23,5630.025000000001,5630.02,0.005000000000109139
Wholesale,Mustard,OD10,2023-24,5903.525000000001,5903.52,0.005000000000109139
Wholesale,Mustard,OD10,2024-25,6190.31,6190.31,0.0
Wholesale,Mustard,OD11,2013-14,5006.661666666667,5006.66,0.0016666666670062114
Wholesale,Mustard,OD11,2014-15,5069.234166666666,5069.24,0.005833333333612245
Wholesale,Mustard,OD11,2015-16,5199.491666666667,5199.49,0.0016666666670062114
Wholesale,Mustard,OD11,2016-17,5337.504166666667,5337.5,0.004166666666606034
Wholesale,Mustard,OD11,2017-18,6253.0,6253.0,0.0
Wholesale,Mustard,OD11,2018-19,5767.0,5767.0,0.0
Wholesale,Mustard,OD11,2019-20,6047.153333333333,6047.15,0.003333333333102928
Wholesale,Mustard,OD11,2020-21,6340.915,6340.92,0.005000000000109139
Wholesale,Mustard,OD11,2021-22,6648.949166666666,6648.95,0.0008333333335031057
Wholesale,Mustard,OD11,2022-23,6971.945,6971.95,0.005000000000109139
Wholesale,Mustard,OD11,2023-24,7310.633333333332,7310.63,0.0033333333321934333
Wholesale,Mustard,OD11,2024-25,7665.775000000001,7665.77,0.005000000000109139
Wholesale,Mustard,OD12,2013-14,4303.325,4303.33,0.005000000000109139
Wholesale,Mustard,OD12,2014-15,4357.110833333333,4357.11,0.0008333333335031057
Wholesale,Mustard,OD12,2015-16,4469.065833333333,4469.07,0.004166666666606034
Wholesale,Mustard,OD12,2016-17,4549.998333333333,4550.0,0.0016666666670062114
Wholesale,Mustard,OD12,2017-18,4924.705833333333,4924.71,0.004166666666606034
Wholesale,Mustard,OD12,2018-19,5500.0,5500.0,0.0
Wholesale,Mustard,OD12,2019-20,5767.181666666666,5767.18,0.0016666666660967167
Wholesale,Mustard,OD12,2020-21,6047.345,6047.34,0.005000000000109139
Wholesale,Mustard,OD12,2021-22,6341.1175,6341.12,0.0024999999995998223
Wholesale,Mustard,OD12,2022-23,6649.159166666667,6649.16,0.000833333332593611
Wholesale,Mustard,OD12,2023-24,6972.1675,6972.17,0.002500000000509317
Wholesale,Mustard,OD12,2024-25,7310.863333333334,7310.87,0.006666666666205856
Wholesale,Mustard,OD13,2013-14,4030.0691666666667,4030.07,0.0008333333335031057
Wholesale,Mustard,OD13,2014-15,4080.435833333333,4080.44,0.004166666667060781
Wholesale,Mustard,OD13,2015-16,4185.285,4185.28,0.005000000000109139
Wholesale,Mustard,OD13,2016-17,4550.0008333333335,4550.0,0.0008333333335031057
Wholesale,Mustard,OD13,2017-18,4883.0008333333335,4883.0,0.0008333333335031057
Wholesale,Mustard,OD13,2018-19,4506.9991666666665,4507.0,0.0008333333335031057
Wholesale,Mustard,OD13,2019-20,4725.944166666667,4725.94,0.004166666667515528
Wholesale,Mustard,OD13,2020-21,4955.524166666667,4955.52,0.004166666666606034
Wholesale,Mustard,OD13,2021-22,5196.255,5196.26,0.005000000000109139
Wholesale,Mustard,OD13,2022-23,5448.684166666667,5448.68,0.004166666666606034
Wholesale,Mustard,OD13,2023-24,5713.374166666667,5713.37,0.004166666667515528
Wholesale,Mustard,OD13,2024-25,5990.9225,5990.92,0.0024999999995998223
Wholesale,Mustard,OD14,2013-14,4296.615833333333,4296.62,0.004166666666606034
Wholesale,Mustard,OD14,2014-15,4099.9991666666665,4100.0,0.0008333333335031057
Wholesale,Mustard,OD14,2015-16,4402.0,4402.0,0.0
Wholesale,Mustard,OD14,2016-17,4449.998333333334,4450.0,0.0016666666660967167
Wholesale,Mustard,OD14,2017-18,4617.001666666667,4617.0,0.0016666666670062114
Wholesale,Mustard,OD14,2018-19,6320.998333333333,6321.0,0.0016666666670062114
Wholesale,Mustard,OD14,2019-20,6628.065,6628.07,0.005000000000109139
Wholesale,Mustard,OD14,2020-21,6950.048333333333,6950.05,0.0016666666670062114
Wholesale,Mustard,OD14,2021-22,7287.670833333334,7287.67,0.0008333333335031057
Wholesale,Mustard,OD14,2022-23,7641.697499999999,7641.7,0.002500000000509317
Wholesale,Mustard,OD14,2023-24,8012.921666666666,8012.92,0.0016666666660967167
Wholesale,Mustard,OD14,2024-25,8402.1775,8402.18,0.002500000000509317
Wholesale,Mustard,OD15,2013-14,4433.0,4433.0,0.0
Wholesale,Mustard,OD15,2014-15,4563.0,4563.0,0.0
Wholesale,Mustard,OD15,2015-16,4351.998333333333,4352.0,0.0016666666670062114
Wholesale,Mustard,OD15,2016-17,4133.0,4133.0,0.0
Wholesale,Mustard,OD15,2017-18,4200.0,4200.0,0.0
Wholesale,Mustard,OD15,2018-19,5242.348333333333,5242.35,0.0016666666670062114
Wholesale,Mustard,OD15,2019-20,4962.47,4962.47,0.0
Wholesale,Mustard,OD15,2020-21,5203.54,5203.54,0.0
Wholesale,Mustard,OD15,2021-22,5456.320833333333,5456.32,0.0008333333335031057
Wholesale,Mustard,OD15,2022-23,5721.3825,5721.38,0.0024999999995998223
Wholesale,Mustard,OD15,2023-24,5999.318333333334,5999.32,0.0016666666660967167
Wholesale,Mustard,OD15,2024-25,6290.759166666667,6290.76,0.0008333333335031057
Wholesale,Mustard,OD16,2013-14,4015.0,4015.0,0.0
Wholesale,Mustard,OD16,2014-15,4075.0,4075.0,0.0
Wholesale,Mustard,OD16,2015-16,4347.0,4347.0,0.0
Wholesale,Mustard,OD16,2016-17,4400.0,4400.0,0.0
Wholesale,Mustard,OD16,2017-18,4725.0,4725.0,0.0
Wholesale,Mustard,OD16,2018-19,4725.0,4725.0,0.0
Wholesale,Mustard,OD16,2019-20,4954.534166666667,4954.53,0.004166666667515528
Wholesale,Mustard,OD16,2020-21,5195.218333333333,5195.22,0.0016666666670062114
Wholesale,Mustard,OD16,2021-22,5447.595833333334,5447.6,0.004166666666606034
Wholesale,Mustard,OD16,2022-23,5712.233333333334,5712.23,0.0033333333340124227
Wholesale,Mustard,OD16,2023-24,5989.724166666667,5989.73,0.00583333333270275
Wholesale,Mustard,OD16,2024-25,6280.698333333334,6280.7,0.0016666666660967167
Wholesale,Mustard,OD17,2013-14,4312.0008333333335,4312.0,0.0008333333335031057
Wholesale,Mustard,OD17,2014-15,4399.9991666666665,4400.0,0.0008333333335031057
Wholesale,Mustard,OD17,2015-16,4428.0,4428.0,0.0
Wholesale,Mustard,OD17,2016-17,4550.000833333333,4550.0,0.000833333332593611
Wholesale,Mustard,OD17,2017-18,4400.000833333333,4400.0,0.000833333332593611
Wholesale,Mustard,OD17,2018-19,4889.0008333333335,4889.0,0.0008333333335031057
Wholesale,Mustard,OD17,2019-20,5126.5008333333335,5126.5,0.0008333333335031057
Wholesale,Mustard,OD17,2020-21,5375.5391666666665,5375.54,0.0008333333335031057
Wholesale,Mustard,OD17,2021-22,5636.675833333334,5636.68,0.004166666666606034
Wholesale,Mustard,OD17,2022-23,5910.498333333333,5910.5,0.0016666666670062114
Wholesale,Mustard,OD17,2023-24,6197.623333333333,6197.62,0.003333333333102928
Wholesale,Mustard,OD17,2024-25,6498.694166666667,6498.69,0.004166666667515528
Wholesale,Mustard,OD18,2013-14,4137.261666666666,4137.26,0.0016666666660967167
Wholesale,Mustard,OD18,2014-15,3900.0008333333335,3900.0,0.0008333333335031057
Wholesale,Mustard,OD18,2015-16,4284.0008333333335,4284.0,0.0008333333335031057
Wholesale,Mustard,OD18,2016-17,4449.9991666666665,4450.0,0.0008333333335031057
Wholesale,Mustard,OD18,2017-18,4694.9991666666665,4695.0,0.0008333333335031057
Wholesale,Mustard,OD18,2018-19,5619.0,5619.0,0.0
Wholesale,Mustard,OD18,2019-20,5891.962500000001,5891.96,0.002500000000509317
Wholesale,Mustard,OD18,2020-21,6178.186666666667,6178.19,0.0033333333321934333
Wholesale,Mustard,OD18,2021-22,6478.315833333333,6478.32,0.004166666666606034
Wholesale,Mustard,OD18,2022-23,6793.0233333333335,6793.02,0.003333333333102928
Wholesale,Mustard,OD18,2023-24,7123.016666666666,7123.02,0.0033333333340124227
Wholesale,Mustard,OD18,2024-25,7469.045833333334,7469.05,0.004166666666606034
Wholesale,Mustard,OD19,2013-14,3999.9991666666665,4000.0,0.0008333333335031057
Wholesale,Mustard,OD19,2014-15,4100.0008333333335,4100.0,0.0008333333335031057
Wholesale,Mustard,OD19,2015-16,4352.0,4352.0,0.0
Wholesale,Mustard,OD19,2016-17,4549.999166666667,4550.0,0.000833333332593611
Wholesale,Mustard,OD19,2017-18,4875.0,4875.0,0.0
Wholesale,Mustard,OD19,2018-19,5265.343333333333,5265.34,0.003333333333102928
Wholesale,Mustard,OD19,2019-20,4984.239166666667,4984.24,0.000833333332593611
Wholesale,Mustard,OD19,2020-21,5226.366666666667,5226.37,0.003333333333102928
Wholesale,Mustard,OD19,2021-22,5480.256666666667,5480.26,0.003333333333102928
Wholesale,Mustard,OD19,2022-23,5746.479166666667,5746.48,0.000833333332593611
Wholesale,Mustard,OD19,2023-24,6025.636666666666,6025.64,0.0033333333340124227
Wholesale,Mustard,OD19,2024-25,6318.3525,6318.35,0.0024999999995998223
Wholesale,Mustard,OD20,2013-14,4799.999166666667,4800.0,0.000833333332593611
Wholesale,Mustard,OD20,2014-15,4667.0,4667.0,0.0
Wholesale,Mustard,OD20,2015-16,4352.0,4352.0,0.0
Wholesale,Mustard,OD20,2016-17,4417.0008333333335,4417.0,0.0008333333335031057
Wholesale,Mustard,OD20,2017-18,4750.0008333333335,4750.0,0.0008333333335031057
Wholesale,Mustard,OD20,2018-19,4999.9991666666665,5000.0,0.0008333333335031057
Wholesale,Mustard,OD20,2019-20,5242.891666666666,5242.89,0.0016666666660967167
Wholesale,Mustard,OD20,2020-21,5497.5858333333335,5497.59,0.004166666666606034
Wholesale,Mustard,OD20,2021-22,5764.651666666668,5764.65,0.001666666667915706
Wholesale,Mustard,OD20,2022-23,6044.6925,6044.69,0.002500000000509317
Wholesale,Mustard,OD20,2023-24,6338.3341666666665,6338.33,0.004166666666606034
Wholesale,Mustard,OD20,2024-25,6646.240833333333,6646.24,0.0008333333335031057
Wholesale,Mustard,OD21,2013-14,4800.0,4800.0,0.0
Wholesale,Mustard,OD21,2014-15,5673.912499999999,5673.91,0.0024999999995998223
Wholesale,Mustard,OD21,2015-16,5819.705833333333,5819.71,0.004166666666606034
Wholesale,Mustard,OD21,2016-17,5974.18,5974.18,0.0
Wholesale,Mustard,OD21,2017-18,7332.998333333333,7333.0,0.0016666666670062114
Wholesale,Mustard,OD21,2018-19,7103.844166666667,7103.85,0.005833333333612245
Wholesale,Mustard,OD21,2019-20,6724.586666666666,6724.59,0.0033333333340124227
Wholesale,Mustard,OD21,2020-21,7051.258333333334,7051.26,0.0016666666660967167
Wholesale,Mustard,OD21,2021-22,7393.798333333333,7393.8,0.0016666666670062114
Wholesale,Mustard,OD21,2022-23,7752.980833333334,7752.98,0.0008333333344126004
Wholesale,Mustard,OD21,2023-24,8129.610000000001,8129.61,9.094947017729282e-13
Wholesale,Mustard,OD21,2024-25,8524.533333333335,8524.53,0.0033333333340124227
Wholesale,Mustard,OD22,2013-14,4051.9991666666665,4052.0,0.0008333333335031057
Wholesale,Mustard,OD22,2014-15,4245.0,4245.0,0.0
Wholesale,Mustard,OD22,2015-16,4288.0,4288.0,0.0
Wholesale,Mustard,OD22,2016-17,4462.001666666666,4462.0,0.0016666666660967167
Wholesale,Mustard,OD22,2017-18,4492.9991666666665,4493.0,0.0008333333335031057
Wholesale,Mustard,OD22,2018-19,4298.0008333333335,4298.0,0.0008333333335031057
Wholesale,Mustard,OD22,2019-20,4506.7908333333335,4506.79,0.0008333333335031057
Wholesale,Mustard,OD22,2020-21,4725.725833333333,4725.72,0.00583333333270275
Wholesale,Mustard,OD22,2021-22,4955.294166666667,4955.29,0.004166666666606034
Wholesale,Mustard,OD22,2022-23,5196.0175,5196.02,0.002500000000509317
Wholesale,Mustard,OD22,2023-24,5448.43,5448.43,0.0
Wholesale,Mustard,OD22,2024-25,5713.109166666666,5713.11,0.0008333333335031057
Wholesale,Mustard,OD23,2013-14,3999.9991666666665,4000.0,0.0008333333335031057
Wholesale,Mustard,OD23,2014-15,4099.5408333333335,4099.54,0.0008333333335031057
Wholesale,Mustard,OD23,2015-16,4048.0,4048.0,0.0
Wholesale,Mustard,OD23,2016-17,4520.001666666667,4520.0,0.0016666666670062114
Wholesale,Mustard,OD23,2017-18,4643.9991666666665,4644.0,0.0008333333335031057
Wholesale,Mustard,OD23,2018-19,5132.7,5132.7,0.0
Wholesale,Mustard,OD23,2019-20,4858.6775,4858.68,0.002500000000509317
Wholesale,Mustard,OD23,2020-21,5094.706666666667,5094.71,0.003333333333102928
Wholesale,Mustard,OD23,2021-22,5342.199166666666,5342.2,0.0008333333335031057
Wholesale,Mustard,OD23,2022-23,5601.715833333333,5601.72,0.004166666667515528
Wholesale,Mustard,OD23,2023-24,5873.839166666668,5873.84,0.000833333332593611
Wholesale,Mustard,OD23,2024-25,6159.184166666666,6159.18,0.004166666665696539
Wholesale,Mustard,OD24,2013-14,3991.9991666666665,3992.0,0.0008333333335031057
Wholesale,Mustard,OD24,2014-15,4143.999166666667,4144.0,0.000833333332593611
Wholesale,Mustard,OD24,2015-16,4389.9991666666665,4390.0,0.0008333333335031057
Wholesale,Mustard,OD24,2016-17,4541.9991666666665,4542.0,0.0008333333335031057
Wholesale,Mustard,OD24,2017-18,4594.9991666666665,4595.0,0.0008333333335031057
Wholesale,Mustard,OD24,2018-19,5783.0,5783.0,0.0
Wholesale,Mustard,OD24,2019-20,6063.931666666666,6063.93,0.0016666666660967167
Wholesale,Mustard,OD24,2020-21,6358.509166666667,6358.51,0.0008333333335031057
Wholesale,Mustard,OD24,2021-22,6667.3966666666665,6667.4,0.003333333333102928
Wholesale,Mustard,OD24,2022-23,6991.288333333334,6991.29,0.0016666666660967167
Wholesale,Mustard,OD24,2023-24,7330.916666666667,7330.92,0.003333333333102928
Wholesale,Mustard,OD24,2024-25,7687.0425,7687.04,0.0024999999995998223
Wholesale,Mustard,OD25,2013-14,4050.0016666666666,4050.0,0.001666666666551464
Wholesale,Mustard,OD25,2014-15,4165.980833333334,4165.98,0.0008333333344126004
Wholesale,Mustard,OD25,2015-16,4273.025833333333,4273.03,0.004166666666606034
Wholesale,Mustard,OD25,2016-17,4300.0,4300.0,0.0
Wholesale,Mustard,OD25,2017-18,4366.9991666666665,4367.0,0.0008333333335031057
Wholesale,Mustard,OD25,2018-19,5779.0,5779.0,0.0
Wholesale,Mustard,OD25,2019-20,6059.735000000001,6059.74,0.004999999999199645
Wholesale,Mustard,OD25,2020-21,6354.109166666666,6354.11,0.0008333333335031057
Wholesale,Mustard,OD25,2021-22,6662.783333333333,6662.78,0.003333333333102928
Wholesale,Mustard,OD25,2022-23,6986.451666666667,6986.45,0.0016666666670062114
Wholesale,Mustard,OD25,2023-24,7325.845,7325.85,0.005000000000109139
Wholesale,Mustard,OD25,2024-25,7681.724166666667,7681.73,0.00583333333270275
Wholesale,Mustard,OD26,2013-14,4263.8825,4263.88,0.0024999999995998223
Wholesale,Mustard,OD26,2014-15,4317.174166666667,4317.17,0.004166666666606034
Wholesale,Mustard,OD26,2015-16,4428.1050000000005,4428.1,0.005000000000109139
Wholesale,Mustard,OD26,2016-17,4550.0008333333335,4550.0,0.0008333333335031057
Wholesale,Mustard,OD26,2017-18,4879.57,4879.57,0.0
Wholesale,Mustard,OD26,2018-19,5400.0,5400.0,0.0
Wholesale,Mustard,OD26,2019-20,5662.325,5662.32,0.005000000000109139
Wholesale,Mustard,OD26,2020-21,5937.393333333333,5937.39,0.003333333333102928
Wholesale,Mustard,OD26,2021-22,6225.823333333334,6225.82,0.0033333333340124227
Wholesale,Mustard,OD26,2022-23,6528.264999999999,6528.27,0.005000000001018634
Wholesale,Mustard,OD26,2023-24,6845.400000000001,6845.4,9.094947017729282e-13
Wholesale,Mustard,OD26,2024-25,7177.940833333334,7177.94,0.0008333333344126004
Wholesale,Mustard,OD27,2013-14,3933.0008333333335,3933.0,0.0008333333335031057
Wholesale,Mustard,OD27,2014-15,4000.0008333333335,4000.0,0.0008333333335031057
Wholesale,Mustard,OD27,2015-16,4453.0,4453.0,0.0
Wholesale,Mustard,OD27,2016-17,4530.9991666666665,4531.0,0.0008333333335031057
Wholesale,Mustard,OD27,2017-18,4763.0,4763.0,0.0
Wholesale,Mustard,OD27,2018-19,5082.9991666666665,5083.0,0.0008333333335031057
Wholesale,Mustard,OD27,2019-20,5329.924166666667,5329.93,0.005833333333612245
Wholesale,Mustard,OD27,2020-21,5588.845833333333,5588.85,0.004166666667515528
Wholesale,Mustard,OD27,2021-22,5860.345833333333,5860.34,0.00583333333270275
Wholesale,Mustard,OD27,2022-23,6145.031666666667,6145.03,0.0016666666670062114
Wholesale,Mustard,OD27,2023-24,6443.549166666667,6443.55,0.0008333333335031057
Wholesale,Mustard,OD27,2024-25,6756.566666666667,6756.57,0.003333333333102928
Wholesale,Mustard,OD28,2013-14,4400.0008333333335,4400.0,0.0008333333335031057
Wholesale,Mustard,OD28,2014-15,4467.0,4467.0,0.0
Wholesale,Mustard,OD28,2015-16,4385.0,4385.0,0.0
Wholesale,Mustard,OD28,2016-17,4400.0,4400.0,0.0
Wholesale,Mustard,OD28,2017-18,4497.0008333333335,4497.0,0.0008333333335031057
Wholesale,Mustard,OD28,2018-19,5080.0,5080.0,0.0
Wholesale,Mustard,OD28,2019-20,5326.78,5326.78,0.0
Wholesale,Mustard,OD28,2020-21,5585.5475,5585.55,0.002500000000509317
Wholesale,Mustard,OD28,2021-22,5856.885833333334,5856.89,0.004166666666606034
Wholesale,Mustard,OD28,2022-23,6141.405,6141.41,0.005000000000109139
Wholesale,Mustard,OD28,2023-24,6439.745,6439.75,0.005000000000109139
Wholesale,Mustard,OD28,2024-25,6752.5825,6752.58,0.002500000000509317
Wholesale,Mustard,OD29,2013-14,4083.0008333333335,4083.0,0.0008333333335031057
Wholesale,Mustard,OD29,2014-15,4300.0008333333335,4300.0,0.0008333333335031057
Wholesale,Mustard,OD29,2015-16,4480.0008333333335,4480.0,0.0008333333335031057
Wholesale,Mustard,OD29,2016-17,4550.0,4550.0,0.0
Wholesale,Mustard,OD29,2017-18,4591.9991666666665,4592.0,0.0008333333335031057
Wholesale,Mustard,OD29,2018-19,5200.0,5200.0,0.0
Wholesale,Mustard,OD29,2019-20,5452.608333333334,5452.61,0.0016666666660967167
Wholesale,Mustard,OD29,2020-21,5717.489166666666,5717.49,0.0008333333335031057
Wholesale,Mustard,OD29,2021-22,5995.2375,5995.24,0.0024999999995998223
Wholesale,Mustard,OD29,2022-23,6286.4775,6286.48,0.0024999999995998223
Wholesale,Mustard,OD29,2023-24,6591.865000000001,6591.87,0.004999999999199645
Wholesale,Mustard,OD29,2024-25,6912.09,6912.09,0.0
Wholesale,Mustard,OD30,2013-14,4100.0008333333335,4100.0,0.0008333333335031057
Wholesale,Mustard,OD30,2014-15,4300.0008333333335,4300.0,0.0008333333335031057
Wholesale,Mustard,OD30,2015-16,4453.0008333333335,4453.0,0.0008333333335031057
Wholesale,Mustard,OD30,2016-17,4500.001666666666,4500.0,0.0016666666660967167
Wholesale,Mustard,OD30,2017-18,4512.9991666666665,4513.0,0.0008333333335031057
Wholesale,Mustard,OD30,2018-19,6231.001666666667,6231.0,0.0016666666670062114
Wholesale,Mustard,OD30,2019-20,6533.693333333334,6533.69,0.0033333333340124227
Wholesale,Mustard,OD30,2020-21,6851.0925,6851.09,0.0024999999995998223
Wholesale,Mustard,OD30,2021-22,7183.908333333333,7183.91,0.0016666666670062114
Wholesale,Mustard,OD30,2022-23,7532.894166666666,7532.89,0.004166666665696539
Wholesale,Mustard,OD30,2023-24,7898.831666666666,7898.83,0.0016666666660967167
Wholesale,Mustard,OD30,2024-25,8282.545,8282.55,0.004999999999199645
Wholesale,Onion,OD01,2013-14,1489.0,1489.0,0.0
Wholesale,Onion,OD01,2014-15,1888.0008333333335,1888.0,0.0008333333335031057
Wholesale,Onion,OD01,2015-16,1858.9991666666667,1859.0,0.000833333333275732
Wholesale,Onion,OD01,2016-17,1389.0008333333335,1389.0,0.0008333333335031057
Wholesale,Onion,OD01,2017-18,1587.0008333333335,1587.0,0.0008333333335031057
Wholesale,Onion,OD01,2018-19,1866.9991666666665,1867.0,0.0008333333335031057
Wholesale,Onion,OD01,2019-20,1935.2233333333334,1935.22,0.0033333333333303017
Wholesale,Onion,OD01,2020-21,2005.9399999999998,2005.94,2.2737367544323206e-13
Wholesale,Onion,OD01,2021-22,2079.2366666666667,2079.24,0.003333333333102928
Wholesale,Onion,OD01,2022-23,2155.215833333333,2155.22,0.004166666666606034
Wholesale,Onion,OD01,2023-24,2233.97,2233.97,0.0
Wholesale,Onion,OD01,2024-25,2315.601666666667,2315.6,0.0016666666670062114
Wholesale,Onion,OD02,2013-14,1596.0016666666668,1596.0,0.0016666666667788377
Wholesale,Onion,OD02,2014-15,1741.0,1741.0,0.0
Wholesale,Onion,OD02,2015-16,1713.9991666666667,1714.0,0.000833333333275732
Wholesale,Onion,OD02,2016-17,1281.0008333333333,1281.0,0.000833333333275732
Wholesale,Onion,OD02,2017-18,1933.0,1933.0,0.0
Wholesale,Onion,OD02,2018-19,1933.0008333333335,1933.0,0.0008333333335031057
Wholesale,Onion,OD02,2019-20,2003.6333333333332,2003.63,0.003333333333102928
Wholesale,Onion,OD02,2020-21,2076.85,2076.85,0.0
Wholesale,Onion,OD02,2021-22,2152.7391666666667,2152.74,0.0008333333330483583
Wholesale,Onion,OD02,2022-23,2231.405,2231.4,0.005000000000109139
Wholesale,Onion,OD02,2023-24,2312.9424999999997,2312.94,0.0024999999995998223
Wholesale,Onion,OD02,2024-25,2397.4616666666666,2397.46,0.001666666666551464
Wholesale,Onion,OD03,2013-14,1750.0008333333333,1750.0,0.000833333333275732
Wholesale,Onion,OD03,2014-15,2022.0008333333333,2022.0,0.000833333333275732
Wholesale,Onion,OD03,2015-16,1992.0008333333333,1992.0,0.000833333333275732
Wholesale,Onion,OD03,2016-17,1488.0008333333333,1488.0,0.000833333333275732
Wholesale,Onion,OD03,2017-18,1822.0,1822.0,0.0
Wholesale,Onion,OD03,2018-19,1650.0,1650.0,0.0
Wholesale,Onion,OD03,2019-20,1710.2916666666667,1710.29,0.0016666666667788377
Wholesale,Onion,OD03,2020-21,1772.7883333333332,1772.79,0.0016666666667788377
Wholesale,Onion,OD03,2021-22,1837.57,1837.57,0.0
Wholesale,Onion,OD03,2022-23,1904.7150000000001,1904.72,0.004999999999881766
Wholesale,Onion,OD03,2023-24,1974.3158333333333,1974.32,0.004166666666606034
Wholesale,Onion,OD03,2024-25,2046.4616666666668,2046.46,0.0016666666667788377
Wholesale,Onion,OD04,2013-14,1793.9991666666665,1794.0,0.0008333333335031057
Wholesale,Onion,OD04,2014-15,1950.0,1950.0,0.0
Wholesale,Onion,OD04,2015-16,1920.0,1920.0,0.0
Wholesale,Onion,OD04,2016-17,1435.0,1435.0,0.0
Wholesale,Onion,OD04,2017-18,2049.9975,2050.0,0.0025000000000545697
Wholesale,Onion,OD04,2018-19,2141.0,2141.0,0.0
Wholesale,Onion,OD04,2019-20,2219.2341666666666,2219.23,0.004166666666606034
Wholesale,Onion,OD04,2020-21,2300.3275,2300.33,0.0025000000000545697
Wholesale,Onion,OD04,2021-22,2384.3866666666668,2384.39,0.003333333333102928
Wholesale,Onion,OD04,2022-23,2471.5133333333333,2471.51,0.003333333333102928
Wholesale,Onion,OD04,2023-24,2561.8266666666664,2561.83,0.0033333333335576754
Wholesale,Onion,OD04,2024-25,2655.4383333333335,2655.44,0.001666666666551464
Wholesale,Onion,OD05,2013-14,1833.0,1833.0,0.0
Wholesale,Onion,OD05,2014-15,2000.0008333333335,2000.0,0.0008333333335031057
Wholesale,Onion,OD05,2015-16,1969.9991666666667,1970.0,0.000833333333275732
Wholesale,Onion,OD05,2016-17,1470.9991666666667,1471.0,0.000833333333275732
Wholesale,Onion,OD05,2017-18,1745.1841666666667,1745.18,0.004166666666606034
Wholesale,Onion,OD05,2018-19,2120.999166666667,2121.0,0.0008333333330483583
Wholesale,Onion,OD05,2019-20,2198.5049999999997,2198.5,0.004999999999654392
Wholesale,Onion,OD05,2020-21,2278.8391666666666,2278.84,0.0008333333335031057
Wholesale,Onion,OD05,2021-22,2362.1124999999997,2362.11,0.0024999999995998223
Wholesale,Onion,OD05,2022-23,2448.4266666666667,2448.43,0.003333333333102928
Wholesale,Onion,OD05,2023-24,2537.895,2537.9,0.005000000000109139
Wholesale,Onion,OD05,2024-25,2630.6341666666667,2630.63,0.004166666666606034
Wholesale,Onion,OD06,2013-14,1711.0,1711.0,0.0
Wholesale,Onion,OD06,2014-15,2011.0,2011.0,0.0
Wholesale,Onion,OD06,2015-16,1981.0008333333333,1981.0,0.000833333333275732
Wholesale,Onion,OD06,2016-17,1479.0,1479.0,0.0
Wholesale,Onion,OD06,2017-18,2032.9991666666665,2033.0,0.0008333333335031057
Wholesale,Onion,OD06,2018-19,1736.0,1736.0,0.0
Wholesale,Onion,OD06,2019-20,1799.4375,1799.44,0.0025000000000545697
Wholesale,Onion,OD06,2020-21,1865.1891666666668,1865.19,0.000833333333275732
Wholesale,Onion,OD06,2021-22,1933.345,1933.35,0.004999999999881766
Wholesale,Onion,OD06,2022-23,2003.9933333333336,2003.99,0.0033333333335576754
Wholesale,Onion,OD06,2023-24,2077.2225,2077.22,0.0025000000000545697
Wholesale,Onion,OD06,2024-25,2153.1266666666666,2153.13,0.0033333333335576754
Wholesale,Onion,OD07,2013-14,1631.0,1631.0,0.0
Wholesale,Onion,OD07,2014-15,1866.9991666666667,1867.0,0.000833333333275732
Wholesale,Onion,OD07,2015-16,1837.9991666666667,1838.0,0.000833333333275732
Wholesale,Onion,OD07,2016-17,1373.0008333333333,1373.0,0.000833333333275732
Wholesale,Onion,OD07,2017-18,1856.0,1856.0,0.0
Wholesale,Onion,OD07,2018-19,1750.0008333333333,1750.0,0.000833333333275732
Wholesale,Onion,OD07,2019-20,1813.9458333333332,1813.95,0.004166666666833407
Wholesale,Onion,OD07,2020-21,1880.2316666666666,1880.23,0.001666666666551464
Wholesale,Onion,OD07,2021-22,1948.9366666666667,1948.94,0.0033333333333303017
Wholesale,Onion,OD07,2022-23,2020.1533333333334,2020.15,0.0033333333333303017
Wholesale,Onion,OD07,2023-24,2093.9725,2093.97,0.0025000000000545697
Wholesale,Onion,OD07,2024-25,2170.4900000000002,2170.49,4.547473508864641e-13
Wholesale,Onion,OD08,2013-14,1685.0,1685.0,0.0
Wholesale,Onion,OD08,2014-15,1850.0016666666668,1850.0,0.0016666666667788377
Wholesale,Onion,OD08,2015-16,1821.9991666666667,1822.0,0.000833333333275732
Wholesale,Onion,OD08,2016-17,1360.9991666666667,1361.0,0.000833333333275732
Wholesale,Onion,OD08,2017-18,1217.0,1217.0,0.0
Wholesale,Onion,OD08,2018-19,2118.0008333333335,2118.0,0.0008333333335031057
Wholesale,Onion,OD08,2019-20,2195.3941666666665,2195.39,0.004166666666606034
Wholesale,Onion,OD08,2020-21,2275.616666666667,2275.62,0.003333333333102928
Wholesale,Onion,OD08,2021-22,2358.7708333333335,2358.77,0.0008333333335031057
Wholesale,Onion,OD08,2022-23,2444.9641666666666,2444.96,0.004166666666606034
Wholesale,Onion,OD08,2023-24,2534.304166666667,2534.31,0.005833333333157498
Wholesale,Onion,OD08,2024-25,2626.9133333333334,2626.91,0.0033333333335576754
Wholesale,Onion,OD09,2013-14,1817.0,1817.0,0.0
Wholesale,Onion,OD09,2014-15,1938.0016666666668,1938.0,0.0016666666667788377
Wholesale,Onion,OD09,2015-16,1909.0,1909.0,0.0
Wholesale,Onion,OD09,2016-17,1425.9991666666667,1426.0,0.000833333333275732
Wholesale,Onion,OD09,2017-18,1561.0,1561.0,0.0
Wholesale,Onion,OD09,2018-19,2112.9991666666665,2113.0,0.0008333333335031057
Wholesale,Onion,OD09,2019-20,2190.2116666666666,2190.21,0.001666666666551464
Wholesale,Onion,OD09,2020-21,2270.245,2270.24,0.005000000000109139
Wholesale,Onion,OD09,2021-22,2353.2025,2353.2,0.0025000000000545697
Wholesale,Onion,OD09,2022-23,2439.1916666666666,2439.19,0.001666666666551464
Wholesale,Onion,OD09,2023-24,2528.3216666666667,2528.32,0.001666666666551464
Wholesale,Onion,OD09,2024-25,2620.7116666666666,2620.71,0.001666666666551464
Wholesale,Onion,OD10,2013-14,1675.0,1675.0,0.0
Wholesale,Onion,OD10,2014-15,2020.0,2020.0,0.0
Wholesale,Onion,OD10,2015-16,1989.0008333333335,1989.0,0.0008333333335031057
Wholesale,Onion,OD10,2016-17,1486.0008333333333,1486.0,0.000833333333275732
Wholesale,Onion,OD10,2017-18,1604.0,1604.0,0.0
Wholesale,Onion,OD10,2018-19,2271.000833333333,2271.0,0.0008333333330483583
Wholesale,Onion,OD10,2019-20,2353.9841666666666,2353.99,0.005833333333157498
Wholesale,Onion,OD10,2020-21,2440.0041666666666,2440.0,0.004166666666606034
Wholesale,Onion,OD10,2021-22,2529.1625,2529.16,0.0025000000000545697
Wholesale,Onion,OD10,2022-23,2621.5825,2621.58,0.0025000000000545697
Wholesale,Onion,OD10,2023-24,2717.3783333333336,2717.38,0.001666666666551464
Wholesale,Onion,OD10,2024-25,2816.674166666666,2816.68,0.005833333333612245
Wholesale,Onion,OD11,2013-14,1655.0016666666668,1655.0,0.0016666666667788377
Wholesale,Onion,OD11,2014-15,2000.0016666666668,2000.0,0.0016666666667788377
Wholesale,Onion,OD11,2015-16,1970.0,1970.0,0.0
Wholesale,Onion,OD11,2016-17,1471.0016666666668,1471.0,0.0016666666667788377
Wholesale,Onion,OD11,2017-18,1885.9991666666665,1886.0,0.0008333333335031057
Wholesale,Onion,OD11,2018-19,2270.0,2270.0,0.0
Wholesale,Onion,OD11,2019-20,2352.9491666666668,2352.95,0.0008333333330483583
Wholesale,Onion,OD11,2020-21,2438.929166666667,2438.93,0.0008333333330483583
Wholesale,Onion,OD11,2021-22,2528.0499999999997,2528.05,4.547473508864641e-13
Wholesale,Onion,OD11,2022-23,2620.4283333333333,2620.43,0.001666666666551464
Wholesale,Onion,OD11,2023-24,2716.1833333333334,2716.18,0.0033333333335576754
Wholesale,Onion,OD11,2024-25,2815.4341666666664,2815.43,0.004166666666606034
Wholesale,Onion,OD12,2013-14,1750.0008333333333,1750.0,0.000833333333275732
Wholesale,Onion,OD12,2014-15,1953.9991666666665,1954.0,0.0008333333335031057
Wholesale,Onion,OD12,2015-16,1924.0,1924.0,0.0
Wholesale,Onion,OD12,2016-17,1436.9991666666665,1437.0,0.0008333333335031057
Wholesale,Onion,OD12,2017-18,1510.0,1510.0,0.0
Wholesale,Onion,OD12,2018-19,1813.0024999999998,1813.0,0.002499999999827196
Wholesale,Onion,OD12,2019-20,1879.25,1879.25,0.0
Wholesale,Onion,OD12,2020-21,1947.92,1947.92,0.0
Wholesale,Onion,OD12,2021-22,2019.0991666666666,2019.1,0.000833333333275732
Wholesale,Onion,OD12,2022-23,2092.880833333333,2092.88,0.0008333333330483583
Wholesale,Onion,OD12,2023-24,2169.3566666666666,2169.36,0.0033333333335576754
Wholesale,Onion,OD12,2024-25,2248.6266666666666,2248.63,0.0033333333335576754
Wholesale,Onion,OD13,2013-14,1500.0008333333333,1500.0,0.000833333333275732
Wholesale,Onion,OD13,2014-15,2000.0008333333333,2000.0,0.000833333333275732
Wholesale,Onion,OD13,2015-16,1970.0,1970.0,0.0
Wholesale,Onion,OD13,2016-17,1470.9983333333332,1471.0,0.0016666666667788377
Wholesale,Onion,OD13,2017-18,1749.9991666666665,1750.0,0.0008333333335031057
Wholesale,Onion,OD13,2018-19,1984.9158333333335,1984.92,0.004166666666606034
Wholesale,Onion,OD13,2019-20,1732.0466666666669,1732.05,0.003333333333102928
Wholesale,Onion,OD13,2020-21,1795.3374999999999,1795.34,0.0025000000000545697
Wholesale,Onion,OD13,2021-22,1860.9408333333333,1860.94,0.000833333333275732
Wholesale,Onion,OD13,2022-23,1928.9416666666666,1928.94,0.001666666666551464
Wholesale,Onion,OD13,2023-24,1999.4283333333333,1999.43,0.0016666666667788377
Wholesale,Onion,OD13,2024-25,2072.4908333333333,2072.49,0.0008333333335031057
Wholesale,Onion,OD14,2013-14,1574.9991666666667,1575.0,0.000833333333275732
Wholesale,Onion,OD14,2014-15,1775.0,1775.0,0.0
Wholesale,Onion,OD14,2015-16,1748.0,1748.0,0.0
Wholesale,Onion,OD14,2016-17,1305.9991666666667,1306.0,0.000833333333275732
Wholesale,Onion,OD14,2017-18,1693.9991666666667,1694.0,0.000833333333275732
Wholesale,Onion,OD14,2018-19,2175.0,2175.0,0.0
Wholesale,Onion,OD14,2019-20,2254.476666666667,2254.48,0.003333333333102928
Wholesale,Onion,OD14,2020-21,2336.8575,2336.86,0.0025000000000545697
Wholesale,Onion,OD14,2021-22,2422.250833333333,2422.25,0.0008333333330483583
Wholesale,Onion,OD14,2022-23,2510.7633333333333,2510.76,0.003333333333102928
Wholesale,Onion,OD14,2023-24,2602.5091666666667,2602.51,0.0008333333335031057
Wholesale,Onion,OD14,2024-25,2697.61,2697.61,0.0
Wholesale,Onion,OD15,2013-14,1518.0,1518.0,0.0
Wholesale,Onion,OD15,2014-15,1846.0016666666668,1846.0,0.0016666666667788377
Wholesale,Onion,OD15,2015-16,1818.0,1818.0,0.0
Wholesale,Onion,OD15,2016-17,1358.0,1358.0,0.0
Wholesale,Onion,OD15,2017-18,1349.9991666666667,1350.0,0.000833333333275732
Wholesale,Onion,OD15,2018-19,1801.0191666666667,1801.02,0.000833333333275732
Wholesale,Onion,OD15,2019-20,1571.5758333333333,1571.58,0.004166666666606034
Wholesale,Onion,OD15,2020-21,1629.0041666666666,1629.0,0.004166666666606034
Wholesale,Onion,OD15,2021-22,1688.5291666666665,1688.53,0.0008333333335031057
Wholesale,Onion,OD15,2022-23,1750.2316666666666,1750.23,0.001666666666551464
Wholesale,Onion,OD15,2023-24,1814.1858333333332,1814.19,0.004166666666833407
Wholesale,Onion,OD15,2024-25,1880.4800000000002,1880.48,2.2737367544323206e-13
Wholesale,Onion,OD16,2013-14,1762.0008333333335,1762.0,0.0008333333335031057
Wholesale,Onion,OD16,2014-15,2186.000833333333,2186.0,0.0008333333330483583
Wholesale,Onion,OD16,2015-16,2152.9983333333334,2153.0,0.001666666666551464
Wholesale,Onion,OD16,2016-17,1608.0008333333335,1608.0,0.0008333333335031057
Wholesale,Onion,OD16,2017-18,1787.9991666666665,1788.0,0.0008333333335031057
Wholesale,Onion,OD16,2018-19,1787.9991666666667,1788.0,0.000833333333275732
Wholesale,Onion,OD16,2019-20,1853.3358333333333,1853.34,0.004166666666606034
Wholesale,Onion,OD16,2020-21,1921.0600000000002,1921.06,2.2737367544323206e-13
Wholesale,Onion,OD16,2021-22,1991.2566666666664,1991.26,0.0033333333335576754
Wholesale,Onion,OD16,2022-23,2064.0208333333335,2064.02,0.0008333333335031057
Wholesale,Onion,OD16,2023-24,2139.443333333333,2139.44,0.003333333333102928
Wholesale,Onion,OD16,2024-25,2217.6208333333334,2217.62,0.0008333333335031057
Wholesale,Onion,OD17,2013-14,1982.9991666666667,1983.0,0.000833333333275732
Wholesale,Onion,OD17,2014-15,2149.9983333333334,2150.0,0.001666666666551464
Wholesale,Onion,OD17,2015-16,2117.0,2117.0,0.0
Wholesale,Onion,OD17,2016-17,1582.0008333333333,1582.0,0.000833333333275732
Wholesale,Onion,OD17,2017-18,1699.9991666666665,1700.0,0.0008333333335031057
Wholesale,Onion,OD17,2018-19,1690.0008333333333,1690.0,0.000833333333275732
Wholesale,Onion,OD17,2019-20,1751.7541666666666,1751.75,0.004166666666606034
Wholesale,Onion,OD17,2020-21,1815.765,1815.77,0.004999999999881766
Wholesale,Onion,OD17,2021-22,1882.1166666666668,1882.12,0.003333333333102928
Wholesale,Onion,OD17,2022-23,1950.8925,1950.89,0.002499999999827196
Wholesale,Onion,OD17,2023-24,2022.1783333333333,2022.18,0.0016666666667788377
Wholesale,Onion,OD17,2024-25,2096.0716666666667,2096.07,0.001666666666551464
Wholesale,Onion,OD18,2013-14,1685.0,1685.0,0.0
Wholesale,Onion,OD18,2014-15,2128.0008333333335,2128.0,0.0008333333335031057
Wholesale,Onion,OD18,2015-16,2095.0,2095.0,0.0
Wholesale,Onion,OD18,2016-17,1565.0,1565.0,0.0
Wholesale,Onion,OD18,2017-18,1812.0008333333333,1812.0,0.000833333333275732
Wholesale,Onion,OD18,2018-19,1609.9991666666665,1610.0,0.0008333333335031057
Wholesale,Onion,OD18,2019-20,1668.8316666666667,1668.83,0.0016666666667788377
Wholesale,Onion,OD18,2020-21,1729.8108333333332,1729.81,0.000833333333275732
Wholesale,Onion,OD18,2021-22,1793.0225,1793.02,0.0025000000000545697
Wholesale,Onion,OD18,2022-23,1858.5416666666667,1858.54,0.0016666666667788377
Wholesale,Onion,OD18,2023-24,1926.4558333333334,1926.46,0.004166666666606034
Wholesale,Onion,OD18,2024-25,1996.8516666666667,1996.85,0.0016666666667788377
Wholesale,Onion,OD19,2013-14,1728.0,1728.0,0.0
Wholesale,Onion,OD19,2014-15,2166.9991666666665,2167.0,0.0008333333335031057
Wholesale,Onion,OD19,2015-16,2133.9991666666665,2134.0,0.0008333333335031057
Wholesale,Onion,OD19,2016-17,1594.0,1594.0,0.0
Wholesale,Onion,OD19,2017-18,1718.0008333333333,1718.0,0.000833333333275732
Wholesale,Onion,OD19,2018-19,2132.8725,2132.87,0.0025000000000545697
Wholesale,Onion,OD19,2019-20,1861.1541666666665,1861.15,0.00416666666637866
Wholesale,Onion,OD19,2020-21,1929.1633333333332,1929.16,0.003333333333102928
Wholesale,Onion,OD19,2021-22,1999.6558333333332,1999.66,0.004166666666833407
Wholesale,Onion,OD19,2022-23,2072.7275,2072.73,0.0025000000000545697
Wholesale,Onion,OD19,2023-24,2148.4683333333332,2148.47,0.001666666666551464
Wholesale,Onion,OD19,2024-25,2226.9758333333334,2226.98,0.004166666666606034
Wholesale,Onion,OD20,2013-14,1644.0,1644.0,0.0
Wholesale,Onion,OD20,2014-15,1852.0008333333333,1852.0,0.000833333333275732
Wholesale,Onion,OD20,2015-16,1823.9991666666665,1824.0,0.0008333333335031057
Wholesale,Onion,OD20,2016-17,1362.9991666666667,1363.0,0.000833333333275732
Wholesale,Onion,OD20,2017-18,1689.0,1689.0,0.0
Wholesale,Onion,OD20,2018-19,2724.0008333333335,2724.0,0.0008333333335031057
Wholesale,Onion,OD20,2019-20,2823.5383333333334,2823.54,0.001666666666551464
Wholesale,Onion,OD20,2020-21,2926.7141666666666,2926.71,0.004166666666606034
Wholesale,Onion,OD20,2021-22,3033.6608333333334,3033.66,0.0008333333335031057
Wholesale,Onion,OD20,2022-23,3144.513333333333,3144.51,0.0033333333326481807
Wholesale,Onion,OD20,2023-24,3259.4175,3259.42,0.0025000000000545697
Wholesale,Onion,OD20,2024-25,3378.5225000000005,3378.52,0.002500000000509317
Wholesale,Onion,OD21,2013-14,1900.0,1900.0,0.0
Wholesale,Onion,OD21,2014-15,2132.000833333333,2132.0,0.0008333333330483583
Wholesale,Onion,OD21,2015-16,2098.9983333333334,2099.0,0.001666666666551464
Wholesale,Onion,OD21,2016-17,1568.0,1568.0,0.0
Wholesale,Onion,OD21,2017-18,1600.0,1600.0,0.0
Wholesale,Onion,OD21,2018-19,1850.0008333333333,1850.0,0.000833333333275732
Wholesale,Onion,OD21,2019-20,1917.6016666666667,1917.6,0.0016666666667788377
Wholesale,Onion,OD21,2020-21,1987.6733333333334,1987.67,0.0033333333333303017
Wholesale,Onion,OD21,2021-22,2060.3041666666663,2060.31,0.005833333333612245
Wholesale,Onion,OD21,2022-23,2135.5925,2135.59,0.0025000000000545697
Wholesale,Onion,OD21,2023-24,2213.6275,2213.63,0.0025000000000545697
Wholesale,Onion,OD21,2024-25,2294.5183333333334,2294.52,0.001666666666551464
Wholesale,Onion,OD22,2013-14,1754.0008333333335,1754.0,0.0008333333335031057
Wholesale,Onion,OD22,2014-15,2082.0,2082.0,0.0
Wholesale,Onion,OD22,2015-16,2050.0008333333335,2050.0,0.0008333333335031057
Wholesale,Onion,OD22,2016-17,1531.9991666666667,1532.0,0.000833333333275732
Wholesale,Onion,OD22,2017-18,1866.0008333333333,1866.0,0.000833333333275732
Wholesale,Onion,OD22,2018-19,1655.0008333333333,1655.0,0.000833333333275732
Wholesale,Onion,OD22,2019-20,1715.4741666666666,1715.48,0.005833333333384871
Wholesale,Onion,OD22,2020-21,1778.1599999999999,1778.16,2.2737367544323206e-13
Wholesale,Onion,OD22,2021-22,1843.1375,1843.14,0.0025000000000545697
Wholesale,Onion,OD22,2022-23,1910.4883333333335,1910.49,0.001666666666551464
Wholesale,Onion,OD22,2023-24,1980.3,1980.3,0.0
Wholesale,Onion,OD22,2024-25,2052.6633333333334,2052.66,0.0033333333335576754
Wholesale,Onion,OD23,2013-14,1590.0,1590.0,0.0
Wholesale,Onion,OD23,2014-15,1933.0008333333335,1933.0,0.0008333333335031057
Wholesale,Onion,OD23,2015-16,1904.0,1904.0,0.0
Wholesale,Onion,OD23,2016-17,1421.9991666666665,1422.0,0.0008333333335031057
Wholesale,Onion,OD23,2017-18,1848.0,1848.0,0.0
Wholesale,Onion,OD23,2018-19,2063.0,2063.0,0.0
Wholesale,Onion,OD23,2019-20,2138.3849999999998,2138.38,0.004999999999654392
Wholesale,Onion,OD23,2020-21,2216.5241666666666,2216.52,0.004166666666606034
Wholesale,Onion,OD23,2021-22,2297.5191666666665,2297.52,0.0008333333335031057
Wholesale,Onion,OD23,2022-23,2381.4733333333334,2381.47,0.0033333333335576754
Wholesale,Onion,OD23,2023-24,2468.4966666666664,2468.5,0.0033333333335576754
Wholesale,Onion,OD23,2024-25,2558.6974999999998,2558.7,0.0025000000000545697
Wholesale,Onion,OD24,2013-14,1539.0,1539.0,0.0
Wholesale,Onion,OD24,2014-15,2057.0,2057.0,0.0
Wholesale,Onion,OD24,2015-16,2026.0,2026.0,0.0
Wholesale,Onion,OD24,2016-17,1512.9991666666667,1513.0,0.000833333333275732
Wholesale,Onion,OD24,2017-18,1842.0,1842.0,0.0
Wholesale,Onion,OD24,2018-19,2211.0,2211.0,0.0
Wholesale,Onion,OD24,2019-20,2291.7925,2291.79,0.0025000000000545697
Wholesale,Onion,OD24,2020-21,2375.5375,2375.54,0.0025000000000545697
Wholesale,Onion,OD24,2021-22,2462.3433333333332,2462.34,0.003333333333102928
Wholesale,Onion,OD24,2022-23,2552.3216666666667,2552.32,0.001666666666551464
Wholesale,Onion,OD24,2023-24,2645.585,2645.59,0.005000000000109139
Wholesale,Onion,OD24,2024-25,2742.2591666666667,2742.26,0.0008333333335031057
Wholesale,Onion,OD25,2013-14,1567.0008333333335,1567.0,0.0008333333335031057
Wholesale,Onion,OD25,2014-15,2000.0016666666668,2000.0,0.0016666666667788377
Wholesale,Onion,OD25,2015-16,1970.0008333333333,1970.0,0.000833333333275732
Wholesale,Onion,OD25,2016-17,1471.0,1471.0,0.0
Wholesale,Onion,OD25,2017-18,1514.0,1514.0,0.0
Wholesale,Onion,OD25,2018-19,1944.8808333333334,1944.88,0.000833333333275732
Wholesale,Onion,OD25,2019-20,1697.1125,1697.11,0.0025000000000545697
Wholesale,Onion,OD25,2020-21,1759.1283333333333,1759.13,0.0016666666667788377
Wholesale,Onion,OD25,2021-22,1823.4083333333335,1823.41,0.001666666666551464
Wholesale,Onion,OD25,2022-23,1890.0391666666667,1890.04,0.000833333333275732
Wholesale,Onion,OD25,2023-24,1959.1016666666667,1959.1,0.0016666666667788377
Wholesale,Onion,OD25,2024-25,2030.6908333333333,2030.69,0.000833333333275732
Wholesale,Onion,OD26,2013-14,1729.9991666666665,1730.0,0.0008333333335031057
Wholesale,Onion,OD26,2014-15,2100.0,2100.0,0.0
Wholesale,Onion,OD26,2015-16,2067.9991666666665,2068.0,0.0008333333335031057
Wholesale,Onion,OD26,2016-17,1545.0,1545.0,0.0
Wholesale,Onion,OD26,2017-18,1514.0,1514.0,0.0
Wholesale,Onion,OD26,2018-19,2339.0,2339.0,0.0
Wholesale,Onion,OD26,2019-20,2424.47,2424.47,0.0
Wholesale,Onion,OD26,2020-21,2513.0633333333335,2513.06,0.0033333333335576754
Wholesale,Onion,OD26,2021-22,2604.8941666666665,2604.89,0.004166666666606034
Wholesale,Onion,OD26,2022-23,2700.0808333333334,2700.08,0.0008333333335031057
Wholesale,Onion,OD26,2023-24,2798.7433333333333,2798.74,0.0033333333335576754
Wholesale,Onion,OD26,2024-25,2901.013333333333,2901.01,0.0033333333326481807
Wholesale,Onion,OD27,2013-14,1908.0,1908.0,0.0
Wholesale,Onion,OD27,2014-15,2121.0,2121.0,0.0
Wholesale,Onion,OD27,2015-16,2089.0,2089.0,0.0
Wholesale,Onion,OD27,2016-17,1559.9991666666665,1560.0,0.0008333333335031057
Wholesale,Onion,OD27,2017-18,1652.0008333333333,1652.0,0.000833333333275732
Wholesale,Onion,OD27,2018-19,1949.0008333333333,1949.0,0.000833333333275732
Wholesale,Onion,OD27,2019-20,2020.2183333333332,2020.22,0.0016666666667788377
Wholesale,Onion,OD27,2020-21,2094.0425,2094.04,0.0025000000000545697
Wholesale,Onion,OD27,2021-22,2170.56,2170.56,0.0
Wholesale,Onion,OD27,2022-23,2249.875,2249.87,0.005000000000109139
Wholesale,Onion,OD27,2023-24,2332.0875,2332.09,0.0025000000000545697
Wholesale,Onion,OD27,2024-25,2417.305,2417.31,0.005000000000109139
Wholesale,Onion,OD28,2013-14,1410.9991666666667,1411.0,0.000833333333275732
Wholesale,Onion,OD28,2014-15,1999.9991666666665,2000.0,0.0008333333335031057
Wholesale,Onion,OD28,2015-16,1970.0,1970.0,0.0
Wholesale,Onion,OD28,2016-17,1471.0008333333335,1471.0,0.0008333333335031057
Wholesale,Onion,OD28,2017-18,1400.0,1400.0,0.0
Wholesale,Onion,OD28,2018-19,1880.4650000000001,1880.47,0.004999999999881766
Wholesale,Onion,OD28,2019-20,1640.9025000000001,1640.9,0.0025000000000545697
Wholesale,Onion,OD28,2020-21,1700.8633333333335,1700.86,0.0033333333335576754
Wholesale,Onion,OD28,2021-22,1763.0141666666668,1763.02,0.005833333333157498
Wholesale,Onion,OD28,2022-23,1827.4383333333333,1827.44,0.0016666666667788377
Wholesale,Onion,OD28,2023-24,1894.2141666666666,1894.22,0.005833333333384871
Wholesale,Onion,OD28,2024-25,1963.4325,1963.43,0.002499999999827196
Wholesale,Onion,OD29,2013-14,1676.0,1676.0,0.0
Wholesale,Onion,OD29,2014-15,2041.9991666666667,2042.0,0.000833333333275732
Wholesale,Onion,OD29,2015-16,2011.0008333333335,2011.0,0.0008333333335031057
Wholesale,Onion,OD29,2016-17,1501.9991666666667,1502.0,0.000833333333275732
Wholesale,Onion,OD29,2017-18,1799.9983333333332,1800.0,0.0016666666667788377
Wholesale,Onion,OD29,2018-19,2519.0,2519.0,0.0
Wholesale,Onion,OD29,2019-20,2611.0491666666667,2611.05,0.0008333333335031057
Wholesale,Onion,OD29,2020-21,2706.4583333333335,2706.46,0.001666666666551464
Wholesale,Onion,OD29,2021-22,2805.355,2805.36,0.005000000000109139
Wholesale,Onion,OD29,2022-23,2907.8683333333333,2907.87,0.001666666666551464
Wholesale,Onion,OD29,2023-24,3014.1241666666665,3014.12,0.004166666666606034
Wholesale,Onion,OD29,2024-25,3124.265,3124.26,0.004999999999654392
Wholesale,Onion,OD30,2013-14,1667.0,1667.0,0.0
Wholesale,Onion,OD30,2014-15,2133.0,2133.0,0.0
Wholesale,Onion,OD30,2015-16,2100.0016666666666,2100.0,0.001666666666551464
Wholesale,Onion,OD30,2016-17,1569.0008333333333,1569.0,0.000833333333275732
Wholesale,Onion,OD30,2017-18,1599.9991666666667,1600.0,0.000833333333275732
Wholesale,Onion,OD30,2018-19,2022.0,2022.0,0.0
Wholesale,Onion,OD30,2019-20,2095.8866666666668,2095.89,0.003333333333102928
Wholesale,Onion,OD30,2020-21,2172.471666666667,2172.47,0.0016666666670062114
Wholesale,Onion,OD30,2021-22,2251.858333333333,2251.86,0.0016666666670062114
Wholesale,Onion,OD30,2022-23,2334.1433333333334,2334.14,0.0033333333335576754
Wholesale,Onion,OD30,2023-24,2419.4358333333334,2419.44,0.004166666666606034
Wholesale,Onion,OD30,2024-25,2507.846666666667,2507.85,0.003333333333102928
Wholesale,Paddy,OD01,2013-14,1310.0,1310.0,0.0
Wholesale,Paddy,OD01,2014-15,1360.0,1360.0,0.0
Wholesale,Paddy,OD01,2015-16,1437.9991666666667,1438.0,0.000833333333275732
Wholesale,Paddy,OD01,2016-17,1470.0008333333333,1470.0,0.000833333333275732
Wholesale,Paddy,OD01,2017-18,1549.9991666666667,1550.0,0.000833333333275732
Wholesale,Paddy,OD01,2018-19,1750.0008333333335,1750.0,0.0008333333335031057
Wholesale,Paddy,OD01,2019-20,1854.2383333333335,1854.24,0.001666666666551464
Wholesale,Paddy,OD01,2020-21,1964.6866666666667,1964.69,0.0033333333333303017
Wholesale,Paddy,OD01,2021-22,2081.7133333333336,2081.71,0.0033333333335576754
Wholesale,Paddy,OD01,2022-23,2205.7116666666666,2205.71,0.001666666666551464
Wholesale,Paddy,OD01,2023-24,2337.095,2337.1,0.005000000000109139
Wholesale,Paddy,OD01,2024-25,2476.3041666666663,2476.3,0.004166666666151286
Wholesale,Paddy,OD02,2013-14,1310.0008333333333,1310.0,0.000833333333275732
Wholesale,Paddy,OD02,2014-15,1360.0,1360.0,0.0
Wholesale,Paddy,OD02,2015-16,1409.9991666666667,1410.0,0.000833333333275732
Wholesale,Paddy,OD02,2016-17,1470.0008333333333,1470.0,0.000833333333275732
Wholesale,Paddy,OD02,2017-18,1550.0,1550.0,0.0
Wholesale,Paddy,OD02,2018-19,1749.9983333333332,1750.0,0.0016666666667788377
Wholesale,Paddy,OD02,2019-20,1854.2375,1854.24,0.0025000000000545697
Wholesale,Paddy,OD02,2020-21,1964.6875,1964.69,0.0025000000000545697
Wholesale,Paddy,OD02,2021-22,2081.715,2081.71,0.005000000000109139
Wholesale,Paddy,OD02,2022-23,2205.7116666666666,2205.71,0.001666666666551464
Wholesale,Paddy,OD02,2023-24,2337.0941666666668,2337.1,0.005833333333157498
Wholesale,Paddy,OD02,2024-25,2476.305,2476.3,0.004999999999654392
Wholesale,Paddy,OD03,2013-14,1309.9991666666667,1310.0,0.000833333333275732
Wholesale,Paddy,OD03,2014-15,1360.0008333333333,1360.0,0.000833333333275732
Wholesale,Paddy,OD03,2015-16,1410.0,1410.0,0.0
Wholesale,Paddy,OD03,2016-17,1470.0,1470.0,0.0
Wholesale,Paddy,OD03,2017-18,1549.9991666666667,1550.0,0.000833333333275732
Wholesale,Paddy,OD03,2018-19,1750.0008333333335,1750.0,0.0008333333335031057
Wholesale,Paddy,OD03,2019-20,1854.2383333333335,1854.24,0.001666666666551464
Wholesale,Paddy,OD03,2020-21,1964.6866666666667,1964.69,0.0033333333333303017
Wholesale,Paddy,OD03,2021-22,2081.715833333333,2081.71,0.005833333333157498
Wholesale,Paddy,OD03,2022-23,2205.710833333333,2205.71,0.0008333333330483583
Wholesale,Paddy,OD03,2023-24,2337.095,2337.1,0.005000000000109139
Wholesale,Paddy,OD03,2024-25,2476.305,2476.3,0.004999999999654392
Wholesale,Paddy,OD04,2013-14,1309.9991666666667,1310.0,0.000833333333275732
Wholesale,Paddy,OD04,2014-15,1360.0,1360.0,0.0
Wholesale,Paddy,OD04,2015-16,1410.0,1410.0,0.0
Wholesale,Paddy,OD04,2016-17,1469.9991666666667,1470.0,0.000833333333275732
Wholesale,Paddy,OD04,2017-18,1549.9991666666667,1550.0,0.000833333333275732
Wholesale,Paddy,OD04,2018-19,1749.9983333333332,1750.0,0.0016666666667788377
Wholesale,Paddy,OD04,2019-20,1854.2375,1854.24,0.0025000000000545697
Wholesale,Paddy,OD04,2020-21,1964.6875,1964.69,0.0025000000000545697
Wholesale,Paddy,OD04,2021-22,2081.7141666666666,2081.71,0.004166666666606034
Wholesale,Paddy,OD04,2022-23,2205.7116666666666,2205.71,0.001666666666551464
Wholesale,Paddy,OD04,2023-24,2337.095,2337.1,0.005000000000109139
Wholesale,Paddy,OD04,2024-25,2476.305,2476.3,0.004999999999654392
Wholesale,Paddy,OD05,2013-14,1310.0,1310.0,0.0
Wholesale,Paddy,OD05,2014-15,1360.0,1360.0,0.0
Wholesale,Paddy,OD05,2015-16,1409.9991666666667,1410.0,0.000833333333275732
Wholesale,Paddy,OD05,2016-17,1469.9991666666667,1470.0,0.000833333333275732
Wholesale,Paddy,OD05,2017-18,1550.0008333333335,1550.0,0.0008333333335031057
Wholesale,Paddy,OD05,2018-19,1750.0008333333333,1750.0,0.000833333333275732
Wholesale,Paddy,OD05,2019-20,1854.2391666666665,1854.24,0.0008333333335031057
Wholesale,Paddy,OD05,2020-21,1964.6866666666665,1964.69,0.0033333333335576754
Wholesale,Paddy,OD05,2021-22,2081.713333333333,2081.71,0.003333333333102928
Wholesale,Paddy,OD05,2022-23,2205.7125,2205.71,0.0025000000000545697
Wholesale,Paddy,OD05,2023-24,2337.0958333333333,2337.1,0.004166666666606034
Wholesale,Paddy,OD05,2024-25,2476.3058333333333,2476.3,0.005833333333157498
Wholesale,Paddy,OD06,2013-14,1310.0008333333333,1310.0,0.000833333333275732
Wholesale,Paddy,OD06,2014-15,1360.0008333333333,1360.0,0.000833333333275732
Wholesale,Paddy,OD06,2015-16,1429.0008333333335,1429.0,0.0008333333335031057
Wholesale,Paddy,OD06,2016-17,1470.0,1470.0,0.0
Wholesale,Paddy,OD06,2017-18,1550.0,1550.0,0.0
Wholesale,Paddy,OD06,2018-19,1750.0,1750.0,0.0
Wholesale,Paddy,OD06,2019-20,1854.2383333333335,1854.24,0.001666666666551464
Wholesale,Paddy,OD06,2020-21,1964.6883333333333,1964.69,0.0016666666667788377
Wholesale,Paddy,OD06,2021-22,2081.7141666666666,2081.71,0.004166666666606034
Wholesale,Paddy,OD06,2022-23,2205.710833333333,2205.71,0.0008333333330483583
Wholesale,Paddy,OD06,2023-24,2337.0941666666668,2337.1,0.005833333333157498
Wholesale,Paddy,OD06,2024-25,2476.305,2476.3,0.004999999999654392
Wholesale,Paddy,OD07,2013-14,1310.0008333333333,1310.0,0.000833333333275732
Wholesale,Paddy,OD07,2014-15,1360.0,1360.0,0.0
Wholesale,Paddy,OD07,2015-16,1409.9983333333332,1410.0,0.0016666666667788377
Wholesale,Paddy,OD07,2016-17,1470.0,1470.0,0.0
Wholesale,Paddy,OD07,2017-18,1550.0,1550.0,0.0
Wholesale,Paddy,OD07,2018-19,1749.9991666666667,1750.0,0.000833333333275732
Wholesale,Paddy,OD07,2019-20,1854.24,1854.24,0.0
Wholesale,Paddy,OD07,2020-21,1964.6875,1964.69,0.0025000000000545697
Wholesale,Paddy,OD07,2021-22,2081.7141666666666,2081.71,0.004166666666606034
Wholesale,Paddy,OD07,2022-23,2205.710833333333,2205.71,0.0008333333330483583
Wholesale,Paddy,OD07,2023-24,2337.095,2337.1,0.005000000000109139
Wholesale,Paddy,OD07,2024-25,2476.304166666667,2476.3,0.004166666666606034
Wholesale,Paddy,OD08,2013-14,1332.9991666666667,1333.0,0.000833333333275732
Wholesale,Paddy,OD08,2014-15,1375.0,1375.0,0.0
Wholesale,Paddy,OD08,2015-16,1489.0008333333333,1489.0,0.000833333333275732
Wholesale,Paddy,OD08,2016-17,1470.0,1470.0,0.0
Wholesale,Paddy,OD08,2017-18,1577.0,1577.0,0.0
Wholesale,Paddy,OD08,2018-19,1750.0,1750.0,0.0
Wholesale,Paddy,OD08,2019-20,1854.24,1854.24,0.0
Wholesale,Paddy,OD08,2020-21,1964.6883333333333,1964.69,0.0016666666667788377
Wholesale,Paddy,OD08,2021-22,2081.715,2081.71,0.005000000000109139
Wholesale,Paddy,OD08,2022-23,2205.7116666666666,2205.71,0.001666666666551464
Wholesale,Paddy,OD08,2023-24,2337.0941666666668,2337.1,0.005833333333157498
Wholesale,Paddy,OD08,2024-25,2476.3058333333333,2476.3,0.005833333333157498
Wholesale,Paddy,OD09,2013-14,1310.0008333333333,1310.0,0.000833333333275732
Wholesale,Paddy,OD09,2014-15,1359.9991666666667,1360.0,0.000833333333275732
Wholesale,Paddy,OD09,2015-16,1437.0,1437.0,0.0
Wholesale,Paddy,OD09,2016-17,1470.0008333333333,1470.0,0.000833333333275732
Wholesale,Paddy,OD09,2017-18,1549.9991666666665,1550.0,0.0008333333335031057
Wholesale,Paddy,OD09,2018-19,1750.0,1750.0,0.0
Wholesale,Paddy,OD09,2019-20,1854.2391666666665,1854.24,0.0008333333335031057
Wholesale,Paddy,OD09,2020-21,1964.6858333333332,1964.69,0.004166666666833407
Wholesale,Paddy,OD09,2021-22,2081.7116666666666,2081.71,0.001666666666551464
Wholesale,Paddy,OD09,2022-23,2205.7116666666666,2205.71,0.001666666666551464
Wholesale,Paddy,OD09,2023-24,2337.095,2337.1,0.005000000000109139
Wholesale,Paddy,OD09,2024-25,2476.305,2476.3,0.004999999999654392
Wholesale,Paddy,OD10,2013-14,1310.0008333333333,1310.0,0.000833333333275732
Wholesale,Paddy,OD10,2014-15,1360.0016666666668,1360.0,0.0016666666667788377
Wholesale,Paddy,OD10,2015-16,1481.0,1481.0,0.0
Wholesale,Paddy,OD10,2016-17,1483.0,1483.0,0.0
Wholesale,Paddy,OD10,2017-18,1549.9983333333332,1550.0,0.0016666666667788377
Wholesale,Paddy,OD10,2018-19,1749.9991666666667,1750.0,0.000833333333275732
Wholesale,Paddy,OD10,2019-20,1854.24,1854.24,0.0
Wholesale,Paddy,OD10,2020-21,1964.6875,1964.69,0.0025000000000545697
Wholesale,Paddy,OD10,2021-22,2081.7141666666666,2081.71,0.004166666666606034
Wholesale,Paddy,OD10,2022-23,2205.71,2205.71,0.0
Wholesale,Paddy,OD10,2023-24,2337.095,2337.1,0.005000000000109139
Wholesale,Paddy,OD10,2024-25,2476.304166666667,2476.3,0.004166666666606034
Wholesale,Paddy,OD11,2013-14,1309.9991666666667,1310.0,0.000833333333275732
Wholesale,Paddy,OD11,2014-15,1359.9991666666667,1360.0,0.000833333333275732
Wholesale,Paddy,OD11,2015-16,1436.0,1436.0,0.0
Wholesale,Paddy,OD11,2016-17,1470.0,1470.0,0.0
Wholesale,Paddy,OD11,2017-18,1550.0008333333335,1550.0,0.0008333333335031057
Wholesale,Paddy,OD11,2018-19,1750.0,1750.0,0.0
Wholesale,Paddy,OD11,2019-20,1854.2383333333335,1854.24,0.001666666666551464
Wholesale,Paddy,OD11,2020-21,1964.6866666666665,1964.69,0.0033333333335576754
Wholesale,Paddy,OD11,2021-22,2081.7141666666666,2081.71,0.004166666666606034
Wholesale,Paddy,OD11,2022-23,2205.7116666666666,2205.71,0.001666666666551464
Wholesale,Paddy,OD11,2023-24,2337.0941666666668,2337.1,0.005833333333157498
Wholesale,Paddy,OD11,2024-25,2476.304166666667,2476.3,0.004166666666606034
Wholesale,Paddy,OD12,2013-14,1309.9991666666667,1310.0,0.000833333333275732
Wholesale,Paddy,OD12,2014-15,1360.0008333333333,1360.0,0.000833333333275732
Wholesale,Paddy,OD12,2015-16,1409.9991666666667,1410.0,0.000833333333275732
Wholesale,Paddy,OD12,2016-17,1469.9991666666667,1470.0,0.000833333333275732
Wholesale,Paddy,OD12,2017-18,1550.0008333333333,1550.0,0.000833333333275732
Wholesale,Paddy,OD12,2018-19,1749.9991666666667,1750.0,0.000833333333275732
Wholesale,Paddy,OD12,2019-20,1854.2391666666665,1854.24,0.0008333333335031057
Wholesale,Paddy,OD12,2020-21,1964.6875,1964.69,0.0025000000000545697
Wholesale,Paddy,OD12,2021-22,2081.7125,2081.71,0.0025000000000545697
Wholesale,Paddy,OD12,2022-23,2205.7125,2205.71,0.0025000000000545697
Wholesale,Paddy,OD12,2023-24,2337.0958333333333,2337.1,0.004166666666606034
Wholesale,Paddy,OD12,2024-25,2476.3033333333333,2476.3,0.003333333333102928
Wholesale,Paddy,OD13,2013-14,1310.0008333333333,1310.0,0.000833333333275732
Wholesale,Paddy,OD13,2014-15,1359.9991666666667,1360.0,0.000833333333275732
Wholesale,Paddy,OD13,2015-16,1410.0016666666668,1410.0,0.0016666666667788377
Wholesale,Paddy,OD13,2016-17,1469.9991666666667,1470.0,0.000833333333275732
Wholesale,Paddy,OD13,2017-18,1550.0008333333333,1550.0,0.000833333333275732
Wholesale,Paddy,OD13,2018-19,1749.9991666666667,1750.0,0.000833333333275732
Wholesale,Paddy,OD13,2019-20,1854.2391666666665,1854.24,0.0008333333335031057
Wholesale,Paddy,OD13,2020-21,1964.6850000000002,1964.69,0.004999999999881766
Wholesale,Paddy,OD13,2021-22,2081.7141666666666,2081.71,0.004166666666606034
Wholesale,Paddy,OD13,2022-23,2205.7116666666666,2205.71,0.001666666666551464
Wholesale,Paddy,OD13,2023-24,2337.0958333333333,2337.1,0.004166666666606034
Wholesale,Paddy,OD13,2024-25,2476.3058333333333,2476.3,0.005833333333157498
Wholesale,Paddy,OD14,2013-14,1355.0,1355.0,0.0
Wholesale,Paddy,OD14,2014-15,1375.0,1375.0,0.0
Wholesale,Paddy,OD14,2015-16,1437.9991666666667,1438.0,0.000833333333275732
Wholesale,Paddy,OD14,2016-17,1470.0008333333333,1470.0,0.000833333333275732
Wholesale,Paddy,OD14,2017-18,1550.0016666666668,1550.0,0.0016666666667788377
Wholesale,Paddy,OD14,2018-19,1750.0,1750.0,0.0
Wholesale,Paddy,OD14,2019-20,1854.2391666666665,1854.24,0.0008333333335031057
Wholesale,Paddy,OD14,2020-21,1964.6866666666667,1964.69,0.0033333333333303017
Wholesale,Paddy,OD14,2021-22,2081.715,2081.71,0.005000000000109139
Wholesale,Paddy,OD14,2022-23,2205.710833333333,2205.71,0.0008333333330483583
Wholesale,Paddy,OD14,2023-24,2337.0958333333333,2337.1,0.004166666666606034
Wholesale,Paddy,OD14,2024-25,2476.3058333333333,2476.3,0.005833333333157498
Wholesale,Paddy,OD15,2013-14,1310.0008333333333,1310.0,0.000833333333275732
Wholesale,Paddy,OD15,2014-15,1360.0024999999998,1360.0,0.002499999999827196
Wholesale,Paddy,OD15,2015-16,1515.9991666666667,1516.0,0.000833333333275732
Wholesale,Paddy,OD15,2016-17,1499.9991666666665,1500.0,0.0008333333335031057
Wholesale,Paddy,OD15,2017-18,1570.9991666666667,1571.0,0.000833333333275732
Wholesale,Paddy,OD15,2018-19,1750.0,1750.0,0.0
Wholesale,Paddy,OD15,2019-20,1854.2375,1854.24,0.0025000000000545697
Wholesale,Paddy,OD15,2020-21,1964.6858333333332,1964.69,0.004166666666833407
Wholesale,Paddy,OD15,2021-22,2081.7141666666666,2081.71,0.004166666666606034
Wholesale,Paddy,OD15,2022-23,2205.71,2205.71,0.0
Wholesale,Paddy,OD15,2023-24,2337.0941666666668,2337.1,0.005833333333157498
Wholesale,Paddy,OD15,2024-25,2476.3041666666663,2476.3,0.004166666666151286
Wholesale,Paddy,OD16,2013-14,1325.0,1325.0,0.0
Wholesale,Paddy,OD16,2014-15,1375.0,1375.0,0.0
Wholesale,Paddy,OD16,2015-16,1440.0,1440.0,0.0
Wholesale,Paddy,OD16,2016-17,1470.0008333333333,1470.0,0.000833333333275732
Wholesale,Paddy,OD16,2017-18,1550.0016666666668,1550.0,0.0016666666667788377
Wholesale,Paddy,OD16,2018-19,1749.9991666666667,1750.0,0.000833333333275732
Wholesale,Paddy,OD16,2019-20,1854.24,1854.24,0.0
Wholesale,Paddy,OD16,2020-21,1964.6866666666665,1964.69,0.0033333333335576754
Wholesale,Paddy,OD16,2021-22,2081.7125,2081.71,0.0025000000000545697
Wholesale,Paddy,OD16,2022-23,2205.710833333333,2205.71,0.0008333333330483583
Wholesale,Paddy,OD16,2023-24,2337.0941666666668,2337.1,0.005833333333157498
Wholesale,Paddy,OD16,2024-25,2476.305,2476.3,0.004999999999654392
Wholesale,Paddy,OD17,2013-14,1309.9991666666667,1310.0,0.000833333333275732
Wholesale,Paddy,OD17,2014-15,1360.0,1360.0,0.0
Wholesale,Paddy,OD17,2015-16,1420.0008333333333,1420.0,0.000833333333275732
Wholesale,Paddy,OD17,2016-17,1470.0,1470.0,0.0
Wholesale,Paddy,OD17,2017-18,1549.9991666666667,1550.0,0.000833333333275732
Wholesale,Paddy,OD17,2018-19,1749.9983333333332,1750.0,0.0016666666667788377
Wholesale,Paddy,OD17,2019-20,1854.24,1854.24,0.0
Wholesale,Paddy,OD17,2020-21,1964.6875,1964.69,0.0025000000000545697
Wholesale,Paddy,OD17,2021-22,2081.7125,2081.71,0.0025000000000545697
Wholesale,Paddy,OD17,2022-23,2205.7125,2205.71,0.0025000000000545697
Wholesale,Paddy,OD17,2023-24,2337.095,2337.1,0.005000000000109139
Wholesale,Paddy,OD17,2024-25,2476.305,2476.3,0.004999999999654392
Wholesale,Paddy,OD18,2013-14,1310.0,1310.0,0.0
Wholesale,Paddy,OD18,2014-15,1360.0,1360.0,0.0
Wholesale,Paddy,OD18,2015-16,1415.0008333333333,1415.0,0.000833333333275732
Wholesale,Paddy,OD18,2016-17,1470.0,1470.0,0.0
Wholesale,Paddy,OD18,2017-18,1550.0,1550.0,0.0
Wholesale,Paddy,OD18,2018-19,1750.0,1750.0,0.0
Wholesale,Paddy,OD18,2019-20,1854.2383333333335,1854.24,0.001666666666551464
Wholesale,Paddy,OD18,2020-21,1964.6866666666665,1964.69,0.0033333333335576754
Wholesale,Paddy,OD18,2021-22,2081.7141666666666,2081.71,0.004166666666606034
Wholesale,Paddy,OD18,2022-23,2205.7116666666666,2205.71,0.001666666666551464
Wholesale,Paddy,OD18,2023-24,2337.095,2337.1,0.005000000000109139
Wholesale,Paddy,OD18,2024-25,2476.305,2476.3,0.004999999999654392
Wholesale,Paddy,OD19,2013-14,1310.0,1310.0,0.0
Wholesale,Paddy,OD19,2014-15,1360.0,1360.0,0.0
Wholesale,Paddy,OD19,2015-16,1439.9991666666667,1440.0,0.000833333333275732
Wholesale,Paddy,OD19,2016-17,1469.9991666666665,1470.0,0.0008333333335031057
Wholesale,Paddy,OD19,2017-18,1550.0008333333333,1550.0,0.000833333333275732
Wholesale,Paddy,OD19,2018-19,1812.9975000000002,1813.0,0.002499999999827196
Wholesale,Paddy,OD19,2019-20,1920.9908333333333,1920.99,0.000833333333275732
Wholesale,Paddy,OD19,2020-21,2035.4158333333335,2035.42,0.004166666666606034
Wholesale,Paddy,OD19,2021-22,2156.655,2156.66,0.004999999999654392
Wholesale,Paddy,OD19,2022-23,2285.1183333333333,2285.12,0.001666666666551464
Wholesale,Paddy,OD19,2023-24,2421.23,2421.23,0.0
Wholesale,Paddy,OD19,2024-25,2565.4508333333333,2565.45,0.0008333333335031057
Wholesale,Paddy,OD20,2013-14,1310.0008333333333,1310.0,0.000833333333275732
Wholesale,Paddy,OD20,2014-15,1360.0008333333333,1360.0,0.000833333333275732
Wholesale,Paddy,OD20,2015-16,1410.0,1410.0,0.0
Wholesale,Paddy,OD20,2016-17,1470.0008333333335,1470.0,0.0008333333335031057
Wholesale,Paddy,OD20,2017-18,1550.0016666666668,1550.0,0.0016666666667788377
Wholesale,Paddy,OD20,2018-19,1749.9991666666667,1750.0,0.000833333333275732
Wholesale,Paddy,OD20,2019-20,1854.2383333333335,1854.24,0.001666666666551464
Wholesale,Paddy,OD20,2020-21,1964.6875,1964.69,0.0025000000000545697
Wholesale,Paddy,OD20,2021-22,2081.7133333333336,2081.71,0.0033333333335576754
Wholesale,Paddy,OD20,2022-23,2205.710833333333,2205.71,0.0008333333330483583
Wholesale,Paddy,OD20,2023-24,2337.095,2337.1,0.005000000000109139
Wholesale,Paddy,OD20,2024-25,2476.305,2476.3,0.004999999999654392
Wholesale,Paddy,OD21,2013-14,1314.9991666666667,1315.0,0.000833333333275732
Wholesale,Paddy,OD21,2014-15,1360.0008333333333,1360.0,0.000833333333275732
Wholesale,Paddy,OD21,2015-16,1410.0,1410.0,0.0
Wholesale,Paddy,OD21,2016-17,1470.0,1470.0,0.0
Wholesale,Paddy,OD21,2017-18,1549.9991666666665,1550.0,0.0008333333335031057
Wholesale,Paddy,OD21,2018-19,1749.9983333333332,1750.0,0.0016666666667788377
Wholesale,Paddy,OD21,2019-20,1854.2383333333335,1854.24,0.001666666666551464
Wholesale,Paddy,OD21,2020-21,1964.6866666666665,1964.69,0.0033333333335576754
Wholesale,Paddy,OD21,2021-22,2081.7133333333336,2081.71,0.0033333333335576754
Wholesale,Paddy,OD21,2022-23,2205.710833333333,2205.71,0.0008333333330483583
Wholesale,Paddy,OD21,2023-24,2337.0941666666668,2337.1,0.005833333333157498
Wholesale,Paddy,OD21,2024-25,2476.305,2476.3,0.004999999999654392
Wholesale,Paddy,OD22,2013-14,1310.0008333333333,1310.0,0.000833333333275732
Wholesale,Paddy,OD22,2014-15,1360.0008333333333,1360.0,0.000833333333275732
Wholesale,Paddy,OD22,2015-16,1409.9991666666667,1410.0,0.000833333333275732
Wholesale,Paddy,OD22,2016-17,1469.9991666666667,1470.0,0.000833333333275732
Wholesale,Paddy,OD22,2017-18,1550.0,1550.0,0.0
Wholesale,Paddy,OD22,2018-19,1749.9991666666665,1750.0,0.0008333333335031057
Wholesale,Paddy,OD22,2019-20,1854.2391666666665,1854.24,0.0008333333335031057
Wholesale,Paddy,OD22,2020-21,1964.6875,1964.69,0.0025000000000545697
Wholesale,Paddy,OD22,2021-22,2081.7141666666666,2081.71,0.004166666666606034
Wholesale,Paddy,OD22,2022-23,2205.710833333333,2205.71,0.0008333333330483583
Wholesale,Paddy,OD22,2023-24,2337.095,2337.1,0.005000000000109139
Wholesale,Paddy,OD22,2024-25,2476.3058333333333,2476.3,0.005833333333157498
Wholesale,Paddy,OD23,2013-14,1310.0,1310.0,0.0
Wholesale,Paddy,OD23,2014-15,1359.9991666666667,1360.0,0.000833333333275732
Wholesale,Paddy,OD23,2015-16,1409.9991666666667,1410.0,0.000833333333275732
Wholesale,Paddy,OD23,2016-17,1470.0,1470.0,0.0
Wholesale,Paddy,OD23,2017-18,1550.0016666666668,1550.0,0.0016666666667788377
Wholesale,Paddy,OD23,2018-19,1750.0,1750.0,0.0
Wholesale,Paddy,OD23,2019-20,1854.2391666666665,1854.24,0.0008333333335031057
Wholesale,Paddy,OD23,2020-21,1964.6875,1964.69,0.0025000000000545697
Wholesale,Paddy,OD23,2021-22,2081.713333333333,2081.71,0.003333333333102928
Wholesale,Paddy,OD23,2022-23,2205.7125,2205.71,0.0025000000000545697
Wholesale,Paddy,OD23,2023-24,2337.0958333333333,2337.1,0.004166666666606034
Wholesale,Paddy,OD23,2024-25,2476.304166666667,2476.3,0.004166666666606034
Wholesale,Paddy,OD24,2013-14,1310.0,1310.0,0.0
Wholesale,Paddy,OD24,2014-15,1360.0,1360.0,0.0
Wholesale,Paddy,OD24,2015-16,1436.0,1436.0,0.0
Wholesale,Paddy,OD24,2016-17,1470.0016666666668,1470.0,0.0016666666667788377
Wholesale,Paddy,OD24,2017-18,1625.0008333333333,1625.0,0.000833333333275732
Wholesale,Paddy,OD24,2018-19,1750.0,1750.0,0.0
Wholesale,Paddy,OD24,2019-20,1854.2408333333333,1854.24,0.000833333333275732
Wholesale,Paddy,OD24,2020-21,1964.6883333333335,1964.69,0.001666666666551464
Wholesale,Paddy,OD24,2021-22,2081.715,2081.71,0.005000000000109139
Wholesale,Paddy,OD24,2022-23,2205.7125,2205.71,0.0025000000000545697
Wholesale,Paddy,OD24,2023-24,2337.0958333333333,2337.1,0.004166666666606034
Wholesale,Paddy,OD24,2024-25,2476.304166666667,2476.3,0.004166666666606034
Wholesale,Paddy,OD25,2013-14,1310.0008333333333,1310.0,0.000833333333275732
Wholesale,Paddy,OD25,2014-15,1360.0025,1360.0,0.0025000000000545697
Wholesale,Paddy,OD25,2015-16,1479.0,1479.0,0.0
Wholesale,Paddy,OD25,2016-17,1470.0,1470.0,0.0
Wholesale,Paddy,OD25,2017-18,1550.0,1550.0,0.0
Wholesale,Paddy,OD25,2018-19,1750.0,1750.0,0.0
Wholesale,Paddy,OD25,2019-20,1854.24,1854.24,0.0
Wholesale,Paddy,OD25,2020-21,1964.6858333333332,1964.69,0.004166666666833407
Wholesale,Paddy,OD25,2021-22,2081.7141666666666,2081.71,0.004166666666606034
Wholesale,Paddy,OD25,2022-23,2205.7116666666666,2205.71,0.001666666666551464
Wholesale,Paddy,OD25,2023-24,2337.095,2337.1,0.005000000000109139
Wholesale,Paddy,OD25,2024-25,2476.304166666667,2476.3,0.004166666666606034
Wholesale,Paddy,OD26,2013-14,1310.0,1310.0,0.0
Wholesale,Paddy,OD26,2014-15,1360.0025,1360.0,0.0025000000000545697
Wholesale,Paddy,OD26,2015-16,1431.0,1431.0,0.0
Wholesale,Paddy,OD26,2016-17,1470.0,1470.0,0.0
Wholesale,Paddy,OD26,2017-18,1549.9991666666667,1550.0,0.000833333333275732
Wholesale,Paddy,OD26,2018-19,1750.0,1750.0,0.0
Wholesale,Paddy,OD26,2019-20,1854.2391666666665,1854.24,0.0008333333335031057
Wholesale,Paddy,OD26,2020-21,1964.6866666666667,1964.69,0.0033333333333303017
Wholesale,Paddy,OD26,2021-22,2081.7133333333336,2081.71,0.0033333333335576754
Wholesale,Paddy,OD26,2022-23,2205.7125,2205.71,0.0025000000000545697
Wholesale,Paddy,OD26,2023-24,2337.096666666667,2337.1,0.003333333333102928
Wholesale,Paddy,OD26,2024-25,2476.304166666667,2476.3,0.004166666666606034
Wholesale,Paddy,OD27,2013-14,1309.9983333333332,1310.0,0.0016666666667788377
Wholesale,Paddy,OD27,2014-15,1359.9991666666667,1360.0,0.000833333333275732
Wholesale,Paddy,OD27,2015-16,1418.0,1418.0,0.0
Wholesale,Paddy,OD27,2016-17,1470.0,1470.0,0.0
Wholesale,Paddy,OD27,2017-18,1550.0,1550.0,0.0
Wholesale,Paddy,OD27,2018-19,1789.0,1789.0,0.0
Wholesale,Paddy,OD27,2019-20,1895.5616666666667,1895.56,0.0016666666667788377
Wholesale,Paddy,OD27,2020-21,2008.4724999999999,2008.47,0.002499999999827196
Wholesale,Paddy,OD27,2021-22,2128.1058333333335,2128.11,0.004166666666606034
Wholesale,Paddy,OD27,2022-23,2254.8683333333333,2254.87,0.001666666666551464
Wholesale,Paddy,OD27,2023-24,2389.179166666667,2389.18,0.0008333333330483583
Wholesale,Paddy,OD27,2024-25,2531.4900000000002,2531.49,4.547473508864641e-13
Wholesale,Paddy,OD28,2013-14,1310.0,1310.0,0.0
Wholesale,Paddy,OD28,2014-15,1360.0025,1360.0,0.0025000000000545697
Wholesale,Paddy,OD28,2015-16,1432.0,1432.0,0.0
Wholesale,Paddy,OD28,2016-17,1470.0008333333333,1470.0,0.000833333333275732
Wholesale,Paddy,OD28,2017-18,1549.9991666666667,1550.0,0.000833333333275732
Wholesale,Paddy,OD28,2018-19,1750.0,1750.0,0.0
Wholesale,Paddy,OD28,2019-20,1854.2375,1854.24,0.0025000000000545697
Wholesale,Paddy,OD28,2020-21,1964.6875,1964.69,0.0025000000000545697
Wholesale,Paddy,OD28,2021-22,2081.7141666666666,2081.71,0.004166666666606034
Wholesale,Paddy,OD28,2022-23,2205.7116666666666,2205.71,0.001666666666551464
Wholesale,Paddy,OD28,2023-24,2337.095,2337.1,0.005000000000109139
Wholesale,Paddy,OD28,2024-25,2476.306666666667,2476.3,0.006666666666660603
Wholesale,Paddy,OD29,2013-14,1310.0,1310.0,0.0
Wholesale,Paddy,OD29,2014-15,1370.0,1370.0,0.0
Wholesale,Paddy,OD29,2015-16,1513.0008333333333,1513.0,0.000833333333275732
Wholesale,Paddy,OD29,2016-17,1474.0008333333333,1474.0,0.000833333333275732
Wholesale,Paddy,OD29,2017-18,1713.0,1713.0,0.0
Wholesale,Paddy,OD29,2018-19,1750.0,1750.0,0.0
Wholesale,Paddy,OD29,2019-20,1854.2383333333335,1854.24,0.001666666666551464
Wholesale,Paddy,OD29,2020-21,1964.6875,1964.69,0.0025000000000545697
Wholesale,Paddy,OD29,2021-22,2081.713333333333,2081.71,0.003333333333102928
Wholesale,Paddy,OD29,2022-23,2205.710833333333,2205.71,0.0008333333330483583
Wholesale,Paddy,OD29,2023-24,2337.095,2337.1,0.005000000000109139
Wholesale,Paddy,OD29,2024-25,2476.304166666667,2476.3,0.004166666666606034
Wholesale,Paddy,OD30,2013-14,1309.9991666666667,1310.0,0.000833333333275732
Wholesale,Paddy,OD30,2014-15,1360.0016666666668,1360.0,0.0016666666667788377
Wholesale,Paddy,OD30,2015-16,1409.9991666666667,1410.0,0.000833333333275732
Wholesale,Paddy,OD30,2016-17,1470.0,1470.0,0.0
Wholesale,Paddy,OD30,2017-18,1550.0,1550.0,0.0
Wholesale,Paddy,OD30,2018-19,1750.0016666666668,1750.0,0.0016666666667788377
Wholesale,Paddy,OD30,2019-20,1854.2383333333335,1854.24,0.001666666666551464
Wholesale,Paddy,OD30,2020-21,1964.6858333333332,1964.69,0.004166666666833407
Wholesale,Paddy,OD30,2021-22,2081.7149999999997,2081.71,0.004999999999654392
Wholesale,Paddy,OD30,2022-23,2205.710833333333,2205.71,0.0008333333330483583
Wholesale,Paddy,OD30,2023-24,2337.0958333333333,2337.1,0.004166666666606034
Wholesale,Paddy,OD30,2024-25,2476.3058333333333,2476.3,0.005833333333157498
Wholesale,Potato,OD01,2013-14,1113.0,1113.0,0.0
Wholesale,Potato,OD01,2014-15,1014.9991666666666,1015.0,0.0008333333333894188
Wholesale,Potato,OD01,2015-16,1145.0,1145.0,0.0
Wholesale,Potato,OD01,2016-17,950.0008333333334,950.0,0.0008333333333894188
Wholesale,Potato,OD01,2017-18,1029.0,1029.0,0.0
Wholesale,Potato,OD01,2018-19,1600.0008333333335,1600.0,0.0008333333335031057
Wholesale,Potato,OD01,2019-20,1728.045,1728.05,0.004999999999881766
Wholesale,Potato,OD01,2020-21,1866.3400000000001,1866.34,2.2737367544323206e-13
Wholesale,Potato,OD01,2021-22,2015.6975,2015.7,0.0025000000000545697
Wholesale,Potato,OD01,2022-23,2177.0108333333333,2177.01,0.0008333333330483583
Wholesale,Potato,OD01,2023-24,2351.235,2351.23,0.005000000000109139
Wholesale,Potato,OD01,2024-25,2539.3991666666666,2539.4,0.0008333333335031057
Wholesale,Potato,OD02,2013-14,1277.9991666666667,1278.0,0.000833333333275732
Wholesale,Potato,OD02,2014-15,1151.9366666666667,1151.94,0.0033333333333303017
Wholesale,Potato,OD02,2015-16,1194.3775,1194.38,0.0025000000000545697
Wholesale,Potato,OD02,2016-17,937.0008333333334,937.0,0.0008333333333894188
Wholesale,Potato,OD02,2017-18,1016.0,1016.0,0.0
Wholesale,Potato,OD02,2018-19,1650.0,1650.0,0.0
Wholesale,Potato,OD02,2019-20,1782.0475,1782.05,0.0025000000000545697
Wholesale,Potato,OD02,2020-21,1924.6608333333334,1924.66,0.000833333333275732
Wholesale,Potato,OD02,2021-22,2078.686666666667,2078.69,0.003333333333102928
Wholesale,Potato,OD02,2022-23,2245.0416666666665,2245.04,0.001666666666551464
Wholesale,Potato,OD02,2023-24,2424.709166666667,2424.71,0.0008333333330483583
Wholesale,Potato,OD02,2024-25,2618.7541666666666,2618.76,0.005833333333612245
Wholesale,Potato,OD03,2013-14,1026.0,1026.0,0.0
Wholesale,Potato,OD03,2014-15,1032.9991666666667,1033.0,0.000833333333275732
Wholesale,Potato,OD03,2015-16,1010.9983333333333,1011.0,0.0016666666666651508
Wholesale,Potato,OD03,2016-17,930.0008333333334,930.0,0.0008333333333894188
Wholesale,Potato,OD03,2017-18,863.0008333333334,863.0,0.0008333333333894188
Wholesale,Potato,OD03,2018-19,1520.0,1520.0,0.0
Wholesale,Potato,OD03,2019-20,1641.6450000000002,1641.64,0.005000000000109139
Wholesale,Potato,OD03,2020-21,1773.0216666666668,1773.02,0.0016666666667788377
Wholesale,Potato,OD03,2021-22,1914.9125000000001,1914.91,0.0025000000000545697
Wholesale,Potato,OD03,2022-23,2068.16,2068.16,0.0
Wholesale,Potato,OD03,2023-24,2233.6716666666666,2233.67,0.001666666666551464
Wholesale,Potato,OD03,2024-25,2412.429166666667,2412.43,0.0008333333330483583
Wholesale,Potato,OD04,2013-14,1058.0008333333333,1058.0,0.000833333333275732
Wholesale,Potato,OD04,2014-15,1028.9991666666667,1029.0,0.000833333333275732
Wholesale,Potato,OD04,2015-16,1105.9991666666667,1106.0,0.000833333333275732
Wholesale,Potato,OD04,2016-17,933.0,933.0,0.0
Wholesale,Potato,OD04,2017-18,982.9983333333333,983.0,0.0016666666666651508
Wholesale,Potato,OD04,2018-19,1435.9991666666667,1436.0,0.000833333333275732
Wholesale,Potato,OD04,2019-20,1550.9208333333333,1550.92,0.000833333333275732
Wholesale,Potato,OD04,2020-21,1675.0383333333332,1675.04,0.0016666666667788377
Wholesale,Potato,OD04,2021-22,1809.0891666666666,1809.09,0.000833333333275732
Wholesale,Potato,OD04,2022-23,1953.8666666666668,1953.87,0.003333333333102928
Wholesale,Potato,OD04,2023-24,2110.2325,2110.23,0.0025000000000545697
Wholesale,Potato,OD04,2024-25,2279.1116666666667,2279.11,0.001666666666551464
Wholesale,Potato,OD05,2013-14,1182.9991666666667,1183.0,0.000833333333275732
Wholesale,Potato,OD05,2014-15,1033.0,1033.0,0.0
Wholesale,Potato,OD05,2015-16,1095.9991666666667,1096.0,0.000833333333275732
Wholesale,Potato,OD05,2016-17,899.9991666666666,900.0,0.0008333333333894188
Wholesale,Potato,OD05,2017-18,954.9991666666666,955.0,0.0008333333333894188
Wholesale,Potato,OD05,2018-19,1318.9991666666667,1319.0,0.000833333333275732
Wholesale,Potato,OD05,2019-20,1424.5575,1424.56,0.0025000000000545697
Wholesale,Potato,OD05,2020-21,1538.5633333333333,1538.56,0.0033333333333303017
Wholesale,Potato,OD05,2021-22,1661.6916666666666,1661.69,0.001666666666551464
Wholesale,Potato,OD05,2022-23,1794.6725,1794.67,0.002499999999827196
Wholesale,Potato,OD05,2023-24,1938.2983333333334,1938.3,0.001666666666551464
Wholesale,Potato,OD05,2024-25,2093.4166666666665,2093.42,0.0033333333335576754
Wholesale,Potato,OD06,2013-14,1181.9991666666667,1182.0,0.000833333333275732
Wholesale,Potato,OD06,2014-15,1193.9991666666667,1194.0,0.000833333333275732
Wholesale,Potato,OD06,2015-16,1169.0,1169.0,0.0
Wholesale,Potato,OD06,2016-17,1033.0,1033.0,0.0
Wholesale,Potato,OD06,2017-18,1094.0,1094.0,0.0
Wholesale,Potato,OD06,2018-19,1587.0016666666668,1587.0,0.0016666666667788377
Wholesale,Potato,OD06,2019-20,1714.0058333333334,1714.01,0.004166666666606034
Wholesale,Potato,OD06,2020-21,1851.1741666666667,1851.17,0.004166666666606034
Wholesale,Potato,OD06,2021-22,1999.3225,1999.32,0.0025000000000545697
Wholesale,Potato,OD06,2022-23,2159.3241666666668,2159.32,0.004166666666606034
Wholesale,Potato,OD06,2023-24,2332.13,2332.13,0.0
Wholesale,Potato,OD06,2024-25,2518.7683333333334,2518.77,0.001666666666551464
Wholesale,Potato,OD07,2013-14,1194.0,1194.0,0.0
Wholesale,Potato,OD07,2014-15,1197.9991666666667,1198.0,0.000833333333275732
Wholesale,Potato,OD07,2015-16,1138.0,1138.0,0.0
Wholesale,Potato,OD07,2016-17,728.9991666666666,729.0,0.0008333333333894188
Wholesale,Potato,OD07,2017-18,795.0,795.0,0.0
Wholesale,Potato,OD07,2018-19,1719.9991666666665,1720.0,0.0008333333335031057
Wholesale,Potato,OD07,2019-20,1857.6491666666668,1857.65,0.000833333333275732
Wholesale,Potato,OD07,2020-21,2006.3141666666668,2006.31,0.004166666666833407
Wholesale,Potato,OD07,2021-22,2166.8766666666666,2166.88,0.0033333333335576754
Wholesale,Potato,OD07,2022-23,2340.2866666666664,2340.29,0.0033333333335576754
Wholesale,Potato,OD07,2023-24,2527.5766666666664,2527.58,0.0033333333335576754
Wholesale,Potato,OD07,2024-25,2729.8541666666665,2729.85,0.004166666666606034
Wholesale,Potato,OD08,2013-14,1194.0,1194.0,0.0
Wholesale,Potato,OD08,2014-15,1111.0008333333333,1111.0,0.000833333333275732
Wholesale,Potato,OD08,2015-16,1201.0,1201.0,0.0
Wholesale,Potato,OD08,2016-17,980.0016666666667,980.0,0.0016666666666651508
Wholesale,Potato,OD08,2017-18,1046.0008333333333,1046.0,0.000833333333275732
Wholesale,Potato,OD08,2018-19,1579.9983333333332,1580.0,0.0016666666667788377
Wholesale,Potato,OD08,2019-20,1706.444166666667,1706.44,0.004166666666833407
Wholesale,Potato,OD08,2020-21,1843.0083333333332,1843.01,0.0016666666667788377
Wholesale,Potato,OD08,2021-22,1990.5008333333335,1990.5,0.0008333333335031057
Wholesale,Potato,OD08,2022-23,2149.7983333333336,2149.8,0.001666666666551464
Wholesale,Potato,OD08,2023-24,2321.8425,2321.84,0.0025000000000545697
Wholesale,Potato,OD08,2024-25,2507.6583333333333,2507.66,0.001666666666551464
Wholesale,Potato,OD09,2013-14,1154.0,1154.0,0.0
Wholesale,Potato,OD09,2014-15,1177.0008333333333,1177.0,0.000833333333275732
Wholesale,Potato,OD09,2015-16,1138.0,1138.0,0.0
Wholesale,Potato,OD09,2016-17,894.9991666666666,895.0,0.0008333333333894188
Wholesale,Potato,OD09,2017-18,946.9991666666666,947.0,0.0008333333333894188
Wholesale,Potato,OD09,2018-19,1570.0016666666668,1570.0,0.0016666666667788377
Wholesale,Potato,OD09,2019-20,1695.6458333333333,1695.64,0.005833333333157498
Wholesale,Potato,OD09,2020-21,1831.3441666666668,1831.34,0.004166666666833407
Wholesale,Potato,OD09,2021-22,1977.9025,1977.9,0.002499999999827196
Wholesale,Potato,OD09,2022-23,2136.193333333333,2136.19,0.003333333333102928
Wholesale,Potato,OD09,2023-24,2307.1491666666666,2307.15,0.0008333333335031057
Wholesale,Potato,OD09,2024-25,2491.7858333333334,2491.79,0.004166666666606034
Wholesale,Potato,OD10,2013-14,1132.9991666666667,1133.0,0.000833333333275732
Wholesale,Potato,OD10,2014-15,1143.0008333333333,1143.0,0.000833333333275732
Wholesale,Potato,OD10,2015-16,1053.0,1053.0,0.0
Wholesale,Potato,OD10,2016-17,874.9983333333333,875.0,0.0016666666666651508
Wholesale,Potato,OD10,2017-18,952.9991666666666,953.0,0.0008333333333894188
Wholesale,Potato,OD10,2018-19,1579.0,1579.0,0.0
Wholesale,Potato,OD10,2019-20,1705.3641666666665,1705.36,0.004166666666606034
Wholesale,Potato,OD10,2020-21,1841.8425,1841.84,0.0025000000000545697
Wholesale,Potato,OD10,2021-22,1989.243333333333,1989.24,0.003333333333102928
Wholesale,Potato,OD10,2022-23,2148.4375,2148.44,0.0025000000000545697
Wholesale,Potato,OD10,2023-24,2320.374166666667,2320.37,0.004166666667060781
Wholesale,Potato,OD10,2024-25,2506.07,2506.07,0.0
Wholesale,Potato,OD11,2013-14,1085.0008333333333,1085.0,0.000833333333275732
Wholesale,Potato,OD11,2014-15,1050.0008333333333,1050.0,0.000833333333275732
Wholesale,Potato,OD11,2015-16,1043.0008333333333,1043.0,0.000833333333275732
Wholesale,Potato,OD11,2016-17,800.0016666666667,800.0,0.0016666666666651508
Wholesale,Potato,OD11,2017-18,863.9983333333333,864.0,0.0016666666666651508
Wholesale,Potato,OD11,2018-19,1647.0008333333333,1647.0,0.000833333333275732
Wholesale,Potato,OD11,2019-20,1778.805833333333,1778.81,0.004166666666833407
Wholesale,Potato,OD11,2020-21,1921.1608333333334,1921.16,0.000833333333275732
Wholesale,Potato,OD11,2021-22,2074.9083333333333,2074.91,0.001666666666551464
Wholesale,Potato,OD11,2022-23,2240.96,2240.96,0.0
Wholesale,Potato,OD11,2023-24,2420.3016666666667,2420.3,0.001666666666551464
Wholesale,Potato,OD11,2024-25,2613.994166666667,2613.99,0.004166666667060781
Wholesale,Potato,OD12,2013-14,1017.0008333333334,1017.0,0.0008333333333894188
Wholesale,Potato,OD12,2014-15,1023.0,1023.0,0.0
Wholesale,Potato,OD12,2015-16,1087.0,1087.0,0.0
Wholesale,Potato,OD12,2016-17,903.0008333333334,903.0,0.0008333333333894188
Wholesale,Potato,OD12,2017-18,964.0,964.0,0.0
Wholesale,Potato,OD12,2018-19,1549.9991666666665,1550.0,0.0008333333335031057
Wholesale,Potato,OD12,2019-20,1674.0433333333333,1674.04,0.0033333333333303017
Wholesale,Potato,OD12,2020-21,1808.0158333333331,1808.02,0.004166666666833407
Wholesale,Potato,OD12,2021-22,1952.7066666666667,1952.71,0.0033333333333303017
Wholesale,Potato,OD12,2022-23,2108.9808333333335,2108.98,0.0008333333335031057
Wholesale,Potato,OD12,2023-24,2277.7575,2277.76,0.0025000000000545697
Wholesale,Potato,OD12,2024-25,2460.0433333333335,2460.04,0.0033333333335576754
Wholesale,Potato,OD13,2013-14,1012.0008333333334,1012.0,0.0008333333333894188
Wholesale,Potato,OD13,2014-15,967.0008333333334,967.0,0.0008333333333894188
Wholesale,Potato,OD13,2015-16,1052.9983333333332,1053.0,0.0016666666667788377
Wholesale,Potato,OD13,2016-17,856.0008333333334,856.0,0.0008333333333894188
Wholesale,Potato,OD13,2017-18,890.0,890.0,0.0
Wholesale,Potato,OD13,2018-19,2000.0,2000.0,0.0
Wholesale,Potato,OD13,2019-20,2160.0575,2160.06,0.0025000000000545697
Wholesale,Potato,OD13,2020-21,2332.9225,2332.92,0.0025000000000545697
Wholesale,Potato,OD13,2021-22,2519.6233333333334,2519.62,0.0033333333335576754
Wholesale,Potato,OD13,2022-23,2721.264166666667,2721.26,0.004166666666606034
Wholesale,Potato,OD13,2023-24,2939.040833333333,2939.04,0.0008333333330483583
Wholesale,Potato,OD13,2024-25,3174.248333333333,3174.25,0.0016666666670062114
Wholesale,Potato,OD14,2013-14,1083.0,1083.0,0.0
Wholesale,Potato,OD14,2014-15,1133.0,1133.0,0.0
Wholesale,Potato,OD14,2015-16,1263.9991666666667,1264.0,0.000833333333275732
Wholesale,Potato,OD14,2016-17,982.0016666666667,982.0,0.0016666666666651508
Wholesale,Potato,OD14,2017-18,1042.0008333333333,1042.0,0.000833333333275732
Wholesale,Potato,OD14,2018-19,1668.9991666666665,1669.0,0.0008333333335031057
Wholesale,Potato,OD14,2019-20,1802.5666666666666,1802.57,0.0033333333333303017
Wholesale,Potato,OD14,2020-21,1946.825,1946.82,0.005000000000109139
Wholesale,Potato,OD14,2021-22,2102.6258333333335,2102.63,0.004166666666606034
Wholesale,Potato,OD14,2022-23,2270.8941666666665,2270.89,0.004166666666606034
Wholesale,Potato,OD14,2023-24,2452.6299999999997,2452.63,4.547473508864641e-13
Wholesale,Potato,OD14,2024-25,2648.9083333333333,2648.91,0.001666666666551464
Wholesale,Potato,OD15,2013-14,1121.9983333333332,1122.0,0.0016666666667788377
Wholesale,Potato,OD15,2014-15,1088.485,1088.49,0.005000000000109139
Wholesale,Potato,OD15,2015-16,1128.5883333333334,1128.59,0.001666666666551464
Wholesale,Potato,OD15,2016-17,911.3933333333333,911.39,0.0033333333333303017
Wholesale,Potato,OD15,2017-18,953.7116666666667,953.71,0.0016666666666651508
Wholesale,Potato,OD15,2018-19,1648.8016666666665,1648.8,0.001666666666551464
Wholesale,Potato,OD15,2019-20,1211.7933333333333,1211.79,0.0033333333333303017
Wholesale,Potato,OD15,2020-21,1308.7716666666668,1308.77,0.0016666666667788377
Wholesale,Potato,OD15,2021-22,1413.5083333333332,1413.51,0.0016666666667788377
Wholesale,Potato,OD15,2022-23,1526.6283333333333,1526.63,0.0016666666667788377
Wholesale,Potato,OD15,2023-24,1648.8016666666665,1648.8,0.001666666666551464
Wholesale,Potato,OD15,2024-25,1780.7533333333333,1780.75,0.0033333333333303017
Wholesale,Potato,OD16,2013-14,1164.0008333333333,1164.0,0.000833333333275732
Wholesale,Potato,OD16,2014-15,1191.0,1191.0,0.0
Wholesale,Potato,OD16,2015-16,1203.9991666666667,1204.0,0.000833333333275732
Wholesale,Potato,OD16,2016-17,944.0008333333334,944.0,0.0008333333333894188
Wholesale,Potato,OD16,2017-18,906.0008333333334,906.0,0.0008333333333894188
Wholesale,Potato,OD16,2018-19,1600.0,1600.0,0.0
Wholesale,Potato,OD16,2019-20,1728.0441666666666,1728.05,0.005833333333384871
Wholesale,Potato,OD16,2020-21,1866.3391666666666,1866.34,0.000833333333275732
Wholesale,Potato,OD16,2021-22,2015.6966666666667,2015.7,0.0033333333333303017
Wholesale,Potato,OD16,2022-23,2177.0116666666668,2177.01,0.001666666666551464
Wholesale,Potato,OD16,2023-24,2351.233333333333,2351.23,0.003333333333102928
Wholesale,Potato,OD16,2024-25,2539.398333333333,2539.4,0.0016666666670062114
Wholesale,Potato,OD17,2013-14,1100.0,1100.0,0.0
Wholesale,Potato,OD17,2014-15,1110.0008333333333,1110.0,0.000833333333275732
Wholesale,Potato,OD17,2015-16,1011.0,1011.0,0.0
Wholesale,Potato,OD17,2016-17,867.0,867.0,0.0
Wholesale,Potato,OD17,2017-18,925.0,925.0,0.0
Wholesale,Potato,OD17,2018-19,1546.9991666666667,1547.0,0.000833333333275732
Wholesale,Potato,OD17,2019-20,1670.8041666666668,1670.8,0.004166666666833407
Wholesale,Potato,OD17,2020-21,1804.5158333333331,1804.52,0.004166666666833407
Wholesale,Potato,OD17,2021-22,1948.9275,1948.93,0.0025000000000545697
Wholesale,Potato,OD17,2022-23,2104.8991666666666,2104.9,0.0008333333335031057
Wholesale,Potato,OD17,2023-24,2273.3483333333334,2273.35,0.001666666666551464
Wholesale,Potato,OD17,2024-25,2455.2816666666668,2455.28,0.001666666666551464
Wholesale,Potato,OD18,2013-14,1092.0008333333333,1092.0,0.000833333333275732
Wholesale,Potato,OD18,2014-15,1099.9991666666667,1100.0,0.000833333333275732
Wholesale,Potato,OD18,2015-16,1222.0,1222.0,0.0
Wholesale,Potato,OD18,2016-17,932.9991666666666,933.0,0.0008333333333894188
Wholesale,Potato,OD18,2017-18,999.0,999.0,0.0
Wholesale,Potato,OD18,2018-19,1580.0,1580.0,0.0
Wholesale,Potato,OD18,2019-20,1706.4441666666664,1706.44,0.00416666666637866
Wholesale,Potato,OD18,2020-21,1843.0091666666667,1843.01,0.000833333333275732
Wholesale,Potato,OD18,2021-22,1990.5008333333335,1990.5,0.0008333333335031057
Wholesale,Potato,OD18,2022-23,2149.7991666666667,2149.8,0.0008333333335031057
Wholesale,Potato,OD18,2023-24,2321.8441666666668,2321.84,0.004166666666606034
Wholesale,Potato,OD18,2024-25,2507.6566666666663,2507.66,0.0033333333335576754
Wholesale,Potato,OD19,2013-14,1161.9991666666667,1162.0,0.000833333333275732
Wholesale,Potato,OD19,2014-15,976.0,976.0,0.0
Wholesale,Potato,OD19,2015-16,1043.0008333333333,1043.0,0.000833333333275732
Wholesale,Potato,OD19,2016-17,880.0008333333334,880.0,0.0008333333333894188
Wholesale,Potato,OD19,2017-18,813.0,813.0,0.0
Wholesale,Potato,OD19,2018-19,1700.0,1700.0,0.0
Wholesale,Potato,OD19,2019-20,1836.0475,1836.05,0.0025000000000545697
Wholesale,Potato,OD19,2020-21,1982.9833333333333,1982.98,0.0033333333333303017
Wholesale,Potato,OD19,2021-22,2141.679166666667,2141.68,0.0008333333330483583
Wholesale,Potato,OD19,2022-23,2313.0750000000003,2313.07,0.005000000000109139
Wholesale,Potato,OD19,2023-24,2498.1875,2498.19,0.0025000000000545697
Wholesale,Potato,OD19,2024-25,2698.1124999999997,2698.11,0.0024999999995998223
Wholesale,Potato,OD20,2013-14,1129.0,1129.0,0.0
Wholesale,Potato,OD20,2014-15,978.0,978.0,0.0
Wholesale,Potato,OD20,2015-16,1039.0008333333333,1039.0,0.000833333333275732
Wholesale,Potato,OD20,2016-17,900.0008333333334,900.0,0.0008333333333894188
Wholesale,Potato,OD20,2017-18,942.0008333333334,942.0,0.0008333333333894188
Wholesale,Potato,OD20,2018-19,1609.9991666666667,1610.0,0.000833333333275732
Wholesale,Potato,OD20,2019-20,1738.8441666666668,1738.85,0.005833333333157498
Wholesale,Potato,OD20,2020-21,1878.0024999999998,1878.0,0.002499999999827196
Wholesale,Potato,OD20,2021-22,2028.2958333333333,2028.3,0.004166666666606034
Wholesale,Potato,OD20,2022-23,2190.6183333333333,2190.62,0.001666666666551464
Wholesale,Potato,OD20,2023-24,2365.9283333333333,2365.93,0.001666666666551464
Wholesale,Potato,OD20,2024-25,2555.27,2555.27,0.0
Wholesale,Potato,OD21,2013-14,1200.0008333333333,1200.0,0.000833333333275732
Wholesale,Potato,OD21,2014-15,1126.7175,1126.72,0.0025000000000545697
Wholesale,Potato,OD21,2015-16,1168.2291666666667,1168.23,0.000833333333275732
Wholesale,Potato,OD21,2016-17,943.4050000000001,943.4,0.005000000000109139
Wholesale,Potato,OD21,2017-18,987.2075,987.21,0.0025000000000545697
Wholesale,Potato,OD21,2018-19,1650.0008333333333,1650.0,0.000833333333275732
Wholesale,Potato,OD21,2019-20,1782.0458333333333,1782.05,0.004166666666606034
Wholesale,Potato,OD21,2020-21,1924.6608333333334,1924.66,0.000833333333275732
Wholesale,Potato,OD21,2021-22,2078.6891666666666,2078.69,0.0008333333335031057
Wholesale,Potato,OD21,2022-23,2245.0416666666665,2245.04,0.001666666666551464
Wholesale,Potato,OD21,2023-24,2424.71,2424.71,0.0
Wholesale,Potato,OD21,2024-25,2618.755,2618.76,0.005000000000109139
Wholesale,Potato,OD22,2013-14,1082.0008333333333,1082.0,0.000833333333275732
Wholesale,Potato,OD22,2014-15,1119.0008333333333,1119.0,0.000833333333275732
Wholesale,Potato,OD22,2015-16,1200.9983333333332,1201.0,0.0016666666667788377
Wholesale,Potato,OD22,2016-17,968.0008333333334,968.0,0.0008333333333894188
Wholesale,Potato,OD22,2017-18,1025.9983333333332,1026.0,0.0016666666667788377
Wholesale,Potato,OD22,2018-19,2000.0,2000.0,0.0
Wholesale,Potato,OD22,2019-20,2160.056666666667,2160.06,0.003333333333102928
Wholesale,Potato,OD22,2020-21,2332.9225,2332.92,0.0025000000000545697
Wholesale,Potato,OD22,2021-22,2519.6225,2519.62,0.0025000000000545697
Wholesale,Potato,OD22,2022-23,2721.2633333333333,2721.26,0.003333333333102928
Wholesale,Potato,OD22,2023-24,2939.0425,2939.04,0.0025000000000545697
Wholesale,Potato,OD22,2024-25,3174.2491666666665,3174.25,0.0008333333335031057
Wholesale,Potato,OD23,2013-14,1267.0008333333333,1267.0,0.000833333333275732
Wholesale,Potato,OD23,2014-15,1220.0,1220.0,0.0
Wholesale,Potato,OD23,2015-16,1194.0,1194.0,0.0
Wholesale,Potato,OD23,2016-17,978.0,978.0,0.0
Wholesale,Potato,OD23,2017-18,1011.0016666666667,1011.0,0.0016666666666651508
Wholesale,Potato,OD23,2018-19,1975.9991666666665,1976.0,0.0008333333335031057
Wholesale,Potato,OD23,2019-20,2134.1375000000003,2134.14,0.0024999999995998223
Wholesale,Potato,OD23,2020-21,2304.9266666666667,2304.93,0.003333333333102928
Wholesale,Potato,OD23,2021-22,2489.3875000000003,2489.39,0.0024999999995998223
Wholesale,Potato,OD23,2022-23,2688.6075,2688.61,0.0025000000000545697
Wholesale,Potato,OD23,2023-24,2903.773333333333,2903.77,0.003333333333102928
Wholesale,Potato,OD23,2024-25,3136.159166666667,3136.16,0.0008333333330483583
Wholesale,Potato,OD24,2013-14,1020.0,1020.0,0.0
Wholesale,Potato,OD24,2014-15,1069.7941666666668,1069.79,0.004166666666833407
Wholesale,Potato,OD24,2015-16,1138.0016666666668,1138.0,0.0016666666667788377
Wholesale,Potato,OD24,2016-17,895.7425,895.74,0.002499999999940883
Wholesale,Potato,OD24,2017-18,937.3325,937.33,0.002499999999940883
Wholesale,Potato,OD24,2018-19,1699.9991666666667,1700.0,0.000833333333275732
Wholesale,Potato,OD24,2019-20,1836.0475,1836.05,0.0025000000000545697
Wholesale,Potato,OD24,2020-21,1982.9825,1982.98,0.0025000000000545697
Wholesale,Potato,OD24,2021-22,2141.68,2141.68,0.0
Wholesale,Potato,OD24,2022-23,2313.0758333333333,2313.07,0.005833333333157498
Wholesale,Potato,OD24,2023-24,2498.1858333333334,2498.19,0.004166666666606034
Wholesale,Potato,OD24,2024-25,2698.1108333333336,2698.11,0.0008333333335031057
Wholesale,Potato,OD25,2013-14,1249.9991666666667,1250.0,0.000833333333275732
Wholesale,Potato,OD25,2014-15,1250.0,1250.0,0.0
Wholesale,Potato,OD25,2015-16,1245.0,1245.0,0.0
Wholesale,Potato,OD25,2016-17,1010.9991666666666,1011.0,0.0008333333333894188
Wholesale,Potato,OD25,2017-18,1095.9991666666667,1096.0,0.000833333333275732
Wholesale,Potato,OD25,2018-19,1800.0,1800.0,0.0
Wholesale,Potato,OD25,2019-20,1944.0516666666665,1944.05,0.001666666666551464
Wholesale,Potato,OD25,2020-21,2099.63,2099.63,0.0
Wholesale,Potato,OD25,2021-22,2267.66,2267.66,0.0
Wholesale,Potato,OD25,2022-23,2449.1391666666664,2449.14,0.0008333333335031057
Wholesale,Potato,OD25,2023-24,2645.14,2645.14,0.0
Wholesale,Potato,OD25,2024-25,2856.8233333333333,2856.82,0.003333333333102928
Wholesale,Potato,OD26,2013-14,1132.9991666666667,1133.0,0.000833333333275732
Wholesale,Potato,OD26,2014-15,1086.0,1086.0,0.0
Wholesale,Potato,OD26,2015-16,1101.0,1101.0,0.0
Wholesale,Potato,OD26,2016-17,947.0,947.0,0.0
Wholesale,Potato,OD26,2017-18,902.0,902.0,0.0
Wholesale,Potato,OD26,2018-19,1717.0,1717.0,0.0
Wholesale,Potato,OD26,2019-20,1854.4083333333335,1854.41,0.001666666666551464
Wholesale,Potato,OD26,2020-21,2002.8141666666668,2002.81,0.004166666666833407
Wholesale,Potato,OD26,2021-22,2163.095,2163.1,0.005000000000109139
Wholesale,Potato,OD26,2022-23,2336.204166666667,2336.21,0.005833333333157498
Wholesale,Potato,OD26,2023-24,2523.1675,2523.17,0.0025000000000545697
Wholesale,Potato,OD26,2024-25,2725.0925,2725.09,0.0025000000000545697
Wholesale,Potato,OD27,2013-14,1145.0,1145.0,0.0
Wholesale,Potato,OD27,2014-15,1147.9991666666667,1148.0,0.000833333333275732
Wholesale,Potato,OD27,2015-16,1139.9991666666667,1140.0,0.000833333333275732
Wholesale,Potato,OD27,2016-17,962.9991666666666,963.0,0.0008333333333894188
Wholesale,Potato,OD27,2017-18,1043.0,1043.0,0.0
Wholesale,Potato,OD27,2018-19,1887.9991666666665,1888.0,0.0008333333335031057
Wholesale,Potato,OD27,2019-20,2039.0941666666668,2039.09,0.004166666666833407
Wholesale,Potato,OD27,2020-21,2202.2791666666667,2202.28,0.0008333333335031057
Wholesale,Potato,OD27,2021-22,2378.5225,2378.52,0.0025000000000545697
Wholesale,Potato,OD27,2022-23,2568.8725,2568.87,0.0025000000000545697
Wholesale,Potato,OD27,2023-24,2774.4558333333334,2774.46,0.004166666666606034
Wholesale,Potato,OD27,2024-25,2996.4908333333333,2996.49,0.0008333333335031057
Wholesale,Potato,OD28,2013-14,1186.0008333333333,1186.0,0.000833333333275732
Wholesale,Potato,OD28,2014-15,1150.0,1150.0,0.0
Wholesale,Potato,OD28,2015-16,1207.0,1207.0,0.0
Wholesale,Potato,OD28,2016-17,875.0,875.0,0.0
Wholesale,Potato,OD28,2017-18,922.0008333333334,922.0,0.0008333333333894188
Wholesale,Potato,OD28,2018-19,1543.0024999999998,1543.0,0.002499999999827196
Wholesale,Potato,OD28,2019-20,1666.4833333333333,1666.48,0.0033333333333303017
Wholesale,Potato,OD28,2020-21,1799.8500000000001,1799.85,2.2737367544323206e-13
Wholesale,Potato,OD28,2021-22,1943.8883333333333,1943.89,0.0016666666667788377
Wholesale,Potato,OD28,2022-23,2099.4558333333334,2099.46,0.004166666666606034
Wholesale,Potato,OD28,2023-24,2267.4708333333333,2267.47,0.0008333333335031057
Wholesale,Potato,OD28,2024-25,2448.9341666666664,2448.93,0.004166666666606034
Wholesale,Potato,OD29,2013-14,1133.0008333333333,1133.0,0.000833333333275732
Wholesale,Potato,OD29,2014-15,1150.0,1150.0,0.0
Wholesale,Potato,OD29,2015-16,1263.9991666666667,1264.0,0.000833333333275732
Wholesale,Potato,OD29,2016-17,899.9991666666666,900.0,0.0008333333333894188
Wholesale,Potato,OD29,2017-18,982.0016666666667,982.0,0.0016666666666651508
Wholesale,Potato,OD29,2018-19,1636.0008333333333,1636.0,0.000833333333275732
Wholesale,Potato,OD29,2019-20,1766.9266666666665,1766.93,0.0033333333335576754
Wholesale,Potato,OD29,2020-21,1908.3316666666667,1908.33,0.0016666666667788377
Wholesale,Potato,OD29,2021-22,2061.0516666666667,2061.05,0.001666666666551464
Wholesale,Potato,OD29,2022-23,2225.9933333333333,2225.99,0.0033333333335576754
Wholesale,Potato,OD29,2023-24,2404.135,2404.14,0.004999999999654392
Wholesale,Potato,OD29,2024-25,2596.5383333333334,2596.54,0.001666666666551464
Wholesale,Potato,OD30,2013-14,1100.0,1100.0,0.0
Wholesale,Potato,OD30,2014-15,999.9991666666666,1000.0,0.0008333333333894188
Wholesale,Potato,OD30,2015-16,1264.0,1264.0,0.0
Wholesale,Potato,OD30,2016-17,984.9991666666666,985.0,0.0008333333333894188
Wholesale,Potato,OD30,2017-18,1000.0,1000.0,0.0
Wholesale,Potato,OD30,2018-19,1920.0008333333335,1920.0,0.0008333333335031057
Wholesale,Potato,OD30,2019-20,2073.6558333333332,2073.65,0.005833333333157498
Wholesale,Potato,OD30,2020-21,2239.6066666666666,2239.61,0.0033333333335576754
Wholesale,Potato,OD30,2021-22,2418.8366666666666,2418.84,0.0033333333335576754
Wholesale,Potato,OD30,2022-23,2612.414166666667,2612.41,0.004166666667060781
Wholesale,Potato,OD30,2023-24,2821.480833333333,2821.48,0.0008333333330483583
Wholesale,Potato,OD30,2024-25,3047.2791666666667,3047.28,0.0008333333335031057
Wholesale,Ragi,OD01,2013-14,1442.0,1442.0,0.0
Wholesale,Ragi,OD01,2014-15,1600.0,1600.0,0.0
Wholesale,Ragi,OD01,2015-16,1829.0,1829.0,0.0
Wholesale,Ragi,OD01,2016-17,1931.9991666666665,1932.0,0.0008333333335031057
Wholesale,Ragi,OD01,2017-18,2098.7975,2098.8,0.0025000000000545697
Wholesale,Ragi,OD01,2018-19,2999.9991666666665,3000.0,0.0008333333335031057
Wholesale,Ragi,OD01,2019-20,3300.0,3300.0,0.0
Wholesale,Ragi,OD01,2020-21,3629.9991666666665,3630.0,0.0008333333335031057
Wholesale,Ragi,OD01,2021-22,3993.0,3993.0,0.0
Wholesale,Ragi,OD01,2022-23,4392.298333333333,4392.3,0.0016666666670062114
Wholesale,Ragi,OD01,2023-24,4831.53,4831.53,0.0
Wholesale,Ragi,OD01,2024-25,5314.683333333333,5314.68,0.003333333333102928
Wholesale,Ragi,OD02,2013-14,1353.9991666666667,1354.0,0.000833333333275732
Wholesale,Ragi,OD02,2014-15,1499.9991666666667,1500.0,0.000833333333275732
Wholesale,Ragi,OD02,2015-16,1773.9991666666667,1774.0,0.000833333333275732
Wholesale,Ragi,OD02,2016-17,1867.0,1867.0,0.0
Wholesale,Ragi,OD02,2017-18,1990.6899999999998,1990.69,2.2737367544323206e-13
Wholesale,Ragi,OD02,2018-19,2789.0975,2789.1,0.0025000000000545697
Wholesale,Ragi,OD02,2019-20,2028.1016666666667,2028.1,0.0016666666667788377
Wholesale,Ragi,OD02,2020-21,2230.9125,2230.91,0.0025000000000545697
Wholesale,Ragi,OD02,2021-22,2454.0025,2454.0,0.0025000000000545697
Wholesale,Ragi,OD02,2022-23,2699.4024999999997,2699.4,0.0024999999995998223
Wholesale,Ragi,OD02,2023-24,2969.3433333333337,2969.34,0.0033333333335576754
Wholesale,Ragi,OD02,2024-25,3266.278333333333,3266.28,0.0016666666670062114
Wholesale,Ragi,OD04,2013-14,1300.0016666666668,1300.0,0.0016666666667788377
Wholesale,Ragi,OD04,2014-15,1400.0016666666668,1400.0,0.0016666666667788377
Wholesale,Ragi,OD04,2015-16,1678.495,1678.49,0.004999999999881766
Wholesale,Ragi,OD04,2016-17,2000.0,2000.0,0.0
Wholesale,Ragi,OD04,2017-18,1949.2300000000002,1949.23,2.2737367544323206e-13
Wholesale,Ragi,OD04,2018-19,2745.0,2745.0,0.0
Wholesale,Ragi,OD04,2019-20,3019.4983333333334,3019.5,0.001666666666551464
Wholesale,Ragi,OD04,2020-21,3321.450833333334,3321.45,0.000833333333957853
Wholesale,Ragi,OD04,2021-22,3653.595,3653.6,0.005000000000109139
Wholesale,Ragi,OD04,2022-23,4018.9541666666664,4018.95,0.004166666666606034
Wholesale,Ragi,OD04,2023-24,4420.849999999999,4420.85,9.094947017729282e-13
Wholesale,Ragi,OD04,2024-25,4862.935833333334,4862.93,0.005833333333612245
Wholesale,Ragi,OD06,2013-14,1520.0008333333333,1520.0,0.000833333333275732
Wholesale,Ragi,OD06,2014-15,1559.9991666666667,1560.0,0.000833333333275732
Wholesale,Ragi,OD06,2015-16,1796.0,1796.0,0.0
Wholesale,Ragi,OD06,2016-17,1869.9991666666667,1870.0,0.000833333333275732
Wholesale,Ragi,OD06,2017-18,2075.78,2075.78,0.0
Wholesale,Ragi,OD06,2018-19,2908.3141666666666,2908.32,0.005833333333612245
Wholesale,Ragi,OD06,2019-20,2114.7925,2114.79,0.0025000000000545697
Wholesale,Ragi,OD06,2020-21,2326.271666666667,2326.27,0.0016666666670062114
Wholesale,Ragi,OD06,2021-22,2558.8975,2558.9,0.0025000000000545697
Wholesale,Ragi,OD06,2022-23,2814.7875,2814.79,0.0025000000000545697
Wholesale,Ragi,OD06,2023-24,3096.265,3096.27,0.005000000000109139
Wholesale,Ragi,OD06,2024-25,3405.894166666667,3405.89,0.004166666667060781
Wholesale,Ragi,OD07,2013-14,1581.0008333333333,1581.0,0.000833333333275732
Wholesale,Ragi,OD07,2014-15,1590.0008333333335,1590.0,0.0008333333335031057
Wholesale,Ragi,OD07,2015-16,1757.0008333333333,1757.0,0.000833333333275732
Wholesale,Ragi,OD07,2016-17,2084.9991666666665,2085.0,0.0008333333335031057
Wholesale,Ragi,OD07,2017-18,2153.7616666666668,2153.76,0.001666666666551464
Wholesale,Ragi,OD07,2018-19,3017.5741666666668,3017.57,0.004166666666606034
Wholesale,Ragi,OD07,2019-20,2194.2391666666667,2194.24,0.0008333333330483583
Wholesale,Ragi,OD07,2020-21,2413.664166666667,2413.66,0.004166666667060781
Wholesale,Ragi,OD07,2021-22,2655.0291666666667,2655.03,0.0008333333335031057
Wholesale,Ragi,OD07,2022-23,2920.5333333333333,2920.53,0.003333333333102928
Wholesale,Ragi,OD07,2023-24,3212.5850000000005,3212.59,0.004999999999654392
Wholesale,Ragi,OD07,2024-25,3533.8441666666663,3533.84,0.004166666666151286
Wholesale,Ragi,OD08,2013-14,1623.7025,1623.7,0.0025000000000545697
Wholesale,Ragi,OD08,2014-15,1702.3741666666667,1702.37,0.004166666666833407
Wholesale,Ragi,OD08,2015-16,1951.5483333333334,1951.55,0.001666666666551464
Wholesale,Ragi,OD08,2016-17,1967.0,1967.0,0.0
Wholesale,Ragi,OD08,2017-18,2266.326666666667,2266.33,0.003333333333102928
Wholesale,Ragi,OD08,2018-19,3375.0008333333335,3375.0,0.0008333333335031057
Wholesale,Ragi,OD08,2019-20,3712.5,3712.5,0.0
Wholesale,Ragi,OD08,2020-21,4083.751666666667,4083.75,0.0016666666670062114
Wholesale,Ragi,OD08,2021-22,4492.125,4492.13,0.005000000000109139
Wholesale,Ragi,OD08,2022-23,4941.3358333333335,4941.34,0.004166666666606034
Wholesale,Ragi,OD08,2023-24,5435.4725,5435.47,0.0024999999995998223
Wholesale,Ragi,OD08,2024-25,5979.018333333333,5979.02,0.0016666666670062114
Wholesale,Ragi,OD09,2013-14,1500.0,1500.0,0.0
Wholesale,Ragi,OD09,2014-15,1550.0008333333333,1550.0,0.000833333333275732
Wholesale,Ragi,OD09,2015-16,1746.0008333333333,1746.0,0.000833333333275732
Wholesale,Ragi,OD09,2016-17,1775.0,1775.0,0.0
Wholesale,Ragi,OD09,2017-18,2025.3125,2025.31,0.0025000000000545697
Wholesale,Ragi,OD09,2018-19,2837.6091666666666,2837.61,0.0008333333335031057
Wholesale,Ragi,OD09,2019-20,2063.3775,2063.38,0.0025000000000545697
Wholesale,Ragi,OD09,2020-21,2269.7141666666666,2269.71,0.004166666666606034
Wholesale,Ragi,OD09,2021-22,2496.6866666666665,2496.69,0.0033333333335576754
Wholesale,Ragi,OD09,2022-23,2746.355,2746.35,0.005000000000109139
Wholesale,Ragi,OD09,2023-24,3020.99,3020.99,0.0
Wholesale,Ragi,OD09,2024-25,3323.088333333333,3323.09,0.0016666666670062114
Wholesale,Ragi,OD10,2013-14,1393.0,1393.0,0.0
Wholesale,Ragi,OD10,2014-15,1427.0008333333333,1427.0,0.000833333333275732
Wholesale,Ragi,OD10,2015-16,1663.0,1663.0,0.0
Wholesale,Ragi,OD10,2016-17,1819.9991666666667,1820.0,0.000833333333275732
Wholesale,Ragi,OD10,2017-18,1767.0008333333333,1767.0,0.000833333333275732
Wholesale,Ragi,OD10,2018-19,3200.0,3200.0,0.0
Wholesale,Ragi,OD10,2019-20,3520.0,3520.0,0.0
Wholesale,Ragi,OD10,2020-21,3872.0,3872.0,0.0
Wholesale,Ragi,OD10,2021-22,4259.199166666666,4259.2,0.0008333333335031057
Wholesale,Ragi,OD10,2022-23,4685.120833333333,4685.12,0.0008333333335031057
Wholesale,Ragi,OD10,2023-24,5153.630833333334,5153.63,0.0008333333335031057
Wholesale,Ragi,OD10,2024-25,5668.996666666667,5669.0,0.003333333333102928
Wholesale,Ragi,OD11,2013-14,1375.0008333333333,1375.0,0.000833333333275732
Wholesale,Ragi,OD11,2014-15,1420.0016666666668,1420.0,0.0016666666667788377
Wholesale,Ragi,OD11,2015-16,1662.9983333333332,1663.0,0.0016666666667788377
Wholesale,Ragi,OD11,2016-17,1780.0,1780.0,0.0
Wholesale,Ragi,OD11,2017-18,1792.0008333333333,1792.0,0.000833333333275732
Wholesale,Ragi,OD11,2018-19,3163.0,3163.0,0.0
Wholesale,Ragi,OD11,2019-20,3479.299166666666,3479.3,0.000833333333957853
Wholesale,Ragi,OD11,2020-21,3827.23,3827.23,0.0
Wholesale,Ragi,OD11,2021-22,4209.953333333334,4209.95,0.0033333333340124227
Wholesale,Ragi,OD11,2022-23,4630.949166666666,4630.95,0.0008333333335031057
Wholesale,Ragi,OD11,2023-24,5094.043333333333,5094.04,0.003333333333102928
Wholesale,Ragi,OD11,2024-25,5603.448333333334,5603.45,0.0016666666660967167
Wholesale,Ragi,OD14,2013-14,1289.6025,1289.6,0.0025000000000545697
Wholesale,Ragi,OD14,2014-15,1352.0866666666668,1352.09,0.003333333333102928
Wholesale,Ragi,OD14,2015-16,1549.9883333333335,1549.99,0.001666666666551464
Wholesale,Ragi,OD14,2016-17,1667.1166666666668,1667.12,0.003333333333102928
Wholesale,Ragi,OD14,2017-18,1800.0,1800.0,0.0
Wholesale,Ragi,OD14,2018-19,2521.9275000000002,2521.93,0.0024999999995998223
Wholesale,Ragi,OD14,2019-20,1979.9991666666667,1980.0,0.000833333333275732
Wholesale,Ragi,OD14,2020-21,2178.000833333333,2178.0,0.0008333333330483583
Wholesale,Ragi,OD14,2021-22,2395.7991666666667,2395.8,0.0008333333335031057
Wholesale,Ragi,OD14,2022-23,2635.380833333333,2635.38,0.0008333333330483583
Wholesale,Ragi,OD14,2023-24,2898.915833333333,2898.92,0.004166666667060781
Wholesale,Ragi,OD14,2024-25,3188.81,3188.81,0.0
Wholesale,Ragi,OD15,2013-14,1485.0,1485.0,0.0
Wholesale,Ragi,OD15,2014-15,1530.0008333333333,1530.0,0.000833333333275732
Wholesale,Ragi,OD15,2015-16,1774.0,1774.0,0.0
Wholesale,Ragi,OD15,2016-17,2000.0,2000.0,0.0
Wholesale,Ragi,OD15,2017-18,2000.0,2000.0,0.0
Wholesale,Ragi,OD15,2018-19,2499.999166666667,2500.0,0.0008333333330483583
Wholesale,Ragi,OD15,2019-20,2750.0008333333335,2750.0,0.0008333333335031057
Wholesale,Ragi,OD15,2020-21,3025.0,3025.0,0.0
Wholesale,Ragi,OD15,2021-22,3327.5,3327.5,0.0
Wholesale,Ragi,OD15,2022-23,3660.25,3660.25,0.0
Wholesale,Ragi,OD15,2023-24,4026.275833333333,4026.28,0.004166666667060781
Wholesale,Ragi,OD15,2024-25,4428.901666666667,4428.9,0.0016666666670062114
Wholesale,Ragi,OD16,2013-14,1524.9991666666667,1525.0,0.000833333333275732
Wholesale,Ragi,OD16,2014-15,1575.0008333333333,1575.0,0.000833333333275732
Wholesale,Ragi,OD16,2015-16,1828.9983333333332,1829.0,0.0016666666667788377
Wholesale,Ragi,OD16,2016-17,2015.9724999999999,2015.97,0.002499999999827196
Wholesale,Ragi,OD16,2017-18,2250.0008333333335,2250.0,0.0008333333335031057
Wholesale,Ragi,OD16,2018-19,3200.0008333333335,3200.0,0.0008333333335031057
Wholesale,Ragi,OD16,2019-20,3520.0008333333335,3520.0,0.0008333333335031057
Wholesale,Ragi,OD16,2020-21,3872.0,3872.0,0.0
Wholesale,Ragi,OD16,2021-22,4259.2,4259.2,0.0
Wholesale,Ragi,OD16,2022-23,4685.121666666667,4685.12,0.0016666666670062114
Wholesale,Ragi,OD16,2023-24,5153.63,5153.63,0.0
Wholesale,Ragi,OD16,2024-25,5668.994166666666,5669.0,0.005833333333612245
Wholesale,Ragi,OD19,2013-14,1555.0008333333333,1555.0,0.000833333333275732
Wholesale,Ragi,OD19,2014-15,1625.0,1625.0,0.0
Wholesale,Ragi,OD19,2015-16,1868.0008333333333,1868.0,0.000833333333275732
Wholesale,Ragi,OD19,2016-17,2148.28,2148.28,0.0
Wholesale,Ragi,OD19,2017-18,2774.9991666666665,2775.0,0.0008333333335031057
Wholesale,Ragi,OD19,2018-19,3249.8075000000003,3249.81,0.0024999999995998223
Wholesale,Ragi,OD19,2019-20,2551.47,2551.47,0.0
Wholesale,Ragi,OD19,2020-21,2806.6150000000002,2806.61,0.005000000000109139
Wholesale,Ragi,OD19,2021-22,3087.2766666666666,3087.28,0.0033333333335576754
Wholesale,Ragi,OD19,2022-23,3396.0033333333336,3396.0,0.0033333333335576754
Wholesale,Ragi,OD19,2023-24,3735.6041666666665,3735.6,0.004166666666606034
Wholesale,Ragi,OD19,2024-25,4109.162499999999,4109.16,0.0024999999995998223
Wholesale,Ragi,OD20,2013-14,1260.0,1260.0,0.0
Wholesale,Ragi,OD20,2014-15,1449.9991666666667,1450.0,0.000833333333275732
Wholesale,Ragi,OD20,2015-16,1636.0,1636.0,0.0
Wholesale,Ragi,OD20,2016-17,1663.0008333333333,1663.0,0.000833333333275732
Wholesale,Ragi,OD20,2017-18,1744.9991666666665,1745.0,0.0008333333335031057
Wholesale,Ragi,OD20,2018-19,2800.0008333333335,2800.0,0.0008333333335031057
Wholesale,Ragi,OD20,2019-20,3079.9991666666665,3080.0,0.0008333333335031057
Wholesale,Ragi,OD20,2020-21,3388.0,3388.0,0.0
Wholesale,Ragi,OD20,2021-22,3726.7999999999997,3726.8,4.547473508864641e-13
Wholesale,Ragi,OD20,2022-23,4099.4800000000005,4099.48,9.094947017729282e-13
Wholesale,Ragi,OD20,2023-24,4509.429166666667,4509.43,0.0008333333335031057
Wholesale,Ragi,OD20,2024-25,4960.369166666666,4960.37,0.0008333333335031057
Wholesale,Ragi,OD21,2013-14,1600.0008333333333,1600.0,0.000833333333275732
Wholesale,Ragi,OD21,2014-15,1599.9983333333332,1600.0,0.0016666666667788377
Wholesale,Ragi,OD21,2015-16,1621.0008333333335,1621.0,0.0008333333335031057
Wholesale,Ragi,OD21,2016-17,1725.0,1725.0,0.0
Wholesale,Ragi,OD21,2017-18,1867.0,1867.0,0.0
Wholesale,Ragi,OD21,2018-19,2500.0,2500.0,0.0
Wholesale,Ragi,OD21,2019-20,2750.0008333333335,2750.0,0.0008333333335031057
Wholesale,Ragi,OD21,2020-21,3025.0,3025.0,0.0
Wholesale,Ragi,OD21,2021-22,3327.5008333333335,3327.5,0.0008333333335031057
Wholesale,Ragi,OD21,2022-23,3660.25,3660.25,0.0
Wholesale,Ragi,OD21,2023-24,4026.275,4026.28,0.005000000000109139
Wholesale,Ragi,OD21,2024-25,4428.903333333333,4428.9,0.003333333333102928
Wholesale,Ragi,OD22,2013-14,1636.3374999999999,1636.34,0.0025000000000545697
Wholesale,Ragi,OD22,2014-15,1715.6225000000002,1715.62,0.0025000000002819434
Wholesale,Ragi,OD22,2015-16,1966.7358333333334,1966.74,0.004166666666606034
Wholesale,Ragi,OD22,2016-17,2115.3566666666666,2115.36,0.0033333333335576754
Wholesale,Ragi,OD22,2017-18,2283.965833333333,2283.97,0.004166666666606034
Wholesale,Ragi,OD22,2018-19,3199.9991666666665,3200.0,0.0008333333335031057
Wholesale,Ragi,OD22,2019-20,3520.0008333333335,3520.0,0.0008333333335031057
Wholesale,Ragi,OD22,2020-21,3872.0008333333335,3872.0,0.0008333333335031057
Wholesale,Ragi,OD22,2021-22,4259.2,4259.2,0.0
Wholesale,Ragi,OD22,2022-23,4685.119166666666,4685.12,0.0008333333335031057
Wholesale,Ragi,OD22,2023-24,5153.630833333334,5153.63,0.0008333333335031057
Wholesale,Ragi,OD22,2024-25,5668.994166666666,5669.0,0.005833333333612245
Wholesale,Ragi,OD23,2013-14,1500.0008333333333,1500.0,0.000833333333275732
Wholesale,Ragi,OD23,2014-15,1533.0008333333333,1533.0,0.000833333333275732
Wholesale,Ragi,OD23,2015-16,1760.0008333333333,1760.0,0.000833333333275732
Wholesale,Ragi,OD23,2016-17,1933.0,1933.0,0.0
Wholesale,Ragi,OD23,2017-18,2029.0,2029.0,0.0
Wholesale,Ragi,OD23,2018-19,2800.0008333333335,2800.0,0.0008333333335031057
Wholesale,Ragi,OD23,2019-20,3080.0008333333335,3080.0,0.0008333333335031057
Wholesale,Ragi,OD23,2020-21,3388.0008333333335,3388.0,0.0008333333335031057
Wholesale,Ragi,OD23,2021-22,3726.7999999999997,3726.8,4.547473508864641e-13
Wholesale,Ragi,OD23,2022-23,4099.481666666667,4099.48,0.0016666666670062114
Wholesale,Ragi,OD23,2023-24,4509.428333333333,4509.43,0.0016666666670062114
Wholesale,Ragi,OD23,2024-25,4960.3725,4960.37,0.002500000000509317
Wholesale,Ragi,OD24,2013-14,1550.0,1550.0,0.0
Wholesale,Ragi,OD24,2014-15,1620.0008333333333,1620.0,0.000833333333275732
Wholesale,Ragi,OD24,2015-16,1857.0,1857.0,0.0
Wholesale,Ragi,OD24,2016-17,2200.0,2200.0,0.0
Wholesale,Ragi,OD24,2017-18,2275.0008333333335,2275.0,0.0008333333335031057
Wholesale,Ragi,OD24,2018-19,2999.9991666666665,3000.0,0.0008333333335031057
Wholesale,Ragi,OD24,2019-20,3299.9991666666665,3300.0,0.0008333333335031057
Wholesale,Ragi,OD24,2020-21,3630.0008333333335,3630.0,0.0008333333335031057
Wholesale,Ragi,OD24,2021-22,3992.9991666666665,3993.0,0.0008333333335031057
Wholesale,Ragi,OD24,2022-23,4392.300833333334,4392.3,0.0008333333335031057
Wholesale,Ragi,OD24,2023-24,4831.528333333333,4831.53,0.0016666666670062114
Wholesale,Ragi,OD24,2024-25,5314.681666666666,5314.68,0.0016666666660967167
Wholesale,Ragi,OD25,2013-14,1500.0,1500.0,0.0
Wholesale,Ragi,OD25,2014-15,1575.0008333333335,1575.0,0.0008333333335031057
Wholesale,Ragi,OD25,2015-16,1823.9991666666667,1824.0,0.000833333333275732
Wholesale,Ragi,OD25,2016-17,1750.0,1750.0,0.0
Wholesale,Ragi,OD25,2017-18,1900.0008333333333,1900.0,0.000833333333275732
Wholesale,Ragi,OD25,2018-19,2699.9983333333334,2700.0,0.001666666666551464
Wholesale,Ragi,OD25,2019-20,2970.0008333333335,2970.0,0.0008333333335031057
Wholesale,Ragi,OD25,2020-21,3267.0,3267.0,0.0
Wholesale,Ragi,OD25,2021-22,3593.700833333334,3593.7,0.000833333333957853
Wholesale,Ragi,OD25,2022-23,3953.0699999999997,3953.07,4.547473508864641e-13
Wholesale,Ragi,OD25,2023-24,4348.3775,4348.38,0.002500000000509317
Wholesale,Ragi,OD25,2024-25,4783.213333333333,4783.21,0.003333333333102928
Wholesale,Ragi,OD26,2013-14,1599.9983333333332,1600.0,0.0016666666667788377
Wholesale,Ragi,OD26,2014-15,1620.0,1620.0,0.0
Wholesale,Ragi,OD26,2015-16,1884.9991666666665,1885.0,0.0008333333335031057
Wholesale,Ragi,OD26,2016-17,2102.1775000000002,2102.18,0.0024999999995998223
Wholesale,Ragi,OD26,2017-18,2500.0008333333335,2500.0,0.0008333333335031057
Wholesale,Ragi,OD26,2018-19,3180.068333333333,3180.07,0.0016666666670062114
Wholesale,Ragi,OD26,2019-20,2496.7125,2496.71,0.0025000000000545697
Wholesale,Ragi,OD26,2020-21,2746.3841666666667,2746.38,0.004166666666606034
Wholesale,Ragi,OD26,2021-22,3021.023333333333,3021.02,0.003333333333102928
Wholesale,Ragi,OD26,2022-23,3323.125,3323.13,0.005000000000109139
Wholesale,Ragi,OD26,2023-24,3655.4375,3655.44,0.0025000000000545697
Wholesale,Ragi,OD26,2024-25,4020.9825,4020.98,0.0025000000000545697
Wholesale,Ragi,OD27,2013-14,1333.9991666666667,1334.0,0.000833333333275732
Wholesale,Ragi,OD27,2014-15,1499.9991666666667,1500.0,0.000833333333275732
Wholesale,Ragi,OD27,2015-16,1829.0016666666668,1829.0,0.0016666666667788377
Wholesale,Ragi,OD27,2016-17,1802.0008333333333,1802.0,0.000833333333275732
Wholesale,Ragi,OD27,2017-18,1944.0,1944.0,0.0
Wholesale,Ragi,OD27,2018-19,2868.0,2868.0,0.0
Wholesale,Ragi,OD27,2019-20,3154.7999999999997,3154.8,4.547473508864641e-13
Wholesale,Ragi,OD27,2020-21,3470.28,3470.28,0.0
Wholesale,Ragi,OD27,2021-22,3817.306666666667,3817.31,0.003333333333102928
Wholesale,Ragi,OD27,2022-23,4199.0391666666665,4199.04,0.0008333333335031057
Wholesale,Ragi,OD27,2023-24,4618.943333333334,4618.94,0.0033333333340124227
Wholesale,Ragi,OD27,2024-25,5080.837500000001,5080.84,0.0024999999995998223
Wholesale,Ragi,OD28,2013-14,1524.0,1524.0,0.0
Wholesale,Ragi,OD28,2014-15,1650.0008333333333,1650.0,0.000833333333275732
Wholesale,Ragi,OD28,2015-16,1846.0,1846.0,0.0
Wholesale,Ragi,OD28,2016-17,2337.0,2337.0,0.0
Wholesale,Ragi,OD28,2017-18,2403.000833333333,2403.0,0.0008333333330483583
Wholesale,Ragi,OD28,2018-19,2633.0008333333335,2633.0,0.0008333333335031057
Wholesale,Ragi,OD28,2019-20,2896.2999999999997,2896.3,4.547473508864641e-13
Wholesale,Ragi,OD28,2020-21,3185.9283333333333,3185.93,0.001666666666551464
Wholesale,Ragi,OD28,2021-22,3504.5241666666666,3504.52,0.004166666666606034
Wholesale,Ragi,OD28,2022-23,3854.974166666667,3854.98,0.005833333333157498
Wholesale,Ragi,OD28,2023-24,4240.471666666667,4240.47,0.0016666666670062114
Wholesale,Ragi,OD28,2024-25,4664.520833333333,4664.52,0.000833333332593611
Wholesale,Ragi,OD29,2013-14,1760.0,1760.0,0.0
Wholesale,Ragi,OD29,2014-15,1769.9983333333332,1770.0,0.0016666666667788377
Wholesale,Ragi,OD29,2015-16,1907.0024999999998,1907.0,0.002499999999827196
Wholesale,Ragi,OD29,2016-17,2000.0008333333333,2000.0,0.000833333333275732
Wholesale,Ragi,OD29,2017-18,2296.7333333333336,2296.73,0.0033333333335576754
Wholesale,Ragi,OD29,2018-19,3217.8875000000003,3217.89,0.0024999999995998223
Wholesale,Ragi,OD29,2019-20,2339.9,2339.9,0.0
Wholesale,Ragi,OD29,2020-21,2573.8908333333334,2573.89,0.0008333333335031057
Wholesale,Ragi,OD29,2021-22,2831.2766666666666,2831.28,0.0033333333335576754
Wholesale,Ragi,OD29,2022-23,3114.4066666666663,3114.41,0.0033333333335576754
Wholesale,Ragi,OD29,2023-24,3425.8483333333334,3425.85,0.001666666666551464
Wholesale,Ragi,OD29,2024-25,3768.431666666667,3768.43,0.0016666666670062114
Wholesale,Ragi,OD30,2013-14,1410.6116666666667,1410.61,0.0016666666667788377
Wholesale,Ragi,OD30,2014-15,1478.9583333333333,1478.96,0.0016666666667788377
Wholesale,Ragi,OD30,2015-16,1695.4316666666666,1695.43,0.001666666666551464
Wholesale,Ragi,OD30,2016-17,1823.5508333333335,1823.55,0.0008333333335031057
Wholesale,Ragi,OD30,2017-18,2000.0008333333335,2000.0,0.0008333333335031057
Wholesale,Ragi,OD30,2018-19,2715.0,2715.0,0.0
Wholesale,Ragi,OD30,2019-20,2986.5,2986.5,0.0
Wholesale,Ragi,OD30,2020-21,3285.15,3285.15,0.0
Wholesale,Ragi,OD30,2021-22,3613.665833333333,3613.67,0.004166666667060781
Wholesale,Ragi,OD30,2022-23,3975.0316666666663,3975.03,0.0016666666660967167
Wholesale,Ragi,OD30,2023-24,4372.536666666667,4372.53,0.006666666667115351
Wholesale,Ragi,OD30,2024-25,4809.788333333333,4809.79,0.0016666666670062114
Wholesale,Sugarcane,OD01,2013-14,230.00166666666667,230.0,0.0016666666666651508
Wholesale,Sugarcane,OD01,2014-15,260.99833333333333,261.0,0.0016666666666651508
Wholesale,Sugarcane,OD01,2015-16,274.00083333333333,274.0,0.0008333333333325754
Wholesale,Sugarcane,OD01,2016-17,310.00083333333333,310.0,0.0008333333333325754
Wholesale,Sugarcane,OD01,2017-18,319.99916666666667,320.0,0.0008333333333325754
Wholesale,Sugarcane,OD01,2018-19,296.0,296.0,0.0
Wholesale,Sugarcane,OD01,2019-20,325.59999999999997,325.6,5.684341886080802e-14
Wholesale,Sugarcane,OD01,2020-21,358.16,358.16,0.0
Wholesale,Sugarcane,OD01,2021-22,393.97583333333336,393.98,0.004166666666662877
Wholesale,Sugarcane,OD01,2022-23,433.3725,433.37,0.0024999999999977263
Wholesale,Sugarcane,OD01,2023-24,476.71,476.71,0.0
Wholesale,Sugarcane,OD01,2024-25,524.3825,524.38,0.0025000000000545697
Wholesale,Sugarcane,OD02,2013-14,196.00083333333336,196.0,0.0008333333333609971
Wholesale,Sugarcane,OD02,2014-15,240.0,240.0,0.0
Wholesale,Sugarcane,OD02,2015-16,250.99916666666664,251.0,0.0008333333333609971
Wholesale,Sugarcane,OD02,2016-17,284.99916666666667,285.0,0.0008333333333325754
Wholesale,Sugarcane,OD02,2017-18,290.00083333333333,290.0,0.0008333333333325754
Wholesale,Sugarcane,OD02,2018-19,289.99833333333333,290.0,0.0016666666666651508
Wholesale,Sugarcane,OD02,2019-20,319.00083333333333,319.0,0.0008333333333325754
Wholesale,Sugarcane,OD02,2020-21,350.89916666666664,350.9,0.0008333333333325754
Wholesale,Sugarcane,OD02,2021-22,385.9891666666667,385.99,0.0008333333333325754
Wholesale,Sugarcane,OD02,2022-23,424.58916666666664,424.59,0.0008333333333325754
Wholesale,Sugarcane,OD02,2023-24,467.04749999999996,467.05,0.0025000000000545697
Wholesale,Sugarcane,OD02,2024-25,513.7533333333333,513.75,0.0033333333333303017
Wholesale,Sugarcane,OD03,2013-14,223.26416666666668,223.26,0.004166666666691299
Wholesale,Sugarcane,OD03,2014-15,255.0,255.0,0.0
Wholesale,Sugarcane,OD03,2015-16,265.0,265.0,0.0
Wholesale,Sugarcane,OD03,2016-17,300.00166666666667,300.0,0.0016666666666651508
Wholesale,Sugarcane,OD03,2017-18,307.99916666666667,308.0,0.0008333333333325754
Wholesale,Sugarcane,OD03,2018-19,461.0,461.0,0.0
Wholesale,Sugarcane,OD03,2019-20,507.09999999999997,507.1,5.684341886080802e-14
Wholesale,Sugarcane,OD03,2020-21,557.8100000000001,557.81,1.1368683772161603e-13
Wholesale,Sugarcane,OD03,2021-22,613.5908333333333,613.59,0.000833333333275732
Wholesale,Sugarcane,OD03,2022-23,674.9508333333333,674.95,0.000833333333275732
Wholesale,Sugarcane,OD03,2023-24,742.4458333333333,742.45,0.0041666666667197205
Wholesale,Sugarcane,OD03,2024-25,816.69,816.69,0.0
Wholesale,Sugarcane,OD04,2013-14,184.99916666666664,185.0,0.0008333333333609971
Wholesale,Sugarcane,OD04,2014-15,226.0,226.0,0.0
Wholesale,Sugarcane,OD04,2015-16,238.9991666666667,239.0,0.0008333333333041537
Wholesale,Sugarcane,OD04,2016-17,259.99833333333333,260.0,0.0016666666666651508
Wholesale,Sugarcane,OD04,2017-18,270.00083333333333,270.0,0.0008333333333325754
Wholesale,Sugarcane,OD04,2018-19,348.00083333333333,348.0,0.0008333333333325754
Wholesale,Sugarcane,OD04,2019-20,382.8,382.8,0.0
Wholesale,Sugarcane,OD04,2020-21,421.08,421.08,0.0
Wholesale,Sugarcane,OD04,2021-22,463.18833333333333,463.19,0.0016666666666651508
Wholesale,Sugarcane,OD04,2022-23,509.5083333333334,509.51,0.0016666666666083074
Wholesale,Sugarcane,OD04,2023-24,560.4575,560.46,0.0025000000000545697
Wholesale,Sugarcane,OD04,2024-25,616.5033333333333,616.5,0.0033333333333303017
Wholesale,Sugarcane,OD05,2013-14,218.75666666666666,218.76,0.0033333333333303017
Wholesale,Sugarcane,OD05,2014-15,255.0,255.0,0.0
Wholesale,Sugarcane,OD05,2015-16,262.99916666666667,263.0,0.0008333333333325754
Wholesale,Sugarcane,OD05,2016-17,300.0,300.0,0.0
Wholesale,Sugarcane,OD05,2017-18,318.99916666666667,319.0,0.0008333333333325754
Wholesale,Sugarcane,OD05,2018-19,408.0,408.0,0.0
Wholesale,Sugarcane,OD05,2019-20,448.8008333333333,448.8,0.000833333333275732
Wholesale,Sugarcane,OD05,2020-21,493.68083333333334,493.68,0.0008333333333325754
Wholesale,Sugarcane,OD05,2021-22,543.0475,543.05,0.002499999999940883
Wholesale,Sugarcane,OD05,2022-23,597.3525000000001,597.35,0.0025000000000545697
Wholesale,Sugarcane,OD05,2023-24,657.0875,657.09,0.0025000000000545697
Wholesale,Sugarcane,OD05,2024-25,722.7966666666666,722.8,0.0033333333333303017
Wholesale,Sugarcane,OD06,2013-14,224.465,224.47,0.0049999999999954525
Wholesale,Sugarcane,OD06,2014-15,260.00083333333333,260.0,0.0008333333333325754
Wholesale,Sugarcane,OD06,2015-16,272.99916666666667,273.0,0.0008333333333325754
Wholesale,Sugarcane,OD06,2016-17,309.99833333333333,310.0,0.0016666666666651508
Wholesale,Sugarcane,OD06,2017-18,327.0,327.0,0.0
Wholesale,Sugarcane,OD06,2018-19,413.99916666666667,414.0,0.0008333333333325754
Wholesale,Sugarcane,OD06,2019-20,455.40000000000003,455.4,5.684341886080802e-14
Wholesale,Sugarcane,OD06,2020-21,500.94,500.94,0.0
Wholesale,Sugarcane,OD06,2021-22,551.0333333333333,551.03,0.0033333333333303017
Wholesale,Sugarcane,OD06,2022-23,606.1383333333333,606.14,0.0016666666666651508
Wholesale,Sugarcane,OD06,2023-24,666.7516666666667,666.75,0.0016666666666651508
Wholesale,Sugarcane,OD06,2024-25,733.4266666666667,733.43,0.003333333333216615
Wholesale,Sugarcane,OD07,2013-14,210.0,210.0,0.0
Wholesale,Sugarcane,OD07,2014-15,245.0,245.0,0.0
Wholesale,Sugarcane,OD07,2015-16,255.99833333333333,256.0,0.0016666666666651508
Wholesale,Sugarcane,OD07,2016-17,287.0,287.0,0.0
Wholesale,Sugarcane,OD07,2017-18,290.00166666666667,290.0,0.0016666666666651508
Wholesale,Sugarcane,OD07,2018-19,420.00083333333333,420.0,0.0008333333333325754
Wholesale,Sugarcane,OD07,2019-20,461.99916666666667,462.0,0.0008333333333325754
Wholesale,Sugarcane,OD07,2020-21,508.2,508.2,0.0
Wholesale,Sugarcane,OD07,2021-22,559.0216666666666,559.02,0.0016666666666651508
Wholesale,Sugarcane,OD07,2022-23,614.9225,614.92,0.0025000000000545697
Wholesale,Sugarcane,OD07,2023-24,676.4141666666667,676.41,0.0041666666667197205
Wholesale,Sugarcane,OD07,2024-25,744.0566666666667,744.06,0.003333333333216615
Wholesale,Sugarcane,OD08,2013-14,223.91916666666668,223.92,0.0008333333333041537
Wholesale,Sugarcane,OD08,2014-15,266.12666666666667,266.13,0.0033333333333303017
Wholesale,Sugarcane,OD08,2015-16,274.3591666666667,274.36,0.0008333333333325754
Wholesale,Sugarcane,OD08,2016-17,309.99916666666667,310.0,0.0008333333333325754
Wholesale,Sugarcane,OD08,2017-18,325.0,325.0,0.0
Wholesale,Sugarcane,OD08,2018-19,399.9983333333333,400.0,0.0016666666667219943
Wholesale,Sugarcane,OD08,2019-20,440.0,440.0,0.0
Wholesale,Sugarcane,OD08,2020-21,484.0,484.0,0.0
Wholesale,Sugarcane,OD08,2021-22,532.4008333333334,532.4,0.0008333333333894188
Wholesale,Sugarcane,OD08,2022-23,585.64,585.64,0.0
Wholesale,Sugarcane,OD08,2023-24,644.2033333333334,644.2,0.0033333333333303017
Wholesale,Sugarcane,OD08,2024-25,708.625,708.62,0.0049999999999954525
Wholesale,Sugarcane,OD09,2013-14,204.0008333333333,204.0,0.0008333333333041537
Wholesale,Sugarcane,OD09,2014-15,243.0,243.0,0.0
Wholesale,Sugarcane,OD09,2015-16,256.0,256.0,0.0
Wholesale,Sugarcane,OD09,2016-17,280.0,280.0,0.0
Wholesale,Sugarcane,OD09,2017-18,302.0,302.0,0.0
Wholesale,Sugarcane,OD09,2018-19,350.00083333333333,350.0,0.0008333333333325754
Wholesale,Sugarcane,OD09,2019-20,385.0,385.0,0.0
Wholesale,Sugarcane,OD09,2020-21,423.5,423.5,0.0
Wholesale,Sugarcane,OD09,2021-22,465.85083333333336,465.85,0.0008333333333325754
Wholesale,Sugarcane,OD09,2022-23,512.4358333333333,512.44,0.0041666666667197205
Wholesale,Sugarcane,OD09,2023-24,563.6783333333334,563.68,0.001666666666551464
Wholesale,Sugarcane,OD09,2024-25,620.0458333333333,620.05,0.004166666666606034
Wholesale,Sugarcane,OD10,2013-14,204.05499999999998,204.06,0.005000000000023874
Wholesale,Sugarcane,OD10,2014-15,250.0,250.0,0.0
Wholesale,Sugarcane,OD10,2015-16,251.00083333333336,251.0,0.0008333333333609971
Wholesale,Sugarcane,OD10,2016-17,274.99916666666667,275.0,0.0008333333333325754
Wholesale,Sugarcane,OD10,2017-18,282.0,282.0,0.0
Wholesale,Sugarcane,OD10,2018-19,380.0,380.0,0.0
Wholesale,Sugarcane,OD10,2019-20,418.0,418.0,0.0
Wholesale,Sugarcane,OD10,2020-21,459.8008333333333,459.8,0.000833333333275732
Wholesale,Sugarcane,OD10,2021-22,505.7791666666667,505.78,0.000833333333275732
Wholesale,Sugarcane,OD10,2022-23,556.3575,556.36,0.0025000000000545697
Wholesale,Sugarcane,OD10,2023-24,611.9941666666667,611.99,0.0041666666667197205
Wholesale,Sugarcane,OD10,2024-25,673.1941666666667,673.19,0.004166666666606034
Wholesale,Sugarcane,OD11,2013-14,200.00083333333336,200.0,0.0008333333333609971
Wholesale,Sugarcane,OD11,2014-15,239.99916666666664,240.0,0.0008333333333609971
Wholesale,Sugarcane,OD11,2015-16,236.00166666666667,236.0,0.0016666666666651508
Wholesale,Sugarcane,OD11,2016-17,265.0,265.0,0.0
Wholesale,Sugarcane,OD11,2017-18,274.99916666666667,275.0,0.0008333333333325754
Wholesale,Sugarcane,OD11,2018-19,335.0,335.0,0.0
Wholesale,Sugarcane,OD11,2019-20,368.5,368.5,0.0
Wholesale,Sugarcane,OD11,2020-21,405.34999999999997,405.35,5.684341886080802e-14
Wholesale,Sugarcane,OD11,2021-22,445.885,445.89,0.0049999999999954525
Wholesale,Sugarcane,OD11,2022-23,490.4725,490.47,0.0024999999999977263
Wholesale,Sugarcane,OD11,2023-24,539.5208333333334,539.52,0.0008333333333894188
Wholesale,Sugarcane,OD11,2024-25,593.4733333333334,593.47,0.0033333333333303017
Wholesale,Sugarcane,OD12,2013-14,202.0,202.0,0.0
Wholesale,Sugarcane,OD12,2014-15,245.0,245.0,0.0
Wholesale,Sugarcane,OD12,2015-16,256.00083333333333,256.0,0.0008333333333325754
Wholesale,Sugarcane,OD12,2016-17,280.0,280.0,0.0
Wholesale,Sugarcane,OD12,2017-18,290.00083333333333,290.0,0.0008333333333325754
Wholesale,Sugarcane,OD12,2018-19,379.99916666666667,380.0,0.0008333333333325754
Wholesale,Sugarcane,OD12,2019-20,418.0016666666667,418.0,0.0016666666667219943
Wholesale,Sugarcane,OD12,2020-21,459.8,459.8,0.0
Wholesale,Sugarcane,OD12,2021-22,505.78000000000003,505.78,5.684341886080802e-14
Wholesale,Sugarcane,OD12,2022-23,556.3583333333333,556.36,0.0016666666666651508
Wholesale,Sugarcane,OD12,2023-24,611.9941666666667,611.99,0.0041666666667197205
Wholesale,Sugarcane,OD12,2024-25,673.1941666666667,673.19,0.004166666666606034
Wholesale,Sugarcane,OD13,2013-14,222.0,222.0,0.0
Wholesale,Sugarcane,OD13,2014-15,247.9991666666667,248.0,0.0008333333333041537
Wholesale,Sugarcane,OD13,2015-16,256.0025,256.0,0.0024999999999977263
Wholesale,Sugarcane,OD13,2016-17,285.0,285.0,0.0
Wholesale,Sugarcane,OD13,2017-18,296.0,296.0,0.0
Wholesale,Sugarcane,OD13,2018-19,400.0,400.0,0.0
Wholesale,Sugarcane,OD13,2019-20,440.0016666666666,440.0,0.0016666666666083074
Wholesale,Sugarcane,OD13,2020-21,484.0,484.0,0.0
Wholesale,Sugarcane,OD13,2021-22,532.3991666666667,532.4,0.000833333333275732
Wholesale,Sugarcane,OD13,2022-23,585.6391666666667,585.64,0.000833333333275732
Wholesale,Sugarcane,OD13,2023-24,644.205,644.2,0.0049999999999954525
Wholesale,Sugarcane,OD13,2024-25,708.625,708.62,0.0049999999999954525
Wholesale,Sugarcane,OD14,2013-14,203.64916666666667,203.65,0.0008333333333325754
Wholesale,Sugarcane,OD14,2014-15,242.03333333333333,242.03,0.0033333333333303017
Wholesale,Sugarcane,OD14,2015-16,249.5233333333333,249.52,0.00333333333330188
Wholesale,Sugarcane,OD14,2016-17,279.99833333333333,280.0,0.0016666666666651508
Wholesale,Sugarcane,OD14,2017-18,288.0,288.0,0.0
Wholesale,Sugarcane,OD14,2018-19,376.2925,376.29,0.0024999999999977263
Wholesale,Sugarcane,OD14,2019-20,316.9583333333333,316.96,0.0016666666666651508
Wholesale,Sugarcane,OD14,2020-21,348.6541666666667,348.65,0.0041666666667197205
Wholesale,Sugarcane,OD14,2021-22,383.51916666666665,383.52,0.0008333333333325754
Wholesale,Sugarcane,OD14,2022-23,421.86999999999995,421.87,5.684341886080802e-14
Wholesale,Sugarcane,OD14,2023-24,464.05833333333334,464.06,0.0016666666666651508
Wholesale,Sugarcane,OD14,2024-25,510.46416666666664,510.46,0.004166666666662877
Wholesale,Sugarcane,OD15,2013-14,224.99916666666664,225.0,0.0008333333333609971
Wholesale,Sugarcane,OD15,2014-15,260.00083333333333,260.0,0.0008333333333325754
Wholesale,Sugarcane,OD15,2015-16,268.99916666666667,269.0,0.0008333333333325754
Wholesale,Sugarcane,OD15,2016-17,305.00083333333333,305.0,0.0008333333333325754
Wholesale,Sugarcane,OD15,2017-18,306.0,306.0,0.0
Wholesale,Sugarcane,OD15,2018-19,350.0,350.0,0.0
Wholesale,Sugarcane,OD15,2019-20,385.0,385.0,0.0
Wholesale,Sugarcane,OD15,2020-21,423.50083333333333,423.5,0.0008333333333325754
Wholesale,Sugarcane,OD15,2021-22,465.84916666666663,465.85,0.0008333333333894188
Wholesale,Sugarcane,OD15,2022-23,512.4341666666667,512.44,0.005833333333384871
Wholesale,Sugarcane,OD15,2023-24,563.6775,563.68,0.002499999999940883
Wholesale,Sugarcane,OD15,2024-25,620.0475,620.05,0.002499999999940883
Wholesale,Sugarcane,OD17,2013-14,207.99916666666664,208.0,0.0008333333333609971
Wholesale,Sugarcane,OD17,2014-15,240.0,240.0,0.0
Wholesale,Sugarcane,OD17,2015-16,254.0,254.0,0.0
Wholesale,Sugarcane,OD17,2016-17,279.99916666666667,280.0,0.0008333333333325754
Wholesale,Sugarcane,OD17,2017-18,290.0,290.0,0.0
Wholesale,Sugarcane,OD17,2018-19,420.00083333333333,420.0,0.0008333333333325754
Wholesale,Sugarcane,OD17,2019-20,462.0016666666667,462.0,0.0016666666667219943
Wholesale,Sugarcane,OD17,2020-21,508.1991666666667,508.2,0.000833333333275732
Wholesale,Sugarcane,OD17,2021-22,559.02,559.02,0.0
Wholesale,Sugarcane,OD17,2022-23,614.9233333333333,614.92,0.0033333333333303017
Wholesale,Sugarcane,OD17,2023-24,676.4141666666667,676.41,0.0041666666667197205
Wholesale,Sugarcane,OD17,2024-25,744.0558333333333,744.06,0.004166666666606034
Wholesale,Sugarcane,OD18,2013-14,226.05499999999998,226.05,0.004999999999967031
Wholesale,Sugarcane,OD18,2014-15,259.99916666666667,260.0,0.0008333333333325754
Wholesale,Sugarcane,OD18,2015-16,267.0,267.0,0.0
Wholesale,Sugarcane,OD18,2016-17,287.0,287.0,0.0
Wholesale,Sugarcane,OD18,2017-18,303.0,303.0,0.0
Wholesale,Sugarcane,OD18,2018-19,500.00083333333333,500.0,0.0008333333333325754
Wholesale,Sugarcane,OD18,2019-20,550.0,550.0,0.0
Wholesale,Sugarcane,OD18,2020-21,604.9991666666666,605.0,0.0008333333333894188
Wholesale,Sugarcane,OD18,2021-22,665.5,665.5,0.0
Wholesale,Sugarcane,OD18,2022-23,732.0491666666667,732.05,0.000833333333275732
Wholesale,Sugarcane,OD18,2023-24,805.255,805.26,0.0049999999999954525
Wholesale,Sugarcane,OD18,2024-25,885.7800000000001,885.78,1.1368683772161603e-13
Wholesale,Sugarcane,OD19,2013-14,214.40333333333334,214.4,0.0033333333333303017
Wholesale,Sugarcane,OD19,2014-15,257.00083333333333,257.0,0.0008333333333325754
Wholesale,Sugarcane,OD19,2015-16,255.99916666666664,256.0,0.0008333333333609971
Wholesale,Sugarcane,OD19,2016-17,279.99916666666667,280.0,0.0008333333333325754
Wholesale,Sugarcane,OD19,2017-18,289.99916666666667,290.0,0.0008333333333325754
Wholesale,Sugarcane,OD19,2018-19,439.99916666666667,440.0,0.0008333333333325754
Wholesale,Sugarcane,OD19,2019-20,484.0,484.0,0.0
Wholesale,Sugarcane,OD19,2020-21,532.4008333333333,532.4,0.000833333333275732
Wholesale,Sugarcane,OD19,2021-22,585.6391666666667,585.64,0.000833333333275732
Wholesale,Sugarcane,OD19,2022-23,644.205,644.2,0.0049999999999954525
Wholesale,Sugarcane,OD19,2023-24,708.6241666666666,708.62,0.004166666666606034
Wholesale,Sugarcane,OD19,2024-25,779.485,779.49,0.0049999999999954525
Wholesale,Sugarcane,OD20,2013-14,212.00250000000003,212.0,0.002500000000026148
Wholesale,Sugarcane,OD20,2014-15,235.0,235.0,0.0
Wholesale,Sugarcane,OD20,2015-16,241.0,241.0,0.0
Wholesale,Sugarcane,OD20,2016-17,269.99916666666667,270.0,0.0008333333333325754
Wholesale,Sugarcane,OD20,2017-18,283.0,283.0,0.0
Wholesale,Sugarcane,OD20,2018-19,390.00083333333333,390.0,0.0008333333333325754
Wholesale,Sugarcane,OD20,2019-20,429.0,429.0,0.0
Wholesale,Sugarcane,OD20,2020-21,471.89916666666664,471.9,0.0008333333333325754
Wholesale,Sugarcane,OD20,2021-22,519.0916666666667,519.09,0.0016666666666651508
Wholesale,Sugarcane,OD20,2022-23,571.0,571.0,0.0
Wholesale,Sugarcane,OD20,2023-24,628.1,628.1,0.0
Wholesale,Sugarcane,OD20,2024-25,690.9108333333334,690.91,0.0008333333333894188
Wholesale,Sugarcane,OD21,2013-14,221.94416666666666,221.94,0.004166666666662877
Wholesale,Sugarcane,OD21,2014-15,263.7758333333333,263.78,0.004166666666662877
Wholesale,Sugarcane,OD21,2015-16,271.9375,271.94,0.0024999999999977263
Wholesale,Sugarcane,OD21,2016-17,305.0,305.0,0.0
Wholesale,Sugarcane,OD21,2017-18,314.02833333333336,314.03,0.0016666666666083074
Wholesale,Sugarcane,OD21,2018-19,410.095,410.09,0.005000000000052296
Wholesale,Sugarcane,OD21,2019-20,335.50083333333333,335.5,0.0008333333333325754
Wholesale,Sugarcane,OD21,2020-21,369.0491666666667,369.05,0.0008333333333325754
Wholesale,Sugarcane,OD21,2021-22,405.955,405.96,0.0049999999999954525
Wholesale,Sugarcane,OD21,2022-23,446.54833333333335,446.55,0.0016666666666651508
Wholesale,Sugarcane,OD21,2023-24,491.2058333333334,491.21,0.004166666666606034
Wholesale,Sugarcane,OD21,2024-25,540.3258333333333,540.33,0.0041666666667197205
Wholesale,Sugarcane,OD23,2013-14,213.0,213.0,0.0
Wholesale,Sugarcane,OD23,2014-15,250.0,250.0,0.0
Wholesale,Sugarcane,OD23,2015-16,262.0,262.0,0.0
Wholesale,Sugarcane,OD23,2016-17,280.00083333333333,280.0,0.0008333333333325754
Wholesale,Sugarcane,OD23,2017-18,298.0,298.0,0.0
Wholesale,Sugarcane,OD23,2018-19,409.99916666666667,410.0,0.0008333333333325754
Wholesale,Sugarcane,OD23,2019-20,451.00083333333333,451.0,0.0008333333333325754
Wholesale,Sugarcane,OD23,2020-21,496.10083333333336,496.1,0.0008333333333325754
Wholesale,Sugarcane,OD23,2021-22,545.7091666666666,545.71,0.0008333333333894188
Wholesale,Sugarcane,OD23,2022-23,600.2825,600.28,0.0025000000000545697
Wholesale,Sugarcane,OD23,2023-24,660.3083333333333,660.31,0.0016666666666651508
Wholesale,Sugarcane,OD23,2024-25,726.3391666666666,726.34,0.0008333333333894188
Wholesale,Sugarcane,OD24,2013-14,205.26833333333332,205.27,0.0016666666666935726
Wholesale,Sugarcane,OD24,2014-15,242.99916666666664,243.0,0.0008333333333609971
Wholesale,Sugarcane,OD24,2015-16,250.99916666666664,251.0,0.0008333333333609971
Wholesale,Sugarcane,OD24,2016-17,284.0,284.0,0.0
Wholesale,Sugarcane,OD24,2017-18,295.0,295.0,0.0
Wholesale,Sugarcane,OD24,2018-19,372.99916666666667,373.0,0.0008333333333325754
Wholesale,Sugarcane,OD24,2019-20,410.2991666666667,410.3,0.0008333333333325754
Wholesale,Sugarcane,OD24,2020-21,451.3308333333334,451.33,0.0008333333333894188
Wholesale,Sugarcane,OD24,2021-22,496.46166666666664,496.46,0.0016666666666651508
Wholesale,Sugarcane,OD24,2022-23,546.1083333333333,546.11,0.0016666666666651508
Wholesale,Sugarcane,OD24,2023-24,600.7208333333333,600.72,0.000833333333275732
Wholesale,Sugarcane,OD24,2024-25,660.7908333333334,660.79,0.0008333333333894188
Wholesale,Sugarcane,OD25,2013-14,215.61833333333334,215.62,0.0016666666666651508
Wholesale,Sugarcane,OD25,2014-15,256.26,256.26,0.0
Wholesale,Sugarcane,OD25,2015-16,264.19,264.19,0.0
Wholesale,Sugarcane,OD25,2016-17,310.00083333333333,310.0,0.0008333333333325754
Wholesale,Sugarcane,OD25,2017-18,305.0775,305.08,0.0024999999999977263
Wholesale,Sugarcane,OD25,2018-19,380.0,380.0,0.0
Wholesale,Sugarcane,OD25,2019-20,418.0,418.0,0.0
Wholesale,Sugarcane,OD25,2020-21,459.8008333333334,459.8,0.0008333333333894188
Wholesale,Sugarcane,OD25,2021-22,505.78,505.78,0.0
Wholesale,Sugarcane,OD25,2022-23,556.3575,556.36,0.0025000000000545697
Wholesale,Sugarcane,OD25,2023-24,611.9941666666667,611.99,0.0041666666667197205
Wholesale,Sugarcane,OD25,2024-25,673.1925,673.19,0.002499999999940883
Wholesale,Sugarcane,OD26,2013-14,211.40166666666667,211.4,0.0016666666666651508
Wholesale,Sugarcane,OD26,2014-15,250.0,250.0,0.0
Wholesale,Sugarcane,OD26,2015-16,258.99916666666667,259.0,0.0008333333333325754
Wholesale,Sugarcane,OD26,2016-17,285.00166666666667,285.0,0.0016666666666651508
Wholesale,Sugarcane,OD26,2017-18,299.11083333333335,299.11,0.0008333333333325754
Wholesale,Sugarcane,OD26,2018-19,400.00083333333333,400.0,0.0008333333333325754
Wholesale,Sugarcane,OD26,2019-20,440.0025,440.0,0.0024999999999977263
Wholesale,Sugarcane,OD26,2020-21,484.0,484.0,0.0
Wholesale,Sugarcane,OD26,2021-22,532.4008333333334,532.4,0.0008333333333894188
Wholesale,Sugarcane,OD26,2022-23,585.64,585.64,0.0
Wholesale,Sugarcane,OD26,2023-24,644.2033333333334,644.2,0.0033333333333303017
Wholesale,Sugarcane,OD26,2024-25,708.6225,708.62,0.002499999999940883
Wholesale,Sugarcane,OD27,2013-14,204.96,204.96,0.0
Wholesale,Sugarcane,OD27,2014-15,243.5925,243.59,0.0024999999999977263
Wholesale,Sugarcane,OD27,2015-16,251.13166666666666,251.13,0.0016666666666651508
Wholesale,Sugarcane,OD27,2016-17,281.6641666666667,281.66,0.004166666666662877
Wholesale,Sugarcane,OD27,2017-18,290.0,290.0,0.0
Wholesale,Sugarcane,OD27,2018-19,378.7166666666667,378.72,0.0033333333333303017
Wholesale,Sugarcane,OD27,2019-20,318.99916666666667,319.0,0.0008333333333325754
Wholesale,Sugarcane,OD27,2020-21,350.90083333333337,350.9,0.0008333333333894188
Wholesale,Sugarcane,OD27,2021-22,385.99,385.99,0.0
Wholesale,Sugarcane,OD27,2022-23,424.5883333333333,424.59,0.0016666666666651508
Wholesale,Sugarcane,OD27,2023-24,467.0466666666666,467.05,0.003333333333387145
Wholesale,Sugarcane,OD27,2024-25,513.7524999999999,513.75,0.002499999999940883
Wholesale,Sugarcane,OD28,2013-14,189.99916666666664,190.0,0.0008333333333609971
Wholesale,Sugarcane,OD28,2014-15,265.0,265.0,0.0
Wholesale,Sugarcane,OD28,2015-16,267.00083333333333,267.0,0.0008333333333325754
Wholesale,Sugarcane,OD28,2016-17,295.0,295.0,0.0
Wholesale,Sugarcane,OD28,2017-18,312.0,312.0,0.0
Wholesale,Sugarcane,OD28,2018-19,406.99916666666667,407.0,0.0008333333333325754
Wholesale,Sugarcane,OD28,2019-20,447.7008333333333,447.7,0.0008333333333325754
Wholesale,Sugarcane,OD28,2020-21,492.47,492.47,0.0
Wholesale,Sugarcane,OD28,2021-22,541.7166666666667,541.72,0.0033333333333303017
Wholesale,Sugarcane,OD28,2022-23,595.8883333333333,595.89,0.0016666666666651508
Wholesale,Sugarcane,OD28,2023-24,655.4775000000001,655.48,0.002499999999940883
Wholesale,Sugarcane,OD28,2024-25,721.0233333333334,721.03,0.0066666666665469165
Wholesale,Sugarcane,OD29,2013-14,242.99833333333333,243.0,0.0016666666666651508
Wholesale,Sugarcane,OD29,2014-15,260.00083333333333,260.0,0.0008333333333325754
Wholesale,Sugarcane,OD29,2015-16,261.99916666666667,262.0,0.0008333333333325754
Wholesale,Sugarcane,OD29,2016-17,292.0,292.0,0.0
Wholesale,Sugarcane,OD29,2017-18,304.9141666666667,304.91,0.004166666666662877
Wholesale,Sugarcane,OD29,2018-19,349.99916666666667,350.0,0.0008333333333325754
Wholesale,Sugarcane,OD29,2019-20,385.0016666666667,385.0,0.0016666666667219943
Wholesale,Sugarcane,OD29,2020-21,423.5,423.5,0.0
Wholesale,Sugarcane,OD29,2021-22,465.85083333333336,465.85,0.0008333333333325754
Wholesale,Sugarcane,OD29,2022-23,512.4341666666667,512.44,0.005833333333384871
Wholesale,Sugarcane,OD29,2023-24,563.6783333333334,563.68,0.001666666666551464
Wholesale,Sugarcane,OD29,2024-25,620.0475,620.05,0.002499999999940883
Wholesale,Sugarcane,OD30,2013-14,223.26,223.26,0.0
Wholesale,Sugarcane,OD30,2014-15,264.99916666666667,265.0,0.0008333333333325754
Wholesale,Sugarcane,OD30,2015-16,267.0,267.0,0.0
Wholesale,Sugarcane,OD30,2016-17,308.99916666666667,309.0,0.0008333333333325754
Wholesale,Sugarcane,OD30,2017-18,315.89166666666665,315.89,0.0016666666666651508
Wholesale,Sugarcane,OD30,2018-19,420.0,420.0,0.0
Wholesale,Sugarcane,OD30,2019-20,462.0,462.0,0.0
Wholesale,Sugarcane,OD30,2020-21,508.2,508.2,0.0
Wholesale,Sugarcane,OD30,2021-22,559.0191666666666,559.02,0.0008333333333894188
Wholesale,Sugarcane,OD30,2022-23,614.9233333333333,614.92,0.0033333333333303017
Wholesale,Sugarcane,OD30,2023-24,676.4133333333333,676.41,0.0033333333333303017
Wholesale,Sugarcane,OD30,2024-25,744.0575,744.06,0.002499999999940883
Wholesale,Sunflower,OD01,2013-14,4517.0925,4517.09,0.0024999999995998223
Wholesale,Sunflower,OD01,2014-15,4699.9991666666665,4700.0,0.0008333333335031057
Wholesale,Sunflower,OD01,2015-16,4731.9991666666665,4732.0,0.0008333333335031057
Wholesale,Sunflower,OD01,2017-18,7004.8625,7004.86,0.002500000000509317
Wholesale,Sunflower,OD01,2018-19,4790.89,4790.89,0.0
Wholesale,Sunflower,OD01,2019-20,4802.049166666667,4802.05,0.0008333333335031057
Wholesale,Sunflower,OD01,2020-21,4873.2175,4873.22,0.002500000000509317
Wholesale,Sunflower,OD01,2021-22,4945.4425,4945.44,0.002500000000509317
Wholesale,Sunflower,OD01,2022-23,5018.739166666667,5018.74,0.000833333332593611
Wholesale,Sunflower,OD01,2023-24,5093.118333333333,5093.12,0.0016666666670062114
Wholesale,Sunflower,OD01,2024-25,5168.6025,5168.6,0.0024999999995998223
Wholesale,Sunflower,OD02,2013-14,3767.0,3767.0,0.0
Wholesale,Sunflower,OD02,2014-15,3899.998333333333,3900.0,0.0016666666670062114
Wholesale,Sunflower,OD02,2015-16,3925.9991666666665,3926.0,0.0008333333335031057
Wholesale,Sunflower,OD02,2017-18,5821.9766666666665,5821.98,0.003333333333102928
Wholesale,Sunflower,OD02,2018-19,3981.869166666667,3981.87,0.0008333333330483583
Wholesale,Sunflower,OD02,2019-20,3991.1433333333334,3991.14,0.0033333333335576754
Wholesale,Sunflower,OD02,2020-21,4050.2958333333336,4050.3,0.004166666666606034
Wholesale,Sunflower,OD02,2021-22,4110.324166666666,4110.32,0.004166666666606034
Wholesale,Sunflower,OD02,2022-23,4171.240833333333,4171.24,0.0008333333335031057
Wholesale,Sunflower,OD02,2023-24,4233.060833333333,4233.06,0.000833333332593611
Wholesale,Sunflower,OD02,2024-25,4295.8,4295.8,0.0
Wholesale,Sunflower,OD03,2013-14,4499.9991666666665,4500.0,0.0008333333335031057
Wholesale,Sunflower,OD03,2014-15,4700.0,4700.0,0.0
Wholesale,Sunflower,OD03,2015-16,4732.0,4732.0,0.0
Wholesale,Sunflower,OD03,2017-18,6996.026666666666,6996.03,0.0033333333340124227
Wholesale,Sunflower,OD03,2018-19,4784.8475,4784.85,0.002500000000509317
Wholesale,Sunflower,OD03,2019-20,4795.991666666666,4795.99,0.0016666666660967167
Wholesale,Sunflower,OD03,2020-21,4867.0725,4867.07,0.002500000000509317
Wholesale,Sunflower,OD03,2021-22,4939.205,4939.2,0.005000000000109139
Wholesale,Sunflower,OD03,2022-23,5012.406666666667,5012.41,0.003333333333102928
Wholesale,Sunflower,OD03,2023-24,5086.695833333333,5086.69,0.005833333333612245
Wholesale,Sunflower,OD03,2024-25,5162.0841666666665,5162.08,0.004166666666606034
Wholesale,Sunflower,OD04,2013-14,4499.9991666666665,4500.0,0.0008333333335031057
Wholesale,Sunflower,OD04,2014-15,4700.0,4700.0,0.0
Wholesale,Sunflower,OD04,2015-16,4732.0008333333335,4732.0,0.0008333333335031057
Wholesale,Sunflower,OD04,2017-18,6996.026666666668,6996.03,0.0033333333321934333
Wholesale,Sunflower,OD04,2018-19,4784.846666666666,4784.85,0.0033333333340124227
Wholesale,Sunflower,OD04,2019-20,4795.990833333333,4795.99,0.0008333333335031057
Wholesale,Sunflower,OD04,2020-21,4867.071666666667,4867.07,0.0016666666670062114
Wholesale,Sunflower,OD04,2021-22,4939.205,4939.2,0.005000000000109139
Wholesale,Sunflower,OD04,2022-23,5012.406666666667,5012.41,0.003333333333102928
Wholesale,Sunflower,OD04,2023-24,5086.695000000001,5086.69,0.005000000001018634
Wholesale,Sunflower,OD04,2024-25,5162.0824999999995,5162.08,0.0024999999995998223
Wholesale,Sunflower,OD05,2013-14,4199.998333333333,4200.0,0.0016666666670062114
Wholesale,Sunflower,OD05,2014-15,4500.0,4500.0,0.0
Wholesale,Sunflower,OD05,2015-16,4529.9991666666665,4530.0,0.0008333333335031057
Wholesale,Sunflower,OD05,2017-18,6641.9175,6641.92,0.002500000000509317
Wholesale,Sunflower,OD05,2018-19,4542.66,4542.66,0.0
Wholesale,Sunflower,OD05,2019-20,4553.239166666666,4553.24,0.0008333333335031057
Wholesale,Sunflower,OD05,2020-21,4620.720833333334,4620.72,0.0008333333335031057
Wholesale,Sunflower,OD05,2021-22,4689.204166666666,4689.2,0.004166666666606034
Wholesale,Sunflower,OD05,2022-23,4758.700833333333,4758.7,0.0008333333335031057
Wholesale,Sunflower,OD05,2023-24,4829.2283333333335,4829.23,0.0016666666660967167
Wholesale,Sunflower,OD05,2024-25,4900.801666666667,4900.8,0.0016666666670062114
Wholesale,Sunflower,OD06,2013-14,4132.9991666666665,4133.0,0.0008333333335031057
Wholesale,Sunflower,OD06,2014-15,4250.0008333333335,4250.0,0.0008333333335031057
Wholesale,Sunflower,OD06,2015-16,4279.0008333333335,4279.0,0.0008333333335031057
Wholesale,Sunflower,OD06,2017-18,6359.232499999999,6359.23,0.0024999999995998223
Wholesale,Sunflower,OD06,2018-19,4349.32,4349.32,0.0
Wholesale,Sunflower,OD06,2019-20,4359.449166666666,4359.45,0.0008333333335031057
Wholesale,Sunflower,OD06,2020-21,4424.06,4424.06,0.0
Wholesale,Sunflower,OD06,2021-22,4489.6275,4489.63,0.002500000000509317
Wholesale,Sunflower,OD06,2022-23,4556.1658333333335,4556.17,0.004166666666606034
Wholesale,Sunflower,OD06,2023-24,4623.691666666667,4623.69,0.0016666666670062114
Wholesale,Sunflower,OD06,2024-25,4692.219166666667,4692.22,0.0008333333335031057
Wholesale,Sunflower,OD07,2013-14,4350.0,4350.0,0.0
Wholesale,Sunflower,OD07,2014-15,4500.0,4500.0,0.0
Wholesale,Sunflower,OD07,2015-16,4529.9991666666665,4530.0,0.0008333333335031057
Wholesale,Sunflower,OD07,2017-18,6719.455833333333,6719.45,0.005833333333612245
Wholesale,Sunflower,OD07,2018-19,4595.689166666666,4595.69,0.0008333333335031057
Wholesale,Sunflower,OD07,2019-20,4606.393333333333,4606.39,0.003333333333102928
Wholesale,Sunflower,OD07,2020-21,4674.663333333333,4674.66,0.003333333333102928
Wholesale,Sunflower,OD07,2021-22,4743.944166666667,4743.94,0.004166666667515528
Wholesale,Sunflower,OD07,2022-23,4814.253333333333,4814.25,0.003333333333102928
Wholesale,Sunflower,OD07,2023-24,4885.6033333333335,4885.6,0.003333333333102928
Wholesale,Sunflower,OD07,2024-25,4958.0125,4958.01,0.0024999999995998223
Wholesale,Sunflower,OD08,2013-14,4266.9991666666665,4267.0,0.0008333333335031057
Wholesale,Sunflower,OD08,2014-15,4450.0,4450.0,0.0
Wholesale,Sunflower,OD08,2015-16,4479.998333333333,4480.0,0.0016666666670062114
Wholesale,Sunflower,OD08,2017-18,6724.823333333334,6724.82,0.0033333333340124227
Wholesale,Sunflower,OD08,2018-19,4800.0,4800.0,0.0
Wholesale,Sunflower,OD08,2019-20,4871.138333333333,4871.14,0.0016666666670062114
Wholesale,Sunflower,OD08,2020-21,4943.3324999999995,4943.33,0.0024999999995998223
Wholesale,Sunflower,OD08,2021-22,5016.596666666667,5016.6,0.003333333333102928
Wholesale,Sunflower,OD08,2022-23,5090.945,5090.95,0.005000000000109139
Wholesale,Sunflower,OD08,2023-24,5166.3966666666665,5166.4,0.003333333333102928
Wholesale,Sunflower,OD08,2024-25,5242.966666666666,5242.97,0.0033333333340124227
Wholesale,Sunflower,OD10,2013-14,4070.0,4070.0,0.0
Wholesale,Sunflower,OD10,2014-15,4200.0008333333335,4200.0,0.0008333333335031057
Wholesale,Sunflower,OD10,2015-16,4228.0,4228.0,0.0
Wholesale,Sunflower,OD10,2017-18,8000.000833333333,8000.0,0.000833333332593611
Wholesale,Sunflower,OD10,2018-19,4587.508333333333,4587.51,0.0016666666670062114
Wholesale,Sunflower,OD10,2019-20,6806.904166666667,6806.9,0.004166666667515528
Wholesale,Sunflower,OD10,2020-21,6907.786666666667,6907.79,0.003333333333102928
Wholesale,Sunflower,OD10,2021-22,7010.1658333333335,7010.17,0.004166666666606034
Wholesale,Sunflower,OD10,2022-23,7114.060833333333,7114.06,0.000833333332593611
Wholesale,Sunflower,OD10,2023-24,7219.495833333333,7219.5,0.004166666666606034
Wholesale,Sunflower,OD10,2024-25,7326.494166666667,7326.49,0.004166666667515528
Wholesale,Sunflower,OD11,2013-14,4119.9991666666665,4120.0,0.0008333333335031057
Wholesale,Sunflower,OD11,2014-15,4299.9991666666665,4300.0,0.0008333333335031057
Wholesale,Sunflower,OD11,2015-16,4329.0008333333335,4329.0,0.0008333333335031057
Wholesale,Sunflower,OD11,2017-18,6402.024166666667,6402.02,0.004166666666606034
Wholesale,Sunflower,OD11,2018-19,4378.586666666667,4378.59,0.003333333333102928
Wholesale,Sunflower,OD11,2019-20,4388.785,4388.78,0.005000000000109139
Wholesale,Sunflower,OD11,2020-21,4453.829166666666,4453.83,0.0008333333335031057
Wholesale,Sunflower,OD11,2021-22,4519.839166666667,4519.84,0.0008333333335031057
Wholesale,Sunflower,OD11,2022-23,4586.825833333333,4586.82,0.005833333333612245
Wholesale,Sunflower,OD11,2023-24,4654.805,4654.8,0.005000000000109139
Wholesale,Sunflower,OD11,2024-25,4723.7925000000005,4723.79,0.002500000000509317
Wholesale,Sunflower,OD12,2013-14,4250.0008333333335,4250.0,0.0008333333335031057
Wholesale,Sunflower,OD12,2014-15,4400.0,4400.0,0.0
Wholesale,Sunflower,OD12,2015-16,4430.0008333333335,4430.0,0.0008333333335031057
Wholesale,Sunflower,OD12,2017-18,6568.740000000001,6568.74,9.094947017729282e-13
Wholesale,Sunflower,OD12,2018-19,4492.609166666666,4492.61,0.0008333333335031057
Wholesale,Sunflower,OD12,2019-20,4503.073333333333,4503.07,0.003333333333102928
Wholesale,Sunflower,OD12,2020-21,4569.8133333333335,4569.81,0.003333333333102928
Wholesale,Sunflower,OD12,2021-22,4637.538333333333,4637.54,0.0016666666670062114
Wholesale,Sunflower,OD12,2022-23,4706.2716666666665,4706.27,0.0016666666660967167
Wholesale,Sunflower,OD12,2023-24,4776.020833333333,4776.02,0.000833333332593611
Wholesale,Sunflower,OD12,2024-25,4846.806666666666,4846.81,0.0033333333340124227
Wholesale,Sunflower,OD14,2013-14,4286.000833333333,4286.0,0.000833333332593611
Wholesale,Sunflower,OD14,2014-15,4400.0,4400.0,0.0
Wholesale,Sunflower,OD14,2015-16,4430.0,4430.0,0.0
Wholesale,Sunflower,OD14,2017-18,6587.348333333332,6587.35,0.001666666667915706
Wholesale,Sunflower,OD14,2018-19,4505.337500000001,4505.34,0.0024999999995998223
Wholesale,Sunflower,OD14,2019-20,4515.830833333333,4515.83,0.0008333333335031057
Wholesale,Sunflower,OD14,2020-21,4582.756666666667,4582.76,0.003333333333102928
Wholesale,Sunflower,OD14,2021-22,4650.6775,4650.68,0.002500000000509317
Wholesale,Sunflower,OD14,2022-23,4719.604166666667,4719.6,0.004166666666606034
Wholesale,Sunflower,OD14,2023-24,4789.550833333334,4789.55,0.0008333333335031057
Wholesale,Sunflower,OD14,2024-25,4860.535833333333,4860.54,0.004166666666606034
Wholesale,Sunflower,OD15,2013-14,3675.0008333333335,3675.0,0.0008333333335031057
Wholesale,Sunflower,OD15,2014-15,3799.9991666666665,3800.0,0.0008333333335031057
Wholesale,Sunflower,OD15,2015-16,3825.9991666666665,3826.0,0.0008333333335031057
Wholesale,Sunflower,OD15,2017-18,5675.3966666666665,5675.4,0.003333333333102928
Wholesale,Sunflower,OD15,2018-19,3881.619166666667,3881.62,0.0008333333330483583
Wholesale,Sunflower,OD15,2019-20,3890.6575,3890.66,0.0025000000000545697
Wholesale,Sunflower,OD15,2020-21,3948.3216666666667,3948.32,0.001666666666551464
Wholesale,Sunflower,OD15,2021-22,4006.8391666666666,4006.84,0.0008333333335031057
Wholesale,Sunflower,OD15,2022-23,4066.2225,4066.22,0.0025000000000545697
Wholesale,Sunflower,OD15,2023-24,4126.486666666667,4126.49,0.003333333333102928
Wholesale,Sunflower,OD15,2024-25,4187.643333333333,4187.64,0.003333333333102928
Wholesale,Sunflower,OD16,2013-14,4032.9991666666665,4033.0,0.0008333333335031057
Wholesale,Sunflower,OD16,2014-15,4200.0,4200.0,0.0
Wholesale,Sunflower,OD16,2015-16,4228.0,4228.0,0.0
Wholesale,Sunflower,OD16,2017-18,6257.534166666667,6257.53,0.004166666667515528
Wholesale,Sunflower,OD16,2018-19,4279.764166666667,4279.76,0.004166666666606034
Wholesale,Sunflower,OD16,2019-20,4289.733333333334,4289.73,0.0033333333340124227
Wholesale,Sunflower,OD16,2020-21,4353.31,4353.31,0.0
Wholesale,Sunflower,OD16,2021-22,4417.828333333334,4417.83,0.0016666666660967167
Wholesale,Sunflower,OD16,2022-23,4483.3025,4483.3,0.0024999999995998223
Wholesale,Sunflower,OD16,2023-24,4549.7491666666665,4549.75,0.0008333333335031057
Wholesale,Sunflower,OD16,2024-25,4617.179166666667,4617.18,0.0008333333335031057
Wholesale,Sunflower,OD17,2013-14,4249.9991666666665,4250.0,0.0008333333335031057
Wholesale,Sunflower,OD17,2014-15,4400.0,4400.0,0.0
Wholesale,Sunflower,OD17,2015-16,4429.9991666666665,4430.0,0.0008333333335031057
Wholesale,Sunflower,OD17,2017-18,6568.739166666666,6568.74,0.0008333333335031057
Wholesale,Sunflower,OD17,2018-19,4492.608333333334,4492.61,0.0016666666660967167
Wholesale,Sunflower,OD17,2019-20,4503.074166666666,4503.07,0.004166666666606034
Wholesale,Sunflower,OD17,2020-21,4569.810833333333,4569.81,0.000833333332593611
Wholesale,Sunflower,OD17,2021-22,4637.538333333333,4637.54,0.0016666666670062114
Wholesale,Sunflower,OD17,2022-23,4706.2725,4706.27,0.0024999999995998223
Wholesale,Sunflower,OD17,2023-24,4776.020833333333,4776.02,0.000833333332593611
Wholesale,Sunflower,OD17,2024-25,4846.805,4846.81,0.005000000000109139
Wholesale,Sunflower,OD18,2013-14,3926.0,3926.0,0.0
Wholesale,Sunflower,OD18,2014-15,4100.0008333333335,4100.0,0.0008333333335031057
Wholesale,Sunflower,OD18,2015-16,4128.0008333333335,4128.0,0.0008333333335031057
Wholesale,Sunflower,OD18,2017-18,6103.2,6103.2,0.0
Wholesale,Sunflower,OD18,2018-19,4174.2091666666665,4174.21,0.0008333333335031057
Wholesale,Sunflower,OD18,2019-20,4183.9325,4183.93,0.0024999999995998223
Wholesale,Sunflower,OD18,2020-21,4245.94,4245.94,0.0
Wholesale,Sunflower,OD18,2021-22,4308.868333333333,4308.87,0.0016666666670062114
Wholesale,Sunflower,OD18,2022-23,4372.7283333333335,4372.73,0.0016666666660967167
Wholesale,Sunflower,OD18,2023-24,4437.536666666667,4437.54,0.003333333333102928
Wholesale,Sunflower,OD18,2024-25,4503.302500000001,4503.3,0.002500000000509317
Wholesale,Sunflower,OD19,2013-14,4400.0008333333335,4400.0,0.0008333333335031057
Wholesale,Sunflower,OD19,2014-15,4532.9991666666665,4533.0,0.0008333333335031057
Wholesale,Sunflower,OD19,2015-16,4563.9991666666665,4564.0,0.0008333333335031057
Wholesale,Sunflower,OD19,2017-18,6778.471666666667,6778.47,0.0016666666670062114
Wholesale,Sunflower,OD19,2018-19,4636.050833333334,4636.05,0.0008333333335031057
Wholesale,Sunflower,OD19,2019-20,4646.8516666666665,4646.85,0.0016666666660967167
Wholesale,Sunflower,OD19,2020-21,4715.721666666667,4715.72,0.0016666666670062114
Wholesale,Sunflower,OD19,2021-22,4785.61,4785.61,0.0
Wholesale,Sunflower,OD19,2022-23,4856.537499999999,4856.54,0.002500000000509317
Wholesale,Sunflower,OD19,2023-24,4928.514166666667,4928.51,0.004166666666606034
Wholesale,Sunflower,OD19,2024-25,5001.5575,5001.56,0.002500000000509317
Wholesale,Sunflower,OD20,2013-14,4100.0,4100.0,0.0
Wholesale,Sunflower,OD20,2014-15,4233.0,4233.0,0.0
Wholesale,Sunflower,OD20,2015-16,4261.999166666667,4262.0,0.000833333332593611
Wholesale,Sunflower,OD20,2017-18,6325.34,6325.34,0.0
Wholesale,Sunflower,OD20,2018-19,4326.139166666667,4326.14,0.0008333333335031057
Wholesale,Sunflower,OD20,2019-20,4336.214166666667,4336.21,0.004166666666606034
Wholesale,Sunflower,OD20,2020-21,4400.4825,4400.48,0.002500000000509317
Wholesale,Sunflower,OD20,2021-22,4465.699166666666,4465.7,0.0008333333335031057
Wholesale,Sunflower,OD20,2022-23,4531.883333333333,4531.88,0.003333333333102928
Wholesale,Sunflower,OD20,2023-24,4599.0475,4599.05,0.002500000000509317
Wholesale,Sunflower,OD20,2024-25,4667.208333333333,4667.21,0.0016666666670062114
Wholesale,Sunflower,OD21,2013-14,4300.0,4300.0,0.0
Wholesale,Sunflower,OD21,2014-15,4360.000833333333,4360.0,0.000833333332593611
Wholesale,Sunflower,OD21,2015-16,4389.0,4389.0,0.0
Wholesale,Sunflower,OD21,2017-18,6554.481666666667,6554.48,0.0016666666670062114
Wholesale,Sunflower,OD21,2018-19,4482.858333333334,4482.86,0.0016666666660967167
Wholesale,Sunflower,OD21,2019-20,4493.298333333333,4493.3,0.0016666666670062114
Wholesale,Sunflower,OD21,2020-21,4559.893333333333,4559.89,0.003333333333102928
Wholesale,Sunflower,OD21,2021-22,4627.474166666667,4627.47,0.004166666666606034
Wholesale,Sunflower,OD21,2022-23,4696.056666666666,4696.06,0.0033333333340124227
Wholesale,Sunflower,OD21,2023-24,4765.655,4765.66,0.005000000000109139
Wholesale,Sunflower,OD21,2024-25,4836.285833333333,4836.29,0.004166666666606034
Wholesale,Sunflower,OD22,2013-14,3971.9991666666665,3972.0,0.0008333333335031057
Wholesale,Sunflower,OD22,2014-15,4070.0008333333335,4070.0,0.0008333333335031057
Wholesale,Sunflower,OD22,2015-16,4098.0,4098.0,0.0
Wholesale,Sunflower,OD22,2017-18,6097.2725,6097.27,0.0024999999995998223
Wholesale,Sunflower,OD22,2018-19,4170.155,4170.15,0.005000000000109139
Wholesale,Sunflower,OD22,2019-20,4179.8675,4179.87,0.0024999999995998223
Wholesale,Sunflower,OD22,2020-21,4241.816666666667,4241.82,0.003333333333102928
Wholesale,Sunflower,OD22,2021-22,4304.683333333333,4304.68,0.003333333333102928
Wholesale,Sunflower,OD22,2022-23,4368.481666666667,4368.48,0.0016666666670062114
Wholesale,Sunflower,OD22,2023-24,4433.224999999999,4433.22,0.004999999999199645
Wholesale,Sunflower,OD22,2024-25,4498.929166666667,4498.93,0.0008333333335031057
Wholesale,Sunflower,OD25,2013-14,3750.0,3750.0,0.0
Wholesale,Sunflower,OD25,2014-15,3861.0,3861.0,0.0
Wholesale,Sunflower,OD25,2015-16,3886.9991666666665,3887.0,0.0008333333335031057
Wholesale,Sunflower,OD25,2017-18,5774.57,5774.57,0.0
Wholesale,Sunflower,OD25,2018-19,3949.445833333333,3949.45,0.004166666666606034
Wholesale,Sunflower,OD25,2019-20,3958.6458333333335,3958.65,0.004166666666606034
Wholesale,Sunflower,OD25,2020-21,4017.3158333333336,4017.32,0.004166666666606034
Wholesale,Sunflower,OD25,2021-22,4076.853333333333,4076.85,0.003333333333102928
Wholesale,Sunflower,OD25,2022-23,4137.276666666667,4137.28,0.003333333333102928
Wholesale,Sunflower,OD25,2023-24,4198.593333333333,4198.59,0.003333333333102928
Wholesale,Sunflower,OD25,2024-25,4260.818333333334,4260.82,0.0016666666660967167
Wholesale,Sunflower,OD26,2013-14,4256.0008333333335,4256.0,0.0008333333335031057
Wholesale,Sunflower,OD26,2014-15,4400.0,4400.0,0.0
Wholesale,Sunflower,OD26,2015-16,4430.0008333333335,4430.0,0.0008333333335031057
Wholesale,Sunflower,OD26,2017-18,6571.840833333333,6571.84,0.000833333332593611
Wholesale,Sunflower,OD26,2018-19,4494.7300000000005,4494.73,9.094947017729282e-13
Wholesale,Sunflower,OD26,2019-20,4505.2,4505.2,0.0
Wholesale,Sunflower,OD26,2020-21,4571.969166666667,4571.97,0.0008333333335031057
Wholesale,Sunflower,OD26,2021-22,4639.7283333333335,4639.73,0.0016666666660967167
Wholesale,Sunflower,OD26,2022-23,4708.493333333333,4708.49,0.003333333333102928
Wholesale,Sunflower,OD26,2023-24,4778.2775,4778.28,0.0024999999995998223
Wholesale,Sunflower,OD26,2024-25,4849.095,4849.09,0.005000000000109139
Wholesale,Sunflower,OD27,2013-14,4027.0,4027.0,0.0
Wholesale,Sunflower,OD27,2014-15,4158.0008333333335,4158.0,0.0008333333335031057
Wholesale,Sunflower,OD27,2015-16,4186.0,4186.0,0.0
Wholesale,Sunflower,OD27,2017-18,4800.0008333333335,4800.0,0.0008333333335031057
Wholesale,Sunflower,OD27,2018-19,4007.6225,4007.62,0.0025000000000545697
Wholesale,Sunflower,OD27,2019-20,5946.475833333334,5946.48,0.004166666665696539
Wholesale,Sunflower,OD27,2020-21,6034.605833333334,6034.61,0.004166666665696539
Wholesale,Sunflower,OD27,2021-22,6124.043333333334,6124.04,0.0033333333340124227
Wholesale,Sunflower,OD27,2022-23,6214.805833333333,6214.81,0.004166666667515528
Wholesale,Sunflower,OD27,2023-24,6306.9141666666665,6306.91,0.004166666666606034
Wholesale,Sunflower,OD27,2024-25,6400.386666666666,6400.39,0.0033333333340124227
Wholesale,Sunflower,OD29,2013-14,4232.9991666666665,4233.0,0.0008333333335031057
Wholesale,Sunflower,OD29,2014-15,4400.0008333333335,4400.0,0.0008333333335031057
Wholesale,Sunflower,OD29,2015-16,4429.999166666667,4430.0,0.000833333332593611
Wholesale,Sunflower,OD29,2017-18,6559.950833333333,6559.95,0.0008333333335031057
Wholesale,Sunflower,OD29,2018-19,4486.599166666667,4486.6,0.0008333333335031057
Wholesale,Sunflower,OD29,2019-20,4497.05,4497.05,0.0
Wholesale,Sunflower,OD29,2020-21,4563.698333333333,4563.7,0.0016666666670062114
Wholesale,Sunflower,OD29,2021-22,4631.3341666666665,4631.34,0.005833333333612245
Wholesale,Sunflower,OD29,2022-23,4699.974999999999,4699.98,0.005000000000109139
Wholesale,Sunflower,OD29,2023-24,4769.632500000001,4769.63,0.002500000000509317
Wholesale,Sunflower,OD29,2024-25,4840.321666666667,4840.32,0.0016666666670062114
Wholesale,Sunflower,OD30,2013-14,4200.0,4200.0,0.0
Wholesale,Sunflower,OD30,2014-15,4399.9991666666665,4400.0,0.0008333333335031057
Wholesale,Sunflower,OD30,2015-16,4430.0008333333335,4430.0,0.0008333333335031057
Wholesale,Sunflower,OD30,2017-18,6499.999166666667,6500.0,0.000833333332593611
Wholesale,Sunflower,OD30,2018-19,4000.0,4000.0,0.0
Wholesale,Sunflower,OD30,2019-20,4059.2825,4059.28,0.0024999999995998223
Wholesale,Sunflower,OD30,2020-21,4119.4425,4119.44,0.002500000000509317
Wholesale,Sunflower,OD30,2021-22,4180.498333333333,4180.5,0.0016666666670062114
Wholesale,Sunflower,OD30,2022-23,4242.454166666666,4242.45,0.004166666666606034
Wholesale,Sunflower,OD30,2023-24,4305.328333333334,4305.33,0.0016666666660967167
Wholesale,Sunflower,OD30,2024-25,4369.139166666667,4369.14,0.0008333333335031057
Wholesale,Til,OD01,2013-14,4251.998333333334,4252.0,0.0016666666660967167
Wholesale,Til,OD01,2014-15,4838.998333333333,4839.0,0.0016666666670062114
Wholesale,Til,OD01,2015-16,5151.0,5151.0,0.0
Wholesale,Til,OD01,2016-17,5292.0008333333335,5292.0,0.0008333333335031057
Wholesale,Til,OD01,2017-18,5735.0,5735.0,0.0
Wholesale,Til,OD01,2018-19,6893.000833333333,6893.0,0.000833333332593611
Wholesale,Til,OD01,2019-20,7582.298333333333,7582.3,0.0016666666670062114
Wholesale,Til,OD01,2020-21,8340.529166666667,8340.53,0.0008333333335031057
Wholesale,Til,OD01,2021-22,9174.583333333334,9174.58,0.0033333333340124227
Wholesale,Til,OD01,2022-23,10092.040833333334,10092.04,0.0008333333335031057
Wholesale,Til,OD01,2023-24,11101.244166666665,11101.25,0.00583333333452174
Wholesale,Til,OD01,2024-25,12211.369166666665,12211.37,0.0008333333353220951
Wholesale,Til,OD02,2013-14,4227.0,4227.0,0.0
Wholesale,Til,OD02,2014-15,4850.0,4850.0,0.0
Wholesale,Til,OD02,2015-16,5320.9991666666665,5321.0,0.0008333333335031057
Wholesale,Til,OD02,2016-17,5437.0008333333335,5437.0,0.0008333333335031057
Wholesale,Til,OD02,2017-18,5502.0,5502.0,0.0
Wholesale,Til,OD02,2018-19,8502.000833333334,8502.0,0.0008333333335031057
Wholesale,Til,OD02,2019-20,9352.199166666667,9352.2,0.0008333333335031057
Wholesale,Til,OD02,2020-21,10287.42,10287.42,0.0
Wholesale,Til,OD02,2021-22,11316.161666666667,11316.16,0.0016666666670062114
Wholesale,Til,OD02,2022-23,12447.776666666667,12447.78,0.0033333333340124227
Wholesale,Til,OD02,2023-24,13692.555,13692.56,0.004999999999199645
Wholesale,Til,OD02,2024-25,15061.8125,15061.81,0.002500000000509317
Wholesale,Til,OD03,2013-14,4049.9991666666665,4050.0,0.0008333333335031057
Wholesale,Til,OD03,2014-15,4875.9991666666665,4876.0,0.0008333333335031057
Wholesale,Til,OD03,2015-16,5461.999166666667,5462.0,0.000833333332593611
Wholesale,Til,OD03,2016-17,5466.999166666667,5467.0,0.000833333332593611
Wholesale,Til,OD03,2017-18,5733.0,5733.0,0.0
Wholesale,Til,OD03,2018-19,8000.001666666667,8000.0,0.0016666666670062114
Wholesale,Til,OD03,2019-20,8800.000833333334,8800.0,0.0008333333335031057
Wholesale,Til,OD03,2020-21,9680.001666666667,9680.0,0.0016666666670062114
Wholesale,Til,OD03,2021-22,10647.999166666666,10648.0,0.0008333333335031057
Wholesale,Til,OD03,2022-23,11712.800000000001,11712.8,1.8189894035458565e-12
Wholesale,Til,OD03,2023-24,12884.079166666668,12884.08,0.0008333333316841163
Wholesale,Til,OD03,2024-25,14172.488333333333,14172.49,0.0016666666670062114
Wholesale,Til,OD04,2013-14,3849.9991666666665,3850.0,0.0008333333335031057
Wholesale,Til,OD04,2014-15,4900.0,4900.0,0.0
Wholesale,Til,OD04,2015-16,5483.0,5483.0,0.0
Wholesale,Til,OD04,2016-17,5500.0,5500.0,0.0
Wholesale,Til,OD04,2017-18,5849.999166666667,5850.0,0.000833333332593611
Wholesale,Til,OD04,2018-19,8141.999166666666,8142.0,0.0008333333344126004
Wholesale,Til,OD04,2019-20,8956.200833333334,8956.2,0.0008333333335031057
Wholesale,Til,OD04,2020-21,9851.820833333333,9851.82,0.0008333333335031057
Wholesale,Til,OD04,2021-22,10837.0025,10837.0,0.002500000000509317
Wholesale,Til,OD04,2022-23,11920.701666666668,11920.7,0.0016666666670062114
Wholesale,Til,OD04,2023-24,13112.7725,13112.77,0.0024999999986903276
Wholesale,Til,OD04,2024-25,14424.050000000001,14424.05,1.8189894035458565e-12
Wholesale,Til,OD05,2013-14,4257.881666666667,4257.88,0.0016666666670062114
Wholesale,Til,OD05,2014-15,4952.488333333334,4952.49,0.0016666666660967167
Wholesale,Til,OD05,2015-16,5319.283333333334,5319.28,0.0033333333340124227
Wholesale,Til,OD05,2016-17,5399.9991666666665,5400.0,0.0008333333335031057
Wholesale,Til,OD05,2017-18,5500.000833333333,5500.0,0.000833333332593611
Wholesale,Til,OD05,2018-19,8400.0,8400.0,0.0
Wholesale,Til,OD05,2019-20,9239.999166666666,9240.0,0.0008333333335031057
Wholesale,Til,OD05,2020-21,10163.998333333333,10164.0,0.0016666666670062114
Wholesale,Til,OD05,2021-22,11180.4,11180.4,0.0
Wholesale,Til,OD05,2022-23,12298.438333333334,12298.44,0.0016666666670062114
Wholesale,Til,OD05,2023-24,13528.285000000002,13528.28,0.005000000001018634
Wholesale,Til,OD05,2024-25,14881.112500000001,14881.11,0.002500000000509317
Wholesale,Til,OD06,2013-14,4667.0,4667.0,0.0
Wholesale,Til,OD06,2014-15,5000.0008333333335,5000.0,0.0008333333335031057
Wholesale,Til,OD06,2015-16,5483.000833333333,5483.0,0.000833333332593611
Wholesale,Til,OD06,2016-17,5484.999166666667,5485.0,0.000833333332593611
Wholesale,Til,OD06,2017-18,5249.9991666666665,5250.0,0.0008333333335031057
Wholesale,Til,OD06,2018-19,8850.000833333334,8850.0,0.0008333333335031057
Wholesale,Til,OD06,2019-20,9734.999166666666,9735.0,0.0008333333335031057
Wholesale,Til,OD06,2020-21,10708.499166666666,10708.5,0.0008333333335031057
Wholesale,Til,OD06,2021-22,11779.349166666667,11779.35,0.0008333333335031057
Wholesale,Til,OD06,2022-23,12957.284166666666,12957.29,0.00583333333452174
Wholesale,Til,OD06,2023-24,14253.011666666667,14253.01,0.0016666666670062114
Wholesale,Til,OD06,2024-25,15678.315,15678.31,0.005000000001018634
Wholesale,Til,OD07,2013-14,4063.0008333333335,4063.0,0.0008333333335031057
Wholesale,Til,OD07,2014-15,4900.0,4900.0,0.0
Wholesale,Til,OD07,2015-16,5374.9991666666665,5375.0,0.0008333333335031057
Wholesale,Til,OD07,2016-17,5400.0,5400.0,0.0
Wholesale,Til,OD07,2017-18,5620.390833333334,5620.39,0.0008333333335031057
Wholesale,Til,OD07,2018-19,8037.737499999999,8037.74,0.002500000000509317
Wholesale,Til,OD07,2019-20,5873.107499999999,5873.11,0.002500000000509317
Wholesale,Til,OD07,2020-21,6460.418333333334,6460.42,0.0016666666660967167
Wholesale,Til,OD07,2021-22,7106.46,7106.46,0.0
Wholesale,Til,OD07,2022-23,7817.105833333334,7817.11,0.004166666665696539
Wholesale,Til,OD07,2023-24,8598.815,8598.82,0.004999999999199645
Wholesale,Til,OD07,2024-25,9458.698333333334,9458.7,0.0016666666670062114
Wholesale,Til,OD08,2013-14,4009.1108333333336,4009.11,0.0008333333335031057
Wholesale,Til,OD08,2014-15,4663.134166666667,4663.13,0.004166666666606034
Wholesale,Til,OD08,2015-16,5008.498333333334,5008.5,0.0016666666660967167
Wholesale,Til,OD08,2016-17,5387.0008333333335,5387.0,0.0008333333335031057
Wholesale,Til,OD08,2017-18,5496.0,5496.0,0.0
Wholesale,Til,OD08,2018-19,6999.999166666667,7000.0,0.000833333332593611
Wholesale,Til,OD08,2019-20,7700.0,7700.0,0.0
Wholesale,Til,OD08,2020-21,8469.999166666666,8470.0,0.0008333333335031057
Wholesale,Til,OD08,2021-22,9316.999166666666,9317.0,0.0008333333335031057
Wholesale,Til,OD08,2022-23,10248.699166666667,10248.7,0.0008333333335031057
Wholesale,Til,OD08,2023-24,11273.570833333333,11273.57,0.0008333333335031057
Wholesale,Til,OD08,2024-25,12400.926666666666,12400.93,0.0033333333340124227
Wholesale,Til,OD09,2013-14,4299.9991666666665,4300.0,0.0008333333335031057
Wholesale,Til,OD09,2014-15,4800.001666666667,4800.0,0.0016666666670062114
Wholesale,Til,OD09,2015-16,5160.0008333333335,5160.0,0.0008333333335031057
Wholesale,Til,OD09,2016-17,5300.0,5300.0,0.0
Wholesale,Til,OD09,2017-18,5419.9991666666665,5420.0,0.0008333333335031057
Wholesale,Til,OD09,2018-19,9000.000833333334,9000.0,0.0008333333335031057
Wholesale,Til,OD09,2019-20,9900.001666666667,9900.0,0.0016666666670062114
Wholesale,Til,OD09,2020-21,10889.999166666666,10890.0,0.0008333333335031057
Wholesale,Til,OD09,2021-22,11978.999166666666,11979.0,0.0008333333335031057
Wholesale,Til,OD09,2022-23,13176.900833333333,13176.9,0.0008333333335031057
Wholesale,Til,OD09,2023-24,14494.590833333334,14494.59,0.0008333333335031057
Wholesale,Til,OD09,2024-25,15944.049166666666,15944.05,0.0008333333335031057
Wholesale,Til,OD10,2013-14,3852.0008333333335,3852.0,0.0008333333335031057
Wholesale,Til,OD10,2014-15,4850.001666666666,4850.0,0.0016666666660967167
Wholesale,Til,OD10,2015-16,4838.0,4838.0,0.0
Wholesale,Til,OD10,2016-17,4999.9991666666665,5000.0,0.0008333333335031057
Wholesale,Til,OD10,2017-18,5383.0,5383.0,0.0
Wholesale,Til,OD10,2018-19,9249.999166666666,9250.0,0.0008333333335031057
Wholesale,Til,OD10,2019-20,10174.999166666666,10175.0,0.0008333333335031057
Wholesale,Til,OD10,2020-21,11192.5,11192.5,0.0
Wholesale,Til,OD10,2021-22,12311.75,12311.75,0.0
Wholesale,Til,OD10,2022-23,13542.924166666666,13542.93,0.00583333333452174
Wholesale,Til,OD10,2023-24,14897.217499999999,14897.22,0.002500000000509317
Wholesale,Til,OD10,2024-25,16386.94,16386.94,0.0
Wholesale,Til,OD11,2013-14,3837.001666666667,3837.0,0.0016666666670062114
Wholesale,Til,OD11,2014-15,4850.0,4850.0,0.0
Wholesale,Til,OD11,2015-16,4838.0008333333335,4838.0,0.0008333333335031057
Wholesale,Til,OD11,2016-17,5066.9991666666665,5067.0,0.0008333333335031057
Wholesale,Til,OD11,2017-18,5466.999166666667,5467.0,0.000833333332593611
Wholesale,Til,OD11,2018-19,9653.999166666666,9654.0,0.0008333333335031057
Wholesale,Til,OD11,2019-20,10619.4,10619.4,0.0
Wholesale,Til,OD11,2020-21,11681.340833333334,11681.34,0.0008333333335031057
Wholesale,Til,OD11,2021-22,12849.474166666667,12849.47,0.004166666667515528
Wholesale,Til,OD11,2022-23,14134.420833333332,14134.42,0.0008333333316841163
Wholesale,Til,OD11,2023-24,15547.863333333333,15547.86,0.0033333333321934333
Wholesale,Til,OD11,2024-25,17102.649999999998,17102.65,3.637978807091713e-12
Wholesale,Til,OD14,2013-14,4497.998333333334,4498.0,0.0016666666660967167
Wholesale,Til,OD14,2014-15,5100.0008333333335,5100.0,0.0008333333335031057
Wholesale,Til,OD14,2015-16,5483.0,5483.0,0.0
Wholesale,Til,OD14,2016-17,5484.999166666667,5485.0,0.000833333332593611
Wholesale,Til,OD14,2017-18,5528.999166666667,5529.0,0.000833333332593611
Wholesale,Til,OD14,2018-19,8000.000833333333,8000.0,0.000833333332593611
Wholesale,Til,OD14,2019-20,8800.000833333334,8800.0,0.0008333333335031057
Wholesale,Til,OD14,2020-21,9680.0,9680.0,0.0
Wholesale,Til,OD14,2021-22,10648.0,10648.0,0.0
Wholesale,Til,OD14,2022-23,11712.800833333333,11712.8,0.0008333333335031057
Wholesale,Til,OD14,2023-24,12884.080833333333,12884.08,0.0008333333335031057
Wholesale,Til,OD14,2024-25,14172.487500000001,14172.49,0.0024999999986903276
Wholesale,Til,OD15,2013-14,4526.9991666666665,4527.0,0.0008333333335031057
Wholesale,Til,OD15,2014-15,5175.0,5175.0,0.0
Wholesale,Til,OD15,2015-16,5429.001666666666,5429.0,0.0016666666660967167
Wholesale,Til,OD15,2016-17,5599.999166666667,5600.0,0.000833333332593611
Wholesale,Til,OD15,2017-18,5750.0,5750.0,0.0
Wholesale,Til,OD15,2018-19,7499.999166666667,7500.0,0.000833333332593611
Wholesale,Til,OD15,2019-20,8250.0,8250.0,0.0
Wholesale,Til,OD15,2020-21,9075.001666666667,9075.0,0.0016666666670062114
Wholesale,Til,OD15,2021-22,9982.498333333333,9982.5,0.0016666666670062114
Wholesale,Til,OD15,2022-23,10980.75,10980.75,0.0
Wholesale,Til,OD15,2023-24,12078.826666666668,12078.83,0.0033333333321934333
Wholesale,Til,OD15,2024-25,13286.708333333334,13286.71,0.001666666665187222
Wholesale,Til,OD16,2013-14,4249.948333333333,4249.95,0.0016666666670062114
Wholesale,Til,OD16,2014-15,5128.0,5128.0,0.0
Wholesale,Til,OD16,2015-16,5374.998333333333,5375.0,0.0016666666670062114
Wholesale,Til,OD16,2016-17,5400.0008333333335,5400.0,0.0008333333335031057
Wholesale,Til,OD16,2017-18,5675.441666666667,5675.44,0.0016666666670062114
Wholesale,Til,OD16,2018-19,7700.0,7700.0,0.0
Wholesale,Til,OD16,2019-20,8470.001666666667,8470.0,0.0016666666670062114
Wholesale,Til,OD16,2020-21,9316.998333333333,9317.0,0.0016666666670062114
Wholesale,Til,OD16,2021-22,10248.699999999999,10248.7,1.8189894035458565e-12
Wholesale,Til,OD16,2022-23,11273.570833333333,11273.57,0.0008333333335031057
Wholesale,Til,OD16,2023-24,12400.9275,12400.93,0.002500000000509317
Wholesale,Til,OD16,2024-25,13641.019166666667,13641.02,0.0008333333335031057
Wholesale,Til,OD17,2013-14,3884.3566666666666,3884.36,0.0033333333335576754
Wholesale,Til,OD17,2014-15,4518.029166666666,4518.03,0.0008333333335031057
Wholesale,Til,OD17,2015-16,4852.6466666666665,4852.65,0.003333333333102928
Wholesale,Til,OD17,2016-17,4927.696666666667,4927.7,0.003333333333102928
Wholesale,Til,OD17,2017-18,5200.0,5200.0,0.0
Wholesale,Til,OD17,2018-19,7400.000833333333,7400.0,0.000833333332593611
Wholesale,Til,OD17,2019-20,8140.0,8140.0,0.0
Wholesale,Til,OD17,2020-21,8954.0,8954.0,0.0
Wholesale,Til,OD17,2021-22,9849.4,9849.4,0.0
Wholesale,Til,OD17,2022-23,10834.34,10834.34,0.0
Wholesale,Til,OD17,2023-24,11917.773333333333,11917.77,0.0033333333321934333
Wholesale,Til,OD17,2024-25,13109.551666666666,13109.55,0.0016666666670062114
Wholesale,Til,OD18,2013-14,4197.751666666667,4197.75,0.0016666666670062114
Wholesale,Til,OD18,2014-15,4882.548333333333,4882.55,0.0016666666670062114
Wholesale,Til,OD18,2015-16,5375.0,5375.0,0.0
Wholesale,Til,OD18,2016-17,5380.0,5380.0,0.0
Wholesale,Til,OD18,2017-18,5419.9991666666665,5420.0,0.0008333333335031057
Wholesale,Til,OD18,2018-19,8000.0,8000.0,0.0
Wholesale,Til,OD18,2019-20,8800.0,8800.0,0.0
Wholesale,Til,OD18,2020-21,9679.999166666666,9680.0,0.0008333333335031057
Wholesale,Til,OD18,2021-22,10648.000833333334,10648.0,0.0008333333335031057
Wholesale,Til,OD18,2022-23,11712.800000000001,11712.8,1.8189894035458565e-12
Wholesale,Til,OD18,2023-24,12884.080833333333,12884.08,0.0008333333335031057
Wholesale,Til,OD18,2024-25,14172.487500000001,14172.49,0.0024999999986903276
Wholesale,Til,OD19,2013-14,4150.0008333333335,4150.0,0.0008333333335031057
Wholesale,Til,OD19,2014-15,4867.0,4867.0,0.0
Wholesale,Til,OD19,2015-16,5374.9991666666665,5375.0,0.0008333333335031057
Wholesale,Til,OD19,2016-17,5399.9991666666665,5400.0,0.0008333333335031057
Wholesale,Til,OD19,2017-18,5550.0,5550.0,0.0
Wholesale,Til,OD19,2018-19,8039.9975,8040.0,0.0024999999995998223
Wholesale,Til,OD19,2019-20,6184.169166666667,6184.17,0.0008333333335031057
Wholesale,Til,OD19,2020-21,6802.586666666666,6802.59,0.0033333333340124227
Wholesale,Til,OD19,2021-22,7482.8425,7482.84,0.0024999999995998223
Wholesale,Til,OD19,2022-23,8231.128333333334,8231.13,0.001666666665187222
Wholesale,Til,OD19,2023-24,9054.2425,9054.24,0.002500000000509317
Wholesale,Til,OD19,2024-25,9959.664999999999,9959.67,0.005000000001018634
Wholesale,Til,OD20,2013-14,4200.0,4200.0,0.0
Wholesale,Til,OD20,2014-15,4800.001666666667,4800.0,0.0016666666670062114
Wholesale,Til,OD20,2015-16,5447.0,5447.0,0.0
Wholesale,Til,OD20,2016-17,5300.0,5300.0,0.0
Wholesale,Til,OD20,2017-18,5420.0008333333335,5420.0,0.0008333333335031057
Wholesale,Til,OD20,2018-19,6900.0,6900.0,0.0
Wholesale,Til,OD20,2019-20,7590.0,7590.0,0.0
Wholesale,Til,OD20,2020-21,8349.0,8349.0,0.0
Wholesale,Til,OD20,2021-22,9183.9,9183.9,0.0
Wholesale,Til,OD20,2022-23,10102.290833333334,10102.29,0.0008333333335031057
Wholesale,Til,OD20,2023-24,11112.518333333333,11112.52,0.0016666666670062114
Wholesale,Til,OD20,2024-25,12223.771666666667,12223.77,0.0016666666670062114
Wholesale,Til,OD21,2013-14,4066.9991666666665,4067.0,0.0008333333335031057
Wholesale,Til,OD21,2014-15,4700.0,4700.0,0.0
Wholesale,Til,OD21,2015-16,4838.0,4838.0,0.0
Wholesale,Til,OD21,2016-17,5000.0,5000.0,0.0
Wholesale,Til,OD21,2017-18,5382.9991666666665,5383.0,0.0008333333335031057
Wholesale,Til,OD21,2018-19,6799.999166666667,6800.0,0.000833333332593611
Wholesale,Til,OD21,2019-20,7479.999166666667,7480.0,0.000833333332593611
Wholesale,Til,OD21,2020-21,8228.001666666667,8228.0,0.0016666666670062114
Wholesale,Til,OD21,2021-22,9050.801666666666,9050.8,0.0016666666670062114
Wholesale,Til,OD21,2022-23,9955.88,9955.88,0.0
Wholesale,Til,OD21,2023-24,10951.468333333332,10951.47,0.0016666666670062114
Wholesale,Til,OD21,2024-25,12046.615,12046.61,0.004999999999199645
Wholesale,Til,OD22,2013-14,4400.0008333333335,4400.0,0.0008333333335031057
Wholesale,Til,OD22,2014-15,4792.000833333333,4792.0,0.000833333332593611
Wholesale,Til,OD22,2015-16,5073.999166666667,5074.0,0.000833333332593611
Wholesale,Til,OD22,2016-17,5013.0,5013.0,0.0
Wholesale,Til,OD22,2017-18,4828.0,4828.0,0.0
Wholesale,Til,OD22,2018-19,8822.999166666666,8823.0,0.0008333333335031057
Wholesale,Til,OD22,2019-20,9705.300000000001,9705.3,1.8189894035458565e-12
Wholesale,Til,OD22,2020-21,10675.829166666666,10675.83,0.0008333333335031057
Wholesale,Til,OD22,2021-22,11743.413333333332,11743.41,0.0033333333321934333
Wholesale,Til,OD22,2022-23,12917.753333333334,12917.75,0.0033333333340124227
Wholesale,Til,OD22,2023-24,14209.529166666667,14209.53,0.0008333333335031057
Wholesale,Til,OD22,2024-25,15630.484166666667,15630.48,0.004166666667515528
Wholesale,Til,OD23,2013-14,5565.005833333334,5565.01,0.004166666666606034
Wholesale,Til,OD23,2014-15,6472.849166666667,6472.85,0.0008333333335031057
Wholesale,Til,OD23,2015-16,6952.2475,6952.25,0.0024999999995998223
Wholesale,Til,OD23,2016-17,7059.768333333333,7059.77,0.0016666666670062114
Wholesale,Til,OD23,2017-18,8499.999166666666,8500.0,0.0008333333335031057
Wholesale,Til,OD23,2018-19,9100.0,9100.0,0.0
Wholesale,Til,OD23,2019-20,10009.999166666666,10010.0,0.0008333333335031057
Wholesale,Til,OD23,2020-21,11010.999166666666,11011.0,0.0008333333335031057
Wholesale,Til,OD23,2021-22,12112.100833333332,12112.1,0.0008333333316841163
Wholesale,Til,OD23,2022-23,13323.310833333335,13323.31,0.0008333333353220951
Wholesale,Til,OD23,2023-24,14655.640833333333,14655.64,0.0008333333335031057
Wholesale,Til,OD23,2024-25,16121.205833333333,16121.21,0.004166666665696539
Wholesale,Til,OD24,2013-14,4157.0008333333335,4157.0,0.0008333333335031057
Wholesale,Til,OD24,2014-15,4875.000833333333,4875.0,0.000833333332593611
Wholesale,Til,OD24,2015-16,5160.0,5160.0,0.0
Wholesale,Til,OD24,2016-17,5232.9991666666665,5233.0,0.0008333333335031057
Wholesale,Til,OD24,2017-18,5321.9991666666665,5322.0,0.0008333333335031057
Wholesale,Til,OD24,2018-19,8799.999166666666,8800.0,0.0008333333335031057
Wholesale,Til,OD24,2019-20,9679.999166666666,9680.0,0.0008333333335031057
Wholesale,Til,OD24,2020-21,10648.0,10648.0,0.0
Wholesale,Til,OD24,2021-22,11712.800833333333,11712.8,0.0008333333335031057
Wholesale,Til,OD24,2022-23,12884.08,12884.08,0.0
Wholesale,Til,OD24,2023-24,14172.488333333333,14172.49,0.0016666666670062114
Wholesale,Til,OD24,2024-25,15589.737500000001,15589.74,0.0024999999986903276
Wholesale,Til,OD25,2013-14,4500.0008333333335,4500.0,0.0008333333335031057
Wholesale,Til,OD25,2014-15,5000.0008333333335,5000.0,0.0008333333335031057
Wholesale,Til,OD25,2015-16,5483.0,5483.0,0.0
Wholesale,Til,OD25,2016-17,5500.0,5500.0,0.0
Wholesale,Til,OD25,2017-18,5856.0,5856.0,0.0
Wholesale,Til,OD25,2018-19,7999.999166666667,8000.0,0.000833333332593611
Wholesale,Til,OD25,2019-20,8799.999166666666,8800.0,0.0008333333335031057
Wholesale,Til,OD25,2020-21,9680.000833333334,9680.0,0.0008333333335031057
Wholesale,Til,OD25,2021-22,10648.0,10648.0,0.0
Wholesale,Til,OD25,2022-23,11712.799166666666,11712.8,0.0008333333335031057
Wholesale,Til,OD25,2023-24,12884.080833333333,12884.08,0.0008333333335031057
Wholesale,Til,OD25,2024-25,14172.488333333333,14172.49,0.0016666666670062114
Wholesale,Til,OD26,2013-14,4200.0008333333335,4200.0,0.0008333333335031057
Wholesale,Til,OD26,2014-15,4866.9991666666665,4867.0,0.0008333333335031057
Wholesale,Til,OD26,2015-16,5160.0,5160.0,0.0
Wholesale,Til,OD26,2016-17,5200.001666666666,5200.0,0.0016666666660967167
Wholesale,Til,OD26,2017-18,5259.998333333333,5260.0,0.0016666666670062114
Wholesale,Til,OD26,2018-19,8200.000833333334,8200.0,0.0008333333335031057
Wholesale,Til,OD26,2019-20,9019.999166666666,9020.0,0.0008333333335031057
Wholesale,Til,OD26,2020-21,9922.000833333334,9922.0,0.0008333333335031057
Wholesale,Til,OD26,2021-22,10914.199166666667,10914.2,0.0008333333335031057
Wholesale,Til,OD26,2022-23,12005.62,12005.62,0.0
Wholesale,Til,OD26,2023-24,13206.181666666665,13206.18,0.001666666665187222
Wholesale,Til,OD26,2024-25,14526.800000000001,14526.8,1.8189894035458565e-12
Wholesale,Til,OD27,2013-14,4220.000833333333,4220.0,0.000833333332593611
Wholesale,Til,OD27,2014-15,4699.9991666666665,4700.0,0.0008333333335031057
Wholesale,Til,OD27,2015-16,5053.0,5053.0,0.0
Wholesale,Til,OD27,2016-17,5156.0008333333335,5156.0,0.0008333333335031057
Wholesale,Til,OD27,2017-18,5550.0,5550.0,0.0
Wholesale,Til,OD27,2018-19,8417.000833333334,8417.0,0.0008333333335031057
Wholesale,Til,OD27,2019-20,9258.699166666667,9258.7,0.0008333333335031057
Wholesale,Til,OD27,2020-21,10184.569166666666,10184.57,0.0008333333335031057
Wholesale,Til,OD27,2021-22,11203.025833333333,11203.03,0.004166666667515528
Wholesale,Til,OD27,2022-23,12323.328333333333,12323.33,0.0016666666670062114
Wholesale,Til,OD27,2023-24,13555.661666666667,13555.66,0.0016666666670062114
Wholesale,Til,OD27,2024-25,14911.228333333333,14911.23,0.0016666666670062114
Wholesale,Til,OD28,2013-14,4111.0025,4111.0,0.0024999999995998223
Wholesale,Til,OD28,2014-15,4850.0008333333335,4850.0,0.0008333333335031057
Wholesale,Til,OD28,2015-16,5088.0,5088.0,0.0
Wholesale,Til,OD28,2016-17,5350.0008333333335,5350.0,0.0008333333335031057
Wholesale,Til,OD28,2017-18,5740.999166666667,5741.0,0.000833333332593611
Wholesale,Til,OD28,2018-19,7500.0,7500.0,0.0
Wholesale,Til,OD28,2019-20,8250.0,8250.0,0.0
Wholesale,Til,OD28,2020-21,9075.000833333334,9075.0,0.0008333333335031057
Wholesale,Til,OD28,2021-22,9982.499166666666,9982.5,0.0008333333335031057
Wholesale,Til,OD28,2022-23,10980.75,10980.75,0.0
Wholesale,Til,OD28,2023-24,12078.824166666667,12078.83,0.00583333333270275
Wholesale,Til,OD28,2024-25,13286.705833333333,13286.71,0.004166666665696539
Wholesale,Til,OD29,2013-14,4600.0,4600.0,0.0
Wholesale,Til,OD29,2014-15,5149.9991666666665,5150.0,0.0008333333335031057
Wholesale,Til,OD29,2015-16,5483.0,5483.0,0.0
Wholesale,Til,OD29,2016-17,5550.001666666667,5550.0,0.0016666666670062114
Wholesale,Til,OD29,2017-18,5620.0,5620.0,0.0
Wholesale,Til,OD29,2018-19,6800.0,6800.0,0.0
Wholesale,Til,OD29,2019-20,7480.0,7480.0,0.0
Wholesale,Til,OD29,2020-21,8227.998333333333,8228.0,0.0016666666670062114
Wholesale,Til,OD29,2021-22,9050.800000000001,9050.8,1.8189894035458565e-12
Wholesale,Til,OD29,2022-23,9955.878333333334,9955.88,0.001666666665187222
Wholesale,Til,OD29,2023-24,10951.468333333332,10951.47,0.0016666666670062114
Wholesale,Til,OD29,2024-25,12046.614166666666,12046.61,0.004166666665696539
Wholesale,Til,OD30,2013-14,3886.0008333333335,3886.0,0.0008333333335031057
Wholesale,Til,OD30,2014-15,4750.0,4750.0,0.0
Wholesale,Til,OD30,2015-16,5285.0,5285.0,0.0
Wholesale,Til,OD30,2016-17,5550.000833333333,5550.0,0.000833333332593611
Wholesale,Til,OD30,2017-18,5899.999166666667,5900.0,0.000833333332593611
Wholesale,Til,OD30,2018-19,7400.000833333333,7400.0,0.000833333332593611
Wholesale,Til,OD30,2019-20,8140.0,8140.0,0.0
Wholesale,Til,OD30,2020-21,8954.000833333334,8954.0,0.0008333333335031057
Wholesale,Til,OD30,2021-22,9849.400833333333,9849.4,0.0008333333335031057
Wholesale,Til,OD30,2022-23,10834.339166666667,10834.34,0.0008333333335031057
Wholesale,Til,OD30,2023-24,11917.7725,11917.77,0.0024999999986903276
Wholesale,Til,OD30,2024-25,13109.5525,13109.55,0.002500000000509317
Wholesale,Wheat,OD01,2013-14,1599.9991666666665,1600.0,0.0008333333335031057
Wholesale,Wheat,OD01,2014-15,1683.0008333333335,1683.0,0.0008333333335031057
Wholesale,Wheat,OD01,2015-16,1689.9991666666665,1690.0,0.0008333333335031057
Wholesale,Wheat,OD01,2016-17,1800.0,1800.0,0.0
Wholesale,Wheat,OD01,2017-18,1900.0,1900.0,0.0
Wholesale,Wheat,OD01,2018-19,1918.5916666666665,1918.59,0.001666666666551464
Wholesale,Wheat,OD01,2019-20,1924.4275,1924.43,0.0025000000000545697
Wholesale,Wheat,OD01,2020-21,1985.9233333333332,1985.92,0.003333333333102928
Wholesale,Wheat,OD01,2021-22,2049.3825,2049.38,0.0025000000000545697
Wholesale,Wheat,OD01,2022-23,2114.87,2114.87,0.0
Wholesale,Wheat,OD01,2023-24,2182.4483333333333,2182.45,0.001666666666551464
Wholesale,Wheat,OD01,2024-25,2252.1883333333335,2252.19,0.001666666666551464
Wholesale,Wheat,OD02,2013-14,1542.0008333333335,1542.0,0.0008333333335031057
Wholesale,Wheat,OD02,2014-15,1599.9991666666667,1600.0,0.000833333333275732
Wholesale,Wheat,OD02,2015-16,1609.0008333333333,1609.0,0.000833333333275732
Wholesale,Wheat,OD02,2016-17,1699.9991666666667,1700.0,0.000833333333275732
Wholesale,Wheat,OD02,2017-18,1730.0,1730.0,0.0
Wholesale,Wheat,OD02,2018-19,1811.2858333333334,1811.29,0.004166666666606034
Wholesale,Wheat,OD02,2019-20,1816.7966666666669,1816.8,0.003333333333102928
Wholesale,Wheat,OD02,2020-21,1874.8525,1874.85,0.0025000000000545697
Wholesale,Wheat,OD02,2021-22,1934.7624999999998,1934.76,0.002499999999827196
Wholesale,Wheat,OD02,2022-23,1996.5874999999999,1996.59,0.0025000000000545697
Wholesale,Wheat,OD02,2023-24,2060.3866666666668,2060.39,0.003333333333102928
Wholesale,Wheat,OD02,2024-25,2126.2258333333334,2126.23,0.004166666666606034
Wholesale,Wheat,OD03,2013-14,1512.0,1512.0,0.0
Wholesale,Wheat,OD03,2014-15,1539.9991666666667,1540.0,0.000833333333275732
Wholesale,Wheat,OD03,2015-16,1545.9991666666665,1546.0,0.0008333333335031057
Wholesale,Wheat,OD03,2016-17,1704.0008333333333,1704.0,0.000833333333275732
Wholesale,Wheat,OD03,2017-18,1785.0,1785.0,0.0
Wholesale,Wheat,OD03,2018-19,2010.0016666666668,2010.0,0.0016666666667788377
Wholesale,Wheat,OD03,2019-20,2074.2291666666665,2074.23,0.0008333333335031057
Wholesale,Wheat,OD03,2020-21,2140.5091666666667,2140.51,0.0008333333335031057
Wholesale,Wheat,OD03,2021-22,2208.9075,2208.91,0.0025000000000545697
Wholesale,Wheat,OD03,2022-23,2279.4933333333333,2279.49,0.0033333333335576754
Wholesale,Wheat,OD03,2023-24,2352.3333333333335,2352.33,0.0033333333335576754
Wholesale,Wheat,OD03,2024-25,2427.5016666666666,2427.5,0.001666666666551464
Wholesale,Wheat,OD04,2013-14,1520.0008333333333,1520.0,0.000833333333275732
Wholesale,Wheat,OD04,2014-15,1550.0,1550.0,0.0
Wholesale,Wheat,OD04,2015-16,1608.9991666666665,1609.0,0.0008333333335031057
Wholesale,Wheat,OD04,2016-17,1813.0008333333333,1813.0,0.000833333333275732
Wholesale,Wheat,OD04,2017-18,1750.0008333333333,1750.0,0.000833333333275732
Wholesale,Wheat,OD04,2018-19,1823.1241666666665,1823.12,0.004166666666606034
Wholesale,Wheat,OD04,2019-20,1828.6725,1828.67,0.002499999999827196
Wholesale,Wheat,OD04,2020-21,1887.1050000000002,1887.11,0.004999999999654392
Wholesale,Wheat,OD04,2021-22,1947.4058333333332,1947.41,0.004166666666833407
Wholesale,Wheat,OD04,2022-23,2009.635,2009.64,0.005000000000109139
Wholesale,Wheat,OD04,2023-24,2073.8525,2073.85,0.0025000000000545697
Wholesale,Wheat,OD04,2024-25,2140.1216666666664,2140.12,0.001666666666551464
Wholesale,Wheat,OD05,2013-14,1510.0,1510.0,0.0
Wholesale,Wheat,OD05,2014-15,1560.0,1560.0,0.0
Wholesale,Wheat,OD05,2015-16,1574.0016666666668,1574.0,0.0016666666667788377
Wholesale,Wheat,OD05,2016-17,1675.0,1675.0,0.0
Wholesale,Wheat,OD05,2017-18,1774.265,1774.26,0.005000000000109139
Wholesale,Wheat,OD05,2018-19,1999.9991666666665,2000.0,0.0008333333335031057
Wholesale,Wheat,OD05,2019-20,2063.909166666667,2063.91,0.0008333333330483583
Wholesale,Wheat,OD05,2020-21,2129.86,2129.86,0.0
Wholesale,Wheat,OD05,2021-22,2197.920833333333,2197.92,0.0008333333330483583
Wholesale,Wheat,OD05,2022-23,2268.153333333333,2268.15,0.003333333333102928
Wholesale,Wheat,OD05,2023-24,2340.630833333333,2340.63,0.0008333333330483583
Wholesale,Wheat,OD05,2024-25,2415.4233333333336,2415.42,0.0033333333335576754
Wholesale,Wheat,OD06,2013-14,1667.0008333333335,1667.0,0.0008333333335031057
Wholesale,Wheat,OD06,2014-15,1670.0,1670.0,0.0
Wholesale,Wheat,OD06,2015-16,1609.0,1609.0,0.0
Wholesale,Wheat,OD06,2016-17,1705.0,1705.0,0.0
Wholesale,Wheat,OD06,2017-18,1795.83,1795.83,0.0
Wholesale,Wheat,OD06,2018-19,1729.9991666666667,1730.0,0.000833333333275732
Wholesale,Wheat,OD06,2019-20,1785.28,1785.28,0.0
Wholesale,Wheat,OD06,2020-21,1842.3283333333331,1842.33,0.0016666666667788377
Wholesale,Wheat,OD06,2021-22,1901.2008333333333,1901.2,0.000833333333275732
Wholesale,Wheat,OD06,2022-23,1961.9541666666667,1961.95,0.004166666666606034
Wholesale,Wheat,OD06,2023-24,2024.6441666666667,2024.65,0.005833333333384871
Wholesale,Wheat,OD06,2024-25,2089.3425,2089.34,0.0025000000000545697
Wholesale,Wheat,OD07,2013-14,1595.0008333333333,1595.0,0.000833333333275732
Wholesale,Wheat,OD07,2014-15,1649.9991666666667,1650.0,0.000833333333275732
Wholesale,Wheat,OD07,2015-16,1609.0008333333333,1609.0,0.000833333333275732
Wholesale,Wheat,OD07,2016-17,1710.0008333333335,1710.0,0.0008333333335031057
Wholesale,Wheat,OD07,2017-18,1799.6966666666667,1799.7,0.0033333333333303017
Wholesale,Wheat,OD07,2018-19,1851.5741666666665,1851.57,0.004166666666606034
Wholesale,Wheat,OD07,2019-20,1779.7283333333332,1779.73,0.0016666666667788377
Wholesale,Wheat,OD07,2020-21,1836.5991666666666,1836.6,0.000833333333275732
Wholesale,Wheat,OD07,2021-22,1895.2849999999999,1895.29,0.005000000000109139
Wholesale,Wheat,OD07,2022-23,1955.8483333333334,1955.85,0.001666666666551464
Wholesale,Wheat,OD07,2023-24,2018.3466666666666,2018.35,0.0033333333333303017
Wholesale,Wheat,OD07,2024-25,2082.8425,2082.84,0.0025000000000545697
Wholesale,Wheat,OD08,2013-14,1559.9991666666665,1560.0,0.0008333333335031057
Wholesale,Wheat,OD08,2014-15,1599.9991666666667,1600.0,0.000833333333275732
Wholesale,Wheat,OD08,2015-16,1584.0,1584.0,0.0
Wholesale,Wheat,OD08,2016-17,1699.9991666666665,1700.0,0.0008333333335031057
Wholesale,Wheat,OD08,2017-18,1766.4075,1766.41,0.0025000000000545697
Wholesale,Wheat,OD08,2018-19,1817.3233333333335,1817.32,0.0033333333335576754
Wholesale,Wheat,OD08,2019-20,1746.8066666666666,1746.81,0.0033333333333303017
Wholesale,Wheat,OD08,2020-21,1802.625,1802.63,0.005000000000109139
Wholesale,Wheat,OD08,2021-22,1860.2283333333335,1860.23,0.001666666666551464
Wholesale,Wheat,OD08,2022-23,1919.6691666666666,1919.67,0.0008333333335031057
Wholesale,Wheat,OD08,2023-24,1981.0108333333335,1981.01,0.0008333333335031057
Wholesale,Wheat,OD08,2024-25,2044.3149999999998,2044.31,0.004999999999881766
Wholesale,Wheat,OD09,2013-14,1600.0,1600.0,0.0
Wholesale,Wheat,OD09,2014-15,1645.0,1645.0,0.0
Wholesale,Wheat,OD09,2015-16,1609.0,1609.0,0.0
Wholesale,Wheat,OD09,2016-17,1715.0008333333333,1715.0,0.000833333333275732
Wholesale,Wheat,OD09,2017-18,1800.0008333333333,1800.0,0.000833333333275732
Wholesale,Wheat,OD09,2018-19,1852.7391666666665,1852.74,0.0008333333335031057
Wholesale,Wheat,OD09,2019-20,1858.3774999999998,1858.38,0.0025000000002819434
Wholesale,Wheat,OD09,2020-21,1917.76,1917.76,0.0
Wholesale,Wheat,OD09,2021-22,1979.0433333333333,1979.04,0.0033333333333303017
Wholesale,Wheat,OD09,2022-23,2042.2816666666668,2042.28,0.0016666666667788377
Wholesale,Wheat,OD09,2023-24,2107.5416666666665,2107.54,0.001666666666551464
Wholesale,Wheat,OD09,2024-25,2174.8866666666668,2174.89,0.003333333333102928
Wholesale,Wheat,OD10,2013-14,1471.345,1471.35,0.004999999999881766
Wholesale,Wheat,OD10,2014-15,1511.4783333333335,1511.48,0.001666666666551464
Wholesale,Wheat,OD10,2015-16,1518.9575000000002,1518.96,0.002499999999827196
Wholesale,Wheat,OD10,2016-17,1620.0,1620.0,0.0
Wholesale,Wheat,OD10,2017-18,1649.9991666666667,1650.0,0.000833333333275732
Wholesale,Wheat,OD10,2018-19,1729.0,1729.0,0.0
Wholesale,Wheat,OD10,2019-20,1784.2491666666667,1784.25,0.000833333333275732
Wholesale,Wheat,OD10,2020-21,1841.2658333333331,1841.26,0.005833333333157498
Wholesale,Wheat,OD10,2021-22,1900.1025,1900.1,0.0025000000000545697
Wholesale,Wheat,OD10,2022-23,1960.82,1960.82,0.0
Wholesale,Wheat,OD10,2023-24,2023.4741666666669,2023.48,0.005833333333157498
Wholesale,Wheat,OD10,2024-25,2088.1358333333333,2088.13,0.005833333333157498
Wholesale,Wheat,OD13,2013-14,1570.0,1570.0,0.0
Wholesale,Wheat,OD13,2014-15,1600.0,1600.0,0.0
Wholesale,Wheat,OD13,2015-16,1609.0,1609.0,0.0
Wholesale,Wheat,OD13,2016-17,1674.9991666666667,1675.0,0.000833333333275732
Wholesale,Wheat,OD13,2017-18,1769.6166666666668,1769.62,0.003333333333102928
Wholesale,Wheat,OD13,2018-19,1820.6241666666665,1820.62,0.004166666666606034
Wholesale,Wheat,OD13,2019-20,1749.9808333333333,1749.98,0.000833333333275732
Wholesale,Wheat,OD13,2020-21,1805.8999999999999,1805.9,2.2737367544323206e-13
Wholesale,Wheat,OD13,2021-22,1863.6049999999998,1863.61,0.005000000000109139
Wholesale,Wheat,OD13,2022-23,1923.155,1923.16,0.005000000000109139
Wholesale,Wheat,OD13,2023-24,1984.6108333333334,1984.61,0.0008333333335031057
Wholesale,Wheat,OD13,2024-25,2048.0275,2048.03,0.0025000000000545697
Wholesale,Wheat,OD14,2013-14,1549.9983333333332,1550.0,0.0016666666667788377
Wholesale,Wheat,OD14,2014-15,1575.0008333333335,1575.0,0.0008333333335031057
Wholesale,Wheat,OD14,2015-16,1608.9991666666667,1609.0,0.000833333333275732
Wholesale,Wheat,OD14,2016-17,1674.9991666666667,1675.0,0.000833333333275732
Wholesale,Wheat,OD14,2017-18,1757.0083333333332,1757.01,0.0016666666667788377
Wholesale,Wheat,OD14,2018-19,1807.6525000000001,1807.65,0.0025000000000545697
Wholesale,Wheat,OD14,2019-20,1737.5116666666665,1737.51,0.001666666666551464
Wholesale,Wheat,OD14,2020-21,1793.0333333333335,1793.03,0.0033333333335576754
Wholesale,Wheat,OD14,2021-22,1850.3283333333331,1850.33,0.0016666666667788377
Wholesale,Wheat,OD14,2022-23,1909.455,1909.45,0.004999999999881766
Wholesale,Wheat,OD14,2023-24,1970.4691666666668,1970.47,0.000833333333275732
Wholesale,Wheat,OD14,2024-25,2033.4358333333332,2033.44,0.004166666666833407
Wholesale,Wheat,OD15,2013-14,1524.9991666666667,1525.0,0.000833333333275732
Wholesale,Wheat,OD15,2014-15,1620.0008333333333,1620.0,0.000833333333275732
Wholesale,Wheat,OD15,2015-16,1629.0,1629.0,0.0
Wholesale,Wheat,OD15,2016-17,1649.9991666666667,1650.0,0.000833333333275732
Wholesale,Wheat,OD15,2017-18,1675.0008333333333,1675.0,0.000833333333275732
Wholesale,Wheat,OD15,2018-19,1609.9991666666665,1610.0,0.0008333333335031057
Wholesale,Wheat,OD15,2019-20,1661.4458333333332,1661.45,0.004166666666833407
Wholesale,Wheat,OD15,2020-21,1714.5383333333332,1714.54,0.0016666666667788377
Wholesale,Wheat,OD15,2021-22,1769.3233333333335,1769.32,0.0033333333335576754
Wholesale,Wheat,OD15,2022-23,1825.8641666666665,1825.86,0.004166666666606034
Wholesale,Wheat,OD15,2023-24,1884.2075000000002,1884.21,0.002499999999827196
Wholesale,Wheat,OD15,2024-25,1944.4174999999998,1944.42,0.0025000000002819434
Wholesale,Wheat,OD16,2013-14,1450.0366666666666,1450.04,0.0033333333333303017
Wholesale,Wheat,OD16,2014-15,1489.5883333333334,1489.59,0.001666666666551464
Wholesale,Wheat,OD16,2015-16,1496.96,1496.96,0.0
Wholesale,Wheat,OD16,2016-17,1580.6441666666667,1580.64,0.004166666666606034
Wholesale,Wheat,OD16,2017-18,1649.4558333333334,1649.46,0.004166666666606034
Wholesale,Wheat,OD16,2018-19,1696.9991666666667,1697.0,0.000833333333275732
Wholesale,Wheat,OD16,2019-20,1751.2275,1751.23,0.0025000000000545697
Wholesale,Wheat,OD16,2020-21,1807.1858333333332,1807.19,0.004166666666833407
Wholesale,Wheat,OD16,2021-22,1864.9341666666667,1864.93,0.004166666666606034
Wholesale,Wheat,OD16,2022-23,1924.5283333333334,1924.53,0.001666666666551464
Wholesale,Wheat,OD16,2023-24,1986.0258333333334,1986.03,0.004166666666606034
Wholesale,Wheat,OD16,2024-25,2049.4883333333332,2049.49,0.001666666666551464
Wholesale,Wheat,OD17,2013-14,1585.0,1585.0,0.0
Wholesale,Wheat,OD17,2014-15,1610.8100000000002,1610.81,2.2737367544323206e-13
Wholesale,Wheat,OD17,2015-16,1629.0,1629.0,0.0
Wholesale,Wheat,OD17,2016-17,1680.0,1680.0,0.0
Wholesale,Wheat,OD17,2017-18,1783.6883333333333,1783.69,0.0016666666667788377
Wholesale,Wheat,OD17,2018-19,1835.1016666666667,1835.1,0.0016666666667788377
Wholesale,Wheat,OD17,2019-20,1763.8949999999998,1763.9,0.005000000000336513
Wholesale,Wheat,OD17,2020-21,1820.26,1820.26,0.0
Wholesale,Wheat,OD17,2021-22,1878.4266666666665,1878.43,0.0033333333335576754
Wholesale,Wheat,OD17,2022-23,1938.45,1938.45,0.0
Wholesale,Wheat,OD17,2023-24,2000.3916666666667,2000.39,0.001666666666551464
Wholesale,Wheat,OD17,2024-25,2064.313333333333,2064.31,0.003333333333102928
Wholesale,Wheat,OD18,2013-14,1509.9991666666667,1510.0,0.000833333333275732
Wholesale,Wheat,OD18,2014-15,1580.0,1580.0,0.0
Wholesale,Wheat,OD18,2015-16,1643.0,1643.0,0.0
Wholesale,Wheat,OD18,2016-17,1810.0016666666668,1810.0,0.0016666666667788377
Wholesale,Wheat,OD18,2017-18,1713.0,1713.0,0.0
Wholesale,Wheat,OD18,2018-19,1617.0,1617.0,0.0
Wholesale,Wheat,OD18,2019-20,1668.6725,1668.67,0.002499999999827196
Wholesale,Wheat,OD18,2020-21,1721.9925,1721.99,0.0025000000000545697
Wholesale,Wheat,OD18,2021-22,1777.0183333333334,1777.02,0.001666666666551464
Wholesale,Wheat,OD18,2022-23,1833.8008333333335,1833.8,0.0008333333335031057
Wholesale,Wheat,OD18,2023-24,1892.4008333333334,1892.4,0.000833333333275732
Wholesale,Wheat,OD18,2024-25,1952.8708333333334,1952.87,0.0008333333335031057
Wholesale,Wheat,OD19,2013-14,1600.0,1600.0,0.0
Wholesale,Wheat,OD19,2014-15,1650.0,1650.0,0.0
Wholesale,Wheat,OD19,2015-16,1659.0,1659.0,0.0
Wholesale,Wheat,OD19,2016-17,1733.0,1733.0,0.0
Wholesale,Wheat,OD19,2017-18,1799.9991666666665,1800.0,0.0008333333335031057
Wholesale,Wheat,OD19,2018-19,1869.0808333333334,1869.08,0.0008333333335031057
Wholesale,Wheat,OD19,2019-20,1874.7666666666667,1874.77,0.0033333333333303017
Wholesale,Wheat,OD19,2020-21,1934.6741666666667,1934.67,0.004166666666606034
Wholesale,Wheat,OD19,2021-22,1996.4966666666667,1996.5,0.0033333333333303017
Wholesale,Wheat,OD19,2022-23,2060.2933333333335,2060.29,0.0033333333335576754
Wholesale,Wheat,OD19,2023-24,2126.1291666666666,2126.13,0.0008333333335031057
Wholesale,Wheat,OD19,2024-25,2194.07,2194.07,0.0
Wholesale,Wheat,OD20,2013-14,1442.0008333333335,1442.0,0.0008333333335031057
Wholesale,Wheat,OD20,2014-15,1508.7233333333334,1508.72,0.0033333333333303017
Wholesale,Wheat,OD20,2015-16,1516.1891666666668,1516.19,0.000833333333275732
Wholesale,Wheat,OD20,2016-17,1600.9458333333332,1600.95,0.004166666666833407
Wholesale,Wheat,OD20,2017-18,1670.6433333333334,1670.64,0.0033333333333303017
Wholesale,Wheat,OD20,2018-19,1750.0016666666668,1750.0,0.0016666666667788377
Wholesale,Wheat,OD20,2019-20,1805.92,1805.92,0.0
Wholesale,Wheat,OD20,2020-21,1863.6274999999998,1863.63,0.0025000000002819434
Wholesale,Wheat,OD20,2021-22,1923.1783333333333,1923.18,0.0016666666667788377
Wholesale,Wheat,OD20,2022-23,1984.6333333333332,1984.63,0.003333333333102928
Wholesale,Wheat,OD20,2023-24,2048.0516666666667,2048.05,0.001666666666551464
Wholesale,Wheat,OD20,2024-25,2113.4966666666664,2113.5,0.0033333333335576754
Wholesale,Wheat,OD21,2013-14,1414.1875,1414.19,0.0025000000000545697
Wholesale,Wheat,OD21,2014-15,1452.76,1452.76,0.0
Wholesale,Wheat,OD21,2015-16,1509.0,1509.0,0.0
Wholesale,Wheat,OD21,2016-17,1546.0,1546.0,0.0
Wholesale,Wheat,OD21,2017-18,1550.0,1550.0,0.0
Wholesale,Wheat,OD21,2018-19,1655.0441666666666,1655.04,0.004166666666606034
Wholesale,Wheat,OD21,2019-20,1660.0808333333334,1660.08,0.0008333333335031057
Wholesale,Wheat,OD21,2020-21,1713.1258333333333,1713.13,0.004166666666833407
Wholesale,Wheat,OD21,2021-22,1767.8691666666666,1767.87,0.000833333333275732
Wholesale,Wheat,OD21,2022-23,1824.3608333333334,1824.36,0.0008333333335031057
Wholesale,Wheat,OD21,2023-24,1882.6575,1882.66,0.0025000000000545697
Wholesale,Wheat,OD21,2024-25,1942.8166666666666,1942.82,0.0033333333333303017
Wholesale,Wheat,OD22,2013-14,1548.0,1548.0,0.0
Wholesale,Wheat,OD22,2014-15,1560.0,1560.0,0.0
Wholesale,Wheat,OD22,2015-16,1629.0,1629.0,0.0
Wholesale,Wheat,OD22,2016-17,1684.9991666666667,1685.0,0.000833333333275732
Wholesale,Wheat,OD22,2017-18,1700.0,1700.0,0.0
Wholesale,Wheat,OD22,2018-19,1893.9991666666667,1894.0,0.000833333333275732
Wholesale,Wheat,OD22,2019-20,1954.5216666666665,1954.52,0.001666666666551464
Wholesale,Wheat,OD22,2020-21,2016.9783333333335,2016.98,0.001666666666551464
Wholesale,Wheat,OD22,2021-22,2081.429166666667,2081.43,0.0008333333330483583
Wholesale,Wheat,OD22,2022-23,2147.9416666666666,2147.94,0.001666666666551464
Wholesale,Wheat,OD22,2023-24,2216.5758333333333,2216.58,0.004166666666606034
Wholesale,Wheat,OD22,2024-25,2287.4083333333333,2287.41,0.001666666666551464
Wholesale,Wheat,OD23,2013-14,1540.0,1540.0,0.0
Wholesale,Wheat,OD23,2014-15,1640.0,1640.0,0.0
Wholesale,Wheat,OD23,2015-16,1710.0008333333335,1710.0,0.0008333333335031057
Wholesale,Wheat,OD23,2016-17,1800.0,1800.0,0.0
Wholesale,Wheat,OD23,2017-18,2400.0,2400.0,0.0
Wholesale,Wheat,OD23,2018-19,2050.0016666666666,2050.0,0.001666666666551464
Wholesale,Wheat,OD23,2019-20,2115.5075,2115.51,0.0025000000000545697
Wholesale,Wheat,OD23,2020-21,2183.1066666666666,2183.11,0.0033333333335576754
Wholesale,Wheat,OD23,2021-22,2252.8675,2252.87,0.0025000000000545697
Wholesale,Wheat,OD23,2022-23,2324.8558333333335,2324.86,0.004166666666606034
Wholesale,Wheat,OD23,2023-24,2399.1466666666665,2399.15,0.0033333333335576754
Wholesale,Wheat,OD23,2024-25,2475.81,2475.81,0.0
Wholesale,Wheat,OD24,2013-14,1592.0,1592.0,0.0
Wholesale,Wheat,OD24,2014-15,1600.0008333333333,1600.0,0.000833333333275732
Wholesale,Wheat,OD24,2015-16,1559.0008333333335,1559.0,0.0008333333335031057
Wholesale,Wheat,OD24,2016-17,1649.9991666666665,1650.0,0.0008333333335031057
Wholesale,Wheat,OD24,2017-18,1800.0008333333335,1800.0,0.0008333333335031057
Wholesale,Wheat,OD24,2018-19,1815.3225,1815.32,0.0025000000000545697
Wholesale,Wheat,OD24,2019-20,1820.8433333333332,1820.84,0.0033333333333303017
Wholesale,Wheat,OD24,2020-21,1879.0291666666665,1879.03,0.0008333333335031057
Wholesale,Wheat,OD24,2021-22,1939.0733333333335,1939.07,0.0033333333335576754
Wholesale,Wheat,OD24,2022-23,2001.0341666666666,2001.03,0.004166666666606034
Wholesale,Wheat,OD24,2023-24,2064.976666666667,2064.98,0.003333333333102928
Wholesale,Wheat,OD24,2024-25,2130.9625,2130.96,0.0025000000000545697
Wholesale,Wheat,OD25,2013-14,1597.0,1597.0,0.0
Wholesale,Wheat,OD25,2014-15,1640.5600000000002,1640.56,2.2737367544323206e-13
Wholesale,Wheat,OD25,2015-16,1648.6783333333333,1648.68,0.0016666666667788377
Wholesale,Wheat,OD25,2016-17,1740.8425,1740.84,0.0025000000000545697
Wholesale,Wheat,OD25,2017-18,1816.6308333333334,1816.63,0.000833333333275732
Wholesale,Wheat,OD25,2018-19,1868.9941666666666,1868.99,0.004166666666606034
Wholesale,Wheat,OD25,2019-20,1648.0316666666668,1648.03,0.0016666666667788377
Wholesale,Wheat,OD25,2020-21,1700.694166666667,1700.69,0.004166666666833407
Wholesale,Wheat,OD25,2021-22,1755.0391666666667,1755.04,0.000833333333275732
Wholesale,Wheat,OD25,2022-23,1811.1208333333334,1811.12,0.0008333333335031057
Wholesale,Wheat,OD25,2023-24,1868.9933333333336,1868.99,0.0033333333335576754
Wholesale,Wheat,OD25,2024-25,1928.7158333333334,1928.72,0.004166666666606034
Wholesale,Wheat,OD26,2013-14,1406.5608333333332,1406.56,0.000833333333275732
Wholesale,Wheat,OD26,2014-15,1444.9275,1444.93,0.0025000000000545697
Wholesale,Wheat,OD26,2015-16,1452.0766666666668,1452.08,0.003333333333102928
Wholesale,Wheat,OD26,2016-17,1533.2508333333333,1533.25,0.000833333333275732
Wholesale,Wheat,OD26,2017-18,1599.9991666666667,1600.0,0.000833333333275732
Wholesale,Wheat,OD26,2018-19,1646.118333333333,1646.12,0.0016666666667788377
Wholesale,Wheat,OD26,2019-20,1651.1274999999998,1651.13,0.0025000000002819434
Wholesale,Wheat,OD26,2020-21,1703.8875,1703.89,0.0025000000000545697
Wholesale,Wheat,OD26,2021-22,1758.3366666666668,1758.34,0.003333333333102928
Wholesale,Wheat,OD26,2022-23,1814.5216666666665,1814.52,0.001666666666551464
Wholesale,Wheat,OD26,2023-24,1872.5033333333333,1872.5,0.0033333333333303017
Wholesale,Wheat,OD26,2024-25,1932.3400000000001,1932.34,2.2737367544323206e-13
Wholesale,Wheat,OD28,2013-14,1599.9975000000002,1600.0,0.002499999999827196
Wholesale,Wheat,OD28,2014-15,1599.9991666666667,1600.0,0.000833333333275732
Wholesale,Wheat,OD28,2015-16,1558.9983333333332,1559.0,0.0016666666667788377
Wholesale,Wheat,OD28,2016-17,1667.0,1667.0,0.0
Wholesale,Wheat,OD28,2017-18,1769.4641666666666,1769.46,0.004166666666606034
Wholesale,Wheat,OD28,2018-19,1850.0,1850.0,0.0
Wholesale,Wheat,OD28,2019-20,1909.1158333333333,1909.12,0.004166666666606034
Wholesale,Wheat,OD28,2020-21,1970.1208333333334,1970.12,0.0008333333335031057
Wholesale,Wheat,OD28,2021-22,2033.0758333333333,2033.08,0.004166666666606034
Wholesale,Wheat,OD28,2022-23,2098.0416666666665,2098.04,0.001666666666551464
Wholesale,Wheat,OD28,2023-24,2165.0825,2165.08,0.0025000000000545697
Wholesale,Wheat,OD28,2024-25,2234.2675,2234.27,0.0025000000000545697
Wholesale,Wheat,OD29,2013-14,1611.9991666666665,1612.0,0.0008333333335031057
Wholesale,Wheat,OD29,2014-15,1620.0,1620.0,0.0
Wholesale,Wheat,OD29,2015-16,1583.9991666666667,1584.0,0.000833333333275732
Wholesale,Wheat,OD29,2016-17,1700.0,1700.0,0.0
Wholesale,Wheat,OD29,2017-18,1786.7325,1786.73,0.0025000000000545697
Wholesale,Wheat,OD29,2018-19,1838.2341666666669,1838.23,0.004166666666833407
Wholesale,Wheat,OD29,2019-20,1766.905,1766.91,0.005000000000109139
Wholesale,Wheat,OD29,2020-21,1823.365,1823.37,0.004999999999881766
Wholesale,Wheat,OD29,2021-22,1881.6325,1881.63,0.002499999999827196
Wholesale,Wheat,OD29,2022-23,1941.7591666666667,1941.76,0.000833333333275732
Wholesale,Wheat,OD29,2023-24,2003.805833333333,2003.81,0.004166666666833407
Wholesale,Wheat,OD29,2024-25,2067.8375,2067.84,0.0025000000000545697
Wholesale,Wheat,OD30,2013-14,1549.9991666666667,1550.0,0.000833333333275732
Wholesale,Wheat,OD30,2014-15,1549.9991666666667,1550.0,0.000833333333275732
Wholesale,Wheat,OD30,2015-16,1710.0,1710.0,0.0
Wholesale,Wheat,OD30,2016-17,1749.9991666666667,1750.0,0.000833333333275732
Wholesale,Wheat,OD30,2017-18,1800.0,1800.0,0.0
Wholesale,Wheat,OD30,2018-19,1999.9983333333332,2000.0,0.0016666666667788377
Wholesale,Wheat,OD30,2019-20,2063.9083333333333,2063.91,0.001666666666551464
Wholesale,Wheat,OD30,2020-21,2129.8608333333336,2129.86,0.0008333333335031057
Wholesale,Wheat,OD30,2021-22,2197.9191666666666,2197.92,0.0008333333335031057
Wholesale,Wheat,OD30,2022-23,2268.1541666666667,2268.15,0.004166666666606034
Wholesale,Wheat,OD30,2023-24,2340.630833333333,2340.63,0.0008333333330483583
Wholesale,Wheat,OD30,2024-25,2415.4241666666667,2415.42,0.004166666666606034
