price_type,commodity,district_id,agri_year,basis,annual_level,months
Farm Harvest,Biri,OD01,2013-14,published,4488.0,3
Farm Harvest,Biri,OD01,2014-15,published,5066.0,3
Farm Harvest,Biri,OD01,2015-16,published,5533.0,3
Farm Harvest,Biri,OD01,2016-17,published,6018.0,3
Farm Harvest,Biri,OD01,2017-18,published,5847.0,3
Farm Harvest,Biri,OD01,2018-19,published,5496.0,3
Farm Harvest,Biri,OD01,2019-20,projected,5788.68,3
Farm Harvest,Biri,OD01,2020-21,projected,6096.94,3
Farm Harvest,Biri,OD01,2021-22,projected,6421.62,3
Farm Harvest,Biri,OD01,2022-23,projected,6763.59,3
Farm Harvest,Biri,OD01,2023-24,projected,7123.77,3
Farm Harvest,Biri,OD01,2024-25,projected,7503.13,3
Farm Harvest,Biri,OD02,2013-14,published,4294.0,3
Farm Harvest,Biri,OD02,2014-15,published,4587.0,3
Farm Harvest,Biri,OD02,2015-16,published,5076.0,3
Farm Harvest,Biri,OD02,2016-17,published,5600.0,3
Farm Harvest,Biri,OD02,2017-18,published,6128.0,3
Farm Harvest,Biri,OD02,2018-19,published,6400.0,3
Farm Harvest,Biri,OD02,2019-20,projected,6740.82,3
Farm Harvest,Biri,OD02,2020-21,projected,7099.79,3
Farm Harvest,Biri,OD02,2021-22,projected,7477.87,3
Farm Harvest,Biri,OD02,2022-23,projected,7876.09,3
Farm Harvest,Biri,OD02,2023-24,projected,8295.51,3
Farm Harvest,Biri,OD02,2024-25,projected,8737.27,3
Farm Harvest,Biri,OD03,2013-14,published,4294.0,3
Farm Harvest,Biri,OD03,2014-15,published,4765.0,3
Farm Harvest,Biri,OD03,2015-16,published,5350.0,3
Farm Harvest,Biri,OD03,2016-17,published,5875.0,3
Farm Harvest,Biri,OD03,2017-18,published,7042.0,3
Farm Harvest,Biri,OD03,2018-19,published,5192.0,3
Farm Harvest,Biri,OD03,2019-20,projected,5468.49,3
Farm Harvest,Biri,OD03,2020-21,projected,5759.7,3
Farm Harvest,Biri,OD03,2021-22,projected,6066.42,3
Farm Harvest,Biri,OD03,2022-23,projected,6389.48,3
Farm Harvest,Biri,OD03,2023-24,projected,6729.73,3
Farm Harvest,Biri,OD03,2024-25,projected,7088.11,3
Farm Harvest,Biri,OD04,2013-14,published,4183.0,3
Farm Harvest,Biri,OD04,2014-15,published,4721.0,3
Farm Harvest,Biri,OD04,2015-16,published,5340.0,3
Farm Harvest,Biri,OD04,2016-17,published,5856.0,3
Farm Harvest,Biri,OD04,2017-18,published,5189.0,3
Farm Harvest,Biri,OD04,2018-19,published,5458.0,3
Farm Harvest,Biri,OD04,2019-20,projected,5748.65,3
Farm Harvest,Biri,OD04,2020-21,projected,6054.79,3
Farm Harvest,Biri,OD04,2021-22,projected,6377.22,3
Farm Harvest,Biri,OD04,2022-23,projected,6716.83,3
Farm Harvest,Biri,OD04,2023-24,projected,7074.52,3
Farm Harvest,Biri,OD04,2024-25,projected,7451.25,3
Farm Harvest,Biri,OD05,2013-14,published,4163.0,3
Farm Harvest,Biri,OD05,2014-15,published,4659.0,3
Farm Harvest,Biri,OD05,2015-16,published,5260.0,3
Farm Harvest,Biri,OD05,2016-17,published,5500.0,3
Farm Harvest,Biri,OD05,2017-18,published,5639.0,3
Farm Harvest,Biri,OD05,2018-19,published,5985.0,3
Farm Harvest,Biri,OD05,2019-20,projected,6303.72,3
Farm Harvest,Biri,OD05,2020-21,projected,6639.41,3
Farm Harvest,Biri,OD05,2021-22,projected,6992.98,3
Farm Harvest,Biri,OD05,2022-23,projected,7365.37,3
Farm Harvest,Biri,OD05,2023-24,projected,7757.6,3
Farm Harvest,Biri,OD05,2024-25,projected,8170.71,3
Farm Harvest,Biri,OD06,2013-14,published,4667.0,3
Farm Harvest,Biri,OD06,2014-15,published,5054.0,3
Farm Harvest,Biri,OD06,2015-16,published,5600.0,3
Farm Harvest,Biri,OD06,2016-17,published,5900.0,3
Farm Harvest,Biri,OD06,2017-18,published,5000.0,3
Farm Harvest,Biri,OD06,2018-19,published,5028.0,3
Farm Harvest,Biri,OD06,2019-20,projected,5295.76,3
Farm Harvest,Biri,OD06,2020-21,projected,5577.77,3
Farm Harvest,Biri,OD06,2021-22,projected,5874.8,3
Farm Harvest,Biri,OD06,2022-23,projected,6187.65,3
Farm Harvest,Biri,OD06,2023-24,projected,6517.16,3
Farm Harvest,Biri,OD06,2024-25,projected,6864.22,3
Farm Harvest,Biri,OD07,2013-14,published,4310.0,3
Farm Harvest,Biri,OD07,2014-15,published,4839.0,3
Farm Harvest,Biri,OD07,2015-16,published,5500.0,3
Farm Harvest,Biri,OD07,2016-17,published,5873.0,3
Farm Harvest,Biri,OD07,2017-18,published,6637.0,3
Farm Harvest,Biri,OD07,2018-19,published,5948.0,3
Farm Harvest,Biri,OD07,2019-20,projected,6264.75,3
Farm Harvest,Biri,OD07,2020-21,projected,6598.36,3
Farm Harvest,Biri,OD07,2021-22,projected,6949.75,3
Farm Harvest,Biri,OD07,2022-23,projected,7319.84,3
Farm Harvest,Biri,OD07,2023-24,projected,7709.64,3
Farm Harvest,Biri,OD07,2024-25,projected,8120.2,3
Farm Harvest,Biri,OD08,2013-14,published,4545.0,3
Farm Harvest,Biri,OD08,2014-15,published,4908.0,3
Farm Harvest,Biri,OD08,2015-16,published,5475.0,3
Farm Harvest,Biri,OD08,2016-17,published,5900.0,3
Farm Harvest,Biri,OD08,2017-18,published,6167.0,3
Farm Harvest,Biri,OD08,2018-19,published,4858.0,3
Farm Harvest,Biri,OD08,2019-20,projected,5116.7,3
Farm Harvest,Biri,OD08,2020-21,projected,5389.18,3
Farm Harvest,Biri,OD08,2021-22,projected,5676.17,3
Farm Harvest,Biri,OD08,2022-23,projected,5978.44,3
Farm Harvest,Biri,OD08,2023-24,projected,6296.81,3
Farm Harvest,Biri,OD08,2024-25,projected,6632.14,3
Farm Harvest,Biri,OD09,2013-14,published,4092.0,3
Farm Harvest,Biri,OD09,2014-15,published,4569.0,3
Farm Harvest,Biri,OD09,2015-16,published,5200.0,3
Farm Harvest,Biri,OD09,2016-17,published,5898.0,3
Farm Harvest,Biri,OD09,2017-18,published,5643.0,3
Farm Harvest,Biri,OD09,2018-19,published,4857.0,3
Farm Harvest,Biri,OD09,2019-20,projected,5115.65,3
Farm Harvest,Biri,OD09,2020-21,projected,5388.07,3
Farm Harvest,Biri,OD09,2021-22,projected,5675.0,3
Farm Harvest,Biri,OD09,2022-23,projected,5977.21,3
Farm Harvest,Biri,OD09,2023-24,projected,6295.52,3
Farm Harvest,Biri,OD09,2024-25,projected,6630.77,3
Farm Harvest,Biri,OD10,2013-14,published,4450.0,3
Farm Harvest,Biri,OD10,2014-15,published,4757.0,3
Farm Harvest,Biri,OD10,2015-16,published,5394.0,3
Farm Harvest,Biri,OD10,2016-17,published,5889.0,3
Farm Harvest,Biri,OD10,2017-18,published,5773.0,3
Farm Harvest,Biri,OD10,2018-19,published,5695.0,3
Farm Harvest,Biri,OD10,2019-20,projected,5998.28,3
Farm Harvest,Biri,OD10,2020-21,projected,6317.7,3
Farm Harvest,Biri,OD10,2021-22,projected,6654.14,3
Farm Harvest,Biri,OD10,2022-23,projected,7008.49,3
Farm Harvest,Biri,OD10,2023-24,projected,7381.71,3
Farm Harvest,Biri,OD10,2024-25,projected,7774.81,3
Farm Harvest,Biri,OD11,2013-14,published,4308.0,3
Farm Harvest,Biri,OD11,2014-15,published,4662.0,3
Farm Harvest,Biri,OD11,2015-16,published,5300.0,3
Farm Harvest,Biri,OD11,2016-17,published,5875.0,3
Farm Harvest,Biri,OD11,2017-18,published,5646.0,3
Farm Harvest,Biri,OD11,2018-19,published,4975.0,3
Farm Harvest,Biri,OD11,2019-20,projected,5239.93,3
Farm Harvest,Biri,OD11,2020-21,projected,5518.97,3
Farm Harvest,Biri,OD11,2021-22,projected,5812.88,3
Farm Harvest,Biri,OD11,2022-23,projected,6122.43,3
Farm Harvest,Biri,OD11,2023-24,projected,6448.46,3
Farm Harvest,Biri,OD11,2024-25,projected,6791.86,3
Farm Harvest,Biri,OD12,2013-14,published,4400.0,3
Farm Harvest,Biri,OD12,2014-15,published,4831.0,3
Farm Harvest,Biri,OD12,2015-16,published,5450.0,3
Farm Harvest,Biri,OD12,2016-17,published,5738.0,3
Farm Harvest,Biri,OD12,2017-18,published,5860.0,3
Farm Harvest,Biri,OD12,2018-19,published,5774.0,3
Farm Harvest,Biri,OD12,2019-20,projected,6081.48,3
Farm Harvest,Biri,OD12,2020-21,projected,6405.34,3
Farm Harvest,Biri,OD12,2021-22,projected,6746.44,3
Farm Harvest,Biri,OD12,2022-23,projected,7105.71,3
Farm Harvest,Biri,OD12,2023-24,projected,7484.11,3
Farm Harvest,Biri,OD12,2024-25,projected,7882.66,3
Farm Harvest,Biri,OD13,2013-14,published,4171.0,3
Farm Harvest,Biri,OD13,2014-15,published,4751.0,3
Farm Harvest,Biri,OD13,2015-16,published,5443.0,3
Farm Harvest,Biri,OD13,2016-17,published,5568.0,3
Farm Harvest,Biri,OD13,2017-18,published,5625.0,3
Farm Harvest,Biri,OD13,2018-19,published,4700.0,3
Farm Harvest,Biri,OD13,2019-20,projected,4950.29,3
Farm Harvest,Biri,OD13,2020-21,projected,5213.91,3
Farm Harvest,Biri,OD13,2021-22,projected,5491.56,3
Farm Harvest,Biri,OD13,2022-23,projected,5784.0,3
Farm Harvest,Biri,OD13,2023-24,projected,6092.02,3
Farm Harvest,Biri,OD13,2024-25,projected,6416.43,3
Farm Harvest,Biri,OD14,2013-14,published,4433.0,3
Farm Harvest,Biri,OD14,2014-15,published,5300.0,3
Farm Harvest,Biri,OD14,2015-16,published,5750.0,3
Farm Harvest,Biri,OD14,2016-17,imputed,6152.77,3
Farm Harvest,Biri,OD14,2017-18,published,6194.0,3
Farm Harvest,Biri,OD14,2018-19,published,5761.0,3
Farm Harvest,Biri,OD14,2019-20,projected,6067.79,3
Farm Harvest,Biri,OD14,2020-21,projected,6390.92,3
Farm Harvest,Biri,OD14,2021-22,projected,6731.25,3
Farm Harvest,Biri,OD14,2022-23,projected,7089.71,3
Farm Harvest,Biri,OD14,2023-24,projected,7467.26,3
Farm Harvest,Biri,OD14,2024-25,projected,7864.91,3
Farm Harvest,Biri,OD15,2013-14,published,4437.0,3
Farm Harvest,Biri,OD15,2014-15,published,5068.0,3
Farm Harvest,Biri,OD15,2015-16,published,5550.0,3
Farm Harvest,Biri,OD15,2016-17,published,5989.0,3
Farm Harvest,Biri,OD15,2017-18,published,6238.0,3
Farm Harvest,Biri,OD15,2018-19,published,6836.0,3
Farm Harvest,Biri,OD15,2019-20,projected,7200.04,3
Farm Harvest,Biri,OD15,2020-21,projected,7583.46,3
Farm Harvest,Biri,OD15,2021-22,projected,7987.3,3
Farm Harvest,Biri,OD15,2022-23,projected,8412.65,3
Farm Harvest,Biri,OD15,2023-24,projected,8860.64,3
Farm Harvest,Biri,OD15,2024-25,projected,9332.5,3
Farm Harvest,Biri,OD16,2013-14,published,4633.0,3
Farm Harvest,Biri,OD16,2014-15,published,5074.0,3
Farm Harvest,Biri,OD16,2015-16,published,5467.0,3
Farm Harvest,Biri,OD16,2016-17,published,6000.0,3
Farm Harvest,Biri,OD16,2017-18,published,6629.0,3
Farm Harvest,Biri,OD16,2018-19,published,6800.0,3
Farm Harvest,Biri,OD16,2019-20,projected,7162.12,3
Farm Harvest,Biri,OD16,2020-21,projected,7543.52,3
Farm Harvest,Biri,OD16,2021-22,projected,7945.24,3
Farm Harvest,Biri,OD16,2022-23,projected,8368.34,3
Farm Harvest,Biri,OD16,2023-24,projected,8813.98,3
Farm Harvest,Biri,OD16,2024-25,projected,9283.35,3
Farm Harvest,Biri,OD17,2013-14,published,3828.0,3
Farm Harvest,Biri,OD17,2014-15,published,4446.0,3
Farm Harvest,Biri,OD17,2015-16,published,5075.0,3
Farm Harvest,Biri,OD17,2016-17,published,5983.0,3
Farm Harvest,Biri,OD17,2017-18,published,6460.0,3
Farm Harvest,Biri,OD17,2018-19,published,5470.0,3
Farm Harvest,Biri,OD17,2019-20,projected,5761.29,3
Farm Harvest,Biri,OD17,2020-21,projected,6068.1,3
Farm Harvest,Biri,OD17,2021-22,projected,6391.24,3
Farm Harvest,Biri,OD17,2022-23,projected,6731.59,3
Farm Harvest,Biri,OD17,2023-24,projected,7090.07,3
Farm Harvest,Biri,OD17,2024-25,projected,7467.64,3
Farm Harvest,Biri,OD18,2013-14,published,4500.0,3
Farm Harvest,Biri,OD18,2014-15,published,5163.0,3
Farm Harvest,Biri,OD18,2015-16,published,5578.0,3
Farm Harvest,Biri,OD18,2016-17,published,5975.0,3
Farm Harvest,Biri,OD18,2017-18,published,5374.0,3
Farm Harvest,Biri,OD18,2018-19,published,5170.0,3
Farm Harvest,Biri,OD18,2019-20,projected,5445.32,3
Farm Harvest,Biri,OD18,2020-21,projected,5735.3,3
Farm Harvest,Biri,OD18,2021-22,projected,6040.72,3
Farm Harvest,Biri,OD18,2022-23,projected,6362.4,3
Farm Harvest,Biri,OD18,2023-24,projected,6701.22,3
Farm Harvest,Biri,OD18,2024-25,projected,7058.08,3
Farm Harvest,Biri,OD19,2013-14,published,4179.0,3
Farm Harvest,Biri,OD19,2014-15,published,4721.0,3
Farm Harvest,Biri,OD19,2015-16,published,5400.0,3
Farm Harvest,Biri,OD19,2016-17,published,5900.0,3
Farm Harvest,Biri,OD19,2017-18,published,5282.0,3
Farm Harvest,Biri,OD19,2018-19,published,4980.0,3
Farm Harvest,Biri,OD19,2019-20,projected,5245.2,3
Farm Harvest,Biri,OD19,2020-21,projected,5524.52,3
Farm Harvest,Biri,OD19,2021-22,projected,5818.72,3
Farm Harvest,Biri,OD19,2022-23,projected,6128.58,3
Farm Harvest,Biri,OD19,2023-24,projected,6454.95,3
Farm Harvest,Biri,OD19,2024-25,projected,6798.69,3
Farm Harvest,Biri,OD20,2013-14,published,4396.0,3
Farm Harvest,Biri,OD20,2014-15,published,5186.0,3
Farm Harvest,Biri,OD20,2015-16,published,5475.0,3
Farm Harvest,Biri,OD20,2016-17,published,5800.0,3
Farm Harvest,Biri,OD20,2017-18,published,5035.0,3
Farm Harvest,Biri,OD20,2018-19,published,5817.0,3
Farm Harvest,Biri,OD20,2019-20,projected,6126.77,3
Farm Harvest,Biri,OD20,2020-21,projected,6453.04,3
Farm Harvest,Biri,OD20,2021-22,projected,6796.68,3
Farm Harvest,Biri,OD20,2022-23,projected,7158.63,3
Farm Harvest,Biri,OD20,2023-24,projected,7539.84,3
Farm Harvest,Biri,OD20,2024-25,projected,7941.36,3
Farm Harvest,Biri,OD21,2013-14,published,4250.0,3
Farm Harvest,Biri,OD21,2014-15,published,4874.0,3
Farm Harvest,Biri,OD21,2015-16,published,5250.0,3
Farm Harvest,Biri,OD21,2016-17,published,5700.0,3
Farm Harvest,Biri,OD21,2017-18,published,5607.0,3
Farm Harvest,Biri,OD21,2018-19,published,6296.0,3
Farm Harvest,Biri,OD21,2019-20,projected,6631.28,3
Farm Harvest,Biri,OD21,2020-21,projected,6984.41,3
Farm Harvest,Biri,OD21,2021-22,projected,7356.35,3
Farm Harvest,Biri,OD21,2022-23,projected,7748.1,3
Farm Harvest,Biri,OD21,2023-24,projected,8160.71,3
Farm Harvest,Biri,OD21,2024-25,projected,8595.29,3
Farm Harvest,Biri,OD22,2013-14,published,4427.0,3
Farm Harvest,Biri,OD22,2014-15,published,5269.0,3
Farm Harvest,Biri,OD22,2015-16,published,5560.0,3
Farm Harvest,Biri,OD22,2016-17,published,5876.0,3
Farm Harvest,Biri,OD22,2017-18,published,5590.0,3
Farm Harvest,Biri,OD22,2018-19,published,4856.0,3
Farm Harvest,Biri,OD22,2019-20,projected,5114.6,3
Farm Harvest,Biri,OD22,2020-21,projected,5386.96,3
Farm Harvest,Biri,OD22,2021-22,projected,5673.83,3
Farm Harvest,Biri,OD22,2022-23,projected,5975.98,3
Farm Harvest,Biri,OD22,2023-24,projected,6294.22,3
Farm Harvest,Biri,OD22,2024-25,projected,6629.41,3
Farm Harvest,Biri,OD23,2013-14,published,4473.0,3
Farm Harvest,Biri,OD23,2014-15,published,5136.0,3
Farm Harvest,Biri,OD23,2015-16,published,5533.0,3
Farm Harvest,Biri,OD23,2016-17,published,5800.0,3
Farm Harvest,Biri,OD23,2017-18,published,5083.0,3
Farm Harvest,Biri,OD23,2018-19,published,5067.0,3
Farm Harvest,Biri,OD23,2019-20,projected,5336.83,3
Farm Harvest,Biri,OD23,2020-21,projected,5621.03,3
Farm Harvest,Biri,OD23,2021-22,projected,5920.37,3
Farm Harvest,Biri,OD23,2022-23,projected,6235.65,3
Farm Harvest,Biri,OD23,2023-24,projected,6567.71,3
Farm Harvest,Biri,OD23,2024-25,projected,6917.46,3
Farm Harvest,Biri,OD24,2013-14,published,3950.0,3
Farm Harvest,Biri,OD24,2014-15,published,4793.0,3
Farm Harvest,Biri,OD24,2015-16,published,5275.0,3
Farm Harvest,Biri,OD24,2016-17,published,5700.0,3
Farm Harvest,Biri,OD24,2017-18,published,5558.0,3
Farm Harvest,Biri,OD24,2018-19,published,5631.0,3
Farm Harvest,Biri,OD24,2019-20,projected,5930.87,3
Farm Harvest,Biri,OD24,2020-21,projected,6246.7,3
Farm Harvest,Biri,OD24,2021-22,projected,6579.36,3
Farm Harvest,Biri,OD24,2022-23,projected,6929.73,3
Farm Harvest,Biri,OD24,2023-24,projected,7298.75,3
Farm Harvest,Biri,OD24,2024-25,projected,7687.43,3
Farm Harvest,Biri,OD25,2013-14,published,4000.0,3
Farm Harvest,Biri,OD25,2014-15,published,4821.0,3
Farm Harvest,Biri,OD25,2015-16,published,5375.0,3
Farm Harvest,Biri,OD25,2016-17,published,5600.0,3
Farm Harvest,Biri,OD25,2017-18,published,5549.0,3
Farm Harvest,Biri,OD25,2018-19,published,5700.0,3
Farm Harvest,Biri,OD25,2019-20,projected,6003.54,3
Farm Harvest,Biri,OD25,2020-21,projected,6323.25,3
Farm Harvest,Biri,OD25,2021-22,projected,6659.98,3
Farm Harvest,Biri,OD25,2022-23,projected,7014.64,3
Farm Harvest,Biri,OD25,2023-24,projected,7388.19,3
Farm Harvest,Biri,OD25,2024-25,projected,7781.63,3
Farm Harvest,Biri,OD26,2013-14,published,3913.0,3
Farm Harvest,Biri,OD26,2014-15,published,4800.0,3
Farm Harvest,Biri,OD26,2015-16,published,5500.0,3
Farm Harvest,Biri,OD26,2016-17,published,5900.0,3
Farm Harvest,Biri,OD26,2017-18,published,5990.0,3
Farm Harvest,Biri,OD26,2018-19,published,5125.0,3
Farm Harvest,Biri,OD26,2019-20,projected,5397.92,3
Farm Harvest,Biri,OD26,2020-21,projected,5685.38,3
Farm Harvest,Biri,OD26,2021-22,projected,5988.14,3
Farm Harvest,Biri,OD26,2022-23,projected,6307.02,3
Farm Harvest,Biri,OD26,2023-24,projected,6642.89,3
Farm Harvest,Biri,OD26,2024-25,projected,6996.64,3
Farm Harvest,Biri,OD27,2013-14,published,4079.0,3
Farm Harvest,Biri,OD27,2014-15,published,4954.0,3
Farm Harvest,Biri,OD27,2015-16,published,5364.0,3
Farm Harvest,Biri,OD27,2016-17,published,5859.0,3
Farm Harvest,Biri,OD27,2017-18,published,5386.0,3
Farm Harvest,Biri,OD27,2018-19,published,5428.0,3
Farm Harvest,Biri,OD27,2019-20,projected,5717.06,3
Farm Harvest,Biri,OD27,2020-21,projected,6021.51,3
Farm Harvest,Biri,OD27,2021-22,projected,6342.17,3
Farm Harvest,Biri,OD27,2022-23,projected,6679.91,3
Farm Harvest,Biri,OD27,2023-24,projected,7035.63,3
Farm Harvest,Biri,OD27,2024-25,projected,7410.3,3
Farm Harvest,Biri,OD28,2013-14,published,4486.0,3
Farm Harvest,Biri,OD28,2014-15,published,5162.0,3
Farm Harvest,Biri,OD28,2015-16,published,5486.0,3
Farm Harvest,Biri,OD28,2016-17,published,5871.0,3
Farm Harvest,Biri,OD28,2017-18,published,5214.0,3
Farm Harvest,Biri,OD28,2018-19,published,5841.0,3
Farm Harvest,Biri,OD28,2019-20,projected,6152.05,3
Farm Harvest,Biri,OD28,2020-21,projected,6479.66,3
Farm Harvest,Biri,OD28,2021-22,projected,6824.72,3
Farm Harvest,Biri,OD28,2022-23,projected,7188.16,3
Farm Harvest,Biri,OD28,2023-24,projected,7570.95,3
Farm Harvest,Biri,OD28,2024-25,projected,7974.13,3
Farm Harvest,Biri,OD29,2013-14,published,4623.0,3
Farm Harvest,Biri,OD29,2014-15,published,5357.0,3
Farm Harvest,Biri,OD29,2015-16,published,5675.0,3
Farm Harvest,Biri,OD29,2016-17,published,6000.0,3
Farm Harvest,Biri,OD29,2017-18,published,6000.0,3
Farm Harvest,Biri,OD29,2018-19,published,5783.0,3
Farm Harvest,Biri,OD29,2019-20,projected,6090.96,3
Farm Harvest,Biri,OD29,2020-21,projected,6415.32,3
Farm Harvest,Biri,OD29,2021-22,projected,6756.96,3
Farm Harvest,Biri,OD29,2022-23,projected,7116.78,3
Farm Harvest,Biri,OD29,2023-24,projected,7495.77,3
Farm Harvest,Biri,OD29,2024-25,projected,7894.94,3
Farm Harvest,Biri,OD30,2013-14,published,4425.0,3
Farm Harvest,Biri,OD30,2014-15,published,5239.0,3
Farm Harvest,Biri,OD30,2015-16,published,5608.0,3
Farm Harvest,Biri,OD30,2016-17,published,6000.0,3
Farm Harvest,Biri,OD30,2017-18,published,6289.0,3
Farm Harvest,Biri,OD30,2018-19,published,6794.0,3
Farm Harvest,Biri,OD30,2019-20,projected,7155.8,3
Farm Harvest,Biri,OD30,2020-21,projected,7536.87,3
Farm Harvest,Biri,OD30,2021-22,projected,7938.23,3
Farm Harvest,Biri,OD30,2022-23,projected,8360.96,3
Farm Harvest,Biri,OD30,2023-24,projected,8806.2,3
Farm Harvest,Biri,OD30,2024-25,projected,9275.16,3
Farm Harvest,Groundnut,OD01,2013-14,published,3214.0,3
Farm Harvest,Groundnut,OD01,2014-15,published,3517.0,3
Farm Harvest,Groundnut,OD01,2015-16,published,4027.0,3
Farm Harvest,Groundnut,OD01,2016-17,published,4143.0,3
Farm Harvest,Groundnut,OD01,2017-18,published,4154.0,3
Farm Harvest,Groundnut,OD01,2018-19,published,4961.0,3
Farm Harvest,Groundnut,OD01,2019-20,projected,5383.53,3
Farm Harvest,Groundnut,OD01,2020-21,projected,5842.04,3
Farm Harvest,Groundnut,OD01,2021-22,projected,6339.6,3
Farm Harvest,Groundnut,OD01,2022-23,projected,6879.55,3
Farm Harvest,Groundnut,OD01,2023-24,projected,7465.48,3
Farm Harvest,Groundnut,OD01,2024-25,projected,8101.31,3
Farm Harvest,Groundnut,OD02,2013-14,published,2529.0,3
Farm Harvest,Groundnut,OD02,2014-15,published,2826.0,3
Farm Harvest,Groundnut,OD02,2015-16,published,3200.0,3
Farm Harvest,Groundnut,OD02,2016-17,published,3245.0,3
Farm Harvest,Groundnut,OD02,2017-18,published,3793.0,3
Farm Harvest,Groundnut,OD02,2018-19,published,4650.0,3
Farm Harvest,Groundnut,OD02,2019-20,projected,5046.04,3
Farm Harvest,Groundnut,OD02,2020-21,projected,5475.81,3
Farm Harvest,Groundnut,OD02,2021-22,projected,5942.18,3
Farm Harvest,Groundnut,OD02,2022-23,projected,6448.28,3
Farm Harvest,Groundnut,OD02,2023-24,projected,6997.47,3
Farm Harvest,Groundnut,OD02,2024-25,projected,7593.45,3
Farm Harvest,Groundnut,OD03,2013-14,published,3500.0,3
Farm Harvest,Groundnut,OD03,2014-15,published,3823.0,3
Farm Harvest,Groundnut,OD03,2015-16,published,4063.0,3
Farm Harvest,Groundnut,OD03,2016-17,published,4471.0,3
Farm Harvest,Groundnut,OD03,2017-18,published,4650.0,3
Farm Harvest,Groundnut,OD03,2018-19,published,5688.0,3
Farm Harvest,Groundnut,OD03,2019-20,projected,6172.45,3
Farm Harvest,Groundnut,OD03,2020-21,projected,6698.15,3
Farm Harvest,Groundnut,OD03,2021-22,projected,7268.63,3
Farm Harvest,Groundnut,OD03,2022-23,projected,7887.7,3
Farm Harvest,Groundnut,OD03,2023-24,projected,8559.49,3
Farm Harvest,Groundnut,OD03,2024-25,projected,9288.5,3
Farm Harvest,Groundnut,OD04,2013-14,published,2554.0,3
Farm Harvest,Groundnut,OD04,2014-15,published,2916.0,3
Farm Harvest,Groundnut,OD04,2015-16,published,3325.0,3
Farm Harvest,Groundnut,OD04,2016-17,published,3700.0,3
Farm Harvest,Groundnut,OD04,2017-18,published,4271.0,3
Farm Harvest,Groundnut,OD04,2018-19,published,3883.0,3
Farm Harvest,Groundnut,OD04,2019-20,projected,4213.71,3
Farm Harvest,Groundnut,OD04,2020-21,projected,4572.59,3
Farm Harvest,Groundnut,OD04,2021-22,projected,4962.04,3
Farm Harvest,Groundnut,OD04,2022-23,projected,5384.66,3
Farm Harvest,Groundnut,OD04,2023-24,projected,5843.27,3
Farm Harvest,Groundnut,OD04,2024-25,projected,6340.94,3
Farm Harvest,Groundnut,OD05,2013-14,imputed,3270.47,3
Farm Harvest,Groundnut,OD05,2014-15,published,3850.0,3
Farm Harvest,Groundnut,OD05,2015-16,published,4100.0,3
Farm Harvest,Groundnut,OD05,2016-17,published,4200.0,3
Farm Harvest,Groundnut,OD05,2017-18,published,4625.0,3
Farm Harvest,Groundnut,OD05,2018-19,published,4425.0,3
Farm Harvest,Groundnut,OD05,2019-20,projected,4801.88,3
Farm Harvest,Groundnut,OD05,2020-21,projected,5210.85,3
Farm Harvest,Groundnut,OD05,2021-22,projected,5654.66,3
Farm Harvest,Groundnut,OD05,2022-23,projected,6136.26,3
Farm Harvest,Groundnut,OD05,2023-24,projected,6658.89,3
Farm Harvest,Groundnut,OD05,2024-25,projected,7226.02,3
Farm Harvest,Groundnut,OD06,2013-14,published,3142.0,3
Farm Harvest,Groundnut,OD06,2014-15,published,3518.0,3
Farm Harvest,Groundnut,OD06,2015-16,published,4000.0,3
Farm Harvest,Groundnut,OD06,2016-17,published,4250.0,3
Farm Harvest,Groundnut,OD06,2017-18,published,3833.0,3
Farm Harvest,Groundnut,OD06,2018-19,published,6524.0,3
Farm Harvest,Groundnut,OD06,2019-20,projected,7079.65,3
Farm Harvest,Groundnut,OD06,2020-21,projected,7682.62,3
Farm Harvest,Groundnut,OD06,2021-22,projected,8336.94,3
Farm Harvest,Groundnut,OD06,2022-23,projected,9047.0,3
Farm Harvest,Groundnut,OD06,2023-24,projected,9817.53,3
Farm Harvest,Groundnut,OD06,2024-25,projected,10653.69,3
Farm Harvest,Groundnut,OD07,2013-14,published,3134.0,3
Farm Harvest,Groundnut,OD07,2014-15,published,3427.0,3
Farm Harvest,Groundnut,OD07,2015-16,published,3900.0,3
Farm Harvest,Groundnut,OD07,2016-17,published,4150.0,3
Farm Harvest,Groundnut,OD07,2017-18,published,4150.0,3
Farm Harvest,Groundnut,OD07,2018-19,published,4500.0,3
Farm Harvest,Groundnut,OD07,2019-20,projected,4883.26,3
Farm Harvest,Groundnut,OD07,2020-21,projected,5299.17,3
Farm Harvest,Groundnut,OD07,2021-22,projected,5750.5,3
Farm Harvest,Groundnut,OD07,2022-23,projected,6240.27,3
Farm Harvest,Groundnut,OD07,2023-24,projected,6771.75,3
Farm Harvest,Groundnut,OD07,2024-25,projected,7348.5,3
Farm Harvest,Groundnut,OD08,2013-14,imputed,3849.74,3
Farm Harvest,Groundnut,OD08,2014-15,imputed,4349.63,3
Farm Harvest,Groundnut,OD08,2015-16,imputed,4820.99,3
Farm Harvest,Groundnut,OD08,2016-17,imputed,5062.25,3
Farm Harvest,Groundnut,OD08,2017-18,published,4525.0,3
Farm Harvest,Groundnut,OD08,2018-19,published,6380.0,3
Farm Harvest,Groundnut,OD08,2019-20,projected,6923.38,3
Farm Harvest,Groundnut,OD08,2020-21,projected,7513.04,3
Farm Harvest,Groundnut,OD08,2021-22,projected,8152.93,3
Farm Harvest,Groundnut,OD08,2022-23,projected,8847.31,3
Farm Harvest,Groundnut,OD08,2023-24,projected,9600.83,3
Farm Harvest,Groundnut,OD08,2024-25,projected,10418.53,3
Farm Harvest,Groundnut,OD09,2013-14,published,3330.0,3
Farm Harvest,Groundnut,OD09,2014-15,published,3506.0,3
Farm Harvest,Groundnut,OD09,2015-16,published,4019.0,3
Farm Harvest,Groundnut,OD09,2016-17,published,3817.0,3
Farm Harvest,Groundnut,OD09,2017-18,published,3636.0,3
Farm Harvest,Groundnut,OD09,2018-19,published,3172.0,3
Farm Harvest,Groundnut,OD09,2019-20,projected,3442.16,3
Farm Harvest,Groundnut,OD09,2020-21,projected,3735.33,3
Farm Harvest,Groundnut,OD09,2021-22,projected,4053.46,3
Farm Harvest,Groundnut,OD09,2022-23,projected,4398.69,3
Farm Harvest,Groundnut,OD09,2023-24,projected,4773.33,3
Farm Harvest,Groundnut,OD09,2024-25,projected,5179.87,3
Farm Harvest,Groundnut,OD10,2013-14,published,2800.0,3
Farm Harvest,Groundnut,OD10,2014-15,published,3100.0,3
Farm Harvest,Groundnut,OD10,2015-16,published,3400.0,3
Farm Harvest,Groundnut,OD10,2016-17,published,3600.0,3
Farm Harvest,Groundnut,OD10,2017-18,published,2989.0,3
Farm Harvest,Groundnut,OD10,2018-19,published,6327.0,3
Farm Harvest,Groundnut,OD10,2019-20,projected,6865.87,3
Farm Harvest,Groundnut,OD10,2020-21,projected,7450.63,3
Farm Harvest,Groundnut,OD10,2021-22,projected,8085.2,3
Farm Harvest,Groundnut,OD10,2022-23,projected,8773.81,3
Farm Harvest,Groundnut,OD10,2023-24,projected,9521.08,3
Farm Harvest,Groundnut,OD10,2024-25,projected,10331.98,3
Farm Harvest,Groundnut,OD11,2013-14,published,2750.0,3
Farm Harvest,Groundnut,OD11,2014-15,published,3000.0,3
Farm Harvest,Groundnut,OD11,2015-16,published,3300.0,3
Farm Harvest,Groundnut,OD11,2016-17,published,3463.0,3
Farm Harvest,Groundnut,OD11,2017-18,published,4170.0,3
Farm Harvest,Groundnut,OD11,2018-19,published,4407.0,3
Farm Harvest,Groundnut,OD11,2019-20,projected,4782.34,3
Farm Harvest,Groundnut,OD11,2020-21,projected,5189.65,3
Farm Harvest,Groundnut,OD11,2021-22,projected,5631.65,3
Farm Harvest,Groundnut,OD11,2022-23,projected,6111.3,3
Farm Harvest,Groundnut,OD11,2023-24,projected,6631.8,3
Farm Harvest,Groundnut,OD11,2024-25,projected,7196.63,3
Farm Harvest,Groundnut,OD12,2013-14,published,3250.0,3
Farm Harvest,Groundnut,OD12,2014-15,published,3318.0,3
Farm Harvest,Groundnut,OD12,2015-16,published,3700.0,3
Farm Harvest,Groundnut,OD12,2016-17,published,4000.0,3
Farm Harvest,Groundnut,OD12,2017-18,published,3747.0,3
Farm Harvest,Groundnut,OD12,2018-19,published,4069.0,3
Farm Harvest,Groundnut,OD12,2019-20,projected,4415.56,3
Farm Harvest,Groundnut,OD12,2020-21,projected,4791.63,3
Farm Harvest,Groundnut,OD12,2021-22,projected,5199.73,3
Farm Harvest,Groundnut,OD12,2022-23,projected,5642.59,3
Farm Harvest,Groundnut,OD12,2023-24,projected,6123.16,3
Farm Harvest,Groundnut,OD12,2024-25,projected,6644.67,3
Farm Harvest,Groundnut,OD13,2013-14,published,2900.0,3
Farm Harvest,Groundnut,OD13,2014-15,published,3000.0,3
Farm Harvest,Groundnut,OD13,2015-16,published,3600.0,3
Farm Harvest,Groundnut,OD13,2016-17,published,3800.0,3
Farm Harvest,Groundnut,OD13,2017-18,published,3611.0,3
Farm Harvest,Groundnut,OD13,2018-19,published,3425.0,3
Farm Harvest,Groundnut,OD13,2019-20,projected,3716.71,3
Farm Harvest,Groundnut,OD13,2020-21,projected,4033.26,3
Farm Harvest,Groundnut,OD13,2021-22,projected,4376.77,3
Farm Harvest,Groundnut,OD13,2022-23,projected,4749.54,3
Farm Harvest,Groundnut,OD13,2023-24,projected,5154.05,3
Farm Harvest,Groundnut,OD13,2024-25,projected,5593.02,3
Farm Harvest,Groundnut,OD14,2013-14,published,3100.0,3
Farm Harvest,Groundnut,OD14,2014-15,published,3120.0,3
Farm Harvest,Groundnut,OD14,2015-16,published,3500.0,3
Farm Harvest,Groundnut,OD14,2016-17,published,3700.0,3
Farm Harvest,Groundnut,OD14,2017-18,published,4178.0,3
Farm Harvest,Groundnut,OD14,2018-19,published,4233.0,3
Farm Harvest,Groundnut,OD14,2019-20,projected,4593.52,3
Farm Harvest,Groundnut,OD14,2020-21,projected,4984.75,3
Farm Harvest,Groundnut,OD14,2021-22,projected,5409.3,3
Farm Harvest,Groundnut,OD14,2022-23,projected,5870.01,3
Farm Harvest,Groundnut,OD14,2023-24,projected,6369.96,3
Farm Harvest,Groundnut,OD14,2024-25,projected,6912.48,3
Farm Harvest,Groundnut,OD15,2013-14,published,2796.0,3
Farm Harvest,Groundnut,OD15,2014-15,published,3150.0,3
Farm Harvest,Groundnut,OD15,2015-16,published,3600.0,3
Farm Harvest,Groundnut,OD15,2016-17,published,3950.0,3
Farm Harvest,Groundnut,OD15,2017-18,published,3957.0,3
Farm Harvest,Groundnut,OD15,2018-19,published,3927.0,3
Farm Harvest,Groundnut,OD15,2019-20,projected,4261.46,3
Farm Harvest,Groundnut,OD15,2020-21,projected,4624.41,3
Farm Harvest,Groundnut,OD15,2021-22,projected,5018.27,3
Farm Harvest,Groundnut,OD15,2022-23,projected,5445.67,3
Farm Harvest,Groundnut,OD15,2023-24,projected,5909.48,3
Farm Harvest,Groundnut,OD15,2024-25,projected,6412.79,3
Farm Harvest,Groundnut,OD16,2013-14,published,3117.0,3
Farm Harvest,Groundnut,OD16,2014-15,published,3546.0,3
Farm Harvest,Groundnut,OD16,2015-16,published,4000.0,3
Farm Harvest,Groundnut,OD16,2016-17,published,4313.0,3
Farm Harvest,Groundnut,OD16,2017-18,published,4480.0,3
Farm Harvest,Groundnut,OD16,2018-19,published,4500.0,3
Farm Harvest,Groundnut,OD16,2019-20,projected,4883.26,3
Farm Harvest,Groundnut,OD16,2020-21,projected,5299.17,3
Farm Harvest,Groundnut,OD16,2021-22,projected,5750.5,3
Farm Harvest,Groundnut,OD16,2022-23,projected,6240.27,3
Farm Harvest,Groundnut,OD16,2023-24,projected,6771.75,3
Farm Harvest,Groundnut,OD16,2024-25,projected,7348.5,3
Farm Harvest,Groundnut,OD17,2013-14,published,3200.0,3
Farm Harvest,Groundnut,OD17,2014-15,published,3565.0,3
Farm Harvest,Groundnut,OD17,2015-16,published,3850.0,3
Farm Harvest,Groundnut,OD17,2016-17,published,4100.0,3
Farm Harvest,Groundnut,OD17,2017-18,published,4000.0,3
Farm Harvest,Groundnut,OD17,2018-19,published,5750.0,3
Farm Harvest,Groundnut,OD17,2019-20,projected,6239.73,3
Farm Harvest,Groundnut,OD17,2020-21,projected,6771.16,3
Farm Harvest,Groundnut,OD17,2021-22,projected,7347.86,3
Farm Harvest,Groundnut,OD17,2022-23,projected,7973.67,3
Farm Harvest,Groundnut,OD17,2023-24,projected,8652.79,3
Farm Harvest,Groundnut,OD17,2024-25,projected,9389.74,3
Farm Harvest,Groundnut,OD18,2013-14,imputed,3348.16,3
Farm Harvest,Groundnut,OD18,2014-15,published,3932.0,3
Farm Harvest,Groundnut,OD18,2015-16,published,4183.0,3
Farm Harvest,Groundnut,OD18,2016-17,published,4350.0,3
Farm Harvest,Groundnut,OD18,2017-18,published,4160.0,3
Farm Harvest,Groundnut,OD18,2018-19,published,5164.0,3
Farm Harvest,Groundnut,OD18,2019-20,projected,5603.82,3
Farm Harvest,Groundnut,OD18,2020-21,projected,6081.09,3
Farm Harvest,Groundnut,OD18,2021-22,projected,6599.02,3
Farm Harvest,Groundnut,OD18,2022-23,projected,7161.05,3
Farm Harvest,Groundnut,OD18,2023-24,projected,7770.96,3
Farm Harvest,Groundnut,OD18,2024-25,projected,8432.81,3
Farm Harvest,Groundnut,OD19,2013-14,published,2833.0,3
Farm Harvest,Groundnut,OD19,2014-15,published,3467.0,3
Farm Harvest,Groundnut,OD19,2015-16,published,3775.0,3
Farm Harvest,Groundnut,OD19,2016-17,published,4100.0,3
Farm Harvest,Groundnut,OD19,2017-18,published,4139.0,3
Farm Harvest,Groundnut,OD19,2018-19,published,4800.0,3
Farm Harvest,Groundnut,OD19,2019-20,projected,5208.81,3
Farm Harvest,Groundnut,OD19,2020-21,projected,5652.45,3
Farm Harvest,Groundnut,OD19,2021-22,projected,6133.86,3
Farm Harvest,Groundnut,OD19,2022-23,projected,6656.28,3
Farm Harvest,Groundnut,OD19,2023-24,projected,7223.2,3
Farm Harvest,Groundnut,OD19,2024-25,projected,7838.4,3
Farm Harvest,Groundnut,OD20,2013-14,published,2776.0,3
Farm Harvest,Groundnut,OD20,2014-15,published,3264.0,3
Farm Harvest,Groundnut,OD20,2015-16,published,3600.0,3
Farm Harvest,Groundnut,OD20,2016-17,published,3571.0,3
Farm Harvest,Groundnut,OD20,2017-18,published,3870.0,3
Farm Harvest,Groundnut,OD20,2018-19,published,3432.0,3
Farm Harvest,Groundnut,OD20,2019-20,projected,3724.3,3
Farm Harvest,Groundnut,OD20,2020-21,projected,4041.5,3
Farm Harvest,Groundnut,OD20,2021-22,projected,4385.71,3
Farm Harvest,Groundnut,OD20,2022-23,projected,4759.24,3
Farm Harvest,Groundnut,OD20,2023-24,projected,5164.59,3
Farm Harvest,Groundnut,OD20,2024-25,projected,5604.45,3
Farm Harvest,Groundnut,OD21,2013-14,published,3389.0,3
Farm Harvest,Groundnut,OD21,2014-15,published,3775.0,3
Farm Harvest,Groundnut,OD21,2015-16,published,4000.0,3
Farm Harvest,Groundnut,OD21,2016-17,published,4000.0,3
Farm Harvest,Groundnut,OD21,2017-18,published,4100.0,3
Farm Harvest,Groundnut,OD21,2018-19,published,5900.0,3
Farm Harvest,Groundnut,OD21,2019-20,projected,6402.5,3
Farm Harvest,Groundnut,OD21,2020-21,projected,6947.8,3
Farm Harvest,Groundnut,OD21,2021-22,projected,7539.54,3
Farm Harvest,Groundnut,OD21,2022-23,projected,8181.68,3
Farm Harvest,Groundnut,OD21,2023-24,projected,8878.51,3
Farm Harvest,Groundnut,OD21,2024-25,projected,9634.69,3
Farm Harvest,Groundnut,OD22,2013-14,published,3000.0,3
Farm Harvest,Groundnut,OD22,2014-15,published,3485.0,3
Farm Harvest,Groundnut,OD22,2015-16,published,3729.0,3
Farm Harvest,Groundnut,OD22,2016-17,published,4208.0,3
Farm Harvest,Groundnut,OD22,2017-18,published,4473.0,3
Farm Harvest,Groundnut,OD22,2018-19,published,4459.0,3
Farm Harvest,Groundnut,OD22,2019-20,projected,4838.77,3
Farm Harvest,Groundnut,OD22,2020-21,projected,5250.89,3
Farm Harvest,Groundnut,OD22,2021-22,projected,5698.1,3
Farm Harvest,Groundnut,OD22,2022-23,projected,6183.41,3
Farm Harvest,Groundnut,OD22,2023-24,projected,6710.05,3
Farm Harvest,Groundnut,OD22,2024-25,projected,7281.54,3
Farm Harvest,Groundnut,OD23,2013-14,published,3500.0,3
Farm Harvest,Groundnut,OD23,2014-15,published,3820.0,3
Farm Harvest,Groundnut,OD23,2015-16,published,4000.0,3
Farm Harvest,Groundnut,OD23,2016-17,published,4086.0,3
Farm Harvest,Groundnut,OD23,2017-18,published,4000.0,3
Farm Harvest,Groundnut,OD23,2018-19,published,3050.0,3
Farm Harvest,Groundnut,OD23,2019-20,projected,3309.77,3
Farm Harvest,Groundnut,OD23,2020-21,projected,3591.66,3
Farm Harvest,Groundnut,OD23,2021-22,projected,3897.56,3
Farm Harvest,Groundnut,OD23,2022-23,projected,4229.51,3
Farm Harvest,Groundnut,OD23,2023-24,projected,4589.74,3
Farm Harvest,Groundnut,OD23,2024-25,projected,4980.65,3
Farm Harvest,Groundnut,OD24,2013-14,published,3000.0,3
Farm Harvest,Groundnut,OD24,2014-15,published,3578.0,3
Farm Harvest,Groundnut,OD24,2015-16,published,3863.0,3
Farm Harvest,Groundnut,OD24,2016-17,published,4191.0,3
Farm Harvest,Groundnut,OD24,2017-18,published,3865.0,3
Farm Harvest,Groundnut,OD24,2018-19,published,4842.0,3
Farm Harvest,Groundnut,OD24,2019-20,projected,5254.39,3
Farm Harvest,Groundnut,OD24,2020-21,projected,5701.91,3
Farm Harvest,Groundnut,OD24,2021-22,projected,6187.54,3
Farm Harvest,Groundnut,OD24,2022-23,projected,6714.53,3
Farm Harvest,Groundnut,OD24,2023-24,projected,7286.4,3
Farm Harvest,Groundnut,OD24,2024-25,projected,7906.98,3
Farm Harvest,Groundnut,OD25,2013-14,published,3477.0,3
Farm Harvest,Groundnut,OD25,2014-15,published,3629.0,3
Farm Harvest,Groundnut,OD25,2015-16,published,4050.0,3
Farm Harvest,Groundnut,OD25,2016-17,published,4160.0,3
Farm Harvest,Groundnut,OD25,2017-18,published,3501.0,3
Farm Harvest,Groundnut,OD25,2018-19,published,3917.0,3
Farm Harvest,Groundnut,OD25,2019-20,projected,4250.61,3
Farm Harvest,Groundnut,OD25,2020-21,projected,4612.63,3
Farm Harvest,Groundnut,OD25,2021-22,projected,5005.49,3
Farm Harvest,Groundnut,OD25,2022-23,projected,5431.81,3
Farm Harvest,Groundnut,OD25,2023-24,projected,5894.43,3
Farm Harvest,Groundnut,OD25,2024-25,projected,6396.46,3
Farm Harvest,Groundnut,OD26,2013-14,published,2800.0,3
Farm Harvest,Groundnut,OD26,2014-15,published,3200.0,3
Farm Harvest,Groundnut,OD26,2015-16,published,3800.0,3
Farm Harvest,Groundnut,OD26,2016-17,published,4000.0,3
Farm Harvest,Groundnut,OD26,2017-18,published,3600.0,3
Farm Harvest,Groundnut,OD26,2018-19,published,4800.0,3
Farm Harvest,Groundnut,OD26,2019-20,projected,5208.81,3
Farm Harvest,Groundnut,OD26,2020-21,projected,5652.45,3
Farm Harvest,Groundnut,OD26,2021-22,projected,6133.86,3
Farm Harvest,Groundnut,OD26,2022-23,projected,6656.28,3
Farm Harvest,Groundnut,OD26,2023-24,projected,7223.2,3
Farm Harvest,Groundnut,OD26,2024-25,projected,7838.4,3
Farm Harvest,Groundnut,OD27,2013-14,published,3450.0,3
Farm Harvest,Groundnut,OD27,2014-15,published,3948.0,3
Farm Harvest,Groundnut,OD27,2015-16,published,4222.0,3
Farm Harvest,Groundnut,OD27,2016-17,published,4345.0,3
Farm Harvest,Groundnut,OD27,2017-18,published,3858.0,3
Farm Harvest,Groundnut,OD27,2018-19,published,4397.0,3
Farm Harvest,Groundnut,OD27,2019-20,projected,4771.49,3
Farm Harvest,Groundnut,OD27,2020-21,projected,5177.88,3
Farm Harvest,Groundnut,OD27,2021-22,projected,5618.88,3
Farm Harvest,Groundnut,OD27,2022-23,projected,6097.43,3
Farm Harvest,Groundnut,OD27,2023-24,projected,6616.75,3
Farm Harvest,Groundnut,OD27,2024-25,projected,7180.3,3
Farm Harvest,Groundnut,OD28,2013-14,published,3111.0,3
Farm Harvest,Groundnut,OD28,2014-15,published,3700.0,3
Farm Harvest,Groundnut,OD28,2015-16,published,4200.0,3
Farm Harvest,Groundnut,OD28,2016-17,published,4285.0,3
Farm Harvest,Groundnut,OD28,2017-18,imputed,4060.91,3
Farm Harvest,Groundnut,OD28,2018-19,published,3802.0,3
Farm Harvest,Groundnut,OD28,2019-20,projected,4125.82,3
Farm Harvest,Groundnut,OD28,2020-21,projected,4477.21,3
Farm Harvest,Groundnut,OD28,2021-22,projected,4858.53,3
Farm Harvest,Groundnut,OD28,2022-23,projected,5272.33,3
Farm Harvest,Groundnut,OD28,2023-24,projected,5721.37,3
Farm Harvest,Groundnut,OD28,2024-25,projected,6208.66,3
Farm Harvest,Groundnut,OD29,2013-14,published,3156.0,3
Farm Harvest,Groundnut,OD29,2014-15,published,3911.0,3
Farm Harvest,Groundnut,OD29,2015-16,published,4175.0,3
Farm Harvest,Groundnut,OD29,2016-17,published,4357.0,3
Farm Harvest,Groundnut,OD29,2017-18,published,4000.0,3
Farm Harvest,Groundnut,OD29,2018-19,published,3228.0,3
Farm Harvest,Groundnut,OD29,2019-20,projected,3502.93,3
Farm Harvest,Groundnut,OD29,2020-21,projected,3801.27,3
Farm Harvest,Groundnut,OD29,2021-22,projected,4125.02,3
Farm Harvest,Groundnut,OD29,2022-23,projected,4476.35,3
Farm Harvest,Groundnut,OD29,2023-24,projected,4857.6,3
Farm Harvest,Groundnut,OD29,2024-25,projected,5271.32,3
Farm Harvest,Groundnut,OD30,2013-14,published,3000.0,3
Farm Harvest,Groundnut,OD30,2014-15,published,3600.0,3
Farm Harvest,Groundnut,OD30,2015-16,published,4200.0,3
Farm Harvest,Groundnut,OD30,2016-17,published,4400.0,3
Farm Harvest,Groundnut,OD30,2017-18,published,3990.0,3
Farm Harvest,Groundnut,OD30,2018-19,published,5846.0,3
Farm Harvest,Groundnut,OD30,2019-20,projected,6343.9,3
Farm Harvest,Groundnut,OD30,2020-21,projected,6884.21,3
Farm Harvest,Groundnut,OD30,2021-22,projected,7470.54,3
Farm Harvest,Groundnut,OD30,2022-23,projected,8106.8,3
Farm Harvest,Groundnut,OD30,2023-24,projected,8797.25,3
Farm Harvest,Groundnut,OD30,2024-25,projected,9546.51,3
Farm Harvest,Jute,OD03,2013-14,published,2800.0,3
Farm Harvest,Jute,OD03,2014-15,published,2850.0,3
Farm Harvest,Jute,OD03,2015-16,published,2900.0,3
Farm Harvest,Jute,OD03,2016-17,published,3300.0,3
Farm Harvest,Jute,OD03,2017-18,imputed,3059.08,3
Farm Harvest,Jute,OD03,2018-19,published,3800.0,3
Farm Harvest,Jute,OD03,2019-20,projected,4055.7,3
Farm Harvest,Jute,OD03,2020-21,projected,4328.61,3
Farm Harvest,Jute,OD03,2021-22,projected,4619.89,3
Farm Harvest,Jute,OD03,2022-23,projected,4930.76,3
Farm Harvest,Jute,OD03,2023-24,projected,5262.56,3
Farm Harvest,Jute,OD03,2024-25,projected,5616.68,3
Farm Harvest,Jute,OD04,2013-14,imputed,2276.51,3
Farm Harvest,Jute,OD04,2014-15,imputed,2312.77,3
Farm Harvest,Jute,OD04,2015-16,imputed,2347.96,3
Farm Harvest,Jute,OD04,2016-17,imputed,2714.95,3
Farm Harvest,Jute,OD04,2017-18,published,2500.0,3
Farm Harvest,Jute,OD04,2018-19,imputed,3152.7,3
Farm Harvest,Jute,OD04,2019-20,projected,2668.23,3
Farm Harvest,Jute,OD04,2020-21,projected,2847.77,3
Farm Harvest,Jute,OD04,2021-22,projected,3039.4,3
Farm Harvest,Jute,OD04,2022-23,projected,3243.92,3
Farm Harvest,Jute,OD04,2023-24,projected,3462.21,3
Farm Harvest,Jute,OD04,2024-25,projected,3695.18,3
Farm Harvest,Jute,OD05,2013-14,published,2850.0,3
Farm Harvest,Jute,OD05,2014-15,published,2933.0,3
Farm Harvest,Jute,OD05,2015-16,published,2967.0,3
Farm Harvest,Jute,OD05,2016-17,published,3350.0,3
Farm Harvest,Jute,OD05,2017-18,published,2000.0,3
Farm Harvest,Jute,OD05,2018-19,published,3975.0,3
Farm Harvest,Jute,OD05,2019-20,projected,4242.48,3
Farm Harvest,Jute,OD05,2020-21,projected,4527.96,3
Farm Harvest,Jute,OD05,2021-22,projected,4832.65,3
Farm Harvest,Jute,OD05,2022-23,projected,5157.84,3
Farm Harvest,Jute,OD05,2023-24,projected,5504.91,3
Farm Harvest,Jute,OD05,2024-25,projected,5875.34,3
Farm Harvest,Jute,OD07,2013-14,published,2800.0,3
Farm Harvest,Jute,OD07,2014-15,published,2900.0,3
Farm Harvest,Jute,OD07,2015-16,published,2985.0,3
Farm Harvest,Jute,OD07,2016-17,published,3500.0,3
Farm Harvest,Jute,OD07,2017-18,published,2550.0,3
Farm Harvest,Jute,OD07,2018-19,published,3900.0,3
Farm Harvest,Jute,OD07,2019-20,projected,4162.43,3
Farm Harvest,Jute,OD07,2020-21,projected,4442.52,3
Farm Harvest,Jute,OD07,2021-22,projected,4741.46,3
Farm Harvest,Jute,OD07,2022-23,projected,5060.52,3
Farm Harvest,Jute,OD07,2023-24,projected,5401.04,3
Farm Harvest,Jute,OD07,2024-25,projected,5764.48,3
Farm Harvest,Jute,OD09,2013-14,published,2875.0,3
Farm Harvest,Jute,OD09,2014-15,imputed,2920.8,3
Farm Harvest,Jute,OD09,2015-16,imputed,2965.23,3
Farm Harvest,Jute,OD09,2016-17,imputed,3428.7,3
Farm Harvest,Jute,OD09,2017-18,imputed,3157.24,3
Farm Harvest,Jute,OD09,2018-19,imputed,3981.54,3
Farm Harvest,Jute,OD09,2019-20,projected,3068.46,3
Farm Harvest,Jute,OD09,2020-21,projected,3274.94,3
Farm Harvest,Jute,OD09,2021-22,projected,3495.31,3
Farm Harvest,Jute,OD09,2022-23,projected,3730.51,3
Farm Harvest,Jute,OD09,2023-24,projected,3981.54,3
Farm Harvest,Jute,OD09,2024-25,projected,4249.46,3
Farm Harvest,Jute,OD12,2013-14,published,2850.0,3
Farm Harvest,Jute,OD12,2014-15,published,3000.0,3
Farm Harvest,Jute,OD12,2015-16,published,3000.0,3
Farm Harvest,Jute,OD12,2016-17,published,3267.0,3
Farm Harvest,Jute,OD12,2017-18,imputed,3143.81,3
Farm Harvest,Jute,OD12,2018-19,imputed,3964.61,3
Farm Harvest,Jute,OD12,2019-20,projected,3643.86,3
Farm Harvest,Jute,OD12,2020-21,projected,3889.05,3
Farm Harvest,Jute,OD12,2021-22,projected,4150.75,3
Farm Harvest,Jute,OD12,2022-23,projected,4430.06,3
Farm Harvest,Jute,OD12,2023-24,projected,4728.16,3
Farm Harvest,Jute,OD12,2024-25,projected,5046.32,3
Farm Harvest,Jute,OD13,2013-14,published,2857.0,3
Farm Harvest,Jute,OD13,2014-15,published,2950.0,3
Farm Harvest,Jute,OD13,2015-16,published,2975.0,3
Farm Harvest,Jute,OD13,2016-17,published,3200.0,3
Farm Harvest,Jute,OD13,2017-18,published,2500.0,3
Farm Harvest,Jute,OD13,2018-19,published,3900.0,3
Farm Harvest,Jute,OD13,2019-20,projected,4162.43,3
Farm Harvest,Jute,OD13,2020-21,projected,4442.52,3
Farm Harvest,Jute,OD13,2021-22,projected,4741.46,3
Farm Harvest,Jute,OD13,2022-23,projected,5060.52,3
Farm Harvest,Jute,OD13,2023-24,projected,5401.04,3
Farm Harvest,Jute,OD13,2024-25,projected,5764.48,3
Farm Harvest,Jute,OD15,2013-14,published,3000.0,3
Farm Harvest,Jute,OD15,2014-15,imputed,3047.79,3
Farm Harvest,Jute,OD15,2015-16,imputed,3094.15,3
Farm Harvest,Jute,OD15,2016-17,imputed,3577.78,3
Farm Harvest,Jute,OD15,2017-18,imputed,3294.51,3
Farm Harvest,Jute,OD15,2018-19,imputed,4154.65,3
Farm Harvest,Jute,OD15,2019-20,projected,3201.87,3
Farm Harvest,Jute,OD15,2020-21,projected,3417.33,3
Farm Harvest,Jute,OD15,2021-22,projected,3647.28,3
Farm Harvest,Jute,OD15,2022-23,projected,3892.71,3
Farm Harvest,Jute,OD15,2023-24,projected,4154.65,3
Farm Harvest,Jute,OD15,2024-25,projected,4434.22,3
Farm Harvest,Jute,OD17,2013-14,published,2700.0,3
Farm Harvest,Jute,OD17,2014-15,published,2786.43,3
Farm Harvest,Jute,OD17,2015-16,published,2800.0,3
Farm Harvest,Jute,OD17,2016-17,published,2900.0,3
Farm Harvest,Jute,OD17,2017-18,published,3700.0,3
Farm Harvest,Jute,OD17,2018-19,published,3800.0,3
Farm Harvest,Jute,OD17,2019-20,projected,4055.7,3
Farm Harvest,Jute,OD17,2020-21,projected,4328.61,3
Farm Harvest,Jute,OD17,2021-22,projected,4619.89,3
Farm Harvest,Jute,OD17,2022-23,projected,4930.76,3
Farm Harvest,Jute,OD17,2023-24,projected,5262.56,3
Farm Harvest,Jute,OD17,2024-25,projected,5616.68,3
Farm Harvest,Jute,OD18,2013-14,published,2700.0,3
Farm Harvest,Jute,OD18,2014-15,published,2800.0,3
Farm Harvest,Jute,OD18,2015-16,published,2900.0,3
Farm Harvest,Jute,OD18,2016-17,published,3000.0,3
Farm Harvest,Jute,OD18,2017-18,published,3728.57,3
Farm Harvest,Jute,OD18,2018-19,published,4250.0,3
Farm Harvest,Jute,OD18,2019-20,projected,4535.98,3
Farm Harvest,Jute,OD18,2020-21,projected,4841.21,3
Farm Harvest,Jute,OD18,2021-22,projected,5166.98,3
Farm Harvest,Jute,OD18,2022-23,projected,5514.67,3
Farm Harvest,Jute,OD18,2023-24,projected,5885.75,3
Farm Harvest,Jute,OD18,2024-25,projected,6281.81,3
Farm Harvest,Jute,OD21,2013-14,published,3000.0,3
Farm Harvest,Jute,OD21,2014-15,imputed,3047.79,3
Farm Harvest,Jute,OD21,2015-16,imputed,3094.15,3
Farm Harvest,Jute,OD21,2016-17,imputed,3577.78,3
Farm Harvest,Jute,OD21,2017-18,imputed,3294.51,3
Farm Harvest,Jute,OD21,2018-19,imputed,4154.65,3
Farm Harvest,Jute,OD21,2019-20,projected,3201.87,3
Farm Harvest,Jute,OD21,2020-21,projected,3417.33,3
Farm Harvest,Jute,OD21,2021-22,projected,3647.28,3
Farm Harvest,Jute,OD21,2022-23,projected,3892.71,3
Farm Harvest,Jute,OD21,2023-24,projected,4154.65,3
Farm Harvest,Jute,OD21,2024-25,projected,4434.22,3
Farm Harvest,Jute,OD22,2013-14,imputed,3354.04,3
Farm Harvest,Jute,OD22,2014-15,imputed,3407.47,3
Farm Harvest,Jute,OD22,2015-16,imputed,3459.3,3
Farm Harvest,Jute,OD22,2016-17,published,4000.0,3
Farm Harvest,Jute,OD22,2017-18,imputed,3683.31,3
Farm Harvest,Jute,OD22,2018-19,imputed,4644.95,3
Farm Harvest,Jute,OD22,2019-20,projected,4269.16,3
Farm Harvest,Jute,OD22,2020-21,projected,4556.44,3
Farm Harvest,Jute,OD22,2021-22,projected,4863.04,3
Farm Harvest,Jute,OD22,2022-23,projected,5190.28,3
Farm Harvest,Jute,OD22,2023-24,projected,5539.53,3
Farm Harvest,Jute,OD22,2024-25,projected,5912.29,3
Farm Harvest,Jute,OD24,2013-14,imputed,3498.23,3
Farm Harvest,Jute,OD24,2014-15,imputed,3553.95,3
Farm Harvest,Jute,OD24,2015-16,imputed,3608.01,3
Farm Harvest,Jute,OD24,2016-17,published,4000.0,3
Farm Harvest,Jute,OD24,2017-18,published,4000.0,3
Farm Harvest,Jute,OD24,2018-19,imputed,4844.64,3
Farm Harvest,Jute,OD24,2019-20,projected,4100.16,3
Farm Harvest,Jute,OD24,2020-21,projected,4376.06,3
Farm Harvest,Jute,OD24,2021-22,projected,4670.53,3
Farm Harvest,Jute,OD24,2022-23,projected,4984.81,3
Farm Harvest,Jute,OD24,2023-24,projected,5320.24,3
Farm Harvest,Jute,OD24,2024-25,projected,5678.25,3
Farm Harvest,Jute,OD27,2013-14,imputed,3642.42,3
Farm Harvest,Jute,OD27,2014-15,imputed,3700.44,3
Farm Harvest,Jute,OD27,2015-16,imputed,3756.73,3
Farm Harvest,Jute,OD27,2016-17,imputed,4343.92,3
Farm Harvest,Jute,OD27,2017-18,published,4000.0,3
Farm Harvest,Jute,OD27,2018-19,imputed,5044.32,3
Farm Harvest,Jute,OD27,2019-20,projected,4269.16,3
Farm Harvest,Jute,OD27,2020-21,projected,4556.44,3
Farm Harvest,Jute,OD27,2021-22,projected,4863.04,3
Farm Harvest,Jute,OD27,2022-23,projected,5190.28,3
Farm Harvest,Jute,OD27,2023-24,projected,5539.53,3
Farm Harvest,Jute,OD27,2024-25,projected,5912.29,3
Farm Harvest,Kulthi,OD01,2013-14,published,2352.0,3
Farm Harvest,Kulthi,OD01,2014-15,published,2850.0,3
Farm Harvest,Kulthi,OD01,2015-16,published,3081.0,3
Farm Harvest,Kulthi,OD01,2016-17,published,3200.0,3
Farm Harvest,Kulthi,OD01,2017-18,published,3581.0,3
Farm Harvest,Kulthi,OD01,2018-19,published,4249.0,3
Farm Harvest,Kulthi,OD01,2019-20,projected,4673.9,3
Farm Harvest,Kulthi,OD01,2020-21,projected,5141.29,3
Farm Harvest,Kulthi,OD01,2021-22,projected,5655.42,3
Farm Harvest,Kulthi,OD01,2022-23,projected,6220.96,3
Farm Harvest,Kulthi,OD01,2023-24,projected,6843.06,3
Farm Harvest,Kulthi,OD01,2024-25,projected,7527.36,3
Farm Harvest,Kulthi,OD02,2013-14,published,2220.0,3
Farm Harvest,Kulthi,OD02,2014-15,published,2668.0,3
Farm Harvest,Kulthi,OD02,2015-16,published,3121.0,3
Farm Harvest,Kulthi,OD02,2016-17,published,3191.0,3
Farm Harvest,Kulthi,OD02,2017-18,published,3434.0,3
Farm Harvest,Kulthi,OD02,2018-19,published,3100.0,3
Farm Harvest,Kulthi,OD02,2019-20,projected,3410.0,3
Farm Harvest,Kulthi,OD02,2020-21,projected,3751.0,3
Farm Harvest,Kulthi,OD02,2021-22,projected,4126.1,3
Farm Harvest,Kulthi,OD02,2022-23,projected,4538.71,3
Farm Harvest,Kulthi,OD02,2023-24,projected,4992.58,3
Farm Harvest,Kulthi,OD02,2024-25,projected,5491.84,3
Farm Harvest,Kulthi,OD03,2013-14,published,2350.0,3
Farm Harvest,Kulthi,OD03,2014-15,published,2800.0,3
Farm Harvest,Kulthi,OD03,2015-16,published,3067.0,3
Farm Harvest,Kulthi,OD03,2016-17,published,3300.0,3
Farm Harvest,Kulthi,OD03,2017-18,published,3020.0,3
Farm Harvest,Kulthi,OD03,2018-19,published,4900.0,3
Farm Harvest,Kulthi,OD03,2019-20,projected,5390.0,3
Farm Harvest,Kulthi,OD03,2020-21,projected,5929.0,3
Farm Harvest,Kulthi,OD03,2021-22,projected,6521.9,3
Farm Harvest,Kulthi,OD03,2022-23,projected,7174.09,3
Farm Harvest,Kulthi,OD03,2023-24,projected,7891.5,3
Farm Harvest,Kulthi,OD03,2024-25,projected,8680.65,3
Farm Harvest,Kulthi,OD04,2013-14,published,2313.0,3
Farm Harvest,Kulthi,OD04,2014-15,published,2808.0,3
Farm Harvest,Kulthi,OD04,2015-16,published,3175.0,3
Farm Harvest,Kulthi,OD04,2016-17,published,3225.0,3
Farm Harvest,Kulthi,OD04,2017-18,published,4050.0,3
Farm Harvest,Kulthi,OD04,2018-19,published,3854.0,3
Farm Harvest,Kulthi,OD04,2019-20,projected,4239.4,3
Farm Harvest,Kulthi,OD04,2020-21,projected,4663.34,3
Farm Harvest,Kulthi,OD04,2021-22,projected,5129.67,3
Farm Harvest,Kulthi,OD04,2022-23,projected,5642.64,3
Farm Harvest,Kulthi,OD04,2023-24,projected,6206.91,3
Farm Harvest,Kulthi,OD04,2024-25,projected,6827.6,3
Farm Harvest,Kulthi,OD05,2013-14,published,2300.0,3
Farm Harvest,Kulthi,OD05,2014-15,published,2750.0,3
Farm Harvest,Kulthi,OD05,2015-16,published,3100.0,3
Farm Harvest,Kulthi,OD05,2016-17,published,3175.0,3
Farm Harvest,Kulthi,OD05,2017-18,published,3500.0,3
Farm Harvest,Kulthi,OD05,2018-19,published,3300.0,3
Farm Harvest,Kulthi,OD05,2019-20,projected,3630.0,3
Farm Harvest,Kulthi,OD05,2020-21,projected,3993.0,3
Farm Harvest,Kulthi,OD05,2021-22,projected,4392.3,3
Farm Harvest,Kulthi,OD05,2022-23,projected,4831.53,3
Farm Harvest,Kulthi,OD05,2023-24,projected,5314.68,3
Farm Harvest,Kulthi,OD05,2024-25,projected,5846.15,3
Farm Harvest,Kulthi,OD06,2013-14,published,2200.0,3
Farm Harvest,Kulthi,OD06,2014-15,published,2571.0,3
Farm Harvest,Kulthi,OD06,2015-16,published,3150.0,3
Farm Harvest,Kulthi,OD06,2016-17,published,3000.0,3
Farm Harvest,Kulthi,OD06,2017-18,published,3571.0,3
Farm Harvest,Kulthi,OD06,2018-19,published,3429.0,3
Farm Harvest,Kulthi,OD06,2019-20,projected,3771.9,3
Farm Harvest,Kulthi,OD06,2020-21,projected,4149.09,3
Farm Harvest,Kulthi,OD06,2021-22,projected,4564.0,3
Farm Harvest,Kulthi,OD06,2022-23,projected,5020.4,3
Farm Harvest,Kulthi,OD06,2023-24,projected,5522.44,3
Farm Harvest,Kulthi,OD06,2024-25,projected,6074.68,3
Farm Harvest,Kulthi,OD07,2013-14,published,2195.0,3
Farm Harvest,Kulthi,OD07,2014-15,published,2583.0,3
Farm Harvest,Kulthi,OD07,2015-16,published,3167.0,3
Farm Harvest,Kulthi,OD07,2016-17,published,3064.0,3
Farm Harvest,Kulthi,OD07,2017-18,published,3104.0,3
Farm Harvest,Kulthi,OD07,2018-19,published,2929.0,3
Farm Harvest,Kulthi,OD07,2019-20,projected,3221.9,3
Farm Harvest,Kulthi,OD07,2020-21,projected,3544.09,3
Farm Harvest,Kulthi,OD07,2021-22,projected,3898.5,3
Farm Harvest,Kulthi,OD07,2022-23,projected,4288.35,3
Farm Harvest,Kulthi,OD07,2023-24,projected,4717.18,3
Farm Harvest,Kulthi,OD07,2024-25,projected,5188.9,3
Farm Harvest,Kulthi,OD08,2013-14,published,2500.0,3
Farm Harvest,Kulthi,OD08,2014-15,published,2965.0,3
Farm Harvest,Kulthi,OD08,2015-16,published,3267.0,3
Farm Harvest,Kulthi,OD08,2016-17,published,3380.0,3
Farm Harvest,Kulthi,OD08,2017-18,published,3250.0,3
Farm Harvest,Kulthi,OD08,2018-19,published,3515.0,3
Farm Harvest,Kulthi,OD08,2019-20,projected,3866.5,3
Farm Harvest,Kulthi,OD08,2020-21,projected,4253.15,3
Farm Harvest,Kulthi,OD08,2021-22,projected,4678.47,3
Farm Harvest,Kulthi,OD08,2022-23,projected,5146.31,3
Farm Harvest,Kulthi,OD08,2023-24,projected,5660.94,3
Farm Harvest,Kulthi,OD08,2024-25,projected,6227.04,3
Farm Harvest,Kulthi,OD09,2013-14,published,2213.0,3
Farm Harvest,Kulthi,OD09,2014-15,published,2633.0,3
Farm Harvest,Kulthi,OD09,2015-16,published,3000.0,3
Farm Harvest,Kulthi,OD09,2016-17,published,3071.0,3
Farm Harvest,Kulthi,OD09,2017-18,published,3250.0,3
Farm Harvest,Kulthi,OD09,2018-19,published,3577.0,3
Farm Harvest,Kulthi,OD09,2019-20,projected,3934.7,3
Farm Harvest,Kulthi,OD09,2020-21,projected,4328.17,3
Farm Harvest,Kulthi,OD09,2021-22,projected,4760.99,3
Farm Harvest,Kulthi,OD09,2022-23,projected,5237.09,3
Farm Harvest,Kulthi,OD09,2023-24,projected,5760.79,3
Farm Harvest,Kulthi,OD09,2024-25,projected,6336.87,3
Farm Harvest,Kulthi,OD10,2013-14,published,2000.0,3
Farm Harvest,Kulthi,OD10,2014-15,published,2417.0,3
Farm Harvest,Kulthi,OD10,2015-16,published,2867.0,3
Farm Harvest,Kulthi,OD10,2016-17,published,3050.0,3
Farm Harvest,Kulthi,OD10,2017-18,published,3200.0,3
Farm Harvest,Kulthi,OD10,2018-19,published,4457.0,3
Farm Harvest,Kulthi,OD10,2019-20,projected,4902.7,3
Farm Harvest,Kulthi,OD10,2020-21,projected,5392.97,3
Farm Harvest,Kulthi,OD10,2021-22,projected,5932.27,3
Farm Harvest,Kulthi,OD10,2022-23,projected,6525.49,3
Farm Harvest,Kulthi,OD10,2023-24,projected,7178.04,3
Farm Harvest,Kulthi,OD10,2024-25,projected,7895.85,3
Farm Harvest,Kulthi,OD11,2013-14,published,1980.0,3
Farm Harvest,Kulthi,OD11,2014-15,published,2400.0,3
Farm Harvest,Kulthi,OD11,2015-16,published,2850.0,3
Farm Harvest,Kulthi,OD11,2016-17,published,3000.0,3
Farm Harvest,Kulthi,OD11,2017-18,published,3421.0,3
Farm Harvest,Kulthi,OD11,2018-19,published,3415.0,3
Farm Harvest,Kulthi,OD11,2019-20,projected,3756.5,3
Farm Harvest,Kulthi,OD11,2020-21,projected,4132.15,3
Farm Harvest,Kulthi,OD11,2021-22,projected,4545.37,3
Farm Harvest,Kulthi,OD11,2022-23,projected,4999.9,3
Farm Harvest,Kulthi,OD11,2023-24,projected,5499.89,3
Farm Harvest,Kulthi,OD11,2024-25,projected,6049.88,3
Farm Harvest,Kulthi,OD12,2013-14,published,2033.0,3
Farm Harvest,Kulthi,OD12,2014-15,published,2488.0,3
Farm Harvest,Kulthi,OD12,2015-16,published,2920.0,3
Farm Harvest,Kulthi,OD12,2016-17,published,3050.0,3
Farm Harvest,Kulthi,OD12,2017-18,published,3596.0,3
Farm Harvest,Kulthi,OD12,2018-19,published,3174.0,3
Farm Harvest,Kulthi,OD12,2019-20,projected,3491.4,3
Farm Harvest,Kulthi,OD12,2020-21,projected,3840.54,3
Farm Harvest,Kulthi,OD12,2021-22,projected,4224.59,3
Farm Harvest,Kulthi,OD12,2022-23,projected,4647.05,3
Farm Harvest,Kulthi,OD12,2023-24,projected,5111.76,3
Farm Harvest,Kulthi,OD12,2024-25,projected,5622.93,3
Farm Harvest,Kulthi,OD13,2013-14,published,1833.0,3
Farm Harvest,Kulthi,OD13,2014-15,published,2242.0,3
Farm Harvest,Kulthi,OD13,2015-16,published,2971.0,3
Farm Harvest,Kulthi,OD13,2016-17,published,3035.0,3
Farm Harvest,Kulthi,OD13,2017-18,published,3527.0,3
Farm Harvest,Kulthi,OD13,2018-19,published,3378.0,3
Farm Harvest,Kulthi,OD13,2019-20,projected,3715.8,3
Farm Harvest,Kulthi,OD13,2020-21,projected,4087.38,3
Farm Harvest,Kulthi,OD13,2021-22,projected,4496.12,3
Farm Harvest,Kulthi,OD13,2022-23,projected,4945.73,3
Farm Harvest,Kulthi,OD13,2023-24,projected,5440.3,3
Farm Harvest,Kulthi,OD13,2024-25,projected,5984.33,3
Farm Harvest,Kulthi,OD14,2013-14,published,2500.0,3
Farm Harvest,Kulthi,OD14,2014-15,published,2900.0,3
Farm Harvest,Kulthi,OD14,2015-16,published,3100.0,3
Farm Harvest,Kulthi,OD14,2016-17,published,3250.0,3
Farm Harvest,Kulthi,OD14,2017-18,published,4835.0,3
Farm Harvest,Kulthi,OD14,2018-19,published,4717.0,3
Farm Harvest,Kulthi,OD14,2019-20,projected,5188.7,3
Farm Harvest,Kulthi,OD14,2020-21,projected,5707.57,3
Farm Harvest,Kulthi,OD14,2021-22,projected,6278.33,3
Farm Harvest,Kulthi,OD14,2022-23,projected,6906.16,3
Farm Harvest,Kulthi,OD14,2023-24,projected,7596.78,3
Farm Harvest,Kulthi,OD14,2024-25,projected,8356.45,3
Farm Harvest,Kulthi,OD15,2013-14,published,2501.0,3
Farm Harvest,Kulthi,OD15,2014-15,published,2929.0,3
Farm Harvest,Kulthi,OD15,2015-16,published,3350.0,3
Farm Harvest,Kulthi,OD15,2016-17,published,3375.0,3
Farm Harvest,Kulthi,OD15,2017-18,published,4750.0,3
Farm Harvest,Kulthi,OD15,2018-19,published,3825.0,3
Farm Harvest,Kulthi,OD15,2019-20,projected,4207.5,3
Farm Harvest,Kulthi,OD15,2020-21,projected,4628.25,3
Farm Harvest,Kulthi,OD15,2021-22,projected,5091.08,3
Farm Harvest,Kulthi,OD15,2022-23,projected,5600.18,3
Farm Harvest,Kulthi,OD15,2023-24,projected,6160.2,3
Farm Harvest,Kulthi,OD15,2024-25,projected,6776.22,3
Farm Harvest,Kulthi,OD16,2013-14,published,2150.0,3
Farm Harvest,Kulthi,OD16,2014-15,published,2506.0,3
Farm Harvest,Kulthi,OD16,2015-16,published,3093.0,3
Farm Harvest,Kulthi,OD16,2016-17,published,3192.0,3
Farm Harvest,Kulthi,OD16,2017-18,published,3242.0,3
Farm Harvest,Kulthi,OD16,2018-19,published,3600.0,3
Farm Harvest,Kulthi,OD16,2019-20,projected,3960.0,3
Farm Harvest,Kulthi,OD16,2020-21,projected,4356.0,3
Farm Harvest,Kulthi,OD16,2021-22,projected,4791.6,3
Farm Harvest,Kulthi,OD16,2022-23,projected,5270.76,3
Farm Harvest,Kulthi,OD16,2023-24,projected,5797.84,3
Farm Harvest,Kulthi,OD16,2024-25,projected,6377.62,3
Farm Harvest,Kulthi,OD17,2013-14,published,2200.0,3
Farm Harvest,Kulthi,OD17,2014-15,published,2547.0,3
Farm Harvest,Kulthi,OD17,2015-16,published,3025.0,3
Farm Harvest,Kulthi,OD17,2016-17,published,3200.0,3
Farm Harvest,Kulthi,OD17,2017-18,published,3300.0,3
Farm Harvest,Kulthi,OD17,2018-19,published,3325.0,3
Farm Harvest,Kulthi,OD17,2019-20,projected,3657.5,3
Farm Harvest,Kulthi,OD17,2020-21,projected,4023.25,3
Farm Harvest,Kulthi,OD17,2021-22,projected,4425.58,3
Farm Harvest,Kulthi,OD17,2022-23,projected,4868.13,3
Farm Harvest,Kulthi,OD17,2023-24,projected,5354.95,3
Farm Harvest,Kulthi,OD17,2024-25,projected,5890.44,3
Farm Harvest,Kulthi,OD18,2013-14,published,2350.0,3
Farm Harvest,Kulthi,OD18,2014-15,published,2838.0,3
Farm Harvest,Kulthi,OD18,2015-16,published,3222.0,3
Farm Harvest,Kulthi,OD18,2016-17,published,3338.0,3
Farm Harvest,Kulthi,OD18,2017-18,published,3684.0,3
Farm Harvest,Kulthi,OD18,2018-19,published,3903.0,3
Farm Harvest,Kulthi,OD18,2019-20,projected,4293.3,3
Farm Harvest,Kulthi,OD18,2020-21,projected,4722.63,3
Farm Harvest,Kulthi,OD18,2021-22,projected,5194.89,3
Farm Harvest,Kulthi,OD18,2022-23,projected,5714.38,3
Farm Harvest,Kulthi,OD18,2023-24,projected,6285.82,3
Farm Harvest,Kulthi,OD18,2024-25,projected,6914.4,3
Farm Harvest,Kulthi,OD19,2013-14,published,2373.0,3
Farm Harvest,Kulthi,OD19,2014-15,published,2825.0,3
Farm Harvest,Kulthi,OD19,2015-16,published,3200.0,3
Farm Harvest,Kulthi,OD19,2016-17,published,3200.0,3
Farm Harvest,Kulthi,OD19,2017-18,published,3200.0,3
Farm Harvest,Kulthi,OD19,2018-19,published,3150.0,3
Farm Harvest,Kulthi,OD19,2019-20,projected,3465.0,3
Farm Harvest,Kulthi,OD19,2020-21,projected,3811.5,3
Farm Harvest,Kulthi,OD19,2021-22,projected,4192.65,3
Farm Harvest,Kulthi,OD19,2022-23,projected,4611.92,3
Farm Harvest,Kulthi,OD19,2023-24,projected,5073.11,3
Farm Harvest,Kulthi,OD19,2024-25,projected,5580.42,3
Farm Harvest,Kulthi,OD20,2013-14,published,2183.0,3
Farm Harvest,Kulthi,OD20,2014-15,published,2352.0,3
Farm Harvest,Kulthi,OD20,2015-16,published,3118.0,3
Farm Harvest,Kulthi,OD20,2016-17,published,3180.0,3
Farm Harvest,Kulthi,OD20,2017-18,published,3228.0,3
Farm Harvest,Kulthi,OD20,2018-19,published,4346.0,3
Farm Harvest,Kulthi,OD20,2019-20,projected,4780.6,3
Farm Harvest,Kulthi,OD20,2020-21,projected,5258.66,3
Farm Harvest,Kulthi,OD20,2021-22,projected,5784.53,3
Farm Harvest,Kulthi,OD20,2022-23,projected,6362.98,3
Farm Harvest,Kulthi,OD20,2023-24,projected,6999.28,3
Farm Harvest,Kulthi,OD20,2024-25,projected,7699.2,3
Farm Harvest,Kulthi,OD21,2013-14,published,2360.0,3
Farm Harvest,Kulthi,OD21,2014-15,published,2623.0,3
Farm Harvest,Kulthi,OD21,2015-16,published,3250.0,3
Farm Harvest,Kulthi,OD21,2016-17,published,3275.0,3
Farm Harvest,Kulthi,OD21,2017-18,published,3000.0,3
Farm Harvest,Kulthi,OD21,2018-19,published,4327.0,3
Farm Harvest,Kulthi,OD21,2019-20,projected,4759.7,3
Farm Harvest,Kulthi,OD21,2020-21,projected,5235.67,3
Farm Harvest,Kulthi,OD21,2021-22,projected,5759.24,3
Farm Harvest,Kulthi,OD21,2022-23,projected,6335.16,3
Farm Harvest,Kulthi,OD21,2023-24,projected,6968.68,3
Farm Harvest,Kulthi,OD21,2024-25,projected,7665.54,3
Farm Harvest,Kulthi,OD22,2013-14,published,2565.0,3
Farm Harvest,Kulthi,OD22,2014-15,published,2876.0,3
Farm Harvest,Kulthi,OD22,2015-16,published,3081.0,3
Farm Harvest,Kulthi,OD22,2016-17,published,3200.0,3
Farm Harvest,Kulthi,OD22,2017-18,published,3200.0,3
Farm Harvest,Kulthi,OD22,2018-19,published,3969.0,3
Farm Harvest,Kulthi,OD22,2019-20,projected,4365.9,3
Farm Harvest,Kulthi,OD22,2020-21,projected,4802.49,3
Farm Harvest,Kulthi,OD22,2021-22,projected,5282.74,3
Farm Harvest,Kulthi,OD22,2022-23,projected,5811.01,3
Farm Harvest,Kulthi,OD22,2023-24,projected,6392.11,3
Farm Harvest,Kulthi,OD22,2024-25,projected,7031.33,3
Farm Harvest,Kulthi,OD23,2013-14,published,2518.0,3
Farm Harvest,Kulthi,OD23,2014-15,published,2800.0,3
Farm Harvest,Kulthi,OD23,2015-16,published,3000.0,3
Farm Harvest,Kulthi,OD23,2016-17,published,3100.0,3
Farm Harvest,Kulthi,OD23,2017-18,published,3500.0,3
Farm Harvest,Kulthi,OD23,2018-19,published,3700.0,3
Farm Harvest,Kulthi,OD23,2019-20,projected,4070.0,3
Farm Harvest,Kulthi,OD23,2020-21,projected,4477.0,3
Farm Harvest,Kulthi,OD23,2021-22,projected,4924.7,3
Farm Harvest,Kulthi,OD23,2022-23,projected,5417.17,3
Farm Harvest,Kulthi,OD23,2023-24,projected,5958.89,3
Farm Harvest,Kulthi,OD23,2024-25,projected,6554.78,3
Farm Harvest,Kulthi,OD24,2013-14,published,2179.0,3
Farm Harvest,Kulthi,OD24,2014-15,published,2628.0,3
Farm Harvest,Kulthi,OD24,2015-16,published,2925.0,3
Farm Harvest,Kulthi,OD24,2016-17,published,3174.0,3
Farm Harvest,Kulthi,OD24,2017-18,published,4068.0,3
Farm Harvest,Kulthi,OD24,2018-19,published,3380.0,3
Farm Harvest,Kulthi,OD24,2019-20,projected,3718.0,3
Farm Harvest,Kulthi,OD24,2020-21,projected,4089.8,3
Farm Harvest,Kulthi,OD24,2021-22,projected,4498.78,3
Farm Harvest,Kulthi,OD24,2022-23,projected,4948.66,3
Farm Harvest,Kulthi,OD24,2023-24,projected,5443.52,3
Farm Harvest,Kulthi,OD24,2024-25,projected,5987.88,3
Farm Harvest,Kulthi,OD25,2013-14,published,2565.0,3
Farm Harvest,Kulthi,OD25,2014-15,published,2950.0,3
Farm Harvest,Kulthi,OD25,2015-16,published,3300.0,3
Farm Harvest,Kulthi,OD25,2016-17,published,3400.0,3
Farm Harvest,Kulthi,OD25,2017-18,published,3500.0,3
Farm Harvest,Kulthi,OD25,2018-19,published,3470.0,3
Farm Harvest,Kulthi,OD25,2019-20,projected,3817.0,3
Farm Harvest,Kulthi,OD25,2020-21,projected,4198.7,3
Farm Harvest,Kulthi,OD25,2021-22,projected,4618.57,3
Farm Harvest,Kulthi,OD25,2022-23,projected,5080.43,3
Farm Harvest,Kulthi,OD25,2023-24,projected,5588.47,3
Farm Harvest,Kulthi,OD25,2024-25,projected,6147.32,3
Farm Harvest,Kulthi,OD26,2013-14,published,2238.0,3
Farm Harvest,Kulthi,OD26,2014-15,published,2700.0,3
Farm Harvest,Kulthi,OD26,2015-16,published,3000.0,3
Farm Harvest,Kulthi,OD26,2016-17,published,3050.0,3
Farm Harvest,Kulthi,OD26,2017-18,published,3100.0,3
Farm Harvest,Kulthi,OD26,2018-19,published,3180.0,3
Farm Harvest,Kulthi,OD26,2019-20,projected,3498.0,3
Farm Harvest,Kulthi,OD26,2020-21,projected,3847.8,3
Farm Harvest,Kulthi,OD26,2021-22,projected,4232.58,3
Farm Harvest,Kulthi,OD26,2022-23,projected,4655.84,3
Farm Harvest,Kulthi,OD26,2023-24,projected,5121.42,3
Farm Harvest,Kulthi,OD26,2024-25,projected,5633.56,3
Farm Harvest,Kulthi,OD27,2013-14,published,2162.0,3
Farm Harvest,Kulthi,OD27,2014-15,published,2654.0,3
Farm Harvest,Kulthi,OD27,2015-16,published,3233.0,3
Farm Harvest,Kulthi,OD27,2016-17,published,3319.0,3
Farm Harvest,Kulthi,OD27,2017-18,published,3200.0,3
Farm Harvest,Kulthi,OD27,2018-19,published,3233.0,3
Farm Harvest,Kulthi,OD27,2019-20,projected,3556.3,3
Farm Harvest,Kulthi,OD27,2020-21,projected,3911.93,3
Farm Harvest,Kulthi,OD27,2021-22,projected,4303.12,3
Farm Harvest,Kulthi,OD27,2022-23,projected,4733.44,3
Farm Harvest,Kulthi,OD27,2023-24,projected,5206.78,3
Farm Harvest,Kulthi,OD27,2024-25,projected,5727.46,3
Farm Harvest,Kulthi,OD28,2013-14,published,2464.0,3
Farm Harvest,Kulthi,OD28,2014-15,published,2880.0,3
Farm Harvest,Kulthi,OD28,2015-16,published,3289.0,3
Farm Harvest,Kulthi,OD28,2016-17,published,3380.0,3
Farm Harvest,Kulthi,OD28,2017-18,published,3100.0,3
Farm Harvest,Kulthi,OD28,2018-19,published,3743.0,3
Farm Harvest,Kulthi,OD28,2019-20,projected,4117.3,3
Farm Harvest,Kulthi,OD28,2020-21,projected,4529.03,3
Farm Harvest,Kulthi,OD28,2021-22,projected,4981.93,3
Farm Harvest,Kulthi,OD28,2022-23,projected,5480.13,3
Farm Harvest,Kulthi,OD28,2023-24,projected,6028.14,3
Farm Harvest,Kulthi,OD28,2024-25,projected,6630.95,3
Farm Harvest,Kulthi,OD29,2013-14,published,2314.0,3
Farm Harvest,Kulthi,OD29,2014-15,published,2727.0,3
Farm Harvest,Kulthi,OD29,2015-16,published,3300.0,3
Farm Harvest,Kulthi,OD29,2016-17,published,3385.0,3
Farm Harvest,Kulthi,OD29,2017-18,published,3235.0,3
Farm Harvest,Kulthi,OD29,2018-19,published,4038.0,3
Farm Harvest,Kulthi,OD29,2019-20,projected,4441.8,3
Farm Harvest,Kulthi,OD29,2020-21,projected,4885.98,3
Farm Harvest,Kulthi,OD29,2021-22,projected,5374.58,3
Farm Harvest,Kulthi,OD29,2022-23,projected,5912.04,3
Farm Harvest,Kulthi,OD29,2023-24,projected,6503.24,3
Farm Harvest,Kulthi,OD29,2024-25,projected,7153.56,3
Farm Harvest,Kulthi,OD30,2013-14,published,2400.0,3
Farm Harvest,Kulthi,OD30,2014-15,published,2800.0,3
Farm Harvest,Kulthi,OD30,2015-16,published,3450.0,3
Farm Harvest,Kulthi,OD30,2016-17,published,3450.0,3
Farm Harvest,Kulthi,OD30,2017-18,published,3410.0,3
Farm Harvest,Kulthi,OD30,2018-19,published,4978.0,3
Farm Harvest,Kulthi,OD30,2019-20,projected,5475.8,3
Farm Harvest,Kulthi,OD30,2020-21,projected,6023.38,3
Farm Harvest,Kulthi,OD30,2021-22,projected,6625.72,3
Farm Harvest,Kulthi,OD30,2022-23,projected,7288.29,3
Farm Harvest,Kulthi,OD30,2023-24,projected,8017.12,3
Farm Harvest,Kulthi,OD30,2024-25,projected,8818.83,3
Farm Harvest,Maize,OD01,2013-14,published,1049.0,3
Farm Harvest,Maize,OD01,2014-15,published,1135.0,3
Farm Harvest,Maize,OD01,2015-16,published,1250.0,3
Farm Harvest,Maize,OD01,2016-17,published,1588.0,3
Farm Harvest,Maize,OD01,2017-18,published,1536.0,3
Farm Harvest,Maize,OD01,2018-19,published,2000.0,3
Farm Harvest,Maize,OD01,2019-20,projected,2190.1,3
Farm Harvest,Maize,OD01,2020-21,projected,2398.26,3
Farm Harvest,Maize,OD01,2021-22,projected,2626.21,3
Farm Harvest,Maize,OD01,2022-23,projected,2875.83,3
Farm Harvest,Maize,OD01,2023-24,projected,3149.17,3
Farm Harvest,Maize,OD01,2024-25,projected,3448.5,3
Farm Harvest,Maize,OD02,2013-14,published,1033.0,3
Farm Harvest,Maize,OD02,2014-15,published,1125.0,3
Farm Harvest,Maize,OD02,2015-16,published,1265.0,3
Farm Harvest,Maize,OD02,2016-17,published,1400.0,3
Farm Harvest,Maize,OD02,2017-18,imputed,1641.31,3
Farm Harvest,Maize,OD02,2018-19,imputed,1653.96,3
Farm Harvest,Maize,OD02,2019-20,projected,1473.04,3
Farm Harvest,Maize,OD02,2020-21,projected,1613.05,3
Farm Harvest,Maize,OD02,2021-22,projected,1766.37,3
Farm Harvest,Maize,OD02,2022-23,projected,1934.26,3
Farm Harvest,Maize,OD02,2023-24,projected,2118.11,3
Farm Harvest,Maize,OD02,2024-25,projected,2319.43,3
Farm Harvest,Maize,OD03,2013-14,imputed,1189.05,3
Farm Harvest,Maize,OD03,2014-15,published,1220.0,3
Farm Harvest,Maize,OD03,2015-16,published,1350.0,3
Farm Harvest,Maize,OD03,2016-17,published,1500.0,3
Farm Harvest,Maize,OD03,2017-18,published,2113.0,3
Farm Harvest,Maize,OD03,2018-19,imputed,1872.27,3
Farm Harvest,Maize,OD03,2019-20,projected,2034.54,3
Farm Harvest,Maize,OD03,2020-21,projected,2227.92,3
Farm Harvest,Maize,OD03,2021-22,projected,2439.68,3
Farm Harvest,Maize,OD03,2022-23,projected,2671.56,3
Farm Harvest,Maize,OD03,2023-24,projected,2925.49,3
Farm Harvest,Maize,OD03,2024-25,projected,3203.56,3
Farm Harvest,Maize,OD04,2013-14,published,1100.0,3
Farm Harvest,Maize,OD04,2014-15,published,1144.0,3
Farm Harvest,Maize,OD04,2015-16,published,1300.0,3
Farm Harvest,Maize,OD04,2016-17,published,1450.0,3
Farm Harvest,Maize,OD04,2017-18,imputed,1792.34,3
Farm Harvest,Maize,OD04,2018-19,published,2175.0,3
Farm Harvest,Maize,OD04,2019-20,projected,2381.73,3
Farm Harvest,Maize,OD04,2020-21,projected,2608.11,3
Farm Harvest,Maize,OD04,2021-22,projected,2856.01,3
Farm Harvest,Maize,OD04,2022-23,projected,3127.47,3
Farm Harvest,Maize,OD04,2023-24,projected,3424.73,3
Farm Harvest,Maize,OD04,2024-25,projected,3750.24,3
Farm Harvest,Maize,OD05,2013-14,imputed,962.7,3
Farm Harvest,Maize,OD05,2014-15,imputed,1053.11,3
Farm Harvest,Maize,OD05,2015-16,imputed,1163.15,3
Farm Harvest,Maize,OD05,2016-17,imputed,1232.86,3
Farm Harvest,Maize,OD05,2017-18,published,1520.0,3
Farm Harvest,Maize,OD05,2018-19,published,1500.0,3
Farm Harvest,Maize,OD05,2019-20,projected,1642.57,3
Farm Harvest,Maize,OD05,2020-21,projected,1798.7,3
Farm Harvest,Maize,OD05,2021-22,projected,1969.66,3
Farm Harvest,Maize,OD05,2022-23,projected,2156.87,3
Farm Harvest,Maize,OD05,2023-24,projected,2361.88,3
Farm Harvest,Maize,OD05,2024-25,projected,2586.37,3
Farm Harvest,Maize,OD06,2013-14,imputed,1162.39,3
Farm Harvest,Maize,OD06,2014-15,imputed,1271.55,3
Farm Harvest,Maize,OD06,2015-16,imputed,1404.42,3
Farm Harvest,Maize,OD06,2016-17,published,1200.0,3
Farm Harvest,Maize,OD06,2017-18,published,2000.0,3
Farm Harvest,Maize,OD06,2018-19,published,2000.0,3
Farm Harvest,Maize,OD06,2019-20,projected,2190.1,3
Farm Harvest,Maize,OD06,2020-21,projected,2398.26,3
Farm Harvest,Maize,OD06,2021-22,projected,2626.21,3
Farm Harvest,Maize,OD06,2022-23,projected,2875.83,3
Farm Harvest,Maize,OD06,2023-24,projected,3149.17,3
Farm Harvest,Maize,OD06,2024-25,projected,3448.5,3
Farm Harvest,Maize,OD07,2013-14,published,1296.0,3
Farm Harvest,Maize,OD07,2014-15,published,1300.0,3
Farm Harvest,Maize,OD07,2015-16,published,1400.0,3
Farm Harvest,Maize,OD07,2016-17,imputed,1555.17,3
Farm Harvest,Maize,OD07,2017-18,imputed,1897.52,3
Farm Harvest,Maize,OD07,2018-19,imputed,1912.15,3
Farm Harvest,Maize,OD07,2019-20,projected,1606.68,3
Farm Harvest,Maize,OD07,2020-21,projected,1759.4,3
Farm Harvest,Maize,OD07,2021-22,projected,1926.62,3
Farm Harvest,Maize,OD07,2022-23,projected,2109.75,3
Farm Harvest,Maize,OD07,2023-24,projected,2310.28,3
Farm Harvest,Maize,OD07,2024-25,projected,2529.86,3
Farm Harvest,Maize,OD08,2013-14,imputed,1200.06,3
Farm Harvest,Maize,OD08,2014-15,imputed,1312.75,3
Farm Harvest,Maize,OD08,2015-16,imputed,1449.92,3
Farm Harvest,Maize,OD08,2016-17,published,1375.0,3
Farm Harvest,Maize,OD08,2017-18,published,1450.0,3
Farm Harvest,Maize,OD08,2018-19,published,2517.0,3
Farm Harvest,Maize,OD08,2019-20,projected,2756.24,3
Farm Harvest,Maize,OD08,2020-21,projected,3018.21,3
Farm Harvest,Maize,OD08,2021-22,projected,3305.09,3
Farm Harvest,Maize,OD08,2022-23,projected,3619.23,3
Farm Harvest,Maize,OD08,2023-24,projected,3963.24,3
Farm Harvest,Maize,OD08,2024-25,projected,4339.93,3
Farm Harvest,Maize,OD09,2013-14,published,1030.0,3
Farm Harvest,Maize,OD09,2014-15,published,1175.0,3
Farm Harvest,Maize,OD09,2015-16,published,1300.0,3
Farm Harvest,Maize,OD09,2016-17,published,1600.0,3
Farm Harvest,Maize,OD09,2017-18,published,1584.0,3
Farm Harvest,Maize,OD09,2018-19,published,1743.0,3
Farm Harvest,Maize,OD09,2019-20,projected,1908.67,3
Farm Harvest,Maize,OD09,2020-21,projected,2090.09,3
Farm Harvest,Maize,OD09,2021-22,projected,2288.74,3
Farm Harvest,Maize,OD09,2022-23,projected,2506.29,3
Farm Harvest,Maize,OD09,2023-24,projected,2744.5,3
Farm Harvest,Maize,OD09,2024-25,projected,3005.37,3
Farm Harvest,Maize,OD10,2013-14,published,1000.0,3
Farm Harvest,Maize,OD10,2014-15,published,1170.0,3
Farm Harvest,Maize,OD10,2015-16,published,1300.0,3
Farm Harvest,Maize,OD10,2016-17,published,1300.0,3
Farm Harvest,Maize,OD10,2017-18,published,1306.0,3
Farm Harvest,Maize,OD10,2018-19,published,1383.0,3
Farm Harvest,Maize,OD10,2019-20,projected,1514.45,3
Farm Harvest,Maize,OD10,2020-21,projected,1658.4,3
Farm Harvest,Maize,OD10,2021-22,projected,1816.03,3
Farm Harvest,Maize,OD10,2022-23,projected,1988.64,3
Farm Harvest,Maize,OD10,2023-24,projected,2177.65,3
Farm Harvest,Maize,OD10,2024-25,projected,2384.64,3
Farm Harvest,Maize,OD11,2013-14,published,1150.0,3
Farm Harvest,Maize,OD11,2014-15,published,1200.0,3
Farm Harvest,Maize,OD11,2015-16,published,1325.0,3
Farm Harvest,Maize,OD11,2016-17,published,1350.0,3
Farm Harvest,Maize,OD11,2017-18,published,2044.0,3
Farm Harvest,Maize,OD11,2018-19,published,1406.0,3
Farm Harvest,Maize,OD11,2019-20,projected,1539.64,3
Farm Harvest,Maize,OD11,2020-21,projected,1685.98,3
Farm Harvest,Maize,OD11,2021-22,projected,1846.23,3
Farm Harvest,Maize,OD11,2022-23,projected,2021.71,3
Farm Harvest,Maize,OD11,2023-24,projected,2213.87,3
Farm Harvest,Maize,OD11,2024-25,projected,2424.29,3
Farm Harvest,Maize,OD12,2013-14,published,1260.0,3
Farm Harvest,Maize,OD12,2014-15,published,1280.0,3
Farm Harvest,Maize,OD12,2015-16,published,1350.0,3
Farm Harvest,Maize,OD12,2016-17,imputed,1514.33,3
Farm Harvest,Maize,OD12,2017-18,imputed,1847.69,3
Farm Harvest,Maize,OD12,2018-19,imputed,1861.94,3
Farm Harvest,Maize,OD12,2019-20,projected,1564.49,3
Farm Harvest,Maize,OD12,2020-21,projected,1713.2,3
Farm Harvest,Maize,OD12,2021-22,projected,1876.03,3
Farm Harvest,Maize,OD12,2022-23,projected,2054.35,3
Farm Harvest,Maize,OD12,2023-24,projected,2249.61,3
Farm Harvest,Maize,OD12,2024-25,projected,2463.43,3
Farm Harvest,Maize,OD13,2013-14,imputed,1268.37,3
Farm Harvest,Maize,OD13,2014-15,imputed,1387.48,3
Farm Harvest,Maize,OD13,2015-16,imputed,1532.46,3
Farm Harvest,Maize,OD13,2016-17,published,1500.0,3
Farm Harvest,Maize,OD13,2017-18,imputed,1981.88,3
Farm Harvest,Maize,OD13,2018-19,published,2150.0,3
Farm Harvest,Maize,OD13,2019-20,projected,2354.35,3
Farm Harvest,Maize,OD13,2020-21,projected,2578.13,3
Farm Harvest,Maize,OD13,2021-22,projected,2823.18,3
Farm Harvest,Maize,OD13,2022-23,projected,3091.52,3
Farm Harvest,Maize,OD13,2023-24,projected,3385.36,3
Farm Harvest,Maize,OD13,2024-25,projected,3707.13,3
Farm Harvest,Maize,OD14,2013-14,published,1160.0,3
Farm Harvest,Maize,OD14,2014-15,published,1200.0,3
Farm Harvest,Maize,OD14,2015-16,published,1320.0,3
Farm Harvest,Maize,OD14,2016-17,published,1400.0,3
Farm Harvest,Maize,OD14,2017-18,published,2000.0,3
Farm Harvest,Maize,OD14,2018-19,published,1425.0,3
Farm Harvest,Maize,OD14,2019-20,projected,1560.44,3
Farm Harvest,Maize,OD14,2020-21,projected,1708.76,3
Farm Harvest,Maize,OD14,2021-22,projected,1871.18,3
Farm Harvest,Maize,OD14,2022-23,projected,2049.03,3
Farm Harvest,Maize,OD14,2023-24,projected,2243.79,3
Farm Harvest,Maize,OD14,2024-25,projected,2457.05,3
Farm Harvest,Maize,OD15,2013-14,published,1010.0,3
Farm Harvest,Maize,OD15,2014-15,published,1206.0,3
Farm Harvest,Maize,OD15,2015-16,published,1300.0,3
Farm Harvest,Maize,OD15,2016-17,published,1333.0,3
Farm Harvest,Maize,OD15,2017-18,published,1375.0,3
Farm Harvest,Maize,OD15,2018-19,published,1457.0,3
Farm Harvest,Maize,OD15,2019-20,projected,1595.49,3
Farm Harvest,Maize,OD15,2020-21,projected,1747.13,3
Farm Harvest,Maize,OD15,2021-22,projected,1913.2,3
Farm Harvest,Maize,OD15,2022-23,projected,2095.04,3
Farm Harvest,Maize,OD15,2023-24,projected,2294.17,3
Farm Harvest,Maize,OD15,2024-25,projected,2512.23,3
Farm Harvest,Maize,OD16,2013-14,published,1190.0,3
Farm Harvest,Maize,OD16,2014-15,published,1333.0,3
Farm Harvest,Maize,OD16,2015-16,published,1375.0,3
Farm Harvest,Maize,OD16,2016-17,published,1500.0,3
Farm Harvest,Maize,OD16,2017-18,published,1167.0,3
Farm Harvest,Maize,OD16,2018-19,published,1167.0,3
Farm Harvest,Maize,OD16,2019-20,projected,1277.92,3
Farm Harvest,Maize,OD16,2020-21,projected,1399.39,3
Farm Harvest,Maize,OD16,2021-22,projected,1532.4,3
Farm Harvest,Maize,OD16,2022-23,projected,1678.05,3
Farm Harvest,Maize,OD16,2023-24,projected,1837.54,3
Farm Harvest,Maize,OD16,2024-25,projected,2012.2,3
Farm Harvest,Maize,OD18,2013-14,published,1050.0,3
Farm Harvest,Maize,OD18,2014-15,published,1258.0,3
Farm Harvest,Maize,OD18,2015-16,published,1350.0,3
Farm Harvest,Maize,OD18,2016-17,published,1483.0,3
Farm Harvest,Maize,OD18,2017-18,published,1828.0,3
Farm Harvest,Maize,OD18,2018-19,published,1677.0,3
Farm Harvest,Maize,OD18,2019-20,projected,1836.4,3
Farm Harvest,Maize,OD18,2020-21,projected,2010.94,3
Farm Harvest,Maize,OD18,2021-22,projected,2202.08,3
Farm Harvest,Maize,OD18,2022-23,projected,2411.38,3
Farm Harvest,Maize,OD18,2023-24,projected,2640.58,3
Farm Harvest,Maize,OD18,2024-25,projected,2891.57,3
Farm Harvest,Maize,OD19,2013-14,imputed,1126.25,3
Farm Harvest,Maize,OD19,2014-15,imputed,1232.01,3
Farm Harvest,Maize,OD19,2015-16,imputed,1360.75,3
Farm Harvest,Maize,OD19,2016-17,published,1600.0,3
Farm Harvest,Maize,OD19,2017-18,published,1670.0,3
Farm Harvest,Maize,OD19,2018-19,published,1670.0,3
Farm Harvest,Maize,OD19,2019-20,projected,1828.73,3
Farm Harvest,Maize,OD19,2020-21,projected,2002.55,3
Farm Harvest,Maize,OD19,2021-22,projected,2192.89,3
Farm Harvest,Maize,OD19,2022-23,projected,2401.32,3
Farm Harvest,Maize,OD19,2023-24,projected,2629.56,3
Farm Harvest,Maize,OD19,2024-25,projected,2879.5,3
Farm Harvest,Maize,OD20,2013-14,published,1100.0,3
Farm Harvest,Maize,OD20,2014-15,published,1250.0,3
Farm Harvest,Maize,OD20,2015-16,published,1320.0,3
Farm Harvest,Maize,OD20,2016-17,published,1333.0,3
Farm Harvest,Maize,OD20,2017-18,published,2183.0,3
Farm Harvest,Maize,OD20,2018-19,published,1864.0,3
Farm Harvest,Maize,OD20,2019-20,projected,2041.17,3
Farm Harvest,Maize,OD20,2020-21,projected,2235.18,3
Farm Harvest,Maize,OD20,2021-22,projected,2447.63,3
Farm Harvest,Maize,OD20,2022-23,projected,2680.27,3
Farm Harvest,Maize,OD20,2023-24,projected,2935.03,3
Farm Harvest,Maize,OD20,2024-25,projected,3214.0,3
Farm Harvest,Maize,OD21,2013-14,published,1090.0,3
Farm Harvest,Maize,OD21,2014-15,published,1280.0,3
Farm Harvest,Maize,OD21,2015-16,published,1350.0,3
Farm Harvest,Maize,OD21,2016-17,published,1420.0,3
Farm Harvest,Maize,OD21,2017-18,published,1490.0,3
Farm Harvest,Maize,OD21,2018-19,published,1490.0,3
Farm Harvest,Maize,OD21,2019-20,projected,1631.62,3
Farm Harvest,Maize,OD21,2020-21,projected,1786.71,3
Farm Harvest,Maize,OD21,2021-22,projected,1956.53,3
Farm Harvest,Maize,OD21,2022-23,projected,2142.49,3
Farm Harvest,Maize,OD21,2023-24,projected,2346.13,3
Farm Harvest,Maize,OD21,2024-25,projected,2569.13,3
Farm Harvest,Maize,OD22,2013-14,published,1040.0,3
Farm Harvest,Maize,OD22,2014-15,published,1218.0,3
Farm Harvest,Maize,OD22,2015-16,published,1283.0,3
Farm Harvest,Maize,OD22,2016-17,published,1345.0,3
Farm Harvest,Maize,OD22,2017-18,published,2340.0,3
Farm Harvest,Maize,OD22,2018-19,published,1708.0,3
Farm Harvest,Maize,OD22,2019-20,projected,1870.34,3
Farm Harvest,Maize,OD22,2020-21,projected,2048.12,3
Farm Harvest,Maize,OD22,2021-22,projected,2242.79,3
Farm Harvest,Maize,OD22,2022-23,projected,2455.96,3
Farm Harvest,Maize,OD22,2023-24,projected,2689.39,3
Farm Harvest,Maize,OD22,2024-25,projected,2945.02,3
Farm Harvest,Maize,OD23,2013-14,published,1006.0,3
Farm Harvest,Maize,OD23,2014-15,published,1098.0,3
Farm Harvest,Maize,OD23,2015-16,published,1159.0,3
Farm Harvest,Maize,OD23,2016-17,published,1200.0,3
Farm Harvest,Maize,OD23,2017-18,published,1470.0,3
Farm Harvest,Maize,OD23,2018-19,published,1343.0,3
Farm Harvest,Maize,OD23,2019-20,projected,1470.65,3
Farm Harvest,Maize,OD23,2020-21,projected,1610.43,3
Farm Harvest,Maize,OD23,2021-22,projected,1763.5,3
Farm Harvest,Maize,OD23,2022-23,projected,1931.12,3
Farm Harvest,Maize,OD23,2023-24,projected,2114.67,3
Farm Harvest,Maize,OD23,2024-25,projected,2315.67,3
Farm Harvest,Maize,OD24,2013-14,published,1200.0,3
Farm Harvest,Maize,OD24,2014-15,published,1320.0,3
Farm Harvest,Maize,OD24,2015-16,published,1199.0,3
Farm Harvest,Maize,OD24,2016-17,published,1500.0,3
Farm Harvest,Maize,OD24,2017-18,published,1889.0,3
Farm Harvest,Maize,OD24,2018-19,published,1450.0,3
Farm Harvest,Maize,OD24,2019-20,projected,1587.82,3
Farm Harvest,Maize,OD24,2020-21,projected,1738.74,3
Farm Harvest,Maize,OD24,2021-22,projected,1904.0,3
Farm Harvest,Maize,OD24,2022-23,projected,2084.98,3
Farm Harvest,Maize,OD24,2023-24,projected,2283.15,3
Farm Harvest,Maize,OD24,2024-25,projected,2500.16,3
Farm Harvest,Maize,OD25,2013-14,published,1120.0,3
Farm Harvest,Maize,OD25,2014-15,published,1175.0,3
Farm Harvest,Maize,OD25,2015-16,imputed,1161.0,3
Farm Harvest,Maize,OD25,2016-17,imputed,1230.59,3
Farm Harvest,Maize,OD25,2017-18,published,1089.0,3
Farm Harvest,Maize,OD25,2018-19,published,1500.0,3
Farm Harvest,Maize,OD25,2019-20,projected,1642.57,3
Farm Harvest,Maize,OD25,2020-21,projected,1798.7,3
Farm Harvest,Maize,OD25,2021-22,projected,1969.66,3
Farm Harvest,Maize,OD25,2022-23,projected,2156.87,3
Farm Harvest,Maize,OD25,2023-24,projected,2361.88,3
Farm Harvest,Maize,OD25,2024-25,projected,2586.37,3
Farm Harvest,Maize,OD27,2013-14,published,1111.0,3
Farm Harvest,Maize,OD27,2014-15,published,1134.0,3
Farm Harvest,Maize,OD27,2015-16,published,1149.0,3
Farm Harvest,Maize,OD27,2016-17,published,1242.0,3
Farm Harvest,Maize,OD27,2017-18,published,1341.0,3
Farm Harvest,Maize,OD27,2018-19,published,1583.0,3
Farm Harvest,Maize,OD27,2019-20,projected,1733.46,3
Farm Harvest,Maize,OD27,2020-21,projected,1898.22,3
Farm Harvest,Maize,OD27,2021-22,projected,2078.65,3
Farm Harvest,Maize,OD27,2022-23,projected,2276.22,3
Farm Harvest,Maize,OD27,2023-24,projected,2492.57,3
Farm Harvest,Maize,OD27,2024-25,projected,2729.49,3
Farm Harvest,Maize,OD28,2013-14,published,1100.0,3
Farm Harvest,Maize,OD28,2014-15,published,1200.0,3
Farm Harvest,Maize,OD28,2015-16,published,2160.0,3
Farm Harvest,Maize,OD28,2016-17,published,1675.0,3
Farm Harvest,Maize,OD28,2017-18,published,2633.0,3
Farm Harvest,Maize,OD28,2018-19,published,2418.0,3
Farm Harvest,Maize,OD28,2019-20,projected,2647.83,3
Farm Harvest,Maize,OD28,2020-21,projected,2899.5,3
Farm Harvest,Maize,OD28,2021-22,projected,3175.09,3
Farm Harvest,Maize,OD28,2022-23,projected,3476.88,3
Farm Harvest,Maize,OD28,2023-24,projected,3807.35,3
Farm Harvest,Maize,OD28,2024-25,projected,4169.23,3
Farm Harvest,Maize,OD29,2013-14,published,1200.0,3
Farm Harvest,Maize,OD29,2014-15,published,1275.0,3
Farm Harvest,Maize,OD29,2015-16,imputed,1407.18,3
Farm Harvest,Maize,OD29,2016-17,published,1400.0,3
Farm Harvest,Maize,OD29,2017-18,published,1338.0,3
Farm Harvest,Maize,OD29,2018-19,published,2375.0,3
Farm Harvest,Maize,OD29,2019-20,projected,2600.74,3
Farm Harvest,Maize,OD29,2020-21,projected,2847.94,3
Farm Harvest,Maize,OD29,2021-22,projected,3118.63,3
Farm Harvest,Maize,OD29,2022-23,projected,3415.05,3
Farm Harvest,Maize,OD29,2023-24,projected,3739.64,3
Farm Harvest,Maize,OD29,2024-25,projected,4095.09,3
Farm Harvest,Maize,OD30,2013-14,imputed,1303.97,3
Farm Harvest,Maize,OD30,2014-15,imputed,1426.42,3
Farm Harvest,Maize,OD30,2015-16,imputed,1575.47,3
Farm Harvest,Maize,OD30,2016-17,published,1400.0,3
Farm Harvest,Maize,OD30,2017-18,published,2500.0,3
Farm Harvest,Maize,OD30,2018-19,published,1919.0,3
Farm Harvest,Maize,OD30,2019-20,projected,2101.4,3
Farm Harvest,Maize,OD30,2020-21,projected,2301.13,3
Farm Harvest,Maize,OD30,2021-22,projected,2519.85,3
Farm Harvest,Maize,OD30,2022-23,projected,2759.36,3
Farm Harvest,Maize,OD30,2023-24,projected,3021.63,3
Farm Harvest,Maize,OD30,2024-25,projected,3308.83,3
Farm Harvest,Mung,OD01,2013-14,published,5003.0,3
Farm Harvest,Mung,OD01,2014-15,published,5360.0,3
Farm Harvest,Mung,OD01,2015-16,published,6137.0,3
Farm Harvest,Mung,OD01,2016-17,published,6347.0,3
Farm Harvest,Mung,OD01,2017-18,published,5669.0,3
Farm Harvest,Mung,OD01,2018-19,published,6836.0,3
Farm Harvest,Mung,OD01,2019-20,projected,7100.57,3
Farm Harvest,Mung,OD01,2020-21,projected,7375.37,3
Farm Harvest,Mung,OD01,2021-22,projected,7660.81,3
Farm Harvest,Mung,OD01,2022-23,projected,7957.3,3
Farm Harvest,Mung,OD01,2023-24,projected,8265.26,3
Farm Harvest,Mung,OD01,2024-25,projected,8585.14,3
Farm Harvest,Mung,OD02,2013-14,published,4607.0,3
Farm Harvest,Mung,OD02,2014-15,published,5096.0,3
Farm Harvest,Mung,OD02,2015-16,published,6150.0,3
Farm Harvest,Mung,OD02,2016-17,published,6215.0,3
Farm Harvest,Mung,OD02,2017-18,published,6331.0,3
Farm Harvest,Mung,OD02,2018-19,published,6500.0,3
Farm Harvest,Mung,OD02,2019-20,projected,6751.56,3
Farm Harvest,Mung,OD02,2020-21,projected,7012.86,3
Farm Harvest,Mung,OD02,2021-22,projected,7284.27,3
Farm Harvest,Mung,OD02,2022-23,projected,7566.18,3
Farm Harvest,Mung,OD02,2023-24,projected,7859.01,3
Farm Harvest,Mung,OD02,2024-25,projected,8163.16,3
Farm Harvest,Mung,OD03,2013-14,published,4617.0,3
Farm Harvest,Mung,OD03,2014-15,published,4977.0,3
Farm Harvest,Mung,OD03,2015-16,published,5814.0,3
Farm Harvest,Mung,OD03,2016-17,published,6363.0,3
Farm Harvest,Mung,OD03,2017-18,published,6783.0,3
Farm Harvest,Mung,OD03,2018-19,published,5854.0,3
Farm Harvest,Mung,OD03,2019-20,projected,6080.56,3
Farm Harvest,Mung,OD03,2020-21,projected,6315.89,3
Farm Harvest,Mung,OD03,2021-22,projected,6560.32,3
Farm Harvest,Mung,OD03,2022-23,projected,6814.22,3
Farm Harvest,Mung,OD03,2023-24,projected,7077.94,3
Farm Harvest,Mung,OD03,2024-25,projected,7351.87,3
Farm Harvest,Mung,OD04,2013-14,published,4563.0,3
Farm Harvest,Mung,OD04,2014-15,published,5001.0,3
Farm Harvest,Mung,OD04,2015-16,published,6000.0,3
Farm Harvest,Mung,OD04,2016-17,published,6334.0,3
Farm Harvest,Mung,OD04,2017-18,published,5894.0,3
Farm Harvest,Mung,OD04,2018-19,published,6171.0,3
Farm Harvest,Mung,OD04,2019-20,projected,6409.83,3
Farm Harvest,Mung,OD04,2020-21,projected,6657.9,3
Farm Harvest,Mung,OD04,2021-22,projected,6915.57,3
Farm Harvest,Mung,OD04,2022-23,projected,7183.22,3
Farm Harvest,Mung,OD04,2023-24,projected,7461.22,3
Farm Harvest,Mung,OD04,2024-25,projected,7749.98,3
Farm Harvest,Mung,OD05,2013-14,published,4700.0,3
Farm Harvest,Mung,OD05,2014-15,published,4900.0,3
Farm Harvest,Mung,OD05,2015-16,published,5850.0,3
Farm Harvest,Mung,OD05,2016-17,published,6300.0,3
Farm Harvest,Mung,OD05,2017-18,published,5600.0,3
Farm Harvest,Mung,OD05,2018-19,published,5901.0,3
Farm Harvest,Mung,OD05,2019-20,projected,6129.38,3
Farm Harvest,Mung,OD05,2020-21,projected,6366.6,3
Farm Harvest,Mung,OD05,2021-22,projected,6612.99,3
Farm Harvest,Mung,OD05,2022-23,projected,6868.93,3
Farm Harvest,Mung,OD05,2023-24,projected,7134.77,3
Farm Harvest,Mung,OD05,2024-25,projected,7410.9,3
Farm Harvest,Mung,OD06,2013-14,published,5083.0,3
Farm Harvest,Mung,OD06,2014-15,published,5471.0,3
Farm Harvest,Mung,OD06,2015-16,published,6300.0,3
Farm Harvest,Mung,OD06,2016-17,published,6375.0,3
Farm Harvest,Mung,OD06,2017-18,published,5286.0,3
Farm Harvest,Mung,OD06,2018-19,published,5861.0,3
Farm Harvest,Mung,OD06,2019-20,projected,6087.83,3
Farm Harvest,Mung,OD06,2020-21,projected,6323.44,3
Farm Harvest,Mung,OD06,2021-22,projected,6568.17,3
Farm Harvest,Mung,OD06,2022-23,projected,6822.37,3
Farm Harvest,Mung,OD06,2023-24,projected,7086.41,3
Farm Harvest,Mung,OD06,2024-25,projected,7360.66,3
Farm Harvest,Mung,OD07,2013-14,published,4750.0,3
Farm Harvest,Mung,OD07,2014-15,published,5313.0,3
Farm Harvest,Mung,OD07,2015-16,published,6150.0,3
Farm Harvest,Mung,OD07,2016-17,published,6067.0,3
Farm Harvest,Mung,OD07,2017-18,published,6072.0,3
Farm Harvest,Mung,OD07,2018-19,published,5586.0,3
Farm Harvest,Mung,OD07,2019-20,projected,5802.19,3
Farm Harvest,Mung,OD07,2020-21,projected,6026.74,3
Farm Harvest,Mung,OD07,2021-22,projected,6259.99,3
Farm Harvest,Mung,OD07,2022-23,projected,6502.26,3
Farm Harvest,Mung,OD07,2023-24,projected,6753.91,3
Farm Harvest,Mung,OD07,2024-25,projected,7015.3,3
Farm Harvest,Mung,OD08,2013-14,published,4801.0,3
Farm Harvest,Mung,OD08,2014-15,published,5192.0,3
Farm Harvest,Mung,OD08,2015-16,published,6200.0,3
Farm Harvest,Mung,OD08,2016-17,published,6573.0,3
Farm Harvest,Mung,OD08,2017-18,published,6800.0,3
Farm Harvest,Mung,OD08,2018-19,published,5762.0,3
Farm Harvest,Mung,OD08,2019-20,projected,5985.0,3
Farm Harvest,Mung,OD08,2020-21,projected,6216.63,3
Farm Harvest,Mung,OD08,2021-22,projected,6457.22,3
Farm Harvest,Mung,OD08,2022-23,projected,6707.13,3
Farm Harvest,Mung,OD08,2023-24,projected,6966.71,3
Farm Harvest,Mung,OD08,2024-25,projected,7236.33,3
Farm Harvest,Mung,OD09,2013-14,published,4779.0,3
Farm Harvest,Mung,OD09,2014-15,published,5159.0,3
Farm Harvest,Mung,OD09,2015-16,published,6000.0,3
Farm Harvest,Mung,OD09,2016-17,published,6036.0,3
Farm Harvest,Mung,OD09,2017-18,published,5313.0,3
Farm Harvest,Mung,OD09,2018-19,published,5475.0,3
Farm Harvest,Mung,OD09,2019-20,projected,5686.89,3
Farm Harvest,Mung,OD09,2020-21,projected,5906.98,3
Farm Harvest,Mung,OD09,2021-22,projected,6135.6,3
Farm Harvest,Mung,OD09,2022-23,projected,6373.05,3
Farm Harvest,Mung,OD09,2023-24,projected,6619.7,3
Farm Harvest,Mung,OD09,2024-25,projected,6875.9,3
Farm Harvest,Mung,OD10,2013-14,published,4700.0,3
Farm Harvest,Mung,OD10,2014-15,published,5000.0,3
Farm Harvest,Mung,OD10,2015-16,published,5867.0,3
Farm Harvest,Mung,OD10,2016-17,published,5967.0,3
Farm Harvest,Mung,OD10,2017-18,published,5466.0,3
Farm Harvest,Mung,OD10,2018-19,published,5957.0,3
Farm Harvest,Mung,OD10,2019-20,projected,6187.55,3
Farm Harvest,Mung,OD10,2020-21,projected,6427.02,3
Farm Harvest,Mung,OD10,2021-22,projected,6675.75,3
Farm Harvest,Mung,OD10,2022-23,projected,6934.11,3
Farm Harvest,Mung,OD10,2023-24,projected,7202.48,3
Farm Harvest,Mung,OD10,2024-25,projected,7481.23,3
Farm Harvest,Mung,OD11,2013-14,published,4468.0,3
Farm Harvest,Mung,OD11,2014-15,published,4860.0,3
Farm Harvest,Mung,OD11,2015-16,published,5750.0,3
Farm Harvest,Mung,OD11,2016-17,published,5850.0,3
Farm Harvest,Mung,OD11,2017-18,published,6078.0,3
Farm Harvest,Mung,OD11,2018-19,published,6050.0,3
Farm Harvest,Mung,OD11,2019-20,projected,6284.15,3
Farm Harvest,Mung,OD11,2020-21,projected,6527.35,3
Farm Harvest,Mung,OD11,2021-22,projected,6779.97,3
Farm Harvest,Mung,OD11,2022-23,projected,7042.37,3
Farm Harvest,Mung,OD11,2023-24,projected,7314.92,3
Farm Harvest,Mung,OD11,2024-25,projected,7598.02,3
Farm Harvest,Mung,OD12,2013-14,published,4638.0,3
Farm Harvest,Mung,OD12,2014-15,published,5303.0,3
Farm Harvest,Mung,OD12,2015-16,published,6125.0,3
Farm Harvest,Mung,OD12,2016-17,published,5992.0,3
Farm Harvest,Mung,OD12,2017-18,published,6220.0,3
Farm Harvest,Mung,OD12,2018-19,published,5251.0,3
Farm Harvest,Mung,OD12,2019-20,projected,5454.22,3
Farm Harvest,Mung,OD12,2020-21,projected,5665.31,3
Farm Harvest,Mung,OD12,2021-22,projected,5884.57,3
Farm Harvest,Mung,OD12,2022-23,projected,6112.31,3
Farm Harvest,Mung,OD12,2023-24,projected,6348.87,3
Farm Harvest,Mung,OD12,2024-25,projected,6594.58,3
Farm Harvest,Mung,OD13,2013-14,published,4717.0,3
Farm Harvest,Mung,OD13,2014-15,published,5380.0,3
Farm Harvest,Mung,OD13,2015-16,published,6185.0,3
Farm Harvest,Mung,OD13,2016-17,published,6035.0,3
Farm Harvest,Mung,OD13,2017-18,published,6063.0,3
Farm Harvest,Mung,OD13,2018-19,published,5675.0,3
Farm Harvest,Mung,OD13,2019-20,projected,5894.63,3
Farm Harvest,Mung,OD13,2020-21,projected,6122.76,3
Farm Harvest,Mung,OD13,2021-22,projected,6359.73,3
Farm Harvest,Mung,OD13,2022-23,projected,6605.86,3
Farm Harvest,Mung,OD13,2023-24,projected,6861.52,3
Farm Harvest,Mung,OD13,2024-25,projected,7127.07,3
Farm Harvest,Mung,OD14,2013-14,imputed,5057.63,3
Farm Harvest,Mung,OD14,2014-15,imputed,5618.62,3
Farm Harvest,Mung,OD14,2015-16,imputed,6387.64,3
Farm Harvest,Mung,OD14,2016-17,imputed,6527.77,3
Farm Harvest,Mung,OD14,2017-18,published,6804.0,3
Farm Harvest,Mung,OD14,2018-19,published,5689.0,3
Farm Harvest,Mung,OD14,2019-20,projected,5909.17,3
Farm Harvest,Mung,OD14,2020-21,projected,6137.87,3
Farm Harvest,Mung,OD14,2021-22,projected,6375.42,3
Farm Harvest,Mung,OD14,2022-23,projected,6622.16,3
Farm Harvest,Mung,OD14,2023-24,projected,6878.44,3
Farm Harvest,Mung,OD14,2024-25,projected,7144.65,3
Farm Harvest,Mung,OD15,2013-14,published,4729.0,3
Farm Harvest,Mung,OD15,2014-15,published,5327.0,3
Farm Harvest,Mung,OD15,2015-16,published,6183.0,3
Farm Harvest,Mung,OD15,2016-17,published,6283.0,3
Farm Harvest,Mung,OD15,2017-18,published,6556.0,3
Farm Harvest,Mung,OD15,2018-19,published,5790.0,3
Farm Harvest,Mung,OD15,2019-20,projected,6014.08,3
Farm Harvest,Mung,OD15,2020-21,projected,6246.84,3
Farm Harvest,Mung,OD15,2021-22,projected,6488.6,3
Farm Harvest,Mung,OD15,2022-23,projected,6739.72,3
Farm Harvest,Mung,OD15,2023-24,projected,7000.56,3
Farm Harvest,Mung,OD15,2024-25,projected,7271.49,3
Farm Harvest,Mung,OD16,2013-14,published,5100.0,3
Farm Harvest,Mung,OD16,2014-15,published,5532.0,3
Farm Harvest,Mung,OD16,2015-16,published,6100.0,3
Farm Harvest,Mung,OD16,2016-17,published,6539.0,3
Farm Harvest,Mung,OD16,2017-18,published,6821.0,3
Farm Harvest,Mung,OD16,2018-19,published,5200.0,3
Farm Harvest,Mung,OD16,2019-20,projected,5401.25,3
Farm Harvest,Mung,OD16,2020-21,projected,5610.29,3
Farm Harvest,Mung,OD16,2021-22,projected,5827.41,3
Farm Harvest,Mung,OD16,2022-23,projected,6052.95,3
Farm Harvest,Mung,OD16,2023-24,projected,6287.21,3
Farm Harvest,Mung,OD16,2024-25,projected,6530.53,3
Farm Harvest,Mung,OD17,2013-14,published,4697.0,3
Farm Harvest,Mung,OD17,2014-15,published,5336.0,3
Farm Harvest,Mung,OD17,2015-16,published,6125.0,3
Farm Harvest,Mung,OD17,2016-17,published,6300.0,3
Farm Harvest,Mung,OD17,2017-18,published,6500.0,3
Farm Harvest,Mung,OD17,2018-19,published,5450.0,3
Farm Harvest,Mung,OD17,2019-20,projected,5660.92,3
Farm Harvest,Mung,OD17,2020-21,projected,5880.01,3
Farm Harvest,Mung,OD17,2021-22,projected,6107.58,3
Farm Harvest,Mung,OD17,2022-23,projected,6343.95,3
Farm Harvest,Mung,OD17,2023-24,projected,6589.47,3
Farm Harvest,Mung,OD17,2024-25,projected,6844.5,3
Farm Harvest,Mung,OD18,2013-14,published,5350.0,3
Farm Harvest,Mung,OD18,2014-15,published,5733.0,3
Farm Harvest,Mung,OD18,2015-16,published,6233.0,3
Farm Harvest,Mung,OD18,2016-17,published,6100.0,3
Farm Harvest,Mung,OD18,2017-18,published,6539.0,3
Farm Harvest,Mung,OD18,2018-19,published,5518.0,3
Farm Harvest,Mung,OD18,2019-20,projected,5731.56,3
Farm Harvest,Mung,OD18,2020-21,projected,5953.38,3
Farm Harvest,Mung,OD18,2021-22,projected,6183.78,3
Farm Harvest,Mung,OD18,2022-23,projected,6423.11,3
Farm Harvest,Mung,OD18,2023-24,projected,6671.69,3
Farm Harvest,Mung,OD18,2024-25,projected,6929.9,3
Farm Harvest,Mung,OD19,2013-14,published,4673.0,3
Farm Harvest,Mung,OD19,2014-15,published,5401.0,3
Farm Harvest,Mung,OD19,2015-16,published,6150.0,3
Farm Harvest,Mung,OD19,2016-17,published,6100.0,3
Farm Harvest,Mung,OD19,2017-18,published,5450.0,3
Farm Harvest,Mung,OD19,2018-19,published,5358.0,3
Farm Harvest,Mung,OD19,2019-20,projected,5565.36,3
Farm Harvest,Mung,OD19,2020-21,projected,5780.75,3
Farm Harvest,Mung,OD19,2021-22,projected,6004.48,3
Farm Harvest,Mung,OD19,2022-23,projected,6236.86,3
Farm Harvest,Mung,OD19,2023-24,projected,6478.24,3
Farm Harvest,Mung,OD19,2024-25,projected,6728.96,3
Farm Harvest,Mung,OD20,2013-14,published,5000.0,3
Farm Harvest,Mung,OD20,2014-15,published,5538.0,3
Farm Harvest,Mung,OD20,2015-16,published,6175.0,3
Farm Harvest,Mung,OD20,2016-17,imputed,6346.74,3
Farm Harvest,Mung,OD20,2017-18,published,6000.0,3
Farm Harvest,Mung,OD20,2018-19,published,5975.0,3
Farm Harvest,Mung,OD20,2019-20,projected,6206.24,3
Farm Harvest,Mung,OD20,2020-21,projected,6446.44,3
Farm Harvest,Mung,OD20,2021-22,projected,6695.92,3
Farm Harvest,Mung,OD20,2022-23,projected,6955.07,3
Farm Harvest,Mung,OD20,2023-24,projected,7224.24,3
Farm Harvest,Mung,OD20,2024-25,projected,7503.83,3
Farm Harvest,Mung,OD21,2013-14,imputed,5005.42,3
Farm Harvest,Mung,OD21,2014-15,published,5700.0,3
Farm Harvest,Mung,OD21,2015-16,published,6200.0,3
Farm Harvest,Mung,OD21,2016-17,published,6500.0,3
Farm Harvest,Mung,OD21,2017-18,published,6146.0,3
Farm Harvest,Mung,OD21,2018-19,published,6123.0,3
Farm Harvest,Mung,OD21,2019-20,projected,6359.97,3
Farm Harvest,Mung,OD21,2020-21,projected,6606.11,3
Farm Harvest,Mung,OD21,2021-22,projected,6861.78,3
Farm Harvest,Mung,OD21,2022-23,projected,7127.34,3
Farm Harvest,Mung,OD21,2023-24,projected,7403.18,3
Farm Harvest,Mung,OD21,2024-25,projected,7689.7,3
Farm Harvest,Mung,OD22,2013-14,published,5214.0,3
Farm Harvest,Mung,OD22,2014-15,published,5813.0,3
Farm Harvest,Mung,OD22,2015-16,published,6220.0,3
Farm Harvest,Mung,OD22,2016-17,published,6499.0,3
Farm Harvest,Mung,OD22,2017-18,published,5075.0,3
Farm Harvest,Mung,OD22,2018-19,published,5621.0,3
Farm Harvest,Mung,OD22,2019-20,projected,5838.54,3
Farm Harvest,Mung,OD22,2020-21,projected,6064.5,3
Farm Harvest,Mung,OD22,2021-22,projected,6299.21,3
Farm Harvest,Mung,OD22,2022-23,projected,6543.0,3
Farm Harvest,Mung,OD22,2023-24,projected,6796.23,3
Farm Harvest,Mung,OD22,2024-25,projected,7059.25,3
Farm Harvest,Mung,OD23,2013-14,imputed,5130.76,3
Farm Harvest,Mung,OD23,2014-15,imputed,5699.86,3
Farm Harvest,Mung,OD23,2015-16,published,6300.0,3
Farm Harvest,Mung,OD23,2016-17,published,6517.0,3
Farm Harvest,Mung,OD23,2017-18,published,7538.0,3
Farm Harvest,Mung,OD23,2018-19,published,5431.0,3
Farm Harvest,Mung,OD23,2019-20,projected,5641.19,3
Farm Harvest,Mung,OD23,2020-21,projected,5859.51,3
Farm Harvest,Mung,OD23,2021-22,projected,6086.29,3
Farm Harvest,Mung,OD23,2022-23,projected,6321.84,3
Farm Harvest,Mung,OD23,2023-24,projected,6566.5,3
Farm Harvest,Mung,OD23,2024-25,projected,6820.64,3
Farm Harvest,Mung,OD24,2013-14,published,4573.0,3
Farm Harvest,Mung,OD24,2014-15,published,5300.0,3
Farm Harvest,Mung,OD24,2015-16,published,6131.0,3
Farm Harvest,Mung,OD24,2016-17,published,6255.0,3
Farm Harvest,Mung,OD24,2017-18,published,6078.0,3
Farm Harvest,Mung,OD24,2018-19,published,6275.0,3
Farm Harvest,Mung,OD24,2019-20,projected,6517.85,3
Farm Harvest,Mung,OD24,2020-21,projected,6770.11,3
Farm Harvest,Mung,OD24,2021-22,projected,7032.12,3
Farm Harvest,Mung,OD24,2022-23,projected,7304.28,3
Farm Harvest,Mung,OD24,2023-24,projected,7586.96,3
Farm Harvest,Mung,OD24,2024-25,projected,7880.59,3
Farm Harvest,Mung,OD25,2013-14,published,4814.0,3
Farm Harvest,Mung,OD25,2014-15,published,5577.0,3
Farm Harvest,Mung,OD25,2015-16,published,6200.0,3
Farm Harvest,Mung,OD25,2016-17,published,6300.0,3
Farm Harvest,Mung,OD25,2017-18,published,5860.0,3
Farm Harvest,Mung,OD25,2018-19,published,5500.0,3
Farm Harvest,Mung,OD25,2019-20,projected,5712.86,3
Farm Harvest,Mung,OD25,2020-21,projected,5933.96,3
Farm Harvest,Mung,OD25,2021-22,projected,6163.61,3
Farm Harvest,Mung,OD25,2022-23,projected,6402.15,3
Farm Harvest,Mung,OD25,2023-24,projected,6649.93,3
Farm Harvest,Mung,OD25,2024-25,projected,6907.29,3
Farm Harvest,Mung,OD26,2013-14,published,4520.0,3
Farm Harvest,Mung,OD26,2014-15,published,5300.0,3
Farm Harvest,Mung,OD26,2015-16,published,6000.0,3
Farm Harvest,Mung,OD26,2016-17,published,5950.0,3
Farm Harvest,Mung,OD26,2017-18,published,6250.0,3
Farm Harvest,Mung,OD26,2018-19,published,5925.0,3
Farm Harvest,Mung,OD26,2019-20,projected,6154.31,3
Farm Harvest,Mung,OD26,2020-21,projected,6392.49,3
Farm Harvest,Mung,OD26,2021-22,projected,6639.89,3
Farm Harvest,Mung,OD26,2022-23,projected,6896.87,3
Farm Harvest,Mung,OD26,2023-24,projected,7163.79,3
Farm Harvest,Mung,OD26,2024-25,projected,7441.04,3
Farm Harvest,Mung,OD27,2013-14,published,5255.0,3
Farm Harvest,Mung,OD27,2014-15,published,5750.0,3
Farm Harvest,Mung,OD27,2015-16,published,6200.0,3
Farm Harvest,Mung,OD27,2016-17,published,6508.0,3
Farm Harvest,Mung,OD27,2017-18,published,5900.0,3
Farm Harvest,Mung,OD27,2018-19,published,6307.0,3
Farm Harvest,Mung,OD27,2019-20,projected,6551.09,3
Farm Harvest,Mung,OD27,2020-21,projected,6804.63,3
Farm Harvest,Mung,OD27,2021-22,projected,7067.98,3
Farm Harvest,Mung,OD27,2022-23,projected,7341.52,3
Farm Harvest,Mung,OD27,2023-24,projected,7625.65,3
Farm Harvest,Mung,OD27,2024-25,projected,7920.78,3
Farm Harvest,Mung,OD28,2013-14,published,5000.0,3
Farm Harvest,Mung,OD28,2014-15,published,5563.0,3
Farm Harvest,Mung,OD28,2015-16,published,6150.0,3
Farm Harvest,Mung,OD28,2016-17,published,6271.0,3
Farm Harvest,Mung,OD28,2017-18,published,5308.0,3
Farm Harvest,Mung,OD28,2018-19,published,5743.0,3
Farm Harvest,Mung,OD28,2019-20,projected,5965.26,3
Farm Harvest,Mung,OD28,2020-21,projected,6196.13,3
Farm Harvest,Mung,OD28,2021-22,projected,6435.93,3
Farm Harvest,Mung,OD28,2022-23,projected,6685.01,3
Farm Harvest,Mung,OD28,2023-24,projected,6943.73,3
Farm Harvest,Mung,OD28,2024-25,projected,7212.47,3
Farm Harvest,Mung,OD29,2013-14,published,5084.0,3
Farm Harvest,Mung,OD29,2014-15,published,5833.0,3
Farm Harvest,Mung,OD29,2015-16,published,6200.0,3
Farm Harvest,Mung,OD29,2016-17,published,6243.0,3
Farm Harvest,Mung,OD29,2017-18,imputed,6365.53,3
Farm Harvest,Mung,OD29,2018-19,published,6319.0,3
Farm Harvest,Mung,OD29,2019-20,projected,6563.56,3
Farm Harvest,Mung,OD29,2020-21,projected,6817.58,3
Farm Harvest,Mung,OD29,2021-22,projected,7081.43,3
Farm Harvest,Mung,OD29,2022-23,projected,7355.49,3
Farm Harvest,Mung,OD29,2023-24,projected,7640.16,3
Farm Harvest,Mung,OD29,2024-25,projected,7935.85,3
Farm Harvest,Mung,OD30,2013-14,published,5300.0,3
Farm Harvest,Mung,OD30,2014-15,published,5900.0,3
Farm Harvest,Mung,OD30,2015-16,published,6250.0,3
Farm Harvest,Mung,OD30,2016-17,published,6167.0,3
Farm Harvest,Mung,OD30,2017-18,published,6200.0,3
Farm Harvest,Mung,OD30,2018-19,published,6529.0,3
Farm Harvest,Mung,OD30,2019-20,projected,6781.68,3
Farm Harvest,Mung,OD30,2020-21,projected,7044.15,3
Farm Harvest,Mung,OD30,2021-22,projected,7316.77,3
Farm Harvest,Mung,OD30,2022-23,projected,7599.94,3
Farm Harvest,Mung,OD30,2023-24,projected,7894.07,3
Farm Harvest,Mung,OD30,2024-25,projected,8199.58,3
Farm Harvest,Mustard,OD01,2013-14,published,3804.0,3
Farm Harvest,Mustard,OD01,2014-15,published,3863.0,3
Farm Harvest,Mustard,OD01,2015-16,published,4391.0,3
Farm Harvest,Mustard,OD01,2016-17,published,4425.0,3
Farm Harvest,Mustard,OD01,2017-18,published,4086.0,3
Farm Harvest,Mustard,OD01,2018-19,published,5883.0,3
Farm Harvest,Mustard,OD01,2019-20,projected,6233.5,3
Farm Harvest,Mustard,OD01,2020-21,projected,6604.88,3
Farm Harvest,Mustard,OD01,2021-22,projected,6998.39,3
Farm Harvest,Mustard,OD01,2022-23,projected,7415.34,3
Farm Harvest,Mustard,OD01,2023-24,projected,7857.13,3
Farm Harvest,Mustard,OD01,2024-25,projected,8325.24,3
Farm Harvest,Mustard,OD02,2013-14,published,3660.0,3
Farm Harvest,Mustard,OD02,2014-15,published,3700.0,3
Farm Harvest,Mustard,OD02,2015-16,published,4333.0,3
Farm Harvest,Mustard,OD02,2016-17,published,4350.0,3
Farm Harvest,Mustard,OD02,2017-18,published,4828.0,3
Farm Harvest,Mustard,OD02,2018-19,published,4044.0,3
Farm Harvest,Mustard,OD02,2019-20,projected,4284.93,3
Farm Harvest,Mustard,OD02,2020-21,projected,4540.22,3
Farm Harvest,Mustard,OD02,2021-22,projected,4810.72,3
Farm Harvest,Mustard,OD02,2022-23,projected,5097.33,3
Farm Harvest,Mustard,OD02,2023-24,projected,5401.02,3
Farm Harvest,Mustard,OD02,2024-25,projected,5722.81,3
Farm Harvest,Mustard,OD03,2013-14,published,3600.0,3
Farm Harvest,Mustard,OD03,2014-15,published,3650.0,3
Farm Harvest,Mustard,OD03,2015-16,published,4263.0,3
Farm Harvest,Mustard,OD03,2016-17,published,4267.0,3
Farm Harvest,Mustard,OD03,2017-18,published,4044.0,3
Farm Harvest,Mustard,OD03,2018-19,published,5075.0,3
Farm Harvest,Mustard,OD03,2019-20,projected,5377.36,3
Farm Harvest,Mustard,OD03,2020-21,projected,5697.73,3
Farm Harvest,Mustard,OD03,2021-22,projected,6037.19,3
Farm Harvest,Mustard,OD03,2022-23,projected,6396.88,3
Farm Harvest,Mustard,OD03,2023-24,projected,6777.99,3
Farm Harvest,Mustard,OD03,2024-25,projected,7181.81,3
Farm Harvest,Mustard,OD04,2013-14,published,3743.0,3
Farm Harvest,Mustard,OD04,2014-15,published,3775.0,3
Farm Harvest,Mustard,OD04,2015-16,published,4367.0,3
Farm Harvest,Mustard,OD04,2016-17,published,4400.0,3
Farm Harvest,Mustard,OD04,2017-18,published,4657.0,3
Farm Harvest,Mustard,OD04,2018-19,published,4500.0,3
Farm Harvest,Mustard,OD04,2019-20,projected,4768.1,3
Farm Harvest,Mustard,OD04,2020-21,projected,5052.18,3
Farm Harvest,Mustard,OD04,2021-22,projected,5353.18,3
Farm Harvest,Mustard,OD04,2022-23,projected,5672.11,3
Farm Harvest,Mustard,OD04,2023-24,projected,6010.04,3
Farm Harvest,Mustard,OD04,2024-25,projected,6368.11,3
Farm Harvest,Mustard,OD05,2013-14,published,3640.0,3
Farm Harvest,Mustard,OD05,2014-15,published,3700.0,3
Farm Harvest,Mustard,OD05,2015-16,published,4300.0,3
Farm Harvest,Mustard,OD05,2016-17,published,4375.0,3
Farm Harvest,Mustard,OD05,2017-18,published,4500.0,3
Farm Harvest,Mustard,OD05,2018-19,published,5140.0,3
Farm Harvest,Mustard,OD05,2019-20,projected,5446.23,3
Farm Harvest,Mustard,OD05,2020-21,projected,5770.71,3
Farm Harvest,Mustard,OD05,2021-22,projected,6114.52,3
Farm Harvest,Mustard,OD05,2022-23,projected,6478.81,3
Farm Harvest,Mustard,OD05,2023-24,projected,6864.8,3
Farm Harvest,Mustard,OD05,2024-25,projected,7273.8,3
Farm Harvest,Mustard,OD06,2013-14,published,3676.0,3
Farm Harvest,Mustard,OD06,2014-15,published,3720.0,3
Farm Harvest,Mustard,OD06,2015-16,published,4300.0,3
Farm Harvest,Mustard,OD06,2016-17,published,4350.0,3
Farm Harvest,Mustard,OD06,2017-18,published,4821.0,3
Farm Harvest,Mustard,OD06,2018-19,published,5207.0,3
Farm Harvest,Mustard,OD06,2019-20,projected,5517.22,3
Farm Harvest,Mustard,OD06,2020-21,projected,5845.93,3
Farm Harvest,Mustard,OD06,2021-22,projected,6194.22,3
Farm Harvest,Mustard,OD06,2022-23,projected,6563.26,3
Farm Harvest,Mustard,OD06,2023-24,projected,6954.29,3
Farm Harvest,Mustard,OD06,2024-25,projected,7368.61,3
Farm Harvest,Mustard,OD07,2013-14,published,3931.0,3
Farm Harvest,Mustard,OD07,2014-15,published,3950.0,3
Farm Harvest,Mustard,OD07,2015-16,published,4375.0,3
Farm Harvest,Mustard,OD07,2016-17,published,4400.0,3
Farm Harvest,Mustard,OD07,2017-18,published,4500.0,3
Farm Harvest,Mustard,OD07,2018-19,published,5000.0,3
Farm Harvest,Mustard,OD07,2019-20,projected,5297.89,3
Farm Harvest,Mustard,OD07,2020-21,projected,5613.53,3
Farm Harvest,Mustard,OD07,2021-22,projected,5947.97,3
Farm Harvest,Mustard,OD07,2022-23,projected,6302.34,3
Farm Harvest,Mustard,OD07,2023-24,projected,6677.82,3
Farm Harvest,Mustard,OD07,2024-25,projected,7075.68,3
Farm Harvest,Mustard,OD08,2013-14,published,3771.0,3
Farm Harvest,Mustard,OD08,2014-15,published,3833.0,3
Farm Harvest,Mustard,OD08,2015-16,published,4300.0,3
Farm Harvest,Mustard,OD08,2016-17,published,4300.0,3
Farm Harvest,Mustard,OD08,2017-18,published,4583.0,3
Farm Harvest,Mustard,OD08,2018-19,published,5104.0,3
Farm Harvest,Mustard,OD08,2019-20,projected,5408.09,3
Farm Harvest,Mustard,OD08,2020-21,projected,5730.29,3
Farm Harvest,Mustard,OD08,2021-22,projected,6071.69,3
Farm Harvest,Mustard,OD08,2022-23,projected,6433.43,3
Farm Harvest,Mustard,OD08,2023-24,projected,6816.72,3
Farm Harvest,Mustard,OD08,2024-25,projected,7222.85,3
Farm Harvest,Mustard,OD09,2013-14,published,3800.0,3
Farm Harvest,Mustard,OD09,2014-15,published,3800.0,3
Farm Harvest,Mustard,OD09,2015-16,published,4200.0,3
Farm Harvest,Mustard,OD09,2016-17,published,4438.0,3
Farm Harvest,Mustard,OD09,2017-18,published,4469.0,3
Farm Harvest,Mustard,OD09,2018-19,published,5390.0,3
Farm Harvest,Mustard,OD09,2019-20,projected,5711.13,3
Farm Harvest,Mustard,OD09,2020-21,projected,6051.38,3
Farm Harvest,Mustard,OD09,2021-22,projected,6411.92,3
Farm Harvest,Mustard,OD09,2022-23,projected,6793.93,3
Farm Harvest,Mustard,OD09,2023-24,projected,7198.7,3
Farm Harvest,Mustard,OD09,2024-25,projected,7627.58,3
Farm Harvest,Mustard,OD10,2013-14,published,3950.0,3
Farm Harvest,Mustard,OD10,2014-15,published,3950.0,3
Farm Harvest,Mustard,OD10,2015-16,published,4367.0,3
Farm Harvest,Mustard,OD10,2016-17,published,4403.0,3
Farm Harvest,Mustard,OD10,2017-18,published,4647.0,3
Farm Harvest,Mustard,OD10,2018-19,published,4429.0,3
Farm Harvest,Mustard,OD10,2019-20,projected,4692.87,3
Farm Harvest,Mustard,OD10,2020-21,projected,4972.46,3
Farm Harvest,Mustard,OD10,2021-22,projected,5268.71,3
Farm Harvest,Mustard,OD10,2022-23,projected,5582.62,3
Farm Harvest,Mustard,OD10,2023-24,projected,5915.22,3
Farm Harvest,Mustard,OD10,2024-25,projected,6267.64,3
Farm Harvest,Mustard,OD11,2013-14,imputed,3788.04,3
Farm Harvest,Mustard,OD11,2014-15,imputed,3842.38,3
Farm Harvest,Mustard,OD11,2015-16,imputed,4385.61,3
Farm Harvest,Mustard,OD11,2016-17,imputed,4468.86,3
Farm Harvest,Mustard,OD11,2017-18,published,4960.0,3
Farm Harvest,Mustard,OD11,2018-19,published,4739.0,3
Farm Harvest,Mustard,OD11,2019-20,projected,5021.34,3
Farm Harvest,Mustard,OD11,2020-21,projected,5320.5,3
Farm Harvest,Mustard,OD11,2021-22,projected,5637.49,3
Farm Harvest,Mustard,OD11,2022-23,projected,5973.36,3
Farm Harvest,Mustard,OD11,2023-24,projected,6329.24,3
Farm Harvest,Mustard,OD11,2024-25,projected,6706.33,3
Farm Harvest,Mustard,OD12,2013-14,imputed,3748.02,3
Farm Harvest,Mustard,OD12,2014-15,imputed,3801.78,3
Farm Harvest,Mustard,OD12,2015-16,imputed,4339.27,3
Farm Harvest,Mustard,OD12,2016-17,published,4500.0,3
Farm Harvest,Mustard,OD12,2017-18,published,5000.0,3
Farm Harvest,Mustard,OD12,2018-19,published,4500.0,3
Farm Harvest,Mustard,OD12,2019-20,projected,4768.1,3
Farm Harvest,Mustard,OD12,2020-21,projected,5052.18,3
Farm Harvest,Mustard,OD12,2021-22,projected,5353.18,3
Farm Harvest,Mustard,OD12,2022-23,projected,5672.11,3
Farm Harvest,Mustard,OD12,2023-24,projected,6010.04,3
Farm Harvest,Mustard,OD12,2024-25,projected,6368.11,3
Farm Harvest,Mustard,OD13,2013-14,imputed,3714.62,3
Farm Harvest,Mustard,OD13,2014-15,imputed,3767.9,3
Farm Harvest,Mustard,OD13,2015-16,imputed,4300.61,3
Farm Harvest,Mustard,OD13,2016-17,published,4500.0,3
Farm Harvest,Mustard,OD13,2017-18,published,4600.0,3
Farm Harvest,Mustard,OD13,2018-19,published,4800.0,3
Farm Harvest,Mustard,OD13,2019-20,projected,5085.98,3
Farm Harvest,Mustard,OD13,2020-21,projected,5388.99,3
Farm Harvest,Mustard,OD13,2021-22,projected,5710.05,3
Farm Harvest,Mustard,OD13,2022-23,projected,6050.25,3
Farm Harvest,Mustard,OD13,2023-24,projected,6410.71,3
Farm Harvest,Mustard,OD13,2024-25,projected,6792.65,3
Farm Harvest,Mustard,OD14,2013-14,imputed,4035.17,3
Farm Harvest,Mustard,OD14,2014-15,published,3750.0,3
Farm Harvest,Mustard,OD14,2015-16,published,4350.0,3
Farm Harvest,Mustard,OD14,2016-17,published,4400.0,3
Farm Harvest,Mustard,OD14,2017-18,published,4900.0,3
Farm Harvest,Mustard,OD14,2018-19,published,6695.0,3
Farm Harvest,Mustard,OD14,2019-20,projected,7093.88,3
Farm Harvest,Mustard,OD14,2020-21,projected,7516.52,3
Farm Harvest,Mustard,OD14,2021-22,projected,7964.34,3
Farm Harvest,Mustard,OD14,2022-23,projected,8438.84,3
Farm Harvest,Mustard,OD14,2023-24,projected,8941.61,3
Farm Harvest,Mustard,OD14,2024-25,projected,9474.33,3
Farm Harvest,Mustard,OD15,2013-14,published,3667.0,3
Farm Harvest,Mustard,OD15,2014-15,published,3725.0,3
Farm Harvest,Mustard,OD15,2015-16,published,4300.0,3
Farm Harvest,Mustard,OD15,2016-17,published,4100.0,3
Farm Harvest,Mustard,OD15,2017-18,published,4150.0,3
Farm Harvest,Mustard,OD15,2018-19,published,5308.0,3
Farm Harvest,Mustard,OD15,2019-20,projected,5624.24,3
Farm Harvest,Mustard,OD15,2020-21,projected,5959.32,3
Farm Harvest,Mustard,OD15,2021-22,projected,6314.37,3
Farm Harvest,Mustard,OD15,2022-23,projected,6690.57,3
Farm Harvest,Mustard,OD15,2023-24,projected,7089.18,3
Farm Harvest,Mustard,OD15,2024-25,projected,7511.54,3
Farm Harvest,Mustard,OD16,2013-14,published,3598.0,3
Farm Harvest,Mustard,OD16,2014-15,published,3735.0,3
Farm Harvest,Mustard,OD16,2015-16,published,4295.0,3
Farm Harvest,Mustard,OD16,2016-17,published,4310.0,3
Farm Harvest,Mustard,OD16,2017-18,published,4875.0,3
Farm Harvest,Mustard,OD16,2018-19,published,5000.0,3
Farm Harvest,Mustard,OD16,2019-20,projected,5297.89,3
Farm Harvest,Mustard,OD16,2020-21,projected,5613.53,3
Farm Harvest,Mustard,OD16,2021-22,projected,5947.97,3
Farm Harvest,Mustard,OD16,2022-23,projected,6302.34,3
Farm Harvest,Mustard,OD16,2023-24,projected,6677.82,3
Farm Harvest,Mustard,OD16,2024-25,projected,7075.68,3
Farm Harvest,Mustard,OD17,2013-14,published,3800.0,3
Farm Harvest,Mustard,OD17,2014-15,published,3833.0,3
Farm Harvest,Mustard,OD17,2015-16,published,4375.0,3
Farm Harvest,Mustard,OD17,2016-17,published,4500.0,3
Farm Harvest,Mustard,OD17,2017-18,published,4550.0,3
Farm Harvest,Mustard,OD17,2018-19,published,5100.0,3
Farm Harvest,Mustard,OD17,2019-20,projected,5403.85,3
Farm Harvest,Mustard,OD17,2020-21,projected,5725.8,3
Farm Harvest,Mustard,OD17,2021-22,projected,6066.93,3
Farm Harvest,Mustard,OD17,2022-23,projected,6428.39,3
Farm Harvest,Mustard,OD17,2023-24,projected,6811.38,3
Farm Harvest,Mustard,OD17,2024-25,projected,7217.19,3
Farm Harvest,Mustard,OD18,2013-14,published,3599.0,3
Farm Harvest,Mustard,OD18,2014-15,published,3667.0,3
Farm Harvest,Mustard,OD18,2015-16,published,4233.0,3
Farm Harvest,Mustard,OD18,2016-17,published,4400.0,3
Farm Harvest,Mustard,OD18,2017-18,published,4118.0,3
Farm Harvest,Mustard,OD18,2018-19,published,5047.0,3
Farm Harvest,Mustard,OD18,2019-20,projected,5347.69,3
Farm Harvest,Mustard,OD18,2020-21,projected,5666.3,3
Farm Harvest,Mustard,OD18,2021-22,projected,6003.88,3
Farm Harvest,Mustard,OD18,2022-23,projected,6361.58,3
Farm Harvest,Mustard,OD18,2023-24,projected,6740.6,3
Farm Harvest,Mustard,OD18,2024-25,projected,7142.19,3
Farm Harvest,Mustard,OD19,2013-14,published,3760.0,3
Farm Harvest,Mustard,OD19,2014-15,published,3800.0,3
Farm Harvest,Mustard,OD19,2015-16,published,4300.0,3
Farm Harvest,Mustard,OD19,2016-17,published,4500.0,3
Farm Harvest,Mustard,OD19,2017-18,published,4733.0,3
Farm Harvest,Mustard,OD19,2018-19,published,4800.0,3
Farm Harvest,Mustard,OD19,2019-20,projected,5085.98,3
Farm Harvest,Mustard,OD19,2020-21,projected,5388.99,3
Farm Harvest,Mustard,OD19,2021-22,projected,5710.05,3
Farm Harvest,Mustard,OD19,2022-23,projected,6050.25,3
Farm Harvest,Mustard,OD19,2023-24,projected,6410.71,3
Farm Harvest,Mustard,OD19,2024-25,projected,6792.65,3
Farm Harvest,Mustard,OD20,2013-14,imputed,3569.87,3
Farm Harvest,Mustard,OD20,2014-15,published,3700.0,3
Farm Harvest,Mustard,OD20,2015-16,published,4300.0,3
Farm Harvest,Mustard,OD20,2016-17,published,4350.0,3
Farm Harvest,Mustard,OD20,2017-18,published,4225.0,3
Farm Harvest,Mustard,OD20,2018-19,published,4500.0,3
Farm Harvest,Mustard,OD20,2019-20,projected,4768.1,3
Farm Harvest,Mustard,OD20,2020-21,projected,5052.18,3
Farm Harvest,Mustard,OD20,2021-22,projected,5353.18,3
Farm Harvest,Mustard,OD20,2022-23,projected,5672.11,3
Farm Harvest,Mustard,OD20,2023-24,projected,6010.04,3
Farm Harvest,Mustard,OD20,2024-25,projected,6368.11,3
Farm Harvest,Mustard,OD21,2013-14,imputed,3849.96,3
Farm Harvest,Mustard,OD21,2014-15,imputed,3905.19,3
Farm Harvest,Mustard,OD21,2015-16,imputed,4457.3,3
Farm Harvest,Mustard,OD21,2016-17,imputed,4541.91,3
Farm Harvest,Mustard,OD21,2017-18,published,4125.0,3
Farm Harvest,Mustard,OD21,2018-19,published,5810.0,3
Farm Harvest,Mustard,OD21,2019-20,projected,6156.15,3
Farm Harvest,Mustard,OD21,2020-21,projected,6522.92,3
Farm Harvest,Mustard,OD21,2021-22,projected,6911.55,3
Farm Harvest,Mustard,OD21,2022-23,projected,7323.32,3
Farm Harvest,Mustard,OD21,2023-24,projected,7759.63,3
Farm Harvest,Mustard,OD21,2024-25,projected,8221.94,3
Farm Harvest,Mustard,OD22,2013-14,published,3582.0,3
Farm Harvest,Mustard,OD22,2014-15,published,3676.0,3
Farm Harvest,Mustard,OD22,2015-16,published,4237.0,3
Farm Harvest,Mustard,OD22,2016-17,published,4451.0,3
Farm Harvest,Mustard,OD22,2017-18,published,5125.0,3
Farm Harvest,Mustard,OD22,2018-19,published,4205.0,3
Farm Harvest,Mustard,OD22,2019-20,projected,4455.53,3
Farm Harvest,Mustard,OD22,2020-21,projected,4720.98,3
Farm Harvest,Mustard,OD22,2021-22,projected,5002.25,3
Farm Harvest,Mustard,OD22,2022-23,projected,5300.27,3
Farm Harvest,Mustard,OD22,2023-24,projected,5616.05,3
Farm Harvest,Mustard,OD22,2024-25,projected,5950.64,3
Farm Harvest,Mustard,OD23,2013-14,imputed,3761.08,3
Farm Harvest,Mustard,OD23,2014-15,imputed,3815.03,3
Farm Harvest,Mustard,OD23,2015-16,published,4000.0,3
Farm Harvest,Mustard,OD23,2016-17,published,4500.0,3
Farm Harvest,Mustard,OD23,2017-18,published,5333.0,3
Farm Harvest,Mustard,OD23,2018-19,published,4600.0,3
Farm Harvest,Mustard,OD23,2019-20,projected,4874.06,3
Farm Harvest,Mustard,OD23,2020-21,projected,5164.45,3
Farm Harvest,Mustard,OD23,2021-22,projected,5472.14,3
Farm Harvest,Mustard,OD23,2022-23,projected,5798.16,3
Farm Harvest,Mustard,OD23,2023-24,projected,6143.6,3
Farm Harvest,Mustard,OD23,2024-25,projected,6509.62,3
Farm Harvest,Mustard,OD24,2013-14,published,3775.0,3
Farm Harvest,Mustard,OD24,2014-15,published,3897.0,3
Farm Harvest,Mustard,OD24,2015-16,published,4338.0,3
Farm Harvest,Mustard,OD24,2016-17,published,4410.0,3
Farm Harvest,Mustard,OD24,2017-18,published,4667.0,3
Farm Harvest,Mustard,OD24,2018-19,published,5479.0,3
Farm Harvest,Mustard,OD24,2019-20,projected,5805.43,3
Farm Harvest,Mustard,OD24,2020-21,projected,6151.31,3
Farm Harvest,Mustard,OD24,2021-22,projected,6517.79,3
Farm Harvest,Mustard,OD24,2022-23,projected,6906.11,3
Farm Harvest,Mustard,OD24,2023-24,projected,7317.56,3
Farm Harvest,Mustard,OD24,2024-25,projected,7753.53,3
Farm Harvest,Mustard,OD25,2013-14,published,3850.0,3
Farm Harvest,Mustard,OD25,2014-15,imputed,3606.67,3
Farm Harvest,Mustard,OD25,2015-16,imputed,4116.58,3
Farm Harvest,Mustard,OD25,2016-17,published,4267.0,3
Farm Harvest,Mustard,OD25,2017-18,published,5000.0,3
Farm Harvest,Mustard,OD25,2018-19,published,3600.0,3
Farm Harvest,Mustard,OD25,2019-20,projected,3814.48,3
Farm Harvest,Mustard,OD25,2020-21,projected,4041.74,3
Farm Harvest,Mustard,OD25,2021-22,projected,4282.54,3
Farm Harvest,Mustard,OD25,2022-23,projected,4537.69,3
Farm Harvest,Mustard,OD25,2023-24,projected,4808.03,3
Farm Harvest,Mustard,OD25,2024-25,projected,5094.49,3
Farm Harvest,Mustard,OD26,2013-14,imputed,3814.44,3
Farm Harvest,Mustard,OD26,2014-15,imputed,3869.16,3
Farm Harvest,Mustard,OD26,2015-16,imputed,4416.17,3
Farm Harvest,Mustard,OD26,2016-17,published,4500.0,3
Farm Harvest,Mustard,OD26,2017-18,imputed,4697.29,3
Farm Harvest,Mustard,OD26,2018-19,imputed,5094.44,3
Farm Harvest,Mustard,OD26,2019-20,projected,4768.1,3
Farm Harvest,Mustard,OD26,2020-21,projected,5052.18,3
Farm Harvest,Mustard,OD26,2021-22,projected,5353.18,3
Farm Harvest,Mustard,OD26,2022-23,projected,5672.11,3
Farm Harvest,Mustard,OD26,2023-24,projected,6010.04,3
Farm Harvest,Mustard,OD26,2024-25,projected,6368.11,3
Farm Harvest,Mustard,OD27,2013-14,published,3700.0,3
Farm Harvest,Mustard,OD27,2014-15,published,3822.0,3
Farm Harvest,Mustard,OD27,2015-16,published,4400.0,3
Farm Harvest,Mustard,OD27,2016-17,published,4460.0,3
Farm Harvest,Mustard,OD27,2017-18,published,4475.0,3
Farm Harvest,Mustard,OD27,2018-19,published,5306.0,3
Farm Harvest,Mustard,OD27,2019-20,projected,5622.12,3
Farm Harvest,Mustard,OD27,2020-21,projected,5957.08,3
Farm Harvest,Mustard,OD27,2021-22,projected,6311.99,3
Farm Harvest,Mustard,OD27,2022-23,projected,6688.05,3
Farm Harvest,Mustard,OD27,2023-24,projected,7086.51,3
Farm Harvest,Mustard,OD27,2024-25,projected,7508.71,3
Farm Harvest,Mustard,OD28,2013-14,published,3725.0,3
Farm Harvest,Mustard,OD28,2014-15,published,3750.0,3
Farm Harvest,Mustard,OD28,2015-16,published,4333.0,3
Farm Harvest,Mustard,OD28,2016-17,published,4300.0,3
Farm Harvest,Mustard,OD28,2017-18,published,4532.0,3
Farm Harvest,Mustard,OD28,2018-19,published,4739.0,3
Farm Harvest,Mustard,OD28,2019-20,projected,5021.34,3
Farm Harvest,Mustard,OD28,2020-21,projected,5320.5,3
Farm Harvest,Mustard,OD28,2021-22,projected,5637.49,3
Farm Harvest,Mustard,OD28,2022-23,projected,5973.36,3
Farm Harvest,Mustard,OD28,2023-24,projected,6329.24,3
Farm Harvest,Mustard,OD28,2024-25,projected,6706.33,3
Farm Harvest,Mustard,OD29,2013-14,published,3718.0,3
Farm Harvest,Mustard,OD29,2014-15,published,3825.0,3
Farm Harvest,Mustard,OD29,2015-16,published,4427.0,3
Farm Harvest,Mustard,OD29,2016-17,published,4467.0,3
Farm Harvest,Mustard,OD29,2017-18,published,4500.0,3
Farm Harvest,Mustard,OD29,2018-19,published,5073.0,3
Farm Harvest,Mustard,OD29,2019-20,projected,5375.24,3
Farm Harvest,Mustard,OD29,2020-21,projected,5695.49,3
Farm Harvest,Mustard,OD29,2021-22,projected,6034.81,3
Farm Harvest,Mustard,OD29,2022-23,projected,6394.36,3
Farm Harvest,Mustard,OD29,2023-24,projected,6775.32,3
Farm Harvest,Mustard,OD29,2024-25,projected,7178.98,3
Farm Harvest,Mustard,OD30,2013-14,published,3586.0,3
Farm Harvest,Mustard,OD30,2014-15,published,3767.0,3
Farm Harvest,Mustard,OD30,2015-16,published,4400.0,3
Farm Harvest,Mustard,OD30,2016-17,published,4400.0,3
Farm Harvest,Mustard,OD30,2017-18,published,4000.0,3
Farm Harvest,Mustard,OD30,2018-19,published,5175.0,3
Farm Harvest,Mustard,OD30,2019-20,projected,5483.32,3
Farm Harvest,Mustard,OD30,2020-21,projected,5810.0,3
Farm Harvest,Mustard,OD30,2021-22,projected,6156.15,3
Farm Harvest,Mustard,OD30,2022-23,projected,6522.92,3
Farm Harvest,Mustard,OD30,2023-24,projected,6911.55,3
Farm Harvest,Mustard,OD30,2024-25,projected,7323.33,3
Farm Harvest,Paddy,OD01,2013-14,published,1310.0,3
Farm Harvest,Paddy,OD01,2014-15,published,1360.0,3
Farm Harvest,Paddy,OD01,2015-16,published,1410.0,3
Farm Harvest,Paddy,OD01,2016-17,published,1470.0,3
Farm Harvest,Paddy,OD01,2017-18,published,1550.0,3
Farm Harvest,Paddy,OD01,2018-19,published,1750.0,3
Farm Harvest,Paddy,OD01,2019-20,projected,1854.35,3
Farm Harvest,Paddy,OD01,2020-21,projected,1964.92,3
Farm Harvest,Paddy,OD01,2021-22,projected,2082.08,3
Farm Harvest,Paddy,OD01,2022-23,projected,2206.23,3
Farm Harvest,Paddy,OD01,2023-24,projected,2337.79,3
Farm Harvest,Paddy,OD01,2024-25,projected,2477.18,3
Farm Harvest,Paddy,OD02,2013-14,published,1310.0,3
Farm Harvest,Paddy,OD02,2014-15,published,1360.0,3
Farm Harvest,Paddy,OD02,2015-16,published,1410.0,3
Farm Harvest,Paddy,OD02,2016-17,published,1470.0,3
Farm Harvest,Paddy,OD02,2017-18,published,1550.0,3
Farm Harvest,Paddy,OD02,2018-19,published,1750.0,3
Farm Harvest,Paddy,OD02,2019-20,projected,1854.35,3
Farm Harvest,Paddy,OD02,2020-21,projected,1964.92,3
Farm Harvest,Paddy,OD02,2021-22,projected,2082.08,3
Farm Harvest,Paddy,OD02,2022-23,projected,2206.23,3
Farm Harvest,Paddy,OD02,2023-24,projected,2337.79,3
Farm Harvest,Paddy,OD02,2024-25,projected,2477.18,3
Farm Harvest,Paddy,OD03,2013-14,published,1310.0,3
Farm Harvest,Paddy,OD03,2014-15,published,1360.0,3
Farm Harvest,Paddy,OD03,2015-16,published,1410.0,3
Farm Harvest,Paddy,OD03,2016-17,published,1470.0,3
Farm Harvest,Paddy,OD03,2017-18,published,1550.0,3
Farm Harvest,Paddy,OD03,2018-19,published,1750.0,3
Farm Harvest,Paddy,OD03,2019-20,projected,1854.35,3
Farm Harvest,Paddy,OD03,2020-21,projected,1964.92,3
Farm Harvest,Paddy,OD03,2021-22,projected,2082.08,3
Farm Harvest,Paddy,OD03,2022-23,projected,2206.23,3
Farm Harvest,Paddy,OD03,2023-24,projected,2337.79,3
Farm Harvest,Paddy,OD03,2024-25,projected,2477.18,3
Farm Harvest,Paddy,OD04,2013-14,published,1310.0,3
Farm Harvest,Paddy,OD04,2014-15,published,1360.0,3
Farm Harvest,Paddy,OD04,2015-16,published,1410.0,3
Farm Harvest,Paddy,OD04,2016-17,published,1470.0,3
Farm Harvest,Paddy,OD04,2017-18,published,1550.0,3
Farm Harvest,Paddy,OD04,2018-19,published,1750.0,3
Farm Harvest,Paddy,OD04,2019-20,projected,1854.35,3
Farm Harvest,Paddy,OD04,2020-21,projected,1964.92,3
Farm Harvest,Paddy,OD04,2021-22,projected,2082.08,3
Farm Harvest,Paddy,OD04,2022-23,projected,2206.23,3
Farm Harvest,Paddy,OD04,2023-24,projected,2337.79,3
Farm Harvest,Paddy,OD04,2024-25,projected,2477.18,3
Farm Harvest,Paddy,OD05,2013-14,published,1310.0,3
Farm Harvest,Paddy,OD05,2014-15,published,1360.0,3
Farm Harvest,Paddy,OD05,2015-16,published,1410.0,3
Farm Harvest,Paddy,OD05,2016-17,published,1470.0,3
Farm Harvest,Paddy,OD05,2017-18,published,1550.0,3
Farm Harvest,Paddy,OD05,2018-19,published,1750.0,3
Farm Harvest,Paddy,OD05,2019-20,projected,1854.35,3
Farm Harvest,Paddy,OD05,2020-21,projected,1964.92,3
Farm Harvest,Paddy,OD05,2021-22,projected,2082.08,3
Farm Harvest,Paddy,OD05,2022-23,projected,2206.23,3
Farm Harvest,Paddy,OD05,2023-24,projected,2337.79,3
Farm Harvest,Paddy,OD05,2024-25,projected,2477.18,3
Farm Harvest,Paddy,OD06,2013-14,published,1310.0,3
Farm Harvest,Paddy,OD06,2014-15,published,1360.0,3
Farm Harvest,Paddy,OD06,2015-16,published,1410.0,3
Farm Harvest,Paddy,OD06,2016-17,published,1470.0,3
Farm Harvest,Paddy,OD06,2017-18,published,1550.0,3
Farm Harvest,Paddy,OD06,2018-19,published,1750.0,3
Farm Harvest,Paddy,OD06,2019-20,projected,1854.35,3
Farm Harvest,Paddy,OD06,2020-21,projected,1964.92,3
Farm Harvest,Paddy,OD06,2021-22,projected,2082.08,3
Farm Harvest,Paddy,OD06,2022-23,projected,2206.23,3
Farm Harvest,Paddy,OD06,2023-24,projected,2337.79,3
Farm Harvest,Paddy,OD06,2024-25,projected,2477.18,3
Farm Harvest,Paddy,OD07,2013-14,published,1310.0,3
Farm Harvest,Paddy,OD07,2014-15,published,1360.0,3
Farm Harvest,Paddy,OD07,2015-16,published,1410.0,3
Farm Harvest,Paddy,OD07,2016-17,published,1470.0,3
Farm Harvest,Paddy,OD07,2017-18,published,1550.0,3
Farm Harvest,Paddy,OD07,2018-19,published,1750.0,3
Farm Harvest,Paddy,OD07,2019-20,projected,1854.35,3
Farm Harvest,Paddy,OD07,2020-21,projected,1964.92,3
Farm Harvest,Paddy,OD07,2021-22,projected,2082.08,3
Farm Harvest,Paddy,OD07,2022-23,projected,2206.23,3
Farm Harvest,Paddy,OD07,2023-24,projected,2337.79,3
Farm Harvest,Paddy,OD07,2024-25,projected,2477.18,3
Farm Harvest,Paddy,OD08,2013-14,published,1310.0,3
Farm Harvest,Paddy,OD08,2014-15,published,1360.0,3
Farm Harvest,Paddy,OD08,2015-16,published,1410.0,3
Farm Harvest,Paddy,OD08,2016-17,published,1470.0,3
Farm Harvest,Paddy,OD08,2017-18,published,1550.0,3
Farm Harvest,Paddy,OD08,2018-19,published,1750.0,3
Farm Harvest,Paddy,OD08,2019-20,projected,1854.35,3
Farm Harvest,Paddy,OD08,2020-21,projected,1964.92,3
Farm Harvest,Paddy,OD08,2021-22,projected,2082.08,3
Farm Harvest,Paddy,OD08,2022-23,projected,2206.23,3
Farm Harvest,Paddy,OD08,2023-24,projected,2337.79,3
Farm Harvest,Paddy,OD08,2024-25,projected,2477.18,3
Farm Harvest,Paddy,OD09,2013-14,published,1310.0,3
Farm Harvest,Paddy,OD09,2014-15,published,1360.0,3
Farm Harvest,Paddy,OD09,2015-16,published,1410.0,3
Farm Harvest,Paddy,OD09,2016-17,published,1470.0,3
Farm Harvest,Paddy,OD09,2017-18,published,1550.0,3
Farm Harvest,Paddy,OD09,2018-19,published,1750.0,3
Farm Harvest,Paddy,OD09,2019-20,projected,1854.35,3
Farm Harvest,Paddy,OD09,2020-21,projected,1964.92,3
Farm Harvest,Paddy,OD09,2021-22,projected,2082.08,3
Farm Harvest,Paddy,OD09,2022-23,projected,2206.23,3
Farm Harvest,Paddy,OD09,2023-24,projected,2337.79,3
Farm Harvest,Paddy,OD09,2024-25,projected,2477.18,3
Farm Harvest,Paddy,OD10,2013-14,published,1310.0,3
Farm Harvest,Paddy,OD10,2014-15,published,1360.0,3
Farm Harvest,Paddy,OD10,2015-16,published,1410.0,3
Farm Harvest,Paddy,OD10,2016-17,published,1470.0,3
Farm Harvest,Paddy,OD10,2017-18,published,1550.0,3
Farm Harvest,Paddy,OD10,2018-19,published,1750.0,3
Farm Harvest,Paddy,OD10,2019-20,projected,1854.35,3
Farm Harvest,Paddy,OD10,2020-21,projected,1964.92,3
Farm Harvest,Paddy,OD10,2021-22,projected,2082.08,3
Farm Harvest,Paddy,OD10,2022-23,projected,2206.23,3
Farm Harvest,Paddy,OD10,2023-24,projected,2337.79,3
Farm Harvest,Paddy,OD10,2024-25,projected,2477.18,3
Farm Harvest,Paddy,OD11,2013-14,published,1310.0,3
Farm Harvest,Paddy,OD11,2014-15,published,1360.0,3
Farm Harvest,Paddy,OD11,2015-16,published,1410.0,3
Farm Harvest,Paddy,OD11,2016-17,published,1470.0,3
Farm Harvest,Paddy,OD11,2017-18,published,1550.0,3
Farm Harvest,Paddy,OD11,2018-19,published,1750.0,3
Farm Harvest,Paddy,OD11,2019-20,projected,1854.35,3
Farm Harvest,Paddy,OD11,2020-21,projected,1964.92,3
Farm Harvest,Paddy,OD11,2021-22,projected,2082.08,3
Farm Harvest,Paddy,OD11,2022-23,projected,2206.23,3
Farm Harvest,Paddy,OD11,2023-24,projected,2337.79,3
Farm Harvest,Paddy,OD11,2024-25,projected,2477.18,3
Farm Harvest,Paddy,OD12,2013-14,published,1310.0,3
Farm Harvest,Paddy,OD12,2014-15,published,1360.0,3
Farm Harvest,Paddy,OD12,2015-16,published,1410.0,3
Farm Harvest,Paddy,OD12,2016-17,published,1470.0,3
Farm Harvest,Paddy,OD12,2017-18,published,1550.0,3
Farm Harvest,Paddy,OD12,2018-19,published,1750.0,3
Farm Harvest,Paddy,OD12,2019-20,projected,1854.35,3
Farm Harvest,Paddy,OD12,2020-21,projected,1964.92,3
Farm Harvest,Paddy,OD12,2021-22,projected,2082.08,3
Farm Harvest,Paddy,OD12,2022-23,projected,2206.23,3
Farm Harvest,Paddy,OD12,2023-24,projected,2337.79,3
Farm Harvest,Paddy,OD12,2024-25,projected,2477.18,3
Farm Harvest,Paddy,OD13,2013-14,published,1310.0,3
Farm Harvest,Paddy,OD13,2014-15,published,1360.0,3
Farm Harvest,Paddy,OD13,2015-16,published,1410.0,3
Farm Harvest,Paddy,OD13,2016-17,published,1470.0,3
Farm Harvest,Paddy,OD13,2017-18,published,1550.0,3
Farm Harvest,Paddy,OD13,2018-19,published,1750.0,3
Farm Harvest,Paddy,OD13,2019-20,projected,1854.35,3
Farm Harvest,Paddy,OD13,2020-21,projected,1964.92,3
Farm Harvest,Paddy,OD13,2021-22,projected,2082.08,3
Farm Harvest,Paddy,OD13,2022-23,projected,2206.23,3
Farm Harvest,Paddy,OD13,2023-24,projected,2337.79,3
Farm Harvest,Paddy,OD13,2024-25,projected,2477.18,3
Farm Harvest,Paddy,OD14,2013-14,published,1310.0,3
Farm Harvest,Paddy,OD14,2014-15,published,1360.0,3
Farm Harvest,Paddy,OD14,2015-16,published,1410.0,3
Farm Harvest,Paddy,OD14,2016-17,published,1470.0,3
Farm Harvest,Paddy,OD14,2017-18,published,1550.0,3
Farm Harvest,Paddy,OD14,2018-19,published,1750.0,3
Farm Harvest,Paddy,OD14,2019-20,projected,1854.35,3
Farm Harvest,Paddy,OD14,2020-21,projected,1964.92,3
Farm Harvest,Paddy,OD14,2021-22,projected,2082.08,3
Farm Harvest,Paddy,OD14,2022-23,projected,2206.23,3
Farm Harvest,Paddy,OD14,2023-24,projected,2337.79,3
Farm Harvest,Paddy,OD14,2024-25,projected,2477.18,3
Farm Harvest,Paddy,OD15,2013-14,published,1310.0,3
Farm Harvest,Paddy,OD15,2014-15,published,1360.0,3
Farm Harvest,Paddy,OD15,2015-16,published,1435.0,3
Farm Harvest,Paddy,OD15,2016-17,published,1470.0,3
Farm Harvest,Paddy,OD15,2017-18,published,1570.0,3
Farm Harvest,Paddy,OD15,2018-19,published,1750.0,3
Farm Harvest,Paddy,OD15,2019-20,projected,1854.35,3
Farm Harvest,Paddy,OD15,2020-21,projected,1964.92,3
Farm Harvest,Paddy,OD15,2021-22,projected,2082.08,3
Farm Harvest,Paddy,OD15,2022-23,projected,2206.23,3
Farm Harvest,Paddy,OD15,2023-24,projected,2337.79,3
Farm Harvest,Paddy,OD15,2024-25,projected,2477.18,3
Farm Harvest,Paddy,OD16,2013-14,published,1310.0,3
Farm Harvest,Paddy,OD16,2014-15,published,1360.0,3
Farm Harvest,Paddy,OD16,2015-16,published,1410.0,3
Farm Harvest,Paddy,OD16,2016-17,published,1470.0,3
Farm Harvest,Paddy,OD16,2017-18,published,1550.0,3
Farm Harvest,Paddy,OD16,2018-19,published,1750.0,3
Farm Harvest,Paddy,OD16,2019-20,projected,1854.35,3
Farm Harvest,Paddy,OD16,2020-21,projected,1964.92,3
Farm Harvest,Paddy,OD16,2021-22,projected,2082.08,3
Farm Harvest,Paddy,OD16,2022-23,projected,2206.23,3
Farm Harvest,Paddy,OD16,2023-24,projected,2337.79,3
Farm Harvest,Paddy,OD16,2024-25,projected,2477.18,3
Farm Harvest,Paddy,OD17,2013-14,published,1310.0,3
Farm Harvest,Paddy,OD17,2014-15,published,1360.0,3
Farm Harvest,Paddy,OD17,2015-16,published,1410.0,3
Farm Harvest,Paddy,OD17,2016-17,published,1470.0,3
Farm Harvest,Paddy,OD17,2017-18,published,1550.0,3
Farm Harvest,Paddy,OD17,2018-19,published,1750.0,3
Farm Harvest,Paddy,OD17,2019-20,projected,1854.35,3
Farm Harvest,Paddy,OD17,2020-21,projected,1964.92,3
Farm Harvest,Paddy,OD17,2021-22,projected,2082.08,3
Farm Harvest,Paddy,OD17,2022-23,projected,2206.23,3
Farm Harvest,Paddy,OD17,2023-24,projected,2337.79,3
Farm Harvest,Paddy,OD17,2024-25,projected,2477.18,3
Farm Harvest,Paddy,OD18,2013-14,published,1310.0,3
Farm Harvest,Paddy,OD18,2014-15,published,1360.0,3
Farm Harvest,Paddy,OD18,2015-16,published,1410.0,3
Farm Harvest,Paddy,OD18,2016-17,published,1470.0,3
Farm Harvest,Paddy,OD18,2017-18,published,1550.0,3
Farm Harvest,Paddy,OD18,2018-19,published,1750.0,3
Farm Harvest,Paddy,OD18,2019-20,projected,1854.35,3
Farm Harvest,Paddy,OD18,2020-21,projected,1964.92,3
Farm Harvest,Paddy,OD18,2021-22,projected,2082.08,3
Farm Harvest,Paddy,OD18,2022-23,projected,2206.23,3
Farm Harvest,Paddy,OD18,2023-24,projected,2337.79,3
Farm Harvest,Paddy,OD18,2024-25,projected,2477.18,3
Farm Harvest,Paddy,OD19,2013-14,published,1310.0,3
Farm Harvest,Paddy,OD19,2014-15,published,1360.0,3
Farm Harvest,Paddy,OD19,2015-16,published,1410.0,3
Farm Harvest,Paddy,OD19,2016-17,published,1470.0,3
Farm Harvest,Paddy,OD19,2017-18,published,1550.0,3
Farm Harvest,Paddy,OD19,2018-19,published,1750.0,3
Farm Harvest,Paddy,OD19,2019-20,projected,1854.35,3
Farm Harvest,Paddy,OD19,2020-21,projected,1964.92,3
Farm Harvest,Paddy,OD19,2021-22,projected,2082.08,3
Farm Harvest,Paddy,OD19,2022-23,projected,2206.23,3
Farm Harvest,Paddy,OD19,2023-24,projected,2337.79,3
Farm Harvest,Paddy,OD19,2024-25,projected,2477.18,3
Farm Harvest,Paddy,OD20,2013-14,published,1310.0,3
Farm Harvest,Paddy,OD20,2014-15,published,1360.0,3
Farm Harvest,Paddy,OD20,2015-16,published,1410.0,3
Farm Harvest,Paddy,OD20,2016-17,published,1470.0,3
Farm Harvest,Paddy,OD20,2017-18,published,1550.0,3
Farm Harvest,Paddy,OD20,2018-19,published,1750.0,3
Farm Harvest,Paddy,OD20,2019-20,projected,1854.35,3
Farm Harvest,Paddy,OD20,2020-21,projected,1964.92,3
Farm Harvest,Paddy,OD20,2021-22,projected,2082.08,3
Farm Harvest,Paddy,OD20,2022-23,projected,2206.23,3
Farm Harvest,Paddy,OD20,2023-24,projected,2337.79,3
Farm Harvest,Paddy,OD20,2024-25,projected,2477.18,3
Farm Harvest,Paddy,OD21,2013-14,published,1310.0,3
Farm Harvest,Paddy,OD21,2014-15,published,1360.0,3
Farm Harvest,Paddy,OD21,2015-16,published,1410.0,3
Farm Harvest,Paddy,OD21,2016-17,published,1470.0,3
Farm Harvest,Paddy,OD21,2017-18,published,1550.0,3
Farm Harvest,Paddy,OD21,2018-19,published,1750.0,3
Farm Harvest,Paddy,OD21,2019-20,projected,1854.35,3
Farm Harvest,Paddy,OD21,2020-21,projected,1964.92,3
Farm Harvest,Paddy,OD21,2021-22,projected,2082.08,3
Farm Harvest,Paddy,OD21,2022-23,projected,2206.23,3
Farm Harvest,Paddy,OD21,2023-24,projected,2337.79,3
Farm Harvest,Paddy,OD21,2024-25,projected,2477.18,3
Farm Harvest,Paddy,OD22,2013-14,published,1310.0,3
Farm Harvest,Paddy,OD22,2014-15,published,1360.0,3
Farm Harvest,Paddy,OD22,2015-16,published,1410.0,3
Farm Harvest,Paddy,OD22,2016-17,published,1470.0,3
Farm Harvest,Paddy,OD22,2017-18,published,1550.0,3
Farm Harvest,Paddy,OD22,2018-19,published,1750.0,3
Farm Harvest,Paddy,OD22,2019-20,projected,1854.35,3
Farm Harvest,Paddy,OD22,2020-21,projected,1964.92,3
Farm Harvest,Paddy,OD22,2021-22,projected,2082.08,3
Farm Harvest,Paddy,OD22,2022-23,projected,2206.23,3
Farm Harvest,Paddy,OD22,2023-24,projected,2337.79,3
Farm Harvest,Paddy,OD22,2024-25,projected,2477.18,3
Farm Harvest,Paddy,OD23,2013-14,published,1310.0,3
Farm Harvest,Paddy,OD23,2014-15,published,1360.0,3
Farm Harvest,Paddy,OD23,2015-16,published,1410.0,3
Farm Harvest,Paddy,OD23,2016-17,published,1470.0,3
Farm Harvest,Paddy,OD23,2017-18,published,1550.0,3
Farm Harvest,Paddy,OD23,2018-19,published,1750.0,3
Farm Harvest,Paddy,OD23,2019-20,projected,1854.35,3
Farm Harvest,Paddy,OD23,2020-21,projected,1964.92,3
Farm Harvest,Paddy,OD23,2021-22,projected,2082.08,3
Farm Harvest,Paddy,OD23,2022-23,projected,2206.23,3
Farm Harvest,Paddy,OD23,2023-24,projected,2337.79,3
Farm Harvest,Paddy,OD23,2024-25,projected,2477.18,3
Farm Harvest,Paddy,OD24,2013-14,published,1310.0,3
Farm Harvest,Paddy,OD24,2014-15,published,1360.0,3
Farm Harvest,Paddy,OD24,2015-16,published,1410.0,3
Farm Harvest,Paddy,OD24,2016-17,published,1470.0,3
Farm Harvest,Paddy,OD24,2017-18,published,1625.0,3
Farm Harvest,Paddy,OD24,2018-19,published,1750.0,3
Farm Harvest,Paddy,OD24,2019-20,projected,1854.35,3
Farm Harvest,Paddy,OD24,2020-21,projected,1964.92,3
Farm Harvest,Paddy,OD24,2021-22,projected,2082.08,3
Farm Harvest,Paddy,OD24,2022-23,projected,2206.23,3
Farm Harvest,Paddy,OD24,2023-24,projected,2337.79,3
Farm Harvest,Paddy,OD24,2024-25,projected,2477.18,3
Farm Harvest,Paddy,OD25,2013-14,published,1310.0,3
Farm Harvest,Paddy,OD25,2014-15,published,1360.0,3
Farm Harvest,Paddy,OD25,2015-16,published,1410.0,3
Farm Harvest,Paddy,OD25,2016-17,published,1470.0,3
Farm Harvest,Paddy,OD25,2017-18,published,1550.0,3
Farm Harvest,Paddy,OD25,2018-19,published,1750.0,3
Farm Harvest,Paddy,OD25,2019-20,projected,1854.35,3
Farm Harvest,Paddy,OD25,2020-21,projected,1964.92,3
Farm Harvest,Paddy,OD25,2021-22,projected,2082.08,3
Farm Harvest,Paddy,OD25,2022-23,projected,2206.23,3
Farm Harvest,Paddy,OD25,2023-24,projected,2337.79,3
Farm Harvest,Paddy,OD25,2024-25,projected,2477.18,3
Farm Harvest,Paddy,OD26,2013-14,published,1310.0,3
Farm Harvest,Paddy,OD26,2014-15,published,1360.0,3
Farm Harvest,Paddy,OD26,2015-16,published,1410.0,3
Farm Harvest,Paddy,OD26,2016-17,published,1470.0,3
Farm Harvest,Paddy,OD26,2017-18,published,1550.0,3
Farm Harvest,Paddy,OD26,2018-19,published,1750.0,3
Farm Harvest,Paddy,OD26,2019-20,projected,1854.35,3
Farm Harvest,Paddy,OD26,2020-21,projected,1964.92,3
Farm Harvest,Paddy,OD26,2021-22,projected,2082.08,3
Farm Harvest,Paddy,OD26,2022-23,projected,2206.23,3
Farm Harvest,Paddy,OD26,2023-24,projected,2337.79,3
Farm Harvest,Paddy,OD26,2024-25,projected,2477.18,3
Farm Harvest,Paddy,OD27,2013-14,published,1310.0,3
Farm Harvest,Paddy,OD27,2014-15,published,1360.0,3
Farm Harvest,Paddy,OD27,2015-16,published,1410.0,3
Farm Harvest,Paddy,OD27,2016-17,published,1470.0,3
Farm Harvest,Paddy,OD27,2017-18,published,1550.0,3
Farm Harvest,Paddy,OD27,2018-19,published,1750.0,3
Farm Harvest,Paddy,OD27,2019-20,projected,1854.35,3
Farm Harvest,Paddy,OD27,2020-21,projected,1964.92,3
Farm Harvest,Paddy,OD27,2021-22,projected,2082.08,3
Farm Harvest,Paddy,OD27,2022-23,projected,2206.23,3
Farm Harvest,Paddy,OD27,2023-24,projected,2337.79,3
Farm Harvest,Paddy,OD27,2024-25,projected,2477.18,3
Farm Harvest,Paddy,OD28,2013-14,published,1310.0,3
Farm Harvest,Paddy,OD28,2014-15,published,1360.0,3
Farm Harvest,Paddy,OD28,2015-16,published,1410.0,3
Farm Harvest,Paddy,OD28,2016-17,published,1470.0,3
Farm Harvest,Paddy,OD28,2017-18,published,1550.0,3
Farm Harvest,Paddy,OD28,2018-19,published,1750.0,3
Farm Harvest,Paddy,OD28,2019-20,projected,1854.35,3
Farm Harvest,Paddy,OD28,2020-21,projected,1964.92,3
Farm Harvest,Paddy,OD28,2021-22,projected,2082.08,3
Farm Harvest,Paddy,OD28,2022-23,projected,2206.23,3
Farm Harvest,Paddy,OD28,2023-24,projected,2337.79,3
Farm Harvest,Paddy,OD28,2024-25,projected,2477.18,3
Farm Harvest,Paddy,OD29,2013-14,published,1310.0,3
Farm Harvest,Paddy,OD29,2014-15,published,1360.0,3
Farm Harvest,Paddy,OD29,2015-16,published,1433.0,3
Farm Harvest,Paddy,OD29,2016-17,published,1470.0,3
Farm Harvest,Paddy,OD29,2017-18,published,1550.0,3
Farm Harvest,Paddy,OD29,2018-19,published,1750.0,3
Farm Harvest,Paddy,OD29,2019-20,projected,1854.35,3
Farm Harvest,Paddy,OD29,2020-21,projected,1964.92,3
Farm Harvest,Paddy,OD29,2021-22,projected,2082.08,3
Farm Harvest,Paddy,OD29,2022-23,projected,2206.23,3
Farm Harvest,Paddy,OD29,2023-24,projected,2337.79,3
Farm Harvest,Paddy,OD29,2024-25,projected,2477.18,3
Farm Harvest,Paddy,OD30,2013-14,published,1310.0,3
Farm Harvest,Paddy,OD30,2014-15,published,1360.0,3
Farm Harvest,Paddy,OD30,2015-16,published,1410.0,3
Farm Harvest,Paddy,OD30,2016-17,published,1470.0,3
Farm Harvest,Paddy,OD30,2017-18,published,1550.0,3
Farm Harvest,Paddy,OD30,2018-19,published,1750.0,3
Farm Harvest,Paddy,OD30,2019-20,projected,1854.35,3
Farm Harvest,Paddy,OD30,2020-21,projected,1964.92,3
Farm Harvest,Paddy,OD30,2021-22,projected,2082.08,3
Farm Harvest,Paddy,OD30,2022-23,projected,2206.23,3
Farm Harvest,Paddy,OD30,2023-24,projected,2337.79,3
Farm Harvest,Paddy,OD30,2024-25,projected,2477.18,3
Farm Harvest,Potato,OD01,2013-14,published,800.0,3
Farm Harvest,Potato,OD01,2014-15,published,725.0,3
Farm Harvest,Potato,OD01,2015-16,published,906.0,3
Farm Harvest,Potato,OD01,2016-17,published,883.0,3
Farm Harvest,Potato,OD01,2017-18,published,994.0,3
Farm Harvest,Potato,OD01,2018-19,published,1267.0,3
Farm Harvest,Potato,OD01,2019-20,projected,1355.25,3
Farm Harvest,Potato,OD01,2020-21,projected,1449.65,3
Farm Harvest,Potato,OD01,2021-22,projected,1550.62,3
Farm Harvest,Potato,OD01,2022-23,projected,1658.62,3
Farm Harvest,Potato,OD01,2023-24,projected,1774.15,3
Farm Harvest,Potato,OD01,2024-25,projected,1897.72,3
Farm Harvest,Potato,OD02,2013-14,imputed,881.31,3
Farm Harvest,Potato,OD02,2014-15,imputed,802.7,3
Farm Harvest,Potato,OD02,2015-16,imputed,929.57,3
Farm Harvest,Potato,OD02,2016-17,published,813.0,3
Farm Harvest,Potato,OD02,2017-18,published,1167.0,3
Farm Harvest,Potato,OD02,2018-19,published,1100.0,3
Farm Harvest,Potato,OD02,2019-20,projected,1176.62,3
Farm Harvest,Potato,OD02,2020-21,projected,1258.57,3
Farm Harvest,Potato,OD02,2021-22,projected,1346.23,3
Farm Harvest,Potato,OD02,2022-23,projected,1440.0,3
Farm Harvest,Potato,OD02,2023-24,projected,1540.3,3
Farm Harvest,Potato,OD02,2024-25,projected,1647.59,3
Farm Harvest,Potato,OD03,2013-14,published,780.0,3
Farm Harvest,Potato,OD03,2014-15,published,740.0,3
Farm Harvest,Potato,OD03,2015-16,published,800.0,3
Farm Harvest,Potato,OD03,2016-17,published,838.0,3
Farm Harvest,Potato,OD03,2017-18,published,680.0,3
Farm Harvest,Potato,OD03,2018-19,published,1050.0,3
Farm Harvest,Potato,OD03,2019-20,projected,1123.13,3
Farm Harvest,Potato,OD03,2020-21,projected,1201.36,3
Farm Harvest,Potato,OD03,2021-22,projected,1285.04,3
Farm Harvest,Potato,OD03,2022-23,projected,1374.55,3
Farm Harvest,Potato,OD03,2023-24,projected,1470.29,3
Farm Harvest,Potato,OD03,2024-25,projected,1572.7,3
Farm Harvest,Potato,OD04,2013-14,published,800.0,3
Farm Harvest,Potato,OD04,2014-15,published,730.0,3
Farm Harvest,Potato,OD04,2015-16,published,875.0,3
Farm Harvest,Potato,OD04,2016-17,published,880.0,3
Farm Harvest,Potato,OD04,2017-18,published,992.0,3
Farm Harvest,Potato,OD04,2018-19,published,1246.0,3
Farm Harvest,Potato,OD04,2019-20,projected,1332.79,3
Farm Harvest,Potato,OD04,2020-21,projected,1425.62,3
Farm Harvest,Potato,OD04,2021-22,projected,1524.92,3
Farm Harvest,Potato,OD04,2022-23,projected,1631.13,3
Farm Harvest,Potato,OD04,2023-24,projected,1744.74,3
Farm Harvest,Potato,OD04,2024-25,projected,1866.26,3
Farm Harvest,Potato,OD05,2013-14,published,868.0,3
Farm Harvest,Potato,OD05,2014-15,published,787.0,3
Farm Harvest,Potato,OD05,2015-16,published,867.0,3
Farm Harvest,Potato,OD05,2016-17,published,820.0,3
Farm Harvest,Potato,OD05,2017-18,published,950.0,3
Farm Harvest,Potato,OD05,2018-19,published,1230.0,3
Farm Harvest,Potato,OD05,2019-20,projected,1315.67,3
Farm Harvest,Potato,OD05,2020-21,projected,1407.31,3
Farm Harvest,Potato,OD05,2021-22,projected,1505.33,3
Farm Harvest,Potato,OD05,2022-23,projected,1610.18,3
Farm Harvest,Potato,OD05,2023-24,projected,1722.34,3
Farm Harvest,Potato,OD05,2024-25,projected,1842.3,3
Farm Harvest,Potato,OD06,2013-14,published,850.0,3
Farm Harvest,Potato,OD06,2014-15,published,800.0,3
Farm Harvest,Potato,OD06,2015-16,published,925.0,3
Farm Harvest,Potato,OD06,2016-17,published,933.0,3
Farm Harvest,Potato,OD06,2017-18,published,1000.0,3
Farm Harvest,Potato,OD06,2018-19,published,1400.0,3
Farm Harvest,Potato,OD06,2019-20,projected,1497.51,3
Farm Harvest,Potato,OD06,2020-21,projected,1601.82,3
Farm Harvest,Potato,OD06,2021-22,projected,1713.39,3
Farm Harvest,Potato,OD06,2022-23,projected,1832.73,3
Farm Harvest,Potato,OD06,2023-24,projected,1960.38,3
Farm Harvest,Potato,OD06,2024-25,projected,2096.93,3
Farm Harvest,Potato,OD07,2013-14,published,866.0,3
Farm Harvest,Potato,OD07,2014-15,published,785.0,3
Farm Harvest,Potato,OD07,2015-16,published,900.0,3
Farm Harvest,Potato,OD07,2016-17,published,586.0,3
Farm Harvest,Potato,OD07,2017-18,published,943.0,3
Farm Harvest,Potato,OD07,2018-19,published,1077.0,3
Farm Harvest,Potato,OD07,2019-20,projected,1152.02,3
Farm Harvest,Potato,OD07,2020-21,projected,1232.26,3
Farm Harvest,Potato,OD07,2021-22,projected,1318.08,3
Farm Harvest,Potato,OD07,2022-23,projected,1409.89,3
Farm Harvest,Potato,OD07,2023-24,projected,1508.09,3
Farm Harvest,Potato,OD07,2024-25,projected,1613.14,3
Farm Harvest,Potato,OD08,2013-14,published,865.0,3
Farm Harvest,Potato,OD08,2014-15,published,784.0,3
Farm Harvest,Potato,OD08,2015-16,published,950.0,3
Farm Harvest,Potato,OD08,2016-17,published,942.0,3
Farm Harvest,Potato,OD08,2017-18,published,994.0,3
Farm Harvest,Potato,OD08,2018-19,published,1367.0,3
Farm Harvest,Potato,OD08,2019-20,projected,1462.21,3
Farm Harvest,Potato,OD08,2020-21,projected,1564.06,3
Farm Harvest,Potato,OD08,2021-22,projected,1673.0,3
Farm Harvest,Potato,OD08,2022-23,projected,1789.53,3
Farm Harvest,Potato,OD08,2023-24,projected,1914.17,3
Farm Harvest,Potato,OD08,2024-25,projected,2047.5,3
Farm Harvest,Potato,OD09,2013-14,published,862.0,3
Farm Harvest,Potato,OD09,2014-15,published,781.0,3
Farm Harvest,Potato,OD09,2015-16,published,900.0,3
Farm Harvest,Potato,OD09,2016-17,published,793.0,3
Farm Harvest,Potato,OD09,2017-18,published,991.0,3
Farm Harvest,Potato,OD09,2018-19,published,1385.0,3
Farm Harvest,Potato,OD09,2019-20,projected,1481.47,3
Farm Harvest,Potato,OD09,2020-21,projected,1584.66,3
Farm Harvest,Potato,OD09,2021-22,projected,1695.03,3
Farm Harvest,Potato,OD09,2022-23,projected,1813.09,3
Farm Harvest,Potato,OD09,2023-24,projected,1939.38,3
Farm Harvest,Potato,OD09,2024-25,projected,2074.46,3
Farm Harvest,Potato,OD10,2013-14,imputed,849.83,3
Farm Harvest,Potato,OD10,2014-15,published,745.0,3
Farm Harvest,Potato,OD10,2015-16,published,833.0,3
Farm Harvest,Potato,OD10,2016-17,published,767.0,3
Farm Harvest,Potato,OD10,2017-18,published,996.0,3
Farm Harvest,Potato,OD10,2018-19,published,1374.0,3
Farm Harvest,Potato,OD10,2019-20,projected,1469.7,3
Farm Harvest,Potato,OD10,2020-21,projected,1572.07,3
Farm Harvest,Potato,OD10,2021-22,projected,1681.57,3
Farm Harvest,Potato,OD10,2022-23,projected,1798.69,3
Farm Harvest,Potato,OD10,2023-24,projected,1923.97,3
Farm Harvest,Potato,OD10,2024-25,projected,2057.98,3
Farm Harvest,Potato,OD11,2013-14,published,805.0,3
Farm Harvest,Potato,OD11,2014-15,published,730.0,3
Farm Harvest,Potato,OD11,2015-16,published,825.0,3
Farm Harvest,Potato,OD11,2016-17,published,600.0,3
Farm Harvest,Potato,OD11,2017-18,published,913.0,3
Farm Harvest,Potato,OD11,2018-19,published,1274.0,3
Farm Harvest,Potato,OD11,2019-20,projected,1362.74,3
Farm Harvest,Potato,OD11,2020-21,projected,1457.65,3
Farm Harvest,Potato,OD11,2021-22,projected,1559.18,3
Farm Harvest,Potato,OD11,2022-23,projected,1667.78,3
Farm Harvest,Potato,OD11,2023-24,projected,1783.95,3
Farm Harvest,Potato,OD11,2024-25,projected,1908.2,3
Farm Harvest,Potato,OD12,2013-14,published,890.0,3
Farm Harvest,Potato,OD12,2014-15,published,815.0,3
Farm Harvest,Potato,OD12,2015-16,published,860.0,3
Farm Harvest,Potato,OD12,2016-17,published,867.0,3
Farm Harvest,Potato,OD12,2017-18,published,915.0,3
Farm Harvest,Potato,OD12,2018-19,published,1240.0,3
Farm Harvest,Potato,OD12,2019-20,projected,1326.37,3
Farm Harvest,Potato,OD12,2020-21,projected,1418.75,3
Farm Harvest,Potato,OD12,2021-22,projected,1517.57,3
Farm Harvest,Potato,OD12,2022-23,projected,1623.27,3
Farm Harvest,Potato,OD12,2023-24,projected,1736.34,3
Farm Harvest,Potato,OD12,2024-25,projected,1857.28,3
Farm Harvest,Potato,OD13,2013-14,published,860.0,3
Farm Harvest,Potato,OD13,2014-15,published,780.0,3
Farm Harvest,Potato,OD13,2015-16,published,833.0,3
Farm Harvest,Potato,OD13,2016-17,published,733.0,3
Farm Harvest,Potato,OD13,2017-18,published,995.0,3
Farm Harvest,Potato,OD13,2018-19,published,1000.0,3
Farm Harvest,Potato,OD13,2019-20,projected,1069.65,3
Farm Harvest,Potato,OD13,2020-21,projected,1144.16,3
Farm Harvest,Potato,OD13,2021-22,projected,1223.85,3
Farm Harvest,Potato,OD13,2022-23,projected,1309.09,3
Farm Harvest,Potato,OD13,2023-24,projected,1400.27,3
Farm Harvest,Potato,OD13,2024-25,projected,1497.8,3
Farm Harvest,Potato,OD14,2013-14,published,925.0,3
Farm Harvest,Potato,OD14,2014-15,published,840.0,3
Farm Harvest,Potato,OD14,2015-16,published,1000.0,3
Farm Harvest,Potato,OD14,2016-17,published,900.0,3
Farm Harvest,Potato,OD14,2017-18,published,982.0,3
Farm Harvest,Potato,OD14,2018-19,published,982.0,3
Farm Harvest,Potato,OD14,2019-20,projected,1050.4,3
Farm Harvest,Potato,OD14,2020-21,projected,1123.56,3
Farm Harvest,Potato,OD14,2021-22,projected,1201.82,3
Farm Harvest,Potato,OD14,2022-23,projected,1285.53,3
Farm Harvest,Potato,OD14,2023-24,projected,1375.07,3
Farm Harvest,Potato,OD14,2024-25,projected,1470.84,3
Farm Harvest,Potato,OD15,2013-14,imputed,642.73,3
Farm Harvest,Potato,OD15,2014-15,imputed,585.4,3
Farm Harvest,Potato,OD15,2015-16,imputed,677.92,3
Farm Harvest,Potato,OD15,2016-17,imputed,634.38,3
Farm Harvest,Potato,OD15,2017-18,imputed,724.93,3
Farm Harvest,Potato,OD15,2018-19,published,900.0,3
Farm Harvest,Potato,OD15,2019-20,projected,962.69,3
Farm Harvest,Potato,OD15,2020-21,projected,1029.74,3
Farm Harvest,Potato,OD15,2021-22,projected,1101.46,3
Farm Harvest,Potato,OD15,2022-23,projected,1178.18,3
Farm Harvest,Potato,OD15,2023-24,projected,1260.25,3
Farm Harvest,Potato,OD15,2024-25,projected,1348.02,3
Farm Harvest,Potato,OD16,2013-14,published,870.0,3
Farm Harvest,Potato,OD16,2014-15,published,785.0,3
Farm Harvest,Potato,OD16,2015-16,published,953.0,3
Farm Harvest,Potato,OD16,2016-17,published,850.0,3
Farm Harvest,Potato,OD16,2017-18,published,943.0,3
Farm Harvest,Potato,OD16,2018-19,published,950.0,3
Farm Harvest,Potato,OD16,2019-20,projected,1016.17,3
Farm Harvest,Potato,OD16,2020-21,projected,1086.95,3
Farm Harvest,Potato,OD16,2021-22,projected,1162.66,3
Farm Harvest,Potato,OD16,2022-23,projected,1243.64,3
Farm Harvest,Potato,OD16,2023-24,projected,1330.26,3
Farm Harvest,Potato,OD16,2024-25,projected,1422.91,3
Farm Harvest,Potato,OD17,2013-14,published,806.0,3
Farm Harvest,Potato,OD17,2014-15,published,700.0,3
Farm Harvest,Potato,OD17,2015-16,published,800.0,3
Farm Harvest,Potato,OD17,2016-17,published,767.0,3
Farm Harvest,Potato,OD17,2017-18,published,850.0,3
Farm Harvest,Potato,OD17,2018-19,published,1025.0,3
Farm Harvest,Potato,OD17,2019-20,projected,1096.39,3
Farm Harvest,Potato,OD17,2020-21,projected,1172.76,3
Farm Harvest,Potato,OD17,2021-22,projected,1254.44,3
Farm Harvest,Potato,OD17,2022-23,projected,1341.82,3
Farm Harvest,Potato,OD17,2023-24,projected,1435.28,3
Farm Harvest,Potato,OD17,2024-25,projected,1535.25,3
Farm Harvest,Potato,OD18,2013-14,published,937.0,3
Farm Harvest,Potato,OD18,2014-15,published,850.0,3
Farm Harvest,Potato,OD18,2015-16,published,967.0,3
Farm Harvest,Potato,OD18,2016-17,published,900.0,3
Farm Harvest,Potato,OD18,2017-18,published,953.0,3
Farm Harvest,Potato,OD18,2018-19,published,1127.0,3
Farm Harvest,Potato,OD18,2019-20,projected,1205.5,3
Farm Harvest,Potato,OD18,2020-21,projected,1289.46,3
Farm Harvest,Potato,OD18,2021-22,projected,1379.28,3
Farm Harvest,Potato,OD18,2022-23,projected,1475.35,3
Farm Harvest,Potato,OD18,2023-24,projected,1578.11,3
Farm Harvest,Potato,OD18,2024-25,projected,1688.03,3
Farm Harvest,Potato,OD19,2013-14,published,824.0,3
Farm Harvest,Potato,OD19,2014-15,published,750.0,3
Farm Harvest,Potato,OD19,2015-16,published,825.0,3
Farm Harvest,Potato,OD19,2016-17,published,800.0,3
Farm Harvest,Potato,OD19,2017-18,published,815.0,3
Farm Harvest,Potato,OD19,2018-19,published,815.0,3
Farm Harvest,Potato,OD19,2019-20,projected,871.77,3
Farm Harvest,Potato,OD19,2020-21,projected,932.49,3
Farm Harvest,Potato,OD19,2021-22,projected,997.44,3
Farm Harvest,Potato,OD19,2022-23,projected,1066.91,3
Farm Harvest,Potato,OD19,2023-24,projected,1141.22,3
Farm Harvest,Potato,OD19,2024-25,projected,1220.71,3
Farm Harvest,Potato,OD20,2013-14,published,818.0,3
Farm Harvest,Potato,OD20,2014-15,published,740.0,3
Farm Harvest,Potato,OD20,2015-16,published,822.0,3
Farm Harvest,Potato,OD20,2016-17,published,808.0,3
Farm Harvest,Potato,OD20,2017-18,published,927.0,3
Farm Harvest,Potato,OD20,2018-19,published,1355.0,3
Farm Harvest,Potato,OD20,2019-20,projected,1449.38,3
Farm Harvest,Potato,OD20,2020-21,projected,1550.33,3
Farm Harvest,Potato,OD20,2021-22,projected,1658.31,3
Farm Harvest,Potato,OD20,2022-23,projected,1773.82,3
Farm Harvest,Potato,OD20,2023-24,projected,1897.37,3
Farm Harvest,Potato,OD20,2024-25,projected,2029.53,3
Farm Harvest,Potato,OD21,2013-14,imputed,1045.35,3
Farm Harvest,Potato,OD21,2014-15,imputed,952.1,3
Farm Harvest,Potato,OD21,2015-16,imputed,1102.58,3
Farm Harvest,Potato,OD21,2016-17,imputed,1031.76,3
Farm Harvest,Potato,OD21,2017-18,published,1083.0,3
Farm Harvest,Potato,OD21,2018-19,published,1583.0,3
Farm Harvest,Potato,OD21,2019-20,projected,1693.26,3
Farm Harvest,Potato,OD21,2020-21,projected,1811.2,3
Farm Harvest,Potato,OD21,2021-22,projected,1937.35,3
Farm Harvest,Potato,OD21,2022-23,projected,2072.29,3
Farm Harvest,Potato,OD21,2023-24,projected,2216.63,3
Farm Harvest,Potato,OD21,2024-25,projected,2371.03,3
Farm Harvest,Potato,OD22,2013-14,imputed,893.91,3
Farm Harvest,Potato,OD22,2014-15,published,875.0,3
Farm Harvest,Potato,OD22,2015-16,published,950.0,3
Farm Harvest,Potato,OD22,2016-17,published,910.0,3
Farm Harvest,Potato,OD22,2017-18,published,982.0,3
Farm Harvest,Potato,OD22,2018-19,published,1142.0,3
Farm Harvest,Potato,OD22,2019-20,projected,1221.54,3
Farm Harvest,Potato,OD22,2020-21,projected,1306.63,3
Farm Harvest,Potato,OD22,2021-22,projected,1397.63,3
Farm Harvest,Potato,OD22,2022-23,projected,1494.98,3
Farm Harvest,Potato,OD22,2023-24,projected,1599.11,3
Farm Harvest,Potato,OD22,2024-25,projected,1710.49,3
Farm Harvest,Potato,OD23,2013-14,published,958.0,3
Farm Harvest,Potato,OD23,2014-15,published,870.0,3
Farm Harvest,Potato,OD23,2015-16,published,945.0,3
Farm Harvest,Potato,OD23,2016-17,published,935.0,3
Farm Harvest,Potato,OD23,2017-18,published,990.0,3
Farm Harvest,Potato,OD23,2018-19,published,1239.0,3
Farm Harvest,Potato,OD23,2019-20,projected,1325.3,3
Farm Harvest,Potato,OD23,2020-21,projected,1417.61,3
Farm Harvest,Potato,OD23,2021-22,projected,1516.35,3
Farm Harvest,Potato,OD23,2022-23,projected,1621.96,3
Farm Harvest,Potato,OD23,2023-24,projected,1734.94,3
Farm Harvest,Potato,OD23,2024-25,projected,1855.78,3
Farm Harvest,Potato,OD24,2013-14,imputed,897.99,3
Farm Harvest,Potato,OD24,2014-15,imputed,817.89,3
Farm Harvest,Potato,OD24,2015-16,published,900.0,3
Farm Harvest,Potato,OD24,2016-17,imputed,886.32,3
Farm Harvest,Potato,OD24,2017-18,published,884.0,3
Farm Harvest,Potato,OD24,2018-19,published,1480.0,3
Farm Harvest,Potato,OD24,2019-20,projected,1583.09,3
Farm Harvest,Potato,OD24,2020-21,projected,1693.35,3
Farm Harvest,Potato,OD24,2021-22,projected,1811.3,3
Farm Harvest,Potato,OD24,2022-23,projected,1937.46,3
Farm Harvest,Potato,OD24,2023-24,projected,2072.4,3
Farm Harvest,Potato,OD24,2024-25,projected,2216.75,3
Farm Harvest,Potato,OD25,2013-14,published,972.0,3
Farm Harvest,Potato,OD25,2014-15,published,885.0,3
Farm Harvest,Potato,OD25,2015-16,published,985.0,3
Farm Harvest,Potato,OD25,2016-17,published,985.0,3
Farm Harvest,Potato,OD25,2017-18,published,1081.0,3
Farm Harvest,Potato,OD25,2018-19,published,1246.0,3
Farm Harvest,Potato,OD25,2019-20,projected,1332.79,3
Farm Harvest,Potato,OD25,2020-21,projected,1425.62,3
Farm Harvest,Potato,OD25,2021-22,projected,1524.92,3
Farm Harvest,Potato,OD25,2022-23,projected,1631.13,3
Farm Harvest,Potato,OD25,2023-24,projected,1744.74,3
Farm Harvest,Potato,OD25,2024-25,projected,1866.26,3
Farm Harvest,Potato,OD26,2013-14,published,822.0,3
Farm Harvest,Potato,OD26,2014-15,published,746.0,3
Farm Harvest,Potato,OD26,2015-16,published,871.0,3
Farm Harvest,Potato,OD26,2016-17,published,875.0,3
Farm Harvest,Potato,OD26,2017-18,published,867.0,3
Farm Harvest,Potato,OD26,2018-19,published,1229.0,3
Farm Harvest,Potato,OD26,2019-20,projected,1314.6,3
Farm Harvest,Potato,OD26,2020-21,projected,1406.17,3
Farm Harvest,Potato,OD26,2021-22,projected,1504.11,3
Farm Harvest,Potato,OD26,2022-23,projected,1608.87,3
Farm Harvest,Potato,OD26,2023-24,projected,1720.94,3
Farm Harvest,Potato,OD26,2024-25,projected,1840.8,3
Farm Harvest,Potato,OD27,2013-14,published,800.0,3
Farm Harvest,Potato,OD27,2014-15,published,725.0,3
Farm Harvest,Potato,OD27,2015-16,published,902.0,3
Farm Harvest,Potato,OD27,2016-17,published,911.0,3
Farm Harvest,Potato,OD27,2017-18,published,1197.0,3
Farm Harvest,Potato,OD27,2018-19,published,1250.0,3
Farm Harvest,Potato,OD27,2019-20,projected,1337.07,3
Farm Harvest,Potato,OD27,2020-21,projected,1430.19,3
Farm Harvest,Potato,OD27,2021-22,projected,1529.81,3
Farm Harvest,Potato,OD27,2022-23,projected,1636.36,3
Farm Harvest,Potato,OD27,2023-24,projected,1750.34,3
Farm Harvest,Potato,OD27,2024-25,projected,1872.26,3
Farm Harvest,Potato,OD28,2013-14,published,875.0,3
Farm Harvest,Potato,OD28,2014-15,published,793.0,3
Farm Harvest,Potato,OD28,2015-16,published,955.0,3
Farm Harvest,Potato,OD28,2016-17,published,850.0,3
Farm Harvest,Potato,OD28,2017-18,published,865.0,3
Farm Harvest,Potato,OD28,2018-19,published,1016.0,3
Farm Harvest,Potato,OD28,2019-20,projected,1086.77,3
Farm Harvest,Potato,OD28,2020-21,projected,1162.46,3
Farm Harvest,Potato,OD28,2021-22,projected,1243.43,3
Farm Harvest,Potato,OD28,2022-23,projected,1330.04,3
Farm Harvest,Potato,OD28,2023-24,projected,1422.68,3
Farm Harvest,Potato,OD28,2024-25,projected,1521.77,3
Farm Harvest,Potato,OD29,2013-14,published,840.0,3
Farm Harvest,Potato,OD29,2014-15,published,761.0,3
Farm Harvest,Potato,OD29,2015-16,published,1000.0,3
Farm Harvest,Potato,OD29,2016-17,published,889.0,3
Farm Harvest,Potato,OD29,2017-18,published,1150.0,3
Farm Harvest,Potato,OD29,2018-19,published,1398.0,3
Farm Harvest,Potato,OD29,2019-20,projected,1495.37,3
Farm Harvest,Potato,OD29,2020-21,projected,1599.53,3
Farm Harvest,Potato,OD29,2021-22,projected,1710.94,3
Farm Harvest,Potato,OD29,2022-23,projected,1830.11,3
Farm Harvest,Potato,OD29,2023-24,projected,1957.58,3
Farm Harvest,Potato,OD29,2024-25,projected,2093.93,3
Farm Harvest,Potato,OD30,2013-14,published,827.0,3
Farm Harvest,Potato,OD30,2014-15,published,725.0,3
Farm Harvest,Potato,OD30,2015-16,published,1000.0,3
Farm Harvest,Potato,OD30,2016-17,published,950.0,3
Farm Harvest,Potato,OD30,2017-18,published,867.0,3
Farm Harvest,Potato,OD30,2018-19,published,1170.0,3
Farm Harvest,Potato,OD30,2019-20,projected,1251.49,3
Farm Harvest,Potato,OD30,2020-21,projected,1338.66,3
Farm Harvest,Potato,OD30,2021-22,projected,1431.9,3
Farm Harvest,Potato,OD30,2022-23,projected,1531.64,3
Farm Harvest,Potato,OD30,2023-24,projected,1638.32,3
Farm Harvest,Potato,OD30,2024-25,projected,1752.43,3
Farm Harvest,Ragi,OD01,2013-14,published,1411.0,3
Farm Harvest,Ragi,OD01,2014-15,published,1566.0,3
Farm Harvest,Ragi,OD01,2015-16,published,1650.0,3
Farm Harvest,Ragi,OD01,2016-17,published,1800.0,3
Farm Harvest,Ragi,OD01,2017-18,published,1800.0,3
Farm Harvest,Ragi,OD01,2018-19,published,2280.0,3
Farm Harvest,Ragi,OD01,2019-20,projected,2508.0,3
Farm Harvest,Ragi,OD01,2020-21,projected,2758.8,3
Farm Harvest,Ragi,OD01,2021-22,projected,3034.68,3
Farm Harvest,Ragi,OD01,2022-23,projected,3338.15,3
Farm Harvest,Ragi,OD01,2023-24,projected,3671.96,3
Farm Harvest,Ragi,OD01,2024-25,projected,4039.16,3
Farm Harvest,Ragi,OD02,2013-14,published,1300.0,3
Farm Harvest,Ragi,OD02,2014-15,published,1465.0,3
Farm Harvest,Ragi,OD02,2015-16,published,1600.0,3
Farm Harvest,Ragi,OD02,2016-17,published,1750.0,3
Farm Harvest,Ragi,OD02,2017-18,imputed,1881.07,3
Farm Harvest,Ragi,OD02,2018-19,imputed,2254.81,3
Farm Harvest,Ragi,OD02,2019-20,projected,1973.95,3
Farm Harvest,Ragi,OD02,2020-21,projected,2171.34,3
Farm Harvest,Ragi,OD02,2021-22,projected,2388.47,3
Farm Harvest,Ragi,OD02,2022-23,projected,2627.32,3
Farm Harvest,Ragi,OD02,2023-24,projected,2890.05,3
Farm Harvest,Ragi,OD02,2024-25,projected,3179.06,3
Farm Harvest,Ragi,OD04,2013-14,imputed,1496.87,3
Farm Harvest,Ragi,OD04,2014-15,imputed,1562.87,3
Farm Harvest,Ragi,OD04,2015-16,imputed,1730.63,3
Farm Harvest,Ragi,OD04,2016-17,published,1988.0,3
Farm Harvest,Ragi,OD04,2017-18,imputed,2083.91,3
Farm Harvest,Ragi,OD04,2018-19,imputed,2497.95,3
Farm Harvest,Ragi,OD04,2019-20,projected,2186.8,3
Farm Harvest,Ragi,OD04,2020-21,projected,2405.48,3
Farm Harvest,Ragi,OD04,2021-22,projected,2646.03,3
Farm Harvest,Ragi,OD04,2022-23,projected,2910.63,3
Farm Harvest,Ragi,OD04,2023-24,projected,3201.69,3
Farm Harvest,Ragi,OD04,2024-25,projected,3521.86,3
Farm Harvest,Ragi,OD06,2013-14,published,1420.0,3
Farm Harvest,Ragi,OD06,2014-15,published,1490.0,3
Farm Harvest,Ragi,OD06,2015-16,published,1620.0,3
Farm Harvest,Ragi,OD06,2016-17,published,1765.0,3
Farm Harvest,Ragi,OD06,2017-18,imputed,1941.12,3
Farm Harvest,Ragi,OD06,2018-19,imputed,2326.79,3
Farm Harvest,Ragi,OD06,2019-20,projected,2036.96,3
Farm Harvest,Ragi,OD06,2020-21,projected,2240.66,3
Farm Harvest,Ragi,OD06,2021-22,projected,2464.72,3
Farm Harvest,Ragi,OD06,2022-23,projected,2711.2,3
Farm Harvest,Ragi,OD06,2023-24,projected,2982.31,3
Farm Harvest,Ragi,OD06,2024-25,projected,3280.55,3
Farm Harvest,Ragi,OD07,2013-14,published,1400.0,3
Farm Harvest,Ragi,OD07,2014-15,published,1450.0,3
Farm Harvest,Ragi,OD07,2015-16,published,1585.0,3
Farm Harvest,Ragi,OD07,2016-17,published,2050.0,3
Farm Harvest,Ragi,OD07,2017-18,imputed,1984.97,3
Farm Harvest,Ragi,OD07,2018-19,imputed,2379.36,3
Farm Harvest,Ragi,OD07,2019-20,projected,2082.98,3
Farm Harvest,Ragi,OD07,2020-21,projected,2291.28,3
Farm Harvest,Ragi,OD07,2021-22,projected,2520.41,3
Farm Harvest,Ragi,OD07,2022-23,projected,2772.45,3
Farm Harvest,Ragi,OD07,2023-24,projected,3049.7,3
Farm Harvest,Ragi,OD07,2024-25,projected,3354.67,3
Farm Harvest,Ragi,OD08,2013-14,imputed,1523.39,3
Farm Harvest,Ragi,OD08,2014-15,imputed,1590.57,3
Farm Harvest,Ragi,OD08,2015-16,imputed,1761.29,3
Farm Harvest,Ragi,OD08,2016-17,published,1900.0,3
Farm Harvest,Ragi,OD08,2017-18,published,2250.0,3
Farm Harvest,Ragi,OD08,2018-19,imputed,2542.21,3
Farm Harvest,Ragi,OD08,2019-20,projected,2332.91,3
Farm Harvest,Ragi,OD08,2020-21,projected,2566.2,3
Farm Harvest,Ragi,OD08,2021-22,projected,2822.82,3
Farm Harvest,Ragi,OD08,2022-23,projected,3105.11,3
Farm Harvest,Ragi,OD08,2023-24,projected,3415.62,3
Farm Harvest,Ragi,OD08,2024-25,projected,3757.18,3
Farm Harvest,Ragi,OD09,2013-14,published,1400.0,3
Farm Harvest,Ragi,OD09,2014-15,published,1450.0,3
Farm Harvest,Ragi,OD09,2015-16,published,1575.0,3
Farm Harvest,Ragi,OD09,2016-17,published,1700.0,3
Farm Harvest,Ragi,OD09,2017-18,imputed,1890.24,3
Farm Harvest,Ragi,OD09,2018-19,imputed,2265.81,3
Farm Harvest,Ragi,OD09,2019-20,projected,1983.57,3
Farm Harvest,Ragi,OD09,2020-21,projected,2181.93,3
Farm Harvest,Ragi,OD09,2021-22,projected,2400.12,3
Farm Harvest,Ragi,OD09,2022-23,projected,2640.14,3
Farm Harvest,Ragi,OD09,2023-24,projected,2904.15,3
Farm Harvest,Ragi,OD09,2024-25,projected,3194.57,3
Farm Harvest,Ragi,OD10,2013-14,published,1252.0,3
Farm Harvest,Ragi,OD10,2014-15,published,1300.0,3
Farm Harvest,Ragi,OD10,2015-16,published,1500.0,3
Farm Harvest,Ragi,OD10,2016-17,published,1750.0,3
Farm Harvest,Ragi,OD10,2017-18,published,1844.0,3
Farm Harvest,Ragi,OD10,2018-19,published,2717.0,3
Farm Harvest,Ragi,OD10,2019-20,projected,2988.7,3
Farm Harvest,Ragi,OD10,2020-21,projected,3287.57,3
Farm Harvest,Ragi,OD10,2021-22,projected,3616.33,3
Farm Harvest,Ragi,OD10,2022-23,projected,3977.96,3
Farm Harvest,Ragi,OD10,2023-24,projected,4375.76,3
Farm Harvest,Ragi,OD10,2024-25,projected,4813.33,3
Farm Harvest,Ragi,OD11,2013-14,published,1250.0,3
Farm Harvest,Ragi,OD11,2014-15,published,1300.0,3
Farm Harvest,Ragi,OD11,2015-16,published,1500.0,3
Farm Harvest,Ragi,OD11,2016-17,published,1629.0,3
Farm Harvest,Ragi,OD11,2017-18,published,1909.0,3
Farm Harvest,Ragi,OD11,2018-19,published,2200.0,3
Farm Harvest,Ragi,OD11,2019-20,projected,2420.0,3
Farm Harvest,Ragi,OD11,2020-21,projected,2662.0,3
Farm Harvest,Ragi,OD11,2021-22,projected,2928.2,3
Farm Harvest,Ragi,OD11,2022-23,projected,3221.02,3
Farm Harvest,Ragi,OD11,2023-24,projected,3543.12,3
Farm Harvest,Ragi,OD11,2024-25,projected,3897.43,3
Farm Harvest,Ragi,OD15,2013-14,published,1350.0,3
Farm Harvest,Ragi,OD15,2014-15,published,1400.0,3
Farm Harvest,Ragi,OD15,2015-16,published,1600.0,3
Farm Harvest,Ragi,OD15,2016-17,published,1850.0,3
Farm Harvest,Ragi,OD15,2017-18,published,1800.0,3
Farm Harvest,Ragi,OD15,2018-19,published,2220.0,3
Farm Harvest,Ragi,OD15,2019-20,projected,2442.0,3
Farm Harvest,Ragi,OD15,2020-21,projected,2686.2,3
Farm Harvest,Ragi,OD15,2021-22,projected,2954.82,3
Farm Harvest,Ragi,OD15,2022-23,projected,3250.3,3
Farm Harvest,Ragi,OD15,2023-24,projected,3575.33,3
Farm Harvest,Ragi,OD15,2024-25,projected,3932.87,3
Farm Harvest,Ragi,OD16,2013-14,published,1400.0,3
Farm Harvest,Ragi,OD16,2014-15,published,1438.0,3
Farm Harvest,Ragi,OD16,2015-16,published,1650.0,3
Farm Harvest,Ragi,OD16,2016-17,imputed,1771.02,3
Farm Harvest,Ragi,OD16,2017-18,published,1733.0,3
Farm Harvest,Ragi,OD16,2018-19,published,2033.0,3
Farm Harvest,Ragi,OD16,2019-20,projected,2236.3,3
Farm Harvest,Ragi,OD16,2020-21,projected,2459.93,3
Farm Harvest,Ragi,OD16,2021-22,projected,2705.92,3
Farm Harvest,Ragi,OD16,2022-23,projected,2976.52,3
Farm Harvest,Ragi,OD16,2023-24,projected,3274.17,3
Farm Harvest,Ragi,OD16,2024-25,projected,3601.58,3
Farm Harvest,Ragi,OD18,2013-14,imputed,1581.2,3
Farm Harvest,Ragi,OD18,2014-15,imputed,1650.92,3
Farm Harvest,Ragi,OD18,2015-16,imputed,1828.13,3
Farm Harvest,Ragi,OD18,2016-17,published,2100.0,3
Farm Harvest,Ragi,OD18,2017-18,imputed,2201.31,3
Farm Harvest,Ragi,OD18,2018-19,imputed,2638.68,3
Farm Harvest,Ragi,OD18,2019-20,projected,2310.0,3
Farm Harvest,Ragi,OD18,2020-21,projected,2541.0,3
Farm Harvest,Ragi,OD18,2021-22,projected,2795.1,3
Farm Harvest,Ragi,OD18,2022-23,projected,3074.61,3
Farm Harvest,Ragi,OD18,2023-24,projected,3382.07,3
Farm Harvest,Ragi,OD18,2024-25,projected,3720.28,3
Farm Harvest,Ragi,OD19,2013-14,published,1500.0,3
Farm Harvest,Ragi,OD19,2014-15,published,1533.0,3
Farm Harvest,Ragi,OD19,2015-16,published,1685.0,3
Farm Harvest,Ragi,OD19,2016-17,imputed,1881.86,3
Farm Harvest,Ragi,OD19,2017-18,published,1950.0,3
Farm Harvest,Ragi,OD19,2018-19,published,2100.0,3
Farm Harvest,Ragi,OD19,2019-20,projected,2310.0,3
Farm Harvest,Ragi,OD19,2020-21,projected,2541.0,3
Farm Harvest,Ragi,OD19,2021-22,projected,2795.1,3
Farm Harvest,Ragi,OD19,2022-23,projected,3074.61,3
Farm Harvest,Ragi,OD19,2023-24,projected,3382.07,3
Farm Harvest,Ragi,OD19,2024-25,projected,3720.28,3
Farm Harvest,Ragi,OD20,2013-14,published,1220.0,3
Farm Harvest,Ragi,OD20,2014-15,published,1266.0,3
Farm Harvest,Ragi,OD20,2015-16,published,1476.0,3
Farm Harvest,Ragi,OD20,2016-17,published,1609.0,3
Farm Harvest,Ragi,OD20,2017-18,published,1741.0,3
Farm Harvest,Ragi,OD20,2018-19,published,2171.0,3
Farm Harvest,Ragi,OD20,2019-20,projected,2388.1,3
Farm Harvest,Ragi,OD20,2020-21,projected,2626.91,3
Farm Harvest,Ragi,OD20,2021-22,projected,2889.6,3
Farm Harvest,Ragi,OD20,2022-23,projected,3178.56,3
Farm Harvest,Ragi,OD20,2023-24,projected,3496.42,3
Farm Harvest,Ragi,OD20,2024-25,projected,3846.06,3
Farm Harvest,Ragi,OD21,2013-14,published,1260.0,3
Farm Harvest,Ragi,OD21,2014-15,published,1325.0,3
Farm Harvest,Ragi,OD21,2015-16,published,1463.0,3
Farm Harvest,Ragi,OD21,2016-17,published,1644.0,3
Farm Harvest,Ragi,OD21,2017-18,published,2094.0,3
Farm Harvest,Ragi,OD21,2018-19,published,2322.0,3
Farm Harvest,Ragi,OD21,2019-20,projected,2554.2,3
Farm Harvest,Ragi,OD21,2020-21,projected,2809.62,3
Farm Harvest,Ragi,OD21,2021-22,projected,3090.58,3
Farm Harvest,Ragi,OD21,2022-23,projected,3399.64,3
Farm Harvest,Ragi,OD21,2023-24,projected,3739.6,3
Farm Harvest,Ragi,OD21,2024-25,projected,4113.56,3
Farm Harvest,Ragi,OD22,2013-14,imputed,1366.27,3
Farm Harvest,Ragi,OD22,2014-15,imputed,1426.51,3
Farm Harvest,Ragi,OD22,2015-16,imputed,1579.63,3
Farm Harvest,Ragi,OD22,2016-17,imputed,1814.54,3
Farm Harvest,Ragi,OD22,2017-18,imputed,1902.08,3
Farm Harvest,Ragi,OD22,2018-19,published,2280.0,3
Farm Harvest,Ragi,OD22,2019-20,projected,2508.0,3
Farm Harvest,Ragi,OD22,2020-21,projected,2758.8,3
Farm Harvest,Ragi,OD22,2021-22,projected,3034.68,3
Farm Harvest,Ragi,OD22,2022-23,projected,3338.15,3
Farm Harvest,Ragi,OD22,2023-24,projected,3671.96,3
Farm Harvest,Ragi,OD22,2024-25,projected,4039.16,3
Farm Harvest,Ragi,OD23,2013-14,published,1365.0,3
Farm Harvest,Ragi,OD23,2014-15,published,1399.0,3
Farm Harvest,Ragi,OD23,2015-16,published,1588.0,3
Farm Harvest,Ragi,OD23,2016-17,published,1829.0,3
Farm Harvest,Ragi,OD23,2017-18,published,1550.0,3
Farm Harvest,Ragi,OD23,2018-19,published,2050.0,3
Farm Harvest,Ragi,OD23,2019-20,projected,2255.0,3
Farm Harvest,Ragi,OD23,2020-21,projected,2480.5,3
Farm Harvest,Ragi,OD23,2021-22,projected,2728.55,3
Farm Harvest,Ragi,OD23,2022-23,projected,3001.41,3
Farm Harvest,Ragi,OD23,2023-24,projected,3301.55,3
Farm Harvest,Ragi,OD23,2024-25,projected,3631.7,3
Farm Harvest,Ragi,OD24,2013-14,published,1500.0,3
Farm Harvest,Ragi,OD24,2014-15,published,1525.0,3
Farm Harvest,Ragi,OD24,2015-16,published,1675.0,3
Farm Harvest,Ragi,OD24,2016-17,published,2175.0,3
Farm Harvest,Ragi,OD24,2017-18,published,1929.0,3
Farm Harvest,Ragi,OD24,2018-19,imputed,2480.69,3
Farm Harvest,Ragi,OD24,2019-20,projected,2276.45,3
Farm Harvest,Ragi,OD24,2020-21,projected,2504.1,3
Farm Harvest,Ragi,OD24,2021-22,projected,2754.51,3
Farm Harvest,Ragi,OD24,2022-23,projected,3029.96,3
Farm Harvest,Ragi,OD24,2023-24,projected,3332.96,3
Farm Harvest,Ragi,OD24,2024-25,projected,3666.25,3
Farm Harvest,Ragi,OD25,2013-14,published,1400.0,3
Farm Harvest,Ragi,OD25,2014-15,published,1450.0,3
Farm Harvest,Ragi,OD25,2015-16,published,1645.0,3
Farm Harvest,Ragi,OD25,2016-17,published,1500.0,3
Farm Harvest,Ragi,OD25,2017-18,published,1886.0,3
Farm Harvest,Ragi,OD25,2018-19,published,2300.0,3
Farm Harvest,Ragi,OD25,2019-20,projected,2530.0,3
Farm Harvest,Ragi,OD25,2020-21,projected,2783.0,3
Farm Harvest,Ragi,OD25,2021-22,projected,3061.3,3
Farm Harvest,Ragi,OD25,2022-23,projected,3367.43,3
Farm Harvest,Ragi,OD25,2023-24,projected,3704.17,3
Farm Harvest,Ragi,OD25,2024-25,projected,4074.59,3
Farm Harvest,Ragi,OD26,2013-14,published,1550.0,3
Farm Harvest,Ragi,OD26,2014-15,published,1555.0,3
Farm Harvest,Ragi,OD26,2015-16,published,1700.0,3
Farm Harvest,Ragi,OD26,2016-17,imputed,2212.82,3
Farm Harvest,Ragi,OD26,2017-18,published,3000.0,3
Farm Harvest,Ragi,OD26,2018-19,imputed,2780.44,3
Farm Harvest,Ragi,OD26,2019-20,projected,2551.53,3
Farm Harvest,Ragi,OD26,2020-21,projected,2806.69,3
Farm Harvest,Ragi,OD26,2021-22,projected,3087.36,3
Farm Harvest,Ragi,OD26,2022-23,projected,3396.09,3
Farm Harvest,Ragi,OD26,2023-24,projected,3735.7,3
Farm Harvest,Ragi,OD26,2024-25,projected,4109.27,3
Farm Harvest,Ragi,OD27,2013-14,published,1293.0,3
Farm Harvest,Ragi,OD27,2014-15,published,1481.0,3
Farm Harvest,Ragi,OD27,2015-16,published,1650.0,3
Farm Harvest,Ragi,OD27,2016-17,published,1713.0,3
Farm Harvest,Ragi,OD27,2017-18,published,1617.0,3
Farm Harvest,Ragi,OD27,2018-19,published,2224.0,3
Farm Harvest,Ragi,OD27,2019-20,projected,2446.4,3
Farm Harvest,Ragi,OD27,2020-21,projected,2691.04,3
Farm Harvest,Ragi,OD27,2021-22,projected,2960.14,3
Farm Harvest,Ragi,OD27,2022-23,projected,3256.16,3
Farm Harvest,Ragi,OD27,2023-24,projected,3581.77,3
Farm Harvest,Ragi,OD27,2024-25,projected,3939.95,3
Farm Harvest,Ragi,OD28,2013-14,published,1400.0,3
Farm Harvest,Ragi,OD28,2014-15,published,1493.0,3
Farm Harvest,Ragi,OD28,2015-16,published,1665.0,3
Farm Harvest,Ragi,OD28,2016-17,published,2491.0,3
Farm Harvest,Ragi,OD28,2017-18,imputed,2192.69,3
Farm Harvest,Ragi,OD28,2018-19,published,2886.0,3
Farm Harvest,Ragi,OD28,2019-20,projected,3174.6,3
Farm Harvest,Ragi,OD28,2020-21,projected,3492.06,3
Farm Harvest,Ragi,OD28,2021-22,projected,3841.27,3
Farm Harvest,Ragi,OD28,2022-23,projected,4225.39,3
Farm Harvest,Ragi,OD28,2023-24,projected,4647.93,3
Farm Harvest,Ragi,OD28,2024-25,projected,5112.73,3
Farm Harvest,Ragi,OD29,2013-14,published,1750.0,3
Farm Harvest,Ragi,OD29,2014-15,published,1700.0,3
Farm Harvest,Ragi,OD29,2015-16,published,1720.0,3
Farm Harvest,Ragi,OD29,2016-17,imputed,2154.13,3
Farm Harvest,Ragi,OD29,2017-18,imputed,2258.05,3
Farm Harvest,Ragi,OD29,2018-19,imputed,2706.7,3
Farm Harvest,Ragi,OD29,2019-20,projected,2062.78,3
Farm Harvest,Ragi,OD29,2020-21,projected,2269.06,3
Farm Harvest,Ragi,OD29,2021-22,projected,2495.96,3
Farm Harvest,Ragi,OD29,2022-23,projected,2745.56,3
Farm Harvest,Ragi,OD29,2023-24,projected,3020.11,3
Farm Harvest,Ragi,OD29,2024-25,projected,3322.13,3
Farm Harvest,Ragi,OD30,2013-14,imputed,1620.94,3
Farm Harvest,Ragi,OD30,2014-15,imputed,1692.42,3
Farm Harvest,Ragi,OD30,2015-16,imputed,1874.08,3
Farm Harvest,Ragi,OD30,2016-17,imputed,2152.78,3
Farm Harvest,Ragi,OD30,2017-18,imputed,2256.64,3
Farm Harvest,Ragi,OD30,2018-19,published,2705.0,3
Farm Harvest,Ragi,OD30,2019-20,projected,2975.5,3
Farm Harvest,Ragi,OD30,2020-21,projected,3273.05,3
Farm Harvest,Ragi,OD30,2021-22,projected,3600.36,3
Farm Harvest,Ragi,OD30,2022-23,projected,3960.39,3
Farm Harvest,Ragi,OD30,2023-24,projected,4356.43,3
Farm Harvest,Ragi,OD30,2024-25,projected,4792.07,3
Farm Harvest,Sugarcane,OD01,2013-14,imputed,187.02,3
Farm Harvest,Sugarcane,OD01,2014-15,published,236.0,3
Farm Harvest,Sugarcane,OD01,2015-16,published,267.0,3
Farm Harvest,Sugarcane,OD01,2016-17,published,300.0,3
Farm Harvest,Sugarcane,OD01,2017-18,published,341.0,3
Farm Harvest,Sugarcane,OD01,2018-19,published,350.0,3
Farm Harvest,Sugarcane,OD01,2019-20,projected,385.0,3
Farm Harvest,Sugarcane,OD01,2020-21,projected,423.5,3
Farm Harvest,Sugarcane,OD01,2021-22,projected,465.85,3
Farm Harvest,Sugarcane,OD01,2022-23,projected,512.44,3
Farm Harvest,Sugarcane,OD01,2023-24,projected,563.68,3
Farm Harvest,Sugarcane,OD01,2024-25,projected,620.05,3
Farm Harvest,Sugarcane,OD02,2013-14,published,168.0,3
Farm Harvest,Sugarcane,OD02,2014-15,published,210.0,3
Farm Harvest,Sugarcane,OD02,2015-16,published,245.0,3
Farm Harvest,Sugarcane,OD02,2016-17,published,277.0,3
Farm Harvest,Sugarcane,OD02,2017-18,published,365.0,3
Farm Harvest,Sugarcane,OD02,2018-19,published,340.0,3
Farm Harvest,Sugarcane,OD02,2019-20,projected,374.0,3
Farm Harvest,Sugarcane,OD02,2020-21,projected,411.4,3
Farm Harvest,Sugarcane,OD02,2021-22,projected,452.54,3
Farm Harvest,Sugarcane,OD02,2022-23,projected,497.79,3
Farm Harvest,Sugarcane,OD02,2023-24,projected,547.57,3
Farm Harvest,Sugarcane,OD02,2024-25,projected,602.33,3
Farm Harvest,Sugarcane,OD03,2013-14,imputed,183.14,3
Farm Harvest,Sugarcane,OD03,2014-15,published,235.0,3
Farm Harvest,Sugarcane,OD03,2015-16,published,258.0,3
Farm Harvest,Sugarcane,OD03,2016-17,published,285.0,3
Farm Harvest,Sugarcane,OD03,2017-18,published,375.0,3
Farm Harvest,Sugarcane,OD03,2018-19,published,310.0,3
Farm Harvest,Sugarcane,OD03,2019-20,projected,341.0,3
Farm Harvest,Sugarcane,OD03,2020-21,projected,375.1,3
Farm Harvest,Sugarcane,OD03,2021-22,projected,412.61,3
Farm Harvest,Sugarcane,OD03,2022-23,projected,453.87,3
Farm Harvest,Sugarcane,OD03,2023-24,projected,499.26,3
Farm Harvest,Sugarcane,OD03,2024-25,projected,549.18,3
Farm Harvest,Sugarcane,OD04,2013-14,published,162.0,3
Farm Harvest,Sugarcane,OD04,2014-15,published,200.0,3
Farm Harvest,Sugarcane,OD04,2015-16,published,233.0,3
Farm Harvest,Sugarcane,OD04,2016-17,published,244.0,3
Farm Harvest,Sugarcane,OD04,2017-18,published,325.0,3
Farm Harvest,Sugarcane,OD04,2018-19,published,300.0,3
Farm Harvest,Sugarcane,OD04,2019-20,projected,330.0,3
Farm Harvest,Sugarcane,OD04,2020-21,projected,363.0,3
Farm Harvest,Sugarcane,OD04,2021-22,projected,399.3,3
Farm Harvest,Sugarcane,OD04,2022-23,projected,439.23,3
Farm Harvest,Sugarcane,OD04,2023-24,projected,483.15,3
Farm Harvest,Sugarcane,OD04,2024-25,projected,531.47,3
Farm Harvest,Sugarcane,OD05,2013-14,imputed,185.53,3
Farm Harvest,Sugarcane,OD05,2014-15,published,235.0,3
Farm Harvest,Sugarcane,OD05,2015-16,published,257.0,3
Farm Harvest,Sugarcane,OD05,2016-17,published,285.0,3
Farm Harvest,Sugarcane,OD05,2017-18,published,300.0,3
Farm Harvest,Sugarcane,OD05,2018-19,published,410.0,3
Farm Harvest,Sugarcane,OD05,2019-20,projected,451.0,3
Farm Harvest,Sugarcane,OD05,2020-21,projected,496.1,3
Farm Harvest,Sugarcane,OD05,2021-22,projected,545.71,3
Farm Harvest,Sugarcane,OD05,2022-23,projected,600.28,3
Farm Harvest,Sugarcane,OD05,2023-24,projected,660.31,3
Farm Harvest,Sugarcane,OD05,2024-25,projected,726.34,3
Farm Harvest,Sugarcane,OD06,2013-14,published,200.0,3
Farm Harvest,Sugarcane,OD06,2014-15,published,245.0,3
Farm Harvest,Sugarcane,OD06,2015-16,published,266.0,3
Farm Harvest,Sugarcane,OD06,2016-17,published,300.0,3
Farm Harvest,Sugarcane,OD06,2017-18,published,350.0,3
Farm Harvest,Sugarcane,OD06,2018-19,published,242.0,3
Farm Harvest,Sugarcane,OD06,2019-20,projected,266.2,3
Farm Harvest,Sugarcane,OD06,2020-21,projected,292.82,3
Farm Harvest,Sugarcane,OD06,2021-22,projected,322.1,3
Farm Harvest,Sugarcane,OD06,2022-23,projected,354.31,3
Farm Harvest,Sugarcane,OD06,2023-24,projected,389.74,3
Farm Harvest,Sugarcane,OD06,2024-25,projected,428.72,3
Farm Harvest,Sugarcane,OD07,2013-14,published,165.0,3
Farm Harvest,Sugarcane,OD07,2014-15,published,200.0,3
Farm Harvest,Sugarcane,OD07,2015-16,published,250.0,3
Farm Harvest,Sugarcane,OD07,2016-17,published,270.0,3
Farm Harvest,Sugarcane,OD07,2017-18,published,274.0,3
Farm Harvest,Sugarcane,OD07,2018-19,published,320.0,3
Farm Harvest,Sugarcane,OD07,2019-20,projected,352.0,3
Farm Harvest,Sugarcane,OD07,2020-21,projected,387.2,3
Farm Harvest,Sugarcane,OD07,2021-22,projected,425.92,3
Farm Harvest,Sugarcane,OD07,2022-23,projected,468.51,3
Farm Harvest,Sugarcane,OD07,2023-24,projected,515.36,3
Farm Harvest,Sugarcane,OD07,2024-25,projected,566.9,3
Farm Harvest,Sugarcane,OD08,2013-14,imputed,174.69,3
Farm Harvest,Sugarcane,OD08,2014-15,imputed,219.86,3
Farm Harvest,Sugarcane,OD08,2015-16,imputed,250.55,3
Farm Harvest,Sugarcane,OD08,2016-17,published,300.0,3
Farm Harvest,Sugarcane,OD08,2017-18,published,237.0,3
Farm Harvest,Sugarcane,OD08,2018-19,published,386.0,3
Farm Harvest,Sugarcane,OD08,2019-20,projected,424.6,3
Farm Harvest,Sugarcane,OD08,2020-21,projected,467.06,3
Farm Harvest,Sugarcane,OD08,2021-22,projected,513.77,3
Farm Harvest,Sugarcane,OD08,2022-23,projected,565.14,3
Farm Harvest,Sugarcane,OD08,2023-24,projected,621.66,3
Farm Harvest,Sugarcane,OD08,2024-25,projected,683.82,3
Farm Harvest,Sugarcane,OD09,2013-14,imputed,169.54,3
Farm Harvest,Sugarcane,OD09,2014-15,published,222.0,3
Farm Harvest,Sugarcane,OD09,2015-16,published,250.0,3
Farm Harvest,Sugarcane,OD09,2016-17,published,267.0,3
Farm Harvest,Sugarcane,OD09,2017-18,published,305.0,3
Farm Harvest,Sugarcane,OD09,2018-19,published,305.0,3
Farm Harvest,Sugarcane,OD09,2019-20,projected,335.5,3
Farm Harvest,Sugarcane,OD09,2020-21,projected,369.05,3
Farm Harvest,Sugarcane,OD09,2021-22,projected,405.96,3
Farm Harvest,Sugarcane,OD09,2022-23,projected,446.55,3
Farm Harvest,Sugarcane,OD09,2023-24,projected,491.21,3
Farm Harvest,Sugarcane,OD09,2024-25,projected,540.33,3
Farm Harvest,Sugarcane,OD10,2013-14,imputed,162.09,3
Farm Harvest,Sugarcane,OD10,2014-15,published,215.0,3
Farm Harvest,Sugarcane,OD10,2015-16,published,245.0,3
Farm Harvest,Sugarcane,OD10,2016-17,published,265.0,3
Farm Harvest,Sugarcane,OD10,2017-18,published,280.0,3
Farm Harvest,Sugarcane,OD10,2018-19,published,280.0,3
Farm Harvest,Sugarcane,OD10,2019-20,projected,308.0,3
Farm Harvest,Sugarcane,OD10,2020-21,projected,338.8,3
Farm Harvest,Sugarcane,OD10,2021-22,projected,372.68,3
Farm Harvest,Sugarcane,OD10,2022-23,projected,409.95,3
Farm Harvest,Sugarcane,OD10,2023-24,projected,450.94,3
Farm Harvest,Sugarcane,OD10,2024-25,projected,496.04,3
Farm Harvest,Sugarcane,OD11,2013-14,published,165.0,3
Farm Harvest,Sugarcane,OD11,2014-15,published,200.0,3
Farm Harvest,Sugarcane,OD11,2015-16,published,230.0,3
Farm Harvest,Sugarcane,OD11,2016-17,published,250.0,3
Farm Harvest,Sugarcane,OD11,2017-18,published,260.7,3
Farm Harvest,Sugarcane,OD11,2018-19,published,335.0,3
Farm Harvest,Sugarcane,OD11,2019-20,projected,368.5,3
Farm Harvest,Sugarcane,OD11,2020-21,projected,405.35,3
Farm Harvest,Sugarcane,OD11,2021-22,projected,445.89,3
Farm Harvest,Sugarcane,OD11,2022-23,projected,490.47,3
Farm Harvest,Sugarcane,OD11,2023-24,projected,539.52,3
Farm Harvest,Sugarcane,OD11,2024-25,projected,593.47,3
Farm Harvest,Sugarcane,OD12,2013-14,published,170.0,3
Farm Harvest,Sugarcane,OD12,2014-15,published,210.0,3
Farm Harvest,Sugarcane,OD12,2015-16,published,250.0,3
Farm Harvest,Sugarcane,OD12,2016-17,published,270.0,3
Farm Harvest,Sugarcane,OD12,2017-18,published,304.0,3
Farm Harvest,Sugarcane,OD12,2018-19,published,310.0,3
Farm Harvest,Sugarcane,OD12,2019-20,projected,341.0,3
Farm Harvest,Sugarcane,OD12,2020-21,projected,375.1,3
Farm Harvest,Sugarcane,OD12,2021-22,projected,412.61,3
Farm Harvest,Sugarcane,OD12,2022-23,projected,453.87,3
Farm Harvest,Sugarcane,OD12,2023-24,projected,499.26,3
Farm Harvest,Sugarcane,OD12,2024-25,projected,549.18,3
Farm Harvest,Sugarcane,OD13,2013-14,published,174.0,3
Farm Harvest,Sugarcane,OD13,2014-15,published,215.0,3
Farm Harvest,Sugarcane,OD13,2015-16,published,250.0,3
Farm Harvest,Sugarcane,OD13,2016-17,published,275.0,3
Farm Harvest,Sugarcane,OD13,2017-18,published,318.0,3
Farm Harvest,Sugarcane,OD13,2018-19,published,350.0,3
Farm Harvest,Sugarcane,OD13,2019-20,projected,385.0,3
Farm Harvest,Sugarcane,OD13,2020-21,projected,423.5,3
Farm Harvest,Sugarcane,OD13,2021-22,projected,465.85,3
Farm Harvest,Sugarcane,OD13,2022-23,projected,512.44,3
Farm Harvest,Sugarcane,OD13,2023-24,projected,563.68,3
Farm Harvest,Sugarcane,OD13,2024-25,projected,620.05,3
Farm Harvest,Sugarcane,OD14,2013-14,imputed,180.58,3
Farm Harvest,Sugarcane,OD14,2014-15,imputed,227.28,3
Farm Harvest,Sugarcane,OD14,2015-16,imputed,259.0,3
Farm Harvest,Sugarcane,OD14,2016-17,published,267.0,3
Farm Harvest,Sugarcane,OD14,2017-18,published,355.0,3
Farm Harvest,Sugarcane,OD14,2018-19,imputed,337.83,3
Farm Harvest,Sugarcane,OD14,2019-20,projected,365.08,3
Farm Harvest,Sugarcane,OD14,2020-21,projected,401.59,3
Farm Harvest,Sugarcane,OD14,2021-22,projected,441.75,3
Farm Harvest,Sugarcane,OD14,2022-23,projected,485.93,3
Farm Harvest,Sugarcane,OD14,2023-24,projected,534.52,3
Farm Harvest,Sugarcane,OD14,2024-25,projected,587.97,3
Farm Harvest,Sugarcane,OD15,2013-14,published,200.0,3
Farm Harvest,Sugarcane,OD15,2014-15,published,240.0,3
Farm Harvest,Sugarcane,OD15,2015-16,published,262.0,3
Farm Harvest,Sugarcane,OD15,2016-17,published,300.0,3
Farm Harvest,Sugarcane,OD15,2017-18,published,310.0,3
Farm Harvest,Sugarcane,OD15,2018-19,published,280.0,3
Farm Harvest,Sugarcane,OD15,2019-20,projected,308.0,3
Farm Harvest,Sugarcane,OD15,2020-21,projected,338.8,3
Farm Harvest,Sugarcane,OD15,2021-22,projected,372.68,3
Farm Harvest,Sugarcane,OD15,2022-23,projected,409.95,3
Farm Harvest,Sugarcane,OD15,2023-24,projected,450.94,3
Farm Harvest,Sugarcane,OD15,2024-25,projected,496.04,3
Farm Harvest,Sugarcane,OD17,2013-14,published,165.0,3
Farm Harvest,Sugarcane,OD17,2014-15,published,215.0,3
Farm Harvest,Sugarcane,OD17,2015-16,published,248.0,3
Farm Harvest,Sugarcane,OD17,2016-17,published,270.0,3
Farm Harvest,Sugarcane,OD17,2017-18,published,350.0,3
Farm Harvest,Sugarcane,OD17,2018-19,published,325.0,3
Farm Harvest,Sugarcane,OD17,2019-20,projected,357.5,3
Farm Harvest,Sugarcane,OD17,2020-21,projected,393.25,3
Farm Harvest,Sugarcane,OD17,2021-22,projected,432.58,3
Farm Harvest,Sugarcane,OD17,2022-23,projected,475.83,3
Farm Harvest,Sugarcane,OD17,2023-24,projected,523.42,3
Farm Harvest,Sugarcane,OD17,2024-25,projected,575.76,3
Farm Harvest,Sugarcane,OD18,2013-14,imputed,180.69,3
Farm Harvest,Sugarcane,OD18,2014-15,published,240.0,3
Farm Harvest,Sugarcane,OD18,2015-16,published,260.0,3
Farm Harvest,Sugarcane,OD18,2016-17,published,275.0,3
Farm Harvest,Sugarcane,OD18,2017-18,published,310.0,3
Farm Harvest,Sugarcane,OD18,2018-19,published,355.0,3
Farm Harvest,Sugarcane,OD18,2019-20,projected,390.5,3
Farm Harvest,Sugarcane,OD18,2020-21,projected,429.55,3
Farm Harvest,Sugarcane,OD18,2021-22,projected,472.51,3
Farm Harvest,Sugarcane,OD18,2022-23,projected,519.76,3
Farm Harvest,Sugarcane,OD18,2023-24,projected,571.73,3
Farm Harvest,Sugarcane,OD18,2024-25,projected,628.9,3
Farm Harvest,Sugarcane,OD19,2013-14,imputed,178.48,3
Farm Harvest,Sugarcane,OD19,2014-15,published,226.66,3
Farm Harvest,Sugarcane,OD19,2015-16,published,250.0,3
Farm Harvest,Sugarcane,OD19,2016-17,published,267.0,3
Farm Harvest,Sugarcane,OD19,2017-18,published,352.0,3
Farm Harvest,Sugarcane,OD19,2018-19,imputed,333.9,3
Farm Harvest,Sugarcane,OD19,2019-20,projected,360.84,3
Farm Harvest,Sugarcane,OD19,2020-21,projected,396.92,3
Farm Harvest,Sugarcane,OD19,2021-22,projected,436.61,3
Farm Harvest,Sugarcane,OD19,2022-23,projected,480.27,3
Farm Harvest,Sugarcane,OD19,2023-24,projected,528.3,3
Farm Harvest,Sugarcane,OD19,2024-25,projected,581.13,3
Farm Harvest,Sugarcane,OD20,2013-14,published,170.0,3
Farm Harvest,Sugarcane,OD20,2014-15,published,180.0,3
Farm Harvest,Sugarcane,OD20,2015-16,published,235.0,3
Farm Harvest,Sugarcane,OD20,2016-17,published,260.0,3
Farm Harvest,Sugarcane,OD20,2017-18,published,265.0,3
Farm Harvest,Sugarcane,OD20,2018-19,published,350.0,3
Farm Harvest,Sugarcane,OD20,2019-20,projected,385.0,3
Farm Harvest,Sugarcane,OD20,2020-21,projected,423.5,3
Farm Harvest,Sugarcane,OD20,2021-22,projected,465.85,3
Farm Harvest,Sugarcane,OD20,2022-23,projected,512.44,3
Farm Harvest,Sugarcane,OD20,2023-24,projected,563.68,3
Farm Harvest,Sugarcane,OD20,2024-25,projected,620.05,3
Farm Harvest,Sugarcane,OD21,2013-14,imputed,188.78,3
Farm Harvest,Sugarcane,OD21,2014-15,imputed,237.59,3
Farm Harvest,Sugarcane,OD21,2015-16,imputed,270.76,3
Farm Harvest,Sugarcane,OD21,2016-17,published,300.0,3
Farm Harvest,Sugarcane,OD21,2017-18,imputed,346.95,3
Farm Harvest,Sugarcane,OD21,2018-19,imputed,353.16,3
Farm Harvest,Sugarcane,OD21,2019-20,projected,330.0,3
Farm Harvest,Sugarcane,OD21,2020-21,projected,363.0,3
Farm Harvest,Sugarcane,OD21,2021-22,projected,399.3,3
Farm Harvest,Sugarcane,OD21,2022-23,projected,439.23,3
Farm Harvest,Sugarcane,OD21,2023-24,projected,483.15,3
Farm Harvest,Sugarcane,OD21,2024-25,projected,531.47,3
Farm Harvest,Sugarcane,OD23,2013-14,published,170.0,3
Farm Harvest,Sugarcane,OD23,2014-15,published,200.0,3
Farm Harvest,Sugarcane,OD23,2015-16,published,255.0,3
Farm Harvest,Sugarcane,OD23,2016-17,published,270.0,3
Farm Harvest,Sugarcane,OD23,2017-18,published,372.0,3
Farm Harvest,Sugarcane,OD23,2018-19,published,390.0,3
Farm Harvest,Sugarcane,OD23,2019-20,projected,429.0,3
Farm Harvest,Sugarcane,OD23,2020-21,projected,471.9,3
Farm Harvest,Sugarcane,OD23,2021-22,projected,519.09,3
Farm Harvest,Sugarcane,OD23,2022-23,projected,571.0,3
Farm Harvest,Sugarcane,OD23,2023-24,projected,628.1,3
Farm Harvest,Sugarcane,OD23,2024-25,projected,690.91,3
Farm Harvest,Sugarcane,OD24,2013-14,published,180.0,3
Farm Harvest,Sugarcane,OD24,2014-15,published,200.0,3
Farm Harvest,Sugarcane,OD24,2015-16,published,245.0,3
Farm Harvest,Sugarcane,OD24,2016-17,published,275.0,3
Farm Harvest,Sugarcane,OD24,2017-18,published,320.0,3
Farm Harvest,Sugarcane,OD24,2018-19,published,400.0,3
Farm Harvest,Sugarcane,OD24,2019-20,projected,440.0,3
Farm Harvest,Sugarcane,OD24,2020-21,projected,484.0,3
Farm Harvest,Sugarcane,OD24,2021-22,projected,532.4,3
Farm Harvest,Sugarcane,OD24,2022-23,projected,585.64,3
Farm Harvest,Sugarcane,OD24,2023-24,projected,644.2,3
Farm Harvest,Sugarcane,OD24,2024-25,projected,708.62,3
Farm Harvest,Sugarcane,OD25,2013-14,imputed,185.24,3
Farm Harvest,Sugarcane,OD25,2014-15,imputed,233.13,3
Farm Harvest,Sugarcane,OD25,2015-16,imputed,265.68,3
Farm Harvest,Sugarcane,OD25,2016-17,published,300.0,3
Farm Harvest,Sugarcane,OD25,2017-18,published,360.0,3
Farm Harvest,Sugarcane,OD25,2018-19,published,320.0,3
Farm Harvest,Sugarcane,OD25,2019-20,projected,352.0,3
Farm Harvest,Sugarcane,OD25,2020-21,projected,387.2,3
Farm Harvest,Sugarcane,OD25,2021-22,projected,425.92,3
Farm Harvest,Sugarcane,OD25,2022-23,projected,468.51,3
Farm Harvest,Sugarcane,OD25,2023-24,projected,515.36,3
Farm Harvest,Sugarcane,OD25,2024-25,projected,566.9,3
Farm Harvest,Sugarcane,OD26,2013-14,imputed,172.96,3
Farm Harvest,Sugarcane,OD26,2014-15,published,230.0,3
Farm Harvest,Sugarcane,OD26,2015-16,published,252.0,3
Farm Harvest,Sugarcane,OD26,2016-17,published,275.0,3
Farm Harvest,Sugarcane,OD26,2017-18,imputed,317.89,3
Farm Harvest,Sugarcane,OD26,2018-19,published,300.0,3
Farm Harvest,Sugarcane,OD26,2019-20,projected,330.0,3
Farm Harvest,Sugarcane,OD26,2020-21,projected,363.0,3
Farm Harvest,Sugarcane,OD26,2021-22,projected,399.3,3
Farm Harvest,Sugarcane,OD26,2022-23,projected,439.23,3
Farm Harvest,Sugarcane,OD26,2023-24,projected,483.15,3
Farm Harvest,Sugarcane,OD26,2024-25,projected,531.47,3
Farm Harvest,Sugarcane,OD27,2013-14,imputed,193.16,3
Farm Harvest,Sugarcane,OD27,2014-15,imputed,243.1,3
Farm Harvest,Sugarcane,OD27,2015-16,imputed,277.03,3
Farm Harvest,Sugarcane,OD27,2016-17,imputed,306.96,3
Farm Harvest,Sugarcane,OD27,2017-18,published,355.0,3
Farm Harvest,Sugarcane,OD27,2018-19,imputed,361.35,3
Farm Harvest,Sugarcane,OD27,2019-20,projected,390.5,3
Farm Harvest,Sugarcane,OD27,2020-21,projected,429.55,3
Farm Harvest,Sugarcane,OD27,2021-22,projected,472.51,3
Farm Harvest,Sugarcane,OD27,2022-23,projected,519.76,3
Farm Harvest,Sugarcane,OD27,2023-24,projected,571.73,3
Farm Harvest,Sugarcane,OD27,2024-25,projected,628.9,3
Farm Harvest,Sugarcane,OD28,2013-14,imputed,180.13,3
Farm Harvest,Sugarcane,OD28,2014-15,published,245.0,3
Farm Harvest,Sugarcane,OD28,2015-16,published,260.0,3
Farm Harvest,Sugarcane,OD28,2016-17,published,290.0,3
Farm Harvest,Sugarcane,OD28,2017-18,published,349.0,3
Farm Harvest,Sugarcane,OD28,2018-19,published,285.0,3
Farm Harvest,Sugarcane,OD28,2019-20,projected,313.5,3
Farm Harvest,Sugarcane,OD28,2020-21,projected,344.85,3
Farm Harvest,Sugarcane,OD28,2021-22,projected,379.34,3
Farm Harvest,Sugarcane,OD28,2022-23,projected,417.27,3
Farm Harvest,Sugarcane,OD28,2023-24,projected,459.0,3
Farm Harvest,Sugarcane,OD28,2024-25,projected,504.89,3
Farm Harvest,Sugarcane,OD29,2013-14,published,190.0,3
Farm Harvest,Sugarcane,OD29,2014-15,published,235.0,3
Farm Harvest,Sugarcane,OD29,2015-16,published,255.0,3
Farm Harvest,Sugarcane,OD29,2016-17,published,285.0,3
Farm Harvest,Sugarcane,OD29,2017-18,imputed,337.18,3
Farm Harvest,Sugarcane,OD29,2018-19,imputed,343.21,3
Farm Harvest,Sugarcane,OD29,2019-20,projected,320.71,3
Farm Harvest,Sugarcane,OD29,2020-21,projected,352.78,3
Farm Harvest,Sugarcane,OD29,2021-22,projected,388.06,3
Farm Harvest,Sugarcane,OD29,2022-23,projected,426.86,3
Farm Harvest,Sugarcane,OD29,2023-24,projected,469.55,3
Farm Harvest,Sugarcane,OD29,2024-25,projected,516.5,3
Farm Harvest,Sugarcane,OD30,2013-14,imputed,180.28,3
Farm Harvest,Sugarcane,OD30,2014-15,published,240.0,3
Farm Harvest,Sugarcane,OD30,2015-16,published,260.0,3
Farm Harvest,Sugarcane,OD30,2016-17,published,300.0,3
Farm Harvest,Sugarcane,OD30,2017-18,imputed,331.33,3
Farm Harvest,Sugarcane,OD30,2018-19,published,300.0,3
Farm Harvest,Sugarcane,OD30,2019-20,projected,330.0,3
Farm Harvest,Sugarcane,OD30,2020-21,projected,363.0,3
Farm Harvest,Sugarcane,OD30,2021-22,projected,399.3,3
Farm Harvest,Sugarcane,OD30,2022-23,projected,439.23,3
Farm Harvest,Sugarcane,OD30,2023-24,projected,483.15,3
Farm Harvest,Sugarcane,OD30,2024-25,projected,531.47,3
Farm Harvest,Til,OD01,2013-14,published,4000.0,3
Farm Harvest,Til,OD01,2014-15,published,4516.0,3
Farm Harvest,Til,OD01,2015-16,published,4792.0,3
Farm Harvest,Til,OD01,2016-17,published,5209.0,3
Farm Harvest,Til,OD01,2017-18,published,5120.0,3
Farm Harvest,Til,OD01,2018-19,published,5800.0,3
Farm Harvest,Til,OD01,2019-20,projected,6292.27,3
Farm Harvest,Til,OD01,2020-21,projected,6826.32,3
Farm Harvest,Til,OD01,2021-22,projected,7405.69,3
Farm Harvest,Til,OD01,2022-23,projected,8034.24,3
Farm Harvest,Til,OD01,2023-24,projected,8716.14,3
Farm Harvest,Til,OD01,2024-25,projected,9455.91,3
Farm Harvest,Til,OD02,2013-14,published,3570.0,3
Farm Harvest,Til,OD02,2014-15,published,4350.0,3
Farm Harvest,Til,OD02,2015-16,published,4950.0,3
Farm Harvest,Til,OD02,2016-17,published,5400.0,3
Farm Harvest,Til,OD02,2017-18,published,5310.0,3
Farm Harvest,Til,OD02,2018-19,published,5500.0,3
Farm Harvest,Til,OD02,2019-20,projected,5966.81,3
Farm Harvest,Til,OD02,2020-21,projected,6473.23,3
Farm Harvest,Til,OD02,2021-22,projected,7022.64,3
Farm Harvest,Til,OD02,2022-23,projected,7618.68,3
Farm Harvest,Til,OD02,2023-24,projected,8265.3,3
Farm Harvest,Til,OD02,2024-25,projected,8966.81,3
Farm Harvest,Til,OD03,2013-14,published,3700.0,3
Farm Harvest,Til,OD03,2014-15,published,4448.0,3
Farm Harvest,Til,OD03,2015-16,published,5081.0,3
Farm Harvest,Til,OD03,2016-17,published,5220.0,3
Farm Harvest,Til,OD03,2017-18,published,5897.0,3
Farm Harvest,Til,OD03,2018-19,published,6000.0,3
Farm Harvest,Til,OD03,2019-20,projected,6509.24,3
Farm Harvest,Til,OD03,2020-21,projected,7061.71,3
Farm Harvest,Til,OD03,2021-22,projected,7661.06,3
Farm Harvest,Til,OD03,2022-23,projected,8311.28,3
Farm Harvest,Til,OD03,2023-24,projected,9016.69,3
Farm Harvest,Til,OD03,2024-25,projected,9781.98,3
Farm Harvest,Til,OD04,2013-14,published,3591.0,3
Farm Harvest,Til,OD04,2014-15,published,4533.0,3
Farm Harvest,Til,OD04,2015-16,published,5100.0,3
Farm Harvest,Til,OD04,2016-17,published,5443.0,3
Farm Harvest,Til,OD04,2017-18,published,5914.0,3
Farm Harvest,Til,OD04,2018-19,published,5700.0,3
Farm Harvest,Til,OD04,2019-20,projected,6183.78,3
Farm Harvest,Til,OD04,2020-21,projected,6708.62,3
Farm Harvest,Til,OD04,2021-22,projected,7278.01,3
Farm Harvest,Til,OD04,2022-23,projected,7895.72,3
Farm Harvest,Til,OD04,2023-24,projected,8565.86,3
Farm Harvest,Til,OD04,2024-25,projected,9292.88,3
Farm Harvest,Til,OD05,2013-14,imputed,3855.21,3
Farm Harvest,Til,OD05,2014-15,imputed,4548.72,3
Farm Harvest,Til,OD05,2015-16,imputed,4803.09,3
Farm Harvest,Til,OD05,2016-17,published,5300.0,3
Farm Harvest,Til,OD05,2017-18,published,5063.0,3
Farm Harvest,Til,OD05,2018-19,published,5800.0,3
Farm Harvest,Til,OD05,2019-20,projected,6292.27,3
Farm Harvest,Til,OD05,2020-21,projected,6826.32,3
Farm Harvest,Til,OD05,2021-22,projected,7405.69,3
Farm Harvest,Til,OD05,2022-23,projected,8034.24,3
Farm Harvest,Til,OD05,2023-24,projected,8716.14,3
Farm Harvest,Til,OD05,2024-25,projected,9455.91,3
Farm Harvest,Til,OD06,2013-14,published,4233.0,3
Farm Harvest,Til,OD06,2014-15,published,4800.0,3
Farm Harvest,Til,OD06,2015-16,published,5100.0,3
Farm Harvest,Til,OD06,2016-17,published,5275.0,3
Farm Harvest,Til,OD06,2017-18,published,5827.0,3
Farm Harvest,Til,OD06,2018-19,published,5819.0,3
Farm Harvest,Til,OD06,2019-20,projected,6312.88,3
Farm Harvest,Til,OD06,2020-21,projected,6848.68,3
Farm Harvest,Til,OD06,2021-22,projected,7429.95,3
Farm Harvest,Til,OD06,2022-23,projected,8060.56,3
Farm Harvest,Til,OD06,2023-24,projected,8744.69,3
Farm Harvest,Til,OD06,2024-25,projected,9486.89,3
Farm Harvest,Til,OD07,2013-14,published,3813.0,3
Farm Harvest,Til,OD07,2014-15,published,4700.0,3
Farm Harvest,Til,OD07,2015-16,published,5000.0,3
Farm Harvest,Til,OD07,2016-17,published,5350.0,3
Farm Harvest,Til,OD07,2017-18,imputed,5425.26,3
Farm Harvest,Til,OD07,2018-19,imputed,5956.51,3
Farm Harvest,Til,OD07,2019-20,projected,5687.45,3
Farm Harvest,Til,OD07,2020-21,projected,6170.16,3
Farm Harvest,Til,OD07,2021-22,projected,6693.85,3
Farm Harvest,Til,OD07,2022-23,projected,7261.98,3
Farm Harvest,Til,OD07,2023-24,projected,7878.33,3
Farm Harvest,Til,OD07,2024-25,projected,8547.0,3
Farm Harvest,Til,OD08,2013-14,imputed,3814.31,3
Farm Harvest,Til,OD08,2014-15,imputed,4500.47,3
Farm Harvest,Til,OD08,2015-16,imputed,4752.15,3
Farm Harvest,Til,OD08,2016-17,published,5300.0,3
Farm Harvest,Til,OD08,2017-18,published,4804.0,3
Farm Harvest,Til,OD08,2018-19,published,5900.0,3
Farm Harvest,Til,OD08,2019-20,projected,6400.76,3
Farm Harvest,Til,OD08,2020-21,projected,6944.01,3
Farm Harvest,Til,OD08,2021-22,projected,7533.38,3
Farm Harvest,Til,OD08,2022-23,projected,8172.76,3
Farm Harvest,Til,OD08,2023-24,projected,8866.42,3
Farm Harvest,Til,OD08,2024-25,projected,9618.94,3
Farm Harvest,Til,OD09,2013-14,published,4050.0,3
Farm Harvest,Til,OD09,2014-15,published,4600.0,3
Farm Harvest,Til,OD09,2015-16,published,4800.0,3
Farm Harvest,Til,OD09,2016-17,published,5233.0,3
Farm Harvest,Til,OD09,2017-18,published,5525.0,3
Farm Harvest,Til,OD09,2018-19,published,6100.0,3
Farm Harvest,Til,OD09,2019-20,projected,6617.73,3
Farm Harvest,Til,OD09,2020-21,projected,7179.4,3
Farm Harvest,Til,OD09,2021-22,projected,7788.75,3
Farm Harvest,Til,OD09,2022-23,projected,8449.81,3
Farm Harvest,Til,OD09,2023-24,projected,9166.97,3
Farm Harvest,Til,OD09,2024-25,projected,9945.01,3
Farm Harvest,Til,OD10,2013-14,published,3630.0,3
Farm Harvest,Til,OD10,2014-15,published,4400.0,3
Farm Harvest,Til,OD10,2015-16,published,4500.0,3
Farm Harvest,Til,OD10,2016-17,published,4800.0,3
Farm Harvest,Til,OD10,2017-18,published,5323.0,3
Farm Harvest,Til,OD10,2018-19,published,6200.0,3
Farm Harvest,Til,OD10,2019-20,projected,6726.22,3
Farm Harvest,Til,OD10,2020-21,projected,7297.1,3
Farm Harvest,Til,OD10,2021-22,projected,7916.43,3
Farm Harvest,Til,OD10,2022-23,projected,8588.33,3
Farm Harvest,Til,OD10,2023-24,projected,9317.25,3
Farm Harvest,Til,OD10,2024-25,projected,10108.04,3
Farm Harvest,Til,OD11,2013-14,published,3600.0,3
Farm Harvest,Til,OD11,2014-15,published,4400.0,3
Farm Harvest,Til,OD11,2015-16,published,4500.0,3
Farm Harvest,Til,OD11,2016-17,published,4900.0,3
Farm Harvest,Til,OD11,2017-18,published,5525.0,3
Farm Harvest,Til,OD11,2018-19,published,6600.0,3
Farm Harvest,Til,OD11,2019-20,projected,7160.17,3
Farm Harvest,Til,OD11,2020-21,projected,7767.88,3
Farm Harvest,Til,OD11,2021-22,projected,8427.17,3
Farm Harvest,Til,OD11,2022-23,projected,9142.41,3
Farm Harvest,Til,OD11,2023-24,projected,9918.36,3
Farm Harvest,Til,OD11,2024-25,projected,10760.17,3
Farm Harvest,Til,OD14,2013-14,published,4300.0,3
Farm Harvest,Til,OD14,2014-15,published,5000.0,3
Farm Harvest,Til,OD14,2015-16,published,5100.0,3
Farm Harvest,Til,OD14,2016-17,published,5300.0,3
Farm Harvest,Til,OD14,2017-18,published,6275.0,3
Farm Harvest,Til,OD14,2018-19,published,6100.0,3
Farm Harvest,Til,OD14,2019-20,projected,6617.73,3
Farm Harvest,Til,OD14,2020-21,projected,7179.4,3
Farm Harvest,Til,OD14,2021-22,projected,7788.75,3
Farm Harvest,Til,OD14,2022-23,projected,8449.81,3
Farm Harvest,Til,OD14,2023-24,projected,9166.97,3
Farm Harvest,Til,OD14,2024-25,projected,9945.01,3
Farm Harvest,Til,OD15,2013-14,published,4333.0,3
Farm Harvest,Til,OD15,2014-15,published,4943.0,3
Farm Harvest,Til,OD15,2015-16,published,5050.0,3
Farm Harvest,Til,OD15,2016-17,published,5550.0,3
Farm Harvest,Til,OD15,2017-18,published,5525.0,3
Farm Harvest,Til,OD15,2018-19,published,5500.0,3
Farm Harvest,Til,OD15,2019-20,projected,5966.81,3
Farm Harvest,Til,OD15,2020-21,projected,6473.23,3
Farm Harvest,Til,OD15,2021-22,projected,7022.64,3
Farm Harvest,Til,OD15,2022-23,projected,7618.68,3
Farm Harvest,Til,OD15,2023-24,projected,8265.3,3
Farm Harvest,Til,OD15,2024-25,projected,8966.81,3
Farm Harvest,Til,OD16,2013-14,imputed,3880.76,3
Farm Harvest,Til,OD16,2014-15,published,4950.0,3
Farm Harvest,Til,OD16,2015-16,published,5000.0,3
Farm Harvest,Til,OD16,2016-17,published,5292.0,3
Farm Harvest,Til,OD16,2017-18,published,4200.0,3
Farm Harvest,Til,OD16,2018-19,published,6200.0,3
Farm Harvest,Til,OD16,2019-20,projected,6726.22,3
Farm Harvest,Til,OD16,2020-21,projected,7297.1,3
Farm Harvest,Til,OD16,2021-22,projected,7916.43,3
Farm Harvest,Til,OD16,2022-23,projected,8588.33,3
Farm Harvest,Til,OD16,2023-24,projected,9317.25,3
Farm Harvest,Til,OD16,2024-25,projected,10108.04,3
Farm Harvest,Til,OD17,2013-14,imputed,3716.45,3
Farm Harvest,Til,OD17,2014-15,imputed,4385.0,3
Farm Harvest,Til,OD17,2015-16,imputed,4630.21,3
Farm Harvest,Til,OD17,2016-17,imputed,4915.53,3
Farm Harvest,Til,OD17,2017-18,published,4800.0,3
Farm Harvest,Til,OD17,2018-19,published,5900.0,3
Farm Harvest,Til,OD17,2019-20,projected,6400.76,3
Farm Harvest,Til,OD17,2020-21,projected,6944.01,3
Farm Harvest,Til,OD17,2021-22,projected,7533.38,3
Farm Harvest,Til,OD17,2022-23,projected,8172.76,3
Farm Harvest,Til,OD17,2023-24,projected,8866.42,3
Farm Harvest,Til,OD17,2024-25,projected,9618.94,3
Farm Harvest,Til,OD18,2013-14,imputed,3976.32,3
Farm Harvest,Til,OD18,2014-15,published,5000.0,3
Farm Harvest,Til,OD18,2015-16,published,5000.0,3
Farm Harvest,Til,OD18,2016-17,published,5233.0,3
Farm Harvest,Til,OD18,2017-18,published,5950.0,3
Farm Harvest,Til,OD18,2018-19,published,5000.0,3
Farm Harvest,Til,OD18,2019-20,projected,5424.37,3
Farm Harvest,Til,OD18,2020-21,projected,5884.76,3
Farm Harvest,Til,OD18,2021-22,projected,6384.22,3
Farm Harvest,Til,OD18,2022-23,projected,6926.07,3
Farm Harvest,Til,OD18,2023-24,projected,7513.91,3
Farm Harvest,Til,OD18,2024-25,projected,8151.65,3
Farm Harvest,Til,OD19,2013-14,published,3950.0,3
Farm Harvest,Til,OD19,2014-15,published,4750.0,3
Farm Harvest,Til,OD19,2015-16,published,5000.0,3
Farm Harvest,Til,OD19,2016-17,published,5267.0,3
Farm Harvest,Til,OD19,2017-18,published,4898.0,3
Farm Harvest,Til,OD19,2018-19,imputed,5875.78,3
Farm Harvest,Til,OD19,2019-20,projected,5805.95,3
Farm Harvest,Til,OD19,2020-21,projected,6298.73,3
Farm Harvest,Til,OD19,2021-22,projected,6833.32,3
Farm Harvest,Til,OD19,2022-23,projected,7413.29,3
Farm Harvest,Til,OD19,2023-24,projected,8042.49,3
Farm Harvest,Til,OD19,2024-25,projected,8725.09,3
Farm Harvest,Til,OD20,2013-14,published,3825.0,3
Farm Harvest,Til,OD20,2014-15,published,4350.0,3
Farm Harvest,Til,OD20,2015-16,published,5067.0,3
Farm Harvest,Til,OD20,2016-17,published,5050.0,3
Farm Harvest,Til,OD20,2017-18,published,4210.0,3
Farm Harvest,Til,OD20,2018-19,published,6500.0,3
Farm Harvest,Til,OD20,2019-20,projected,7051.68,3
Farm Harvest,Til,OD20,2020-21,projected,7650.18,3
Farm Harvest,Til,OD20,2021-22,projected,8299.48,3
Farm Harvest,Til,OD20,2022-23,projected,9003.89,3
Farm Harvest,Til,OD20,2023-24,projected,9768.09,3
Farm Harvest,Til,OD20,2024-25,projected,10597.14,3
Farm Harvest,Til,OD21,2013-14,published,3500.0,3
Farm Harvest,Til,OD21,2014-15,published,3900.0,3
Farm Harvest,Til,OD21,2015-16,published,4500.0,3
Farm Harvest,Til,OD21,2016-17,published,4600.0,3
Farm Harvest,Til,OD21,2017-18,published,5143.0,3
Farm Harvest,Til,OD21,2018-19,published,6050.0,3
Farm Harvest,Til,OD21,2019-20,projected,6563.49,3
Farm Harvest,Til,OD21,2020-21,projected,7120.55,3
Farm Harvest,Til,OD21,2021-22,projected,7724.9,3
Farm Harvest,Til,OD21,2022-23,projected,8380.54,3
Farm Harvest,Til,OD21,2023-24,projected,9091.83,3
Farm Harvest,Til,OD21,2024-25,projected,9863.49,3
Farm Harvest,Til,OD22,2013-14,published,4191.0,3
Farm Harvest,Til,OD22,2014-15,published,4416.0,3
Farm Harvest,Til,OD22,2015-16,published,4720.0,3
Farm Harvest,Til,OD22,2016-17,published,4792.0,3
Farm Harvest,Til,OD22,2017-18,published,5688.0,3
Farm Harvest,Til,OD22,2018-19,published,5053.0,3
Farm Harvest,Til,OD22,2019-20,projected,5481.87,3
Farm Harvest,Til,OD22,2020-21,projected,5947.13,3
Farm Harvest,Til,OD22,2021-22,projected,6451.89,3
Farm Harvest,Til,OD22,2022-23,projected,6999.49,3
Farm Harvest,Til,OD22,2023-24,projected,7593.56,3
Farm Harvest,Til,OD22,2024-25,projected,8238.05,3
Farm Harvest,Til,OD23,2013-14,imputed,4138.51,3
Farm Harvest,Til,OD23,2014-15,imputed,4882.99,3
Farm Harvest,Til,OD23,2015-16,imputed,5156.05,3
Farm Harvest,Til,OD23,2016-17,imputed,5473.77,3
Farm Harvest,Til,OD23,2017-18,published,5500.0,3
Farm Harvest,Til,OD23,2018-19,published,6400.0,3
Farm Harvest,Til,OD23,2019-20,projected,6943.19,3
Farm Harvest,Til,OD23,2020-21,projected,7532.49,3
Farm Harvest,Til,OD23,2021-22,projected,8171.8,3
Farm Harvest,Til,OD23,2022-23,projected,8865.37,3
Farm Harvest,Til,OD23,2023-24,projected,9617.81,3
Farm Harvest,Til,OD23,2024-25,projected,10434.11,3
Farm Harvest,Til,OD24,2013-14,published,3900.0,3
Farm Harvest,Til,OD24,2014-15,published,4700.0,3
Farm Harvest,Til,OD24,2015-16,published,4800.0,3
Farm Harvest,Til,OD24,2016-17,published,4864.0,3
Farm Harvest,Til,OD24,2017-18,published,5226.0,3
Farm Harvest,Til,OD24,2018-19,published,5800.0,3
Farm Harvest,Til,OD24,2019-20,projected,6292.27,3
Farm Harvest,Til,OD24,2020-21,projected,6826.32,3
Farm Harvest,Til,OD24,2021-22,projected,7405.69,3
Farm Harvest,Til,OD24,2022-23,projected,8034.24,3
Farm Harvest,Til,OD24,2023-24,projected,8716.14,3
Farm Harvest,Til,OD24,2024-25,projected,9455.91,3
Farm Harvest,Til,OD25,2013-14,published,4300.0,3
Farm Harvest,Til,OD25,2014-15,published,4900.0,3
Farm Harvest,Til,OD25,2015-16,published,5100.0,3
Farm Harvest,Til,OD25,2016-17,published,5433.0,3
Farm Harvest,Til,OD25,2017-18,published,5479.0,3
Farm Harvest,Til,OD25,2018-19,imputed,6208.61,3
Farm Harvest,Til,OD25,2019-20,projected,6134.83,3
Farm Harvest,Til,OD25,2020-21,projected,6655.51,3
Farm Harvest,Til,OD25,2021-22,projected,7220.39,3
Farm Harvest,Til,OD25,2022-23,projected,7833.21,3
Farm Harvest,Til,OD25,2023-24,projected,8498.05,3
Farm Harvest,Til,OD25,2024-25,projected,9219.31,3
Farm Harvest,Til,OD26,2013-14,published,4000.0,3
Farm Harvest,Til,OD26,2014-15,published,4700.0,3
Farm Harvest,Til,OD26,2015-16,published,4800.0,3
Farm Harvest,Til,OD26,2016-17,published,5000.0,3
Farm Harvest,Til,OD26,2017-18,published,5500.0,3
Farm Harvest,Til,OD26,2018-19,published,6100.0,3
Farm Harvest,Til,OD26,2019-20,projected,6617.73,3
Farm Harvest,Til,OD26,2020-21,projected,7179.4,3
Farm Harvest,Til,OD26,2021-22,projected,7788.75,3
Farm Harvest,Til,OD26,2022-23,projected,8449.81,3
Farm Harvest,Til,OD26,2023-24,projected,9166.97,3
Farm Harvest,Til,OD26,2024-25,projected,9945.01,3
Farm Harvest,Til,OD27,2013-14,published,3800.0,3
Farm Harvest,Til,OD27,2014-15,published,4575.0,3
Farm Harvest,Til,OD27,2015-16,published,4700.0,3
Farm Harvest,Til,OD27,2016-17,published,5004.0,3
Farm Harvest,Til,OD27,2017-18,published,5512.0,3
Farm Harvest,Til,OD27,2018-19,published,5800.0,3
Farm Harvest,Til,OD27,2019-20,projected,6292.27,3
Farm Harvest,Til,OD27,2020-21,projected,6826.32,3
Farm Harvest,Til,OD27,2021-22,projected,7405.69,3
Farm Harvest,Til,OD27,2022-23,projected,8034.24,3
Farm Harvest,Til,OD27,2023-24,projected,8716.14,3
Farm Harvest,Til,OD27,2024-25,projected,9455.91,3
Farm Harvest,Til,OD28,2013-14,published,4000.0,3
Farm Harvest,Til,OD28,2014-15,published,4688.0,3
Farm Harvest,Til,OD28,2015-16,published,4733.0,3
Farm Harvest,Til,OD28,2016-17,published,5300.0,3
Farm Harvest,Til,OD28,2017-18,published,4900.0,3
Farm Harvest,Til,OD28,2018-19,published,6000.0,3
Farm Harvest,Til,OD28,2019-20,projected,6509.24,3
Farm Harvest,Til,OD28,2020-21,projected,7061.71,3
Farm Harvest,Til,OD28,2021-22,projected,7661.06,3
Farm Harvest,Til,OD28,2022-23,projected,8311.28,3
Farm Harvest,Til,OD28,2023-24,projected,9016.69,3
Farm Harvest,Til,OD28,2024-25,projected,9781.98,3
Farm Harvest,Til,OD29,2013-14,published,4400.0,3
Farm Harvest,Til,OD29,2014-15,published,5016.0,3
Farm Harvest,Til,OD29,2015-16,published,5100.0,3
Farm Harvest,Til,OD29,2016-17,published,5500.0,3
Farm Harvest,Til,OD29,2017-18,published,5500.0,3
Farm Harvest,Til,OD29,2018-19,published,5900.0,3
Farm Harvest,Til,OD29,2019-20,projected,6400.76,3
Farm Harvest,Til,OD29,2020-21,projected,6944.01,3
Farm Harvest,Til,OD29,2021-22,projected,7533.38,3
Farm Harvest,Til,OD29,2022-23,projected,8172.76,3
Farm Harvest,Til,OD29,2023-24,projected,8866.42,3
Farm Harvest,Til,OD29,2024-25,projected,9618.94,3
Farm Harvest,Til,OD30,2013-14,published,3700.0,3
Farm Harvest,Til,OD30,2014-15,published,4557.0,3
Farm Harvest,Til,OD30,2015-16,published,4917.0,3
Farm Harvest,Til,OD30,2016-17,published,5417.0,3
Farm Harvest,Til,OD30,2017-18,published,6500.0,3
Farm Harvest,Til,OD30,2018-19,published,5800.0,3
Farm Harvest,Til,OD30,2019-20,projected,6292.27,3
Farm Harvest,Til,OD30,2020-21,projected,6826.32,3
Farm Harvest,Til,OD30,2021-22,projected,7405.69,3
Farm Harvest,Til,OD30,2022-23,projected,8034.24,3
Farm Harvest,Til,OD30,2023-24,projected,8716.14,3
Farm Harvest,Til,OD30,2024-25,projected,9455.91,3
Farm Harvest,Wheat,OD01,2013-14,published,1550.0,3
Farm Harvest,Wheat,OD01,2014-15,published,1636.0,3
Farm Harvest,Wheat,OD01,2015-16,published,1681.0,3
Farm Harvest,Wheat,OD01,2016-17,published,1783.0,3
Farm Harvest,Wheat,OD01,2017-18,published,1625.0,3
Farm Harvest,Wheat,OD01,2018-19,published,1850.0,3
Farm Harvest,Wheat,OD01,2019-20,projected,1916.92,3
Farm Harvest,Wheat,OD01,2020-21,projected,1986.25,3
Farm Harvest,Wheat,OD01,2021-22,projected,2058.1,3
Farm Harvest,Wheat,OD01,2022-23,projected,2132.54,3
Farm Harvest,Wheat,OD01,2023-24,projected,2209.67,3
Farm Harvest,Wheat,OD01,2024-25,projected,2289.6,3
Farm Harvest,Wheat,OD02,2013-14,published,1500.0,3
Farm Harvest,Wheat,OD02,2014-15,published,1559.0,3
Farm Harvest,Wheat,OD02,2015-16,published,1600.0,3
Farm Harvest,Wheat,OD02,2016-17,published,1650.0,3
Farm Harvest,Wheat,OD02,2017-18,imputed,1724.5,3
Farm Harvest,Wheat,OD02,2018-19,imputed,1782.94,3
Farm Harvest,Wheat,OD02,2019-20,projected,1720.33,3
Farm Harvest,Wheat,OD02,2020-21,projected,1782.56,3
Farm Harvest,Wheat,OD02,2021-22,projected,1847.03,3
Farm Harvest,Wheat,OD02,2022-23,projected,1913.84,3
Farm Harvest,Wheat,OD02,2023-24,projected,1983.06,3
Farm Harvest,Wheat,OD02,2024-25,projected,2054.79,3
Farm Harvest,Wheat,OD03,2013-14,published,1470.0,3
Farm Harvest,Wheat,OD03,2014-15,published,1524.0,3
Farm Harvest,Wheat,OD03,2015-16,published,1538.0,3
Farm Harvest,Wheat,OD03,2016-17,published,1650.0,3
Farm Harvest,Wheat,OD03,2017-18,published,1700.0,3
Farm Harvest,Wheat,OD03,2018-19,imputed,1748.88,3
Farm Harvest,Wheat,OD03,2019-20,projected,1752.74,3
Farm Harvest,Wheat,OD03,2020-21,projected,1816.14,3
Farm Harvest,Wheat,OD03,2021-22,projected,1881.83,3
Farm Harvest,Wheat,OD03,2022-23,projected,1949.9,3
Farm Harvest,Wheat,OD03,2023-24,projected,2020.42,3
Farm Harvest,Wheat,OD03,2024-25,projected,2093.5,3
Farm Harvest,Wheat,OD04,2013-14,published,1472.0,3
Farm Harvest,Wheat,OD04,2014-15,published,1525.0,3
Farm Harvest,Wheat,OD04,2015-16,published,1600.0,3
Farm Harvest,Wheat,OD04,2016-17,published,1800.0,3
Farm Harvest,Wheat,OD04,2017-18,published,1752.0,3
Farm Harvest,Wheat,OD04,2018-19,published,1785.0,3
Farm Harvest,Wheat,OD04,2019-20,projected,1849.56,3
Farm Harvest,Wheat,OD04,2020-21,projected,1916.46,3
Farm Harvest,Wheat,OD04,2021-22,projected,1985.78,3
Farm Harvest,Wheat,OD04,2022-23,projected,2057.61,3
Farm Harvest,Wheat,OD04,2023-24,projected,2132.04,3
Farm Harvest,Wheat,OD04,2024-25,projected,2209.15,3
Farm Harvest,Wheat,OD05,2013-14,published,1475.0,3
Farm Harvest,Wheat,OD05,2014-15,published,1547.0,3
Farm Harvest,Wheat,OD05,2015-16,published,1565.0,3
Farm Harvest,Wheat,OD05,2016-17,published,1625.0,3
Farm Harvest,Wheat,OD05,2017-18,published,1550.0,3
Farm Harvest,Wheat,OD05,2018-19,imputed,1724.97,3
Farm Harvest,Wheat,OD05,2019-20,projected,1728.78,3
Farm Harvest,Wheat,OD05,2020-21,projected,1791.31,3
Farm Harvest,Wheat,OD05,2021-22,projected,1856.1,3
Farm Harvest,Wheat,OD05,2022-23,projected,1923.24,3
Farm Harvest,Wheat,OD05,2023-24,projected,1992.81,3
Farm Harvest,Wheat,OD05,2024-25,projected,2064.89,3
Farm Harvest,Wheat,OD06,2013-14,published,1500.0,3
Farm Harvest,Wheat,OD06,2014-15,published,1552.0,3
Farm Harvest,Wheat,OD06,2015-16,published,1600.0,3
Farm Harvest,Wheat,OD06,2016-17,published,1600.0,3
Farm Harvest,Wheat,OD06,2017-18,imputed,1709.58,3
Farm Harvest,Wheat,OD06,2018-19,imputed,1767.51,3
Farm Harvest,Wheat,OD06,2019-20,projected,1705.44,3
Farm Harvest,Wheat,OD06,2020-21,projected,1767.13,3
Farm Harvest,Wheat,OD06,2021-22,projected,1831.05,3
Farm Harvest,Wheat,OD06,2022-23,projected,1897.28,3
Farm Harvest,Wheat,OD06,2023-24,projected,1965.9,3
Farm Harvest,Wheat,OD06,2024-25,projected,2037.01,3
Farm Harvest,Wheat,OD07,2013-14,published,1508.0,3
Farm Harvest,Wheat,OD07,2014-15,published,1560.0,3
Farm Harvest,Wheat,OD07,2015-16,published,1600.0,3
Farm Harvest,Wheat,OD07,2016-17,published,1650.0,3
Farm Harvest,Wheat,OD07,2017-18,imputed,1727.09,3
Farm Harvest,Wheat,OD07,2018-19,imputed,1785.62,3
Farm Harvest,Wheat,OD07,2019-20,projected,1722.91,3
Farm Harvest,Wheat,OD07,2020-21,projected,1785.23,3
Farm Harvest,Wheat,OD07,2021-22,projected,1849.8,3
Farm Harvest,Wheat,OD07,2022-23,projected,1916.71,3
Farm Harvest,Wheat,OD07,2023-24,projected,1986.04,3
Farm Harvest,Wheat,OD07,2024-25,projected,2057.88,3
Farm Harvest,Wheat,OD08,2013-14,published,1485.0,3
Farm Harvest,Wheat,OD08,2014-15,published,1550.0,3
Farm Harvest,Wheat,OD08,2015-16,published,1575.0,3
Farm Harvest,Wheat,OD08,2016-17,published,1633.0,3
Farm Harvest,Wheat,OD08,2017-18,imputed,1706.53,3
Farm Harvest,Wheat,OD08,2018-19,imputed,1764.36,3
Farm Harvest,Wheat,OD08,2019-20,projected,1702.4,3
Farm Harvest,Wheat,OD08,2020-21,projected,1763.98,3
Farm Harvest,Wheat,OD08,2021-22,projected,1827.78,3
Farm Harvest,Wheat,OD08,2022-23,projected,1893.89,3
Farm Harvest,Wheat,OD08,2023-24,projected,1962.4,3
Farm Harvest,Wheat,OD08,2024-25,projected,2033.38,3
Farm Harvest,Wheat,OD09,2013-14,published,1535.0,3
Farm Harvest,Wheat,OD09,2014-15,published,1600.0,3
Farm Harvest,Wheat,OD09,2015-16,published,1600.0,3
Farm Harvest,Wheat,OD09,2016-17,published,1700.0,3
Farm Harvest,Wheat,OD09,2017-18,published,1750.0,3
Farm Harvest,Wheat,OD09,2018-19,published,1750.0,3
Farm Harvest,Wheat,OD09,2019-20,projected,1813.3,3
Farm Harvest,Wheat,OD09,2020-21,projected,1878.89,3
Farm Harvest,Wheat,OD09,2021-22,projected,1946.85,3
Farm Harvest,Wheat,OD09,2022-23,projected,2017.27,3
Farm Harvest,Wheat,OD09,2023-24,projected,2090.23,3
Farm Harvest,Wheat,OD09,2024-25,projected,2165.84,3
Farm Harvest,Wheat,OD10,2013-14,imputed,1368.47,3
Farm Harvest,Wheat,OD10,2014-15,imputed,1426.53,3
Farm Harvest,Wheat,OD10,2015-16,imputed,1467.65,3
Farm Harvest,Wheat,OD10,2016-17,published,1600.0,3
Farm Harvest,Wheat,OD10,2017-18,published,1500.0,3
Farm Harvest,Wheat,OD10,2018-19,imputed,1634.52,3
Farm Harvest,Wheat,OD10,2019-20,projected,1638.13,3
Farm Harvest,Wheat,OD10,2020-21,projected,1697.38,3
Farm Harvest,Wheat,OD10,2021-22,projected,1758.78,3
Farm Harvest,Wheat,OD10,2022-23,projected,1822.39,3
Farm Harvest,Wheat,OD10,2023-24,projected,1888.31,3
Farm Harvest,Wheat,OD10,2024-25,projected,1956.61,3
Farm Harvest,Wheat,OD11,2013-14,imputed,1925.96,3
Farm Harvest,Wheat,OD11,2014-15,imputed,2007.67,3
Farm Harvest,Wheat,OD11,2015-16,imputed,2065.55,3
Farm Harvest,Wheat,OD11,2016-17,imputed,2142.13,3
Farm Harvest,Wheat,OD11,2017-18,published,2225.0,3
Farm Harvest,Wheat,OD11,2018-19,imputed,2300.4,3
Farm Harvest,Wheat,OD11,2019-20,projected,2305.48,3
Farm Harvest,Wheat,OD11,2020-21,projected,2388.87,3
Farm Harvest,Wheat,OD11,2021-22,projected,2475.28,3
Farm Harvest,Wheat,OD11,2022-23,projected,2564.81,3
Farm Harvest,Wheat,OD11,2023-24,projected,2657.58,3
Farm Harvest,Wheat,OD11,2024-25,projected,2753.71,3
Farm Harvest,Wheat,OD13,2013-14,published,1490.0,3
Farm Harvest,Wheat,OD13,2014-15,published,1550.0,3
Farm Harvest,Wheat,OD13,2015-16,published,1600.0,3
Farm Harvest,Wheat,OD13,2016-17,published,1633.0,3
Farm Harvest,Wheat,OD13,2017-18,imputed,1714.71,3
Farm Harvest,Wheat,OD13,2018-19,imputed,1772.81,3
Farm Harvest,Wheat,OD13,2019-20,projected,1710.56,3
Farm Harvest,Wheat,OD13,2020-21,projected,1772.43,3
Farm Harvest,Wheat,OD13,2021-22,projected,1836.54,3
Farm Harvest,Wheat,OD13,2022-23,projected,1902.97,3
Farm Harvest,Wheat,OD13,2023-24,projected,1971.8,3
Farm Harvest,Wheat,OD13,2024-25,projected,2043.12,3
Farm Harvest,Wheat,OD14,2013-14,published,1480.0,3
Farm Harvest,Wheat,OD14,2014-15,published,1540.0,3
Farm Harvest,Wheat,OD14,2015-16,published,1600.0,3
Farm Harvest,Wheat,OD14,2016-17,published,1650.0,3
Farm Harvest,Wheat,OD14,2017-18,imputed,1728.64,3
Farm Harvest,Wheat,OD14,2018-19,published,1850.0,3
Farm Harvest,Wheat,OD14,2019-20,projected,1916.92,3
Farm Harvest,Wheat,OD14,2020-21,projected,1986.25,3
Farm Harvest,Wheat,OD14,2021-22,projected,2058.1,3
Farm Harvest,Wheat,OD14,2022-23,projected,2132.54,3
Farm Harvest,Wheat,OD14,2023-24,projected,2209.67,3
Farm Harvest,Wheat,OD14,2024-25,projected,2289.6,3
Farm Harvest,Wheat,OD15,2013-14,published,1475.0,3
Farm Harvest,Wheat,OD15,2014-15,published,1600.0,3
Farm Harvest,Wheat,OD15,2015-16,published,1620.0,3
Farm Harvest,Wheat,OD15,2016-17,published,1625.0,3
Farm Harvest,Wheat,OD15,2017-18,published,1700.0,3
Farm Harvest,Wheat,OD15,2018-19,published,1780.0,3
Farm Harvest,Wheat,OD15,2019-20,projected,1844.38,3
Farm Harvest,Wheat,OD15,2020-21,projected,1911.1,3
Farm Harvest,Wheat,OD15,2021-22,projected,1980.22,3
Farm Harvest,Wheat,OD15,2022-23,projected,2051.85,3
Farm Harvest,Wheat,OD15,2023-24,projected,2126.06,3
Farm Harvest,Wheat,OD15,2024-25,projected,2202.97,3
Farm Harvest,Wheat,OD17,2013-14,published,1500.0,3
Farm Harvest,Wheat,OD17,2014-15,published,1600.0,3
Farm Harvest,Wheat,OD17,2015-16,published,1620.0,3
Farm Harvest,Wheat,OD17,2016-17,published,1650.0,3
Farm Harvest,Wheat,OD17,2017-18,imputed,1726.69,3
Farm Harvest,Wheat,OD17,2018-19,published,1725.0,3
Farm Harvest,Wheat,OD17,2019-20,projected,1787.39,3
Farm Harvest,Wheat,OD17,2020-21,projected,1852.05,3
Farm Harvest,Wheat,OD17,2021-22,projected,1919.04,3
Farm Harvest,Wheat,OD17,2022-23,projected,1988.45,3
Farm Harvest,Wheat,OD17,2023-24,projected,2060.37,3
Farm Harvest,Wheat,OD17,2024-25,projected,2134.9,3
Farm Harvest,Wheat,OD18,2013-14,published,1473.0,3
Farm Harvest,Wheat,OD18,2014-15,published,1553.0,3
Farm Harvest,Wheat,OD18,2015-16,published,1633.0,3
Farm Harvest,Wheat,OD18,2016-17,published,1800.0,3
Farm Harvest,Wheat,OD18,2017-18,published,1751.0,3
Farm Harvest,Wheat,OD18,2018-19,imputed,1820.16,3
Farm Harvest,Wheat,OD18,2019-20,projected,1824.18,3
Farm Harvest,Wheat,OD18,2020-21,projected,1890.16,3
Farm Harvest,Wheat,OD18,2021-22,projected,1958.53,3
Farm Harvest,Wheat,OD18,2022-23,projected,2029.37,3
Farm Harvest,Wheat,OD18,2023-24,projected,2102.78,3
Farm Harvest,Wheat,OD18,2024-25,projected,2178.84,3
Farm Harvest,Wheat,OD19,2013-14,published,1550.0,3
Farm Harvest,Wheat,OD19,2014-15,published,1625.0,3
Farm Harvest,Wheat,OD19,2015-16,published,1650.0,3
Farm Harvest,Wheat,OD19,2016-17,published,1666.0,3
Farm Harvest,Wheat,OD19,2017-18,published,2000.0,3
Farm Harvest,Wheat,OD19,2018-19,imputed,1881.55,3
Farm Harvest,Wheat,OD19,2019-20,projected,1885.71,3
Farm Harvest,Wheat,OD19,2020-21,projected,1953.91,3
Farm Harvest,Wheat,OD19,2021-22,projected,2024.59,3
Farm Harvest,Wheat,OD19,2022-23,projected,2097.82,3
Farm Harvest,Wheat,OD19,2023-24,projected,2173.7,3
Farm Harvest,Wheat,OD19,2024-25,projected,2252.32,3
Farm Harvest,Wheat,OD20,2013-14,imputed,1527.94,3
Farm Harvest,Wheat,OD20,2014-15,imputed,1592.77,3
Farm Harvest,Wheat,OD20,2015-16,imputed,1638.68,3
Farm Harvest,Wheat,OD20,2016-17,imputed,1699.44,3
Farm Harvest,Wheat,OD20,2017-18,imputed,1765.18,3
Farm Harvest,Wheat,OD20,2018-19,published,1825.0,3
Farm Harvest,Wheat,OD20,2019-20,projected,1891.01,3
Farm Harvest,Wheat,OD20,2020-21,projected,1959.41,3
Farm Harvest,Wheat,OD20,2021-22,projected,2030.28,3
Farm Harvest,Wheat,OD20,2022-23,projected,2103.72,3
Farm Harvest,Wheat,OD20,2023-24,projected,2179.81,3
Farm Harvest,Wheat,OD20,2024-25,projected,2258.66,3
Farm Harvest,Wheat,OD21,2013-14,imputed,1373.63,3
Farm Harvest,Wheat,OD21,2014-15,imputed,1431.91,3
Farm Harvest,Wheat,OD21,2015-16,published,1500.0,3
Farm Harvest,Wheat,OD21,2016-17,published,1500.0,3
Farm Harvest,Wheat,OD21,2017-18,imputed,1586.91,3
Farm Harvest,Wheat,OD21,2018-19,imputed,1640.69,3
Farm Harvest,Wheat,OD21,2019-20,projected,1583.07,3
Farm Harvest,Wheat,OD21,2020-21,projected,1640.33,3
Farm Harvest,Wheat,OD21,2021-22,projected,1699.66,3
Farm Harvest,Wheat,OD21,2022-23,projected,1761.14,3
Farm Harvest,Wheat,OD21,2023-24,projected,1824.84,3
Farm Harvest,Wheat,OD21,2024-25,projected,1890.85,3
Farm Harvest,Wheat,OD22,2013-14,published,1500.0,3
Farm Harvest,Wheat,OD22,2014-15,published,1534.0,3
Farm Harvest,Wheat,OD22,2015-16,published,1620.0,3
Farm Harvest,Wheat,OD22,2016-17,published,1640.0,3
Farm Harvest,Wheat,OD22,2017-18,published,1760.0,3
Farm Harvest,Wheat,OD22,2018-19,published,1814.0,3
Farm Harvest,Wheat,OD22,2019-20,projected,1879.61,3
Farm Harvest,Wheat,OD22,2020-21,projected,1947.6,3
Farm Harvest,Wheat,OD22,2021-22,projected,2018.05,3
Farm Harvest,Wheat,OD22,2022-23,projected,2091.04,3
Farm Harvest,Wheat,OD22,2023-24,projected,2166.67,3
Farm Harvest,Wheat,OD22,2024-25,projected,2245.04,3
Farm Harvest,Wheat,OD23,2013-14,published,1490.0,3
Farm Harvest,Wheat,OD23,2014-15,published,1600.0,3
Farm Harvest,Wheat,OD23,2015-16,published,1700.0,3
Farm Harvest,Wheat,OD23,2016-17,published,1800.0,3
Farm Harvest,Wheat,OD23,2017-18,imputed,1780.51,3
Farm Harvest,Wheat,OD23,2018-19,published,1765.0,3
Farm Harvest,Wheat,OD23,2019-20,projected,1828.84,3
Farm Harvest,Wheat,OD23,2020-21,projected,1894.99,3
Farm Harvest,Wheat,OD23,2021-22,projected,1963.53,3
Farm Harvest,Wheat,OD23,2022-23,projected,2034.56,3
Farm Harvest,Wheat,OD23,2023-24,projected,2108.15,3
Farm Harvest,Wheat,OD23,2024-25,projected,2184.4,3
Farm Harvest,Wheat,OD24,2013-14,published,1500.0,3
Farm Harvest,Wheat,OD24,2014-15,published,1500.0,3
Farm Harvest,Wheat,OD24,2015-16,published,1550.0,3
Farm Harvest,Wheat,OD24,2016-17,published,1600.0,3
Farm Harvest,Wheat,OD24,2017-18,published,1619.0,3
Farm Harvest,Wheat,OD24,2018-19,imputed,1725.73,3
Farm Harvest,Wheat,OD24,2019-20,projected,1729.54,3
Farm Harvest,Wheat,OD24,2020-21,projected,1792.1,3
Farm Harvest,Wheat,OD24,2021-22,projected,1856.92,3
Farm Harvest,Wheat,OD24,2022-23,projected,1924.09,3
Farm Harvest,Wheat,OD24,2023-24,projected,1993.68,3
Farm Harvest,Wheat,OD24,2024-25,projected,2065.79,3
Farm Harvest,Wheat,OD25,2013-14,published,1495.0,3
Farm Harvest,Wheat,OD25,2014-15,imputed,1558.43,3
Farm Harvest,Wheat,OD25,2015-16,imputed,1603.35,3
Farm Harvest,Wheat,OD25,2016-17,imputed,1662.8,3
Farm Harvest,Wheat,OD25,2017-18,imputed,1727.13,3
Farm Harvest,Wheat,OD25,2018-19,imputed,1785.66,3
Farm Harvest,Wheat,OD25,2019-20,projected,1549.08,3
Farm Harvest,Wheat,OD25,2020-21,projected,1605.11,3
Farm Harvest,Wheat,OD25,2021-22,projected,1663.16,3
Farm Harvest,Wheat,OD25,2022-23,projected,1723.32,3
Farm Harvest,Wheat,OD25,2023-24,projected,1785.66,3
Farm Harvest,Wheat,OD25,2024-25,projected,1850.24,3
Farm Harvest,Wheat,OD26,2013-14,imputed,1298.4,3
Farm Harvest,Wheat,OD26,2014-15,imputed,1353.49,3
Farm Harvest,Wheat,OD26,2015-16,imputed,1392.5,3
Farm Harvest,Wheat,OD26,2016-17,imputed,1444.14,3
Farm Harvest,Wheat,OD26,2017-18,published,1500.0,3
Farm Harvest,Wheat,OD26,2018-19,imputed,1550.83,3
Farm Harvest,Wheat,OD26,2019-20,projected,1554.26,3
Farm Harvest,Wheat,OD26,2020-21,projected,1610.47,3
Farm Harvest,Wheat,OD26,2021-22,projected,1668.73,3
Farm Harvest,Wheat,OD26,2022-23,projected,1729.09,3
Farm Harvest,Wheat,OD26,2023-24,projected,1791.63,3
Farm Harvest,Wheat,OD26,2024-25,projected,1856.43,3
Farm Harvest,Wheat,OD28,2013-14,published,1475.0,3
Farm Harvest,Wheat,OD28,2014-15,published,1525.0,3
Farm Harvest,Wheat,OD28,2015-16,published,1550.0,3
Farm Harvest,Wheat,OD28,2016-17,published,1623.0,3
Farm Harvest,Wheat,OD28,2017-18,imputed,1688.44,3
Farm Harvest,Wheat,OD28,2018-19,published,1750.0,3
Farm Harvest,Wheat,OD28,2019-20,projected,1813.3,3
Farm Harvest,Wheat,OD28,2020-21,projected,1878.89,3
Farm Harvest,Wheat,OD28,2021-22,projected,1946.85,3
Farm Harvest,Wheat,OD28,2022-23,projected,2017.27,3
Farm Harvest,Wheat,OD28,2023-24,projected,2090.23,3
Farm Harvest,Wheat,OD28,2024-25,projected,2165.84,3
Farm Harvest,Wheat,OD29,2013-14,published,1500.0,3
Farm Harvest,Wheat,OD29,2014-15,published,1550.0,3
Farm Harvest,Wheat,OD29,2015-16,published,1575.0,3
Farm Harvest,Wheat,OD29,2016-17,published,1650.0,3
Farm Harvest,Wheat,OD29,2017-18,imputed,1715.28,3
Farm Harvest,Wheat,OD29,2018-19,imputed,1773.4,3
Farm Harvest,Wheat,OD29,2019-20,projected,1711.13,3
Farm Harvest,Wheat,OD29,2020-21,projected,1773.02,3
Farm Harvest,Wheat,OD29,2021-22,projected,1837.15,3
Farm Harvest,Wheat,OD29,2022-23,projected,1903.6,3
Farm Harvest,Wheat,OD29,2023-24,projected,1972.46,3
Farm Harvest,Wheat,OD29,2024-25,projected,2043.8,3
Farm Harvest,Wheat,OD30,2013-14,published,1470.0,3
Farm Harvest,Wheat,OD30,2014-15,published,1500.0,3
Farm Harvest,Wheat,OD30,2015-16,published,1700.0,3
Farm Harvest,Wheat,OD30,2016-17,published,1720.0,3
Farm Harvest,Wheat,OD30,2017-18,published,1750.0,3
Farm Harvest,Wheat,OD30,2018-19,published,1750.0,3
Farm Harvest,Wheat,OD30,2019-20,projected,1813.3,3
Farm Harvest,Wheat,OD30,2020-21,projected,1878.89,3
Farm Harvest,Wheat,OD30,2021-22,projected,1946.85,3
Farm Harvest,Wheat,OD30,2022-23,projected,2017.27,3
Farm Harvest,Wheat,OD30,2023-24,projected,2090.23,3
Farm Harvest,Wheat,OD30,2024-25,projected,2165.84,3
Wholesale,Arhar,OD01,2013-14,published,4505.0,12
Wholesale,Arhar,OD01,2014-15,published,5314.0,12
Wholesale,Arhar,OD01,2015-16,published,6024.0,12
Wholesale,Arhar,OD01,2016-17,published,6557.0,12
Wholesale,Arhar,OD01,2017-18,published,6860.0,12
Wholesale,Arhar,OD01,2018-19,published,5800.0,12
Wholesale,Arhar,OD01,2019-20,projected,6187.87,12
Wholesale,Arhar,OD01,2020-21,projected,6601.68,12
Wholesale,Arhar,OD01,2021-22,projected,7043.16,12
Wholesale,Arhar,OD01,2022-23,projected,7514.17,12
Wholesale,Arhar,OD01,2023-24,projected,8016.67,12
Wholesale,Arhar,OD01,2024-25,projected,8552.78,12
Wholesale,Arhar,OD02,2013-14,published,4478.0,12
Wholesale,Arhar,OD02,2014-15,published,5213.0,12
Wholesale,Arhar,OD02,2015-16,published,5909.0,12
Wholesale,Arhar,OD02,2016-17,published,6432.0,12
Wholesale,Arhar,OD02,2017-18,published,6489.0,12
Wholesale,Arhar,OD02,2018-19,published,6489.0,12
Wholesale,Arhar,OD02,2019-20,projected,6922.95,12
Wholesale,Arhar,OD02,2020-21,projected,7385.91,12
Wholesale,Arhar,OD02,2021-22,projected,7879.84,12
Wholesale,Arhar,OD02,2022-23,projected,8406.8,12
Wholesale,Arhar,OD02,2023-24,projected,8969.0,12
Wholesale,Arhar,OD02,2024-25,projected,9568.79,12
Wholesale,Arhar,OD03,2013-14,published,4650.0,12
Wholesale,Arhar,OD03,2014-15,published,5800.0,12
Wholesale,Arhar,OD03,2015-16,published,6574.0,12
Wholesale,Arhar,OD03,2016-17,published,7156.0,12
Wholesale,Arhar,OD03,2017-18,imputed,7122.01,12
Wholesale,Arhar,OD03,2018-19,imputed,6625.83,12
Wholesale,Arhar,OD03,2019-20,projected,7558.93,12
Wholesale,Arhar,OD03,2020-21,projected,8064.43,12
Wholesale,Arhar,OD03,2021-22,projected,8603.73,12
Wholesale,Arhar,OD03,2022-23,projected,9179.1,12
Wholesale,Arhar,OD03,2023-24,projected,9792.94,12
Wholesale,Arhar,OD03,2024-25,projected,10447.84,12
Wholesale,Arhar,OD04,2013-14,published,4600.0,12
Wholesale,Arhar,OD04,2014-15,published,5650.0,12
Wholesale,Arhar,OD04,2015-16,published,6404.0,12
Wholesale,Arhar,OD04,2016-17,published,6971.0,12
Wholesale,Arhar,OD04,2017-18,published,6910.0,12
Wholesale,Arhar,OD04,2018-19,published,7190.0,12
Wholesale,Arhar,OD04,2019-20,projected,7670.83,12
Wholesale,Arhar,OD04,2020-21,projected,8183.81,12
Wholesale,Arhar,OD04,2021-22,projected,8731.09,12
Wholesale,Arhar,OD04,2022-23,projected,9314.98,12
Wholesale,Arhar,OD04,2023-24,projected,9937.91,12
Wholesale,Arhar,OD04,2024-25,projected,10602.5,12
Wholesale,Arhar,OD05,2013-14,published,5000.0,12
Wholesale,Arhar,OD05,2014-15,published,6000.0,12
Wholesale,Arhar,OD05,2015-16,published,6801.0,12
Wholesale,Arhar,OD05,2016-17,published,7403.0,12
Wholesale,Arhar,OD05,2017-18,imputed,7363.16,12
Wholesale,Arhar,OD05,2018-19,published,6571.0,12
Wholesale,Arhar,OD05,2019-20,projected,7010.43,12
Wholesale,Arhar,OD05,2020-21,projected,7479.25,12
Wholesale,Arhar,OD05,2021-22,projected,7979.42,12
Wholesale,Arhar,OD05,2022-23,projected,8513.03,12
Wholesale,Arhar,OD05,2023-24,projected,9082.34,12
Wholesale,Arhar,OD05,2024-25,projected,9689.71,12
Wholesale,Arhar,OD06,2013-14,published,4733.0,12
Wholesale,Arhar,OD06,2014-15,published,5733.0,12
Wholesale,Arhar,OD06,2015-16,published,6499.0,12
Wholesale,Arhar,OD06,2016-17,published,7074.0,12
Wholesale,Arhar,OD06,2017-18,published,6600.0,12
Wholesale,Arhar,OD06,2018-19,published,6640.0,12
Wholesale,Arhar,OD06,2019-20,projected,7084.05,12
Wholesale,Arhar,OD06,2020-21,projected,7557.79,12
Wholesale,Arhar,OD06,2021-22,projected,8063.21,12
Wholesale,Arhar,OD06,2022-23,projected,8602.43,12
Wholesale,Arhar,OD06,2023-24,projected,9177.71,12
Wholesale,Arhar,OD06,2024-25,projected,9791.46,12
Wholesale,Arhar,OD07,2013-14,published,5179.0,12
Wholesale,Arhar,OD07,2014-15,published,6000.0,12
Wholesale,Arhar,OD07,2015-16,published,6801.0,12
Wholesale,Arhar,OD07,2016-17,published,7403.0,12
Wholesale,Arhar,OD07,2017-18,imputed,7504.66,12
Wholesale,Arhar,OD07,2018-19,imputed,6981.83,12
Wholesale,Arhar,OD07,2019-20,projected,7965.06,12
Wholesale,Arhar,OD07,2020-21,projected,8497.72,12
Wholesale,Arhar,OD07,2021-22,projected,9066.0,12
Wholesale,Arhar,OD07,2022-23,projected,9672.28,12
Wholesale,Arhar,OD07,2023-24,projected,10319.11,12
Wholesale,Arhar,OD07,2024-25,projected,11009.19,12
Wholesale,Arhar,OD08,2013-14,published,4500.0,12
Wholesale,Arhar,OD08,2014-15,published,5600.0,12
Wholesale,Arhar,OD08,2015-16,published,6348.0,12
Wholesale,Arhar,OD08,2016-17,published,6909.0,12
Wholesale,Arhar,OD08,2017-18,published,6837.0,12
Wholesale,Arhar,OD08,2018-19,published,6461.0,12
Wholesale,Arhar,OD08,2019-20,projected,6893.07,12
Wholesale,Arhar,OD08,2020-21,projected,7354.04,12
Wholesale,Arhar,OD08,2021-22,projected,7845.84,12
Wholesale,Arhar,OD08,2022-23,projected,8370.52,12
Wholesale,Arhar,OD08,2023-24,projected,8930.3,12
Wholesale,Arhar,OD08,2024-25,projected,9527.5,12
Wholesale,Arhar,OD09,2013-14,published,4789.0,12
Wholesale,Arhar,OD09,2014-15,published,5800.0,12
Wholesale,Arhar,OD09,2015-16,published,6574.0,12
Wholesale,Arhar,OD09,2016-17,published,7156.0,12
Wholesale,Arhar,OD09,2017-18,imputed,7173.63,12
Wholesale,Arhar,OD09,2018-19,imputed,6673.86,12
Wholesale,Arhar,OD09,2019-20,projected,7613.72,12
Wholesale,Arhar,OD09,2020-21,projected,8122.89,12
Wholesale,Arhar,OD09,2021-22,projected,8666.1,12
Wholesale,Arhar,OD09,2022-23,projected,9245.64,12
Wholesale,Arhar,OD09,2023-24,projected,9863.93,12
Wholesale,Arhar,OD09,2024-25,projected,10523.58,12
Wholesale,Arhar,OD10,2013-14,published,4750.0,12
Wholesale,Arhar,OD10,2014-15,published,5600.0,12
Wholesale,Arhar,OD10,2015-16,published,6348.0,12
Wholesale,Arhar,OD10,2016-17,published,6909.0,12
Wholesale,Arhar,OD10,2017-18,published,6870.0,12
Wholesale,Arhar,OD10,2018-19,published,6120.0,12
Wholesale,Arhar,OD10,2019-20,projected,6529.27,12
Wholesale,Arhar,OD10,2020-21,projected,6965.91,12
Wholesale,Arhar,OD10,2021-22,projected,7431.75,12
Wholesale,Arhar,OD10,2022-23,projected,7928.74,12
Wholesale,Arhar,OD10,2023-24,projected,8458.97,12
Wholesale,Arhar,OD10,2024-25,projected,9024.66,12
Wholesale,Arhar,OD11,2013-14,published,4300.0,12
Wholesale,Arhar,OD11,2014-15,published,5200.0,12
Wholesale,Arhar,OD11,2015-16,published,5894.0,12
Wholesale,Arhar,OD11,2016-17,published,6416.0,12
Wholesale,Arhar,OD11,2017-18,published,6807.0,12
Wholesale,Arhar,OD11,2018-19,published,6312.0,12
Wholesale,Arhar,OD11,2019-20,projected,6734.11,12
Wholesale,Arhar,OD11,2020-21,projected,7184.45,12
Wholesale,Arhar,OD11,2021-22,projected,7664.9,12
Wholesale,Arhar,OD11,2022-23,projected,8177.49,12
Wholesale,Arhar,OD11,2023-24,projected,8724.35,12
Wholesale,Arhar,OD11,2024-25,projected,9307.79,12
Wholesale,Arhar,OD12,2013-14,published,4700.0,12
Wholesale,Arhar,OD12,2014-15,published,5900.0,12
Wholesale,Arhar,OD12,2015-16,published,6688.0,12
Wholesale,Arhar,OD12,2016-17,published,7279.0,12
Wholesale,Arhar,OD12,2017-18,imputed,7233.68,12
Wholesale,Arhar,OD12,2018-19,imputed,6729.72,12
Wholesale,Arhar,OD12,2019-20,projected,7677.45,12
Wholesale,Arhar,OD12,2020-21,projected,8190.87,12
Wholesale,Arhar,OD12,2021-22,projected,8738.63,12
Wholesale,Arhar,OD12,2022-23,projected,9323.02,12
Wholesale,Arhar,OD12,2023-24,projected,9946.49,12
Wholesale,Arhar,OD12,2024-25,projected,10611.66,12
Wholesale,Arhar,OD13,2013-14,published,4600.0,12
Wholesale,Arhar,OD13,2014-15,published,5533.0,12
Wholesale,Arhar,OD13,2015-16,published,6272.0,12
Wholesale,Arhar,OD13,2016-17,published,6827.0,12
Wholesale,Arhar,OD13,2017-18,published,7083.0,12
Wholesale,Arhar,OD13,2018-19,published,6200.0,12
Wholesale,Arhar,OD13,2019-20,projected,6614.62,12
Wholesale,Arhar,OD13,2020-21,projected,7056.97,12
Wholesale,Arhar,OD13,2021-22,projected,7528.9,12
Wholesale,Arhar,OD13,2022-23,projected,8032.39,12
Wholesale,Arhar,OD13,2023-24,projected,8569.55,12
Wholesale,Arhar,OD13,2024-25,projected,9142.63,12
Wholesale,Arhar,OD14,2013-14,published,4500.0,12
Wholesale,Arhar,OD14,2014-15,published,5650.0,12
Wholesale,Arhar,OD14,2015-16,published,6404.0,12
Wholesale,Arhar,OD14,2016-17,published,6971.0,12
Wholesale,Arhar,OD14,2017-18,imputed,6926.79,12
Wholesale,Arhar,OD14,2018-19,imputed,6444.22,12
Wholesale,Arhar,OD14,2019-20,projected,7351.74,12
Wholesale,Arhar,OD14,2020-21,projected,7843.38,12
Wholesale,Arhar,OD14,2021-22,projected,8367.9,12
Wholesale,Arhar,OD14,2022-23,projected,8927.5,12
Wholesale,Arhar,OD14,2023-24,projected,9524.52,12
Wholesale,Arhar,OD14,2024-25,projected,10161.46,12
Wholesale,Arhar,OD15,2013-14,published,4586.0,12
Wholesale,Arhar,OD15,2014-15,published,5050.0,12
Wholesale,Arhar,OD15,2015-16,published,5724.0,12
Wholesale,Arhar,OD15,2016-17,published,6231.0,12
Wholesale,Arhar,OD15,2017-18,imputed,6400.73,12
Wholesale,Arhar,OD15,2018-19,imputed,5954.8,12
Wholesale,Arhar,OD15,2019-20,projected,6793.4,12
Wholesale,Arhar,OD15,2020-21,projected,7247.71,12
Wholesale,Arhar,OD15,2021-22,projected,7732.39,12
Wholesale,Arhar,OD15,2022-23,projected,8249.49,12
Wholesale,Arhar,OD15,2023-24,projected,8801.17,12
Wholesale,Arhar,OD15,2024-25,projected,9389.74,12
Wholesale,Arhar,OD16,2013-14,published,4738.0,12
Wholesale,Arhar,OD16,2014-15,published,5716.0,12
Wholesale,Arhar,OD16,2015-16,published,6479.0,12
Wholesale,Arhar,OD16,2016-17,published,7052.0,12
Wholesale,Arhar,OD16,2017-18,published,7467.0,12
Wholesale,Arhar,OD16,2018-19,published,7467.0,12
Wholesale,Arhar,OD16,2019-20,projected,7966.35,12
Wholesale,Arhar,OD16,2020-21,projected,8499.09,12
Wholesale,Arhar,OD16,2021-22,projected,9067.46,12
Wholesale,Arhar,OD16,2022-23,projected,9673.84,12
Wholesale,Arhar,OD16,2023-24,projected,10320.78,12
Wholesale,Arhar,OD16,2024-25,projected,11010.97,12
Wholesale,Arhar,OD17,2013-14,published,4889.0,12
Wholesale,Arhar,OD17,2014-15,published,5800.0,12
Wholesale,Arhar,OD17,2015-16,published,6574.0,12
Wholesale,Arhar,OD17,2016-17,published,7156.0,12
Wholesale,Arhar,OD17,2017-18,published,7300.0,12
Wholesale,Arhar,OD17,2018-19,imputed,6725.02,12
Wholesale,Arhar,OD17,2019-20,projected,7712.03,12
Wholesale,Arhar,OD17,2020-21,projected,8227.77,12
Wholesale,Arhar,OD17,2021-22,projected,8777.99,12
Wholesale,Arhar,OD17,2022-23,projected,9365.01,12
Wholesale,Arhar,OD17,2023-24,projected,9991.29,12
Wholesale,Arhar,OD17,2024-25,projected,10659.45,12
Wholesale,Arhar,OD18,2013-14,published,4500.0,12
Wholesale,Arhar,OD18,2014-15,published,5167.0,12
Wholesale,Arhar,OD18,2015-16,published,5856.0,12
Wholesale,Arhar,OD18,2016-17,published,6375.0,12
Wholesale,Arhar,OD18,2017-18,published,6792.0,12
Wholesale,Arhar,OD18,2018-19,published,6341.0,12
Wholesale,Arhar,OD18,2019-20,projected,6765.05,12
Wholesale,Arhar,OD18,2020-21,projected,7217.46,12
Wholesale,Arhar,OD18,2021-22,projected,7700.12,12
Wholesale,Arhar,OD18,2022-23,projected,8215.06,12
Wholesale,Arhar,OD18,2023-24,projected,8764.44,12
Wholesale,Arhar,OD18,2024-25,projected,9350.55,12
Wholesale,Arhar,OD19,2013-14,published,4800.0,12
Wholesale,Arhar,OD19,2014-15,published,6000.0,12
Wholesale,Arhar,OD19,2015-16,published,6801.0,12
Wholesale,Arhar,OD19,2016-17,published,7403.0,12
Wholesale,Arhar,OD19,2017-18,published,6522.0,12
Wholesale,Arhar,OD19,2018-19,imputed,6694.22,12
Wholesale,Arhar,OD19,2019-20,projected,7676.71,12
Wholesale,Arhar,OD19,2020-21,projected,8190.09,12
Wholesale,Arhar,OD19,2021-22,projected,8737.79,12
Wholesale,Arhar,OD19,2022-23,projected,9322.12,12
Wholesale,Arhar,OD19,2023-24,projected,9945.53,12
Wholesale,Arhar,OD19,2024-25,projected,10610.63,12
Wholesale,Arhar,OD20,2013-14,published,4600.0,12
Wholesale,Arhar,OD20,2014-15,published,5658.0,12
Wholesale,Arhar,OD20,2015-16,published,6414.0,12
Wholesale,Arhar,OD20,2016-17,published,6981.0,12
Wholesale,Arhar,OD20,2017-18,published,6500.0,12
Wholesale,Arhar,OD20,2018-19,published,5800.0,12
Wholesale,Arhar,OD20,2019-20,projected,6187.87,12
Wholesale,Arhar,OD20,2020-21,projected,6601.68,12
Wholesale,Arhar,OD20,2021-22,projected,7043.16,12
Wholesale,Arhar,OD20,2022-23,projected,7514.17,12
Wholesale,Arhar,OD20,2023-24,projected,8016.67,12
Wholesale,Arhar,OD20,2024-25,projected,8552.78,12
Wholesale,Arhar,OD21,2013-14,published,4733.0,12
Wholesale,Arhar,OD21,2014-15,published,6011.0,12
Wholesale,Arhar,OD21,2015-16,published,6814.0,12
Wholesale,Arhar,OD21,2016-17,published,7417.0,12
Wholesale,Arhar,OD21,2017-18,published,7000.0,12
Wholesale,Arhar,OD21,2018-19,published,6725.0,12
Wholesale,Arhar,OD21,2019-20,projected,7174.73,12
Wholesale,Arhar,OD21,2020-21,projected,7654.53,12
Wholesale,Arhar,OD21,2021-22,projected,8166.43,12
Wholesale,Arhar,OD21,2022-23,projected,8712.55,12
Wholesale,Arhar,OD21,2023-24,projected,9295.19,12
Wholesale,Arhar,OD21,2024-25,projected,9916.8,12
Wholesale,Arhar,OD22,2013-14,published,4488.0,12
Wholesale,Arhar,OD22,2014-15,published,5036.0,12
Wholesale,Arhar,OD22,2015-16,published,5708.0,12
Wholesale,Arhar,OD22,2016-17,published,6213.0,12
Wholesale,Arhar,OD22,2017-18,imputed,6328.81,12
Wholesale,Arhar,OD22,2018-19,published,5805.0,12
Wholesale,Arhar,OD22,2019-20,projected,6193.21,12
Wholesale,Arhar,OD22,2020-21,projected,6607.37,12
Wholesale,Arhar,OD22,2021-22,projected,7049.23,12
Wholesale,Arhar,OD22,2022-23,projected,7520.65,12
Wholesale,Arhar,OD22,2023-24,projected,8023.58,12
Wholesale,Arhar,OD22,2024-25,projected,8560.16,12
Wholesale,Arhar,OD23,2013-14,published,4500.0,12
Wholesale,Arhar,OD23,2014-15,published,5567.0,12
Wholesale,Arhar,OD23,2015-16,published,6310.0,12
Wholesale,Arhar,OD23,2016-17,published,6868.0,12
Wholesale,Arhar,OD23,2017-18,published,7513.0,12
Wholesale,Arhar,OD23,2018-19,published,6167.0,12
Wholesale,Arhar,OD23,2019-20,projected,6579.41,12
Wholesale,Arhar,OD23,2020-21,projected,7019.41,12
Wholesale,Arhar,OD23,2021-22,projected,7488.82,12
Wholesale,Arhar,OD23,2022-23,projected,7989.63,12
Wholesale,Arhar,OD23,2023-24,projected,8523.93,12
Wholesale,Arhar,OD23,2024-25,projected,9093.97,12
Wholesale,Arhar,OD24,2013-14,published,4450.0,12
Wholesale,Arhar,OD24,2014-15,published,4833.0,12
Wholesale,Arhar,OD24,2015-16,published,5479.0,12
Wholesale,Arhar,OD24,2016-17,published,5963.0,12
Wholesale,Arhar,OD24,2017-18,published,6500.0,12
Wholesale,Arhar,OD24,2018-19,published,5683.0,12
Wholesale,Arhar,OD24,2019-20,projected,6063.05,12
Wholesale,Arhar,OD24,2020-21,projected,6468.51,12
Wholesale,Arhar,OD24,2021-22,projected,6901.08,12
Wholesale,Arhar,OD24,2022-23,projected,7362.59,12
Wholesale,Arhar,OD24,2023-24,projected,7854.96,12
Wholesale,Arhar,OD24,2024-25,projected,8380.25,12
Wholesale,Arhar,OD25,2013-14,published,4576.0,12
Wholesale,Arhar,OD25,2014-15,published,5100.0,12
Wholesale,Arhar,OD25,2015-16,published,5781.0,12
Wholesale,Arhar,OD25,2016-17,published,6292.0,12
Wholesale,Arhar,OD25,2017-18,published,6800.0,12
Wholesale,Arhar,OD25,2018-19,published,7000.0,12
Wholesale,Arhar,OD25,2019-20,projected,7468.12,12
Wholesale,Arhar,OD25,2020-21,projected,7967.54,12
Wholesale,Arhar,OD25,2021-22,projected,8500.37,12
Wholesale,Arhar,OD25,2022-23,projected,9068.82,12
Wholesale,Arhar,OD25,2023-24,projected,9675.29,12
Wholesale,Arhar,OD25,2024-25,projected,10322.32,12
Wholesale,Arhar,OD26,2013-14,imputed,4509.69,12
Wholesale,Arhar,OD26,2014-15,imputed,5402.21,12
Wholesale,Arhar,OD26,2015-16,imputed,6123.46,12
Wholesale,Arhar,OD26,2016-17,imputed,6665.3,12
Wholesale,Arhar,OD26,2017-18,published,6700.0,12
Wholesale,Arhar,OD26,2018-19,imputed,6233.22,12
Wholesale,Arhar,OD26,2019-20,projected,7148.06,12
Wholesale,Arhar,OD26,2020-21,projected,7626.08,12
Wholesale,Arhar,OD26,2021-22,projected,8136.07,12
Wholesale,Arhar,OD26,2022-23,projected,8680.16,12
Wholesale,Arhar,OD26,2023-24,projected,9260.64,12
Wholesale,Arhar,OD26,2024-25,projected,9879.94,12
Wholesale,Arhar,OD27,2013-14,published,4142.0,12
Wholesale,Arhar,OD27,2014-15,published,4500.0,12
Wholesale,Arhar,OD27,2015-16,published,5101.0,12
Wholesale,Arhar,OD27,2016-17,published,5552.0,12
Wholesale,Arhar,OD27,2017-18,imputed,5724.24,12
Wholesale,Arhar,OD27,2018-19,imputed,5325.44,12
Wholesale,Arhar,OD27,2019-20,projected,6075.41,12
Wholesale,Arhar,OD27,2020-21,projected,6481.7,12
Wholesale,Arhar,OD27,2021-22,projected,6915.16,12
Wholesale,Arhar,OD27,2022-23,projected,7377.6,12
Wholesale,Arhar,OD27,2023-24,projected,7870.98,12
Wholesale,Arhar,OD27,2024-25,projected,8397.34,12
Wholesale,Arhar,OD28,2013-14,published,4500.0,12
Wholesale,Arhar,OD28,2014-15,published,5500.0,12
Wholesale,Arhar,OD28,2015-16,published,6234.0,12
Wholesale,Arhar,OD28,2016-17,published,6786.0,12
Wholesale,Arhar,OD28,2017-18,imputed,6787.29,12
Wholesale,Arhar,OD28,2018-19,imputed,6314.43,12
Wholesale,Arhar,OD28,2019-20,projected,7203.68,12
Wholesale,Arhar,OD28,2020-21,projected,7685.42,12
Wholesale,Arhar,OD28,2021-22,projected,8199.38,12
Wholesale,Arhar,OD28,2022-23,projected,8747.7,12
Wholesale,Arhar,OD28,2023-24,projected,9332.7,12
Wholesale,Arhar,OD28,2024-25,projected,9956.82,12
Wholesale,Arhar,OD29,2013-14,published,4489.0,12
Wholesale,Arhar,OD29,2014-15,published,5700.0,12
Wholesale,Arhar,OD29,2015-16,published,6461.0,12
Wholesale,Arhar,OD29,2016-17,published,7033.0,12
Wholesale,Arhar,OD29,2017-18,published,6567.0,12
Wholesale,Arhar,OD29,2018-19,published,6200.0,12
Wholesale,Arhar,OD29,2019-20,projected,6614.62,12
Wholesale,Arhar,OD29,2020-21,projected,7056.97,12
Wholesale,Arhar,OD29,2021-22,projected,7528.9,12
Wholesale,Arhar,OD29,2022-23,projected,8032.39,12
Wholesale,Arhar,OD29,2023-24,projected,8569.55,12
Wholesale,Arhar,OD29,2024-25,projected,9142.63,12
Wholesale,Arhar,OD30,2013-14,published,4400.0,12
Wholesale,Arhar,OD30,2014-15,published,5500.0,12
Wholesale,Arhar,OD30,2015-16,published,6234.0,12
Wholesale,Arhar,OD30,2016-17,published,6786.0,12
Wholesale,Arhar,OD30,2017-18,imputed,6707.39,12
Wholesale,Arhar,OD30,2018-19,published,6081.0,12
Wholesale,Arhar,OD30,2019-20,projected,6487.66,12
Wholesale,Arhar,OD30,2020-21,projected,6921.52,12
Wholesale,Arhar,OD30,2021-22,projected,7384.39,12
Wholesale,Arhar,OD30,2022-23,projected,7878.22,12
Wholesale,Arhar,OD30,2023-24,projected,8405.07,12
Wholesale,Arhar,OD30,2024-25,projected,8967.15,12
Wholesale,Bajra,OD07,2013-14,published,1233.0,12
Wholesale,Bajra,OD07,2014-15,published,1344.0,12
Wholesale,Bajra,OD07,2015-16,published,1402.0,12
Wholesale,Bajra,OD07,2016-17,published,1413.0,12
Wholesale,Bajra,OD07,2017-18,imputed,1517.91,12
Wholesale,Bajra,OD07,2018-19,imputed,1754.3,12
Wholesale,Bajra,OD07,2019-20,projected,1516.0,12
Wholesale,Bajra,OD07,2020-21,projected,1626.67,12
Wholesale,Bajra,OD07,2021-22,projected,1745.42,12
Wholesale,Bajra,OD07,2022-23,projected,1872.84,12
Wholesale,Bajra,OD07,2023-24,projected,2009.57,12
Wholesale,Bajra,OD07,2024-25,projected,2156.27,12
Wholesale,Bajra,OD10,2013-14,published,1230.0,12
Wholesale,Bajra,OD10,2014-15,published,1340.0,12
Wholesale,Bajra,OD10,2015-16,published,1398.0,12
Wholesale,Bajra,OD10,2016-17,published,1409.0,12
Wholesale,Bajra,OD10,2017-18,imputed,1513.7,12
Wholesale,Bajra,OD10,2018-19,imputed,1749.43,12
Wholesale,Bajra,OD10,2019-20,projected,1511.8,12
Wholesale,Bajra,OD10,2020-21,projected,1622.16,12
Wholesale,Bajra,OD10,2021-22,projected,1740.58,12
Wholesale,Bajra,OD10,2022-23,projected,1867.65,12
Wholesale,Bajra,OD10,2023-24,projected,2003.99,12
Wholesale,Bajra,OD10,2024-25,projected,2150.29,12
Wholesale,Bajra,OD11,2013-14,published,1257.0,12
Wholesale,Bajra,OD11,2014-15,published,1369.0,12
Wholesale,Bajra,OD11,2015-16,published,1428.0,12
Wholesale,Bajra,OD11,2016-17,published,1439.0,12
Wholesale,Bajra,OD11,2017-18,imputed,1546.37,12
Wholesale,Bajra,OD11,2018-19,imputed,1787.2,12
Wholesale,Bajra,OD11,2019-20,projected,1544.43,12
Wholesale,Bajra,OD11,2020-21,projected,1657.18,12
Wholesale,Bajra,OD11,2021-22,projected,1778.15,12
Wholesale,Bajra,OD11,2022-23,projected,1907.96,12
Wholesale,Bajra,OD11,2023-24,projected,2047.25,12
Wholesale,Bajra,OD11,2024-25,projected,2196.71,12
Wholesale,Bajra,OD15,2013-14,published,1250.0,12
Wholesale,Bajra,OD15,2014-15,published,1362.0,12
Wholesale,Bajra,OD15,2015-16,published,1421.0,12
Wholesale,Bajra,OD15,2016-17,published,1432.0,12
Wholesale,Bajra,OD15,2017-18,imputed,1538.46,12
Wholesale,Bajra,OD15,2018-19,imputed,1778.06,12
Wholesale,Bajra,OD15,2019-20,projected,1536.53,12
Wholesale,Bajra,OD15,2020-21,projected,1648.7,12
Wholesale,Bajra,OD15,2021-22,projected,1769.06,12
Wholesale,Bajra,OD15,2022-23,projected,1898.21,12
Wholesale,Bajra,OD15,2023-24,projected,2036.79,12
Wholesale,Bajra,OD15,2024-25,projected,2185.48,12
Wholesale,Bajra,OD16,2013-14,published,1240.0,12
Wholesale,Bajra,OD16,2014-15,published,1351.0,12
Wholesale,Bajra,OD16,2015-16,published,1409.0,12
Wholesale,Bajra,OD16,2016-17,published,1420.0,12
Wholesale,Bajra,OD16,2017-18,imputed,1525.81,12
Wholesale,Bajra,OD16,2018-19,imputed,1763.44,12
Wholesale,Bajra,OD16,2019-20,projected,1523.9,12
Wholesale,Bajra,OD16,2020-21,projected,1635.14,12
Wholesale,Bajra,OD16,2021-22,projected,1754.51,12
Wholesale,Bajra,OD16,2022-23,projected,1882.6,12
Wholesale,Bajra,OD16,2023-24,projected,2020.03,12
Wholesale,Bajra,OD16,2024-25,projected,2167.5,12
Wholesale,Bajra,OD18,2013-14,published,1255.0,12
Wholesale,Bajra,OD18,2014-15,published,1367.0,12
Wholesale,Bajra,OD18,2015-16,published,1426.0,12
Wholesale,Bajra,OD18,2016-17,published,1438.0,12
Wholesale,Bajra,OD18,2017-18,imputed,1544.38,12
Wholesale,Bajra,OD18,2018-19,imputed,1784.9,12
Wholesale,Bajra,OD18,2019-20,projected,1542.44,12
Wholesale,Bajra,OD18,2020-21,projected,1655.04,12
Wholesale,Bajra,OD18,2021-22,projected,1775.87,12
Wholesale,Bajra,OD18,2022-23,projected,1905.51,12
Wholesale,Bajra,OD18,2023-24,projected,2044.62,12
Wholesale,Bajra,OD18,2024-25,projected,2193.88,12
Wholesale,Bajra,OD20,2013-14,published,1225.0,12
Wholesale,Bajra,OD20,2014-15,published,1335.0,12
Wholesale,Bajra,OD20,2015-16,published,1392.0,12
Wholesale,Bajra,OD20,2016-17,published,1403.0,12
Wholesale,Bajra,OD20,2017-18,published,1850.0,12
Wholesale,Bajra,OD20,2018-19,published,2000.0,12
Wholesale,Bajra,OD20,2019-20,projected,2146.01,12
Wholesale,Bajra,OD20,2020-21,projected,2302.67,12
Wholesale,Bajra,OD20,2021-22,projected,2470.77,12
Wholesale,Bajra,OD20,2022-23,projected,2651.14,12
Wholesale,Bajra,OD20,2023-24,projected,2844.68,12
Wholesale,Bajra,OD20,2024-25,projected,3052.35,12
Wholesale,Bajra,OD21,2013-14,published,1250.0,12
Wholesale,Bajra,OD21,2014-15,published,1362.0,12
Wholesale,Bajra,OD21,2015-16,published,1421.0,12
Wholesale,Bajra,OD21,2016-17,published,1432.0,12
Wholesale,Bajra,OD21,2017-18,published,1650.0,12
Wholesale,Bajra,OD21,2018-19,published,1900.0,12
Wholesale,Bajra,OD21,2019-20,projected,2038.7,12
Wholesale,Bajra,OD21,2020-21,projected,2187.54,12
Wholesale,Bajra,OD21,2021-22,projected,2347.23,12
Wholesale,Bajra,OD21,2022-23,projected,2518.59,12
Wholesale,Bajra,OD21,2023-24,projected,2702.45,12
Wholesale,Bajra,OD21,2024-25,projected,2899.73,12
Wholesale,Bajra,OD23,2013-14,published,1260.0,12
Wholesale,Bajra,OD23,2014-15,published,1373.0,12
Wholesale,Bajra,OD23,2015-16,published,1432.0,12
Wholesale,Bajra,OD23,2016-17,published,1443.0,12
Wholesale,Bajra,OD23,2017-18,imputed,1550.58,12
Wholesale,Bajra,OD23,2018-19,imputed,1792.06,12
Wholesale,Bajra,OD23,2019-20,projected,1548.63,12
Wholesale,Bajra,OD23,2020-21,projected,1661.69,12
Wholesale,Bajra,OD23,2021-22,projected,1783.0,12
Wholesale,Bajra,OD23,2022-23,projected,1913.16,12
Wholesale,Bajra,OD23,2023-24,projected,2052.82,12
Wholesale,Bajra,OD23,2024-25,projected,2202.69,12
Wholesale,Bajra,OD24,2013-14,published,1220.0,12
Wholesale,Bajra,OD24,2014-15,published,1329.0,12
Wholesale,Bajra,OD24,2015-16,published,1387.0,12
Wholesale,Bajra,OD24,2016-17,published,1397.0,12
Wholesale,Bajra,OD24,2017-18,imputed,1501.31,12
Wholesale,Bajra,OD24,2018-19,imputed,1735.12,12
Wholesale,Bajra,OD24,2019-20,projected,1499.43,12
Wholesale,Bajra,OD24,2020-21,projected,1608.89,12
Wholesale,Bajra,OD24,2021-22,projected,1726.34,12
Wholesale,Bajra,OD24,2022-23,projected,1852.37,12
Wholesale,Bajra,OD24,2023-24,projected,1987.6,12
Wholesale,Bajra,OD24,2024-25,projected,2132.7,12
Wholesale,Bajra,OD25,2013-14,published,1233.0,12
Wholesale,Bajra,OD25,2014-15,published,1344.0,12
Wholesale,Bajra,OD25,2015-16,published,1402.0,12
Wholesale,Bajra,OD25,2016-17,published,1413.0,12
Wholesale,Bajra,OD25,2017-18,imputed,1517.91,12
Wholesale,Bajra,OD25,2018-19,imputed,1754.3,12
Wholesale,Bajra,OD25,2019-20,projected,1516.0,12
Wholesale,Bajra,OD25,2020-21,projected,1626.67,12
Wholesale,Bajra,OD25,2021-22,projected,1745.42,12
Wholesale,Bajra,OD25,2022-23,projected,1872.84,12
Wholesale,Bajra,OD25,2023-24,projected,2009.57,12
Wholesale,Bajra,OD25,2024-25,projected,2156.27,12
Wholesale,Bajra,OD27,2013-14,published,1181.0,12
Wholesale,Bajra,OD27,2014-15,published,1287.0,12
Wholesale,Bajra,OD27,2015-16,published,1342.0,12
Wholesale,Bajra,OD27,2016-17,published,1353.0,12
Wholesale,Bajra,OD27,2017-18,published,1250.0,12
Wholesale,Bajra,OD27,2018-19,published,1550.0,12
Wholesale,Bajra,OD27,2019-20,projected,1663.15,12
Wholesale,Bajra,OD27,2020-21,projected,1784.57,12
Wholesale,Bajra,OD27,2021-22,projected,1914.85,12
Wholesale,Bajra,OD27,2022-23,projected,2054.64,12
Wholesale,Bajra,OD27,2023-24,projected,2204.63,12
Wholesale,Bajra,OD27,2024-25,projected,2365.57,12
Wholesale,Bajra,OD28,2013-14,imputed,1110.93,12
Wholesale,Bajra,OD28,2014-15,imputed,1210.44,12
Wholesale,Bajra,OD28,2015-16,imputed,1262.65,12
Wholesale,Bajra,OD28,2016-17,imputed,1272.58,12
Wholesale,Bajra,OD28,2017-18,published,1350.0,12
Wholesale,Bajra,OD28,2018-19,published,1600.0,12
Wholesale,Bajra,OD28,2019-20,projected,1716.8,12
Wholesale,Bajra,OD28,2020-21,projected,1842.14,12
Wholesale,Bajra,OD28,2021-22,projected,1976.62,12
Wholesale,Bajra,OD28,2022-23,projected,2120.91,12
Wholesale,Bajra,OD28,2023-24,projected,2275.75,12
Wholesale,Bajra,OD28,2024-25,projected,2441.88,12
Wholesale,Bajra,OD30,2013-14,published,1275.0,12
Wholesale,Bajra,OD30,2014-15,published,1389.0,12
Wholesale,Bajra,OD30,2015-16,published,1449.0,12
Wholesale,Bajra,OD30,2016-17,published,1461.0,12
Wholesale,Bajra,OD30,2017-18,imputed,1569.15,12
Wholesale,Bajra,OD30,2018-19,imputed,1813.52,12
Wholesale,Bajra,OD30,2019-20,projected,1567.18,12
Wholesale,Bajra,OD30,2020-21,projected,1681.59,12
Wholesale,Bajra,OD30,2021-22,projected,1804.35,12
Wholesale,Bajra,OD30,2022-23,projected,1936.07,12
Wholesale,Bajra,OD30,2023-24,projected,2077.41,12
Wholesale,Bajra,OD30,2024-25,projected,2229.06,12
Wholesale,Biri,OD01,2013-14,published,4547.0,12
Wholesale,Biri,OD01,2014-15,published,5325.0,12
Wholesale,Biri,OD01,2015-16,published,6070.0,12
Wholesale,Biri,OD01,2016-17,published,6132.0,12
Wholesale,Biri,OD01,2017-18,published,6046.0,12
Wholesale,Biri,OD01,2018-19,published,5359.0,12
Wholesale,Biri,OD01,2019-20,projected,5610.94,12
Wholesale,Biri,OD01,2020-21,projected,5874.72,12
Wholesale,Biri,OD01,2021-22,projected,6150.91,12
Wholesale,Biri,OD01,2022-23,projected,6440.07,12
Wholesale,Biri,OD01,2023-24,projected,6742.84,12
Wholesale,Biri,OD01,2024-25,projected,7059.83,12
Wholesale,Biri,OD02,2013-14,published,4441.0,12
Wholesale,Biri,OD02,2014-15,published,5096.0,12
Wholesale,Biri,OD02,2015-16,published,5568.0,12
Wholesale,Biri,OD02,2016-17,published,5911.0,12
Wholesale,Biri,OD02,2017-18,published,6158.0,12
Wholesale,Biri,OD02,2018-19,published,6158.0,12
Wholesale,Biri,OD02,2019-20,projected,6447.5,12
Wholesale,Biri,OD02,2020-21,projected,6750.61,12
Wholesale,Biri,OD02,2021-22,projected,7067.98,12
Wholesale,Biri,OD02,2022-23,projected,7400.26,12
Wholesale,Biri,OD02,2023-24,projected,7748.16,12
Wholesale,Biri,OD02,2024-25,projected,8112.42,12
Wholesale,Biri,OD03,2013-14,published,4353.0,12
Wholesale,Biri,OD03,2014-15,published,5173.0,12
Wholesale,Biri,OD03,2015-16,published,5869.0,12
Wholesale,Biri,OD03,2016-17,published,6117.0,12
Wholesale,Biri,OD03,2017-18,published,6550.0,12
Wholesale,Biri,OD03,2018-19,published,5784.0,12
Wholesale,Biri,OD03,2019-20,projected,6055.92,12
Wholesale,Biri,OD03,2020-21,projected,6340.62,12
Wholesale,Biri,OD03,2021-22,projected,6638.71,12
Wholesale,Biri,OD03,2022-23,projected,6950.81,12
Wholesale,Biri,OD03,2023-24,projected,7277.58,12
Wholesale,Biri,OD03,2024-25,projected,7619.72,12
Wholesale,Biri,OD04,2013-14,published,4325.0,12
Wholesale,Biri,OD04,2014-15,published,5018.0,12
Wholesale,Biri,OD04,2015-16,published,5858.0,12
Wholesale,Biri,OD04,2016-17,published,6075.0,12
Wholesale,Biri,OD04,2017-18,published,6065.0,12
Wholesale,Biri,OD04,2018-19,published,6890.0,12
Wholesale,Biri,OD04,2019-20,projected,7213.91,12
Wholesale,Biri,OD04,2020-21,projected,7553.06,12
Wholesale,Biri,OD04,2021-22,projected,7908.14,12
Wholesale,Biri,OD04,2022-23,projected,8279.92,12
Wholesale,Biri,OD04,2023-24,projected,8669.18,12
Wholesale,Biri,OD04,2024-25,projected,9076.74,12
Wholesale,Biri,OD05,2013-14,published,4333.0,12
Wholesale,Biri,OD05,2014-15,published,5020.0,12
Wholesale,Biri,OD05,2015-16,published,5770.0,12
Wholesale,Biri,OD05,2016-17,published,5845.0,12
Wholesale,Biri,OD05,2017-18,published,6244.0,12
Wholesale,Biri,OD05,2018-19,published,5671.0,12
Wholesale,Biri,OD05,2019-20,projected,5937.61,12
Wholesale,Biri,OD05,2020-21,projected,6216.75,12
Wholesale,Biri,OD05,2021-22,projected,6509.01,12
Wholesale,Biri,OD05,2022-23,projected,6815.01,12
Wholesale,Biri,OD05,2023-24,projected,7135.4,12
Wholesale,Biri,OD05,2024-25,projected,7470.86,12
Wholesale,Biri,OD06,2013-14,published,4916.0,12
Wholesale,Biri,OD06,2014-15,published,5333.0,12
Wholesale,Biri,OD06,2015-16,published,6143.0,12
Wholesale,Biri,OD06,2016-17,published,6170.0,12
Wholesale,Biri,OD06,2017-18,published,6107.0,12
Wholesale,Biri,OD06,2018-19,published,4824.0,12
Wholesale,Biri,OD06,2019-20,projected,5050.79,12
Wholesale,Biri,OD06,2020-21,projected,5288.24,12
Wholesale,Biri,OD06,2021-22,projected,5536.85,12
Wholesale,Biri,OD06,2022-23,projected,5797.15,12
Wholesale,Biri,OD06,2023-24,projected,6069.69,12
Wholesale,Biri,OD06,2024-25,projected,6355.04,12
Wholesale,Biri,OD07,2013-14,published,4640.0,12
Wholesale,Biri,OD07,2014-15,published,5000.0,12
Wholesale,Biri,OD07,2015-16,published,6034.0,12
Wholesale,Biri,OD07,2016-17,published,6075.0,12
Wholesale,Biri,OD07,2017-18,published,6086.0,12
Wholesale,Biri,OD07,2018-19,published,5316.0,12
Wholesale,Biri,OD07,2019-20,projected,5565.92,12
Wholesale,Biri,OD07,2020-21,projected,5827.58,12
Wholesale,Biri,OD07,2021-22,projected,6101.55,12
Wholesale,Biri,OD07,2022-23,projected,6388.4,12
Wholesale,Biri,OD07,2023-24,projected,6688.73,12
Wholesale,Biri,OD07,2024-25,projected,7003.19,12
Wholesale,Biri,OD08,2013-14,published,4766.0,12
Wholesale,Biri,OD08,2014-15,published,5000.0,12
Wholesale,Biri,OD08,2015-16,published,6006.0,12
Wholesale,Biri,OD08,2016-17,published,6056.0,12
Wholesale,Biri,OD08,2017-18,published,6127.0,12
Wholesale,Biri,OD08,2018-19,published,5381.0,12
Wholesale,Biri,OD08,2019-20,projected,5633.97,12
Wholesale,Biri,OD08,2020-21,projected,5898.84,12
Wholesale,Biri,OD08,2021-22,projected,6176.16,12
Wholesale,Biri,OD08,2022-23,projected,6466.51,12
Wholesale,Biri,OD08,2023-24,projected,6770.52,12
Wholesale,Biri,OD08,2024-25,projected,7088.82,12
Wholesale,Biri,OD09,2013-14,published,4267.0,12
Wholesale,Biri,OD09,2014-15,published,4804.0,12
Wholesale,Biri,OD09,2015-16,published,5704.0,12
Wholesale,Biri,OD09,2016-17,published,6048.0,12
Wholesale,Biri,OD09,2017-18,published,6113.0,12
Wholesale,Biri,OD09,2018-19,published,4750.0,12
Wholesale,Biri,OD09,2019-20,projected,4973.31,12
Wholesale,Biri,OD09,2020-21,projected,5207.12,12
Wholesale,Biri,OD09,2021-22,projected,5451.91,12
Wholesale,Biri,OD09,2022-23,projected,5708.22,12
Wholesale,Biri,OD09,2023-24,projected,5976.58,12
Wholesale,Biri,OD09,2024-25,projected,6257.55,12
Wholesale,Biri,OD10,2013-14,published,4600.0,12
Wholesale,Biri,OD10,2014-15,published,5033.0,12
Wholesale,Biri,OD10,2015-16,published,5917.0,12
Wholesale,Biri,OD10,2016-17,published,5967.0,12
Wholesale,Biri,OD10,2017-18,published,6206.0,12
Wholesale,Biri,OD10,2018-19,published,6153.0,12
Wholesale,Biri,OD10,2019-20,projected,6442.27,12
Wholesale,Biri,OD10,2020-21,projected,6745.13,12
Wholesale,Biri,OD10,2021-22,projected,7062.24,12
Wholesale,Biri,OD10,2022-23,projected,7394.25,12
Wholesale,Biri,OD10,2023-24,projected,7741.87,12
Wholesale,Biri,OD10,2024-25,projected,8105.83,12
Wholesale,Biri,OD11,2013-14,published,4438.0,12
Wholesale,Biri,OD11,2014-15,published,5000.0,12
Wholesale,Biri,OD11,2015-16,published,5814.0,12
Wholesale,Biri,OD11,2016-17,published,5927.0,12
Wholesale,Biri,OD11,2017-18,published,5830.0,12
Wholesale,Biri,OD11,2018-19,published,5855.0,12
Wholesale,Biri,OD11,2019-20,projected,6130.26,12
Wholesale,Biri,OD11,2020-21,projected,6418.45,12
Wholesale,Biri,OD11,2021-22,projected,6720.2,12
Wholesale,Biri,OD11,2022-23,projected,7036.13,12
Wholesale,Biri,OD11,2023-24,projected,7366.92,12
Wholesale,Biri,OD11,2024-25,projected,7713.25,12
Wholesale,Biri,OD12,2013-14,published,4550.0,12
Wholesale,Biri,OD12,2014-15,published,5178.0,12
Wholesale,Biri,OD12,2015-16,published,5979.0,12
Wholesale,Biri,OD12,2016-17,published,6000.0,12
Wholesale,Biri,OD12,2017-18,published,5910.0,12
Wholesale,Biri,OD12,2018-19,published,5169.0,12
Wholesale,Biri,OD12,2019-20,projected,5412.01,12
Wholesale,Biri,OD12,2020-21,projected,5666.44,12
Wholesale,Biri,OD12,2021-22,projected,5932.83,12
Wholesale,Biri,OD12,2022-23,projected,6211.75,12
Wholesale,Biri,OD12,2023-24,projected,6503.77,12
Wholesale,Biri,OD12,2024-25,projected,6809.53,12
Wholesale,Biri,OD13,2013-14,published,4376.0,12
Wholesale,Biri,OD13,2014-15,published,5035.0,12
Wholesale,Biri,OD13,2015-16,published,5971.0,12
Wholesale,Biri,OD13,2016-17,published,5979.0,12
Wholesale,Biri,OD13,2017-18,published,5575.0,12
Wholesale,Biri,OD13,2018-19,published,5248.0,12
Wholesale,Biri,OD13,2019-20,projected,5494.72,12
Wholesale,Biri,OD13,2020-21,projected,5753.04,12
Wholesale,Biri,OD13,2021-22,projected,6023.5,12
Wholesale,Biri,OD13,2022-23,projected,6306.68,12
Wholesale,Biri,OD13,2023-24,projected,6603.17,12
Wholesale,Biri,OD13,2024-25,projected,6913.6,12
Wholesale,Biri,OD14,2013-14,published,4550.0,12
Wholesale,Biri,OD14,2014-15,imputed,5454.19,12
Wholesale,Biri,OD14,2015-16,published,6308.0,12
Wholesale,Biri,OD14,2016-17,imputed,6434.52,12
Wholesale,Biri,OD14,2017-18,published,6242.0,12
Wholesale,Biri,OD14,2018-19,published,6467.0,12
Wholesale,Biri,OD14,2019-20,projected,6771.03,12
Wholesale,Biri,OD14,2020-21,projected,7089.35,12
Wholesale,Biri,OD14,2021-22,projected,7422.64,12
Wholesale,Biri,OD14,2022-23,projected,7771.59,12
Wholesale,Biri,OD14,2023-24,projected,8136.95,12
Wholesale,Biri,OD14,2024-25,projected,8519.49,12
Wholesale,Biri,OD15,2013-14,published,4625.0,12
Wholesale,Biri,OD15,2014-15,published,5127.0,12
Wholesale,Biri,OD15,2015-16,published,6088.0,12
Wholesale,Biri,OD15,2016-17,published,6104.0,12
Wholesale,Biri,OD15,2017-18,published,6439.0,12
Wholesale,Biri,OD15,2018-19,published,5881.0,12
Wholesale,Biri,OD15,2019-20,projected,6157.48,12
Wholesale,Biri,OD15,2020-21,projected,6446.96,12
Wholesale,Biri,OD15,2021-22,projected,6750.04,12
Wholesale,Biri,OD15,2022-23,projected,7067.38,12
Wholesale,Biri,OD15,2023-24,projected,7399.63,12
Wholesale,Biri,OD15,2024-25,projected,7747.51,12
Wholesale,Biri,OD16,2013-14,published,4764.0,12
Wholesale,Biri,OD16,2014-15,published,5217.0,12
Wholesale,Biri,OD16,2015-16,published,5997.0,12
Wholesale,Biri,OD16,2016-17,published,6050.0,12
Wholesale,Biri,OD16,2017-18,published,6258.0,12
Wholesale,Biri,OD16,2018-19,published,6258.0,12
Wholesale,Biri,OD16,2019-20,projected,6552.2,12
Wholesale,Biri,OD16,2020-21,projected,6860.24,12
Wholesale,Biri,OD16,2021-22,projected,7182.75,12
Wholesale,Biri,OD16,2022-23,projected,7520.43,12
Wholesale,Biri,OD16,2023-24,projected,7873.98,12
Wholesale,Biri,OD16,2024-25,projected,8244.16,12
Wholesale,Biri,OD17,2013-14,published,4032.0,12
Wholesale,Biri,OD17,2014-15,published,4763.0,12
Wholesale,Biri,OD17,2015-16,published,5567.0,12
Wholesale,Biri,OD17,2016-17,published,6000.0,12
Wholesale,Biri,OD17,2017-18,published,5650.0,12
Wholesale,Biri,OD17,2018-19,published,5011.0,12
Wholesale,Biri,OD17,2019-20,projected,5246.58,12
Wholesale,Biri,OD17,2020-21,projected,5493.23,12
Wholesale,Biri,OD17,2021-22,projected,5751.48,12
Wholesale,Biri,OD17,2022-23,projected,6021.87,12
Wholesale,Biri,OD17,2023-24,projected,6304.97,12
Wholesale,Biri,OD17,2024-25,projected,6601.39,12
Wholesale,Biri,OD18,2013-14,published,4667.0,12
Wholesale,Biri,OD18,2014-15,published,5318.0,12
Wholesale,Biri,OD18,2015-16,published,6119.0,12
Wholesale,Biri,OD18,2016-17,published,6145.0,12
Wholesale,Biri,OD18,2017-18,published,5815.0,12
Wholesale,Biri,OD18,2018-19,published,5241.0,12
Wholesale,Biri,OD18,2019-20,projected,5487.39,12
Wholesale,Biri,OD18,2020-21,projected,5745.37,12
Wholesale,Biri,OD18,2021-22,projected,6015.47,12
Wholesale,Biri,OD18,2022-23,projected,6298.27,12
Wholesale,Biri,OD18,2023-24,projected,6594.37,12
Wholesale,Biri,OD18,2024-25,projected,6904.38,12
Wholesale,Biri,OD19,2013-14,published,4533.0,12
Wholesale,Biri,OD19,2014-15,published,5029.0,12
Wholesale,Biri,OD19,2015-16,published,5924.0,12
Wholesale,Biri,OD19,2016-17,published,6000.0,12
Wholesale,Biri,OD19,2017-18,published,5990.0,12
Wholesale,Biri,OD19,2018-19,published,5100.0,12
Wholesale,Biri,OD19,2019-20,projected,5339.76,12
Wholesale,Biri,OD19,2020-21,projected,5590.8,12
Wholesale,Biri,OD19,2021-22,projected,5853.63,12
Wholesale,Biri,OD19,2022-23,projected,6128.83,12
Wholesale,Biri,OD19,2023-24,projected,6416.96,12
Wholesale,Biri,OD19,2024-25,projected,6718.63,12
Wholesale,Biri,OD20,2013-14,published,4486.0,12
Wholesale,Biri,OD20,2014-15,published,5285.0,12
Wholesale,Biri,OD20,2015-16,published,6006.0,12
Wholesale,Biri,OD20,2016-17,published,6000.0,12
Wholesale,Biri,OD20,2017-18,published,5600.0,12
Wholesale,Biri,OD20,2018-19,published,6322.0,12
Wholesale,Biri,OD20,2019-20,projected,6619.21,12
Wholesale,Biri,OD20,2020-21,projected,6930.4,12
Wholesale,Biri,OD20,2021-22,projected,7256.21,12
Wholesale,Biri,OD20,2022-23,projected,7597.34,12
Wholesale,Biri,OD20,2023-24,projected,7954.51,12
Wholesale,Biri,OD20,2024-25,projected,8328.47,12
Wholesale,Biri,OD21,2013-14,published,4489.0,12
Wholesale,Biri,OD21,2014-15,published,5063.0,12
Wholesale,Biri,OD21,2015-16,published,5759.0,12
Wholesale,Biri,OD21,2016-17,published,5933.0,12
Wholesale,Biri,OD21,2017-18,published,6112.0,12
Wholesale,Biri,OD21,2018-19,published,6600.0,12
Wholesale,Biri,OD21,2019-20,projected,6910.28,12
Wholesale,Biri,OD21,2020-21,projected,7235.15,12
Wholesale,Biri,OD21,2021-22,projected,7575.29,12
Wholesale,Biri,OD21,2022-23,projected,7931.42,12
Wholesale,Biri,OD21,2023-24,projected,8304.3,12
Wholesale,Biri,OD21,2024-25,projected,8694.7,12
Wholesale,Biri,OD22,2013-14,published,4592.0,12
Wholesale,Biri,OD22,2014-15,published,5371.0,12
Wholesale,Biri,OD22,2015-16,published,6099.0,12
Wholesale,Biri,OD22,2016-17,published,6127.0,12
Wholesale,Biri,OD22,2017-18,published,6070.0,12
Wholesale,Biri,OD22,2018-19,published,4973.0,12
Wholesale,Biri,OD22,2019-20,projected,5206.79,12
Wholesale,Biri,OD22,2020-21,projected,5451.58,12
Wholesale,Biri,OD22,2021-22,projected,5707.87,12
Wholesale,Biri,OD22,2022-23,projected,5976.21,12
Wholesale,Biri,OD22,2023-24,projected,6257.16,12
Wholesale,Biri,OD22,2024-25,projected,6551.33,12
Wholesale,Biri,OD23,2013-14,published,4611.0,12
Wholesale,Biri,OD23,2014-15,published,5195.0,12
Wholesale,Biri,OD23,2015-16,published,6070.0,12
Wholesale,Biri,OD23,2016-17,published,6133.0,12
Wholesale,Biri,OD23,2017-18,published,6081.0,12
Wholesale,Biri,OD23,2018-19,published,6693.0,12
Wholesale,Biri,OD23,2019-20,projected,7007.65,12
Wholesale,Biri,OD23,2020-21,projected,7337.1,12
Wholesale,Biri,OD23,2021-22,projected,7682.03,12
Wholesale,Biri,OD23,2022-23,projected,8043.18,12
Wholesale,Biri,OD23,2023-24,projected,8421.31,12
Wholesale,Biri,OD23,2024-25,projected,8817.22,12
Wholesale,Biri,OD24,2013-14,published,4122.0,12
Wholesale,Biri,OD24,2014-15,published,5057.0,12
Wholesale,Biri,OD24,2015-16,published,5787.0,12
Wholesale,Biri,OD24,2016-17,published,6000.0,12
Wholesale,Biri,OD24,2017-18,published,5817.0,12
Wholesale,Biri,OD24,2018-19,published,4733.0,12
Wholesale,Biri,OD24,2019-20,projected,4955.51,12
Wholesale,Biri,OD24,2020-21,projected,5188.48,12
Wholesale,Biri,OD24,2021-22,projected,5432.4,12
Wholesale,Biri,OD24,2022-23,projected,5687.79,12
Wholesale,Biri,OD24,2023-24,projected,5955.19,12
Wholesale,Biri,OD24,2024-25,projected,6235.15,12
Wholesale,Biri,OD25,2013-14,published,4283.0,12
Wholesale,Biri,OD25,2014-15,published,5067.0,12
Wholesale,Biri,OD25,2015-16,published,5896.0,12
Wholesale,Biri,OD25,2016-17,published,5950.0,12
Wholesale,Biri,OD25,2017-18,published,5542.0,12
Wholesale,Biri,OD25,2018-19,published,5617.0,12
Wholesale,Biri,OD25,2019-20,projected,5881.07,12
Wholesale,Biri,OD25,2020-21,projected,6157.55,12
Wholesale,Biri,OD25,2021-22,projected,6447.03,12
Wholesale,Biri,OD25,2022-23,projected,6750.12,12
Wholesale,Biri,OD25,2023-24,projected,7067.46,12
Wholesale,Biri,OD25,2024-25,projected,7399.72,12
Wholesale,Biri,OD26,2013-14,published,4100.0,12
Wholesale,Biri,OD26,2014-15,published,5000.0,12
Wholesale,Biri,OD26,2015-16,published,6034.0,12
Wholesale,Biri,OD26,2016-17,published,6000.0,12
Wholesale,Biri,OD26,2017-18,published,6013.0,12
Wholesale,Biri,OD26,2018-19,published,5133.0,12
Wholesale,Biri,OD26,2019-20,projected,5374.31,12
Wholesale,Biri,OD26,2020-21,projected,5626.97,12
Wholesale,Biri,OD26,2021-22,projected,5891.51,12
Wholesale,Biri,OD26,2022-23,projected,6168.48,12
Wholesale,Biri,OD26,2023-24,projected,6458.48,12
Wholesale,Biri,OD26,2024-25,projected,6762.11,12
Wholesale,Biri,OD27,2013-14,published,4176.0,12
Wholesale,Biri,OD27,2014-15,published,4989.0,12
Wholesale,Biri,OD27,2015-16,published,5884.0,12
Wholesale,Biri,OD27,2016-17,published,6114.0,12
Wholesale,Biri,OD27,2017-18,published,5775.0,12
Wholesale,Biri,OD27,2018-19,published,5400.0,12
Wholesale,Biri,OD27,2019-20,projected,5653.87,12
Wholesale,Biri,OD27,2020-21,projected,5919.67,12
Wholesale,Biri,OD27,2021-22,projected,6197.96,12
Wholesale,Biri,OD27,2022-23,projected,6489.35,12
Wholesale,Biri,OD27,2023-24,projected,6794.42,12
Wholesale,Biri,OD27,2024-25,projected,7113.85,12
Wholesale,Biri,OD28,2013-14,published,4500.0,12
Wholesale,Biri,OD28,2014-15,published,5233.0,12
Wholesale,Biri,OD28,2015-16,published,6018.0,12
Wholesale,Biri,OD28,2016-17,published,6017.0,12
Wholesale,Biri,OD28,2017-18,published,5569.0,12
Wholesale,Biri,OD28,2018-19,published,5646.0,12
Wholesale,Biri,OD28,2019-20,projected,5911.43,12
Wholesale,Biri,OD28,2020-21,projected,6189.34,12
Wholesale,Biri,OD28,2021-22,projected,6480.32,12
Wholesale,Biri,OD28,2022-23,projected,6784.97,12
Wholesale,Biri,OD28,2023-24,projected,7103.95,12
Wholesale,Biri,OD28,2024-25,projected,7437.92,12
Wholesale,Biri,OD29,2013-14,published,4760.0,12
Wholesale,Biri,OD29,2014-15,published,5475.0,12
Wholesale,Biri,OD29,2015-16,published,6225.0,12
Wholesale,Biri,OD29,2016-17,published,6200.0,12
Wholesale,Biri,OD29,2017-18,published,6700.0,12
Wholesale,Biri,OD29,2018-19,published,5019.0,12
Wholesale,Biri,OD29,2019-20,projected,5254.95,12
Wholesale,Biri,OD29,2020-21,projected,5502.0,12
Wholesale,Biri,OD29,2021-22,projected,5760.66,12
Wholesale,Biri,OD29,2022-23,projected,6031.49,12
Wholesale,Biri,OD29,2023-24,projected,6315.04,12
Wholesale,Biri,OD29,2024-25,projected,6611.92,12
Wholesale,Biri,OD30,2013-14,published,4567.0,12
Wholesale,Biri,OD30,2014-15,published,5367.0,12
Wholesale,Biri,OD30,2015-16,published,6152.0,12
Wholesale,Biri,OD30,2016-17,published,6200.0,12
Wholesale,Biri,OD30,2017-18,published,6000.0,12
Wholesale,Biri,OD30,2018-19,published,6465.0,12
Wholesale,Biri,OD30,2019-20,projected,6768.93,12
Wholesale,Biri,OD30,2020-21,projected,7087.16,12
Wholesale,Biri,OD30,2021-22,projected,7420.34,12
Wholesale,Biri,OD30,2022-23,projected,7769.19,12
Wholesale,Biri,OD30,2023-24,projected,8134.44,12
Wholesale,Biri,OD30,2024-25,projected,8516.85,12
Wholesale,Castor,OD01,2013-14,published,3060.0,12
Wholesale,Castor,OD01,2014-15,published,3519.0,12
Wholesale,Castor,OD01,2015-16,published,3543.0,12
Wholesale,Castor,OD01,2016-17,published,3758.0,12
Wholesale,Castor,OD01,2017-18,imputed,3880.47,12
Wholesale,Castor,OD01,2018-19,imputed,4064.4,12
Wholesale,Castor,OD01,2019-20,projected,3977.67,12
Wholesale,Castor,OD01,2020-21,projected,4210.05,12
Wholesale,Castor,OD01,2021-22,projected,4456.0,12
Wholesale,Castor,OD01,2022-23,projected,4716.32,12
Wholesale,Castor,OD01,2023-24,projected,4991.85,12
Wholesale,Castor,OD01,2024-25,projected,5283.48,12
Wholesale,Castor,OD02,2013-14,published,3120.0,12
Wholesale,Castor,OD02,2014-15,published,3587.0,12
Wholesale,Castor,OD02,2015-16,published,3612.0,12
Wholesale,Castor,OD02,2016-17,published,3831.0,12
Wholesale,Castor,OD02,2017-18,imputed,3955.98,12
Wholesale,Castor,OD02,2018-19,imputed,4143.49,12
Wholesale,Castor,OD02,2019-20,projected,4055.06,12
Wholesale,Castor,OD02,2020-21,projected,4291.96,12
Wholesale,Castor,OD02,2021-22,projected,4542.7,12
Wholesale,Castor,OD02,2022-23,projected,4808.09,12
Wholesale,Castor,OD02,2023-24,projected,5088.98,12
Wholesale,Castor,OD02,2024-25,projected,5386.29,12
Wholesale,Castor,OD03,2013-14,imputed,4731.2,12
Wholesale,Castor,OD03,2014-15,imputed,5441.12,12
Wholesale,Castor,OD03,2015-16,imputed,5478.2,12
Wholesale,Castor,OD03,2016-17,imputed,5810.81,12
Wholesale,Castor,OD03,2017-18,published,6000.0,12
Wholesale,Castor,OD03,2018-19,imputed,6284.39,12
Wholesale,Castor,OD03,2019-20,projected,6350.52,12
Wholesale,Castor,OD03,2020-21,projected,6721.53,12
Wholesale,Castor,OD03,2021-22,projected,7114.2,12
Wholesale,Castor,OD03,2022-23,projected,7529.82,12
Wholesale,Castor,OD03,2023-24,projected,7969.72,12
Wholesale,Castor,OD03,2024-25,projected,8435.31,12
Wholesale,Castor,OD04,2013-14,imputed,2759.87,12
Wholesale,Castor,OD04,2014-15,imputed,3173.98,12
Wholesale,Castor,OD04,2015-16,imputed,3195.62,12
Wholesale,Castor,OD04,2016-17,imputed,3389.64,12
Wholesale,Castor,OD04,2017-18,published,3500.0,12
Wholesale,Castor,OD04,2018-19,imputed,3665.89,12
Wholesale,Castor,OD04,2019-20,projected,3704.47,12
Wholesale,Castor,OD04,2020-21,projected,3920.89,12
Wholesale,Castor,OD04,2021-22,projected,4149.95,12
Wholesale,Castor,OD04,2022-23,projected,4392.39,12
Wholesale,Castor,OD04,2023-24,projected,4649.0,12
Wholesale,Castor,OD04,2024-25,projected,4920.6,12
Wholesale,Castor,OD05,2013-14,imputed,3137.13,12
Wholesale,Castor,OD05,2014-15,imputed,3607.85,12
Wholesale,Castor,OD05,2015-16,imputed,3632.44,12
Wholesale,Castor,OD05,2016-17,imputed,3852.98,12
Wholesale,Castor,OD05,2017-18,imputed,3978.43,12
Wholesale,Castor,OD05,2018-19,published,4167.0,12
Wholesale,Castor,OD05,2019-20,projected,4410.44,12
Wholesale,Castor,OD05,2020-21,projected,4668.1,12
Wholesale,Castor,OD05,2021-22,projected,4940.81,12
Wholesale,Castor,OD05,2022-23,projected,5229.46,12
Wholesale,Castor,OD05,2023-24,projected,5534.97,12
Wholesale,Castor,OD05,2024-25,projected,5858.32,12
Wholesale,Castor,OD06,2013-14,imputed,3166.49,12
Wholesale,Castor,OD06,2014-15,imputed,3641.62,12
Wholesale,Castor,OD06,2015-16,imputed,3666.44,12
Wholesale,Castor,OD06,2016-17,imputed,3889.04,12
Wholesale,Castor,OD06,2017-18,imputed,4015.66,12
Wholesale,Castor,OD06,2018-19,published,4206.0,12
Wholesale,Castor,OD06,2019-20,projected,4451.72,12
Wholesale,Castor,OD06,2020-21,projected,4711.79,12
Wholesale,Castor,OD06,2021-22,projected,4987.06,12
Wholesale,Castor,OD06,2022-23,projected,5278.4,12
Wholesale,Castor,OD06,2023-24,projected,5586.77,12
Wholesale,Castor,OD06,2024-25,projected,5913.15,12
Wholesale,Castor,OD09,2013-14,published,3026.0,12
Wholesale,Castor,OD09,2014-15,published,3480.0,12
Wholesale,Castor,OD09,2015-16,published,3504.0,12
Wholesale,Castor,OD09,2016-17,published,3717.0,12
Wholesale,Castor,OD09,2017-18,imputed,3837.68,12
Wholesale,Castor,OD09,2018-19,imputed,4019.58,12
Wholesale,Castor,OD09,2019-20,projected,3933.8,12
Wholesale,Castor,OD09,2020-21,projected,4163.62,12
Wholesale,Castor,OD09,2021-22,projected,4406.86,12
Wholesale,Castor,OD09,2022-23,projected,4664.31,12
Wholesale,Castor,OD09,2023-24,projected,4936.8,12
Wholesale,Castor,OD09,2024-25,projected,5225.21,12
Wholesale,Castor,OD10,2013-14,published,3060.0,12
Wholesale,Castor,OD10,2014-15,published,3519.0,12
Wholesale,Castor,OD10,2015-16,published,3543.0,12
Wholesale,Castor,OD10,2016-17,published,3758.0,12
Wholesale,Castor,OD10,2017-18,published,3900.0,12
Wholesale,Castor,OD10,2018-19,imputed,4068.49,12
Wholesale,Castor,OD10,2019-20,projected,4111.31,12
Wholesale,Castor,OD10,2020-21,projected,4351.49,12
Wholesale,Castor,OD10,2021-22,projected,4605.71,12
Wholesale,Castor,OD10,2022-23,projected,4874.78,12
Wholesale,Castor,OD10,2023-24,projected,5159.57,12
Wholesale,Castor,OD10,2024-25,projected,5460.99,12
Wholesale,Castor,OD11,2013-14,published,2992.0,12
Wholesale,Castor,OD11,2014-15,published,3441.0,12
Wholesale,Castor,OD11,2015-16,published,3465.0,12
Wholesale,Castor,OD11,2016-17,published,3675.0,12
Wholesale,Castor,OD11,2017-18,imputed,3794.63,12
Wholesale,Castor,OD11,2018-19,imputed,3974.49,12
Wholesale,Castor,OD11,2019-20,projected,3889.67,12
Wholesale,Castor,OD11,2020-21,projected,4116.91,12
Wholesale,Castor,OD11,2021-22,projected,4357.42,12
Wholesale,Castor,OD11,2022-23,projected,4611.99,12
Wholesale,Castor,OD11,2023-24,projected,4881.42,12
Wholesale,Castor,OD11,2024-25,projected,5166.6,12
Wholesale,Castor,OD12,2013-14,imputed,3112.28,12
Wholesale,Castor,OD12,2014-15,imputed,3579.28,12
Wholesale,Castor,OD12,2015-16,imputed,3603.67,12
Wholesale,Castor,OD12,2016-17,imputed,3822.47,12
Wholesale,Castor,OD12,2017-18,imputed,3946.92,12
Wholesale,Castor,OD12,2018-19,published,4134.0,12
Wholesale,Castor,OD12,2019-20,projected,4375.51,12
Wholesale,Castor,OD12,2020-21,projected,4631.13,12
Wholesale,Castor,OD12,2021-22,projected,4901.69,12
Wholesale,Castor,OD12,2022-23,projected,5188.04,12
Wholesale,Castor,OD12,2023-24,projected,5491.13,12
Wholesale,Castor,OD12,2024-25,projected,5811.93,12
Wholesale,Castor,OD14,2013-14,published,3366.0,12
Wholesale,Castor,OD14,2014-15,published,3871.0,12
Wholesale,Castor,OD14,2015-16,published,3898.0,12
Wholesale,Castor,OD14,2016-17,published,4134.0,12
Wholesale,Castor,OD14,2017-18,imputed,4268.79,12
Wholesale,Castor,OD14,2018-19,imputed,4471.13,12
Wholesale,Castor,OD14,2019-20,projected,4375.71,12
Wholesale,Castor,OD14,2020-21,projected,4631.34,12
Wholesale,Castor,OD14,2021-22,projected,4901.91,12
Wholesale,Castor,OD14,2022-23,projected,5188.28,12
Wholesale,Castor,OD14,2023-24,projected,5491.39,12
Wholesale,Castor,OD14,2024-25,projected,5812.2,12
Wholesale,Castor,OD15,2013-14,published,2958.0,12
Wholesale,Castor,OD15,2014-15,published,3402.0,12
Wholesale,Castor,OD15,2015-16,published,3425.0,12
Wholesale,Castor,OD15,2016-17,published,3633.0,12
Wholesale,Castor,OD15,2017-18,imputed,3751.3,12
Wholesale,Castor,OD15,2018-19,imputed,3929.11,12
Wholesale,Castor,OD15,2019-20,projected,3845.26,12
Wholesale,Castor,OD15,2020-21,projected,4069.9,12
Wholesale,Castor,OD15,2021-22,projected,4307.67,12
Wholesale,Castor,OD15,2022-23,projected,4559.33,12
Wholesale,Castor,OD15,2023-24,projected,4825.69,12
Wholesale,Castor,OD15,2024-25,projected,5107.61,12
Wholesale,Castor,OD16,2013-14,published,3060.0,12
Wholesale,Castor,OD16,2014-15,published,3519.0,12
Wholesale,Castor,OD16,2015-16,published,3543.0,12
Wholesale,Castor,OD16,2016-17,published,3758.0,12
Wholesale,Castor,OD16,2017-18,imputed,3880.47,12
Wholesale,Castor,OD16,2018-19,imputed,4064.4,12
Wholesale,Castor,OD16,2019-20,projected,3977.67,12
Wholesale,Castor,OD16,2020-21,projected,4210.05,12
Wholesale,Castor,OD16,2021-22,projected,4456.0,12
Wholesale,Castor,OD16,2022-23,projected,4716.32,12
Wholesale,Castor,OD16,2023-24,projected,4991.85,12
Wholesale,Castor,OD16,2024-25,projected,5283.48,12
Wholesale,Castor,OD19,2013-14,published,3264.0,12
Wholesale,Castor,OD19,2014-15,published,3754.0,12
Wholesale,Castor,OD19,2015-16,published,3779.0,12
Wholesale,Castor,OD19,2016-17,published,4009.0,12
Wholesale,Castor,OD19,2017-18,imputed,4139.35,12
Wholesale,Castor,OD19,2018-19,imputed,4335.55,12
Wholesale,Castor,OD19,2019-20,projected,4243.03,12
Wholesale,Castor,OD19,2020-21,projected,4490.91,12
Wholesale,Castor,OD19,2021-22,projected,4753.27,12
Wholesale,Castor,OD19,2022-23,projected,5030.96,12
Wholesale,Castor,OD19,2023-24,projected,5324.87,12
Wholesale,Castor,OD19,2024-25,projected,5635.95,12
Wholesale,Castor,OD20,2013-14,published,2958.0,12
Wholesale,Castor,OD20,2014-15,published,3402.0,12
Wholesale,Castor,OD20,2015-16,published,3425.0,12
Wholesale,Castor,OD20,2016-17,published,3633.0,12
Wholesale,Castor,OD20,2017-18,imputed,3751.3,12
Wholesale,Castor,OD20,2018-19,imputed,3929.11,12
Wholesale,Castor,OD20,2019-20,projected,3845.26,12
Wholesale,Castor,OD20,2020-21,projected,4069.9,12
Wholesale,Castor,OD20,2021-22,projected,4307.67,12
Wholesale,Castor,OD20,2022-23,projected,4559.33,12
Wholesale,Castor,OD20,2023-24,projected,4825.69,12
Wholesale,Castor,OD20,2024-25,projected,5107.61,12
Wholesale,Castor,OD22,2013-14,published,3111.0,12
Wholesale,Castor,OD22,2014-15,published,3578.0,12
Wholesale,Castor,OD22,2015-16,published,3602.0,12
Wholesale,Castor,OD22,2016-17,published,3821.0,12
Wholesale,Castor,OD22,2017-18,imputed,3945.33,12
Wholesale,Castor,OD22,2018-19,imputed,4132.33,12
Wholesale,Castor,OD22,2019-20,projected,4044.14,12
Wholesale,Castor,OD22,2020-21,projected,4280.41,12
Wholesale,Castor,OD22,2021-22,projected,4530.47,12
Wholesale,Castor,OD22,2022-23,projected,4795.14,12
Wholesale,Castor,OD22,2023-24,projected,5075.28,12
Wholesale,Castor,OD22,2024-25,projected,5371.78,12
Wholesale,Castor,OD23,2013-14,published,2958.0,12
Wholesale,Castor,OD23,2014-15,published,3402.0,12
Wholesale,Castor,OD23,2015-16,published,3425.0,12
Wholesale,Castor,OD23,2016-17,published,3633.0,12
Wholesale,Castor,OD23,2017-18,published,3500.0,12
Wholesale,Castor,OD23,2018-19,imputed,3876.47,12
Wholesale,Castor,OD23,2019-20,projected,3917.26,12
Wholesale,Castor,OD23,2020-21,projected,4146.11,12
Wholesale,Castor,OD23,2021-22,projected,4388.33,12
Wholesale,Castor,OD23,2022-23,projected,4644.7,12
Wholesale,Castor,OD23,2023-24,projected,4916.04,12
Wholesale,Castor,OD23,2024-25,projected,5203.24,12
Wholesale,Castor,OD24,2013-14,published,3182.0,12
Wholesale,Castor,OD24,2014-15,published,3660.0,12
Wholesale,Castor,OD24,2015-16,published,3685.0,12
Wholesale,Castor,OD24,2016-17,published,3909.0,12
Wholesale,Castor,OD24,2017-18,imputed,4035.88,12
Wholesale,Castor,OD24,2018-19,imputed,4227.18,12
Wholesale,Castor,OD24,2019-20,projected,4136.97,12
Wholesale,Castor,OD24,2020-21,projected,4378.66,12
Wholesale,Castor,OD24,2021-22,projected,4634.46,12
Wholesale,Castor,OD24,2022-23,projected,4905.21,12
Wholesale,Castor,OD24,2023-24,projected,5191.77,12
Wholesale,Castor,OD24,2024-25,projected,5495.08,12
Wholesale,Castor,OD25,2013-14,published,2958.0,12
Wholesale,Castor,OD25,2014-15,published,3402.0,12
Wholesale,Castor,OD25,2015-16,published,3425.0,12
Wholesale,Castor,OD25,2016-17,published,3633.0,12
Wholesale,Castor,OD25,2017-18,imputed,3764.84,12
Wholesale,Castor,OD25,2018-19,published,4000.0,12
Wholesale,Castor,OD25,2019-20,projected,4233.68,12
Wholesale,Castor,OD25,2020-21,projected,4481.02,12
Wholesale,Castor,OD25,2021-22,projected,4742.8,12
Wholesale,Castor,OD25,2022-23,projected,5019.88,12
Wholesale,Castor,OD25,2023-24,projected,5313.14,12
Wholesale,Castor,OD25,2024-25,projected,5623.54,12
Wholesale,Castor,OD26,2013-14,published,3332.0,12
Wholesale,Castor,OD26,2014-15,published,3832.0,12
Wholesale,Castor,OD26,2015-16,published,3858.0,12
Wholesale,Castor,OD26,2016-17,published,4092.0,12
Wholesale,Castor,OD26,2017-18,imputed,4225.47,12
Wholesale,Castor,OD26,2018-19,imputed,4425.75,12
Wholesale,Castor,OD26,2019-20,projected,4331.3,12
Wholesale,Castor,OD26,2020-21,projected,4584.34,12
Wholesale,Castor,OD26,2021-22,projected,4852.16,12
Wholesale,Castor,OD26,2022-23,projected,5135.63,12
Wholesale,Castor,OD26,2023-24,projected,5435.65,12
Wholesale,Castor,OD26,2024-25,projected,5753.21,12
Wholesale,Castor,OD27,2013-14,published,3264.0,12
Wholesale,Castor,OD27,2014-15,published,3754.0,12
Wholesale,Castor,OD27,2015-16,published,3779.0,12
Wholesale,Castor,OD27,2016-17,published,4009.0,12
Wholesale,Castor,OD27,2017-18,published,2800.0,12
Wholesale,Castor,OD27,2018-19,imputed,4054.98,12
Wholesale,Castor,OD27,2019-20,projected,4097.65,12
Wholesale,Castor,OD27,2020-21,projected,4337.04,12
Wholesale,Castor,OD27,2021-22,projected,4590.41,12
Wholesale,Castor,OD27,2022-23,projected,4858.59,12
Wholesale,Castor,OD27,2023-24,projected,5142.43,12
Wholesale,Castor,OD27,2024-25,projected,5442.86,12
Wholesale,Castor,OD30,2013-14,published,3147.0,12
Wholesale,Castor,OD30,2014-15,published,3619.0,12
Wholesale,Castor,OD30,2015-16,published,3644.0,12
Wholesale,Castor,OD30,2016-17,published,3865.0,12
Wholesale,Castor,OD30,2017-18,imputed,3990.9,12
Wholesale,Castor,OD30,2018-19,imputed,4180.06,12
Wholesale,Castor,OD30,2019-20,projected,4090.86,12
Wholesale,Castor,OD30,2020-21,projected,4329.85,12
Wholesale,Castor,OD30,2021-22,projected,4582.8,12
Wholesale,Castor,OD30,2022-23,projected,4850.53,12
Wholesale,Castor,OD30,2023-24,projected,5133.91,12
Wholesale,Castor,OD30,2024-25,projected,5433.83,12
Wholesale,Cotton,OD02,2013-14,published,3614.0,12
Wholesale,Cotton,OD02,2014-15,published,3975.0,12
Wholesale,Cotton,OD02,2015-16,published,3977.0,12
Wholesale,Cotton,OD02,2016-17,published,4308.0,12
Wholesale,Cotton,OD02,2017-18,published,5000.0,12
Wholesale,Cotton,OD02,2018-19,published,5000.0,12
Wholesale,Cotton,OD02,2019-20,projected,5319.18,12
Wholesale,Cotton,OD02,2020-21,projected,5658.73,12
Wholesale,Cotton,OD02,2021-22,projected,6019.96,12
Wholesale,Cotton,OD02,2022-23,projected,6404.25,12
Wholesale,Cotton,OD02,2023-24,projected,6813.07,12
Wholesale,Cotton,OD02,2024-25,projected,7247.99,12
Wholesale,Cotton,OD04,2013-14,published,3656.0,12
Wholesale,Cotton,OD04,2014-15,published,4022.0,12
Wholesale,Cotton,OD04,2015-16,published,4024.0,12
Wholesale,Cotton,OD04,2016-17,published,4359.0,12
Wholesale,Cotton,OD04,2017-18,imputed,4727.35,12
Wholesale,Cotton,OD04,2018-19,imputed,5027.64,12
Wholesale,Cotton,OD04,2019-20,projected,4679.98,12
Wholesale,Cotton,OD04,2020-21,projected,4978.73,12
Wholesale,Cotton,OD04,2021-22,projected,5296.55,12
Wholesale,Cotton,OD04,2022-23,projected,5634.66,12
Wholesale,Cotton,OD04,2023-24,projected,5994.35,12
Wholesale,Cotton,OD04,2024-25,projected,6377.01,12
Wholesale,Cotton,OD09,2013-14,published,3823.0,12
Wholesale,Cotton,OD09,2014-15,published,4205.0,12
Wholesale,Cotton,OD09,2015-16,published,4207.0,12
Wholesale,Cotton,OD09,2016-17,published,4558.0,12
Wholesale,Cotton,OD09,2017-18,imputed,4942.81,12
Wholesale,Cotton,OD09,2018-19,imputed,5256.78,12
Wholesale,Cotton,OD09,2019-20,projected,4893.28,12
Wholesale,Cotton,OD09,2020-21,projected,5205.64,12
Wholesale,Cotton,OD09,2021-22,projected,5537.95,12
Wholesale,Cotton,OD09,2022-23,projected,5891.47,12
Wholesale,Cotton,OD09,2023-24,projected,6267.56,12
Wholesale,Cotton,OD09,2024-25,projected,6667.65,12
Wholesale,Cotton,OD10,2013-14,published,3666.0,12
Wholesale,Cotton,OD10,2014-15,published,4033.0,12
Wholesale,Cotton,OD10,2015-16,published,4035.0,12
Wholesale,Cotton,OD10,2016-17,published,4371.0,12
Wholesale,Cotton,OD10,2017-18,imputed,4740.3,12
Wholesale,Cotton,OD10,2018-19,imputed,5041.41,12
Wholesale,Cotton,OD10,2019-20,projected,4692.8,12
Wholesale,Cotton,OD10,2020-21,projected,4992.37,12
Wholesale,Cotton,OD10,2021-22,projected,5311.06,12
Wholesale,Cotton,OD10,2022-23,projected,5650.1,12
Wholesale,Cotton,OD10,2023-24,projected,6010.77,12
Wholesale,Cotton,OD10,2024-25,projected,6394.48,12
Wholesale,Cotton,OD14,2013-14,published,3835.0,12
Wholesale,Cotton,OD14,2014-15,published,4218.0,12
Wholesale,Cotton,OD14,2015-16,published,4220.0,12
Wholesale,Cotton,OD14,2016-17,published,4572.0,12
Wholesale,Cotton,OD14,2017-18,imputed,4958.12,12
Wholesale,Cotton,OD14,2018-19,imputed,5273.07,12
Wholesale,Cotton,OD14,2019-20,projected,4908.44,12
Wholesale,Cotton,OD14,2020-21,projected,5221.77,12
Wholesale,Cotton,OD14,2021-22,projected,5555.11,12
Wholesale,Cotton,OD14,2022-23,projected,5909.72,12
Wholesale,Cotton,OD14,2023-24,projected,6286.97,12
Wholesale,Cotton,OD14,2024-25,projected,6688.3,12
Wholesale,Cotton,OD15,2013-14,published,3569.0,12
Wholesale,Cotton,OD15,2014-15,published,3926.0,12
Wholesale,Cotton,OD15,2015-16,published,3928.0,12
Wholesale,Cotton,OD15,2016-17,published,4255.0,12
Wholesale,Cotton,OD15,2017-18,published,5000.0,12
Wholesale,Cotton,OD15,2018-19,published,5017.0,12
Wholesale,Cotton,OD15,2019-20,projected,5337.26,12
Wholesale,Cotton,OD15,2020-21,projected,5677.97,12
Wholesale,Cotton,OD15,2021-22,projected,6040.43,12
Wholesale,Cotton,OD15,2022-23,projected,6426.02,12
Wholesale,Cotton,OD15,2023-24,projected,6836.23,12
Wholesale,Cotton,OD15,2024-25,projected,7272.63,12
Wholesale,Cotton,OD20,2013-14,published,3771.0,12
Wholesale,Cotton,OD20,2014-15,published,4148.0,12
Wholesale,Cotton,OD20,2015-16,published,4150.0,12
Wholesale,Cotton,OD20,2016-17,published,4496.0,12
Wholesale,Cotton,OD20,2017-18,imputed,4875.7,12
Wholesale,Cotton,OD20,2018-19,imputed,5185.41,12
Wholesale,Cotton,OD20,2019-20,projected,4826.84,12
Wholesale,Cotton,OD20,2020-21,projected,5134.97,12
Wholesale,Cotton,OD20,2021-22,projected,5462.76,12
Wholesale,Cotton,OD20,2022-23,projected,5811.48,12
Wholesale,Cotton,OD20,2023-24,projected,6182.46,12
Wholesale,Cotton,OD20,2024-25,projected,6577.12,12
Wholesale,Cotton,OD25,2013-14,published,3757.0,12
Wholesale,Cotton,OD25,2014-15,published,4133.0,12
Wholesale,Cotton,OD25,2015-16,published,4135.0,12
Wholesale,Cotton,OD25,2016-17,published,4480.0,12
Wholesale,Cotton,OD25,2017-18,published,4733.0,12
Wholesale,Cotton,OD25,2018-19,published,5092.0,12
Wholesale,Cotton,OD25,2019-20,projected,5417.05,12
Wholesale,Cotton,OD25,2020-21,projected,5762.85,12
Wholesale,Cotton,OD25,2021-22,projected,6130.73,12
Wholesale,Cotton,OD25,2022-23,projected,6522.09,12
Wholesale,Cotton,OD25,2023-24,projected,6938.43,12
Wholesale,Cotton,OD25,2024-25,projected,7381.35,12
Wholesale,Cotton,OD27,2013-14,published,3601.0,12
Wholesale,Cotton,OD27,2014-15,published,3961.0,12
Wholesale,Cotton,OD27,2015-16,published,3963.0,12
Wholesale,Cotton,OD27,2016-17,published,4293.0,12
Wholesale,Cotton,OD27,2017-18,published,4300.0,12
Wholesale,Cotton,OD27,2018-19,published,5133.0,12
Wholesale,Cotton,OD27,2019-20,projected,5460.67,12
Wholesale,Cotton,OD27,2020-21,projected,5809.25,12
Wholesale,Cotton,OD27,2021-22,projected,6180.09,12
Wholesale,Cotton,OD27,2022-23,projected,6574.6,12
Wholesale,Cotton,OD27,2023-24,projected,6994.3,12
Wholesale,Cotton,OD27,2024-25,projected,7440.78,12
Wholesale,Cotton,OD28,2013-14,published,3823.0,12
Wholesale,Cotton,OD28,2014-15,published,4206.0,12
Wholesale,Cotton,OD28,2015-16,published,4208.0,12
Wholesale,Cotton,OD28,2016-17,published,4559.0,12
Wholesale,Cotton,OD28,2017-18,imputed,4943.67,12
Wholesale,Cotton,OD28,2018-19,imputed,5257.7,12
Wholesale,Cotton,OD28,2019-20,projected,4894.13,12
Wholesale,Cotton,OD28,2020-21,projected,5206.55,12
Wholesale,Cotton,OD28,2021-22,projected,5538.92,12
Wholesale,Cotton,OD28,2022-23,projected,5892.5,12
Wholesale,Cotton,OD28,2023-24,projected,6268.65,12
Wholesale,Cotton,OD28,2024-25,projected,6668.81,12
Wholesale,Cotton,OD29,2013-14,published,3737.0,12
Wholesale,Cotton,OD29,2014-15,published,4111.0,12
Wholesale,Cotton,OD29,2015-16,published,4113.0,12
Wholesale,Cotton,OD29,2016-17,published,4456.0,12
Wholesale,Cotton,OD29,2017-18,imputed,4832.13,12
Wholesale,Cotton,OD29,2018-19,imputed,5139.07,12
Wholesale,Cotton,OD29,2019-20,projected,4783.71,12
Wholesale,Cotton,OD29,2020-21,projected,5089.08,12
Wholesale,Cotton,OD29,2021-22,projected,5413.94,12
Wholesale,Cotton,OD29,2022-23,projected,5759.54,12
Wholesale,Cotton,OD29,2023-24,projected,6127.21,12
Wholesale,Cotton,OD29,2024-25,projected,6518.34,12
Wholesale,Cotton,OD30,2013-14,imputed,2214.72,12
Wholesale,Cotton,OD30,2014-15,published,2350.0,12
Wholesale,Cotton,OD30,2015-16,imputed,2437.43,12
Wholesale,Cotton,OD30,2016-17,imputed,2640.56,12
Wholesale,Cotton,OD30,2017-18,imputed,2837.56,12
Wholesale,Cotton,OD30,2018-19,imputed,3017.81,12
Wholesale,Cotton,OD30,2019-20,projected,2500.01,12
Wholesale,Cotton,OD30,2020-21,projected,2659.6,12
Wholesale,Cotton,OD30,2021-22,projected,2829.38,12
Wholesale,Cotton,OD30,2022-23,projected,3010.0,12
Wholesale,Cotton,OD30,2023-24,projected,3202.14,12
Wholesale,Cotton,OD30,2024-25,projected,3406.55,12
Wholesale,Gram,OD01,2013-14,published,3599.0,12
Wholesale,Gram,OD01,2014-15,published,3838.0,12
Wholesale,Gram,OD01,2015-16,published,3888.0,12
Wholesale,Gram,OD01,2016-17,published,4059.0,12
Wholesale,Gram,OD01,2017-18,imputed,4391.61,12
Wholesale,Gram,OD01,2018-19,published,4028.0,12
Wholesale,Gram,OD01,2019-20,projected,4291.21,12
Wholesale,Gram,OD01,2020-21,projected,4571.62,12
Wholesale,Gram,OD01,2021-22,projected,4870.36,12
Wholesale,Gram,OD01,2022-23,projected,5188.62,12
Wholesale,Gram,OD01,2023-24,projected,5527.67,12
Wholesale,Gram,OD01,2024-25,projected,5888.88,12
Wholesale,Gram,OD02,2013-14,published,3617.0,12
Wholesale,Gram,OD02,2014-15,published,4200.0,12
Wholesale,Gram,OD02,2015-16,published,4255.0,12
Wholesale,Gram,OD02,2016-17,published,4441.0,12
Wholesale,Gram,OD02,2017-18,imputed,4861.85,12
Wholesale,Gram,OD02,2018-19,imputed,5146.16,12
Wholesale,Gram,OD02,2019-20,projected,4676.38,12
Wholesale,Gram,OD02,2020-21,projected,4981.96,12
Wholesale,Gram,OD02,2021-22,projected,5307.51,12
Wholesale,Gram,OD02,2022-23,projected,5654.33,12
Wholesale,Gram,OD02,2023-24,projected,6023.81,12
Wholesale,Gram,OD02,2024-25,projected,6417.44,12
Wholesale,Gram,OD03,2013-14,published,3650.0,12
Wholesale,Gram,OD03,2014-15,published,4025.0,12
Wholesale,Gram,OD03,2015-16,published,4077.0,12
Wholesale,Gram,OD03,2016-17,published,4256.0,12
Wholesale,Gram,OD03,2017-18,published,4950.0,12
Wholesale,Gram,OD03,2018-19,imputed,5043.54,12
Wholesale,Gram,OD03,2019-20,projected,5076.26,12
Wholesale,Gram,OD03,2020-21,projected,5407.97,12
Wholesale,Gram,OD03,2021-22,projected,5761.36,12
Wholesale,Gram,OD03,2022-23,projected,6137.84,12
Wholesale,Gram,OD03,2023-24,projected,6538.92,12
Wholesale,Gram,OD03,2024-25,projected,6966.21,12
Wholesale,Gram,OD04,2013-14,published,3600.0,12
Wholesale,Gram,OD04,2014-15,published,4000.0,12
Wholesale,Gram,OD04,2015-16,published,4052.0,12
Wholesale,Gram,OD04,2016-17,published,4230.0,12
Wholesale,Gram,OD04,2017-18,published,4740.0,12
Wholesale,Gram,OD04,2018-19,published,5670.0,12
Wholesale,Gram,OD04,2019-20,projected,6040.51,12
Wholesale,Gram,OD04,2020-21,projected,6435.23,12
Wholesale,Gram,OD04,2021-22,projected,6855.74,12
Wholesale,Gram,OD04,2022-23,projected,7303.74,12
Wholesale,Gram,OD04,2023-24,projected,7781.0,12
Wholesale,Gram,OD04,2024-25,projected,8289.46,12
Wholesale,Gram,OD05,2013-14,published,3600.0,12
Wholesale,Gram,OD05,2014-15,published,4100.0,12
Wholesale,Gram,OD05,2015-16,published,4153.0,12
Wholesale,Gram,OD05,2016-17,published,4336.0,12
Wholesale,Gram,OD05,2017-18,imputed,4810.19,12
Wholesale,Gram,OD05,2018-19,published,5268.0,12
Wholesale,Gram,OD05,2019-20,projected,5612.24,12
Wholesale,Gram,OD05,2020-21,projected,5978.98,12
Wholesale,Gram,OD05,2021-22,projected,6369.67,12
Wholesale,Gram,OD05,2022-23,projected,6785.9,12
Wholesale,Gram,OD05,2023-24,projected,7229.33,12
Wholesale,Gram,OD05,2024-25,projected,7701.74,12
Wholesale,Gram,OD06,2013-14,published,3876.0,12
Wholesale,Gram,OD06,2014-15,published,4250.0,12
Wholesale,Gram,OD06,2015-16,published,4305.0,12
Wholesale,Gram,OD06,2016-17,published,4494.0,12
Wholesale,Gram,OD06,2017-18,published,5289.0,12
Wholesale,Gram,OD06,2018-19,published,4500.0,12
Wholesale,Gram,OD06,2019-20,projected,4794.05,12
Wholesale,Gram,OD06,2020-21,projected,5107.33,12
Wholesale,Gram,OD06,2021-22,projected,5441.07,12
Wholesale,Gram,OD06,2022-23,projected,5796.62,12
Wholesale,Gram,OD06,2023-24,projected,6175.4,12
Wholesale,Gram,OD06,2024-25,projected,6578.93,12
Wholesale,Gram,OD07,2013-14,published,3888.0,12
Wholesale,Gram,OD07,2014-15,published,4275.0,12
Wholesale,Gram,OD07,2015-16,published,4331.0,12
Wholesale,Gram,OD07,2016-17,published,4521.0,12
Wholesale,Gram,OD07,2017-18,imputed,5015.77,12
Wholesale,Gram,OD07,2018-19,imputed,5309.08,12
Wholesale,Gram,OD07,2019-20,projected,4824.43,12
Wholesale,Gram,OD07,2020-21,projected,5139.68,12
Wholesale,Gram,OD07,2021-22,projected,5475.54,12
Wholesale,Gram,OD07,2022-23,projected,5833.34,12
Wholesale,Gram,OD07,2023-24,projected,6214.52,12
Wholesale,Gram,OD07,2024-25,projected,6620.61,12
Wholesale,Gram,OD08,2013-14,published,3650.0,12
Wholesale,Gram,OD08,2014-15,published,4000.0,12
Wholesale,Gram,OD08,2015-16,published,4052.0,12
Wholesale,Gram,OD08,2016-17,published,4230.0,12
Wholesale,Gram,OD08,2017-18,imputed,4696.88,12
Wholesale,Gram,OD08,2018-19,imputed,4971.54,12
Wholesale,Gram,OD08,2019-20,projected,4517.7,12
Wholesale,Gram,OD08,2020-21,projected,4812.91,12
Wholesale,Gram,OD08,2021-22,projected,5127.41,12
Wholesale,Gram,OD08,2022-23,projected,5462.47,12
Wholesale,Gram,OD08,2023-24,projected,5819.41,12
Wholesale,Gram,OD08,2024-25,projected,6199.69,12
Wholesale,Gram,OD09,2013-14,published,3686.0,12
Wholesale,Gram,OD09,2014-15,published,4200.0,12
Wholesale,Gram,OD09,2015-16,published,4255.0,12
Wholesale,Gram,OD09,2016-17,published,4441.0,12
Wholesale,Gram,OD09,2017-18,imputed,4884.21,12
Wholesale,Gram,OD09,2018-19,imputed,5169.83,12
Wholesale,Gram,OD09,2019-20,projected,4697.89,12
Wholesale,Gram,OD09,2020-21,projected,5004.88,12
Wholesale,Gram,OD09,2021-22,projected,5331.92,12
Wholesale,Gram,OD09,2022-23,projected,5680.34,12
Wholesale,Gram,OD09,2023-24,projected,6051.52,12
Wholesale,Gram,OD09,2024-25,projected,6446.96,12
Wholesale,Gram,OD10,2013-14,imputed,4277.26,12
Wholesale,Gram,OD10,2014-15,imputed,4734.57,12
Wholesale,Gram,OD10,2015-16,imputed,4796.1,12
Wholesale,Gram,OD10,2016-17,imputed,5006.73,12
Wholesale,Gram,OD10,2017-18,published,4950.0,12
Wholesale,Gram,OD10,2018-19,published,6500.0,12
Wholesale,Gram,OD10,2019-20,projected,6924.75,12
Wholesale,Gram,OD10,2020-21,projected,7377.25,12
Wholesale,Gram,OD10,2021-22,projected,7859.32,12
Wholesale,Gram,OD10,2022-23,projected,8372.89,12
Wholesale,Gram,OD10,2023-24,projected,8920.02,12
Wholesale,Gram,OD10,2024-25,projected,9502.9,12
Wholesale,Gram,OD11,2013-14,published,3650.0,12
Wholesale,Gram,OD11,2014-15,published,4000.0,12
Wholesale,Gram,OD11,2015-16,published,4052.0,12
Wholesale,Gram,OD11,2016-17,published,4230.0,12
Wholesale,Gram,OD11,2017-18,published,5033.0,12
Wholesale,Gram,OD11,2018-19,published,4820.0,12
Wholesale,Gram,OD11,2019-20,projected,5134.97,12
Wholesale,Gram,OD11,2020-21,projected,5470.51,12
Wholesale,Gram,OD11,2021-22,projected,5827.99,12
Wholesale,Gram,OD11,2022-23,projected,6208.82,12
Wholesale,Gram,OD11,2023-24,projected,6614.54,12
Wholesale,Gram,OD11,2024-25,projected,7046.77,12
Wholesale,Gram,OD12,2013-14,published,3800.0,12
Wholesale,Gram,OD12,2014-15,published,4300.0,12
Wholesale,Gram,OD12,2015-16,published,4356.0,12
Wholesale,Gram,OD12,2016-17,published,4547.0,12
Wholesale,Gram,OD12,2017-18,imputed,5008.99,12
Wholesale,Gram,OD12,2018-19,imputed,5301.91,12
Wholesale,Gram,OD12,2019-20,projected,4817.91,12
Wholesale,Gram,OD12,2020-21,projected,5132.74,12
Wholesale,Gram,OD12,2021-22,projected,5468.14,12
Wholesale,Gram,OD12,2022-23,projected,5825.46,12
Wholesale,Gram,OD12,2023-24,projected,6206.12,12
Wholesale,Gram,OD12,2024-25,projected,6611.67,12
Wholesale,Gram,OD13,2013-14,published,3800.0,12
Wholesale,Gram,OD13,2014-15,published,4300.0,12
Wholesale,Gram,OD13,2015-16,published,4356.0,12
Wholesale,Gram,OD13,2016-17,published,4547.0,12
Wholesale,Gram,OD13,2017-18,published,4900.0,12
Wholesale,Gram,OD13,2018-19,imputed,5278.83,12
Wholesale,Gram,OD13,2019-20,projected,5313.08,12
Wholesale,Gram,OD13,2020-21,projected,5660.27,12
Wholesale,Gram,OD13,2021-22,projected,6030.14,12
Wholesale,Gram,OD13,2022-23,projected,6424.19,12
Wholesale,Gram,OD13,2023-24,projected,6843.98,12
Wholesale,Gram,OD13,2024-25,projected,7291.2,12
Wholesale,Gram,OD14,2013-14,published,3620.0,12
Wholesale,Gram,OD14,2014-15,published,4100.0,12
Wholesale,Gram,OD14,2015-16,published,4153.0,12
Wholesale,Gram,OD14,2016-17,published,4336.0,12
Wholesale,Gram,OD14,2017-18,imputed,4774.98,12
Wholesale,Gram,OD14,2018-19,imputed,5054.21,12
Wholesale,Gram,OD14,2019-20,projected,4592.82,12
Wholesale,Gram,OD14,2020-21,projected,4892.94,12
Wholesale,Gram,OD14,2021-22,projected,5212.68,12
Wholesale,Gram,OD14,2022-23,projected,5553.3,12
Wholesale,Gram,OD14,2023-24,projected,5916.19,12
Wholesale,Gram,OD14,2024-25,projected,6302.78,12
Wholesale,Gram,OD15,2013-14,published,3581.0,12
Wholesale,Gram,OD15,2014-15,published,3838.0,12
Wholesale,Gram,OD15,2015-16,published,3888.0,12
Wholesale,Gram,OD15,2016-17,published,4059.0,12
Wholesale,Gram,OD15,2017-18,imputed,4532.32,12
Wholesale,Gram,OD15,2018-19,imputed,4797.36,12
Wholesale,Gram,OD15,2019-20,projected,4359.42,12
Wholesale,Gram,OD15,2020-21,projected,4644.29,12
Wholesale,Gram,OD15,2021-22,projected,4947.77,12
Wholesale,Gram,OD15,2022-23,projected,5271.09,12
Wholesale,Gram,OD15,2023-24,projected,5615.53,12
Wholesale,Gram,OD15,2024-25,projected,5982.48,12
Wholesale,Gram,OD16,2013-14,published,3867.0,12
Wholesale,Gram,OD16,2014-15,published,4200.0,12
Wholesale,Gram,OD16,2015-16,published,4255.0,12
Wholesale,Gram,OD16,2016-17,published,4441.0,12
Wholesale,Gram,OD16,2017-18,published,5100.0,12
Wholesale,Gram,OD16,2018-19,published,5100.0,12
Wholesale,Gram,OD16,2019-20,projected,5433.26,12
Wholesale,Gram,OD16,2020-21,projected,5788.3,12
Wholesale,Gram,OD16,2021-22,projected,6166.54,12
Wholesale,Gram,OD16,2022-23,projected,6569.5,12
Wholesale,Gram,OD16,2023-24,projected,6998.79,12
Wholesale,Gram,OD16,2024-25,projected,7456.12,12
Wholesale,Gram,OD17,2013-14,published,3833.0,12
Wholesale,Gram,OD17,2014-15,published,4185.0,12
Wholesale,Gram,OD17,2015-16,published,4239.0,12
Wholesale,Gram,OD17,2016-17,published,4426.0,12
Wholesale,Gram,OD17,2017-18,imputed,4918.69,12
Wholesale,Gram,OD17,2018-19,imputed,5206.32,12
Wholesale,Gram,OD17,2019-20,projected,4731.05,12
Wholesale,Gram,OD17,2020-21,projected,5040.2,12
Wholesale,Gram,OD17,2021-22,projected,5369.56,12
Wholesale,Gram,OD17,2022-23,projected,5720.43,12
Wholesale,Gram,OD17,2023-24,projected,6094.24,12
Wholesale,Gram,OD17,2024-25,projected,6492.47,12
Wholesale,Gram,OD18,2013-14,published,3625.0,12
Wholesale,Gram,OD18,2014-15,published,3950.0,12
Wholesale,Gram,OD18,2015-16,published,4001.0,12
Wholesale,Gram,OD18,2016-17,published,4177.0,12
Wholesale,Gram,OD18,2017-18,published,5057.0,12
Wholesale,Gram,OD18,2018-19,imputed,5003.61,12
Wholesale,Gram,OD18,2019-20,projected,5036.07,12
Wholesale,Gram,OD18,2020-21,projected,5365.16,12
Wholesale,Gram,OD18,2021-22,projected,5715.74,12
Wholesale,Gram,OD18,2022-23,projected,6089.24,12
Wholesale,Gram,OD18,2023-24,projected,6487.15,12
Wholesale,Gram,OD18,2024-25,projected,6911.05,12
Wholesale,Gram,OD19,2013-14,published,3700.0,12
Wholesale,Gram,OD19,2014-15,published,4283.0,12
Wholesale,Gram,OD19,2015-16,published,4339.0,12
Wholesale,Gram,OD19,2016-17,published,4529.0,12
Wholesale,Gram,OD19,2017-18,published,4887.0,12
Wholesale,Gram,OD19,2018-19,imputed,5236.04,12
Wholesale,Gram,OD19,2019-20,projected,5270.01,12
Wholesale,Gram,OD19,2020-21,projected,5614.38,12
Wholesale,Gram,OD19,2021-22,projected,5981.26,12
Wholesale,Gram,OD19,2022-23,projected,6372.11,12
Wholesale,Gram,OD19,2023-24,projected,6788.49,12
Wholesale,Gram,OD19,2024-25,projected,7232.09,12
Wholesale,Gram,OD20,2013-14,published,3582.0,12
Wholesale,Gram,OD20,2014-15,published,4000.0,12
Wholesale,Gram,OD20,2015-16,published,4052.0,12
Wholesale,Gram,OD20,2016-17,published,4230.0,12
Wholesale,Gram,OD20,2017-18,imputed,4674.83,12
Wholesale,Gram,OD20,2018-19,imputed,4948.21,12
Wholesale,Gram,OD20,2019-20,projected,4496.5,12
Wholesale,Gram,OD20,2020-21,projected,4790.33,12
Wholesale,Gram,OD20,2021-22,projected,5103.35,12
Wholesale,Gram,OD20,2022-23,projected,5436.83,12
Wholesale,Gram,OD20,2023-24,projected,5792.11,12
Wholesale,Gram,OD20,2024-25,projected,6170.6,12
Wholesale,Gram,OD21,2013-14,published,3567.0,12
Wholesale,Gram,OD21,2014-15,published,4000.0,12
Wholesale,Gram,OD21,2015-16,published,4052.0,12
Wholesale,Gram,OD21,2016-17,published,4230.0,12
Wholesale,Gram,OD21,2017-18,published,5050.0,12
Wholesale,Gram,OD21,2018-19,published,5100.0,12
Wholesale,Gram,OD21,2019-20,projected,5433.26,12
Wholesale,Gram,OD21,2020-21,projected,5788.3,12
Wholesale,Gram,OD21,2021-22,projected,6166.54,12
Wholesale,Gram,OD21,2022-23,projected,6569.5,12
Wholesale,Gram,OD21,2023-24,projected,6998.79,12
Wholesale,Gram,OD21,2024-25,projected,7456.12,12
Wholesale,Gram,OD22,2013-14,published,3600.0,12
Wholesale,Gram,OD22,2014-15,published,3875.0,12
Wholesale,Gram,OD22,2015-16,published,3925.0,12
Wholesale,Gram,OD22,2016-17,published,4098.0,12
Wholesale,Gram,OD22,2017-18,published,4630.0,12
Wholesale,Gram,OD22,2018-19,published,5499.0,12
Wholesale,Gram,OD22,2019-20,projected,5858.34,12
Wholesale,Gram,OD22,2020-21,projected,6241.15,12
Wholesale,Gram,OD22,2021-22,projected,6648.98,12
Wholesale,Gram,OD22,2022-23,projected,7083.46,12
Wholesale,Gram,OD22,2023-24,projected,7546.34,12
Wholesale,Gram,OD22,2024-25,projected,8039.46,12
Wholesale,Gram,OD23,2013-14,published,3526.0,12
Wholesale,Gram,OD23,2014-15,published,3950.0,12
Wholesale,Gram,OD23,2015-16,published,4001.0,12
Wholesale,Gram,OD23,2016-17,published,4177.0,12
Wholesale,Gram,OD23,2017-18,published,4583.0,12
Wholesale,Gram,OD23,2018-19,published,5100.0,12
Wholesale,Gram,OD23,2019-20,projected,5433.26,12
Wholesale,Gram,OD23,2020-21,projected,5788.3,12
Wholesale,Gram,OD23,2021-22,projected,6166.54,12
Wholesale,Gram,OD23,2022-23,projected,6569.5,12
Wholesale,Gram,OD23,2023-24,projected,6998.79,12
Wholesale,Gram,OD23,2024-25,projected,7456.12,12
Wholesale,Gram,OD24,2013-14,published,3595.0,12
Wholesale,Gram,OD24,2014-15,published,4075.0,12
Wholesale,Gram,OD24,2015-16,published,4128.0,12
Wholesale,Gram,OD24,2016-17,published,4309.0,12
Wholesale,Gram,OD24,2017-18,published,5012.0,12
Wholesale,Gram,OD24,2018-19,published,4780.0,12
Wholesale,Gram,OD24,2019-20,projected,5092.35,12
Wholesale,Gram,OD24,2020-21,projected,5425.11,12
Wholesale,Gram,OD24,2021-22,projected,5779.62,12
Wholesale,Gram,OD24,2022-23,projected,6157.29,12
Wholesale,Gram,OD24,2023-24,projected,6559.65,12
Wholesale,Gram,OD24,2024-25,projected,6988.29,12
Wholesale,Gram,OD25,2013-14,published,3595.0,12
Wholesale,Gram,OD25,2014-15,published,3850.0,12
Wholesale,Gram,OD25,2015-16,published,3900.0,12
Wholesale,Gram,OD25,2016-17,published,4071.0,12
Wholesale,Gram,OD25,2017-18,published,4000.0,12
Wholesale,Gram,OD25,2018-19,imputed,4697.24,12
Wholesale,Gram,OD25,2019-20,projected,4727.72,12
Wholesale,Gram,OD25,2020-21,projected,5036.65,12
Wholesale,Gram,OD25,2021-22,projected,5365.77,12
Wholesale,Gram,OD25,2022-23,projected,5716.4,12
Wholesale,Gram,OD25,2023-24,projected,6089.94,12
Wholesale,Gram,OD25,2024-25,projected,6487.89,12
Wholesale,Gram,OD26,2013-14,published,3700.0,12
Wholesale,Gram,OD26,2014-15,published,4000.0,12
Wholesale,Gram,OD26,2015-16,published,4052.0,12
Wholesale,Gram,OD26,2016-17,published,4230.0,12
Wholesale,Gram,OD26,2017-18,imputed,4713.08,12
Wholesale,Gram,OD26,2018-19,imputed,4988.69,12
Wholesale,Gram,OD26,2019-20,projected,4533.29,12
Wholesale,Gram,OD26,2020-21,projected,4829.52,12
Wholesale,Gram,OD26,2021-22,projected,5145.1,12
Wholesale,Gram,OD26,2022-23,projected,5481.31,12
Wholesale,Gram,OD26,2023-24,projected,5839.49,12
Wholesale,Gram,OD26,2024-25,projected,6221.08,12
Wholesale,Gram,OD27,2013-14,published,3600.0,12
Wholesale,Gram,OD27,2014-15,published,4000.0,12
Wholesale,Gram,OD27,2015-16,published,4052.0,12
Wholesale,Gram,OD27,2016-17,published,4230.0,12
Wholesale,Gram,OD27,2017-18,published,3000.0,12
Wholesale,Gram,OD27,2018-19,imputed,4598.6,12
Wholesale,Gram,OD27,2019-20,projected,4628.43,12
Wholesale,Gram,OD27,2020-21,projected,4930.88,12
Wholesale,Gram,OD27,2021-22,projected,5253.09,12
Wholesale,Gram,OD27,2022-23,projected,5596.36,12
Wholesale,Gram,OD27,2023-24,projected,5962.05,12
Wholesale,Gram,OD27,2024-25,projected,6351.65,12
Wholesale,Gram,OD28,2013-14,published,3610.0,12
Wholesale,Gram,OD28,2014-15,published,4000.0,12
Wholesale,Gram,OD28,2015-16,published,4052.0,12
Wholesale,Gram,OD28,2016-17,published,4230.0,12
Wholesale,Gram,OD28,2017-18,imputed,4683.91,12
Wholesale,Gram,OD28,2018-19,imputed,4957.82,12
Wholesale,Gram,OD28,2019-20,projected,4505.23,12
Wholesale,Gram,OD28,2020-21,projected,4799.63,12
Wholesale,Gram,OD28,2021-22,projected,5113.26,12
Wholesale,Gram,OD28,2022-23,projected,5447.39,12
Wholesale,Gram,OD28,2023-24,projected,5803.35,12
Wholesale,Gram,OD28,2024-25,projected,6182.57,12
Wholesale,Gram,OD29,2013-14,published,3872.0,12
Wholesale,Gram,OD29,2014-15,published,4150.0,12
Wholesale,Gram,OD29,2015-16,published,4204.0,12
Wholesale,Gram,OD29,2016-17,published,4389.0,12
Wholesale,Gram,OD29,2017-18,published,4800.0,12
Wholesale,Gram,OD29,2018-19,published,4683.0,12
Wholesale,Gram,OD29,2019-20,projected,4989.01,12
Wholesale,Gram,OD29,2020-21,projected,5315.02,12
Wholesale,Gram,OD29,2021-22,projected,5662.34,12
Wholesale,Gram,OD29,2022-23,projected,6032.34,12
Wholesale,Gram,OD29,2023-24,projected,6426.53,12
Wholesale,Gram,OD29,2024-25,projected,6846.48,12
Wholesale,Gram,OD30,2013-14,published,3663.0,12
Wholesale,Gram,OD30,2014-15,published,4000.0,12
Wholesale,Gram,OD30,2015-16,published,4052.0,12
Wholesale,Gram,OD30,2016-17,published,4230.0,12
Wholesale,Gram,OD30,2017-18,published,5000.0,12
Wholesale,Gram,OD30,2018-19,published,4500.0,12
Wholesale,Gram,OD30,2019-20,projected,4794.05,12
Wholesale,Gram,OD30,2020-21,projected,5107.33,12
Wholesale,Gram,OD30,2021-22,projected,5441.07,12
Wholesale,Gram,OD30,2022-23,projected,5796.62,12
Wholesale,Gram,OD30,2023-24,projected,6175.4,12
Wholesale,Gram,OD30,2024-25,projected,6578.93,12
Wholesale,Groundnut,OD01,2013-14,published,3579.0,12
Wholesale,Groundnut,OD01,2014-15,published,3800.0,12
Wholesale,Groundnut,OD01,2015-16,published,4242.0,12
Wholesale,Groundnut,OD01,2016-17,published,4463.0,12
Wholesale,Groundnut,OD01,2017-18,published,4797.0,12
Wholesale,Groundnut,OD01,2018-19,published,4744.0,12
Wholesale,Groundnut,OD01,2019-20,projected,4967.06,12
Wholesale,Groundnut,OD01,2020-21,projected,5200.6,12
Wholesale,Groundnut,OD01,2021-22,projected,5445.13,12
Wholesale,Groundnut,OD01,2022-23,projected,5701.15,12
Wholesale,Groundnut,OD01,2023-24,projected,5969.21,12
Wholesale,Groundnut,OD01,2024-25,projected,6249.88,12
Wholesale,Groundnut,OD02,2013-14,published,2716.0,12
Wholesale,Groundnut,OD02,2014-15,published,3200.0,12
Wholesale,Groundnut,OD02,2015-16,published,3371.0,12
Wholesale,Groundnut,OD02,2016-17,published,3350.0,12
Wholesale,Groundnut,OD02,2017-18,published,3023.0,12
Wholesale,Groundnut,OD02,2018-19,published,4200.0,12
Wholesale,Groundnut,OD02,2019-20,projected,4397.48,12
Wholesale,Groundnut,OD02,2020-21,projected,4604.24,12
Wholesale,Groundnut,OD02,2021-22,projected,4820.73,12
Wholesale,Groundnut,OD02,2022-23,projected,5047.39,12
Wholesale,Groundnut,OD02,2023-24,projected,5284.72,12
Wholesale,Groundnut,OD02,2024-25,projected,5533.2,12
Wholesale,Groundnut,OD03,2013-14,published,3575.0,12
Wholesale,Groundnut,OD03,2014-15,published,4086.0,12
Wholesale,Groundnut,OD03,2015-16,published,4279.0,12
Wholesale,Groundnut,OD03,2016-17,published,4500.0,12
Wholesale,Groundnut,OD03,2017-18,published,4271.0,12
Wholesale,Groundnut,OD03,2018-19,published,4500.0,12
Wholesale,Groundnut,OD03,2019-20,projected,4711.58,12
Wholesale,Groundnut,OD03,2020-21,projected,4933.12,12
Wholesale,Groundnut,OD03,2021-22,projected,5165.07,12
Wholesale,Groundnut,OD03,2022-23,projected,5407.92,12
Wholesale,Groundnut,OD03,2023-24,projected,5662.19,12
Wholesale,Groundnut,OD03,2024-25,projected,5928.42,12
Wholesale,Groundnut,OD04,2013-14,published,2845.0,12
Wholesale,Groundnut,OD04,2014-15,published,3363.0,12
Wholesale,Groundnut,OD04,2015-16,published,3503.0,12
Wholesale,Groundnut,OD04,2016-17,published,3875.0,12
Wholesale,Groundnut,OD04,2017-18,published,4113.0,12
Wholesale,Groundnut,OD04,2018-19,published,4498.0,12
Wholesale,Groundnut,OD04,2019-20,projected,4709.49,12
Wholesale,Groundnut,OD04,2020-21,projected,4930.92,12
Wholesale,Groundnut,OD04,2021-22,projected,5162.77,12
Wholesale,Groundnut,OD04,2022-23,projected,5405.52,12
Wholesale,Groundnut,OD04,2023-24,projected,5659.68,12
Wholesale,Groundnut,OD04,2024-25,projected,5925.79,12
Wholesale,Groundnut,OD05,2013-14,published,3567.0,12
Wholesale,Groundnut,OD05,2014-15,published,4100.0,12
Wholesale,Groundnut,OD05,2015-16,published,4319.0,12
Wholesale,Groundnut,OD05,2016-17,published,4500.0,12
Wholesale,Groundnut,OD05,2017-18,published,4650.0,12
Wholesale,Groundnut,OD05,2018-19,published,4500.0,12
Wholesale,Groundnut,OD05,2019-20,projected,4711.58,12
Wholesale,Groundnut,OD05,2020-21,projected,4933.12,12
Wholesale,Groundnut,OD05,2021-22,projected,5165.07,12
Wholesale,Groundnut,OD05,2022-23,projected,5407.92,12
Wholesale,Groundnut,OD05,2023-24,projected,5662.19,12
Wholesale,Groundnut,OD05,2024-25,projected,5928.42,12
Wholesale,Groundnut,OD06,2013-14,published,3940.0,12
Wholesale,Groundnut,OD06,2014-15,published,4000.0,12
Wholesale,Groundnut,OD06,2015-16,published,4214.0,12
Wholesale,Groundnut,OD06,2016-17,published,4280.0,12
Wholesale,Groundnut,OD06,2017-18,published,4375.0,12
Wholesale,Groundnut,OD06,2018-19,published,4306.0,12
Wholesale,Groundnut,OD06,2019-20,projected,4508.46,12
Wholesale,Groundnut,OD06,2020-21,projected,4720.44,12
Wholesale,Groundnut,OD06,2021-22,projected,4942.39,12
Wholesale,Groundnut,OD06,2022-23,projected,5174.78,12
Wholesale,Groundnut,OD06,2023-24,projected,5418.09,12
Wholesale,Groundnut,OD06,2024-25,projected,5672.84,12
Wholesale,Groundnut,OD07,2013-14,published,3956.0,12
Wholesale,Groundnut,OD07,2014-15,published,4075.0,12
Wholesale,Groundnut,OD07,2015-16,published,4108.0,12
Wholesale,Groundnut,OD07,2016-17,published,4250.0,12
Wholesale,Groundnut,OD07,2017-18,published,4550.0,12
Wholesale,Groundnut,OD07,2018-19,published,4456.0,12
Wholesale,Groundnut,OD07,2019-20,projected,4665.52,12
Wholesale,Groundnut,OD07,2020-21,projected,4884.88,12
Wholesale,Groundnut,OD07,2021-22,projected,5114.56,12
Wholesale,Groundnut,OD07,2022-23,projected,5355.04,12
Wholesale,Groundnut,OD07,2023-24,projected,5606.83,12
Wholesale,Groundnut,OD07,2024-25,projected,5870.46,12
Wholesale,Groundnut,OD09,2013-14,published,3799.0,12
Wholesale,Groundnut,OD09,2014-15,published,4000.0,12
Wholesale,Groundnut,OD09,2015-16,published,4233.0,12
Wholesale,Groundnut,OD09,2016-17,published,4100.0,12
Wholesale,Groundnut,OD09,2017-18,published,3712.0,12
Wholesale,Groundnut,OD09,2018-19,published,3844.0,12
Wholesale,Groundnut,OD09,2019-20,projected,4024.74,12
Wholesale,Groundnut,OD09,2020-21,projected,4213.98,12
Wholesale,Groundnut,OD09,2021-22,projected,4412.11,12
Wholesale,Groundnut,OD09,2022-23,projected,4619.57,12
Wholesale,Groundnut,OD09,2023-24,projected,4836.77,12
Wholesale,Groundnut,OD09,2024-25,projected,5064.19,12
Wholesale,Groundnut,OD10,2013-14,published,3000.0,12
Wholesale,Groundnut,OD10,2014-15,published,3700.0,12
Wholesale,Groundnut,OD10,2015-16,published,3582.0,12
Wholesale,Groundnut,OD10,2016-17,published,3800.0,12
Wholesale,Groundnut,OD10,2017-18,published,4025.0,12
Wholesale,Groundnut,OD10,2018-19,published,4133.0,12
Wholesale,Groundnut,OD10,2019-20,projected,4327.33,12
Wholesale,Groundnut,OD10,2020-21,projected,4530.79,12
Wholesale,Groundnut,OD10,2021-22,projected,4743.83,12
Wholesale,Groundnut,OD10,2022-23,projected,4966.88,12
Wholesale,Groundnut,OD10,2023-24,projected,5200.41,12
Wholesale,Groundnut,OD10,2024-25,projected,5444.93,12
Wholesale,Groundnut,OD11,2013-14,published,3062.0,12
Wholesale,Groundnut,OD11,2014-15,published,3650.0,12
Wholesale,Groundnut,OD11,2015-16,published,3476.0,12
Wholesale,Groundnut,OD11,2016-17,published,3700.0,12
Wholesale,Groundnut,OD11,2017-18,published,3818.0,12
Wholesale,Groundnut,OD11,2018-19,published,4092.0,12
Wholesale,Groundnut,OD11,2019-20,projected,4284.4,12
Wholesale,Groundnut,OD11,2020-21,projected,4485.85,12
Wholesale,Groundnut,OD11,2021-22,projected,4696.77,12
Wholesale,Groundnut,OD11,2022-23,projected,4917.6,12
Wholesale,Groundnut,OD11,2023-24,projected,5148.82,12
Wholesale,Groundnut,OD11,2024-25,projected,5390.91,12
Wholesale,Groundnut,OD12,2013-14,published,3800.0,12
Wholesale,Groundnut,OD12,2014-15,published,4000.0,12
Wholesale,Groundnut,OD12,2015-16,published,3898.0,12
Wholesale,Groundnut,OD12,2016-17,published,4300.0,12
Wholesale,Groundnut,OD12,2017-18,published,4462.0,12
Wholesale,Groundnut,OD12,2018-19,published,5529.0,12
Wholesale,Groundnut,OD12,2019-20,projected,5788.97,12
Wholesale,Groundnut,OD12,2020-21,projected,6061.16,12
Wholesale,Groundnut,OD12,2021-22,projected,6346.14,12
Wholesale,Groundnut,OD12,2022-23,projected,6644.53,12
Wholesale,Groundnut,OD12,2023-24,projected,6956.95,12
Wholesale,Groundnut,OD12,2024-25,projected,7284.06,12
Wholesale,Groundnut,OD13,2013-14,published,3700.0,12
Wholesale,Groundnut,OD13,2014-15,published,4075.0,12
Wholesale,Groundnut,OD13,2015-16,published,3792.0,12
Wholesale,Groundnut,OD13,2016-17,published,4083.0,12
Wholesale,Groundnut,OD13,2017-18,published,3739.0,12
Wholesale,Groundnut,OD13,2018-19,published,3925.0,12
Wholesale,Groundnut,OD13,2019-20,projected,4109.55,12
Wholesale,Groundnut,OD13,2020-21,projected,4302.77,12
Wholesale,Groundnut,OD13,2021-22,projected,4505.09,12
Wholesale,Groundnut,OD13,2022-23,projected,4716.91,12
Wholesale,Groundnut,OD13,2023-24,projected,4938.69,12
Wholesale,Groundnut,OD13,2024-25,projected,5170.9,12
Wholesale,Groundnut,OD14,2013-14,published,3500.0,12
Wholesale,Groundnut,OD14,2014-15,published,3950.0,12
Wholesale,Groundnut,OD14,2015-16,published,3687.0,12
Wholesale,Groundnut,OD14,2016-17,published,4000.0,12
Wholesale,Groundnut,OD14,2017-18,published,4150.0,12
Wholesale,Groundnut,OD14,2018-19,published,4350.0,12
Wholesale,Groundnut,OD14,2019-20,projected,4554.53,12
Wholesale,Groundnut,OD14,2020-21,projected,4768.68,12
Wholesale,Groundnut,OD14,2021-22,projected,4992.9,12
Wholesale,Groundnut,OD14,2022-23,projected,5227.66,12
Wholesale,Groundnut,OD14,2023-24,projected,5473.45,12
Wholesale,Groundnut,OD14,2024-25,projected,5730.81,12
Wholesale,Groundnut,OD15,2013-14,published,3311.0,12
Wholesale,Groundnut,OD15,2014-15,published,3754.0,12
Wholesale,Groundnut,OD15,2015-16,published,3792.0,12
Wholesale,Groundnut,OD15,2016-17,published,4300.0,12
Wholesale,Groundnut,OD15,2017-18,published,4662.0,12
Wholesale,Groundnut,OD15,2018-19,published,3982.0,12
Wholesale,Groundnut,OD15,2019-20,projected,4169.23,12
Wholesale,Groundnut,OD15,2020-21,projected,4365.26,12
Wholesale,Groundnut,OD15,2021-22,projected,4570.51,12
Wholesale,Groundnut,OD15,2022-23,projected,4785.41,12
Wholesale,Groundnut,OD15,2023-24,projected,5010.41,12
Wholesale,Groundnut,OD15,2024-25,projected,5246.0,12
Wholesale,Groundnut,OD16,2013-14,published,3830.0,12
Wholesale,Groundnut,OD16,2014-15,published,4000.0,12
Wholesale,Groundnut,OD16,2015-16,published,4214.0,12
Wholesale,Groundnut,OD16,2016-17,published,4500.0,12
Wholesale,Groundnut,OD16,2017-18,published,4724.0,12
Wholesale,Groundnut,OD16,2018-19,published,4724.0,12
Wholesale,Groundnut,OD16,2019-20,projected,4946.12,12
Wholesale,Groundnut,OD16,2020-21,projected,5178.68,12
Wholesale,Groundnut,OD16,2021-22,projected,5422.17,12
Wholesale,Groundnut,OD16,2022-23,projected,5677.12,12
Wholesale,Groundnut,OD16,2023-24,projected,5944.05,12
Wholesale,Groundnut,OD16,2024-25,projected,6223.53,12
Wholesale,Groundnut,OD17,2013-14,published,3622.0,12
Wholesale,Groundnut,OD17,2014-15,published,4050.0,12
Wholesale,Groundnut,OD17,2015-16,published,4056.0,12
Wholesale,Groundnut,OD17,2016-17,published,4133.0,12
Wholesale,Groundnut,OD17,2017-18,published,4000.0,12
Wholesale,Groundnut,OD17,2018-19,published,4587.0,12
Wholesale,Groundnut,OD17,2019-20,projected,4802.67,12
Wholesale,Groundnut,OD17,2020-21,projected,5028.49,12
Wholesale,Groundnut,OD17,2021-22,projected,5264.92,12
Wholesale,Groundnut,OD17,2022-23,projected,5512.47,12
Wholesale,Groundnut,OD17,2023-24,projected,5771.66,12
Wholesale,Groundnut,OD17,2024-25,projected,6043.04,12
Wholesale,Groundnut,OD19,2013-14,published,3800.0,12
Wholesale,Groundnut,OD19,2014-15,published,4250.0,12
Wholesale,Groundnut,OD19,2015-16,published,3977.0,12
Wholesale,Groundnut,OD19,2016-17,published,4300.0,12
Wholesale,Groundnut,OD19,2017-18,published,4702.0,12
Wholesale,Groundnut,OD19,2018-19,published,4800.0,12
Wholesale,Groundnut,OD19,2019-20,projected,5025.69,12
Wholesale,Groundnut,OD19,2020-21,projected,5261.99,12
Wholesale,Groundnut,OD19,2021-22,projected,5509.4,12
Wholesale,Groundnut,OD19,2022-23,projected,5768.45,12
Wholesale,Groundnut,OD19,2023-24,projected,6039.67,12
Wholesale,Groundnut,OD19,2024-25,projected,6323.65,12
Wholesale,Groundnut,OD20,2013-14,published,3475.0,12
Wholesale,Groundnut,OD20,2014-15,published,4015.0,12
Wholesale,Groundnut,OD20,2015-16,published,3792.0,12
Wholesale,Groundnut,OD20,2016-17,published,3867.0,12
Wholesale,Groundnut,OD20,2017-18,published,3839.0,12
Wholesale,Groundnut,OD20,2018-19,published,4400.0,12
Wholesale,Groundnut,OD20,2019-20,projected,4606.88,12
Wholesale,Groundnut,OD20,2020-21,projected,4823.49,12
Wholesale,Groundnut,OD20,2021-22,projected,5050.29,12
Wholesale,Groundnut,OD20,2022-23,projected,5287.75,12
Wholesale,Groundnut,OD20,2023-24,projected,5536.37,12
Wholesale,Groundnut,OD20,2024-25,projected,5796.68,12
Wholesale,Groundnut,OD21,2013-14,published,3500.0,12
Wholesale,Groundnut,OD21,2014-15,published,4055.0,12
Wholesale,Groundnut,OD21,2015-16,published,4214.0,12
Wholesale,Groundnut,OD21,2016-17,published,4217.0,12
Wholesale,Groundnut,OD21,2017-18,published,4433.0,12
Wholesale,Groundnut,OD21,2018-19,published,4300.0,12
Wholesale,Groundnut,OD21,2019-20,projected,4502.18,12
Wholesale,Groundnut,OD21,2020-21,projected,4713.87,12
Wholesale,Groundnut,OD21,2021-22,projected,4935.51,12
Wholesale,Groundnut,OD21,2022-23,projected,5167.57,12
Wholesale,Groundnut,OD21,2023-24,projected,5410.54,12
Wholesale,Groundnut,OD21,2024-25,projected,5664.94,12
Wholesale,Groundnut,OD22,2013-14,published,3789.0,12
Wholesale,Groundnut,OD22,2014-15,published,4238.0,12
Wholesale,Groundnut,OD22,2015-16,published,3928.0,12
Wholesale,Groundnut,OD22,2016-17,published,4283.0,12
Wholesale,Groundnut,OD22,2017-18,published,4654.0,12
Wholesale,Groundnut,OD22,2018-19,published,4482.0,12
Wholesale,Groundnut,OD22,2019-20,projected,4692.74,12
Wholesale,Groundnut,OD22,2020-21,projected,4913.38,12
Wholesale,Groundnut,OD22,2021-22,projected,5144.41,12
Wholesale,Groundnut,OD22,2022-23,projected,5386.29,12
Wholesale,Groundnut,OD22,2023-24,projected,5639.55,12
Wholesale,Groundnut,OD22,2024-25,projected,5904.71,12
Wholesale,Groundnut,OD23,2013-14,published,3800.0,12
Wholesale,Groundnut,OD23,2014-15,published,4000.0,12
Wholesale,Groundnut,OD23,2015-16,published,4214.0,12
Wholesale,Groundnut,OD23,2016-17,published,4200.0,12
Wholesale,Groundnut,OD23,2017-18,published,4111.0,12
Wholesale,Groundnut,OD23,2018-19,published,4422.0,12
Wholesale,Groundnut,OD23,2019-20,projected,4629.92,12
Wholesale,Groundnut,OD23,2020-21,projected,4847.61,12
Wholesale,Groundnut,OD23,2021-22,projected,5075.54,12
Wholesale,Groundnut,OD23,2022-23,projected,5314.18,12
Wholesale,Groundnut,OD23,2023-24,projected,5564.05,12
Wholesale,Groundnut,OD23,2024-25,projected,5825.66,12
Wholesale,Groundnut,OD24,2013-14,published,3739.0,12
Wholesale,Groundnut,OD24,2014-15,published,4239.0,12
Wholesale,Groundnut,OD24,2015-16,published,4069.0,12
Wholesale,Groundnut,OD24,2016-17,published,4333.0,12
Wholesale,Groundnut,OD24,2017-18,published,4589.0,12
Wholesale,Groundnut,OD24,2018-19,published,4900.0,12
Wholesale,Groundnut,OD24,2019-20,projected,5130.39,12
Wholesale,Groundnut,OD24,2020-21,projected,5371.62,12
Wholesale,Groundnut,OD24,2021-22,projected,5624.18,12
Wholesale,Groundnut,OD24,2022-23,projected,5888.63,12
Wholesale,Groundnut,OD24,2023-24,projected,6165.5,12
Wholesale,Groundnut,OD24,2024-25,projected,6455.4,12
Wholesale,Groundnut,OD25,2013-14,published,3819.0,12
Wholesale,Groundnut,OD25,2014-15,published,4000.0,12
Wholesale,Groundnut,OD25,2015-16,published,4266.0,12
Wholesale,Groundnut,OD25,2016-17,published,4350.0,12
Wholesale,Groundnut,OD25,2017-18,published,4467.0,12
Wholesale,Groundnut,OD25,2018-19,published,5267.0,12
Wholesale,Groundnut,OD25,2019-20,projected,5514.65,12
Wholesale,Groundnut,OD25,2020-21,projected,5773.94,12
Wholesale,Groundnut,OD25,2021-22,projected,6045.42,12
Wholesale,Groundnut,OD25,2022-23,projected,6329.67,12
Wholesale,Groundnut,OD25,2023-24,projected,6627.28,12
Wholesale,Groundnut,OD25,2024-25,projected,6938.89,12
Wholesale,Groundnut,OD26,2013-14,published,3850.0,12
Wholesale,Groundnut,OD26,2014-15,published,4000.0,12
Wholesale,Groundnut,OD26,2015-16,published,4003.0,12
Wholesale,Groundnut,OD26,2016-17,published,4200.0,12
Wholesale,Groundnut,OD26,2017-18,published,4350.0,12
Wholesale,Groundnut,OD26,2018-19,published,4400.0,12
Wholesale,Groundnut,OD26,2019-20,projected,4606.88,12
Wholesale,Groundnut,OD26,2020-21,projected,4823.49,12
Wholesale,Groundnut,OD26,2021-22,projected,5050.29,12
Wholesale,Groundnut,OD26,2022-23,projected,5287.75,12
Wholesale,Groundnut,OD26,2023-24,projected,5536.37,12
Wholesale,Groundnut,OD26,2024-25,projected,5796.68,12
Wholesale,Groundnut,OD27,2013-14,published,3712.0,12
Wholesale,Groundnut,OD27,2014-15,published,4000.0,12
Wholesale,Groundnut,OD27,2015-16,published,4448.0,12
Wholesale,Groundnut,OD27,2016-17,published,4471.0,12
Wholesale,Groundnut,OD27,2017-18,published,4876.0,12
Wholesale,Groundnut,OD27,2018-19,published,5061.0,12
Wholesale,Groundnut,OD27,2019-20,projected,5298.96,12
Wholesale,Groundnut,OD27,2020-21,projected,5548.11,12
Wholesale,Groundnut,OD27,2021-22,projected,5808.98,12
Wholesale,Groundnut,OD27,2022-23,projected,6082.11,12
Wholesale,Groundnut,OD27,2023-24,projected,6368.08,12
Wholesale,Groundnut,OD27,2024-25,projected,6667.5,12
Wholesale,Groundnut,OD28,2013-14,published,3400.0,12
Wholesale,Groundnut,OD28,2014-15,published,4000.0,12
Wholesale,Groundnut,OD28,2015-16,published,4424.0,12
Wholesale,Groundnut,OD28,2016-17,published,4383.0,12
Wholesale,Groundnut,OD28,2017-18,published,3931.0,12
Wholesale,Groundnut,OD28,2018-19,published,4034.0,12
Wholesale,Groundnut,OD28,2019-20,projected,4223.67,12
Wholesale,Groundnut,OD28,2020-21,projected,4422.27,12
Wholesale,Groundnut,OD28,2021-22,projected,4630.19,12
Wholesale,Groundnut,OD28,2022-23,projected,4847.9,12
Wholesale,Groundnut,OD28,2023-24,projected,5075.84,12
Wholesale,Groundnut,OD28,2024-25,projected,5314.5,12
Wholesale,Groundnut,OD29,2013-14,published,3633.0,12
Wholesale,Groundnut,OD29,2014-15,published,4206.0,12
Wholesale,Groundnut,OD29,2015-16,published,4398.0,12
Wholesale,Groundnut,OD29,2016-17,published,4500.0,12
Wholesale,Groundnut,OD29,2017-18,published,4773.0,12
Wholesale,Groundnut,OD29,2018-19,published,4383.0,12
Wholesale,Groundnut,OD29,2019-20,projected,4589.08,12
Wholesale,Groundnut,OD29,2020-21,projected,4804.86,12
Wholesale,Groundnut,OD29,2021-22,projected,5030.77,12
Wholesale,Groundnut,OD29,2022-23,projected,5267.32,12
Wholesale,Groundnut,OD29,2023-24,projected,5514.98,12
Wholesale,Groundnut,OD29,2024-25,projected,5774.29,12
Wholesale,Groundnut,OD30,2013-14,published,3675.0,12
Wholesale,Groundnut,OD30,2014-15,published,4067.0,12
Wholesale,Groundnut,OD30,2015-16,published,4424.0,12
Wholesale,Groundnut,OD30,2016-17,published,4500.0,12
Wholesale,Groundnut,OD30,2017-18,published,4588.0,12
Wholesale,Groundnut,OD30,2018-19,published,5000.0,12
Wholesale,Groundnut,OD30,2019-20,projected,5235.09,12
Wholesale,Groundnut,OD30,2020-21,projected,5481.24,12
Wholesale,Groundnut,OD30,2021-22,projected,5738.96,12
Wholesale,Groundnut,OD30,2022-23,projected,6008.8,12
Wholesale,Groundnut,OD30,2023-24,projected,6291.33,12
Wholesale,Groundnut,OD30,2024-25,projected,6587.14,12
Wholesale,Jowar,OD02,2013-14,published,1250.0,12
Wholesale,Jowar,OD02,2014-15,published,1424.0,12
Wholesale,Jowar,OD02,2015-16,published,1546.0,12
Wholesale,Jowar,OD02,2019-20,projected,1700.83,12
Wholesale,Jowar,OD02,2020-21,projected,1870.91,12
Wholesale,Jowar,OD02,2021-22,projected,2058.0,12
Wholesale,Jowar,OD02,2022-23,projected,2263.8,12
Wholesale,Jowar,OD02,2023-24,projected,2490.18,12
Wholesale,Jowar,OD02,2024-25,projected,2739.2,12
Wholesale,Jowar,OD03,2013-14,published,1420.0,12
Wholesale,Jowar,OD03,2014-15,published,1617.0,12
Wholesale,Jowar,OD03,2015-16,published,1756.0,12
Wholesale,Jowar,OD03,2019-20,projected,1931.78,12
Wholesale,Jowar,OD03,2020-21,projected,2124.96,12
Wholesale,Jowar,OD03,2021-22,projected,2337.46,12
Wholesale,Jowar,OD03,2022-23,projected,2571.2,12
Wholesale,Jowar,OD03,2023-24,projected,2828.32,12
Wholesale,Jowar,OD03,2024-25,projected,3111.15,12
Wholesale,Jowar,OD07,2013-14,published,1267.0,12
Wholesale,Jowar,OD07,2014-15,published,1443.0,12
Wholesale,Jowar,OD07,2015-16,published,1567.0,12
Wholesale,Jowar,OD07,2019-20,projected,1723.8,12
Wholesale,Jowar,OD07,2020-21,projected,1896.18,12
Wholesale,Jowar,OD07,2021-22,projected,2085.8,12
Wholesale,Jowar,OD07,2022-23,projected,2294.38,12
Wholesale,Jowar,OD07,2023-24,projected,2523.82,12
Wholesale,Jowar,OD07,2024-25,projected,2776.2,12
Wholesale,Jowar,OD08,2013-14,published,1290.0,12
Wholesale,Jowar,OD08,2014-15,published,1469.0,12
Wholesale,Jowar,OD08,2015-16,published,1596.0,12
Wholesale,Jowar,OD08,2019-20,projected,1755.22,12
Wholesale,Jowar,OD08,2020-21,projected,1930.74,12
Wholesale,Jowar,OD08,2021-22,projected,2123.82,12
Wholesale,Jowar,OD08,2022-23,projected,2336.2,12
Wholesale,Jowar,OD08,2023-24,projected,2569.82,12
Wholesale,Jowar,OD08,2024-25,projected,2826.8,12
Wholesale,Jowar,OD10,2013-14,published,1245.0,12
Wholesale,Jowar,OD10,2014-15,published,1418.0,12
Wholesale,Jowar,OD10,2015-16,published,1540.0,12
Wholesale,Jowar,OD10,2019-20,projected,1693.97,12
Wholesale,Jowar,OD10,2020-21,projected,1863.37,12
Wholesale,Jowar,OD10,2021-22,projected,2049.7,12
Wholesale,Jowar,OD10,2022-23,projected,2254.68,12
Wholesale,Jowar,OD10,2023-24,projected,2480.14,12
Wholesale,Jowar,OD10,2024-25,projected,2728.16,12
Wholesale,Jowar,OD11,2013-14,published,1286.0,12
Wholesale,Jowar,OD11,2014-15,published,1464.0,12
Wholesale,Jowar,OD11,2015-16,published,1590.0,12
Wholesale,Jowar,OD11,2019-20,projected,1749.22,12
Wholesale,Jowar,OD11,2020-21,projected,1924.14,12
Wholesale,Jowar,OD11,2021-22,projected,2116.55,12
Wholesale,Jowar,OD11,2022-23,projected,2328.21,12
Wholesale,Jowar,OD11,2023-24,projected,2561.03,12
Wholesale,Jowar,OD11,2024-25,projected,2817.13,12
Wholesale,Jowar,OD13,2013-14,published,1300.0,12
Wholesale,Jowar,OD13,2014-15,published,1481.0,12
Wholesale,Jowar,OD13,2015-16,published,1608.0,12
Wholesale,Jowar,OD13,2019-20,projected,1768.94,12
Wholesale,Jowar,OD13,2020-21,projected,1945.83,12
Wholesale,Jowar,OD13,2021-22,projected,2140.41,12
Wholesale,Jowar,OD13,2022-23,projected,2354.45,12
Wholesale,Jowar,OD13,2023-24,projected,2589.9,12
Wholesale,Jowar,OD13,2024-25,projected,2848.89,12
Wholesale,Jowar,OD15,2013-14,published,1265.0,12
Wholesale,Jowar,OD15,2014-15,published,1441.0,12
Wholesale,Jowar,OD15,2015-16,published,1565.0,12
Wholesale,Jowar,OD15,2019-20,projected,1721.37,12
Wholesale,Jowar,OD15,2020-21,projected,1893.5,12
Wholesale,Jowar,OD15,2021-22,projected,2082.85,12
Wholesale,Jowar,OD15,2022-23,projected,2291.14,12
Wholesale,Jowar,OD15,2023-24,projected,2520.25,12
Wholesale,Jowar,OD15,2024-25,projected,2772.28,12
Wholesale,Jowar,OD16,2013-14,published,1267.0,12
Wholesale,Jowar,OD16,2014-15,published,1443.0,12
Wholesale,Jowar,OD16,2015-16,published,1567.0,12
Wholesale,Jowar,OD16,2019-20,projected,1723.8,12
Wholesale,Jowar,OD16,2020-21,projected,1896.18,12
Wholesale,Jowar,OD16,2021-22,projected,2085.8,12
Wholesale,Jowar,OD16,2022-23,projected,2294.38,12
Wholesale,Jowar,OD16,2023-24,projected,2523.82,12
Wholesale,Jowar,OD16,2024-25,projected,2776.2,12
Wholesale,Jowar,OD18,2013-14,published,1260.0,12
Wholesale,Jowar,OD18,2014-15,published,1435.0,12
Wholesale,Jowar,OD18,2015-16,published,1559.0,12
Wholesale,Jowar,OD18,2019-20,projected,1714.51,12
Wholesale,Jowar,OD18,2020-21,projected,1885.96,12
Wholesale,Jowar,OD18,2021-22,projected,2074.56,12
Wholesale,Jowar,OD18,2022-23,projected,2282.01,12
Wholesale,Jowar,OD18,2023-24,projected,2510.21,12
Wholesale,Jowar,OD18,2024-25,projected,2761.24,12
Wholesale,Jowar,OD20,2013-14,published,1233.0,12
Wholesale,Jowar,OD20,2014-15,published,1405.0,12
Wholesale,Jowar,OD20,2015-16,published,1526.0,12
Wholesale,Jowar,OD20,2019-20,projected,1678.22,12
Wholesale,Jowar,OD20,2020-21,projected,1846.04,12
Wholesale,Jowar,OD20,2021-22,projected,2030.64,12
Wholesale,Jowar,OD20,2022-23,projected,2233.71,12
Wholesale,Jowar,OD20,2023-24,projected,2457.08,12
Wholesale,Jowar,OD20,2024-25,projected,2702.79,12
Wholesale,Jowar,OD21,2013-14,published,1275.0,12
Wholesale,Jowar,OD21,2014-15,published,1452.0,12
Wholesale,Jowar,OD21,2015-16,published,1577.0,12
Wholesale,Jowar,OD21,2019-20,projected,1734.68,12
Wholesale,Jowar,OD21,2020-21,projected,1908.15,12
Wholesale,Jowar,OD21,2021-22,projected,2098.97,12
Wholesale,Jowar,OD21,2022-23,projected,2308.86,12
Wholesale,Jowar,OD21,2023-24,projected,2539.75,12
Wholesale,Jowar,OD21,2024-25,projected,2793.72,12
Wholesale,Jowar,OD22,2013-14,published,1296.0,12
Wholesale,Jowar,OD22,2014-15,published,1476.0,12
Wholesale,Jowar,OD22,2015-16,published,1603.0,12
Wholesale,Jowar,OD22,2019-20,projected,1763.3,12
Wholesale,Jowar,OD22,2020-21,projected,1939.63,12
Wholesale,Jowar,OD22,2021-22,projected,2133.59,12
Wholesale,Jowar,OD22,2022-23,projected,2346.95,12
Wholesale,Jowar,OD22,2023-24,projected,2581.64,12
Wholesale,Jowar,OD22,2024-25,projected,2839.81,12
Wholesale,Jowar,OD23,2013-14,published,1262.0,12
Wholesale,Jowar,OD23,2014-15,published,1438.0,12
Wholesale,Jowar,OD23,2015-16,published,1561.0,12
Wholesale,Jowar,OD23,2019-20,projected,1717.35,12
Wholesale,Jowar,OD23,2020-21,projected,1889.08,12
Wholesale,Jowar,OD23,2021-22,projected,2077.99,12
Wholesale,Jowar,OD23,2022-23,projected,2285.79,12
Wholesale,Jowar,OD23,2023-24,projected,2514.36,12
Wholesale,Jowar,OD23,2024-25,projected,2765.8,12
Wholesale,Jowar,OD24,2013-14,published,1299.0,12
Wholesale,Jowar,OD24,2014-15,published,1479.0,12
Wholesale,Jowar,OD24,2015-16,published,1606.0,12
Wholesale,Jowar,OD24,2019-20,projected,1766.95,12
Wholesale,Jowar,OD24,2020-21,projected,1943.65,12
Wholesale,Jowar,OD24,2021-22,projected,2138.01,12
Wholesale,Jowar,OD24,2022-23,projected,2351.81,12
Wholesale,Jowar,OD24,2023-24,projected,2586.99,12
Wholesale,Jowar,OD24,2024-25,projected,2845.69,12
Wholesale,Jowar,OD25,2013-14,published,1240.0,12
Wholesale,Jowar,OD25,2014-15,published,1412.0,12
Wholesale,Jowar,OD25,2015-16,published,1534.0,12
Wholesale,Jowar,OD25,2019-20,projected,1687.11,12
Wholesale,Jowar,OD25,2020-21,projected,1855.83,12
Wholesale,Jowar,OD25,2021-22,projected,2041.41,12
Wholesale,Jowar,OD25,2022-23,projected,2245.55,12
Wholesale,Jowar,OD25,2023-24,projected,2470.1,12
Wholesale,Jowar,OD25,2024-25,projected,2717.11,12
Wholesale,Jowar,OD27,2013-14,published,1226.0,12
Wholesale,Jowar,OD27,2014-15,published,1396.0,12
Wholesale,Jowar,OD27,2015-16,published,1516.0,12
Wholesale,Jowar,OD27,2019-20,projected,1667.79,12
Wholesale,Jowar,OD27,2020-21,projected,1834.57,12
Wholesale,Jowar,OD27,2021-22,projected,2018.03,12
Wholesale,Jowar,OD27,2022-23,projected,2219.83,12
Wholesale,Jowar,OD27,2023-24,projected,2441.82,12
Wholesale,Jowar,OD27,2024-25,projected,2686.0,12
Wholesale,Jowar,OD28,2013-14,published,1280.0,12
Wholesale,Jowar,OD28,2014-15,published,1458.0,12
Wholesale,Jowar,OD28,2015-16,published,1583.0,12
Wholesale,Jowar,OD28,2019-20,projected,1741.54,12
Wholesale,Jowar,OD28,2020-21,projected,1915.69,12
Wholesale,Jowar,OD28,2021-22,projected,2107.26,12
Wholesale,Jowar,OD28,2022-23,projected,2317.99,12
Wholesale,Jowar,OD28,2023-24,projected,2549.79,12
Wholesale,Jowar,OD28,2024-25,projected,2804.77,12
Wholesale,Jowar,OD30,2013-14,published,1233.0,12
Wholesale,Jowar,OD30,2014-15,published,1405.0,12
Wholesale,Jowar,OD30,2015-16,published,1526.0,12
Wholesale,Jowar,OD30,2019-20,projected,1678.22,12
Wholesale,Jowar,OD30,2020-21,projected,1846.04,12
Wholesale,Jowar,OD30,2021-22,projected,2030.64,12
Wholesale,Jowar,OD30,2022-23,projected,2233.71,12
Wholesale,Jowar,OD30,2023-24,projected,2457.08,12
Wholesale,Jowar,OD30,2024-25,projected,2702.79,12
Wholesale,Jute,OD03,2013-14,published,2900.0,12
Wholesale,Jute,OD03,2014-15,published,2950.0,12
Wholesale,Jute,OD03,2015-16,published,3068.0,12
Wholesale,Jute,OD03,2016-17,published,3350.0,12
Wholesale,Jute,OD03,2017-18,published,3460.0,12
Wholesale,Jute,OD03,2018-19,published,4238.0,12
Wholesale,Jute,OD03,2019-20,projected,4546.78,12
Wholesale,Jute,OD03,2020-21,projected,4878.06,12
Wholesale,Jute,OD03,2021-22,projected,5233.48,12
Wholesale,Jute,OD03,2022-23,projected,5614.79,12
Wholesale,Jute,OD03,2023-24,projected,6023.88,12
Wholesale,Jute,OD03,2024-25,projected,6462.78,12
Wholesale,Jute,OD05,2013-14,published,2952.0,12
Wholesale,Jute,OD05,2014-15,published,3075.0,12
Wholesale,Jute,OD05,2015-16,published,3139.0,12
Wholesale,Jute,OD05,2016-17,published,3400.0,12
Wholesale,Jute,OD05,2017-18,published,3470.0,12
Wholesale,Jute,OD05,2018-19,published,4267.0,12
Wholesale,Jute,OD05,2019-20,projected,4577.89,12
Wholesale,Jute,OD05,2020-21,projected,4911.44,12
Wholesale,Jute,OD05,2021-22,projected,5269.29,12
Wholesale,Jute,OD05,2022-23,projected,5653.21,12
Wholesale,Jute,OD05,2023-24,projected,6065.1,12
Wholesale,Jute,OD05,2024-25,projected,6507.01,12
Wholesale,Jute,OD07,2013-14,published,2900.0,12
Wholesale,Jute,OD07,2014-15,published,3067.0,12
Wholesale,Jute,OD07,2015-16,published,3158.0,12
Wholesale,Jute,OD07,2016-17,published,3567.0,12
Wholesale,Jute,OD07,2017-18,published,3800.0,12
Wholesale,Jute,OD07,2018-19,published,4400.0,12
Wholesale,Jute,OD07,2019-20,projected,4720.58,12
Wholesale,Jute,OD07,2020-21,projected,5064.53,12
Wholesale,Jute,OD07,2021-22,projected,5433.53,12
Wholesale,Jute,OD07,2022-23,projected,5829.42,12
Wholesale,Jute,OD07,2023-24,projected,6254.15,12
Wholesale,Jute,OD07,2024-25,projected,6709.82,12
Wholesale,Jute,OD09,2013-14,published,2968.0,12
Wholesale,Jute,OD09,2014-15,imputed,3047.67,12
Wholesale,Jute,OD09,2015-16,imputed,3128.04,12
Wholesale,Jute,OD09,2016-17,imputed,3576.5,12
Wholesale,Jute,OD09,2017-18,imputed,3588.72,12
Wholesale,Jute,OD09,2018-19,imputed,4218.71,12
Wholesale,Jute,OD09,2019-20,projected,3184.25,12
Wholesale,Jute,OD09,2020-21,projected,3416.25,12
Wholesale,Jute,OD09,2021-22,projected,3665.16,12
Wholesale,Jute,OD09,2022-23,projected,3932.21,12
Wholesale,Jute,OD09,2023-24,projected,4218.71,12
Wholesale,Jute,OD09,2024-25,projected,4526.08,12
Wholesale,Jute,OD12,2013-14,published,2957.0,12
Wholesale,Jute,OD12,2014-15,published,3100.0,12
Wholesale,Jute,OD12,2015-16,published,3174.0,12
Wholesale,Jute,OD12,2016-17,published,3500.0,12
Wholesale,Jute,OD12,2017-18,imputed,3594.79,12
Wholesale,Jute,OD12,2018-19,imputed,4225.84,12
Wholesale,Jute,OD12,2019-20,projected,3843.58,12
Wholesale,Jute,OD12,2020-21,projected,4123.62,12
Wholesale,Jute,OD12,2021-22,projected,4424.07,12
Wholesale,Jute,OD12,2022-23,projected,4746.41,12
Wholesale,Jute,OD12,2023-24,projected,5092.23,12
Wholesale,Jute,OD12,2024-25,projected,5463.25,12
Wholesale,Jute,OD13,2013-14,published,2975.0,12
Wholesale,Jute,OD13,2014-15,published,3100.0,12
Wholesale,Jute,OD13,2015-16,published,3148.0,12
Wholesale,Jute,OD13,2016-17,published,3475.0,12
Wholesale,Jute,OD13,2017-18,published,3550.0,12
Wholesale,Jute,OD13,2018-19,published,3800.0,12
Wholesale,Jute,OD13,2019-20,projected,4076.87,12
Wholesale,Jute,OD13,2020-21,projected,4373.91,12
Wholesale,Jute,OD13,2021-22,projected,4692.59,12
Wholesale,Jute,OD13,2022-23,projected,5034.5,12
Wholesale,Jute,OD13,2023-24,projected,5401.31,12
Wholesale,Jute,OD13,2024-25,projected,5794.85,12
Wholesale,Jute,OD15,2013-14,published,3085.0,12
Wholesale,Jute,OD15,2014-15,imputed,3167.81,12
Wholesale,Jute,OD15,2015-16,imputed,3251.35,12
Wholesale,Jute,OD15,2016-17,imputed,3717.49,12
Wholesale,Jute,OD15,2017-18,imputed,3730.18,12
Wholesale,Jute,OD15,2018-19,imputed,4385.01,12
Wholesale,Jute,OD15,2019-20,projected,3309.77,12
Wholesale,Jute,OD15,2020-21,projected,3550.92,12
Wholesale,Jute,OD15,2021-22,projected,3809.64,12
Wholesale,Jute,OD15,2022-23,projected,4087.22,12
Wholesale,Jute,OD15,2023-24,projected,4385.01,12
Wholesale,Jute,OD15,2024-25,projected,4704.5,12
Wholesale,Jute,OD17,2013-14,published,2800.0,12
Wholesale,Jute,OD17,2014-15,published,2900.0,12
Wholesale,Jute,OD17,2015-16,published,2962.0,12
Wholesale,Jute,OD17,2016-17,published,3250.0,12
Wholesale,Jute,OD17,2017-18,published,3465.0,12
Wholesale,Jute,OD17,2018-19,published,4400.0,12
Wholesale,Jute,OD17,2019-20,projected,4720.58,12
Wholesale,Jute,OD17,2020-21,projected,5064.53,12
Wholesale,Jute,OD17,2021-22,projected,5433.53,12
Wholesale,Jute,OD17,2022-23,projected,5829.42,12
Wholesale,Jute,OD17,2023-24,projected,6254.15,12
Wholesale,Jute,OD17,2024-25,projected,6709.82,12
Wholesale,Jute,OD18,2013-14,published,2800.0,12
Wholesale,Jute,OD18,2014-15,published,2967.0,12
Wholesale,Jute,OD18,2015-16,published,3068.0,12
Wholesale,Jute,OD18,2016-17,published,3350.0,12
Wholesale,Jute,OD18,2017-18,published,3611.0,12
Wholesale,Jute,OD18,2018-19,published,4000.0,12
Wholesale,Jute,OD18,2019-20,projected,4291.44,12
Wholesale,Jute,OD18,2020-21,projected,4604.11,12
Wholesale,Jute,OD18,2021-22,projected,4939.57,12
Wholesale,Jute,OD18,2022-23,projected,5299.47,12
Wholesale,Jute,OD18,2023-24,projected,5685.59,12
Wholesale,Jute,OD18,2024-25,projected,6099.84,12
Wholesale,Jute,OD21,2013-14,published,3100.0,12
Wholesale,Jute,OD21,2014-15,imputed,3183.21,12
Wholesale,Jute,OD21,2015-16,imputed,3267.16,12
Wholesale,Jute,OD21,2016-17,imputed,3735.57,12
Wholesale,Jute,OD21,2017-18,imputed,3748.32,12
Wholesale,Jute,OD21,2018-19,imputed,4406.33,12
Wholesale,Jute,OD21,2019-20,projected,3325.87,12
Wholesale,Jute,OD21,2020-21,projected,3568.19,12
Wholesale,Jute,OD21,2021-22,projected,3828.17,12
Wholesale,Jute,OD21,2022-23,projected,4107.09,12
Wholesale,Jute,OD21,2023-24,projected,4406.33,12
Wholesale,Jute,OD21,2024-25,projected,4727.38,12
Wholesale,Jute,OD22,2013-14,imputed,3346.83,12
Wholesale,Jute,OD22,2014-15,imputed,3436.66,12
Wholesale,Jute,OD22,2015-16,imputed,3527.29,12
Wholesale,Jute,OD22,2016-17,published,4033.0,12
Wholesale,Jute,OD22,2017-18,imputed,4046.77,12
Wholesale,Jute,OD22,2018-19,imputed,4757.17,12
Wholesale,Jute,OD22,2019-20,projected,4326.84,12
Wholesale,Jute,OD22,2020-21,projected,4642.1,12
Wholesale,Jute,OD22,2021-22,projected,4980.32,12
Wholesale,Jute,OD22,2022-23,projected,5343.19,12
Wholesale,Jute,OD22,2023-24,projected,5732.49,12
Wholesale,Jute,OD22,2024-25,projected,6150.16,12
Wholesale,Jute,OD24,2013-14,imputed,3319.44,12
Wholesale,Jute,OD24,2014-15,imputed,3408.54,12
Wholesale,Jute,OD24,2015-16,imputed,3498.43,12
Wholesale,Jute,OD24,2016-17,published,4000.0,12
Wholesale,Jute,OD24,2017-18,imputed,4013.66,12
Wholesale,Jute,OD24,2018-19,imputed,4718.25,12
Wholesale,Jute,OD24,2019-20,projected,4291.44,12
Wholesale,Jute,OD24,2020-21,projected,4604.11,12
Wholesale,Jute,OD24,2021-22,projected,4939.57,12
Wholesale,Jute,OD24,2022-23,projected,5299.47,12
Wholesale,Jute,OD24,2023-24,projected,5685.59,12
Wholesale,Jute,OD24,2024-25,projected,6099.84,12
Wholesale,Kulthi,OD01,2013-14,published,2469.0,12
Wholesale,Kulthi,OD01,2014-15,published,2952.0,12
Wholesale,Kulthi,OD01,2015-16,published,3182.0,12
Wholesale,Kulthi,OD01,2016-17,published,3307.0,12
Wholesale,Kulthi,OD01,2017-18,published,3587.0,12
Wholesale,Kulthi,OD01,2018-19,published,4002.0,12
Wholesale,Kulthi,OD01,2019-20,projected,4385.77,12
Wholesale,Kulthi,OD01,2020-21,projected,4806.33,12
Wholesale,Kulthi,OD01,2021-22,projected,5267.23,12
Wholesale,Kulthi,OD01,2022-23,projected,5772.32,12
Wholesale,Kulthi,OD01,2023-24,projected,6325.85,12
Wholesale,Kulthi,OD01,2024-25,projected,6932.46,12
Wholesale,Kulthi,OD02,2013-14,published,2639.0,12
Wholesale,Kulthi,OD02,2014-15,published,2826.0,12
Wholesale,Kulthi,OD02,2015-16,published,3224.0,12
Wholesale,Kulthi,OD02,2016-17,published,3300.0,12
Wholesale,Kulthi,OD02,2017-18,published,3529.0,12
Wholesale,Kulthi,OD02,2018-19,published,3529.0,12
Wholesale,Kulthi,OD02,2019-20,projected,3867.41,12
Wholesale,Kulthi,OD02,2020-21,projected,4238.27,12
Wholesale,Kulthi,OD02,2021-22,projected,4644.69,12
Wholesale,Kulthi,OD02,2022-23,projected,5090.09,12
Wholesale,Kulthi,OD02,2023-24,projected,5578.2,12
Wholesale,Kulthi,OD02,2024-25,projected,6113.11,12
Wholesale,Kulthi,OD03,2013-14,published,2475.0,12
Wholesale,Kulthi,OD03,2014-15,published,3000.0,12
Wholesale,Kulthi,OD03,2015-16,published,3168.0,12
Wholesale,Kulthi,OD03,2016-17,published,3333.0,12
Wholesale,Kulthi,OD03,2017-18,published,3264.0,12
Wholesale,Kulthi,OD03,2018-19,published,5000.0,12
Wholesale,Kulthi,OD03,2019-20,projected,5479.47,12
Wholesale,Kulthi,OD03,2020-21,projected,6004.91,12
Wholesale,Kulthi,OD03,2021-22,projected,6580.75,12
Wholesale,Kulthi,OD03,2022-23,projected,7211.8,12
Wholesale,Kulthi,OD03,2023-24,projected,7903.37,12
Wholesale,Kulthi,OD03,2024-25,projected,8661.25,12
Wholesale,Kulthi,OD04,2013-14,published,2438.0,12
Wholesale,Kulthi,OD04,2014-15,published,2950.0,12
Wholesale,Kulthi,OD04,2015-16,published,3279.0,12
Wholesale,Kulthi,OD04,2016-17,published,3300.0,12
Wholesale,Kulthi,OD04,2017-18,published,3587.0,12
Wholesale,Kulthi,OD04,2018-19,published,3445.0,12
Wholesale,Kulthi,OD04,2019-20,projected,3775.35,12
Wholesale,Kulthi,OD04,2020-21,projected,4137.39,12
Wholesale,Kulthi,OD04,2021-22,projected,4534.14,12
Wholesale,Kulthi,OD04,2022-23,projected,4968.93,12
Wholesale,Kulthi,OD04,2023-24,projected,5445.42,12
Wholesale,Kulthi,OD04,2024-25,projected,5967.6,12
Wholesale,Kulthi,OD05,2013-14,published,2550.0,12
Wholesale,Kulthi,OD05,2014-15,published,3000.0,12
Wholesale,Kulthi,OD05,2015-16,published,3202.0,12
Wholesale,Kulthi,OD05,2016-17,published,3250.0,12
Wholesale,Kulthi,OD05,2017-18,imputed,3634.85,12
Wholesale,Kulthi,OD05,2018-19,published,4516.0,12
Wholesale,Kulthi,OD05,2019-20,projected,4949.06,12
Wholesale,Kulthi,OD05,2020-21,projected,5423.64,12
Wholesale,Kulthi,OD05,2021-22,projected,5943.73,12
Wholesale,Kulthi,OD05,2022-23,projected,6513.7,12
Wholesale,Kulthi,OD05,2023-24,projected,7138.32,12
Wholesale,Kulthi,OD05,2024-25,projected,7822.84,12
Wholesale,Kulthi,OD06,2013-14,published,2271.0,12
Wholesale,Kulthi,OD06,2014-15,published,2733.0,12
Wholesale,Kulthi,OD06,2015-16,published,3254.0,12
Wholesale,Kulthi,OD06,2016-17,published,3150.0,12
Wholesale,Kulthi,OD06,2017-18,published,3407.0,12
Wholesale,Kulthi,OD06,2018-19,published,4195.0,12
Wholesale,Kulthi,OD06,2019-20,projected,4597.27,12
Wholesale,Kulthi,OD06,2020-21,projected,5038.12,12
Wholesale,Kulthi,OD06,2021-22,projected,5521.25,12
Wholesale,Kulthi,OD06,2022-23,projected,6050.7,12
Wholesale,Kulthi,OD06,2023-24,projected,6630.92,12
Wholesale,Kulthi,OD06,2024-25,projected,7266.79,12
Wholesale,Kulthi,OD07,2013-14,published,2474.0,12
Wholesale,Kulthi,OD07,2014-15,published,2767.0,12
Wholesale,Kulthi,OD07,2015-16,published,3271.0,12
Wholesale,Kulthi,OD07,2016-17,published,3129.0,12
Wholesale,Kulthi,OD07,2017-18,published,3078.0,12
Wholesale,Kulthi,OD07,2018-19,published,3765.0,12
Wholesale,Kulthi,OD07,2019-20,projected,4126.04,12
Wholesale,Kulthi,OD07,2020-21,projected,4521.7,12
Wholesale,Kulthi,OD07,2021-22,projected,4955.3,12
Wholesale,Kulthi,OD07,2022-23,projected,5430.49,12
Wholesale,Kulthi,OD07,2023-24,projected,5951.23,12
Wholesale,Kulthi,OD07,2024-25,projected,6521.92,12
Wholesale,Kulthi,OD08,2013-14,published,2650.0,12
Wholesale,Kulthi,OD08,2014-15,published,3083.0,12
Wholesale,Kulthi,OD08,2015-16,published,3374.0,12
Wholesale,Kulthi,OD08,2016-17,published,3417.0,12
Wholesale,Kulthi,OD08,2017-18,published,3503.0,12
Wholesale,Kulthi,OD08,2018-19,published,3594.0,12
Wholesale,Kulthi,OD08,2019-20,projected,3938.64,12
Wholesale,Kulthi,OD08,2020-21,projected,4316.33,12
Wholesale,Kulthi,OD08,2021-22,projected,4730.24,12
Wholesale,Kulthi,OD08,2022-23,projected,5183.84,12
Wholesale,Kulthi,OD08,2023-24,projected,5680.94,12
Wholesale,Kulthi,OD08,2024-25,projected,6225.71,12
Wholesale,Kulthi,OD09,2013-14,published,2441.0,12
Wholesale,Kulthi,OD09,2014-15,published,2750.0,12
Wholesale,Kulthi,OD09,2015-16,published,3099.0,12
Wholesale,Kulthi,OD09,2016-17,published,3189.0,12
Wholesale,Kulthi,OD09,2017-18,published,3448.0,12
Wholesale,Kulthi,OD09,2018-19,published,3774.0,12
Wholesale,Kulthi,OD09,2019-20,projected,4135.9,12
Wholesale,Kulthi,OD09,2020-21,projected,4532.51,12
Wholesale,Kulthi,OD09,2021-22,projected,4967.15,12
Wholesale,Kulthi,OD09,2022-23,projected,5443.47,12
Wholesale,Kulthi,OD09,2023-24,projected,5965.46,12
Wholesale,Kulthi,OD09,2024-25,projected,6537.51,12
Wholesale,Kulthi,OD10,2013-14,published,2067.0,12
Wholesale,Kulthi,OD10,2014-15,published,2617.0,12
Wholesale,Kulthi,OD10,2015-16,published,2961.0,12
Wholesale,Kulthi,OD10,2016-17,published,3150.0,12
Wholesale,Kulthi,OD10,2017-18,published,3375.0,12
Wholesale,Kulthi,OD10,2018-19,published,4063.0,12
Wholesale,Kulthi,OD10,2019-20,projected,4452.62,12
Wholesale,Kulthi,OD10,2020-21,projected,4879.59,12
Wholesale,Kulthi,OD10,2021-22,projected,5347.52,12
Wholesale,Kulthi,OD10,2022-23,projected,5860.31,12
Wholesale,Kulthi,OD10,2023-24,projected,6422.27,12
Wholesale,Kulthi,OD10,2024-25,projected,7038.13,12
Wholesale,Kulthi,OD11,2013-14,published,2100.0,12
Wholesale,Kulthi,OD11,2014-15,published,2600.0,12
Wholesale,Kulthi,OD11,2015-16,published,2944.0,12
Wholesale,Kulthi,OD11,2016-17,published,3100.0,12
Wholesale,Kulthi,OD11,2017-18,published,3297.0,12
Wholesale,Kulthi,OD11,2018-19,published,4402.0,12
Wholesale,Kulthi,OD11,2019-20,projected,4824.12,12
Wholesale,Kulthi,OD11,2020-21,projected,5286.73,12
Wholesale,Kulthi,OD11,2021-22,projected,5793.69,12
Wholesale,Kulthi,OD11,2022-23,projected,6349.27,12
Wholesale,Kulthi,OD11,2023-24,projected,6958.12,12
Wholesale,Kulthi,OD11,2024-25,projected,7625.36,12
Wholesale,Kulthi,OD12,2013-14,published,2144.0,12
Wholesale,Kulthi,OD12,2014-15,published,2675.0,12
Wholesale,Kulthi,OD12,2015-16,published,3016.0,12
Wholesale,Kulthi,OD12,2016-17,published,3283.0,12
Wholesale,Kulthi,OD12,2017-18,published,3444.0,12
Wholesale,Kulthi,OD12,2018-19,published,3767.0,12
Wholesale,Kulthi,OD12,2019-20,projected,4128.23,12
Wholesale,Kulthi,OD12,2020-21,projected,4524.1,12
Wholesale,Kulthi,OD12,2021-22,projected,4957.94,12
Wholesale,Kulthi,OD12,2022-23,projected,5433.37,12
Wholesale,Kulthi,OD12,2023-24,projected,5954.4,12
Wholesale,Kulthi,OD12,2024-25,projected,6525.38,12
Wholesale,Kulthi,OD13,2013-14,published,1898.0,12
Wholesale,Kulthi,OD13,2014-15,published,2682.0,12
Wholesale,Kulthi,OD13,2015-16,published,3069.0,12
Wholesale,Kulthi,OD13,2016-17,published,3338.0,12
Wholesale,Kulthi,OD13,2017-18,published,3588.0,12
Wholesale,Kulthi,OD13,2018-19,published,4250.0,12
Wholesale,Kulthi,OD13,2019-20,projected,4657.55,12
Wholesale,Kulthi,OD13,2020-21,projected,5104.18,12
Wholesale,Kulthi,OD13,2021-22,projected,5593.64,12
Wholesale,Kulthi,OD13,2022-23,projected,6130.03,12
Wholesale,Kulthi,OD13,2023-24,projected,6717.86,12
Wholesale,Kulthi,OD13,2024-25,projected,7362.06,12
Wholesale,Kulthi,OD14,2013-14,published,2665.0,12
Wholesale,Kulthi,OD14,2014-15,published,3000.0,12
Wholesale,Kulthi,OD14,2015-16,published,3202.0,12
Wholesale,Kulthi,OD14,2016-17,published,3275.0,12
Wholesale,Kulthi,OD14,2017-18,published,3475.0,12
Wholesale,Kulthi,OD14,2018-19,published,3960.0,12
Wholesale,Kulthi,OD14,2019-20,projected,4339.74,12
Wholesale,Kulthi,OD14,2020-21,projected,4755.89,12
Wholesale,Kulthi,OD14,2021-22,projected,5211.95,12
Wholesale,Kulthi,OD14,2022-23,projected,5711.75,12
Wholesale,Kulthi,OD14,2023-24,projected,6259.47,12
Wholesale,Kulthi,OD14,2024-25,projected,6859.71,12
Wholesale,Kulthi,OD15,2013-14,published,2667.0,12
Wholesale,Kulthi,OD15,2014-15,published,2975.0,12
Wholesale,Kulthi,OD15,2015-16,published,3460.0,12
Wholesale,Kulthi,OD15,2016-17,published,3414.0,12
Wholesale,Kulthi,OD15,2017-18,published,3611.0,12
Wholesale,Kulthi,OD15,2018-19,published,3600.0,12
Wholesale,Kulthi,OD15,2019-20,projected,3945.22,12
Wholesale,Kulthi,OD15,2020-21,projected,4323.54,12
Wholesale,Kulthi,OD15,2021-22,projected,4738.14,12
Wholesale,Kulthi,OD15,2022-23,projected,5192.5,12
Wholesale,Kulthi,OD15,2023-24,projected,5690.42,12
Wholesale,Kulthi,OD15,2024-25,projected,6236.1,12
Wholesale,Kulthi,OD16,2013-14,published,2202.0,12
Wholesale,Kulthi,OD16,2014-15,published,2671.0,12
Wholesale,Kulthi,OD16,2015-16,published,3195.0,12
Wholesale,Kulthi,OD16,2016-17,published,3225.0,12
Wholesale,Kulthi,OD16,2017-18,published,3425.0,12
Wholesale,Kulthi,OD16,2018-19,published,3425.0,12
Wholesale,Kulthi,OD16,2019-20,projected,3753.44,12
Wholesale,Kulthi,OD16,2020-21,projected,4113.37,12
Wholesale,Kulthi,OD16,2021-22,projected,4507.81,12
Wholesale,Kulthi,OD16,2022-23,projected,4940.08,12
Wholesale,Kulthi,OD16,2023-24,projected,5413.81,12
Wholesale,Kulthi,OD16,2024-25,projected,5932.95,12
Wholesale,Kulthi,OD17,2013-14,published,2420.0,12
Wholesale,Kulthi,OD17,2014-15,published,2954.0,12
Wholesale,Kulthi,OD17,2015-16,published,3125.0,12
Wholesale,Kulthi,OD17,2016-17,published,3233.0,12
Wholesale,Kulthi,OD17,2017-18,published,3500.0,12
Wholesale,Kulthi,OD17,2018-19,published,3306.0,12
Wholesale,Kulthi,OD17,2019-20,projected,3623.02,12
Wholesale,Kulthi,OD17,2020-21,projected,3970.45,12
Wholesale,Kulthi,OD17,2021-22,projected,4351.19,12
Wholesale,Kulthi,OD17,2022-23,projected,4768.44,12
Wholesale,Kulthi,OD17,2023-24,projected,5225.71,12
Wholesale,Kulthi,OD17,2024-25,projected,5726.82,12
Wholesale,Kulthi,OD18,2013-14,published,2627.0,12
Wholesale,Kulthi,OD18,2014-15,published,3011.0,12
Wholesale,Kulthi,OD18,2015-16,published,3328.0,12
Wholesale,Kulthi,OD18,2016-17,published,3400.0,12
Wholesale,Kulthi,OD18,2017-18,published,3719.0,12
Wholesale,Kulthi,OD18,2018-19,published,3960.0,12
Wholesale,Kulthi,OD18,2019-20,projected,4339.74,12
Wholesale,Kulthi,OD18,2020-21,projected,4755.89,12
Wholesale,Kulthi,OD18,2021-22,projected,5211.95,12
Wholesale,Kulthi,OD18,2022-23,projected,5711.75,12
Wholesale,Kulthi,OD18,2023-24,projected,6259.47,12
Wholesale,Kulthi,OD18,2024-25,projected,6859.71,12
Wholesale,Kulthi,OD19,2013-14,published,2722.0,12
Wholesale,Kulthi,OD19,2014-15,published,3035.0,12
Wholesale,Kulthi,OD19,2015-16,published,3305.0,12
Wholesale,Kulthi,OD19,2016-17,published,3333.0,12
Wholesale,Kulthi,OD19,2017-18,published,3447.0,12
Wholesale,Kulthi,OD19,2018-19,published,3434.0,12
Wholesale,Kulthi,OD19,2019-20,projected,3763.3,12
Wholesale,Kulthi,OD19,2020-21,projected,4124.18,12
Wholesale,Kulthi,OD19,2021-22,projected,4519.66,12
Wholesale,Kulthi,OD19,2022-23,projected,4953.06,12
Wholesale,Kulthi,OD19,2023-24,projected,5428.03,12
Wholesale,Kulthi,OD19,2024-25,projected,5948.55,12
Wholesale,Kulthi,OD20,2013-14,published,2606.0,12
Wholesale,Kulthi,OD20,2014-15,published,2745.0,12
Wholesale,Kulthi,OD20,2015-16,published,3221.0,12
Wholesale,Kulthi,OD20,2016-17,published,3270.0,12
Wholesale,Kulthi,OD20,2017-18,published,3508.0,12
Wholesale,Kulthi,OD20,2018-19,published,5600.0,12
Wholesale,Kulthi,OD20,2019-20,projected,6137.0,12
Wholesale,Kulthi,OD20,2020-21,projected,6725.5,12
Wholesale,Kulthi,OD20,2021-22,projected,7370.44,12
Wholesale,Kulthi,OD20,2022-23,projected,8077.22,12
Wholesale,Kulthi,OD20,2023-24,projected,8851.77,12
Wholesale,Kulthi,OD20,2024-25,projected,9700.6,12
Wholesale,Kulthi,OD21,2013-14,published,2596.0,12
Wholesale,Kulthi,OD21,2014-15,published,2873.0,12
Wholesale,Kulthi,OD21,2015-16,published,3357.0,12
Wholesale,Kulthi,OD21,2016-17,published,3350.0,12
Wholesale,Kulthi,OD21,2017-18,published,3611.0,12
Wholesale,Kulthi,OD21,2018-19,published,4825.0,12
Wholesale,Kulthi,OD21,2019-20,projected,5287.69,12
Wholesale,Kulthi,OD21,2020-21,projected,5794.74,12
Wholesale,Kulthi,OD21,2021-22,projected,6350.42,12
Wholesale,Kulthi,OD21,2022-23,projected,6959.39,12
Wholesale,Kulthi,OD21,2023-24,projected,7626.75,12
Wholesale,Kulthi,OD21,2024-25,projected,8358.1,12
Wholesale,Kulthi,OD22,2013-14,published,2827.0,12
Wholesale,Kulthi,OD22,2014-15,published,3038.0,12
Wholesale,Kulthi,OD22,2015-16,published,3183.0,12
Wholesale,Kulthi,OD22,2016-17,published,3255.0,12
Wholesale,Kulthi,OD22,2017-18,published,3500.0,12
Wholesale,Kulthi,OD22,2018-19,published,4145.0,12
Wholesale,Kulthi,OD22,2019-20,projected,4542.48,12
Wholesale,Kulthi,OD22,2020-21,projected,4978.07,12
Wholesale,Kulthi,OD22,2021-22,projected,5455.44,12
Wholesale,Kulthi,OD22,2022-23,projected,5978.58,12
Wholesale,Kulthi,OD22,2023-24,projected,6551.89,12
Wholesale,Kulthi,OD22,2024-25,projected,7180.17,12
Wholesale,Kulthi,OD23,2013-14,published,2756.0,12
Wholesale,Kulthi,OD23,2014-15,published,2900.0,12
Wholesale,Kulthi,OD23,2015-16,published,3099.0,12
Wholesale,Kulthi,OD23,2016-17,published,3200.0,12
Wholesale,Kulthi,OD23,2017-18,published,3510.0,12
Wholesale,Kulthi,OD23,2018-19,published,4472.0,12
Wholesale,Kulthi,OD23,2019-20,projected,4900.84,12
Wholesale,Kulthi,OD23,2020-21,projected,5370.8,12
Wholesale,Kulthi,OD23,2021-22,projected,5885.82,12
Wholesale,Kulthi,OD23,2022-23,projected,6450.23,12
Wholesale,Kulthi,OD23,2023-24,projected,7068.77,12
Wholesale,Kulthi,OD23,2024-25,projected,7746.62,12
Wholesale,Kulthi,OD24,2013-14,published,2508.0,12
Wholesale,Kulthi,OD24,2014-15,published,2750.0,12
Wholesale,Kulthi,OD24,2015-16,published,3021.0,12
Wholesale,Kulthi,OD24,2016-17,published,3302.0,12
Wholesale,Kulthi,OD24,2017-18,published,3556.0,12
Wholesale,Kulthi,OD24,2018-19,published,2830.0,12
Wholesale,Kulthi,OD24,2019-20,projected,3101.38,12
Wholesale,Kulthi,OD24,2020-21,projected,3398.78,12
Wholesale,Kulthi,OD24,2021-22,projected,3724.7,12
Wholesale,Kulthi,OD24,2022-23,projected,4081.88,12
Wholesale,Kulthi,OD24,2023-24,projected,4473.3,12
Wholesale,Kulthi,OD24,2024-25,projected,4902.27,12
Wholesale,Kulthi,OD25,2013-14,published,2872.0,12
Wholesale,Kulthi,OD25,2014-15,published,3028.0,12
Wholesale,Kulthi,OD25,2015-16,published,3409.0,12
Wholesale,Kulthi,OD25,2016-17,published,3440.0,12
Wholesale,Kulthi,OD25,2017-18,published,3708.0,12
Wholesale,Kulthi,OD25,2018-19,published,4721.0,12
Wholesale,Kulthi,OD25,2019-20,projected,5173.71,12
Wholesale,Kulthi,OD25,2020-21,projected,5669.84,12
Wholesale,Kulthi,OD25,2021-22,projected,6213.54,12
Wholesale,Kulthi,OD25,2022-23,projected,6809.38,12
Wholesale,Kulthi,OD25,2023-24,projected,7462.36,12
Wholesale,Kulthi,OD25,2024-25,projected,8177.95,12
Wholesale,Kulthi,OD26,2013-14,published,2667.0,12
Wholesale,Kulthi,OD26,2014-15,published,2800.0,12
Wholesale,Kulthi,OD26,2015-16,published,3099.0,12
Wholesale,Kulthi,OD26,2016-17,published,3167.0,12
Wholesale,Kulthi,OD26,2017-18,published,3133.0,12
Wholesale,Kulthi,OD26,2018-19,published,2878.0,12
Wholesale,Kulthi,OD26,2019-20,projected,3153.98,12
Wholesale,Kulthi,OD26,2020-21,projected,3456.43,12
Wholesale,Kulthi,OD26,2021-22,projected,3787.88,12
Wholesale,Kulthi,OD26,2022-23,projected,4151.11,12
Wholesale,Kulthi,OD26,2023-24,projected,4549.18,12
Wholesale,Kulthi,OD26,2024-25,projected,4985.41,12
Wholesale,Kulthi,OD27,2013-14,published,2667.0,12
Wholesale,Kulthi,OD27,2014-15,published,2750.0,12
Wholesale,Kulthi,OD27,2015-16,published,3340.0,12
Wholesale,Kulthi,OD27,2016-17,published,3321.0,12
Wholesale,Kulthi,OD27,2017-18,published,3567.0,12
Wholesale,Kulthi,OD27,2018-19,published,3200.0,12
Wholesale,Kulthi,OD27,2019-20,projected,3506.86,12
Wholesale,Kulthi,OD27,2020-21,projected,3843.15,12
Wholesale,Kulthi,OD27,2021-22,projected,4211.68,12
Wholesale,Kulthi,OD27,2022-23,projected,4615.55,12
Wholesale,Kulthi,OD27,2023-24,projected,5058.15,12
Wholesale,Kulthi,OD27,2024-25,projected,5543.2,12
Wholesale,Kulthi,OD28,2013-14,published,2500.0,12
Wholesale,Kulthi,OD28,2014-15,published,3007.0,12
Wholesale,Kulthi,OD28,2015-16,published,3397.0,12
Wholesale,Kulthi,OD28,2016-17,published,3421.0,12
Wholesale,Kulthi,OD28,2017-18,published,3717.0,12
Wholesale,Kulthi,OD28,2018-19,published,3708.0,12
Wholesale,Kulthi,OD28,2019-20,projected,4063.57,12
Wholesale,Kulthi,OD28,2020-21,projected,4453.24,12
Wholesale,Kulthi,OD28,2021-22,projected,4880.28,12
Wholesale,Kulthi,OD28,2022-23,projected,5348.27,12
Wholesale,Kulthi,OD28,2023-24,projected,5861.14,12
Wholesale,Kulthi,OD28,2024-25,projected,6423.18,12
Wholesale,Kulthi,OD29,2013-14,published,2580.0,12
Wholesale,Kulthi,OD29,2014-15,published,2900.0,12
Wholesale,Kulthi,OD29,2015-16,published,3409.0,12
Wholesale,Kulthi,OD29,2016-17,published,3417.0,12
Wholesale,Kulthi,OD29,2017-18,published,3740.0,12
Wholesale,Kulthi,OD29,2018-19,published,3333.0,12
Wholesale,Kulthi,OD29,2019-20,projected,3652.61,12
Wholesale,Kulthi,OD29,2020-21,projected,4002.88,12
Wholesale,Kulthi,OD29,2021-22,projected,4386.73,12
Wholesale,Kulthi,OD29,2022-23,projected,4807.39,12
Wholesale,Kulthi,OD29,2023-24,projected,5268.38,12
Wholesale,Kulthi,OD29,2024-25,projected,5773.59,12
Wholesale,Kulthi,OD30,2013-14,published,2620.0,12
Wholesale,Kulthi,OD30,2014-15,published,2900.0,12
Wholesale,Kulthi,OD30,2015-16,published,3564.0,12
Wholesale,Kulthi,OD30,2016-17,published,3500.0,12
Wholesale,Kulthi,OD30,2017-18,published,3792.0,12
Wholesale,Kulthi,OD30,2018-19,published,5038.0,12
Wholesale,Kulthi,OD30,2019-20,projected,5521.11,12
Wholesale,Kulthi,OD30,2020-21,projected,6050.55,12
Wholesale,Kulthi,OD30,2021-22,projected,6630.76,12
Wholesale,Kulthi,OD30,2022-23,projected,7266.61,12
Wholesale,Kulthi,OD30,2023-24,projected,7963.43,12
Wholesale,Kulthi,OD30,2024-25,projected,8727.07,12
Wholesale,Linseed,OD13,2013-14,published,2533.0,12
Wholesale,Linseed,OD13,2014-15,published,2837.0,12
Wholesale,Linseed,OD13,2015-16,published,2859.0,12
Wholesale,Linseed,OD13,2019-20,projected,3037.25,12
Wholesale,Linseed,OD13,2020-21,projected,3226.7,12
Wholesale,Linseed,OD13,2021-22,projected,3427.96,12
Wholesale,Linseed,OD13,2022-23,projected,3641.79,12
Wholesale,Linseed,OD13,2023-24,projected,3868.95,12
Wholesale,Linseed,OD13,2024-25,projected,4110.28,12
Wholesale,Linseed,OD15,2013-14,published,2478.0,12
Wholesale,Linseed,OD15,2014-15,published,2775.0,12
Wholesale,Linseed,OD15,2015-16,published,2797.0,12
Wholesale,Linseed,OD15,2019-20,projected,2971.18,12
Wholesale,Linseed,OD15,2020-21,projected,3156.51,12
Wholesale,Linseed,OD15,2021-22,projected,3353.4,12
Wholesale,Linseed,OD15,2022-23,projected,3562.57,12
Wholesale,Linseed,OD15,2023-24,projected,3784.79,12
Wholesale,Linseed,OD15,2024-25,projected,4020.87,12
Wholesale,Linseed,OD18,2013-14,published,2470.0,12
Wholesale,Linseed,OD18,2014-15,published,2766.0,12
Wholesale,Linseed,OD18,2015-16,published,2788.0,12
Wholesale,Linseed,OD18,2019-20,projected,2961.59,12
Wholesale,Linseed,OD18,2020-21,projected,3146.32,12
Wholesale,Linseed,OD18,2021-22,projected,3342.57,12
Wholesale,Linseed,OD18,2022-23,projected,3551.07,12
Wholesale,Linseed,OD18,2023-24,projected,3772.57,12
Wholesale,Linseed,OD18,2024-25,projected,4007.89,12
Wholesale,Linseed,OD19,2013-14,published,2600.0,12
Wholesale,Linseed,OD19,2014-15,published,2912.0,12
Wholesale,Linseed,OD19,2015-16,published,2934.0,12
Wholesale,Linseed,OD19,2019-20,projected,3117.35,12
Wholesale,Linseed,OD19,2020-21,projected,3311.8,12
Wholesale,Linseed,OD19,2021-22,projected,3518.37,12
Wholesale,Linseed,OD19,2022-23,projected,3737.83,12
Wholesale,Linseed,OD19,2023-24,projected,3970.98,12
Wholesale,Linseed,OD19,2024-25,projected,4218.68,12
Wholesale,Linseed,OD20,2013-14,published,2470.0,12
Wholesale,Linseed,OD20,2014-15,published,2766.0,12
Wholesale,Linseed,OD20,2015-16,published,2788.0,12
Wholesale,Linseed,OD20,2019-20,projected,2961.59,12
Wholesale,Linseed,OD20,2020-21,projected,3146.32,12
Wholesale,Linseed,OD20,2021-22,projected,3342.57,12
Wholesale,Linseed,OD20,2022-23,projected,3551.07,12
Wholesale,Linseed,OD20,2023-24,projected,3772.57,12
Wholesale,Linseed,OD20,2024-25,projected,4007.89,12
Wholesale,Linseed,OD21,2013-14,published,2643.0,12
Wholesale,Linseed,OD21,2014-15,published,2961.0,12
Wholesale,Linseed,OD21,2015-16,published,2983.0,12
Wholesale,Linseed,OD21,2019-20,projected,3169.37,12
Wholesale,Linseed,OD21,2020-21,projected,3367.07,12
Wholesale,Linseed,OD21,2021-22,projected,3577.09,12
Wholesale,Linseed,OD21,2022-23,projected,3800.21,12
Wholesale,Linseed,OD21,2023-24,projected,4037.26,12
Wholesale,Linseed,OD21,2024-25,projected,4289.08,12
Wholesale,Linseed,OD22,2013-14,published,2420.0,12
Wholesale,Linseed,OD22,2014-15,published,2710.0,12
Wholesale,Linseed,OD22,2015-16,published,2731.0,12
Wholesale,Linseed,OD22,2019-20,projected,2901.43,12
Wholesale,Linseed,OD22,2020-21,projected,3082.41,12
Wholesale,Linseed,OD22,2021-22,projected,3274.68,12
Wholesale,Linseed,OD22,2022-23,projected,3478.94,12
Wholesale,Linseed,OD22,2023-24,projected,3695.94,12
Wholesale,Linseed,OD22,2024-25,projected,3926.48,12
Wholesale,Linseed,OD23,2013-14,published,2465.0,12
Wholesale,Linseed,OD23,2014-15,published,2761.0,12
Wholesale,Linseed,OD23,2015-16,published,2782.0,12
Wholesale,Linseed,OD23,2019-20,projected,2955.68,12
Wholesale,Linseed,OD23,2020-21,projected,3140.04,12
Wholesale,Linseed,OD23,2021-22,projected,3335.9,12
Wholesale,Linseed,OD23,2022-23,projected,3543.98,12
Wholesale,Linseed,OD23,2023-24,projected,3765.04,12
Wholesale,Linseed,OD23,2024-25,projected,3999.89,12
Wholesale,Linseed,OD24,2013-14,published,2603.0,12
Wholesale,Linseed,OD24,2014-15,published,2915.0,12
Wholesale,Linseed,OD24,2015-16,published,2938.0,12
Wholesale,Linseed,OD24,2019-20,projected,3121.03,12
Wholesale,Linseed,OD24,2020-21,projected,3315.71,12
Wholesale,Linseed,OD24,2021-22,projected,3522.53,12
Wholesale,Linseed,OD24,2022-23,projected,3742.25,12
Wholesale,Linseed,OD24,2023-24,projected,3975.68,12
Wholesale,Linseed,OD24,2024-25,projected,4223.67,12
Wholesale,Linseed,OD25,2013-14,published,2458.0,12
Wholesale,Linseed,OD25,2014-15,published,2753.0,12
Wholesale,Linseed,OD25,2015-16,published,2774.0,12
Wholesale,Linseed,OD25,2019-20,projected,2947.19,12
Wholesale,Linseed,OD25,2020-21,projected,3131.03,12
Wholesale,Linseed,OD25,2021-22,projected,3326.33,12
Wholesale,Linseed,OD25,2022-23,projected,3533.81,12
Wholesale,Linseed,OD25,2023-24,projected,3754.23,12
Wholesale,Linseed,OD25,2024-25,projected,3988.41,12
Wholesale,Linseed,OD26,2013-14,published,2656.0,12
Wholesale,Linseed,OD26,2014-15,published,2975.0,12
Wholesale,Linseed,OD26,2015-16,published,2998.0,12
Wholesale,Linseed,OD26,2019-20,projected,3184.88,12
Wholesale,Linseed,OD26,2020-21,projected,3383.54,12
Wholesale,Linseed,OD26,2021-22,projected,3594.59,12
Wholesale,Linseed,OD26,2022-23,projected,3818.8,12
Wholesale,Linseed,OD26,2023-24,projected,4057.0,12
Wholesale,Linseed,OD26,2024-25,projected,4310.06,12
Wholesale,Linseed,OD30,2013-14,published,2505.0,12
Wholesale,Linseed,OD30,2014-15,published,2806.0,12
Wholesale,Linseed,OD30,2015-16,published,2827.0,12
Wholesale,Linseed,OD30,2019-20,projected,3003.66,12
Wholesale,Linseed,OD30,2020-21,projected,3191.02,12
Wholesale,Linseed,OD30,2021-22,projected,3390.06,12
Wholesale,Linseed,OD30,2022-23,projected,3601.52,12
Wholesale,Linseed,OD30,2023-24,projected,3826.16,12
Wholesale,Linseed,OD30,2024-25,projected,4064.83,12
Wholesale,Maize,OD01,2013-14,published,1100.0,12
Wholesale,Maize,OD01,2014-15,published,1250.0,12
Wholesale,Maize,OD01,2015-16,published,1367.0,12
Wholesale,Maize,OD01,2016-17,published,1600.0,12
Wholesale,Maize,OD01,2017-18,published,1600.0,12
Wholesale,Maize,OD01,2018-19,published,1609.0,12
Wholesale,Maize,OD01,2019-20,projected,1724.84,12
Wholesale,Maize,OD01,2020-21,projected,1849.01,12
Wholesale,Maize,OD01,2021-22,projected,1982.13,12
Wholesale,Maize,OD01,2022-23,projected,2124.83,12
Wholesale,Maize,OD01,2023-24,projected,2277.8,12
Wholesale,Maize,OD01,2024-25,projected,2441.79,12
Wholesale,Maize,OD02,2013-14,published,1149.0,12
Wholesale,Maize,OD02,2014-15,published,1236.0,12
Wholesale,Maize,OD02,2015-16,published,1384.0,12
Wholesale,Maize,OD02,2016-17,published,1433.0,12
Wholesale,Maize,OD02,2017-18,published,1585.0,12
Wholesale,Maize,OD02,2018-19,published,1585.0,12
Wholesale,Maize,OD02,2019-20,projected,1699.11,12
Wholesale,Maize,OD02,2020-21,projected,1821.43,12
Wholesale,Maize,OD02,2021-22,projected,1952.56,12
Wholesale,Maize,OD02,2022-23,projected,2093.13,12
Wholesale,Maize,OD02,2023-24,projected,2243.83,12
Wholesale,Maize,OD02,2024-25,projected,2405.37,12
Wholesale,Maize,OD03,2013-14,imputed,1240.84,12
Wholesale,Maize,OD03,2014-15,published,1270.0,12
Wholesale,Maize,OD03,2015-16,published,1477.0,12
Wholesale,Maize,OD03,2016-17,published,1585.0,12
Wholesale,Maize,OD03,2017-18,published,1600.0,12
Wholesale,Maize,OD03,2018-19,imputed,1756.61,12
Wholesale,Maize,OD03,2019-20,projected,1704.79,12
Wholesale,Maize,OD03,2020-21,projected,1827.52,12
Wholesale,Maize,OD03,2021-22,projected,1959.09,12
Wholesale,Maize,OD03,2022-23,projected,2100.13,12
Wholesale,Maize,OD03,2023-24,projected,2251.33,12
Wholesale,Maize,OD03,2024-25,projected,2413.41,12
Wholesale,Maize,OD04,2013-14,published,1300.0,12
Wholesale,Maize,OD04,2014-15,published,1300.0,12
Wholesale,Maize,OD04,2015-16,published,1422.0,12
Wholesale,Maize,OD04,2016-17,published,1650.0,12
Wholesale,Maize,OD04,2017-18,published,1675.0,12
Wholesale,Maize,OD04,2018-19,published,1908.0,12
Wholesale,Maize,OD04,2019-20,projected,2045.36,12
Wholesale,Maize,OD04,2020-21,projected,2192.61,12
Wholesale,Maize,OD04,2021-22,projected,2350.47,12
Wholesale,Maize,OD04,2022-23,projected,2519.68,12
Wholesale,Maize,OD04,2023-24,projected,2701.08,12
Wholesale,Maize,OD04,2024-25,projected,2895.54,12
Wholesale,Maize,OD05,2013-14,imputed,1306.81,12
Wholesale,Maize,OD05,2014-15,imputed,1384.17,12
Wholesale,Maize,OD05,2015-16,imputed,1558.12,12
Wholesale,Maize,OD05,2016-17,imputed,1621.81,12
Wholesale,Maize,OD05,2017-18,imputed,1674.85,12
Wholesale,Maize,OD05,2018-19,published,1850.0,12
Wholesale,Maize,OD05,2019-20,projected,1983.19,12
Wholesale,Maize,OD05,2020-21,projected,2125.96,12
Wholesale,Maize,OD05,2021-22,projected,2279.02,12
Wholesale,Maize,OD05,2022-23,projected,2443.09,12
Wholesale,Maize,OD05,2023-24,projected,2618.98,12
Wholesale,Maize,OD05,2024-25,projected,2807.52,12
Wholesale,Maize,OD06,2013-14,imputed,1155.23,12
Wholesale,Maize,OD06,2014-15,imputed,1223.61,12
Wholesale,Maize,OD06,2015-16,imputed,1377.39,12
Wholesale,Maize,OD06,2016-17,published,1400.0,12
Wholesale,Maize,OD06,2017-18,published,1475.0,12
Wholesale,Maize,OD06,2018-19,published,1680.0,12
Wholesale,Maize,OD06,2019-20,projected,1800.95,12
Wholesale,Maize,OD06,2020-21,projected,1930.6,12
Wholesale,Maize,OD06,2021-22,projected,2069.59,12
Wholesale,Maize,OD06,2022-23,projected,2218.59,12
Wholesale,Maize,OD06,2023-24,projected,2378.31,12
Wholesale,Maize,OD06,2024-25,projected,2549.54,12
Wholesale,Maize,OD07,2013-14,published,1350.0,12
Wholesale,Maize,OD07,2014-15,published,1375.0,12
Wholesale,Maize,OD07,2015-16,published,1531.0,12
Wholesale,Maize,OD07,2016-17,published,1633.0,12
Wholesale,Maize,OD07,2017-18,published,1650.0,12
Wholesale,Maize,OD07,2018-19,imputed,1850.4,12
Wholesale,Maize,OD07,2019-20,projected,1795.82,12
Wholesale,Maize,OD07,2020-21,projected,1925.1,12
Wholesale,Maize,OD07,2021-22,projected,2063.7,12
Wholesale,Maize,OD07,2022-23,projected,2212.27,12
Wholesale,Maize,OD07,2023-24,projected,2371.54,12
Wholesale,Maize,OD07,2024-25,projected,2542.27,12
Wholesale,Maize,OD08,2013-14,imputed,1191.64,12
Wholesale,Maize,OD08,2014-15,imputed,1262.18,12
Wholesale,Maize,OD08,2015-16,imputed,1420.8,12
Wholesale,Maize,OD08,2016-17,published,1450.0,12
Wholesale,Maize,OD08,2017-18,published,1500.0,12
Wholesale,Maize,OD08,2018-19,published,1750.0,12
Wholesale,Maize,OD08,2019-20,projected,1875.99,12
Wholesale,Maize,OD08,2020-21,projected,2011.05,12
Wholesale,Maize,OD08,2021-22,projected,2155.83,12
Wholesale,Maize,OD08,2022-23,projected,2311.03,12
Wholesale,Maize,OD08,2023-24,projected,2477.41,12
Wholesale,Maize,OD08,2024-25,projected,2655.77,12
Wholesale,Maize,OD09,2013-14,published,1200.0,12
Wholesale,Maize,OD09,2014-15,published,1250.0,12
Wholesale,Maize,OD09,2015-16,published,1422.0,12
Wholesale,Maize,OD09,2016-17,published,1642.0,12
Wholesale,Maize,OD09,2017-18,published,1678.0,12
Wholesale,Maize,OD09,2018-19,published,1813.0,12
Wholesale,Maize,OD09,2019-20,projected,1943.52,12
Wholesale,Maize,OD09,2020-21,projected,2083.44,12
Wholesale,Maize,OD09,2021-22,projected,2233.44,12
Wholesale,Maize,OD09,2022-23,projected,2394.23,12
Wholesale,Maize,OD09,2023-24,projected,2566.6,12
Wholesale,Maize,OD09,2024-25,projected,2751.37,12
Wholesale,Maize,OD10,2013-14,published,1217.0,12
Wholesale,Maize,OD10,2014-15,published,1307.0,12
Wholesale,Maize,OD10,2015-16,published,1422.0,12
Wholesale,Maize,OD10,2016-17,published,1427.0,12
Wholesale,Maize,OD10,2017-18,published,1423.0,12
Wholesale,Maize,OD10,2018-19,published,1500.0,12
Wholesale,Maize,OD10,2019-20,projected,1607.99,12
Wholesale,Maize,OD10,2020-21,projected,1723.75,12
Wholesale,Maize,OD10,2021-22,projected,1847.85,12
Wholesale,Maize,OD10,2022-23,projected,1980.88,12
Wholesale,Maize,OD10,2023-24,projected,2123.49,12
Wholesale,Maize,OD10,2024-25,projected,2276.37,12
Wholesale,Maize,OD11,2013-14,published,1300.0,12
Wholesale,Maize,OD11,2014-15,published,1325.0,12
Wholesale,Maize,OD11,2015-16,published,1449.0,12
Wholesale,Maize,OD11,2016-17,published,1467.0,12
Wholesale,Maize,OD11,2017-18,published,1580.0,12
Wholesale,Maize,OD11,2018-19,published,1600.0,12
Wholesale,Maize,OD11,2019-20,projected,1715.19,12
Wholesale,Maize,OD11,2020-21,projected,1838.67,12
Wholesale,Maize,OD11,2021-22,projected,1971.04,12
Wholesale,Maize,OD11,2022-23,projected,2112.94,12
Wholesale,Maize,OD11,2023-24,projected,2265.06,12
Wholesale,Maize,OD11,2024-25,projected,2428.13,12
Wholesale,Maize,OD12,2013-14,published,1330.0,12
Wholesale,Maize,OD12,2014-15,published,1375.0,12
Wholesale,Maize,OD12,2015-16,published,1477.0,12
Wholesale,Maize,OD12,2016-17,published,1575.0,12
Wholesale,Maize,OD12,2017-18,imputed,1645.62,12
Wholesale,Maize,OD12,2018-19,imputed,1817.72,12
Wholesale,Maize,OD12,2019-20,projected,1708.23,12
Wholesale,Maize,OD12,2020-21,projected,1831.21,12
Wholesale,Maize,OD12,2021-22,projected,1963.04,12
Wholesale,Maize,OD12,2022-23,projected,2104.37,12
Wholesale,Maize,OD12,2023-24,projected,2255.87,12
Wholesale,Maize,OD12,2024-25,projected,2418.28,12
Wholesale,Maize,OD13,2013-14,imputed,1154.26,12
Wholesale,Maize,OD13,2014-15,imputed,1222.59,12
Wholesale,Maize,OD13,2015-16,imputed,1376.23,12
Wholesale,Maize,OD13,2016-17,published,1550.0,12
Wholesale,Maize,OD13,2017-18,imputed,1479.34,12
Wholesale,Maize,OD13,2018-19,published,1500.0,12
Wholesale,Maize,OD13,2019-20,projected,1607.99,12
Wholesale,Maize,OD13,2020-21,projected,1723.75,12
Wholesale,Maize,OD13,2021-22,projected,1847.85,12
Wholesale,Maize,OD13,2022-23,projected,1980.88,12
Wholesale,Maize,OD13,2023-24,projected,2123.49,12
Wholesale,Maize,OD13,2024-25,projected,2276.37,12
Wholesale,Maize,OD14,2013-14,published,1325.0,12
Wholesale,Maize,OD14,2014-15,published,1340.0,12
Wholesale,Maize,OD14,2015-16,published,1444.0,12
Wholesale,Maize,OD14,2016-17,published,1487.0,12
Wholesale,Maize,OD14,2017-18,published,1600.0,12
Wholesale,Maize,OD14,2018-19,published,1500.0,12
Wholesale,Maize,OD14,2019-20,projected,1607.99,12
Wholesale,Maize,OD14,2020-21,projected,1723.75,12
Wholesale,Maize,OD14,2021-22,projected,1847.85,12
Wholesale,Maize,OD14,2022-23,projected,1980.88,12
Wholesale,Maize,OD14,2023-24,projected,2123.49,12
Wholesale,Maize,OD14,2024-25,projected,2276.37,12
Wholesale,Maize,OD15,2013-14,published,1120.0,12
Wholesale,Maize,OD15,2014-15,published,1250.0,12
Wholesale,Maize,OD15,2015-16,published,1422.0,12
Wholesale,Maize,OD15,2016-17,published,1425.0,12
Wholesale,Maize,OD15,2017-18,published,1425.0,12
Wholesale,Maize,OD15,2018-19,published,1480.0,12
Wholesale,Maize,OD15,2019-20,projected,1586.55,12
Wholesale,Maize,OD15,2020-21,projected,1700.77,12
Wholesale,Maize,OD15,2021-22,projected,1823.21,12
Wholesale,Maize,OD15,2022-23,projected,1954.47,12
Wholesale,Maize,OD15,2023-24,projected,2095.18,12
Wholesale,Maize,OD15,2024-25,projected,2246.02,12
Wholesale,Maize,OD16,2013-14,published,1317.0,12
Wholesale,Maize,OD16,2014-15,published,1367.0,12
Wholesale,Maize,OD16,2015-16,published,1504.0,12
Wholesale,Maize,OD16,2016-17,published,1545.0,12
Wholesale,Maize,OD16,2017-18,published,1600.0,12
Wholesale,Maize,OD16,2018-19,published,1600.0,12
Wholesale,Maize,OD16,2019-20,projected,1715.19,12
Wholesale,Maize,OD16,2020-21,projected,1838.67,12
Wholesale,Maize,OD16,2021-22,projected,1971.04,12
Wholesale,Maize,OD16,2022-23,projected,2112.94,12
Wholesale,Maize,OD16,2023-24,projected,2265.06,12
Wholesale,Maize,OD16,2024-25,projected,2428.13,12
Wholesale,Maize,OD18,2013-14,published,1200.0,12
Wholesale,Maize,OD18,2014-15,published,1350.0,12
Wholesale,Maize,OD18,2015-16,published,1477.0,12
Wholesale,Maize,OD18,2016-17,published,1533.0,12
Wholesale,Maize,OD18,2017-18,published,1586.0,12
Wholesale,Maize,OD18,2018-19,published,1720.0,12
Wholesale,Maize,OD18,2019-20,projected,1843.83,12
Wholesale,Maize,OD18,2020-21,projected,1976.57,12
Wholesale,Maize,OD18,2021-22,projected,2118.87,12
Wholesale,Maize,OD18,2022-23,projected,2271.41,12
Wholesale,Maize,OD18,2023-24,projected,2434.94,12
Wholesale,Maize,OD18,2024-25,projected,2610.24,12
Wholesale,Maize,OD19,2013-14,imputed,1237.28,12
Wholesale,Maize,OD19,2014-15,imputed,1310.52,12
Wholesale,Maize,OD19,2015-16,imputed,1475.22,12
Wholesale,Maize,OD19,2016-17,published,1650.0,12
Wholesale,Maize,OD19,2017-18,published,1650.0,12
Wholesale,Maize,OD19,2018-19,published,1550.0,12
Wholesale,Maize,OD19,2019-20,projected,1661.59,12
Wholesale,Maize,OD19,2020-21,projected,1781.21,12
Wholesale,Maize,OD19,2021-22,projected,1909.45,12
Wholesale,Maize,OD19,2022-23,projected,2046.91,12
Wholesale,Maize,OD19,2023-24,projected,2194.28,12
Wholesale,Maize,OD19,2024-25,projected,2352.25,12
Wholesale,Maize,OD20,2013-14,published,1218.0,12
Wholesale,Maize,OD20,2014-15,published,1300.0,12
Wholesale,Maize,OD20,2015-16,published,1444.0,12
Wholesale,Maize,OD20,2016-17,published,1448.0,12
Wholesale,Maize,OD20,2017-18,published,1600.0,12
Wholesale,Maize,OD20,2018-19,published,1600.0,12
Wholesale,Maize,OD20,2019-20,projected,1715.19,12
Wholesale,Maize,OD20,2020-21,projected,1838.67,12
Wholesale,Maize,OD20,2021-22,projected,1971.04,12
Wholesale,Maize,OD20,2022-23,projected,2112.94,12
Wholesale,Maize,OD20,2023-24,projected,2265.06,12
Wholesale,Maize,OD20,2024-25,projected,2428.13,12
Wholesale,Maize,OD21,2013-14,published,1175.0,12
Wholesale,Maize,OD21,2014-15,published,1300.0,12
Wholesale,Maize,OD21,2015-16,published,1477.0,12
Wholesale,Maize,OD21,2016-17,published,1480.0,12
Wholesale,Maize,OD21,2017-18,published,1600.0,12
Wholesale,Maize,OD21,2018-19,published,2000.0,12
Wholesale,Maize,OD21,2019-20,projected,2143.99,12
Wholesale,Maize,OD21,2020-21,projected,2298.34,12
Wholesale,Maize,OD21,2021-22,projected,2463.8,12
Wholesale,Maize,OD21,2022-23,projected,2641.18,12
Wholesale,Maize,OD21,2023-24,projected,2831.33,12
Wholesale,Maize,OD21,2024-25,projected,3035.16,12
Wholesale,Maize,OD22,2013-14,published,1176.0,12
Wholesale,Maize,OD22,2014-15,published,1300.0,12
Wholesale,Maize,OD22,2015-16,published,1404.0,12
Wholesale,Maize,OD22,2016-17,published,1400.0,12
Wholesale,Maize,OD22,2017-18,published,1545.0,12
Wholesale,Maize,OD22,2018-19,published,1919.0,12
Wholesale,Maize,OD22,2019-20,projected,2057.15,12
Wholesale,Maize,OD22,2020-21,projected,2205.26,12
Wholesale,Maize,OD22,2021-22,projected,2364.02,12
Wholesale,Maize,OD22,2022-23,projected,2534.21,12
Wholesale,Maize,OD22,2023-24,projected,2716.66,12
Wholesale,Maize,OD22,2024-25,projected,2912.24,12
Wholesale,Maize,OD23,2013-14,published,1115.0,12
Wholesale,Maize,OD23,2014-15,published,1200.0,12
Wholesale,Maize,OD23,2015-16,published,1280.0,12
Wholesale,Maize,OD23,2016-17,published,1300.0,12
Wholesale,Maize,OD23,2017-18,published,1290.0,12
Wholesale,Maize,OD23,2018-19,published,1650.0,12
Wholesale,Maize,OD23,2019-20,projected,1768.79,12
Wholesale,Maize,OD23,2020-21,projected,1896.13,12
Wholesale,Maize,OD23,2021-22,projected,2032.64,12
Wholesale,Maize,OD23,2022-23,projected,2178.97,12
Wholesale,Maize,OD23,2023-24,projected,2335.84,12
Wholesale,Maize,OD23,2024-25,projected,2504.01,12
Wholesale,Maize,OD24,2013-14,published,1325.0,12
Wholesale,Maize,OD24,2014-15,published,1380.0,12
Wholesale,Maize,OD24,2015-16,published,1311.0,12
Wholesale,Maize,OD24,2016-17,published,1605.0,12
Wholesale,Maize,OD24,2017-18,published,1744.0,12
Wholesale,Maize,OD24,2018-19,published,2067.0,12
Wholesale,Maize,OD24,2019-20,projected,2215.81,12
Wholesale,Maize,OD24,2020-21,projected,2375.33,12
Wholesale,Maize,OD24,2021-22,projected,2546.34,12
Wholesale,Maize,OD24,2022-23,projected,2729.66,12
Wholesale,Maize,OD24,2023-24,projected,2926.18,12
Wholesale,Maize,OD24,2024-25,projected,3136.84,12
Wholesale,Maize,OD25,2013-14,published,1075.0,12
Wholesale,Maize,OD25,2014-15,published,1250.0,12
Wholesale,Maize,OD25,2015-16,imputed,1442.18,12
Wholesale,Maize,OD25,2016-17,imputed,1501.13,12
Wholesale,Maize,OD25,2017-18,published,1500.0,12
Wholesale,Maize,OD25,2018-19,published,2000.0,12
Wholesale,Maize,OD25,2019-20,projected,2143.99,12
Wholesale,Maize,OD25,2020-21,projected,2298.34,12
Wholesale,Maize,OD25,2021-22,projected,2463.8,12
Wholesale,Maize,OD25,2022-23,projected,2641.18,12
Wholesale,Maize,OD25,2023-24,projected,2831.33,12
Wholesale,Maize,OD25,2024-25,projected,3035.16,12
Wholesale,Maize,OD27,2013-14,published,1241.0,12
Wholesale,Maize,OD27,2014-15,published,1255.0,12
Wholesale,Maize,OD27,2015-16,published,1257.0,12
Wholesale,Maize,OD27,2016-17,published,1258.0,12
Wholesale,Maize,OD27,2017-18,published,1382.0,12
Wholesale,Maize,OD27,2018-19,published,1697.0,12
Wholesale,Maize,OD27,2019-20,projected,1819.17,12
Wholesale,Maize,OD27,2020-21,projected,1950.14,12
Wholesale,Maize,OD27,2021-22,projected,2090.54,12
Wholesale,Maize,OD27,2022-23,projected,2241.04,12
Wholesale,Maize,OD27,2023-24,projected,2402.38,12
Wholesale,Maize,OD27,2024-25,projected,2575.33,12
Wholesale,Maize,OD28,2013-14,published,1263.0,12
Wholesale,Maize,OD28,2014-15,published,1300.0,12
Wholesale,Maize,OD28,2015-16,published,2363.0,12
Wholesale,Maize,OD28,2016-17,published,1900.0,12
Wholesale,Maize,OD28,2017-18,published,1900.0,12
Wholesale,Maize,OD28,2018-19,published,2100.0,12
Wholesale,Maize,OD28,2019-20,projected,2251.19,12
Wholesale,Maize,OD28,2020-21,projected,2413.26,12
Wholesale,Maize,OD28,2021-22,projected,2586.99,12
Wholesale,Maize,OD28,2022-23,projected,2773.24,12
Wholesale,Maize,OD28,2023-24,projected,2972.89,12
Wholesale,Maize,OD28,2024-25,projected,3186.92,12
Wholesale,Maize,OD29,2013-14,published,1367.0,12
Wholesale,Maize,OD29,2014-15,published,1385.0,12
Wholesale,Maize,OD29,2015-16,imputed,1591.38,12
Wholesale,Maize,OD29,2016-17,published,1650.0,12
Wholesale,Maize,OD29,2017-18,imputed,1710.6,12
Wholesale,Maize,OD29,2018-19,imputed,1889.5,12
Wholesale,Maize,OD29,2019-20,projected,1775.68,12
Wholesale,Maize,OD29,2020-21,projected,1903.52,12
Wholesale,Maize,OD29,2021-22,projected,2040.56,12
Wholesale,Maize,OD29,2022-23,projected,2187.47,12
Wholesale,Maize,OD29,2023-24,projected,2344.95,12
Wholesale,Maize,OD29,2024-25,projected,2513.77,12
Wholesale,Maize,OD30,2013-14,published,1200.0,12
Wholesale,Maize,OD30,2014-15,imputed,1396.04,12
Wholesale,Maize,OD30,2015-16,imputed,1571.48,12
Wholesale,Maize,OD30,2016-17,published,1600.0,12
Wholesale,Maize,OD30,2017-18,published,1650.0,12
Wholesale,Maize,OD30,2018-19,published,2117.0,12
Wholesale,Maize,OD30,2019-20,projected,2269.41,12
Wholesale,Maize,OD30,2020-21,projected,2432.79,12
Wholesale,Maize,OD30,2021-22,projected,2607.93,12
Wholesale,Maize,OD30,2022-23,projected,2795.69,12
Wholesale,Maize,OD30,2023-24,projected,2996.96,12
Wholesale,Maize,OD30,2024-25,projected,3212.72,12
Wholesale,Mung,OD01,2013-14,published,5092.0,12
Wholesale,Mung,OD01,2014-15,published,5781.0,12
Wholesale,Mung,OD01,2015-16,published,6171.0,12
Wholesale,Mung,OD01,2016-17,published,6474.0,12
Wholesale,Mung,OD01,2017-18,published,6200.0,12
Wholesale,Mung,OD01,2018-19,published,6508.0,12
Wholesale,Mung,OD01,2019-20,projected,6772.14,12
Wholesale,Mung,OD01,2020-21,projected,7047.0,12
Wholesale,Mung,OD01,2021-22,projected,7333.01,12
Wholesale,Mung,OD01,2022-23,projected,7630.64,12
Wholesale,Mung,OD01,2023-24,projected,7940.34,12
Wholesale,Mung,OD01,2024-25,projected,8262.61,12
Wholesale,Mung,OD02,2013-14,published,4833.0,12
Wholesale,Mung,OD02,2014-15,published,5380.0,12
Wholesale,Mung,OD02,2015-16,published,6184.0,12
Wholesale,Mung,OD02,2016-17,published,6489.0,12
Wholesale,Mung,OD02,2017-18,published,6306.0,12
Wholesale,Mung,OD02,2018-19,published,6306.0,12
Wholesale,Mung,OD02,2019-20,projected,6561.94,12
Wholesale,Mung,OD02,2020-21,projected,6828.27,12
Wholesale,Mung,OD02,2021-22,projected,7105.41,12
Wholesale,Mung,OD02,2022-23,projected,7393.79,12
Wholesale,Mung,OD02,2023-24,projected,7693.88,12
Wholesale,Mung,OD02,2024-25,projected,8006.15,12
Wholesale,Mung,OD03,2013-14,published,4717.0,12
Wholesale,Mung,OD03,2014-15,published,5423.0,12
Wholesale,Mung,OD03,2015-16,published,5846.0,12
Wholesale,Mung,OD03,2016-17,published,6433.0,12
Wholesale,Mung,OD03,2017-18,published,6617.0,12
Wholesale,Mung,OD03,2018-19,published,6800.0,12
Wholesale,Mung,OD03,2019-20,projected,7075.99,12
Wholesale,Mung,OD03,2020-21,projected,7363.18,12
Wholesale,Mung,OD03,2021-22,projected,7662.03,12
Wholesale,Mung,OD03,2022-23,projected,7973.01,12
Wholesale,Mung,OD03,2023-24,projected,8296.61,12
Wholesale,Mung,OD03,2024-25,projected,8633.34,12
Wholesale,Mung,OD04,2013-14,published,4743.0,12
Wholesale,Mung,OD04,2014-15,published,5375.0,12
Wholesale,Mung,OD04,2015-16,published,6033.0,12
Wholesale,Mung,OD04,2016-17,published,6475.0,12
Wholesale,Mung,OD04,2017-18,published,6400.0,12
Wholesale,Mung,OD04,2018-19,published,7446.0,12
Wholesale,Mung,OD04,2019-20,projected,7748.21,12
Wholesale,Mung,OD04,2020-21,projected,8062.68,12
Wholesale,Mung,OD04,2021-22,projected,8389.92,12
Wholesale,Mung,OD04,2022-23,projected,8730.44,12
Wholesale,Mung,OD04,2023-24,projected,9084.78,12
Wholesale,Mung,OD04,2024-25,projected,9453.51,12
Wholesale,Mung,OD05,2013-14,published,4739.0,12
Wholesale,Mung,OD05,2014-15,published,5333.0,12
Wholesale,Mung,OD05,2015-16,published,5882.0,12
Wholesale,Mung,OD05,2016-17,published,6425.0,12
Wholesale,Mung,OD05,2017-18,published,6400.0,12
Wholesale,Mung,OD05,2018-19,published,6667.0,12
Wholesale,Mung,OD05,2019-20,projected,6937.59,12
Wholesale,Mung,OD05,2020-21,projected,7219.17,12
Wholesale,Mung,OD05,2021-22,projected,7512.17,12
Wholesale,Mung,OD05,2022-23,projected,7817.06,12
Wholesale,Mung,OD05,2023-24,projected,8134.33,12
Wholesale,Mung,OD05,2024-25,projected,8464.48,12
Wholesale,Mung,OD06,2013-14,published,5172.0,12
Wholesale,Mung,OD06,2014-15,published,5717.0,12
Wholesale,Mung,OD06,2015-16,published,6335.0,12
Wholesale,Mung,OD06,2016-17,published,6500.0,12
Wholesale,Mung,OD06,2017-18,published,6433.0,12
Wholesale,Mung,OD06,2018-19,published,5906.0,12
Wholesale,Mung,OD06,2019-20,projected,6145.71,12
Wholesale,Mung,OD06,2020-21,projected,6395.14,12
Wholesale,Mung,OD06,2021-22,projected,6654.7,12
Wholesale,Mung,OD06,2022-23,projected,6924.79,12
Wholesale,Mung,OD06,2023-24,projected,7205.85,12
Wholesale,Mung,OD06,2024-25,projected,7498.31,12
Wholesale,Mung,OD07,2013-14,published,4963.0,12
Wholesale,Mung,OD07,2014-15,published,5650.0,12
Wholesale,Mung,OD07,2015-16,published,6184.0,12
Wholesale,Mung,OD07,2016-17,published,6189.0,12
Wholesale,Mung,OD07,2017-18,published,6207.0,12
Wholesale,Mung,OD07,2018-19,published,6339.0,12
Wholesale,Mung,OD07,2019-20,projected,6596.28,12
Wholesale,Mung,OD07,2020-21,projected,6864.0,12
Wholesale,Mung,OD07,2021-22,projected,7142.59,12
Wholesale,Mung,OD07,2022-23,projected,7432.48,12
Wholesale,Mung,OD07,2023-24,projected,7734.15,12
Wholesale,Mung,OD07,2024-25,projected,8048.05,12
Wholesale,Mung,OD08,2013-14,published,4900.0,12
Wholesale,Mung,OD08,2014-15,published,5450.0,12
Wholesale,Mung,OD08,2015-16,published,6234.0,12
Wholesale,Mung,OD08,2016-17,published,6611.0,12
Wholesale,Mung,OD08,2017-18,published,6341.0,12
Wholesale,Mung,OD08,2018-19,published,5604.0,12
Wholesale,Mung,OD08,2019-20,projected,5831.45,12
Wholesale,Mung,OD08,2020-21,projected,6068.13,12
Wholesale,Mung,OD08,2021-22,projected,6314.41,12
Wholesale,Mung,OD08,2022-23,projected,6570.7,12
Wholesale,Mung,OD08,2023-24,projected,6837.38,12
Wholesale,Mung,OD08,2024-25,projected,7114.89,12
Wholesale,Mung,OD09,2013-14,published,4985.0,12
Wholesale,Mung,OD09,2014-15,published,5421.0,12
Wholesale,Mung,OD09,2015-16,published,6033.0,12
Wholesale,Mung,OD09,2016-17,published,6238.0,12
Wholesale,Mung,OD09,2017-18,published,6071.0,12
Wholesale,Mung,OD09,2018-19,published,5291.0,12
Wholesale,Mung,OD09,2019-20,projected,5505.74,12
Wholesale,Mung,OD09,2020-21,projected,5729.21,12
Wholesale,Mung,OD09,2021-22,projected,5961.74,12
Wholesale,Mung,OD09,2022-23,projected,6203.7,12
Wholesale,Mung,OD09,2023-24,projected,6455.49,12
Wholesale,Mung,OD09,2024-25,projected,6717.5,12
Wholesale,Mung,OD10,2013-14,published,4800.0,12
Wholesale,Mung,OD10,2014-15,published,5280.0,12
Wholesale,Mung,OD10,2015-16,published,5899.0,12
Wholesale,Mung,OD10,2016-17,published,6100.0,12
Wholesale,Mung,OD10,2017-18,published,6320.0,12
Wholesale,Mung,OD10,2018-19,published,5739.0,12
Wholesale,Mung,OD10,2019-20,projected,5971.93,12
Wholesale,Mung,OD10,2020-21,projected,6214.31,12
Wholesale,Mung,OD10,2021-22,projected,6466.53,12
Wholesale,Mung,OD10,2022-23,projected,6728.98,12
Wholesale,Mung,OD10,2023-24,projected,7002.09,12
Wholesale,Mung,OD10,2024-25,projected,7286.28,12
Wholesale,Mung,OD11,2013-14,published,4625.0,12
Wholesale,Mung,OD11,2014-15,published,5150.0,12
Wholesale,Mung,OD11,2015-16,published,5782.0,12
Wholesale,Mung,OD11,2016-17,published,6000.0,12
Wholesale,Mung,OD11,2017-18,published,5907.0,12
Wholesale,Mung,OD11,2018-19,published,6219.0,12
Wholesale,Mung,OD11,2019-20,projected,6471.41,12
Wholesale,Mung,OD11,2020-21,projected,6734.06,12
Wholesale,Mung,OD11,2021-22,projected,7007.38,12
Wholesale,Mung,OD11,2022-23,projected,7291.78,12
Wholesale,Mung,OD11,2023-24,projected,7587.73,12
Wholesale,Mung,OD11,2024-25,projected,7895.7,12
Wholesale,Mung,OD12,2013-14,published,4870.0,12
Wholesale,Mung,OD12,2014-15,published,5667.0,12
Wholesale,Mung,OD12,2015-16,published,6159.0,12
Wholesale,Mung,OD12,2016-17,published,6207.0,12
Wholesale,Mung,OD12,2017-18,published,6048.0,12
Wholesale,Mung,OD12,2018-19,published,5958.0,12
Wholesale,Mung,OD12,2019-20,projected,6199.82,12
Wholesale,Mung,OD12,2020-21,projected,6451.45,12
Wholesale,Mung,OD12,2021-22,projected,6713.29,12
Wholesale,Mung,OD12,2022-23,projected,6985.76,12
Wholesale,Mung,OD12,2023-24,projected,7269.29,12
Wholesale,Mung,OD12,2024-25,projected,7564.33,12
Wholesale,Mung,OD13,2013-14,published,4900.0,12
Wholesale,Mung,OD13,2014-15,published,5682.0,12
Wholesale,Mung,OD13,2015-16,published,6219.0,12
Wholesale,Mung,OD13,2016-17,published,6233.0,12
Wholesale,Mung,OD13,2017-18,published,6192.0,12
Wholesale,Mung,OD13,2018-19,published,5889.0,12
Wholesale,Mung,OD13,2019-20,projected,6128.02,12
Wholesale,Mung,OD13,2020-21,projected,6376.73,12
Wholesale,Mung,OD13,2021-22,projected,6635.54,12
Wholesale,Mung,OD13,2022-23,projected,6904.86,12
Wholesale,Mung,OD13,2023-24,projected,7185.11,12
Wholesale,Mung,OD13,2024-25,projected,7476.73,12
Wholesale,Mung,OD14,2013-14,imputed,5457.08,12
Wholesale,Mung,OD14,2014-15,imputed,6196.21,12
Wholesale,Mung,OD14,2015-16,imputed,6749.93,12
Wholesale,Mung,OD14,2016-17,imputed,6982.19,12
Wholesale,Mung,OD14,2017-18,published,6533.0,12
Wholesale,Mung,OD14,2018-19,published,7100.0,12
Wholesale,Mung,OD14,2019-20,projected,7388.17,12
Wholesale,Mung,OD14,2020-21,projected,7688.03,12
Wholesale,Mung,OD14,2021-22,projected,8000.06,12
Wholesale,Mung,OD14,2022-23,projected,8324.76,12
Wholesale,Mung,OD14,2023-24,projected,8662.63,12
Wholesale,Mung,OD14,2024-25,projected,9014.22,12
Wholesale,Mung,OD15,2013-14,published,4900.0,12
Wholesale,Mung,OD15,2014-15,published,5661.0,12
Wholesale,Mung,OD15,2015-16,published,6217.0,12
Wholesale,Mung,OD15,2016-17,published,6300.0,12
Wholesale,Mung,OD15,2017-18,published,6764.0,12
Wholesale,Mung,OD15,2018-19,published,5132.0,12
Wholesale,Mung,OD15,2019-20,projected,5340.29,12
Wholesale,Mung,OD15,2020-21,projected,5557.04,12
Wholesale,Mung,OD15,2021-22,projected,5782.58,12
Wholesale,Mung,OD15,2022-23,projected,6017.28,12
Wholesale,Mung,OD15,2023-24,projected,6261.5,12
Wholesale,Mung,OD15,2024-25,projected,6515.63,12
Wholesale,Mung,OD16,2013-14,published,5178.0,12
Wholesale,Mung,OD16,2014-15,published,5736.0,12
Wholesale,Mung,OD16,2015-16,published,6134.0,12
Wholesale,Mung,OD16,2016-17,published,6569.0,12
Wholesale,Mung,OD16,2017-18,published,6900.0,12
Wholesale,Mung,OD16,2018-19,published,6900.0,12
Wholesale,Mung,OD16,2019-20,projected,7180.05,12
Wholesale,Mung,OD16,2020-21,projected,7471.46,12
Wholesale,Mung,OD16,2021-22,projected,7774.71,12
Wholesale,Mung,OD16,2022-23,projected,8090.26,12
Wholesale,Mung,OD16,2023-24,projected,8418.62,12
Wholesale,Mung,OD16,2024-25,projected,8760.3,12
Wholesale,Mung,OD17,2013-14,published,4724.0,12
Wholesale,Mung,OD17,2014-15,published,5500.0,12
Wholesale,Mung,OD17,2015-16,published,6159.0,12
Wholesale,Mung,OD17,2016-17,published,6375.0,12
Wholesale,Mung,OD17,2017-18,published,6300.0,12
Wholesale,Mung,OD17,2018-19,published,5355.0,12
Wholesale,Mung,OD17,2019-20,projected,5572.34,12
Wholesale,Mung,OD17,2020-21,projected,5798.51,12
Wholesale,Mung,OD17,2021-22,projected,6033.85,12
Wholesale,Mung,OD17,2022-23,projected,6278.74,12
Wholesale,Mung,OD17,2023-24,projected,6533.58,12
Wholesale,Mung,OD17,2024-25,projected,6798.75,12
Wholesale,Mung,OD18,2013-14,published,5400.0,12
Wholesale,Mung,OD18,2014-15,published,5900.0,12
Wholesale,Mung,OD18,2015-16,published,6267.0,12
Wholesale,Mung,OD18,2016-17,published,6300.0,12
Wholesale,Mung,OD18,2017-18,published,6833.0,12
Wholesale,Mung,OD18,2018-19,published,5741.0,12
Wholesale,Mung,OD18,2019-20,projected,5974.01,12
Wholesale,Mung,OD18,2020-21,projected,6216.47,12
Wholesale,Mung,OD18,2021-22,projected,6468.78,12
Wholesale,Mung,OD18,2022-23,projected,6731.33,12
Wholesale,Mung,OD18,2023-24,projected,7004.53,12
Wholesale,Mung,OD18,2024-25,projected,7288.82,12
Wholesale,Mung,OD19,2013-14,published,4907.0,12
Wholesale,Mung,OD19,2014-15,published,5644.0,12
Wholesale,Mung,OD19,2015-16,published,6184.0,12
Wholesale,Mung,OD19,2016-17,published,6267.0,12
Wholesale,Mung,OD19,2017-18,published,6342.0,12
Wholesale,Mung,OD19,2018-19,published,5200.0,12
Wholesale,Mung,OD19,2019-20,projected,5411.05,12
Wholesale,Mung,OD19,2020-21,projected,5630.67,12
Wholesale,Mung,OD19,2021-22,projected,5859.2,12
Wholesale,Mung,OD19,2022-23,projected,6097.01,12
Wholesale,Mung,OD19,2023-24,projected,6344.46,12
Wholesale,Mung,OD19,2024-25,projected,6601.97,12
Wholesale,Mung,OD20,2013-14,published,5167.0,12
Wholesale,Mung,OD20,2014-15,published,5775.0,12
Wholesale,Mung,OD20,2015-16,published,6209.0,12
Wholesale,Mung,OD20,2016-17,published,6300.0,12
Wholesale,Mung,OD20,2017-18,published,6300.0,12
Wholesale,Mung,OD20,2018-19,published,5500.0,12
Wholesale,Mung,OD20,2019-20,projected,5723.23,12
Wholesale,Mung,OD20,2020-21,projected,5955.52,12
Wholesale,Mung,OD20,2021-22,projected,6197.23,12
Wholesale,Mung,OD20,2022-23,projected,6448.76,12
Wholesale,Mung,OD20,2023-24,projected,6710.49,12
Wholesale,Mung,OD20,2024-25,projected,6982.85,12
Wholesale,Mung,OD21,2013-14,published,4900.0,12
Wholesale,Mung,OD21,2014-15,published,5856.0,12
Wholesale,Mung,OD21,2015-16,published,6234.0,12
Wholesale,Mung,OD21,2016-17,published,6558.0,12
Wholesale,Mung,OD21,2017-18,published,6667.0,12
Wholesale,Mung,OD21,2018-19,published,6233.0,12
Wholesale,Mung,OD21,2019-20,projected,6485.98,12
Wholesale,Mung,OD21,2020-21,projected,6749.22,12
Wholesale,Mung,OD21,2021-22,projected,7023.15,12
Wholesale,Mung,OD21,2022-23,projected,7308.2,12
Wholesale,Mung,OD21,2023-24,projected,7604.82,12
Wholesale,Mung,OD21,2024-25,projected,7913.47,12
Wholesale,Mung,OD22,2013-14,published,5279.0,12
Wholesale,Mung,OD22,2014-15,published,5975.0,12
Wholesale,Mung,OD22,2015-16,published,6254.0,12
Wholesale,Mung,OD22,2016-17,published,6520.0,12
Wholesale,Mung,OD22,2017-18,published,6243.0,12
Wholesale,Mung,OD22,2018-19,published,5630.0,12
Wholesale,Mung,OD22,2019-20,projected,5858.5,12
Wholesale,Mung,OD22,2020-21,projected,6096.28,12
Wholesale,Mung,OD22,2021-22,projected,6343.71,12
Wholesale,Mung,OD22,2022-23,projected,6601.18,12
Wholesale,Mung,OD22,2023-24,projected,6869.1,12
Wholesale,Mung,OD22,2024-25,projected,7147.9,12
Wholesale,Mung,OD23,2013-14,published,5000.0,12
Wholesale,Mung,OD23,2014-15,imputed,6059.22,12
Wholesale,Mung,OD23,2015-16,published,6335.0,12
Wholesale,Mung,OD23,2016-17,published,6543.0,12
Wholesale,Mung,OD23,2017-18,published,6620.0,12
Wholesale,Mung,OD23,2018-19,published,7667.0,12
Wholesale,Mung,OD23,2019-20,projected,7978.18,12
Wholesale,Mung,OD23,2020-21,projected,8301.99,12
Wholesale,Mung,OD23,2021-22,projected,8638.94,12
Wholesale,Mung,OD23,2022-23,projected,8989.57,12
Wholesale,Mung,OD23,2023-24,projected,9354.42,12
Wholesale,Mung,OD23,2024-25,projected,9734.09,12
Wholesale,Mung,OD24,2013-14,published,4938.0,12
Wholesale,Mung,OD24,2014-15,published,5557.0,12
Wholesale,Mung,OD24,2015-16,published,6165.0,12
Wholesale,Mung,OD24,2016-17,published,6313.0,12
Wholesale,Mung,OD24,2017-18,published,6257.0,12
Wholesale,Mung,OD24,2018-19,published,6600.0,12
Wholesale,Mung,OD24,2019-20,projected,6867.87,12
Wholesale,Mung,OD24,2020-21,projected,7146.62,12
Wholesale,Mung,OD24,2021-22,projected,7436.68,12
Wholesale,Mung,OD24,2022-23,projected,7738.51,12
Wholesale,Mung,OD24,2023-24,projected,8052.59,12
Wholesale,Mung,OD24,2024-25,projected,8379.42,12
Wholesale,Mung,OD25,2013-14,published,5391.0,12
Wholesale,Mung,OD25,2014-15,published,5750.0,12
Wholesale,Mung,OD25,2015-16,published,6234.0,12
Wholesale,Mung,OD25,2016-17,published,6333.0,12
Wholesale,Mung,OD25,2017-18,published,6350.0,12
Wholesale,Mung,OD25,2018-19,published,5716.0,12
Wholesale,Mung,OD25,2019-20,projected,5947.99,12
Wholesale,Mung,OD25,2020-21,projected,6189.4,12
Wholesale,Mung,OD25,2021-22,projected,6440.61,12
Wholesale,Mung,OD25,2022-23,projected,6702.02,12
Wholesale,Mung,OD25,2023-24,projected,6974.03,12
Wholesale,Mung,OD25,2024-25,projected,7257.08,12
Wholesale,Mung,OD26,2013-14,published,4700.0,12
Wholesale,Mung,OD26,2014-15,published,5600.0,12
Wholesale,Mung,OD26,2015-16,published,6033.0,12
Wholesale,Mung,OD26,2016-17,published,6168.0,12
Wholesale,Mung,OD26,2017-18,published,6067.0,12
Wholesale,Mung,OD26,2018-19,published,5427.0,12
Wholesale,Mung,OD26,2019-20,projected,5647.26,12
Wholesale,Mung,OD26,2020-21,projected,5876.47,12
Wholesale,Mung,OD26,2021-22,projected,6114.98,12
Wholesale,Mung,OD26,2022-23,projected,6363.16,12
Wholesale,Mung,OD26,2023-24,projected,6621.42,12
Wholesale,Mung,OD26,2024-25,projected,6890.17,12
Wholesale,Mung,OD27,2013-14,published,5417.0,12
Wholesale,Mung,OD27,2014-15,published,5933.0,12
Wholesale,Mung,OD27,2015-16,published,6234.0,12
Wholesale,Mung,OD27,2016-17,published,6577.0,12
Wholesale,Mung,OD27,2017-18,published,6350.0,12
Wholesale,Mung,OD27,2018-19,published,5500.0,12
Wholesale,Mung,OD27,2019-20,projected,5723.23,12
Wholesale,Mung,OD27,2020-21,projected,5955.52,12
Wholesale,Mung,OD27,2021-22,projected,6197.23,12
Wholesale,Mung,OD27,2022-23,projected,6448.76,12
Wholesale,Mung,OD27,2023-24,projected,6710.49,12
Wholesale,Mung,OD27,2024-25,projected,6982.85,12
Wholesale,Mung,OD28,2013-14,published,5267.0,12
Wholesale,Mung,OD28,2014-15,published,5785.0,12
Wholesale,Mung,OD28,2015-16,published,6184.0,12
Wholesale,Mung,OD28,2016-17,published,6328.0,12
Wholesale,Mung,OD28,2017-18,published,6344.0,12
Wholesale,Mung,OD28,2018-19,published,5942.0,12
Wholesale,Mung,OD28,2019-20,projected,6183.17,12
Wholesale,Mung,OD28,2020-21,projected,6434.12,12
Wholesale,Mung,OD28,2021-22,projected,6695.26,12
Wholesale,Mung,OD28,2022-23,projected,6967.0,12
Wholesale,Mung,OD28,2023-24,projected,7249.77,12
Wholesale,Mung,OD28,2024-25,projected,7544.02,12
Wholesale,Mung,OD29,2013-14,published,4267.0,12
Wholesale,Mung,OD29,2014-15,published,5968.0,12
Wholesale,Mung,OD29,2015-16,published,6234.0,12
Wholesale,Mung,OD29,2016-17,published,6333.0,12
Wholesale,Mung,OD29,2017-18,published,6533.0,12
Wholesale,Mung,OD29,2018-19,published,5095.0,12
Wholesale,Mung,OD29,2019-20,projected,5301.79,12
Wholesale,Mung,OD29,2020-21,projected,5516.97,12
Wholesale,Mung,OD29,2021-22,projected,5740.89,12
Wholesale,Mung,OD29,2022-23,projected,5973.89,12
Wholesale,Mung,OD29,2023-24,projected,6216.35,12
Wholesale,Mung,OD29,2024-25,projected,6468.66,12
Wholesale,Mung,OD30,2013-14,published,5393.0,12
Wholesale,Mung,OD30,2014-15,published,6100.0,12
Wholesale,Mung,OD30,2015-16,published,6284.0,12
Wholesale,Mung,OD30,2016-17,published,6300.0,12
Wholesale,Mung,OD30,2017-18,published,6389.0,12
Wholesale,Mung,OD30,2018-19,published,6552.0,12
Wholesale,Mung,OD30,2019-20,projected,6817.92,12
Wholesale,Mung,OD30,2020-21,projected,7094.64,12
Wholesale,Mung,OD30,2021-22,projected,7382.59,12
Wholesale,Mung,OD30,2022-23,projected,7682.23,12
Wholesale,Mung,OD30,2023-24,projected,7994.02,12
Wholesale,Mung,OD30,2024-25,projected,8318.48,12
Wholesale,Mustard,OD01,2013-14,published,3945.0,12
Wholesale,Mustard,OD01,2014-15,published,4156.0,12
Wholesale,Mustard,OD01,2015-16,published,4444.0,12
Wholesale,Mustard,OD01,2016-17,published,4550.0,12
Wholesale,Mustard,OD01,2017-18,published,4922.0,12
Wholesale,Mustard,OD01,2018-19,published,5601.0,12
Wholesale,Mustard,OD01,2019-20,projected,5873.09,12
Wholesale,Mustard,OD01,2020-21,projected,6158.4,12
Wholesale,Mustard,OD01,2021-22,projected,6457.56,12
Wholesale,Mustard,OD01,2022-23,projected,6771.26,12
Wholesale,Mustard,OD01,2023-24,projected,7100.2,12
Wholesale,Mustard,OD01,2024-25,projected,7445.12,12
Wholesale,Mustard,OD02,2013-14,published,4450.0,12
Wholesale,Mustard,OD02,2014-15,published,4450.0,12
Wholesale,Mustard,OD02,2015-16,published,4385.0,12
Wholesale,Mustard,OD02,2016-17,published,4430.0,12
Wholesale,Mustard,OD02,2017-18,published,4872.0,12
Wholesale,Mustard,OD02,2018-19,published,4872.0,12
Wholesale,Mustard,OD02,2019-20,projected,5108.68,12
Wholesale,Mustard,OD02,2020-21,projected,5356.85,12
Wholesale,Mustard,OD02,2021-22,projected,5617.08,12
Wholesale,Mustard,OD02,2022-23,projected,5889.95,12
Wholesale,Mustard,OD02,2023-24,projected,6176.07,12
Wholesale,Mustard,OD02,2024-25,projected,6476.1,12
Wholesale,Mustard,OD03,2013-14,published,3750.0,12
Wholesale,Mustard,OD03,2014-15,published,3829.0,12
Wholesale,Mustard,OD03,2015-16,published,4314.0,12
Wholesale,Mustard,OD03,2016-17,published,4567.0,12
Wholesale,Mustard,OD03,2017-18,published,4660.0,12
Wholesale,Mustard,OD03,2018-19,published,5258.0,12
Wholesale,Mustard,OD03,2019-20,projected,5513.43,12
Wholesale,Mustard,OD03,2020-21,projected,5781.26,12
Wholesale,Mustard,OD03,2021-22,projected,6062.11,12
Wholesale,Mustard,OD03,2022-23,projected,6356.6,12
Wholesale,Mustard,OD03,2023-24,projected,6665.39,12
Wholesale,Mustard,OD03,2024-25,projected,6989.19,12
Wholesale,Mustard,OD04,2013-14,published,3975.0,12
Wholesale,Mustard,OD04,2014-15,published,4013.0,12
Wholesale,Mustard,OD04,2015-16,published,4419.0,12
Wholesale,Mustard,OD04,2016-17,published,4500.0,12
Wholesale,Mustard,OD04,2017-18,published,4863.0,12
Wholesale,Mustard,OD04,2018-19,published,4818.0,12
Wholesale,Mustard,OD04,2019-20,projected,5052.05,12
Wholesale,Mustard,OD04,2020-21,projected,5297.47,12
Wholesale,Mustard,OD04,2021-22,projected,5554.82,12
Wholesale,Mustard,OD04,2022-23,projected,5824.66,12
Wholesale,Mustard,OD04,2023-24,projected,6107.62,12
Wholesale,Mustard,OD04,2024-25,projected,6404.32,12
Wholesale,Mustard,OD05,2013-14,published,3800.0,12
Wholesale,Mustard,OD05,2014-15,published,3875.0,12
Wholesale,Mustard,OD05,2015-16,published,4352.0,12
Wholesale,Mustard,OD05,2016-17,published,4550.0,12
Wholesale,Mustard,OD05,2017-18,published,4200.0,12
Wholesale,Mustard,OD05,2018-19,published,5073.0,12
Wholesale,Mustard,OD05,2019-20,projected,5319.44,12
Wholesale,Mustard,OD05,2020-21,projected,5577.85,12
Wholesale,Mustard,OD05,2021-22,projected,5848.82,12
Wholesale,Mustard,OD05,2022-23,projected,6132.94,12
Wholesale,Mustard,OD05,2023-24,projected,6430.87,12
Wholesale,Mustard,OD05,2024-25,projected,6743.28,12
Wholesale,Mustard,OD06,2013-14,published,4086.0,12
Wholesale,Mustard,OD06,2014-15,published,4267.0,12
Wholesale,Mustard,OD06,2015-16,published,4352.0,12
Wholesale,Mustard,OD06,2016-17,published,4550.0,12
Wholesale,Mustard,OD06,2017-18,published,4778.0,12
Wholesale,Mustard,OD06,2018-19,published,6134.0,12
Wholesale,Mustard,OD06,2019-20,projected,6431.98,12
Wholesale,Mustard,OD06,2020-21,projected,6744.44,12
Wholesale,Mustard,OD06,2021-22,projected,7072.07,12
Wholesale,Mustard,OD06,2022-23,projected,7415.63,12
Wholesale,Mustard,OD06,2023-24,projected,7775.87,12
Wholesale,Mustard,OD06,2024-25,projected,8153.61,12
Wholesale,Mustard,OD07,2013-14,published,4569.0,12
Wholesale,Mustard,OD07,2014-15,published,4600.0,12
Wholesale,Mustard,OD07,2015-16,published,4428.0,12
Wholesale,Mustard,OD07,2016-17,published,4475.0,12
Wholesale,Mustard,OD07,2017-18,published,4650.0,12
Wholesale,Mustard,OD07,2018-19,published,5683.0,12
Wholesale,Mustard,OD07,2019-20,projected,5959.07,12
Wholesale,Mustard,OD07,2020-21,projected,6248.56,12
Wholesale,Mustard,OD07,2021-22,projected,6552.1,12
Wholesale,Mustard,OD07,2022-23,projected,6870.4,12
Wholesale,Mustard,OD07,2023-24,projected,7204.15,12
Wholesale,Mustard,OD07,2024-25,projected,7554.12,12
Wholesale,Mustard,OD08,2013-14,published,4450.0,12
Wholesale,Mustard,OD08,2014-15,published,4500.0,12
Wholesale,Mustard,OD08,2015-16,published,4352.0,12
Wholesale,Mustard,OD08,2016-17,published,4400.0,12
Wholesale,Mustard,OD08,2017-18,published,4833.0,12
Wholesale,Mustard,OD08,2018-19,published,4888.0,12
Wholesale,Mustard,OD08,2019-20,projected,5125.45,12
Wholesale,Mustard,OD08,2020-21,projected,5374.44,12
Wholesale,Mustard,OD08,2021-22,projected,5635.52,12
Wholesale,Mustard,OD08,2022-23,projected,5909.29,12
Wholesale,Mustard,OD08,2023-24,projected,6196.35,12
Wholesale,Mustard,OD08,2024-25,projected,6497.37,12
Wholesale,Mustard,OD09,2013-14,published,4250.0,12
Wholesale,Mustard,OD09,2014-15,published,4300.0,12
Wholesale,Mustard,OD09,2015-16,published,4250.0,12
Wholesale,Mustard,OD09,2016-17,published,4500.0,12
Wholesale,Mustard,OD09,2017-18,published,4774.0,12
Wholesale,Mustard,OD09,2018-19,published,6325.0,12
Wholesale,Mustard,OD09,2019-20,projected,6632.26,12
Wholesale,Mustard,OD09,2020-21,projected,6954.45,12
Wholesale,Mustard,OD09,2021-22,projected,7292.28,12
Wholesale,Mustard,OD09,2022-23,projected,7646.53,12
Wholesale,Mustard,OD09,2023-24,projected,8017.99,12
Wholesale,Mustard,OD09,2024-25,projected,8407.5,12
Wholesale,Mustard,OD10,2013-14,published,4600.0,12
Wholesale,Mustard,OD10,2014-15,published,4600.0,12
Wholesale,Mustard,OD10,2015-16,published,4419.0,12
Wholesale,Mustard,OD10,2016-17,published,4500.0,12
Wholesale,Mustard,OD10,2017-18,published,4894.0,12
Wholesale,Mustard,OD10,2018-19,published,4657.0,12
Wholesale,Mustard,OD10,2019-20,projected,4883.23,12
Wholesale,Mustard,OD10,2020-21,projected,5120.45,12
Wholesale,Mustard,OD10,2021-22,projected,5369.2,12
Wholesale,Mustard,OD10,2022-23,projected,5630.02,12
Wholesale,Mustard,OD10,2023-24,projected,5903.52,12
Wholesale,Mustard,OD10,2024-25,projected,6190.31,12
Wholesale,Mustard,OD11,2013-14,imputed,5006.66,12
Wholesale,Mustard,OD11,2014-15,imputed,5069.24,12
Wholesale,Mustard,OD11,2015-16,imputed,5199.49,12
Wholesale,Mustard,OD11,2016-17,imputed,5337.5,12
Wholesale,Mustard,OD11,2017-18,published,6253.0,12
Wholesale,Mustard,OD11,2018-19,published,5767.0,12
Wholesale,Mustard,OD11,2019-20,projected,6047.15,12
Wholesale,Mustard,OD11,2020-21,projected,6340.92,12
Wholesale,Mustard,OD11,2021-22,projected,6648.95,12
Wholesale,Mustard,OD11,2022-23,projected,6971.95,12
Wholesale,Mustard,OD11,2023-24,projected,7310.63,12
Wholesale,Mustard,OD11,2024-25,projected,7665.77,12
Wholesale,Mustard,OD12,2013-14,imputed,4303.33,12
Wholesale,Mustard,OD12,2014-15,imputed,4357.11,12
Wholesale,Mustard,OD12,2015-16,imputed,4469.07,12
Wholesale,Mustard,OD12,2016-17,published,4550.0,12
Wholesale,Mustard,OD12,2017-18,imputed,4924.71,12
Wholesale,Mustard,OD12,2018-19,published,5500.0,12
Wholesale,Mustard,OD12,2019-20,projected,5767.18,12
Wholesale,Mustard,OD12,2020-21,projected,6047.34,12
Wholesale,Mustard,OD12,2021-22,projected,6341.12,12
Wholesale,Mustard,OD12,2022-23,projected,6649.16,12
Wholesale,Mustard,OD12,2023-24,projected,6972.17,12
Wholesale,Mustard,OD12,2024-25,projected,7310.87,12
Wholesale,Mustard,OD13,2013-14,imputed,4030.07,12
Wholesale,Mustard,OD13,2014-15,imputed,4080.44,12
Wholesale,Mustard,OD13,2015-16,imputed,4185.28,12
Wholesale,Mustard,OD13,2016-17,published,4550.0,12
Wholesale,Mustard,OD13,2017-18,published,4883.0,12
Wholesale,Mustard,OD13,2018-19,published,4507.0,12
Wholesale,Mustard,OD13,2019-20,projected,4725.94,12
Wholesale,Mustard,OD13,2020-21,projected,4955.52,12
Wholesale,Mustard,OD13,2021-22,projected,5196.26,12
Wholesale,Mustard,OD13,2022-23,projected,5448.68,12
Wholesale,Mustard,OD13,2023-24,projected,5713.37,12
Wholesale,Mustard,OD13,2024-25,projected,5990.92,12
Wholesale,Mustard,OD14,2013-14,imputed,4296.62,12
Wholesale,Mustard,OD14,2014-15,published,4100.0,12
Wholesale,Mustard,OD14,2015-16,published,4402.0,12
Wholesale,Mustard,OD14,2016-17,published,4450.0,12
Wholesale,Mustard,OD14,2017-18,published,4617.0,12
Wholesale,Mustard,OD14,2018-19,published,6321.0,12
Wholesale,Mustard,OD14,2019-20,projected,6628.07,12
Wholesale,Mustard,OD14,2020-21,projected,6950.05,12
Wholesale,Mustard,OD14,2021-22,projected,7287.67,12
Wholesale,Mustard,OD14,2022-23,projected,7641.7,12
Wholesale,Mustard,OD14,2023-24,projected,8012.92,12
Wholesale,Mustard,OD14,2024-25,projected,8402.18,12
Wholesale,Mustard,OD15,2013-14,published,4433.0,12
Wholesale,Mustard,OD15,2014-15,published,4563.0,12
Wholesale,Mustard,OD15,2015-16,published,4352.0,12
Wholesale,Mustard,OD15,2016-17,published,4133.0,12
Wholesale,Mustard,OD15,2017-18,published,4200.0,12
Wholesale,Mustard,OD15,2018-19,imputed,5242.35,12
Wholesale,Mustard,OD15,2019-20,projected,4962.47,12
Wholesale,Mustard,OD15,2020-21,projected,5203.54,12
Wholesale,Mustard,OD15,2021-22,projected,5456.32,12
Wholesale,Mustard,OD15,2022-23,projected,5721.38,12
Wholesale,Mustard,OD15,2023-24,projected,5999.32,12
Wholesale,Mustard,OD15,2024-25,projected,6290.76,12
Wholesale,Mustard,OD16,2013-14,published,4015.0,12
Wholesale,Mustard,OD16,2014-15,published,4075.0,12
Wholesale,Mustard,OD16,2015-16,published,4347.0,12
Wholesale,Mustard,OD16,2016-17,published,4400.0,12
Wholesale,Mustard,OD16,2017-18,published,4725.0,12
Wholesale,Mustard,OD16,2018-19,published,4725.0,12
Wholesale,Mustard,OD16,2019-20,projected,4954.53,12
Wholesale,Mustard,OD16,2020-21,projected,5195.22,12
Wholesale,Mustard,OD16,2021-22,projected,5447.6,12
Wholesale,Mustard,OD16,2022-23,projected,5712.23,12
Wholesale,Mustard,OD16,2023-24,projected,5989.73,12
Wholesale,Mustard,OD16,2024-25,projected,6280.7,12
Wholesale,Mustard,OD17,2013-14,published,4312.0,12
Wholesale,Mustard,OD17,2014-15,published,4400.0,12
Wholesale,Mustard,OD17,2015-16,published,4428.0,12
Wholesale,Mustard,OD17,2016-17,published,4550.0,12
Wholesale,Mustard,OD17,2017-18,published,4400.0,12
Wholesale,Mustard,OD17,2018-19,published,4889.0,12
Wholesale,Mustard,OD17,2019-20,projected,5126.5,12
Wholesale,Mustard,OD17,2020-21,projected,5375.54,12
Wholesale,Mustard,OD17,2021-22,projected,5636.68,12
Wholesale,Mustard,OD17,2022-23,projected,5910.5,12
Wholesale,Mustard,OD17,2023-24,projected,6197.62,12
Wholesale,Mustard,OD17,2024-25,projected,6498.69,12
Wholesale,Mustard,OD18,2013-14,imputed,4137.26,12
Wholesale,Mustard,OD18,2014-15,published,3900.0,12
Wholesale,Mustard,OD18,2015-16,published,4284.0,12
Wholesale,Mustard,OD18,2016-17,published,4450.0,12
Wholesale,Mustard,OD18,2017-18,published,4695.0,12
Wholesale,Mustard,OD18,2018-19,published,5619.0,12
Wholesale,Mustard,OD18,2019-20,projected,5891.96,12
Wholesale,Mustard,OD18,2020-21,projected,6178.19,12
Wholesale,Mustard,OD18,2021-22,projected,6478.32,12
Wholesale,Mustard,OD18,2022-23,projected,6793.02,12
Wholesale,Mustard,OD18,2023-24,projected,7123.02,12
Wholesale,Mustard,OD18,2024-25,projected,7469.05,12
Wholesale,Mustard,OD19,2013-14,published,4000.0,12
Wholesale,Mustard,OD19,2014-15,published,4100.0,12
Wholesale,Mustard,OD19,2015-16,published,4352.0,12
Wholesale,Mustard,OD19,2016-17,published,4550.0,12
Wholesale,Mustard,OD19,2017-18,published,4875.0,12
Wholesale,Mustard,OD19,2018-19,imputed,5265.34,12
Wholesale,Mustard,OD19,2019-20,projected,4984.24,12
Wholesale,Mustard,OD19,2020-21,projected,5226.37,12
Wholesale,Mustard,OD19,2021-22,projected,5480.26,12
Wholesale,Mustard,OD19,2022-23,projected,5746.48,12
Wholesale,Mustard,OD19,2023-24,projected,6025.64,12
Wholesale,Mustard,OD19,2024-25,projected,6318.35,12
Wholesale,Mustard,OD20,2013-14,published,4800.0,12
Wholesale,Mustard,OD20,2014-15,published,4667.0,12
Wholesale,Mustard,OD20,2015-16,published,4352.0,12
Wholesale,Mustard,OD20,2016-17,published,4417.0,12
Wholesale,Mustard,OD20,2017-18,published,4750.0,12
Wholesale,Mustard,OD20,2018-19,published,5000.0,12
Wholesale,Mustard,OD20,2019-20,projected,5242.89,12
Wholesale,Mustard,OD20,2020-21,projected,5497.59,12
Wholesale,Mustard,OD20,2021-22,projected,5764.65,12
Wholesale,Mustard,OD20,2022-23,projected,6044.69,12
Wholesale,Mustard,OD20,2023-24,projected,6338.33,12
Wholesale,Mustard,OD20,2024-25,projected,6646.24,12
Wholesale,Mustard,OD21,2013-14,published,4800.0,12
Wholesale,Mustard,OD21,2014-15,imputed,5673.91,12
Wholesale,Mustard,OD21,2015-16,imputed,5819.71,12
Wholesale,Mustard,OD21,2016-17,imputed,5974.18,12
Wholesale,Mustard,OD21,2017-18,published,7333.0,12
Wholesale,Mustard,OD21,2018-19,imputed,7103.85,12
Wholesale,Mustard,OD21,2019-20,projected,6724.59,12
Wholesale,Mustard,OD21,2020-21,projected,7051.26,12
Wholesale,Mustard,OD21,2021-22,projected,7393.8,12
Wholesale,Mustard,OD21,2022-23,projected,7752.98,12
Wholesale,Mustard,OD21,2023-24,projected,8129.61,12
Wholesale,Mustard,OD21,2024-25,projected,8524.53,12
Wholesale,Mustard,OD22,2013-14,published,4052.0,12
Wholesale,Mustard,OD22,2014-15,published,4245.0,12
Wholesale,Mustard,OD22,2015-16,published,4288.0,12
Wholesale,Mustard,OD22,2016-17,published,4462.0,12
Wholesale,Mustard,OD22,2017-18,published,4493.0,12
Wholesale,Mustard,OD22,2018-19,published,4298.0,12
Wholesale,Mustard,OD22,2019-20,projected,4506.79,12
Wholesale,Mustard,OD22,2020-21,projected,4725.72,12
Wholesale,Mustard,OD22,2021-22,projected,4955.29,12
Wholesale,Mustard,OD22,2022-23,projected,5196.02,12
Wholesale,Mustard,OD22,2023-24,projected,5448.43,12
Wholesale,Mustard,OD22,2024-25,projected,5713.11,12
Wholesale,Mustard,OD23,2013-14,published,4000.0,12
Wholesale,Mustard,OD23,2014-15,imputed,4099.54,12
Wholesale,Mustard,OD23,2015-16,published,4048.0,12
Wholesale,Mustard,OD23,2016-17,published,4520.0,12
Wholesale,Mustard,OD23,2017-18,published,4644.0,12
Wholesale,Mustard,OD23,2018-19,imputed,5132.7,12
Wholesale,Mustard,OD23,2019-20,projected,4858.68,12
Wholesale,Mustard,OD23,2020-21,projected,5094.71,12
Wholesale,Mustard,OD23,2021-22,projected,5342.2,12
Wholesale,Mustard,OD23,2022-23,projected,5601.72,12
Wholesale,Mustard,OD23,2023-24,projected,5873.84,12
Wholesale,Mustard,OD23,2024-25,projected,6159.18,12
Wholesale,Mustard,OD24,2013-14,published,3992.0,12
Wholesale,Mustard,OD24,2014-15,published,4144.0,12
Wholesale,Mustard,OD24,2015-16,published,4390.0,12
Wholesale,Mustard,OD24,2016-17,published,4542.0,12
Wholesale,Mustard,OD24,2017-18,published,4595.0,12
Wholesale,Mustard,OD24,2018-19,published,5783.0,12
Wholesale,Mustard,OD24,2019-20,projected,6063.93,12
Wholesale,Mustard,OD24,2020-21,projected,6358.51,12
Wholesale,Mustard,OD24,2021-22,projected,6667.4,12
Wholesale,Mustard,OD24,2022-23,projected,6991.29,12
Wholesale,Mustard,OD24,2023-24,projected,7330.92,12
Wholesale,Mustard,OD24,2024-25,projected,7687.04,12
Wholesale,Mustard,OD25,2013-14,published,4050.0,12
Wholesale,Mustard,OD25,2014-15,imputed,4165.98,12
Wholesale,Mustard,OD25,2015-16,imputed,4273.03,12
Wholesale,Mustard,OD25,2016-17,published,4300.0,12
Wholesale,Mustard,OD25,2017-18,published,4367.0,12
Wholesale,Mustard,OD25,2018-19,published,5779.0,12
Wholesale,Mustard,OD25,2019-20,projected,6059.74,12
Wholesale,Mustard,OD25,2020-21,projected,6354.11,12
Wholesale,Mustard,OD25,2021-22,projected,6662.78,12
Wholesale,Mustard,OD25,2022-23,projected,6986.45,12
Wholesale,Mustard,OD25,2023-24,projected,7325.85,12
Wholesale,Mustard,OD25,2024-25,projected,7681.73,12
Wholesale,Mustard,OD26,2013-14,imputed,4263.88,12
Wholesale,Mustard,OD26,2014-15,imputed,4317.17,12
Wholesale,Mustard,OD26,2015-16,imputed,4428.1,12
Wholesale,Mustard,OD26,2016-17,published,4550.0,12
Wholesale,Mustard,OD26,2017-18,imputed,4879.57,12
Wholesale,Mustard,OD26,2018-19,published,5400.0,12
Wholesale,Mustard,OD26,2019-20,projected,5662.32,12
Wholesale,Mustard,OD26,2020-21,projected,5937.39,12
Wholesale,Mustard,OD26,2021-22,projected,6225.82,12
Wholesale,Mustard,OD26,2022-23,projected,6528.27,12
Wholesale,Mustard,OD26,2023-24,projected,6845.4,12
Wholesale,Mustard,OD26,2024-25,projected,7177.94,12
Wholesale,Mustard,OD27,2013-14,published,3933.0,12
Wholesale,Mustard,OD27,2014-15,published,4000.0,12
Wholesale,Mustard,OD27,2015-16,published,4453.0,12
Wholesale,Mustard,OD27,2016-17,published,4531.0,12
Wholesale,Mustard,OD27,2017-18,published,4763.0,12
Wholesale,Mustard,OD27,2018-19,published,5083.0,12
Wholesale,Mustard,OD27,2019-20,projected,5329.93,12
Wholesale,Mustard,OD27,2020-21,projected,5588.85,12
Wholesale,Mustard,OD27,2021-22,projected,5860.34,12
Wholesale,Mustard,OD27,2022-23,projected,6145.03,12
Wholesale,Mustard,OD27,2023-24,projected,6443.55,12
Wholesale,Mustard,OD27,2024-25,projected,6756.57,12
Wholesale,Mustard,OD28,2013-14,published,4400.0,12
Wholesale,Mustard,OD28,2014-15,published,4467.0,12
Wholesale,Mustard,OD28,2015-16,published,4385.0,12
Wholesale,Mustard,OD28,2016-17,published,4400.0,12
Wholesale,Mustard,OD28,2017-18,published,4497.0,12
Wholesale,Mustard,OD28,2018-19,published,5080.0,12
Wholesale,Mustard,OD28,2019-20,projected,5326.78,12
Wholesale,Mustard,OD28,2020-21,projected,5585.55,12
Wholesale,Mustard,OD28,2021-22,projected,5856.89,12
Wholesale,Mustard,OD28,2022-23,projected,6141.41,12
Wholesale,Mustard,OD28,2023-24,projected,6439.75,12
Wholesale,Mustard,OD28,2024-25,projected,6752.58,12
Wholesale,Mustard,OD29,2013-14,published,4083.0,12
Wholesale,Mustard,OD29,2014-15,published,4300.0,12
Wholesale,Mustard,OD29,2015-16,published,4480.0,12
Wholesale,Mustard,OD29,2016-17,published,4550.0,12
Wholesale,Mustard,OD29,2017-18,published,4592.0,12
Wholesale,Mustard,OD29,2018-19,published,5200.0,12
Wholesale,Mustard,OD29,2019-20,projected,5452.61,12
Wholesale,Mustard,OD29,2020-21,projected,5717.49,12
Wholesale,Mustard,OD29,2021-22,projected,5995.24,12
Wholesale,Mustard,OD29,2022-23,projected,6286.48,12
Wholesale,Mustard,OD29,2023-24,projected,6591.87,12
Wholesale,Mustard,OD29,2024-25,projected,6912.09,12
Wholesale,Mustard,OD30,2013-14,published,4100.0,12
Wholesale,Mustard,OD30,2014-15,published,4300.0,12
Wholesale,Mustard,OD30,2015-16,published,4453.0,12
Wholesale,Mustard,OD30,2016-17,published,4500.0,12
Wholesale,Mustard,OD30,2017-18,published,4513.0,12
Wholesale,Mustard,OD30,2018-19,published,6231.0,12
Wholesale,Mustard,OD30,2019-20,projected,6533.69,12
Wholesale,Mustard,OD30,2020-21,projected,6851.09,12
Wholesale,Mustard,OD30,2021-22,projected,7183.91,12
Wholesale,Mustard,OD30,2022-23,projected,7532.89,12
Wholesale,Mustard,OD30,2023-24,projected,7898.83,12
Wholesale,Mustard,OD30,2024-25,projected,8282.55,12
Wholesale,Onion,OD01,2013-14,published,1489.0,12
Wholesale,Onion,OD01,2014-15,published,1888.0,12
Wholesale,Onion,OD01,2015-16,published,1859.0,12
Wholesale,Onion,OD01,2016-17,published,1389.0,12
Wholesale,Onion,OD01,2017-18,published,1587.0,12
Wholesale,Onion,OD01,2018-19,published,1867.0,12
Wholesale,Onion,OD01,2019-20,projected,1935.22,12
Wholesale,Onion,OD01,2020-21,projected,2005.94,12
Wholesale,Onion,OD01,2021-22,projected,2079.24,12
Wholesale,Onion,OD01,2022-23,projected,2155.22,12
Wholesale,Onion,OD01,2023-24,projected,2233.97,12
Wholesale,Onion,OD01,2024-25,projected,2315.6,12
Wholesale,Onion,OD02,2013-14,published,1596.0,12
Wholesale,Onion,OD02,2014-15,published,1741.0,12
Wholesale,Onion,OD02,2015-16,published,1714.0,12
Wholesale,Onion,OD02,2016-17,published,1281.0,12
Wholesale,Onion,OD02,2017-18,published,1933.0,12
Wholesale,Onion,OD02,2018-19,published,1933.0,12
Wholesale,Onion,OD02,2019-20,projected,2003.63,12
Wholesale,Onion,OD02,2020-21,projected,2076.85,12
Wholesale,Onion,OD02,2021-22,projected,2152.74,12
Wholesale,Onion,OD02,2022-23,projected,2231.4,12
Wholesale,Onion,OD02,2023-24,projected,2312.94,12
Wholesale,Onion,OD02,2024-25,projected,2397.46,12
Wholesale,Onion,OD03,2013-14,published,1750.0,12
Wholesale,Onion,OD03,2014-15,published,2022.0,12
Wholesale,Onion,OD03,2015-16,published,1992.0,12
Wholesale,Onion,OD03,2016-17,published,1488.0,12
Wholesale,Onion,OD03,2017-18,published,1822.0,12
Wholesale,Onion,OD03,2018-19,published,1650.0,12
Wholesale,Onion,OD03,2019-20,projected,1710.29,12
Wholesale,Onion,OD03,2020-21,projected,1772.79,12
Wholesale,Onion,OD03,2021-22,projected,1837.57,12
Wholesale,Onion,OD03,2022-23,projected,1904.72,12
Wholesale,Onion,OD03,2023-24,projected,1974.32,12
Wholesale,Onion,OD03,2024-25,projected,2046.46,12
Wholesale,Onion,OD04,2013-14,published,1794.0,12
Wholesale,Onion,OD04,2014-15,published,1950.0,12
Wholesale,Onion,OD04,2015-16,published,1920.0,12
Wholesale,Onion,OD04,2016-17,published,1435.0,12
Wholesale,Onion,OD04,2017-18,published,2050.0,12
Wholesale,Onion,OD04,2018-19,published,2141.0,12
Wholesale,Onion,OD04,2019-20,projected,2219.23,12
Wholesale,Onion,OD04,2020-21,projected,2300.33,12
Wholesale,Onion,OD04,2021-22,projected,2384.39,12
Wholesale,Onion,OD04,2022-23,projected,2471.51,12
Wholesale,Onion,OD04,2023-24,projected,2561.83,12
Wholesale,Onion,OD04,2024-25,projected,2655.44,12
Wholesale,Onion,OD05,2013-14,published,1833.0,12
Wholesale,Onion,OD05,2014-15,published,2000.0,12
Wholesale,Onion,OD05,2015-16,published,1970.0,12
Wholesale,Onion,OD05,2016-17,published,1471.0,12
Wholesale,Onion,OD05,2017-18,imputed,1745.18,12
Wholesale,Onion,OD05,2018-19,published,2121.0,12
Wholesale,Onion,OD05,2019-20,projected,2198.5,12
Wholesale,Onion,OD05,2020-21,projected,2278.84,12
Wholesale,Onion,OD05,2021-22,projected,2362.11,12
Wholesale,Onion,OD05,2022-23,projected,2448.43,12
Wholesale,Onion,OD05,2023-24,projected,2537.9,12
Wholesale,Onion,OD05,2024-25,projected,2630.63,12
Wholesale,Onion,OD06,2013-14,published,1711.0,12
Wholesale,Onion,OD06,2014-15,published,2011.0,12
Wholesale,Onion,OD06,2015-16,published,1981.0,12
Wholesale,Onion,OD06,2016-17,published,1479.0,12
Wholesale,Onion,OD06,2017-18,published,2033.0,12
Wholesale,Onion,OD06,2018-19,published,1736.0,12
Wholesale,Onion,OD06,2019-20,projected,1799.44,12
Wholesale,Onion,OD06,2020-21,projected,1865.19,12
Wholesale,Onion,OD06,2021-22,projected,1933.35,12
Wholesale,Onion,OD06,2022-23,projected,2003.99,12
Wholesale,Onion,OD06,2023-24,projected,2077.22,12
Wholesale,Onion,OD06,2024-25,projected,2153.13,12
Wholesale,Onion,OD07,2013-14,published,1631.0,12
Wholesale,Onion,OD07,2014-15,published,1867.0,12
Wholesale,Onion,OD07,2015-16,published,1838.0,12
Wholesale,Onion,OD07,2016-17,published,1373.0,12
Wholesale,Onion,OD07,2017-18,published,1856.0,12
Wholesale,Onion,OD07,2018-19,published,1750.0,12
Wholesale,Onion,OD07,2019-20,projected,1813.95,12
Wholesale,Onion,OD07,2020-21,projected,1880.23,12
Wholesale,Onion,OD07,2021-22,projected,1948.94,12
Wholesale,Onion,OD07,2022-23,projected,2020.15,12
Wholesale,Onion,OD07,2023-24,projected,2093.97,12
Wholesale,Onion,OD07,2024-25,projected,2170.49,12
Wholesale,Onion,OD08,2013-14,published,1685.0,12
Wholesale,Onion,OD08,2014-15,published,1850.0,12
Wholesale,Onion,OD08,2015-16,published,1822.0,12
Wholesale,Onion,OD08,2016-17,published,1361.0,12
Wholesale,Onion,OD08,2017-18,published,1217.0,12
Wholesale,Onion,OD08,2018-19,published,2118.0,12
Wholesale,Onion,OD08,2019-20,projected,2195.39,12
Wholesale,Onion,OD08,2020-21,projected,2275.62,12
Wholesale,Onion,OD08,2021-22,projected,2358.77,12
Wholesale,Onion,OD08,2022-23,projected,2444.96,12
Wholesale,Onion,OD08,2023-24,projected,2534.31,12
Wholesale,Onion,OD08,2024-25,projected,2626.91,12
Wholesale,Onion,OD09,2013-14,published,1817.0,12
Wholesale,Onion,OD09,2014-15,published,1938.0,12
Wholesale,Onion,OD09,2015-16,published,1909.0,12
Wholesale,Onion,OD09,2016-17,published,1426.0,12
Wholesale,Onion,OD09,2017-18,published,1561.0,12
Wholesale,Onion,OD09,2018-19,published,2113.0,12
Wholesale,Onion,OD09,2019-20,projected,2190.21,12
Wholesale,Onion,OD09,2020-21,projected,2270.24,12
Wholesale,Onion,OD09,2021-22,projected,2353.2,12
Wholesale,Onion,OD09,2022-23,projected,2439.19,12
Wholesale,Onion,OD09,2023-24,projected,2528.32,12
Wholesale,Onion,OD09,2024-25,projected,2620.71,12
Wholesale,Onion,OD10,2013-14,published,1675.0,12
Wholesale,Onion,OD10,2014-15,published,2020.0,12
Wholesale,Onion,OD10,2015-16,published,1989.0,12
Wholesale,Onion,OD10,2016-17,published,1486.0,12
Wholesale,Onion,OD10,2017-18,published,1604.0,12
Wholesale,Onion,OD10,2018-19,published,2271.0,12
Wholesale,Onion,OD10,2019-20,projected,2353.99,12
Wholesale,Onion,OD10,2020-21,projected,2440.0,12
Wholesale,Onion,OD10,2021-22,projected,2529.16,12
Wholesale,Onion,OD10,2022-23,projected,2621.58,12
Wholesale,Onion,OD10,2023-24,projected,2717.38,12
Wholesale,Onion,OD10,2024-25,projected,2816.68,12
Wholesale,Onion,OD11,2013-14,published,1655.0,12
Wholesale,Onion,OD11,2014-15,published,2000.0,12
Wholesale,Onion,OD11,2015-16,published,1970.0,12
Wholesale,Onion,OD11,2016-17,published,1471.0,12
Wholesale,Onion,OD11,2017-18,published,1886.0,12
Wholesale,Onion,OD11,2018-19,published,2270.0,12
Wholesale,Onion,OD11,2019-20,projected,2352.95,12
Wholesale,Onion,OD11,2020-21,projected,2438.93,12
Wholesale,Onion,OD11,2021-22,projected,2528.05,12
Wholesale,Onion,OD11,2022-23,projected,2620.43,12
Wholesale,Onion,OD11,2023-24,projected,2716.18,12
Wholesale,Onion,OD11,2024-25,projected,2815.43,12
Wholesale,Onion,OD12,2013-14,published,1750.0,12
Wholesale,Onion,OD12,2014-15,published,1954.0,12
Wholesale,Onion,OD12,2015-16,published,1924.0,12
Wholesale,Onion,OD12,2016-17,published,1437.0,12
Wholesale,Onion,OD12,2017-18,published,1510.0,12
Wholesale,Onion,OD12,2018-19,published,1813.0,12
Wholesale,Onion,OD12,2019-20,projected,1879.25,12
Wholesale,Onion,OD12,2020-21,projected,1947.92,12
Wholesale,Onion,OD12,2021-22,projected,2019.1,12
Wholesale,Onion,OD12,2022-23,projected,2092.88,12
Wholesale,Onion,OD12,2023-24,projected,2169.36,12
Wholesale,Onion,OD12,2024-25,projected,2248.63,12
Wholesale,Onion,OD13,2013-14,published,1500.0,12
Wholesale,Onion,OD13,2014-15,published,2000.0,12
Wholesale,Onion,OD13,2015-16,published,1970.0,12
Wholesale,Onion,OD13,2016-17,published,1471.0,12
Wholesale,Onion,OD13,2017-18,published,1750.0,12
Wholesale,Onion,OD13,2018-19,imputed,1984.92,12
Wholesale,Onion,OD13,2019-20,projected,1732.05,12
Wholesale,Onion,OD13,2020-21,projected,1795.34,12
Wholesale,Onion,OD13,2021-22,projected,1860.94,12
Wholesale,Onion,OD13,2022-23,projected,1928.94,12
Wholesale,Onion,OD13,2023-24,projected,1999.43,12
Wholesale,Onion,OD13,2024-25,projected,2072.49,12
Wholesale,Onion,OD14,2013-14,published,1575.0,12
Wholesale,Onion,OD14,2014-15,published,1775.0,12
Wholesale,Onion,OD14,2015-16,published,1748.0,12
Wholesale,Onion,OD14,2016-17,published,1306.0,12
Wholesale,Onion,OD14,2017-18,published,1694.0,12
Wholesale,Onion,OD14,2018-19,published,2175.0,12
Wholesale,Onion,OD14,2019-20,projected,2254.48,12
Wholesale,Onion,OD14,2020-21,projected,2336.86,12
Wholesale,Onion,OD14,2021-22,projected,2422.25,12
Wholesale,Onion,OD14,2022-23,projected,2510.76,12
Wholesale,Onion,OD14,2023-24,projected,2602.51,12
Wholesale,Onion,OD14,2024-25,projected,2697.61,12
Wholesale,Onion,OD15,2013-14,published,1518.0,12
Wholesale,Onion,OD15,2014-15,published,1846.0,12
Wholesale,Onion,OD15,2015-16,published,1818.0,12
Wholesale,Onion,OD15,2016-17,published,1358.0,12
Wholesale,Onion,OD15,2017-18,published,1350.0,12
Wholesale,Onion,OD15,2018-19,imputed,1801.02,12
Wholesale,Onion,OD15,2019-20,projected,1571.58,12
Wholesale,Onion,OD15,2020-21,projected,1629.0,12
Wholesale,Onion,OD15,2021-22,projected,1688.53,12
Wholesale,Onion,OD15,2022-23,projected,1750.23,12
Wholesale,Onion,OD15,2023-24,projected,1814.19,12
Wholesale,Onion,OD15,2024-25,projected,1880.48,12
Wholesale,Onion,OD16,2013-14,published,1762.0,12
Wholesale,Onion,OD16,2014-15,published,2186.0,12
Wholesale,Onion,OD16,2015-16,published,2153.0,12
Wholesale,Onion,OD16,2016-17,published,1608.0,12
Wholesale,Onion,OD16,2017-18,published,1788.0,12
Wholesale,Onion,OD16,2018-19,published,1788.0,12
Wholesale,Onion,OD16,2019-20,projected,1853.34,12
Wholesale,Onion,OD16,2020-21,projected,1921.06,12
Wholesale,Onion,OD16,2021-22,projected,1991.26,12
Wholesale,Onion,OD16,2022-23,projected,2064.02,12
Wholesale,Onion,OD16,2023-24,projected,2139.44,12
Wholesale,Onion,OD16,2024-25,projected,2217.62,12
Wholesale,Onion,OD17,2013-14,published,1983.0,12
Wholesale,Onion,OD17,2014-15,published,2150.0,12
Wholesale,Onion,OD17,2015-16,published,2117.0,12
Wholesale,Onion,OD17,2016-17,published,1582.0,12
Wholesale,Onion,OD17,2017-18,published,1700.0,12
Wholesale,Onion,OD17,2018-19,published,1690.0,12
Wholesale,Onion,OD17,2019-20,projected,1751.75,12
Wholesale,Onion,OD17,2020-21,projected,1815.77,12
Wholesale,Onion,OD17,2021-22,projected,1882.12,12
Wholesale,Onion,OD17,2022-23,projected,1950.89,12
Wholesale,Onion,OD17,2023-24,projected,2022.18,12
Wholesale,Onion,OD17,2024-25,projected,2096.07,12
Wholesale,Onion,OD18,2013-14,published,1685.0,12
Wholesale,Onion,OD18,2014-15,published,2128.0,12
Wholesale,Onion,OD18,2015-16,published,2095.0,12
Wholesale,Onion,OD18,2016-17,published,1565.0,12
Wholesale,Onion,OD18,2017-18,published,1812.0,12
Wholesale,Onion,OD18,2018-19,published,1610.0,12
Wholesale,Onion,OD18,2019-20,projected,1668.83,12
Wholesale,Onion,OD18,2020-21,projected,1729.81,12
Wholesale,Onion,OD18,2021-22,projected,1793.02,12
Wholesale,Onion,OD18,2022-23,projected,1858.54,12
Wholesale,Onion,OD18,2023-24,projected,1926.46,12
Wholesale,Onion,OD18,2024-25,projected,1996.85,12
Wholesale,Onion,OD19,2013-14,published,1728.0,12
Wholesale,Onion,OD19,2014-15,published,2167.0,12
Wholesale,Onion,OD19,2015-16,published,2134.0,12
Wholesale,Onion,OD19,2016-17,published,1594.0,12
Wholesale,Onion,OD19,2017-18,published,1718.0,12
Wholesale,Onion,OD19,2018-19,imputed,2132.87,12
Wholesale,Onion,OD19,2019-20,projected,1861.15,12
Wholesale,Onion,OD19,2020-21,projected,1929.16,12
Wholesale,Onion,OD19,2021-22,projected,1999.66,12
Wholesale,Onion,OD19,2022-23,projected,2072.73,12
Wholesale,Onion,OD19,2023-24,projected,2148.47,12
Wholesale,Onion,OD19,2024-25,projected,2226.98,12
Wholesale,Onion,OD20,2013-14,published,1644.0,12
Wholesale,Onion,OD20,2014-15,published,1852.0,12
Wholesale,Onion,OD20,2015-16,published,1824.0,12
Wholesale,Onion,OD20,2016-17,published,1363.0,12
Wholesale,Onion,OD20,2017-18,published,1689.0,12
Wholesale,Onion,OD20,2018-19,published,2724.0,12
Wholesale,Onion,OD20,2019-20,projected,2823.54,12
Wholesale,Onion,OD20,2020-21,projected,2926.71,12
Wholesale,Onion,OD20,2021-22,projected,3033.66,12
Wholesale,Onion,OD20,2022-23,projected,3144.51,12
Wholesale,Onion,OD20,2023-24,projected,3259.42,12
Wholesale,Onion,OD20,2024-25,projected,3378.52,12
Wholesale,Onion,OD21,2013-14,published,1900.0,12
Wholesale,Onion,OD21,2014-15,published,2132.0,12
Wholesale,Onion,OD21,2015-16,published,2099.0,12
Wholesale,Onion,OD21,2016-17,published,1568.0,12
Wholesale,Onion,OD21,2017-18,published,1600.0,12
Wholesale,Onion,OD21,2018-19,published,1850.0,12
Wholesale,Onion,OD21,2019-20,projected,1917.6,12
Wholesale,Onion,OD21,2020-21,projected,1987.67,12
Wholesale,Onion,OD21,2021-22,projected,2060.31,12
Wholesale,Onion,OD21,2022-23,projected,2135.59,12
Wholesale,Onion,OD21,2023-24,projected,2213.63,12
Wholesale,Onion,OD21,2024-25,projected,2294.52,12
Wholesale,Onion,OD22,2013-14,published,1754.0,12
Wholesale,Onion,OD22,2014-15,published,2082.0,12
Wholesale,Onion,OD22,2015-16,published,2050.0,12
Wholesale,Onion,OD22,2016-17,published,1532.0,12
Wholesale,Onion,OD22,2017-18,published,1866.0,12
Wholesale,Onion,OD22,2018-19,published,1655.0,12
Wholesale,Onion,OD22,2019-20,projected,1715.48,12
Wholesale,Onion,OD22,2020-21,projected,1778.16,12
Wholesale,Onion,OD22,2021-22,projected,1843.14,12
Wholesale,Onion,OD22,2022-23,projected,1910.49,12
Wholesale,Onion,OD22,2023-24,projected,1980.3,12
Wholesale,Onion,OD22,2024-25,projected,2052.66,12
Wholesale,Onion,OD23,2013-14,published,1590.0,12
Wholesale,Onion,OD23,2014-15,published,1933.0,12
Wholesale,Onion,OD23,2015-16,published,1904.0,12
Wholesale,Onion,OD23,2016-17,published,1422.0,12
Wholesale,Onion,OD23,2017-18,published,1848.0,12
Wholesale,Onion,OD23,2018-19,published,2063.0,12
Wholesale,Onion,OD23,2019-20,projected,2138.38,12
Wholesale,Onion,OD23,2020-21,projected,2216.52,12
Wholesale,Onion,OD23,2021-22,projected,2297.52,12
Wholesale,Onion,OD23,2022-23,projected,2381.47,12
Wholesale,Onion,OD23,2023-24,projected,2468.5,12
Wholesale,Onion,OD23,2024-25,projected,2558.7,12
Wholesale,Onion,OD24,2013-14,published,1539.0,12
Wholesale,Onion,OD24,2014-15,published,2057.0,12
Wholesale,Onion,OD24,2015-16,published,2026.0,12
Wholesale,Onion,OD24,2016-17,published,1513.0,12
Wholesale,Onion,OD24,2017-18,published,1842.0,12
Wholesale,Onion,OD24,2018-19,published,2211.0,12
Wholesale,Onion,OD24,2019-20,projected,2291.79,12
Wholesale,Onion,OD24,2020-21,projected,2375.54,12
Wholesale,Onion,OD24,2021-22,projected,2462.34,12
Wholesale,Onion,OD24,2022-23,projected,2552.32,12
Wholesale,Onion,OD24,2023-24,projected,2645.59,12
Wholesale,Onion,OD24,2024-25,projected,2742.26,12
Wholesale,Onion,OD25,2013-14,published,1567.0,12
Wholesale,Onion,OD25,2014-15,published,2000.0,12
Wholesale,Onion,OD25,2015-16,published,1970.0,12
Wholesale,Onion,OD25,2016-17,published,1471.0,12
Wholesale,Onion,OD25,2017-18,published,1514.0,12
Wholesale,Onion,OD25,2018-19,imputed,1944.88,12
Wholesale,Onion,OD25,2019-20,projected,1697.11,12
Wholesale,Onion,OD25,2020-21,projected,1759.13,12
Wholesale,Onion,OD25,2021-22,projected,1823.41,12
Wholesale,Onion,OD25,2022-23,projected,1890.04,12
Wholesale,Onion,OD25,2023-24,projected,1959.1,12
Wholesale,Onion,OD25,2024-25,projected,2030.69,12
Wholesale,Onion,OD26,2013-14,published,1730.0,12
Wholesale,Onion,OD26,2014-15,published,2100.0,12
Wholesale,Onion,OD26,2015-16,published,2068.0,12
Wholesale,Onion,OD26,2016-17,published,1545.0,12
Wholesale,Onion,OD26,2017-18,published,1514.0,12
Wholesale,Onion,OD26,2018-19,published,2339.0,12
Wholesale,Onion,OD26,2019-20,projected,2424.47,12
Wholesale,Onion,OD26,2020-21,projected,2513.06,12
Wholesale,Onion,OD26,2021-22,projected,2604.89,12
Wholesale,Onion,OD26,2022-23,projected,2700.08,12
Wholesale,Onion,OD26,2023-24,projected,2798.74,12
Wholesale,Onion,OD26,2024-25,projected,2901.01,12
Wholesale,Onion,OD27,2013-14,published,1908.0,12
Wholesale,Onion,OD27,2014-15,published,2121.0,12
Wholesale,Onion,OD27,2015-16,published,2089.0,12
Wholesale,Onion,OD27,2016-17,published,1560.0,12
Wholesale,Onion,OD27,2017-18,published,1652.0,12
Wholesale,Onion,OD27,2018-19,published,1949.0,12
Wholesale,Onion,OD27,2019-20,projected,2020.22,12
Wholesale,Onion,OD27,2020-21,projected,2094.04,12
Wholesale,Onion,OD27,2021-22,projected,2170.56,12
Wholesale,Onion,OD27,2022-23,projected,2249.87,12
Wholesale,Onion,OD27,2023-24,projected,2332.09,12
Wholesale,Onion,OD27,2024-25,projected,2417.31,12
Wholesale,Onion,OD28,2013-14,published,1411.0,12
Wholesale,Onion,OD28,2014-15,published,2000.0,12
Wholesale,Onion,OD28,2015-16,published,1970.0,12
Wholesale,Onion,OD28,2016-17,published,1471.0,12
Wholesale,Onion,OD28,2017-18,published,1400.0,12
Wholesale,Onion,OD28,2018-19,imputed,1880.47,12
Wholesale,Onion,OD28,2019-20,projected,1640.9,12
Wholesale,Onion,OD28,2020-21,projected,1700.86,12
Wholesale,Onion,OD28,2021-22,projected,1763.02,12
Wholesale,Onion,OD28,2022-23,projected,1827.44,12
Wholesale,Onion,OD28,2023-24,projected,1894.22,12
Wholesale,Onion,OD28,2024-25,projected,1963.43,12
Wholesale,Onion,OD29,2013-14,published,1676.0,12
Wholesale,Onion,OD29,2014-15,published,2042.0,12
Wholesale,Onion,OD29,2015-16,published,2011.0,12
Wholesale,Onion,OD29,2016-17,published,1502.0,12
Wholesale,Onion,OD29,2017-18,published,1800.0,12
Wholesale,Onion,OD29,2018-19,published,2519.0,12
Wholesale,Onion,OD29,2019-20,projected,2611.05,12
Wholesale,Onion,OD29,2020-21,projected,2706.46,12
Wholesale,Onion,OD29,2021-22,projected,2805.36,12
Wholesale,Onion,OD29,2022-23,projected,2907.87,12
Wholesale,Onion,OD29,2023-24,projected,3014.12,12
Wholesale,Onion,OD29,2024-25,projected,3124.26,12
Wholesale,Onion,OD30,2013-14,published,1667.0,12
Wholesale,Onion,OD30,2014-15,published,2133.0,12
Wholesale,Onion,OD30,2015-16,published,2100.0,12
Wholesale,Onion,OD30,2016-17,published,1569.0,12
Wholesale,Onion,OD30,2017-18,published,1600.0,12
Wholesale,Onion,OD30,2018-19,published,2022.0,12
Wholesale,Onion,OD30,2019-20,projected,2095.89,12
Wholesale,Onion,OD30,2020-21,projected,2172.47,12
Wholesale,Onion,OD30,2021-22,projected,2251.86,12
Wholesale,Onion,OD30,2022-23,projected,2334.14,12
Wholesale,Onion,OD30,2023-24,projected,2419.44,12
Wholesale,Onion,OD30,2024-25,projected,2507.85,12
Wholesale,Paddy,OD01,2013-14,published,1310.0,12
Wholesale,Paddy,OD01,2014-15,published,1360.0,12
Wholesale,Paddy,OD01,2015-16,published,1438.0,12
Wholesale,Paddy,OD01,2016-17,published,1470.0,12
Wholesale,Paddy,OD01,2017-18,published,1550.0,12
Wholesale,Paddy,OD01,2018-19,published,1750.0,12
Wholesale,Paddy,OD01,2019-20,projected,1854.24,12
Wholesale,Paddy,OD01,2020-21,projected,1964.69,12
Wholesale,Paddy,OD01,2021-22,projected,2081.71,12
Wholesale,Paddy,OD01,2022-23,projected,2205.71,12
Wholesale,Paddy,OD01,2023-24,projected,2337.1,12
Wholesale,Paddy,OD01,2024-25,projected,2476.3,12
Wholesale,Paddy,OD02,2013-14,published,1310.0,12
Wholesale,Paddy,OD02,2014-15,published,1360.0,12
Wholesale,Paddy,OD02,2015-16,published,1410.0,12
Wholesale,Paddy,OD02,2016-17,published,1470.0,12
Wholesale,Paddy,OD02,2017-18,published,1550.0,12
Wholesale,Paddy,OD02,2018-19,published,1750.0,12
Wholesale,Paddy,OD02,2019-20,projected,1854.24,12
Wholesale,Paddy,OD02,2020-21,projected,1964.69,12
Wholesale,Paddy,OD02,2021-22,projected,2081.71,12
Wholesale,Paddy,OD02,2022-23,projected,2205.71,12
Wholesale,Paddy,OD02,2023-24,projected,2337.1,12
Wholesale,Paddy,OD02,2024-25,projected,2476.3,12
Wholesale,Paddy,OD03,2013-14,published,1310.0,12
Wholesale,Paddy,OD03,2014-15,published,1360.0,12
Wholesale,Paddy,OD03,2015-16,published,1410.0,12
Wholesale,Paddy,OD03,2016-17,published,1470.0,12
Wholesale,Paddy,OD03,2017-18,published,1550.0,12
Wholesale,Paddy,OD03,2018-19,published,1750.0,12
Wholesale,Paddy,OD03,2019-20,projected,1854.24,12
Wholesale,Paddy,OD03,2020-21,projected,1964.69,12
Wholesale,Paddy,OD03,2021-22,projected,2081.71,12
Wholesale,Paddy,OD03,2022-23,projected,2205.71,12
Wholesale,Paddy,OD03,2023-24,projected,2337.1,12
Wholesale,Paddy,OD03,2024-25,projected,2476.3,12
Wholesale,Paddy,OD04,2013-14,published,1310.0,12
Wholesale,Paddy,OD04,2014-15,published,1360.0,12
Wholesale,Paddy,OD04,2015-16,published,1410.0,12
Wholesale,Paddy,OD04,2016-17,published,1470.0,12
Wholesale,Paddy,OD04,2017-18,published,1550.0,12
Wholesale,Paddy,OD04,2018-19,published,1750.0,12
Wholesale,Paddy,OD04,2019-20,projected,1854.24,12
Wholesale,Paddy,OD04,2020-21,projected,1964.69,12
Wholesale,Paddy,OD04,2021-22,projected,2081.71,12
Wholesale,Paddy,OD04,2022-23,projected,2205.71,12
Wholesale,Paddy,OD04,2023-24,projected,2337.1,12
Wholesale,Paddy,OD04,2024-25,projected,2476.3,12
Wholesale,Paddy,OD05,2013-14,published,1310.0,12
Wholesale,Paddy,OD05,2014-15,published,1360.0,12
Wholesale,Paddy,OD05,2015-16,published,1410.0,12
Wholesale,Paddy,OD05,2016-17,published,1470.0,12
Wholesale,Paddy,OD05,2017-18,published,1550.0,12
Wholesale,Paddy,OD05,2018-19,published,1750.0,12
Wholesale,Paddy,OD05,2019-20,projected,1854.24,12
Wholesale,Paddy,OD05,2020-21,projected,1964.69,12
Wholesale,Paddy,OD05,2021-22,projected,2081.71,12
Wholesale,Paddy,OD05,2022-23,projected,2205.71,12
Wholesale,Paddy,OD05,2023-24,projected,2337.1,12
Wholesale,Paddy,OD05,2024-25,projected,2476.3,12
Wholesale,Paddy,OD06,2013-14,published,1310.0,12
Wholesale,Paddy,OD06,2014-15,published,1360.0,12
Wholesale,Paddy,OD06,2015-16,published,1429.0,12
Wholesale,Paddy,OD06,2016-17,published,1470.0,12
Wholesale,Paddy,OD06,2017-18,published,1550.0,12
Wholesale,Paddy,OD06,2018-19,published,1750.0,12
Wholesale,Paddy,OD06,2019-20,projected,1854.24,12
Wholesale,Paddy,OD06,2020-21,projected,1964.69,12
Wholesale,Paddy,OD06,2021-22,projected,2081.71,12
Wholesale,Paddy,OD06,2022-23,projected,2205.71,12
Wholesale,Paddy,OD06,2023-24,projected,2337.1,12
Wholesale,Paddy,OD06,2024-25,projected,2476.3,12
Wholesale,Paddy,OD07,2013-14,published,1310.0,12
Wholesale,Paddy,OD07,2014-15,published,1360.0,12
Wholesale,Paddy,OD07,2015-16,published,1410.0,12
Wholesale,Paddy,OD07,2016-17,published,1470.0,12
Wholesale,Paddy,OD07,2017-18,published,1550.0,12
Wholesale,Paddy,OD07,2018-19,published,1750.0,12
Wholesale,Paddy,OD07,2019-20,projected,1854.24,12
Wholesale,Paddy,OD07,2020-21,projected,1964.69,12
Wholesale,Paddy,OD07,2021-22,projected,2081.71,12
Wholesale,Paddy,OD07,2022-23,projected,2205.71,12
Wholesale,Paddy,OD07,2023-24,projected,2337.1,12
Wholesale,Paddy,OD07,2024-25,projected,2476.3,12
Wholesale,Paddy,OD08,2013-14,published,1333.0,12
Wholesale,Paddy,OD08,2014-15,published,1375.0,12
Wholesale,Paddy,OD08,2015-16,published,1489.0,12
Wholesale,Paddy,OD08,2016-17,published,1470.0,12
Wholesale,Paddy,OD08,2017-18,published,1577.0,12
Wholesale,Paddy,OD08,2018-19,published,1750.0,12
Wholesale,Paddy,OD08,2019-20,projected,1854.24,12
Wholesale,Paddy,OD08,2020-21,projected,1964.69,12
Wholesale,Paddy,OD08,2021-22,projected,2081.71,12
Wholesale,Paddy,OD08,2022-23,projected,2205.71,12
Wholesale,Paddy,OD08,2023-24,projected,2337.1,12
Wholesale,Paddy,OD08,2024-25,projected,2476.3,12
Wholesale,Paddy,OD09,2013-14,published,1310.0,12
Wholesale,Paddy,OD09,2014-15,published,1360.0,12
Wholesale,Paddy,OD09,2015-16,published,1437.0,12
Wholesale,Paddy,OD09,2016-17,published,1470.0,12
Wholesale,Paddy,OD09,2017-18,published,1550.0,12
Wholesale,Paddy,OD09,2018-19,published,1750.0,12
Wholesale,Paddy,OD09,2019-20,projected,1854.24,12
Wholesale,Paddy,OD09,2020-21,projected,1964.69,12
Wholesale,Paddy,OD09,2021-22,projected,2081.71,12
Wholesale,Paddy,OD09,2022-23,projected,2205.71,12
Wholesale,Paddy,OD09,2023-24,projected,2337.1,12
Wholesale,Paddy,OD09,2024-25,projected,2476.3,12
Wholesale,Paddy,OD10,2013-14,published,1310.0,12
Wholesale,Paddy,OD10,2014-15,published,1360.0,12
Wholesale,Paddy,OD10,2015-16,published,1481.0,12
Wholesale,Paddy,OD10,2016-17,published,1483.0,12
Wholesale,Paddy,OD10,2017-18,published,1550.0,12
Wholesale,Paddy,OD10,2018-19,published,1750.0,12
Wholesale,Paddy,OD10,2019-20,projected,1854.24,12
Wholesale,Paddy,OD10,2020-21,projected,1964.69,12
Wholesale,Paddy,OD10,2021-22,projected,2081.71,12
Wholesale,Paddy,OD10,2022-23,projected,2205.71,12
Wholesale,Paddy,OD10,2023-24,projected,2337.1,12
Wholesale,Paddy,OD10,2024-25,projected,2476.3,12
Wholesale,Paddy,OD11,2013-14,published,1310.0,12
Wholesale,Paddy,OD11,2014-15,published,1360.0,12
Wholesale,Paddy,OD11,2015-16,published,1436.0,12
Wholesale,Paddy,OD11,2016-17,published,1470.0,12
Wholesale,Paddy,OD11,2017-18,published,1550.0,12
Wholesale,Paddy,OD11,2018-19,published,1750.0,12
Wholesale,Paddy,OD11,2019-20,projected,1854.24,12
Wholesale,Paddy,OD11,2020-21,projected,1964.69,12
Wholesale,Paddy,OD11,2021-22,projected,2081.71,12
Wholesale,Paddy,OD11,2022-23,projected,2205.71,12
Wholesale,Paddy,OD11,2023-24,projected,2337.1,12
Wholesale,Paddy,OD11,2024-25,projected,2476.3,12
Wholesale,Paddy,OD12,2013-14,published,1310.0,12
Wholesale,Paddy,OD12,2014-15,published,1360.0,12
Wholesale,Paddy,OD12,2015-16,published,1410.0,12
Wholesale,Paddy,OD12,2016-17,published,1470.0,12
Wholesale,Paddy,OD12,2017-18,published,1550.0,12
Wholesale,Paddy,OD12,2018-19,published,1750.0,12
Wholesale,Paddy,OD12,2019-20,projected,1854.24,12
Wholesale,Paddy,OD12,2020-21,projected,1964.69,12
Wholesale,Paddy,OD12,2021-22,projected,2081.71,12
Wholesale,Paddy,OD12,2022-23,projected,2205.71,12
Wholesale,Paddy,OD12,2023-24,projected,2337.1,12
Wholesale,Paddy,OD12,2024-25,projected,2476.3,12
Wholesale,Paddy,OD13,2013-14,published,1310.0,12
Wholesale,Paddy,OD13,2014-15,published,1360.0,12
Wholesale,Paddy,OD13,2015-16,published,1410.0,12
Wholesale,Paddy,OD13,2016-17,published,1470.0,12
Wholesale,Paddy,OD13,2017-18,published,1550.0,12
Wholesale,Paddy,OD13,2018-19,published,1750.0,12
Wholesale,Paddy,OD13,2019-20,projected,1854.24,12
Wholesale,Paddy,OD13,2020-21,projected,1964.69,12
Wholesale,Paddy,OD13,2021-22,projected,2081.71,12
Wholesale,Paddy,OD13,2022-23,projected,2205.71,12
Wholesale,Paddy,OD13,2023-24,projected,2337.1,12
Wholesale,Paddy,OD13,2024-25,projected,2476.3,12
Wholesale,Paddy,OD14,2013-14,published,1355.0,12
Wholesale,Paddy,OD14,2014-15,published,1375.0,12
Wholesale,Paddy,OD14,2015-16,published,1438.0,12
Wholesale,Paddy,OD14,2016-17,published,1470.0,12
Wholesale,Paddy,OD14,2017-18,published,1550.0,12
Wholesale,Paddy,OD14,2018-19,published,1750.0,12
Wholesale,Paddy,OD14,2019-20,projected,1854.24,12
Wholesale,Paddy,OD14,2020-21,projected,1964.69,12
Wholesale,Paddy,OD14,2021-22,projected,2081.71,12
Wholesale,Paddy,OD14,2022-23,projected,2205.71,12
Wholesale,Paddy,OD14,2023-24,projected,2337.1,12
Wholesale,Paddy,OD14,2024-25,projected,2476.3,12
Wholesale,Paddy,OD15,2013-14,published,1310.0,12
Wholesale,Paddy,OD15,2014-15,published,1360.0,12
Wholesale,Paddy,OD15,2015-16,published,1516.0,12
Wholesale,Paddy,OD15,2016-17,published,1500.0,12
Wholesale,Paddy,OD15,2017-18,published,1571.0,12
Wholesale,Paddy,OD15,2018-19,published,1750.0,12
Wholesale,Paddy,OD15,2019-20,projected,1854.24,12
Wholesale,Paddy,OD15,2020-21,projected,1964.69,12
Wholesale,Paddy,OD15,2021-22,projected,2081.71,12
Wholesale,Paddy,OD15,2022-23,projected,2205.71,12
Wholesale,Paddy,OD15,2023-24,projected,2337.1,12
Wholesale,Paddy,OD15,2024-25,projected,2476.3,12
Wholesale,Paddy,OD16,2013-14,published,1325.0,12
Wholesale,Paddy,OD16,2014-15,published,1375.0,12
Wholesale,Paddy,OD16,2015-16,published,1440.0,12
Wholesale,Paddy,OD16,2016-17,published,1470.0,12
Wholesale,Paddy,OD16,2017-18,published,1550.0,12
Wholesale,Paddy,OD16,2018-19,published,1750.0,12
Wholesale,Paddy,OD16,2019-20,projected,1854.24,12
Wholesale,Paddy,OD16,2020-21,projected,1964.69,12
Wholesale,Paddy,OD16,2021-22,projected,2081.71,12
Wholesale,Paddy,OD16,2022-23,projected,2205.71,12
Wholesale,Paddy,OD16,2023-24,projected,2337.1,12
Wholesale,Paddy,OD16,2024-25,projected,2476.3,12
Wholesale,Paddy,OD17,2013-14,published,1310.0,12
Wholesale,Paddy,OD17,2014-15,published,1360.0,12
Wholesale,Paddy,OD17,2015-16,published,1420.0,12
Wholesale,Paddy,OD17,2016-17,published,1470.0,12
Wholesale,Paddy,OD17,2017-18,published,1550.0,12
Wholesale,Paddy,OD17,2018-19,published,1750.0,12
Wholesale,Paddy,OD17,2019-20,projected,1854.24,12
Wholesale,Paddy,OD17,2020-21,projected,1964.69,12
Wholesale,Paddy,OD17,2021-22,projected,2081.71,12
Wholesale,Paddy,OD17,2022-23,projected,2205.71,12
Wholesale,Paddy,OD17,2023-24,projected,2337.1,12
Wholesale,Paddy,OD17,2024-25,projected,2476.3,12
Wholesale,Paddy,OD18,2013-14,published,1310.0,12
Wholesale,Paddy,OD18,2014-15,published,1360.0,12
Wholesale,Paddy,OD18,2015-16,published,1415.0,12
Wholesale,Paddy,OD18,2016-17,published,1470.0,12
Wholesale,Paddy,OD18,2017-18,published,1550.0,12
Wholesale,Paddy,OD18,2018-19,published,1750.0,12
Wholesale,Paddy,OD18,2019-20,projected,1854.24,12
Wholesale,Paddy,OD18,2020-21,projected,1964.69,12
Wholesale,Paddy,OD18,2021-22,projected,2081.71,12
Wholesale,Paddy,OD18,2022-23,projected,2205.71,12
Wholesale,Paddy,OD18,2023-24,projected,2337.1,12
Wholesale,Paddy,OD18,2024-25,projected,2476.3,12
Wholesale,Paddy,OD19,2013-14,published,1310.0,12
Wholesale,Paddy,OD19,2014-15,published,1360.0,12
Wholesale,Paddy,OD19,2015-16,published,1440.0,12
Wholesale,Paddy,OD19,2016-17,published,1470.0,12
Wholesale,Paddy,OD19,2017-18,published,1550.0,12
Wholesale,Paddy,OD19,2018-19,published,1813.0,12
Wholesale,Paddy,OD19,2019-20,projected,1920.99,12
Wholesale,Paddy,OD19,2020-21,projected,2035.42,12
Wholesale,Paddy,OD19,2021-22,projected,2156.66,12
Wholesale,Paddy,OD19,2022-23,projected,2285.12,12
Wholesale,Paddy,OD19,2023-24,projected,2421.23,12
Wholesale,Paddy,OD19,2024-25,projected,2565.45,12
Wholesale,Paddy,OD20,2013-14,published,1310.0,12
Wholesale,Paddy,OD20,2014-15,published,1360.0,12
Wholesale,Paddy,OD20,2015-16,published,1410.0,12
Wholesale,Paddy,OD20,2016-17,published,1470.0,12
Wholesale,Paddy,OD20,2017-18,published,1550.0,12
Wholesale,Paddy,OD20,2018-19,published,1750.0,12
Wholesale,Paddy,OD20,2019-20,projected,1854.24,12
Wholesale,Paddy,OD20,2020-21,projected,1964.69,12
Wholesale,Paddy,OD20,2021-22,projected,2081.71,12
Wholesale,Paddy,OD20,2022-23,projected,2205.71,12
Wholesale,Paddy,OD20,2023-24,projected,2337.1,12
Wholesale,Paddy,OD20,2024-25,projected,2476.3,12
Wholesale,Paddy,OD21,2013-14,published,1315.0,12
Wholesale,Paddy,OD21,2014-15,published,1360.0,12
Wholesale,Paddy,OD21,2015-16,published,1410.0,12
Wholesale,Paddy,OD21,2016-17,published,1470.0,12
Wholesale,Paddy,OD21,2017-18,published,1550.0,12
Wholesale,Paddy,OD21,2018-19,published,1750.0,12
Wholesale,Paddy,OD21,2019-20,projected,1854.24,12
Wholesale,Paddy,OD21,2020-21,projected,1964.69,12
Wholesale,Paddy,OD21,2021-22,projected,2081.71,12
Wholesale,Paddy,OD21,2022-23,projected,2205.71,12
Wholesale,Paddy,OD21,2023-24,projected,2337.1,12
Wholesale,Paddy,OD21,2024-25,projected,2476.3,12
Wholesale,Paddy,OD22,2013-14,published,1310.0,12
Wholesale,Paddy,OD22,2014-15,published,1360.0,12
Wholesale,Paddy,OD22,2015-16,published,1410.0,12
Wholesale,Paddy,OD22,2016-17,published,1470.0,12
Wholesale,Paddy,OD22,2017-18,published,1550.0,12
Wholesale,Paddy,OD22,2018-19,published,1750.0,12
Wholesale,Paddy,OD22,2019-20,projected,1854.24,12
Wholesale,Paddy,OD22,2020-21,projected,1964.69,12
Wholesale,Paddy,OD22,2021-22,projected,2081.71,12
Wholesale,Paddy,OD22,2022-23,projected,2205.71,12
Wholesale,Paddy,OD22,2023-24,projected,2337.1,12
Wholesale,Paddy,OD22,2024-25,projected,2476.3,12
Wholesale,Paddy,OD23,2013-14,published,1310.0,12
Wholesale,Paddy,OD23,2014-15,published,1360.0,12
Wholesale,Paddy,OD23,2015-16,published,1410.0,12
Wholesale,Paddy,OD23,2016-17,published,1470.0,12
Wholesale,Paddy,OD23,2017-18,published,1550.0,12
Wholesale,Paddy,OD23,2018-19,published,1750.0,12
Wholesale,Paddy,OD23,2019-20,projected,1854.24,12
Wholesale,Paddy,OD23,2020-21,projected,1964.69,12
Wholesale,Paddy,OD23,2021-22,projected,2081.71,12
Wholesale,Paddy,OD23,2022-23,projected,2205.71,12
Wholesale,Paddy,OD23,2023-24,projected,2337.1,12
Wholesale,Paddy,OD23,2024-25,projected,2476.3,12
Wholesale,Paddy,OD24,2013-14,published,1310.0,12
Wholesale,Paddy,OD24,2014-15,published,1360.0,12
Wholesale,Paddy,OD24,2015-16,published,1436.0,12
Wholesale,Paddy,OD24,2016-17,published,1470.0,12
Wholesale,Paddy,OD24,2017-18,published,1625.0,12
Wholesale,Paddy,OD24,2018-19,published,1750.0,12
Wholesale,Paddy,OD24,2019-20,projected,1854.24,12
Wholesale,Paddy,OD24,2020-21,projected,1964.69,12
Wholesale,Paddy,OD24,2021-22,projected,2081.71,12
Wholesale,Paddy,OD24,2022-23,projected,2205.71,12
Wholesale,Paddy,OD24,2023-24,projected,2337.1,12
Wholesale,Paddy,OD24,2024-25,projected,2476.3,12
Wholesale,Paddy,OD25,2013-14,published,1310.0,12
Wholesale,Paddy,OD25,2014-15,published,1360.0,12
Wholesale,Paddy,OD25,2015-16,published,1479.0,12
Wholesale,Paddy,OD25,2016-17,published,1470.0,12
Wholesale,Paddy,OD25,2017-18,published,1550.0,12
Wholesale,Paddy,OD25,2018-19,published,1750.0,12
Wholesale,Paddy,OD25,2019-20,projected,1854.24,12
Wholesale,Paddy,OD25,2020-21,projected,1964.69,12
Wholesale,Paddy,OD25,2021-22,projected,2081.71,12
Wholesale,Paddy,OD25,2022-23,projected,2205.71,12
Wholesale,Paddy,OD25,2023-24,projected,2337.1,12
Wholesale,Paddy,OD25,2024-25,projected,2476.3,12
Wholesale,Paddy,OD26,2013-14,published,1310.0,12
Wholesale,Paddy,OD26,2014-15,published,1360.0,12
Wholesale,Paddy,OD26,2015-16,published,1431.0,12
Wholesale,Paddy,OD26,2016-17,published,1470.0,12
Wholesale,Paddy,OD26,2017-18,published,1550.0,12
Wholesale,Paddy,OD26,2018-19,published,1750.0,12
Wholesale,Paddy,OD26,2019-20,projected,1854.24,12
Wholesale,Paddy,OD26,2020-21,projected,1964.69,12
Wholesale,Paddy,OD26,2021-22,projected,2081.71,12
Wholesale,Paddy,OD26,2022-23,projected,2205.71,12
Wholesale,Paddy,OD26,2023-24,projected,2337.1,12
Wholesale,Paddy,OD26,2024-25,projected,2476.3,12
Wholesale,Paddy,OD27,2013-14,published,1310.0,12
Wholesale,Paddy,OD27,2014-15,published,1360.0,12
Wholesale,Paddy,OD27,2015-16,published,1418.0,12
Wholesale,Paddy,OD27,2016-17,published,1470.0,12
Wholesale,Paddy,OD27,2017-18,published,1550.0,12
Wholesale,Paddy,OD27,2018-19,published,1789.0,12
Wholesale,Paddy,OD27,2019-20,projected,1895.56,12
Wholesale,Paddy,OD27,2020-21,projected,2008.47,12
Wholesale,Paddy,OD27,2021-22,projected,2128.11,12
Wholesale,Paddy,OD27,2022-23,projected,2254.87,12
Wholesale,Paddy,OD27,2023-24,projected,2389.18,12
Wholesale,Paddy,OD27,2024-25,projected,2531.49,12
Wholesale,Paddy,OD28,2013-14,published,1310.0,12
Wholesale,Paddy,OD28,2014-15,published,1360.0,12
Wholesale,Paddy,OD28,2015-16,published,1432.0,12
Wholesale,Paddy,OD28,2016-17,published,1470.0,12
Wholesale,Paddy,OD28,2017-18,published,1550.0,12
Wholesale,Paddy,OD28,2018-19,published,1750.0,12
Wholesale,Paddy,OD28,2019-20,projected,1854.24,12
Wholesale,Paddy,OD28,2020-21,projected,1964.69,12
Wholesale,Paddy,OD28,2021-22,projected,2081.71,12
Wholesale,Paddy,OD28,2022-23,projected,2205.71,12
Wholesale,Paddy,OD28,2023-24,projected,2337.1,12
Wholesale,Paddy,OD28,2024-25,projected,2476.3,12
Wholesale,Paddy,OD29,2013-14,published,1310.0,12
Wholesale,Paddy,OD29,2014-15,published,1370.0,12
Wholesale,Paddy,OD29,2015-16,published,1513.0,12
Wholesale,Paddy,OD29,2016-17,published,1474.0,12
Wholesale,Paddy,OD29,2017-18,published,1713.0,12
Wholesale,Paddy,OD29,2018-19,published,1750.0,12
Wholesale,Paddy,OD29,2019-20,projected,1854.24,12
Wholesale,Paddy,OD29,2020-21,projected,1964.69,12
Wholesale,Paddy,OD29,2021-22,projected,2081.71,12
Wholesale,Paddy,OD29,2022-23,projected,2205.71,12
Wholesale,Paddy,OD29,2023-24,projected,2337.1,12
Wholesale,Paddy,OD29,2024-25,projected,2476.3,12
Wholesale,Paddy,OD30,2013-14,published,1310.0,12
Wholesale,Paddy,OD30,2014-15,published,1360.0,12
Wholesale,Paddy,OD30,2015-16,published,1410.0,12
Wholesale,Paddy,OD30,2016-17,published,1470.0,12
Wholesale,Paddy,OD30,2017-18,published,1550.0,12
Wholesale,Paddy,OD30,2018-19,published,1750.0,12
Wholesale,Paddy,OD30,2019-20,projected,1854.24,12
Wholesale,Paddy,OD30,2020-21,projected,1964.69,12
Wholesale,Paddy,OD30,2021-22,projected,2081.71,12
Wholesale,Paddy,OD30,2022-23,projected,2205.71,12
Wholesale,Paddy,OD30,2023-24,projected,2337.1,12
Wholesale,Paddy,OD30,2024-25,projected,2476.3,12
Wholesale,Potato,OD01,2013-14,published,1113.0,12
Wholesale,Potato,OD01,2014-15,published,1015.0,12
Wholesale,Potato,OD01,2015-16,published,1145.0,12
Wholesale,Potato,OD01,2016-17,published,950.0,12
Wholesale,Potato,OD01,2017-18,published,1029.0,12
Wholesale,Potato,OD01,2018-19,published,1600.0,12
Wholesale,Potato,OD01,2019-20,projected,1728.05,12
Wholesale,Potato,OD01,2020-21,projected,1866.34,12
Wholesale,Potato,OD01,2021-22,projected,2015.7,12
Wholesale,Potato,OD01,2022-23,projected,2177.01,12
Wholesale,Potato,OD01,2023-24,projected,2351.23,12
Wholesale,Potato,OD01,2024-25,projected,2539.4,12
Wholesale,Potato,OD02,2013-14,published,1278.0,12
Wholesale,Potato,OD02,2014-15,imputed,1151.94,12
Wholesale,Potato,OD02,2015-16,imputed,1194.38,12
Wholesale,Potato,OD02,2016-17,published,937.0,12
Wholesale,Potato,OD02,2017-18,published,1016.0,12
Wholesale,Potato,OD02,2018-19,published,1650.0,12
Wholesale,Potato,OD02,2019-20,projected,1782.05,12
Wholesale,Potato,OD02,2020-21,projected,1924.66,12
Wholesale,Potato,OD02,2021-22,projected,2078.69,12
Wholesale,Potato,OD02,2022-23,projected,2245.04,12
Wholesale,Potato,OD02,2023-24,projected,2424.71,12
Wholesale,Potato,OD02,2024-25,projected,2618.76,12
Wholesale,Potato,OD03,2013-14,published,1026.0,12
Wholesale,Potato,OD03,2014-15,published,1033.0,12
Wholesale,Potato,OD03,2015-16,published,1011.0,12
Wholesale,Potato,OD03,2016-17,published,930.0,12
Wholesale,Potato,OD03,2017-18,published,863.0,12
Wholesale,Potato,OD03,2018-19,published,1520.0,12
Wholesale,Potato,OD03,2019-20,projected,1641.64,12
Wholesale,Potato,OD03,2020-21,projected,1773.02,12
Wholesale,Potato,OD03,2021-22,projected,1914.91,12
Wholesale,Potato,OD03,2022-23,projected,2068.16,12
Wholesale,Potato,OD03,2023-24,projected,2233.67,12
Wholesale,Potato,OD03,2024-25,projected,2412.43,12
Wholesale,Potato,OD04,2013-14,published,1058.0,12
Wholesale,Potato,OD04,2014-15,published,1029.0,12
Wholesale,Potato,OD04,2015-16,published,1106.0,12
Wholesale,Potato,OD04,2016-17,published,933.0,12
Wholesale,Potato,OD04,2017-18,published,983.0,12
Wholesale,Potato,OD04,2018-19,published,1436.0,12
Wholesale,Potato,OD04,2019-20,projected,1550.92,12
Wholesale,Potato,OD04,2020-21,projected,1675.04,12
Wholesale,Potato,OD04,2021-22,projected,1809.09,12
Wholesale,Potato,OD04,2022-23,projected,1953.87,12
Wholesale,Potato,OD04,2023-24,projected,2110.23,12
Wholesale,Potato,OD04,2024-25,projected,2279.11,12
Wholesale,Potato,OD05,2013-14,published,1183.0,12
Wholesale,Potato,OD05,2014-15,published,1033.0,12
Wholesale,Potato,OD05,2015-16,published,1096.0,12
Wholesale,Potato,OD05,2016-17,published,900.0,12
Wholesale,Potato,OD05,2017-18,published,955.0,12
Wholesale,Potato,OD05,2018-19,published,1319.0,12
Wholesale,Potato,OD05,2019-20,projected,1424.56,12
Wholesale,Potato,OD05,2020-21,projected,1538.56,12
Wholesale,Potato,OD05,2021-22,projected,1661.69,12
Wholesale,Potato,OD05,2022-23,projected,1794.67,12
Wholesale,Potato,OD05,2023-24,projected,1938.3,12
Wholesale,Potato,OD05,2024-25,projected,2093.42,12
Wholesale,Potato,OD06,2013-14,published,1182.0,12
Wholesale,Potato,OD06,2014-15,published,1194.0,12
Wholesale,Potato,OD06,2015-16,published,1169.0,12
Wholesale,Potato,OD06,2016-17,published,1033.0,12
Wholesale,Potato,OD06,2017-18,published,1094.0,12
Wholesale,Potato,OD06,2018-19,published,1587.0,12
Wholesale,Potato,OD06,2019-20,projected,1714.01,12
Wholesale,Potato,OD06,2020-21,projected,1851.17,12
Wholesale,Potato,OD06,2021-22,projected,1999.32,12
Wholesale,Potato,OD06,2022-23,projected,2159.32,12
Wholesale,Potato,OD06,2023-24,projected,2332.13,12
Wholesale,Potato,OD06,2024-25,projected,2518.77,12
Wholesale,Potato,OD07,2013-14,published,1194.0,12
Wholesale,Potato,OD07,2014-15,published,1198.0,12
Wholesale,Potato,OD07,2015-16,published,1138.0,12
Wholesale,Potato,OD07,2016-17,published,729.0,12
Wholesale,Potato,OD07,2017-18,published,795.0,12
Wholesale,Potato,OD07,2018-19,published,1720.0,12
Wholesale,Potato,OD07,2019-20,projected,1857.65,12
Wholesale,Potato,OD07,2020-21,projected,2006.31,12
Wholesale,Potato,OD07,2021-22,projected,2166.88,12
Wholesale,Potato,OD07,2022-23,projected,2340.29,12
Wholesale,Potato,OD07,2023-24,projected,2527.58,12
Wholesale,Potato,OD07,2024-25,projected,2729.85,12
Wholesale,Potato,OD08,2013-14,published,1194.0,12
Wholesale,Potato,OD08,2014-15,published,1111.0,12
Wholesale,Potato,OD08,2015-16,published,1201.0,12
Wholesale,Potato,OD08,2016-17,published,980.0,12
Wholesale,Potato,OD08,2017-18,published,1046.0,12
Wholesale,Potato,OD08,2018-19,published,1580.0,12
Wholesale,Potato,OD08,2019-20,projected,1706.44,12
Wholesale,Potato,OD08,2020-21,projected,1843.01,12
Wholesale,Potato,OD08,2021-22,projected,1990.5,12
Wholesale,Potato,OD08,2022-23,projected,2149.8,12
Wholesale,Potato,OD08,2023-24,projected,2321.84,12
Wholesale,Potato,OD08,2024-25,projected,2507.66,12
Wholesale,Potato,OD09,2013-14,published,1154.0,12
Wholesale,Potato,OD09,2014-15,published,1177.0,12
Wholesale,Potato,OD09,2015-16,published,1138.0,12
Wholesale,Potato,OD09,2016-17,published,895.0,12
Wholesale,Potato,OD09,2017-18,published,947.0,12
Wholesale,Potato,OD09,2018-19,published,1570.0,12
Wholesale,Potato,OD09,2019-20,projected,1695.64,12
Wholesale,Potato,OD09,2020-21,projected,1831.34,12
Wholesale,Potato,OD09,2021-22,projected,1977.9,12
Wholesale,Potato,OD09,2022-23,projected,2136.19,12
Wholesale,Potato,OD09,2023-24,projected,2307.15,12
Wholesale,Potato,OD09,2024-25,projected,2491.79,12
Wholesale,Potato,OD10,2013-14,published,1133.0,12
Wholesale,Potato,OD10,2014-15,published,1143.0,12
Wholesale,Potato,OD10,2015-16,published,1053.0,12
Wholesale,Potato,OD10,2016-17,published,875.0,12
Wholesale,Potato,OD10,2017-18,published,953.0,12
Wholesale,Potato,OD10,2018-19,published,1579.0,12
Wholesale,Potato,OD10,2019-20,projected,1705.36,12
Wholesale,Potato,OD10,2020-21,projected,1841.84,12
Wholesale,Potato,OD10,2021-22,projected,1989.24,12
Wholesale,Potato,OD10,2022-23,projected,2148.44,12
Wholesale,Potato,OD10,2023-24,projected,2320.37,12
Wholesale,Potato,OD10,2024-25,projected,2506.07,12
Wholesale,Potato,OD11,2013-14,published,1085.0,12
Wholesale,Potato,OD11,2014-15,published,1050.0,12
Wholesale,Potato,OD11,2015-16,published,1043.0,12
Wholesale,Potato,OD11,2016-17,published,800.0,12
Wholesale,Potato,OD11,2017-18,published,864.0,12
Wholesale,Potato,OD11,2018-19,published,1647.0,12
Wholesale,Potato,OD11,2019-20,projected,1778.81,12
Wholesale,Potato,OD11,2020-21,projected,1921.16,12
Wholesale,Potato,OD11,2021-22,projected,2074.91,12
Wholesale,Potato,OD11,2022-23,projected,2240.96,12
Wholesale,Potato,OD11,2023-24,projected,2420.3,12
Wholesale,Potato,OD11,2024-25,projected,2613.99,12
Wholesale,Potato,OD12,2013-14,published,1017.0,12
Wholesale,Potato,OD12,2014-15,published,1023.0,12
Wholesale,Potato,OD12,2015-16,published,1087.0,12
Wholesale,Potato,OD12,2016-17,published,903.0,12
Wholesale,Potato,OD12,2017-18,published,964.0,12
Wholesale,Potato,OD12,2018-19,published,1550.0,12
Wholesale,Potato,OD12,2019-20,projected,1674.04,12
Wholesale,Potato,OD12,2020-21,projected,1808.02,12
Wholesale,Potato,OD12,2021-22,projected,1952.71,12
Wholesale,Potato,OD12,2022-23,projected,2108.98,12
Wholesale,Potato,OD12,2023-24,projected,2277.76,12
Wholesale,Potato,OD12,2024-25,projected,2460.04,12
Wholesale,Potato,OD13,2013-14,published,1012.0,12
Wholesale,Potato,OD13,2014-15,published,967.0,12
Wholesale,Potato,OD13,2015-16,published,1053.0,12
Wholesale,Potato,OD13,2016-17,published,856.0,12
Wholesale,Potato,OD13,2017-18,published,890.0,12
Wholesale,Potato,OD13,2018-19,published,2000.0,12
Wholesale,Potato,OD13,2019-20,projected,2160.06,12
Wholesale,Potato,OD13,2020-21,projected,2332.92,12
Wholesale,Potato,OD13,2021-22,projected,2519.62,12
Wholesale,Potato,OD13,2022-23,projected,2721.26,12
Wholesale,Potato,OD13,2023-24,projected,2939.04,12
Wholesale,Potato,OD13,2024-25,projected,3174.25,12
Wholesale,Potato,OD14,2013-14,published,1083.0,12
Wholesale,Potato,OD14,2014-15,published,1133.0,12
Wholesale,Potato,OD14,2015-16,published,1264.0,12
Wholesale,Potato,OD14,2016-17,published,982.0,12
Wholesale,Potato,OD14,2017-18,published,1042.0,12
Wholesale,Potato,OD14,2018-19,published,1669.0,12
Wholesale,Potato,OD14,2019-20,projected,1802.57,12
Wholesale,Potato,OD14,2020-21,projected,1946.82,12
Wholesale,Potato,OD14,2021-22,projected,2102.63,12
Wholesale,Potato,OD14,2022-23,projected,2270.89,12
Wholesale,Potato,OD14,2023-24,projected,2452.63,12
Wholesale,Potato,OD14,2024-25,projected,2648.91,12
Wholesale,Potato,OD15,2013-14,published,1122.0,12
Wholesale,Potato,OD15,2014-15,imputed,1088.49,12
Wholesale,Potato,OD15,2015-16,imputed,1128.59,12
Wholesale,Potato,OD15,2016-17,imputed,911.39,12
Wholesale,Potato,OD15,2017-18,imputed,953.71,12
Wholesale,Potato,OD15,2018-19,imputed,1648.8,12
Wholesale,Potato,OD15,2019-20,projected,1211.79,12
Wholesale,Potato,OD15,2020-21,projected,1308.77,12
Wholesale,Potato,OD15,2021-22,projected,1413.51,12
Wholesale,Potato,OD15,2022-23,projected,1526.63,12
Wholesale,Potato,OD15,2023-24,projected,1648.8,12
Wholesale,Potato,OD15,2024-25,projected,1780.75,12
Wholesale,Potato,OD16,2013-14,published,1164.0,12
Wholesale,Potato,OD16,2014-15,published,1191.0,12
Wholesale,Potato,OD16,2015-16,published,1204.0,12
Wholesale,Potato,OD16,2016-17,published,944.0,12
Wholesale,Potato,OD16,2017-18,published,906.0,12
Wholesale,Potato,OD16,2018-19,published,1600.0,12
Wholesale,Potato,OD16,2019-20,projected,1728.05,12
Wholesale,Potato,OD16,2020-21,projected,1866.34,12
Wholesale,Potato,OD16,2021-22,projected,2015.7,12
Wholesale,Potato,OD16,2022-23,projected,2177.01,12
Wholesale,Potato,OD16,2023-24,projected,2351.23,12
Wholesale,Potato,OD16,2024-25,projected,2539.4,12
Wholesale,Potato,OD17,2013-14,published,1100.0,12
Wholesale,Potato,OD17,2014-15,published,1110.0,12
Wholesale,Potato,OD17,2015-16,published,1011.0,12
Wholesale,Potato,OD17,2016-17,published,867.0,12
Wholesale,Potato,OD17,2017-18,published,925.0,12
Wholesale,Potato,OD17,2018-19,published,1547.0,12
Wholesale,Potato,OD17,2019-20,projected,1670.8,12
Wholesale,Potato,OD17,2020-21,projected,1804.52,12
Wholesale,Potato,OD17,2021-22,projected,1948.93,12
Wholesale,Potato,OD17,2022-23,projected,2104.9,12
Wholesale,Potato,OD17,2023-24,projected,2273.35,12
Wholesale,Potato,OD17,2024-25,projected,2455.28,12
Wholesale,Potato,OD18,2013-14,published,1092.0,12
Wholesale,Potato,OD18,2014-15,published,1100.0,12
Wholesale,Potato,OD18,2015-16,published,1222.0,12
Wholesale,Potato,OD18,2016-17,published,933.0,12
Wholesale,Potato,OD18,2017-18,published,999.0,12
Wholesale,Potato,OD18,2018-19,published,1580.0,12
Wholesale,Potato,OD18,2019-20,projected,1706.44,12
Wholesale,Potato,OD18,2020-21,projected,1843.01,12
Wholesale,Potato,OD18,2021-22,projected,1990.5,12
Wholesale,Potato,OD18,2022-23,projected,2149.8,12
Wholesale,Potato,OD18,2023-24,projected,2321.84,12
Wholesale,Potato,OD18,2024-25,projected,2507.66,12
Wholesale,Potato,OD19,2013-14,published,1162.0,12
Wholesale,Potato,OD19,2014-15,published,976.0,12
Wholesale,Potato,OD19,2015-16,published,1043.0,12
Wholesale,Potato,OD19,2016-17,published,880.0,12
Wholesale,Potato,OD19,2017-18,published,813.0,12
Wholesale,Potato,OD19,2018-19,published,1700.0,12
Wholesale,Potato,OD19,2019-20,projected,1836.05,12
Wholesale,Potato,OD19,2020-21,projected,1982.98,12
Wholesale,Potato,OD19,2021-22,projected,2141.68,12
Wholesale,Potato,OD19,2022-23,projected,2313.07,12
Wholesale,Potato,OD19,2023-24,projected,2498.19,12
Wholesale,Potato,OD19,2024-25,projected,2698.11,12
Wholesale,Potato,OD20,2013-14,published,1129.0,12
Wholesale,Potato,OD20,2014-15,published,978.0,12
Wholesale,Potato,OD20,2015-16,published,1039.0,12
Wholesale,Potato,OD20,2016-17,published,900.0,12
Wholesale,Potato,OD20,2017-18,published,942.0,12
Wholesale,Potato,OD20,2018-19,published,1610.0,12
Wholesale,Potato,OD20,2019-20,projected,1738.85,12
Wholesale,Potato,OD20,2020-21,projected,1878.0,12
Wholesale,Potato,OD20,2021-22,projected,2028.3,12
Wholesale,Potato,OD20,2022-23,projected,2190.62,12
Wholesale,Potato,OD20,2023-24,projected,2365.93,12
Wholesale,Potato,OD20,2024-25,projected,2555.27,12
Wholesale,Potato,OD21,2013-14,published,1200.0,12
Wholesale,Potato,OD21,2014-15,imputed,1126.72,12
Wholesale,Potato,OD21,2015-16,imputed,1168.23,12
Wholesale,Potato,OD21,2016-17,imputed,943.4,12
Wholesale,Potato,OD21,2017-18,imputed,987.21,12
Wholesale,Potato,OD21,2018-19,published,1650.0,12
Wholesale,Potato,OD21,2019-20,projected,1782.05,12
Wholesale,Potato,OD21,2020-21,projected,1924.66,12
Wholesale,Potato,OD21,2021-22,projected,2078.69,12
Wholesale,Potato,OD21,2022-23,projected,2245.04,12
Wholesale,Potato,OD21,2023-24,projected,2424.71,12
Wholesale,Potato,OD21,2024-25,projected,2618.76,12
Wholesale,Potato,OD22,2013-14,published,1082.0,12
Wholesale,Potato,OD22,2014-15,published,1119.0,12
Wholesale,Potato,OD22,2015-16,published,1201.0,12
Wholesale,Potato,OD22,2016-17,published,968.0,12
Wholesale,Potato,OD22,2017-18,published,1026.0,12
Wholesale,Potato,OD22,2018-19,published,2000.0,12
Wholesale,Potato,OD22,2019-20,projected,2160.06,12
Wholesale,Potato,OD22,2020-21,projected,2332.92,12
Wholesale,Potato,OD22,2021-22,projected,2519.62,12
Wholesale,Potato,OD22,2022-23,projected,2721.26,12
Wholesale,Potato,OD22,2023-24,projected,2939.04,12
Wholesale,Potato,OD22,2024-25,projected,3174.25,12
Wholesale,Potato,OD23,2013-14,published,1267.0,12
Wholesale,Potato,OD23,2014-15,published,1220.0,12
Wholesale,Potato,OD23,2015-16,published,1194.0,12
Wholesale,Potato,OD23,2016-17,published,978.0,12
Wholesale,Potato,OD23,2017-18,published,1011.0,12
Wholesale,Potato,OD23,2018-19,published,1976.0,12
Wholesale,Potato,OD23,2019-20,projected,2134.14,12
Wholesale,Potato,OD23,2020-21,projected,2304.93,12
Wholesale,Potato,OD23,2021-22,projected,2489.39,12
Wholesale,Potato,OD23,2022-23,projected,2688.61,12
Wholesale,Potato,OD23,2023-24,projected,2903.77,12
Wholesale,Potato,OD23,2024-25,projected,3136.16,12
Wholesale,Potato,OD24,2013-14,published,1020.0,12
Wholesale,Potato,OD24,2014-15,imputed,1069.79,12
Wholesale,Potato,OD24,2015-16,published,1138.0,12
Wholesale,Potato,OD24,2016-17,imputed,895.74,12
Wholesale,Potato,OD24,2017-18,imputed,937.33,12
Wholesale,Potato,OD24,2018-19,published,1700.0,12
Wholesale,Potato,OD24,2019-20,projected,1836.05,12
Wholesale,Potato,OD24,2020-21,projected,1982.98,12
Wholesale,Potato,OD24,2021-22,projected,2141.68,12
Wholesale,Potato,OD24,2022-23,projected,2313.07,12
Wholesale,Potato,OD24,2023-24,projected,2498.19,12
Wholesale,Potato,OD24,2024-25,projected,2698.11,12
Wholesale,Potato,OD25,2013-14,published,1250.0,12
Wholesale,Potato,OD25,2014-15,published,1250.0,12
Wholesale,Potato,OD25,2015-16,published,1245.0,12
Wholesale,Potato,OD25,2016-17,published,1011.0,12
Wholesale,Potato,OD25,2017-18,published,1096.0,12
Wholesale,Potato,OD25,2018-19,published,1800.0,12
Wholesale,Potato,OD25,2019-20,projected,1944.05,12
Wholesale,Potato,OD25,2020-21,projected,2099.63,12
Wholesale,Potato,OD25,2021-22,projected,2267.66,12
Wholesale,Potato,OD25,2022-23,projected,2449.14,12
Wholesale,Potato,OD25,2023-24,projected,2645.14,12
Wholesale,Potato,OD25,2024-25,projected,2856.82,12
Wholesale,Potato,OD26,2013-14,published,1133.0,12
Wholesale,Potato,OD26,2014-15,published,1086.0,12
Wholesale,Potato,OD26,2015-16,published,1101.0,12
Wholesale,Potato,OD26,2016-17,published,947.0,12
Wholesale,Potato,OD26,2017-18,published,902.0,12
Wholesale,Potato,OD26,2018-19,published,1717.0,12
Wholesale,Potato,OD26,2019-20,projected,1854.41,12
Wholesale,Potato,OD26,2020-21,projected,2002.81,12
Wholesale,Potato,OD26,2021-22,projected,2163.1,12
Wholesale,Potato,OD26,2022-23,projected,2336.21,12
Wholesale,Potato,OD26,2023-24,projected,2523.17,12
Wholesale,Potato,OD26,2024-25,projected,2725.09,12
Wholesale,Potato,OD27,2013-14,published,1145.0,12
Wholesale,Potato,OD27,2014-15,published,1148.0,12
Wholesale,Potato,OD27,2015-16,published,1140.0,12
Wholesale,Potato,OD27,2016-17,published,963.0,12
Wholesale,Potato,OD27,2017-18,published,1043.0,12
Wholesale,Potato,OD27,2018-19,published,1888.0,12
Wholesale,Potato,OD27,2019-20,projected,2039.09,12
Wholesale,Potato,OD27,2020-21,projected,2202.28,12
Wholesale,Potato,OD27,2021-22,projected,2378.52,12
Wholesale,Potato,OD27,2022-23,projected,2568.87,12
Wholesale,Potato,OD27,2023-24,projected,2774.46,12
Wholesale,Potato,OD27,2024-25,projected,2996.49,12
Wholesale,Potato,OD28,2013-14,published,1186.0,12
Wholesale,Potato,OD28,2014-15,published,1150.0,12
Wholesale,Potato,OD28,2015-16,published,1207.0,12
Wholesale,Potato,OD28,2016-17,published,875.0,12
Wholesale,Potato,OD28,2017-18,published,922.0,12
Wholesale,Potato,OD28,2018-19,published,1543.0,12
Wholesale,Potato,OD28,2019-20,projected,1666.48,12
Wholesale,Potato,OD28,2020-21,projected,1799.85,12
Wholesale,Potato,OD28,2021-22,projected,1943.89,12
Wholesale,Potato,OD28,2022-23,projected,2099.46,12
Wholesale,Potato,OD28,2023-24,projected,2267.47,12
Wholesale,Potato,OD28,2024-25,projected,2448.93,12
Wholesale,Potato,OD29,2013-14,published,1133.0,12
Wholesale,Potato,OD29,2014-15,published,1150.0,12
Wholesale,Potato,OD29,2015-16,published,1264.0,12
Wholesale,Potato,OD29,2016-17,published,900.0,12
Wholesale,Potato,OD29,2017-18,published,982.0,12
Wholesale,Potato,OD29,2018-19,published,1636.0,12
Wholesale,Potato,OD29,2019-20,projected,1766.93,12
Wholesale,Potato,OD29,2020-21,projected,1908.33,12
Wholesale,Potato,OD29,2021-22,projected,2061.05,12
Wholesale,Potato,OD29,2022-23,projected,2225.99,12
Wholesale,Potato,OD29,2023-24,projected,2404.14,12
Wholesale,Potato,OD29,2024-25,projected,2596.54,12
Wholesale,Potato,OD30,2013-14,published,1100.0,12
Wholesale,Potato,OD30,2014-15,published,1000.0,12
Wholesale,Potato,OD30,2015-16,published,1264.0,12
Wholesale,Potato,OD30,2016-17,published,985.0,12
Wholesale,Potato,OD30,2017-18,published,1000.0,12
Wholesale,Potato,OD30,2018-19,published,1920.0,12
Wholesale,Potato,OD30,2019-20,projected,2073.65,12
Wholesale,Potato,OD30,2020-21,projected,2239.61,12
Wholesale,Potato,OD30,2021-22,projected,2418.84,12
Wholesale,Potato,OD30,2022-23,projected,2612.41,12
Wholesale,Potato,OD30,2023-24,projected,2821.48,12
Wholesale,Potato,OD30,2024-25,projected,3047.28,12
Wholesale,Ragi,OD01,2013-14,published,1442.0,12
Wholesale,Ragi,OD01,2014-15,published,1600.0,12
Wholesale,Ragi,OD01,2015-16,published,1829.0,12
Wholesale,Ragi,OD01,2016-17,published,1932.0,12
Wholesale,Ragi,OD01,2017-18,imputed,2098.8,12
Wholesale,Ragi,OD01,2018-19,published,3000.0,12
Wholesale,Ragi,OD01,2019-20,projected,3300.0,12
Wholesale,Ragi,OD01,2020-21,projected,3630.0,12
Wholesale,Ragi,OD01,2021-22,projected,3993.0,12
Wholesale,Ragi,OD01,2022-23,projected,4392.3,12
Wholesale,Ragi,OD01,2023-24,projected,4831.53,12
Wholesale,Ragi,OD01,2024-25,projected,5314.68,12
Wholesale,Ragi,OD02,2013-14,published,1354.0,12
Wholesale,Ragi,OD02,2014-15,published,1500.0,12
Wholesale,Ragi,OD02,2015-16,published,1774.0,12
Wholesale,Ragi,OD02,2016-17,published,1867.0,12
Wholesale,Ragi,OD02,2017-18,imputed,1990.69,12
Wholesale,Ragi,OD02,2018-19,imputed,2789.1,12
Wholesale,Ragi,OD02,2019-20,projected,2028.1,12
Wholesale,Ragi,OD02,2020-21,projected,2230.91,12
Wholesale,Ragi,OD02,2021-22,projected,2454.0,12
Wholesale,Ragi,OD02,2022-23,projected,2699.4,12
Wholesale,Ragi,OD02,2023-24,projected,2969.34,12
Wholesale,Ragi,OD02,2024-25,projected,3266.28,12
Wholesale,Ragi,OD04,2013-14,published,1300.0,12
Wholesale,Ragi,OD04,2014-15,published,1400.0,12
Wholesale,Ragi,OD04,2015-16,imputed,1678.49,12
Wholesale,Ragi,OD04,2016-17,published,2000.0,12
Wholesale,Ragi,OD04,2017-18,imputed,1949.23,12
Wholesale,Ragi,OD04,2018-19,published,2745.0,12
Wholesale,Ragi,OD04,2019-20,projected,3019.5,12
Wholesale,Ragi,OD04,2020-21,projected,3321.45,12
Wholesale,Ragi,OD04,2021-22,projected,3653.6,12
Wholesale,Ragi,OD04,2022-23,projected,4018.95,12
Wholesale,Ragi,OD04,2023-24,projected,4420.85,12
Wholesale,Ragi,OD04,2024-25,projected,4862.93,12
Wholesale,Ragi,OD06,2013-14,published,1520.0,12
Wholesale,Ragi,OD06,2014-15,published,1560.0,12
Wholesale,Ragi,OD06,2015-16,published,1796.0,12
Wholesale,Ragi,OD06,2016-17,published,1870.0,12
Wholesale,Ragi,OD06,2017-18,imputed,2075.78,12
Wholesale,Ragi,OD06,2018-19,imputed,2908.32,12
Wholesale,Ragi,OD06,2019-20,projected,2114.79,12
Wholesale,Ragi,OD06,2020-21,projected,2326.27,12
Wholesale,Ragi,OD06,2021-22,projected,2558.9,12
Wholesale,Ragi,OD06,2022-23,projected,2814.79,12
Wholesale,Ragi,OD06,2023-24,projected,3096.27,12
Wholesale,Ragi,OD06,2024-25,projected,3405.89,12
Wholesale,Ragi,OD07,2013-14,published,1581.0,12
Wholesale,Ragi,OD07,2014-15,published,1590.0,12
Wholesale,Ragi,OD07,2015-16,published,1757.0,12
Wholesale,Ragi,OD07,2016-17,published,2085.0,12
Wholesale,Ragi,OD07,2017-18,imputed,2153.76,12
Wholesale,Ragi,OD07,2018-19,imputed,3017.57,12
Wholesale,Ragi,OD07,2019-20,projected,2194.24,12
Wholesale,Ragi,OD07,2020-21,projected,2413.66,12
Wholesale,Ragi,OD07,2021-22,projected,2655.03,12
Wholesale,Ragi,OD07,2022-23,projected,2920.53,12
Wholesale,Ragi,OD07,2023-24,projected,3212.59,12
Wholesale,Ragi,OD07,2024-25,projected,3533.84,12
Wholesale,Ragi,OD08,2013-14,imputed,1623.7,12
Wholesale,Ragi,OD08,2014-15,imputed,1702.37,12
Wholesale,Ragi,OD08,2015-16,imputed,1951.55,12
Wholesale,Ragi,OD08,2016-17,published,1967.0,12
Wholesale,Ragi,OD08,2017-18,imputed,2266.33,12
Wholesale,Ragi,OD08,2018-19,published,3375.0,12
Wholesale,Ragi,OD08,2019-20,projected,3712.5,12
Wholesale,Ragi,OD08,2020-21,projected,4083.75,12
Wholesale,Ragi,OD08,2021-22,projected,4492.13,12
Wholesale,Ragi,OD08,2022-23,projected,4941.34,12
Wholesale,Ragi,OD08,2023-24,projected,5435.47,12
Wholesale,Ragi,OD08,2024-25,projected,5979.02,12
Wholesale,Ragi,OD09,2013-14,published,1500.0,12
Wholesale,Ragi,OD09,2014-15,published,1550.0,12
Wholesale,Ragi,OD09,2015-16,published,1746.0,12
Wholesale,Ragi,OD09,2016-17,published,1775.0,12
Wholesale,Ragi,OD09,2017-18,imputed,2025.31,12
Wholesale,Ragi,OD09,2018-19,imputed,2837.61,12
Wholesale,Ragi,OD09,2019-20,projected,2063.38,12
Wholesale,Ragi,OD09,2020-21,projected,2269.71,12
Wholesale,Ragi,OD09,2021-22,projected,2496.69,12
Wholesale,Ragi,OD09,2022-23,projected,2746.35,12
Wholesale,Ragi,OD09,2023-24,projected,3020.99,12
Wholesale,Ragi,OD09,2024-25,projected,3323.09,12
Wholesale,Ragi,OD10,2013-14,published,1393.0,12
Wholesale,Ragi,OD10,2014-15,published,1427.0,12
Wholesale,Ragi,OD10,2015-16,published,1663.0,12
Wholesale,Ragi,OD10,2016-17,published,1820.0,12
Wholesale,Ragi,OD10,2017-18,published,1767.0,12
Wholesale,Ragi,OD10,2018-19,published,3200.0,12
Wholesale,Ragi,OD10,2019-20,projected,3520.0,12
Wholesale,Ragi,OD10,2020-21,projected,3872.0,12
Wholesale,Ragi,OD10,2021-22,projected,4259.2,12
Wholesale,Ragi,OD10,2022-23,projected,4685.12,12
Wholesale,Ragi,OD10,2023-24,projected,5153.63,12
Wholesale,Ragi,OD10,2024-25,projected,5669.0,12
Wholesale,Ragi,OD11,2013-14,published,1375.0,12
Wholesale,Ragi,OD11,2014-15,published,1420.0,12
Wholesale,Ragi,OD11,2015-16,published,1663.0,12
Wholesale,Ragi,OD11,2016-17,published,1780.0,12
Wholesale,Ragi,OD11,2017-18,published,1792.0,12
Wholesale,Ragi,OD11,2018-19,published,3163.0,12
Wholesale,Ragi,OD11,2019-20,projected,3479.3,12
Wholesale,Ragi,OD11,2020-21,projected,3827.23,12
Wholesale,Ragi,OD11,2021-22,projected,4209.95,12
Wholesale,Ragi,OD11,2022-23,projected,4630.95,12
Wholesale,Ragi,OD11,2023-24,projected,5094.04,12
Wholesale,Ragi,OD11,2024-25,projected,5603.45,12
Wholesale,Ragi,OD14,2013-14,imputed,1289.6,12
Wholesale,Ragi,OD14,2014-15,imputed,1352.09,12
Wholesale,Ragi,OD14,2015-16,imputed,1549.99,12
Wholesale,Ragi,OD14,2016-17,imputed,1667.12,12
Wholesale,Ragi,OD14,2017-18,published,1800.0,12
Wholesale,Ragi,OD14,2018-19,imputed,2521.93,12
Wholesale,Ragi,OD14,2019-20,projected,1980.0,12
Wholesale,Ragi,OD14,2020-21,projected,2178.0,12
Wholesale,Ragi,OD14,2021-22,projected,2395.8,12
Wholesale,Ragi,OD14,2022-23,projected,2635.38,12
Wholesale,Ragi,OD14,2023-24,projected,2898.92,12
Wholesale,Ragi,OD14,2024-25,projected,3188.81,12
Wholesale,Ragi,OD15,2013-14,published,1485.0,12
Wholesale,Ragi,OD15,2014-15,published,1530.0,12
Wholesale,Ragi,OD15,2015-16,published,1774.0,12
Wholesale,Ragi,OD15,2016-17,published,2000.0,12
Wholesale,Ragi,OD15,2017-18,published,2000.0,12
Wholesale,Ragi,OD15,2018-19,published,2500.0,12
Wholesale,Ragi,OD15,2019-20,projected,2750.0,12
Wholesale,Ragi,OD15,2020-21,projected,3025.0,12
Wholesale,Ragi,OD15,2021-22,projected,3327.5,12
Wholesale,Ragi,OD15,2022-23,projected,3660.25,12
Wholesale,Ragi,OD15,2023-24,projected,4026.28,12
Wholesale,Ragi,OD15,2024-25,projected,4428.9,12
Wholesale,Ragi,OD16,2013-14,published,1525.0,12
Wholesale,Ragi,OD16,2014-15,published,1575.0,12
Wholesale,Ragi,OD16,2015-16,published,1829.0,12
Wholesale,Ragi,OD16,2016-17,imputed,2015.97,12
Wholesale,Ragi,OD16,2017-18,published,2250.0,12
Wholesale,Ragi,OD16,2018-19,published,3200.0,12
Wholesale,Ragi,OD16,2019-20,projected,3520.0,12
Wholesale,Ragi,OD16,2020-21,projected,3872.0,12
Wholesale,Ragi,OD16,2021-22,projected,4259.2,12
Wholesale,Ragi,OD16,2022-23,projected,4685.12,12
Wholesale,Ragi,OD16,2023-24,projected,5153.63,12
Wholesale,Ragi,OD16,2024-25,projected,5669.0,12
Wholesale,Ragi,OD19,2013-14,published,1555.0,12
Wholesale,Ragi,OD19,2014-15,published,1625.0,12
Wholesale,Ragi,OD19,2015-16,published,1868.0,12
Wholesale,Ragi,OD19,2016-17,imputed,2148.28,12
Wholesale,Ragi,OD19,2017-18,published,2775.0,12
Wholesale,Ragi,OD19,2018-19,imputed,3249.81,12
Wholesale,Ragi,OD19,2019-20,projected,2551.47,12
Wholesale,Ragi,OD19,2020-21,projected,2806.61,12
Wholesale,Ragi,OD19,2021-22,projected,3087.28,12
Wholesale,Ragi,OD19,2022-23,projected,3396.0,12
Wholesale,Ragi,OD19,2023-24,projected,3735.6,12
Wholesale,Ragi,OD19,2024-25,projected,4109.16,12
Wholesale,Ragi,OD20,2013-14,published,1260.0,12
Wholesale,Ragi,OD20,2014-15,published,1450.0,12
Wholesale,Ragi,OD20,2015-16,published,1636.0,12
Wholesale,Ragi,OD20,2016-17,published,1663.0,12
Wholesale,Ragi,OD20,2017-18,published,1745.0,12
Wholesale,Ragi,OD20,2018-19,published,2800.0,12
Wholesale,Ragi,OD20,2019-20,projected,3080.0,12
Wholesale,Ragi,OD20,2020-21,projected,3388.0,12
Wholesale,Ragi,OD20,2021-22,projected,3726.8,12
Wholesale,Ragi,OD20,2022-23,projected,4099.48,12
Wholesale,Ragi,OD20,2023-24,projected,4509.43,12
Wholesale,Ragi,OD20,2024-25,projected,4960.37,12
Wholesale,Ragi,OD21,2013-14,published,1600.0,12
Wholesale,Ragi,OD21,2014-15,published,1600.0,12
Wholesale,Ragi,OD21,2015-16,published,1621.0,12
Wholesale,Ragi,OD21,2016-17,published,1725.0,12
Wholesale,Ragi,OD21,2017-18,published,1867.0,12
Wholesale,Ragi,OD21,2018-19,published,2500.0,12
Wholesale,Ragi,OD21,2019-20,projected,2750.0,12
Wholesale,Ragi,OD21,2020-21,projected,3025.0,12
Wholesale,Ragi,OD21,2021-22,projected,3327.5,12
Wholesale,Ragi,OD21,2022-23,projected,3660.25,12
Wholesale,Ragi,OD21,2023-24,projected,4026.28,12
Wholesale,Ragi,OD21,2024-25,projected,4428.9,12
Wholesale,Ragi,OD22,2013-14,imputed,1636.34,12
Wholesale,Ragi,OD22,2014-15,imputed,1715.62,12
Wholesale,Ragi,OD22,2015-16,imputed,1966.74,12
Wholesale,Ragi,OD22,2016-17,imputed,2115.36,12
Wholesale,Ragi,OD22,2017-18,imputed,2283.97,12
Wholesale,Ragi,OD22,2018-19,published,3200.0,12
Wholesale,Ragi,OD22,2019-20,projected,3520.0,12
Wholesale,Ragi,OD22,2020-21,projected,3872.0,12
Wholesale,Ragi,OD22,2021-22,projected,4259.2,12
Wholesale,Ragi,OD22,2022-23,projected,4685.12,12
Wholesale,Ragi,OD22,2023-24,projected,5153.63,12
Wholesale,Ragi,OD22,2024-25,projected,5669.0,12
Wholesale,Ragi,OD23,2013-14,published,1500.0,12
Wholesale,Ragi,OD23,2014-15,published,1533.0,12
Wholesale,Ragi,OD23,2015-16,published,1760.0,12
Wholesale,Ragi,OD23,2016-17,published,1933.0,12
Wholesale,Ragi,OD23,2017-18,published,2029.0,12
Wholesale,Ragi,OD23,2018-19,published,2800.0,12
Wholesale,Ragi,OD23,2019-20,projected,3080.0,12
Wholesale,Ragi,OD23,2020-21,projected,3388.0,12
Wholesale,Ragi,OD23,2021-22,projected,3726.8,12
Wholesale,Ragi,OD23,2022-23,projected,4099.48,12
Wholesale,Ragi,OD23,2023-24,projected,4509.43,12
Wholesale,Ragi,OD23,2024-25,projected,4960.37,12
Wholesale,Ragi,OD24,2013-14,published,1550.0,12
Wholesale,Ragi,OD24,2014-15,published,1620.0,12
Wholesale,Ragi,OD24,2015-16,published,1857.0,12
Wholesale,Ragi,OD24,2016-17,published,2200.0,12
Wholesale,Ragi,OD24,2017-18,published,2275.0,12
Wholesale,Ragi,OD24,2018-19,published,3000.0,12
Wholesale,Ragi,OD24,2019-20,projected,3300.0,12
Wholesale,Ragi,OD24,2020-21,projected,3630.0,12
Wholesale,Ragi,OD24,2021-22,projected,3993.0,12
Wholesale,Ragi,OD24,2022-23,projected,4392.3,12
Wholesale,Ragi,OD24,2023-24,projected,4831.53,12
Wholesale,Ragi,OD24,2024-25,projected,5314.68,12
Wholesale,Ragi,OD25,2013-14,published,1500.0,12
Wholesale,Ragi,OD25,2014-15,published,1575.0,12
Wholesale,Ragi,OD25,2015-16,published,1824.0,12
Wholesale,Ragi,OD25,2016-17,published,1750.0,12
Wholesale,Ragi,OD25,2017-18,published,1900.0,12
Wholesale,Ragi,OD25,2018-19,published,2700.0,12
Wholesale,Ragi,OD25,2019-20,projected,2970.0,12
Wholesale,Ragi,OD25,2020-21,projected,3267.0,12
Wholesale,Ragi,OD25,2021-22,projected,3593.7,12
Wholesale,Ragi,OD25,2022-23,projected,3953.07,12
Wholesale,Ragi,OD25,2023-24,projected,4348.38,12
Wholesale,Ragi,OD25,2024-25,projected,4783.21,12
Wholesale,Ragi,OD26,2013-14,published,1600.0,12
Wholesale,Ragi,OD26,2014-15,published,1620.0,12
Wholesale,Ragi,OD26,2015-16,published,1885.0,12
Wholesale,Ragi,OD26,2016-17,imputed,2102.18,12
Wholesale,Ragi,OD26,2017-18,published,2500.0,12
Wholesale,Ragi,OD26,2018-19,imputed,3180.07,12
Wholesale,Ragi,OD26,2019-20,projected,2496.71,12
Wholesale,Ragi,OD26,2020-21,projected,2746.38,12
Wholesale,Ragi,OD26,2021-22,projected,3021.02,12
Wholesale,Ragi,OD26,2022-23,projected,3323.13,12
Wholesale,Ragi,OD26,2023-24,projected,3655.44,12
Wholesale,Ragi,OD26,2024-25,projected,4020.98,12
Wholesale,Ragi,OD27,2013-14,published,1334.0,12
Wholesale,Ragi,OD27,2014-15,published,1500.0,12
Wholesale,Ragi,OD27,2015-16,published,1829.0,12
Wholesale,Ragi,OD27,2016-17,published,1802.0,12
Wholesale,Ragi,OD27,2017-18,published,1944.0,12
Wholesale,Ragi,OD27,2018-19,published,2868.0,12
Wholesale,Ragi,OD27,2019-20,projected,3154.8,12
Wholesale,Ragi,OD27,2020-21,projected,3470.28,12
Wholesale,Ragi,OD27,2021-22,projected,3817.31,12
Wholesale,Ragi,OD27,2022-23,projected,4199.04,12
Wholesale,Ragi,OD27,2023-24,projected,4618.94,12
Wholesale,Ragi,OD27,2024-25,projected,5080.84,12
Wholesale,Ragi,OD28,2013-14,published,1524.0,12
Wholesale,Ragi,OD28,2014-15,published,1650.0,12
Wholesale,Ragi,OD28,2015-16,published,1846.0,12
Wholesale,Ragi,OD28,2016-17,published,2337.0,12
Wholesale,Ragi,OD28,2017-18,published,2403.0,12
Wholesale,Ragi,OD28,2018-19,published,2633.0,12
Wholesale,Ragi,OD28,2019-20,projected,2896.3,12
Wholesale,Ragi,OD28,2020-21,projected,3185.93,12
Wholesale,Ragi,OD28,2021-22,projected,3504.52,12
Wholesale,Ragi,OD28,2022-23,projected,3854.98,12
Wholesale,Ragi,OD28,2023-24,projected,4240.47,12
Wholesale,Ragi,OD28,2024-25,projected,4664.52,12
Wholesale,Ragi,OD29,2013-14,published,1760.0,12
Wholesale,Ragi,OD29,2014-15,published,1770.0,12
Wholesale,Ragi,OD29,2015-16,published,1907.0,12
Wholesale,Ragi,OD29,2016-17,published,2000.0,12
Wholesale,Ragi,OD29,2017-18,imputed,2296.73,12
Wholesale,Ragi,OD29,2018-19,imputed,3217.89,12
Wholesale,Ragi,OD29,2019-20,projected,2339.9,12
Wholesale,Ragi,OD29,2020-21,projected,2573.89,12
Wholesale,Ragi,OD29,2021-22,projected,2831.28,12
Wholesale,Ragi,OD29,2022-23,projected,3114.41,12
Wholesale,Ragi,OD29,2023-24,projected,3425.85,12
Wholesale,Ragi,OD29,2024-25,projected,3768.43,12
Wholesale,Ragi,OD30,2013-14,imputed,1410.61,12
Wholesale,Ragi,OD30,2014-15,imputed,1478.96,12
Wholesale,Ragi,OD30,2015-16,imputed,1695.43,12
Wholesale,Ragi,OD30,2016-17,imputed,1823.55,12
Wholesale,Ragi,OD30,2017-18,published,2000.0,12
Wholesale,Ragi,OD30,2018-19,published,2715.0,12
Wholesale,Ragi,OD30,2019-20,projected,2986.5,12
Wholesale,Ragi,OD30,2020-21,projected,3285.15,12
Wholesale,Ragi,OD30,2021-22,projected,3613.67,12
Wholesale,Ragi,OD30,2022-23,projected,3975.03,12
Wholesale,Ragi,OD30,2023-24,projected,4372.53,12
Wholesale,Ragi,OD30,2024-25,projected,4809.79,12
Wholesale,Sugarcane,OD01,2013-14,published,230.0,12
Wholesale,Sugarcane,OD01,2014-15,published,261.0,12
Wholesale,Sugarcane,OD01,2015-16,published,274.0,12
Wholesale,Sugarcane,OD01,2016-17,published,310.0,12
Wholesale,Sugarcane,OD01,2017-18,published,320.0,12
Wholesale,Sugarcane,OD01,2018-19,published,296.0,12
Wholesale,Sugarcane,OD01,2019-20,projected,325.6,12
Wholesale,Sugarcane,OD01,2020-21,projected,358.16,12
Wholesale,Sugarcane,OD01,2021-22,projected,393.98,12
Wholesale,Sugarcane,OD01,2022-23,projected,433.37,12
Wholesale,Sugarcane,OD01,2023-24,projected,476.71,12
Wholesale,Sugarcane,OD01,2024-25,projected,524.38,12
Wholesale,Sugarcane,OD02,2013-14,published,196.0,12
Wholesale,Sugarcane,OD02,2014-15,published,240.0,12
Wholesale,Sugarcane,OD02,2015-16,published,251.0,12
Wholesale,Sugarcane,OD02,2016-17,published,285.0,12
Wholesale,Sugarcane,OD02,2017-18,published,290.0,12
Wholesale,Sugarcane,OD02,2018-19,published,290.0,12
Wholesale,Sugarcane,OD02,2019-20,projected,319.0,12
Wholesale,Sugarcane,OD02,2020-21,projected,350.9,12
Wholesale,Sugarcane,OD02,2021-22,projected,385.99,12
Wholesale,Sugarcane,OD02,2022-23,projected,424.59,12
Wholesale,Sugarcane,OD02,2023-24,projected,467.05,12
Wholesale,Sugarcane,OD02,2024-25,projected,513.75,12
Wholesale,Sugarcane,OD03,2013-14,imputed,223.26,12
Wholesale,Sugarcane,OD03,2014-15,published,255.0,12
Wholesale,Sugarcane,OD03,2015-16,published,265.0,12
Wholesale,Sugarcane,OD03,2016-17,published,300.0,12
Wholesale,Sugarcane,OD03,2017-18,published,308.0,12
Wholesale,Sugarcane,OD03,2018-19,published,461.0,12
Wholesale,Sugarcane,OD03,2019-20,projected,507.1,12
Wholesale,Sugarcane,OD03,2020-21,projected,557.81,12
Wholesale,Sugarcane,OD03,2021-22,projected,613.59,12
Wholesale,Sugarcane,OD03,2022-23,projected,674.95,12
Wholesale,Sugarcane,OD03,2023-24,projected,742.45,12
Wholesale,Sugarcane,OD03,2024-25,projected,816.69,12
Wholesale,Sugarcane,OD04,2013-14,published,185.0,12
Wholesale,Sugarcane,OD04,2014-15,published,226.0,12
Wholesale,Sugarcane,OD04,2015-16,published,239.0,12
Wholesale,Sugarcane,OD04,2016-17,published,260.0,12
Wholesale,Sugarcane,OD04,2017-18,published,270.0,12
Wholesale,Sugarcane,OD04,2018-19,published,348.0,12
Wholesale,Sugarcane,OD04,2019-20,projected,382.8,12
Wholesale,Sugarcane,OD04,2020-21,projected,421.08,12
Wholesale,Sugarcane,OD04,2021-22,projected,463.19,12
Wholesale,Sugarcane,OD04,2022-23,projected,509.51,12
Wholesale,Sugarcane,OD04,2023-24,projected,560.46,12
Wholesale,Sugarcane,OD04,2024-25,projected,616.5,12
Wholesale,Sugarcane,OD05,2013-14,imputed,218.76,12
Wholesale,Sugarcane,OD05,2014-15,published,255.0,12
Wholesale,Sugarcane,OD05,2015-16,published,263.0,12
Wholesale,Sugarcane,OD05,2016-17,published,300.0,12
Wholesale,Sugarcane,OD05,2017-18,published,319.0,12
Wholesale,Sugarcane,OD05,2018-19,published,408.0,12
Wholesale,Sugarcane,OD05,2019-20,projected,448.8,12
Wholesale,Sugarcane,OD05,2020-21,projected,493.68,12
Wholesale,Sugarcane,OD05,2021-22,projected,543.05,12
Wholesale,Sugarcane,OD05,2022-23,projected,597.35,12
Wholesale,Sugarcane,OD05,2023-24,projected,657.09,12
Wholesale,Sugarcane,OD05,2024-25,projected,722.8,12
Wholesale,Sugarcane,OD06,2013-14,imputed,224.47,12
Wholesale,Sugarcane,OD06,2014-15,published,260.0,12
Wholesale,Sugarcane,OD06,2015-16,published,273.0,12
Wholesale,Sugarcane,OD06,2016-17,published,310.0,12
Wholesale,Sugarcane,OD06,2017-18,published,327.0,12
Wholesale,Sugarcane,OD06,2018-19,published,414.0,12
Wholesale,Sugarcane,OD06,2019-20,projected,455.4,12
Wholesale,Sugarcane,OD06,2020-21,projected,500.94,12
Wholesale,Sugarcane,OD06,2021-22,projected,551.03,12
Wholesale,Sugarcane,OD06,2022-23,projected,606.14,12
Wholesale,Sugarcane,OD06,2023-24,projected,666.75,12
Wholesale,Sugarcane,OD06,2024-25,projected,733.43,12
Wholesale,Sugarcane,OD07,2013-14,published,210.0,12
Wholesale,Sugarcane,OD07,2014-15,published,245.0,12
Wholesale,Sugarcane,OD07,2015-16,published,256.0,12
Wholesale,Sugarcane,OD07,2016-17,published,287.0,12
Wholesale,Sugarcane,OD07,2017-18,published,290.0,12
Wholesale,Sugarcane,OD07,2018-19,published,420.0,12
Wholesale,Sugarcane,OD07,2019-20,projected,462.0,12
Wholesale,Sugarcane,OD07,2020-21,projected,508.2,12
Wholesale,Sugarcane,OD07,2021-22,projected,559.02,12
Wholesale,Sugarcane,OD07,2022-23,projected,614.92,12
Wholesale,Sugarcane,OD07,2023-24,projected,676.41,12
Wholesale,Sugarcane,OD07,2024-25,projected,744.06,12
Wholesale,Sugarcane,OD08,2013-14,imputed,223.92,12
Wholesale,Sugarcane,OD08,2014-15,imputed,266.13,12
Wholesale,Sugarcane,OD08,2015-16,imputed,274.36,12
Wholesale,Sugarcane,OD08,2016-17,published,310.0,12
Wholesale,Sugarcane,OD08,2017-18,published,325.0,12
Wholesale,Sugarcane,OD08,2018-19,published,400.0,12
Wholesale,Sugarcane,OD08,2019-20,projected,440.0,12
Wholesale,Sugarcane,OD08,2020-21,projected,484.0,12
Wholesale,Sugarcane,OD08,2021-22,projected,532.4,12
Wholesale,Sugarcane,OD08,2022-23,projected,585.64,12
Wholesale,Sugarcane,OD08,2023-24,projected,644.2,12
Wholesale,Sugarcane,OD08,2024-25,projected,708.62,12
Wholesale,Sugarcane,OD09,2013-14,imputed,204.0,12
Wholesale,Sugarcane,OD09,2014-15,published,243.0,12
Wholesale,Sugarcane,OD09,2015-16,published,256.0,12
Wholesale,Sugarcane,OD09,2016-17,published,280.0,12
Wholesale,Sugarcane,OD09,2017-18,published,302.0,12
Wholesale,Sugarcane,OD09,2018-19,published,350.0,12
Wholesale,Sugarcane,OD09,2019-20,projected,385.0,12
Wholesale,Sugarcane,OD09,2020-21,projected,423.5,12
Wholesale,Sugarcane,OD09,2021-22,projected,465.85,12
Wholesale,Sugarcane,OD09,2022-23,projected,512.44,12
Wholesale,Sugarcane,OD09,2023-24,projected,563.68,12
Wholesale,Sugarcane,OD09,2024-25,projected,620.05,12
Wholesale,Sugarcane,OD10,2013-14,imputed,204.06,12
Wholesale,Sugarcane,OD10,2014-15,published,250.0,12
Wholesale,Sugarcane,OD10,2015-16,published,251.0,12
Wholesale,Sugarcane,OD10,2016-17,published,275.0,12
Wholesale,Sugarcane,OD10,2017-18,published,282.0,12
Wholesale,Sugarcane,OD10,2018-19,published,380.0,12
Wholesale,Sugarcane,OD10,2019-20,projected,418.0,12
Wholesale,Sugarcane,OD10,2020-21,projected,459.8,12
Wholesale,Sugarcane,OD10,2021-22,projected,505.78,12
Wholesale,Sugarcane,OD10,2022-23,projected,556.36,12
Wholesale,Sugarcane,OD10,2023-24,projected,611.99,12
Wholesale,Sugarcane,OD10,2024-25,projected,673.19,12
Wholesale,Sugarcane,OD11,2013-14,published,200.0,12
Wholesale,Sugarcane,OD11,2014-15,published,240.0,12
Wholesale,Sugarcane,OD11,2015-16,published,236.0,12
Wholesale,Sugarcane,OD11,2016-17,published,265.0,12
Wholesale,Sugarcane,OD11,2017-18,published,275.0,12
Wholesale,Sugarcane,OD11,2018-19,published,335.0,12
Wholesale,Sugarcane,OD11,2019-20,projected,368.5,12
Wholesale,Sugarcane,OD11,2020-21,projected,405.35,12
Wholesale,Sugarcane,OD11,2021-22,projected,445.89,12
Wholesale,Sugarcane,OD11,2022-23,projected,490.47,12
Wholesale,Sugarcane,OD11,2023-24,projected,539.52,12
Wholesale,Sugarcane,OD11,2024-25,projected,593.47,12
Wholesale,Sugarcane,OD12,2013-14,published,202.0,12
Wholesale,Sugarcane,OD12,2014-15,published,245.0,12
Wholesale,Sugarcane,OD12,2015-16,published,256.0,12
Wholesale,Sugarcane,OD12,2016-17,published,280.0,12
Wholesale,Sugarcane,OD12,2017-18,published,290.0,12
Wholesale,Sugarcane,OD12,2018-19,published,380.0,12
Wholesale,Sugarcane,OD12,2019-20,projected,418.0,12
Wholesale,Sugarcane,OD12,2020-21,projected,459.8,12
Wholesale,Sugarcane,OD12,2021-22,projected,505.78,12
Wholesale,Sugarcane,OD12,2022-23,projected,556.36,12
Wholesale,Sugarcane,OD12,2023-24,projected,611.99,12
Wholesale,Sugarcane,OD12,2024-25,projected,673.19,12
Wholesale,Sugarcane,OD13,2013-14,published,222.0,12
Wholesale,Sugarcane,OD13,2014-15,published,248.0,12
Wholesale,Sugarcane,OD13,2015-16,published,256.0,12
Wholesale,Sugarcane,OD13,2016-17,published,285.0,12
Wholesale,Sugarcane,OD13,2017-18,published,296.0,12
Wholesale,Sugarcane,OD13,2018-19,published,400.0,12
Wholesale,Sugarcane,OD13,2019-20,projected,440.0,12
Wholesale,Sugarcane,OD13,2020-21,projected,484.0,12
Wholesale,Sugarcane,OD13,2021-22,projected,532.4,12
Wholesale,Sugarcane,OD13,2022-23,projected,585.64,12
Wholesale,Sugarcane,OD13,2023-24,projected,644.2,12
Wholesale,Sugarcane,OD13,2024-25,projected,708.62,12
Wholesale,Sugarcane,OD14,2013-14,imputed,203.65,12
Wholesale,Sugarcane,OD14,2014-15,imputed,242.03,12
Wholesale,Sugarcane,OD14,2015-16,imputed,249.52,12
Wholesale,Sugarcane,OD14,2016-17,published,280.0,12
Wholesale,Sugarcane,OD14,2017-18,published,288.0,12
Wholesale,Sugarcane,OD14,2018-19,imputed,376.29,12
Wholesale,Sugarcane,OD14,2019-20,projected,316.96,12
Wholesale,Sugarcane,OD14,2020-21,projected,348.65,12
Wholesale,Sugarcane,OD14,2021-22,projected,383.52,12
Wholesale,Sugarcane,OD14,2022-23,projected,421.87,12
Wholesale,Sugarcane,OD14,2023-24,projected,464.06,12
Wholesale,Sugarcane,OD14,2024-25,projected,510.46,12
Wholesale,Sugarcane,OD15,2013-14,published,225.0,12
Wholesale,Sugarcane,OD15,2014-15,published,260.0,12
Wholesale,Sugarcane,OD15,2015-16,published,269.0,12
Wholesale,Sugarcane,OD15,2016-17,published,305.0,12
Wholesale,Sugarcane,OD15,2017-18,published,306.0,12
Wholesale,Sugarcane,OD15,2018-19,published,350.0,12
Wholesale,Sugarcane,OD15,2019-20,projected,385.0,12
Wholesale,Sugarcane,OD15,2020-21,projected,423.5,12
Wholesale,Sugarcane,OD15,2021-22,projected,465.85,12
Wholesale,Sugarcane,OD15,2022-23,projected,512.44,12
Wholesale,Sugarcane,OD15,2023-24,projected,563.68,12
Wholesale,Sugarcane,OD15,2024-25,projected,620.05,12
Wholesale,Sugarcane,OD17,2013-14,published,208.0,12
Wholesale,Sugarcane,OD17,2014-15,published,240.0,12
Wholesale,Sugarcane,OD17,2015-16,published,254.0,12
Wholesale,Sugarcane,OD17,2016-17,published,280.0,12
Wholesale,Sugarcane,OD17,2017-18,published,290.0,12
Wholesale,Sugarcane,OD17,2018-19,published,420.0,12
Wholesale,Sugarcane,OD17,2019-20,projected,462.0,12
Wholesale,Sugarcane,OD17,2020-21,projected,508.2,12
Wholesale,Sugarcane,OD17,2021-22,projected,559.02,12
Wholesale,Sugarcane,OD17,2022-23,projected,614.92,12
Wholesale,Sugarcane,OD17,2023-24,projected,676.41,12
Wholesale,Sugarcane,OD17,2024-25,projected,744.06,12
Wholesale,Sugarcane,OD18,2013-14,imputed,226.05,12
Wholesale,Sugarcane,OD18,2014-15,published,260.0,12
Wholesale,Sugarcane,OD18,2015-16,published,267.0,12
Wholesale,Sugarcane,OD18,2016-17,published,287.0,12
Wholesale,Sugarcane,OD18,2017-18,published,303.0,12
Wholesale,Sugarcane,OD18,2018-19,published,500.0,12
Wholesale,Sugarcane,OD18,2019-20,projected,550.0,12
Wholesale,Sugarcane,OD18,2020-21,projected,605.0,12
Wholesale,Sugarcane,OD18,2021-22,projected,665.5,12
Wholesale,Sugarcane,OD18,2022-23,projected,732.05,12
Wholesale,Sugarcane,OD18,2023-24,projected,805.26,12
Wholesale,Sugarcane,OD18,2024-25,projected,885.78,12
Wholesale,Sugarcane,OD19,2013-14,imputed,214.4,12
Wholesale,Sugarcane,OD19,2014-15,published,257.0,12
Wholesale,Sugarcane,OD19,2015-16,published,256.0,12
Wholesale,Sugarcane,OD19,2016-17,published,280.0,12
Wholesale,Sugarcane,OD19,2017-18,published,290.0,12
Wholesale,Sugarcane,OD19,2018-19,published,440.0,12
Wholesale,Sugarcane,OD19,2019-20,projected,484.0,12
Wholesale,Sugarcane,OD19,2020-21,projected,532.4,12
Wholesale,Sugarcane,OD19,2021-22,projected,585.64,12
Wholesale,Sugarcane,OD19,2022-23,projected,644.2,12
Wholesale,Sugarcane,OD19,2023-24,projected,708.62,12
Wholesale,Sugarcane,OD19,2024-25,projected,779.49,12
Wholesale,Sugarcane,OD20,2013-14,published,212.0,12
Wholesale,Sugarcane,OD20,2014-15,published,235.0,12
Wholesale,Sugarcane,OD20,2015-16,published,241.0,12
Wholesale,Sugarcane,OD20,2016-17,published,270.0,12
Wholesale,Sugarcane,OD20,2017-18,published,283.0,12
Wholesale,Sugarcane,OD20,2018-19,published,390.0,12
Wholesale,Sugarcane,OD20,2019-20,projected,429.0,12
Wholesale,Sugarcane,OD20,2020-21,projected,471.9,12
Wholesale,Sugarcane,OD20,2021-22,projected,519.09,12
Wholesale,Sugarcane,OD20,2022-23,projected,571.0,12
Wholesale,Sugarcane,OD20,2023-24,projected,628.1,12
Wholesale,Sugarcane,OD20,2024-25,projected,690.91,12
Wholesale,Sugarcane,OD21,2013-14,imputed,221.94,12
Wholesale,Sugarcane,OD21,2014-15,imputed,263.78,12
Wholesale,Sugarcane,OD21,2015-16,imputed,271.94,12
Wholesale,Sugarcane,OD21,2016-17,published,305.0,12
Wholesale,Sugarcane,OD21,2017-18,imputed,314.03,12
Wholesale,Sugarcane,OD21,2018-19,imputed,410.09,12
Wholesale,Sugarcane,OD21,2019-20,projected,335.5,12
Wholesale,Sugarcane,OD21,2020-21,projected,369.05,12
Wholesale,Sugarcane,OD21,2021-22,projected,405.96,12
Wholesale,Sugarcane,OD21,2022-23,projected,446.55,12
Wholesale,Sugarcane,OD21,2023-24,projected,491.21,12
Wholesale,Sugarcane,OD21,2024-25,projected,540.33,12
Wholesale,Sugarcane,OD23,2013-14,published,213.0,12
Wholesale,Sugarcane,OD23,2014-15,published,250.0,12
Wholesale,Sugarcane,OD23,2015-16,published,262.0,12
Wholesale,Sugarcane,OD23,2016-17,published,280.0,12
Wholesale,Sugarcane,OD23,2017-18,published,298.0,12
Wholesale,Sugarcane,OD23,2018-19,published,410.0,12
Wholesale,Sugarcane,OD23,2019-20,projected,451.0,12
Wholesale,Sugarcane,OD23,2020-21,projected,496.1,12
Wholesale,Sugarcane,OD23,2021-22,projected,545.71,12
Wholesale,Sugarcane,OD23,2022-23,projected,600.28,12
Wholesale,Sugarcane,OD23,2023-24,projected,660.31,12
Wholesale,Sugarcane,OD23,2024-25,projected,726.34,12
Wholesale,Sugarcane,OD24,2013-14,imputed,205.27,12
Wholesale,Sugarcane,OD24,2014-15,published,243.0,12
Wholesale,Sugarcane,OD24,2015-16,published,251.0,12
Wholesale,Sugarcane,OD24,2016-17,published,284.0,12
Wholesale,Sugarcane,OD24,2017-18,published,295.0,12
Wholesale,Sugarcane,OD24,2018-19,published,373.0,12
Wholesale,Sugarcane,OD24,2019-20,projected,410.3,12
Wholesale,Sugarcane,OD24,2020-21,projected,451.33,12
Wholesale,Sugarcane,OD24,2021-22,projected,496.46,12
Wholesale,Sugarcane,OD24,2022-23,projected,546.11,12
Wholesale,Sugarcane,OD24,2023-24,projected,600.72,12
Wholesale,Sugarcane,OD24,2024-25,projected,660.79,12
Wholesale,Sugarcane,OD25,2013-14,imputed,215.62,12
Wholesale,Sugarcane,OD25,2014-15,imputed,256.26,12
Wholesale,Sugarcane,OD25,2015-16,imputed,264.19,12
Wholesale,Sugarcane,OD25,2016-17,published,310.0,12
Wholesale,Sugarcane,OD25,2017-18,imputed,305.08,12
Wholesale,Sugarcane,OD25,2018-19,published,380.0,12
Wholesale,Sugarcane,OD25,2019-20,projected,418.0,12
Wholesale,Sugarcane,OD25,2020-21,projected,459.8,12
Wholesale,Sugarcane,OD25,2021-22,projected,505.78,12
Wholesale,Sugarcane,OD25,2022-23,projected,556.36,12
Wholesale,Sugarcane,OD25,2023-24,projected,611.99,12
Wholesale,Sugarcane,OD25,2024-25,projected,673.19,12
Wholesale,Sugarcane,OD26,2013-14,imputed,211.4,12
Wholesale,Sugarcane,OD26,2014-15,published,250.0,12
Wholesale,Sugarcane,OD26,2015-16,published,259.0,12
Wholesale,Sugarcane,OD26,2016-17,published,285.0,12
Wholesale,Sugarcane,OD26,2017-18,imputed,299.11,12
Wholesale,Sugarcane,OD26,2018-19,published,400.0,12
Wholesale,Sugarcane,OD26,2019-20,projected,440.0,12
Wholesale,Sugarcane,OD26,2020-21,projected,484.0,12
Wholesale,Sugarcane,OD26,2021-22,projected,532.4,12
Wholesale,Sugarcane,OD26,2022-23,projected,585.64,12
Wholesale,Sugarcane,OD26,2023-24,projected,644.2,12
Wholesale,Sugarcane,OD26,2024-25,projected,708.62,12
Wholesale,Sugarcane,OD27,2013-14,imputed,204.96,12
Wholesale,Sugarcane,OD27,2014-15,imputed,243.59,12
Wholesale,Sugarcane,OD27,2015-16,imputed,251.13,12
Wholesale,Sugarcane,OD27,2016-17,imputed,281.66,12
Wholesale,Sugarcane,OD27,2017-18,published,290.0,12
Wholesale,Sugarcane,OD27,2018-19,imputed,378.72,12
Wholesale,Sugarcane,OD27,2019-20,projected,319.0,12
Wholesale,Sugarcane,OD27,2020-21,projected,350.9,12
Wholesale,Sugarcane,OD27,2021-22,projected,385.99,12
Wholesale,Sugarcane,OD27,2022-23,projected,424.59,12
Wholesale,Sugarcane,OD27,2023-24,projected,467.05,12
Wholesale,Sugarcane,OD27,2024-25,projected,513.75,12
Wholesale,Sugarcane,OD28,2013-14,published,190.0,12
Wholesale,Sugarcane,OD28,2014-15,published,265.0,12
Wholesale,Sugarcane,OD28,2015-16,published,267.0,12
Wholesale,Sugarcane,OD28,2016-17,published,295.0,12
Wholesale,Sugarcane,OD28,2017-18,published,312.0,12
Wholesale,Sugarcane,OD28,2018-19,published,407.0,12
Wholesale,Sugarcane,OD28,2019-20,projected,447.7,12
Wholesale,Sugarcane,OD28,2020-21,projected,492.47,12
Wholesale,Sugarcane,OD28,2021-22,projected,541.72,12
Wholesale,Sugarcane,OD28,2022-23,projected,595.89,12
Wholesale,Sugarcane,OD28,2023-24,projected,655.48,12
Wholesale,Sugarcane,OD28,2024-25,projected,721.03,12
Wholesale,Sugarcane,OD29,2013-14,published,243.0,12
Wholesale,Sugarcane,OD29,2014-15,published,260.0,12
Wholesale,Sugarcane,OD29,2015-16,published,262.0,12
Wholesale,Sugarcane,OD29,2016-17,published,292.0,12
Wholesale,Sugarcane,OD29,2017-18,imputed,304.91,12
Wholesale,Sugarcane,OD29,2018-19,published,350.0,12
Wholesale,Sugarcane,OD29,2019-20,projected,385.0,12
Wholesale,Sugarcane,OD29,2020-21,projected,423.5,12
Wholesale,Sugarcane,OD29,2021-22,projected,465.85,12
Wholesale,Sugarcane,OD29,2022-23,projected,512.44,12
Wholesale,Sugarcane,OD29,2023-24,projected,563.68,12
Wholesale,Sugarcane,OD29,2024-25,projected,620.05,12
Wholesale,Sugarcane,OD30,2013-14,imputed,223.26,12
Wholesale,Sugarcane,OD30,2014-15,published,265.0,12
Wholesale,Sugarcane,OD30,2015-16,published,267.0,12
Wholesale,Sugarcane,OD30,2016-17,published,309.0,12
Wholesale,Sugarcane,OD30,2017-18,imputed,315.89,12
Wholesale,Sugarcane,OD30,2018-19,published,420.0,12
Wholesale,Sugarcane,OD30,2019-20,projected,462.0,12
Wholesale,Sugarcane,OD30,2020-21,projected,508.2,12
Wholesale,Sugarcane,OD30,2021-22,projected,559.02,12
Wholesale,Sugarcane,OD30,2022-23,projected,614.92,12
Wholesale,Sugarcane,OD30,2023-24,projected,676.41,12
Wholesale,Sugarcane,OD30,2024-25,projected,744.06,12
Wholesale,Sunflower,OD01,2013-14,imputed,4517.09,12
Wholesale,Sunflower,OD01,2014-15,published,4700.0,12
Wholesale,Sunflower,OD01,2015-16,published,4732.0,12
Wholesale,Sunflower,OD01,2017-18,imputed,7004.86,12
Wholesale,Sunflower,OD01,2018-19,imputed,4790.89,12
Wholesale,Sunflower,OD01,2019-20,projected,4802.05,12
Wholesale,Sunflower,OD01,2020-21,projected,4873.22,12
Wholesale,Sunflower,OD01,2021-22,projected,4945.44,12
Wholesale,Sunflower,OD01,2022-23,projected,5018.74,12
Wholesale,Sunflower,OD01,2023-24,projected,5093.12,12
Wholesale,Sunflower,OD01,2024-25,projected,5168.6,12
Wholesale,Sunflower,OD02,2013-14,published,3767.0,12
Wholesale,Sunflower,OD02,2014-15,published,3900.0,12
Wholesale,Sunflower,OD02,2015-16,published,3926.0,12
Wholesale,Sunflower,OD02,2017-18,imputed,5821.98,12
Wholesale,Sunflower,OD02,2018-19,imputed,3981.87,12
Wholesale,Sunflower,OD02,2019-20,projected,3991.14,12
Wholesale,Sunflower,OD02,2020-21,projected,4050.3,12
Wholesale,Sunflower,OD02,2021-22,projected,4110.32,12
Wholesale,Sunflower,OD02,2022-23,projected,4171.24,12
Wholesale,Sunflower,OD02,2023-24,projected,4233.06,12
Wholesale,Sunflower,OD02,2024-25,projected,4295.8,12
Wholesale,Sunflower,OD03,2013-14,published,4500.0,12
Wholesale,Sunflower,OD03,2014-15,published,4700.0,12
Wholesale,Sunflower,OD03,2015-16,published,4732.0,12
Wholesale,Sunflower,OD03,2017-18,imputed,6996.03,12
Wholesale,Sunflower,OD03,2018-19,imputed,4784.85,12
Wholesale,Sunflower,OD03,2019-20,projected,4795.99,12
Wholesale,Sunflower,OD03,2020-21,projected,4867.07,12
Wholesale,Sunflower,OD03,2021-22,projected,4939.2,12
Wholesale,Sunflower,OD03,2022-23,projected,5012.41,12
Wholesale,Sunflower,OD03,2023-24,projected,5086.69,12
Wholesale,Sunflower,OD03,2024-25,projected,5162.08,12
Wholesale,Sunflower,OD04,2013-14,published,4500.0,12
Wholesale,Sunflower,OD04,2014-15,published,4700.0,12
Wholesale,Sunflower,OD04,2015-16,published,4732.0,12
Wholesale,Sunflower,OD04,2017-18,imputed,6996.03,12
Wholesale,Sunflower,OD04,2018-19,imputed,4784.85,12
Wholesale,Sunflower,OD04,2019-20,projected,4795.99,12
Wholesale,Sunflower,OD04,2020-21,projected,4867.07,12
Wholesale,Sunflower,OD04,2021-22,projected,4939.2,12
Wholesale,Sunflower,OD04,2022-23,projected,5012.41,12
Wholesale,Sunflower,OD04,2023-24,projected,5086.69,12
Wholesale,Sunflower,OD04,2024-25,projected,5162.08,12
Wholesale,Sunflower,OD05,2013-14,published,4200.0,12
Wholesale,Sunflower,OD05,2014-15,published,4500.0,12
Wholesale,Sunflower,OD05,2015-16,published,4530.0,12
Wholesale,Sunflower,OD05,2017-18,imputed,6641.92,12
Wholesale,Sunflower,OD05,2018-19,imputed,4542.66,12
Wholesale,Sunflower,OD05,2019-20,projected,4553.24,12
Wholesale,Sunflower,OD05,2020-21,projected,4620.72,12
Wholesale,Sunflower,OD05,2021-22,projected,4689.2,12
Wholesale,Sunflower,OD05,2022-23,projected,4758.7,12
Wholesale,Sunflower,OD05,2023-24,projected,4829.23,12
Wholesale,Sunflower,OD05,2024-25,projected,4900.8,12
Wholesale,Sunflower,OD06,2013-14,published,4133.0,12
Wholesale,Sunflower,OD06,2014-15,published,4250.0,12
Wholesale,Sunflower,OD06,2015-16,published,4279.0,12
Wholesale,Sunflower,OD06,2017-18,imputed,6359.23,12
Wholesale,Sunflower,OD06,2018-19,imputed,4349.32,12
Wholesale,Sunflower,OD06,2019-20,projected,4359.45,12
Wholesale,Sunflower,OD06,2020-21,projected,4424.06,12
Wholesale,Sunflower,OD06,2021-22,projected,4489.63,12
Wholesale,Sunflower,OD06,2022-23,projected,4556.17,12
Wholesale,Sunflower,OD06,2023-24,projected,4623.69,12
Wholesale,Sunflower,OD06,2024-25,projected,4692.22,12
Wholesale,Sunflower,OD07,2013-14,published,4350.0,12
Wholesale,Sunflower,OD07,2014-15,published,4500.0,12
Wholesale,Sunflower,OD07,2015-16,published,4530.0,12
Wholesale,Sunflower,OD07,2017-18,imputed,6719.45,12
Wholesale,Sunflower,OD07,2018-19,imputed,4595.69,12
Wholesale,Sunflower,OD07,2019-20,projected,4606.39,12
Wholesale,Sunflower,OD07,2020-21,projected,4674.66,12
Wholesale,Sunflower,OD07,2021-22,projected,4743.94,12
Wholesale,Sunflower,OD07,2022-23,projected,4814.25,12
Wholesale,Sunflower,OD07,2023-24,projected,4885.6,12
Wholesale,Sunflower,OD07,2024-25,projected,4958.01,12
Wholesale,Sunflower,OD08,2013-14,published,4267.0,12
Wholesale,Sunflower,OD08,2014-15,published,4450.0,12
Wholesale,Sunflower,OD08,2015-16,published,4480.0,12
Wholesale,Sunflower,OD08,2017-18,imputed,6724.82,12
Wholesale,Sunflower,OD08,2018-19,published,4800.0,12
Wholesale,Sunflower,OD08,2019-20,projected,4871.14,12
Wholesale,Sunflower,OD08,2020-21,projected,4943.33,12
Wholesale,Sunflower,OD08,2021-22,projected,5016.6,12
Wholesale,Sunflower,OD08,2022-23,projected,5090.95,12
Wholesale,Sunflower,OD08,2023-24,projected,5166.4,12
Wholesale,Sunflower,OD08,2024-25,projected,5242.97,12
Wholesale,Sunflower,OD10,2013-14,published,4070.0,12
Wholesale,Sunflower,OD10,2014-15,published,4200.0,12
Wholesale,Sunflower,OD10,2015-16,published,4228.0,12
Wholesale,Sunflower,OD10,2017-18,published,8000.0,12
Wholesale,Sunflower,OD10,2018-19,imputed,4587.51,12
Wholesale,Sunflower,OD10,2019-20,projected,6806.9,12
Wholesale,Sunflower,OD10,2020-21,projected,6907.79,12
Wholesale,Sunflower,OD10,2021-22,projected,7010.17,12
Wholesale,Sunflower,OD10,2022-23,projected,7114.06,12
Wholesale,Sunflower,OD10,2023-24,projected,7219.5,12
Wholesale,Sunflower,OD10,2024-25,projected,7326.49,12
Wholesale,Sunflower,OD11,2013-14,published,4120.0,12
Wholesale,Sunflower,OD11,2014-15,published,4300.0,12
Wholesale,Sunflower,OD11,2015-16,published,4329.0,12
Wholesale,Sunflower,OD11,2017-18,imputed,6402.02,12
Wholesale,Sunflower,OD11,2018-19,imputed,4378.59,12
Wholesale,Sunflower,OD11,2019-20,projected,4388.78,12
Wholesale,Sunflower,OD11,2020-21,projected,4453.83,12
Wholesale,Sunflower,OD11,2021-22,projected,4519.84,12
Wholesale,Sunflower,OD11,2022-23,projected,4586.82,12
Wholesale,Sunflower,OD11,2023-24,projected,4654.8,12
Wholesale,Sunflower,OD11,2024-25,projected,4723.79,12
Wholesale,Sunflower,OD12,2013-14,published,4250.0,12
Wholesale,Sunflower,OD12,2014-15,published,4400.0,12
Wholesale,Sunflower,OD12,2015-16,published,4430.0,12
Wholesale,Sunflower,OD12,2017-18,imputed,6568.74,12
Wholesale,Sunflower,OD12,2018-19,imputed,4492.61,12
Wholesale,Sunflower,OD12,2019-20,projected,4503.07,12
Wholesale,Sunflower,OD12,2020-21,projected,4569.81,12
Wholesale,Sunflower,OD12,2021-22,projected,4637.54,12
Wholesale,Sunflower,OD12,2022-23,projected,4706.27,12
Wholesale,Sunflower,OD12,2023-24,projected,4776.02,12
Wholesale,Sunflower,OD12,2024-25,projected,4846.81,12
Wholesale,Sunflower,OD14,2013-14,published,4286.0,12
Wholesale,Sunflower,OD14,2014-15,published,4400.0,12
Wholesale,Sunflower,OD14,2015-16,published,4430.0,12
Wholesale,Sunflower,OD14,2017-18,imputed,6587.35,12
Wholesale,Sunflower,OD14,2018-19,imputed,4505.34,12
Wholesale,Sunflower,OD14,2019-20,projected,4515.83,12
Wholesale,Sunflower,OD14,2020-21,projected,4582.76,12
Wholesale,Sunflower,OD14,2021-22,projected,4650.68,12
Wholesale,Sunflower,OD14,2022-23,projected,4719.6,12
Wholesale,Sunflower,OD14,2023-24,projected,4789.55,12
Wholesale,Sunflower,OD14,2024-25,projected,4860.54,12
Wholesale,Sunflower,OD15,2013-14,published,3675.0,12
Wholesale,Sunflower,OD15,2014-15,published,3800.0,12
Wholesale,Sunflower,OD15,2015-16,published,3826.0,12
Wholesale,Sunflower,OD15,2017-18,imputed,5675.4,12
Wholesale,Sunflower,OD15,2018-19,imputed,3881.62,12
Wholesale,Sunflower,OD15,2019-20,projected,3890.66,12
Wholesale,Sunflower,OD15,2020-21,projected,3948.32,12
Wholesale,Sunflower,OD15,2021-22,projected,4006.84,12
Wholesale,Sunflower,OD15,2022-23,projected,4066.22,12
Wholesale,Sunflower,OD15,2023-24,projected,4126.49,12
Wholesale,Sunflower,OD15,2024-25,projected,4187.64,12
Wholesale,Sunflower,OD16,2013-14,published,4033.0,12
Wholesale,Sunflower,OD16,2014-15,published,4200.0,12
Wholesale,Sunflower,OD16,2015-16,published,4228.0,12
Wholesale,Sunflower,OD16,2017-18,imputed,6257.53,12
Wholesale,Sunflower,OD16,2018-19,imputed,4279.76,12
Wholesale,Sunflower,OD16,2019-20,projected,4289.73,12
Wholesale,Sunflower,OD16,2020-21,projected,4353.31,12
Wholesale,Sunflower,OD16,2021-22,projected,4417.83,12
Wholesale,Sunflower,OD16,2022-23,projected,4483.3,12
Wholesale,Sunflower,OD16,2023-24,projected,4549.75,12
Wholesale,Sunflower,OD16,2024-25,projected,4617.18,12
Wholesale,Sunflower,OD17,2013-14,published,4250.0,12
Wholesale,Sunflower,OD17,2014-15,published,4400.0,12
Wholesale,Sunflower,OD17,2015-16,published,4430.0,12
Wholesale,Sunflower,OD17,2017-18,imputed,6568.74,12
Wholesale,Sunflower,OD17,2018-19,imputed,4492.61,12
Wholesale,Sunflower,OD17,2019-20,projected,4503.07,12
Wholesale,Sunflower,OD17,2020-21,projected,4569.81,12
Wholesale,Sunflower,OD17,2021-22,projected,4637.54,12
Wholesale,Sunflower,OD17,2022-23,projected,4706.27,12
Wholesale,Sunflower,OD17,2023-24,projected,4776.02,12
Wholesale,Sunflower,OD17,2024-25,projected,4846.81,12
Wholesale,Sunflower,OD18,2013-14,published,3926.0,12
Wholesale,Sunflower,OD18,2014-15,published,4100.0,12
Wholesale,Sunflower,OD18,2015-16,published,4128.0,12
Wholesale,Sunflower,OD18,2017-18,imputed,6103.2,12
Wholesale,Sunflower,OD18,2018-19,imputed,4174.21,12
Wholesale,Sunflower,OD18,2019-20,projected,4183.93,12
Wholesale,Sunflower,OD18,2020-21,projected,4245.94,12
Wholesale,Sunflower,OD18,2021-22,projected,4308.87,12
Wholesale,Sunflower,OD18,2022-23,projected,4372.73,12
Wholesale,Sunflower,OD18,2023-24,projected,4437.54,12
Wholesale,Sunflower,OD18,2024-25,projected,4503.3,12
Wholesale,Sunflower,OD19,2013-14,published,4400.0,12
Wholesale,Sunflower,OD19,2014-15,published,4533.0,12
Wholesale,Sunflower,OD19,2015-16,published,4564.0,12
Wholesale,Sunflower,OD19,2017-18,imputed,6778.47,12
Wholesale,Sunflower,OD19,2018-19,imputed,4636.05,12
Wholesale,Sunflower,OD19,2019-20,projected,4646.85,12
Wholesale,Sunflower,OD19,2020-21,projected,4715.72,12
Wholesale,Sunflower,OD19,2021-22,projected,4785.61,12
Wholesale,Sunflower,OD19,2022-23,projected,4856.54,12
Wholesale,Sunflower,OD19,2023-24,projected,4928.51,12
Wholesale,Sunflower,OD19,2024-25,projected,5001.56,12
Wholesale,Sunflower,OD20,2013-14,published,4100.0,12
Wholesale,Sunflower,OD20,2014-15,published,4233.0,12
Wholesale,Sunflower,OD20,2015-16,published,4262.0,12
Wholesale,Sunflower,OD20,2017-18,imputed,6325.34,12
Wholesale,Sunflower,OD20,2018-19,imputed,4326.14,12
Wholesale,Sunflower,OD20,2019-20,projected,4336.21,12
Wholesale,Sunflower,OD20,2020-21,projected,4400.48,12
Wholesale,Sunflower,OD20,2021-22,projected,4465.7,12
Wholesale,Sunflower,OD20,2022-23,projected,4531.88,12
Wholesale,Sunflower,OD20,2023-24,projected,4599.05,12
Wholesale,Sunflower,OD20,2024-25,projected,4667.21,12
Wholesale,Sunflower,OD21,2013-14,published,4300.0,12
Wholesale,Sunflower,OD21,2014-15,published,4360.0,12
Wholesale,Sunflower,OD21,2015-16,published,4389.0,12
Wholesale,Sunflower,OD21,2017-18,imputed,6554.48,12
Wholesale,Sunflower,OD21,2018-19,imputed,4482.86,12
Wholesale,Sunflower,OD21,2019-20,projected,4493.3,12
Wholesale,Sunflower,OD21,2020-21,projected,4559.89,12
Wholesale,Sunflower,OD21,2021-22,projected,4627.47,12
Wholesale,Sunflower,OD21,2022-23,projected,4696.06,12
Wholesale,Sunflower,OD21,2023-24,projected,4765.66,12
Wholesale,Sunflower,OD21,2024-25,projected,4836.29,12
Wholesale,Sunflower,OD22,2013-14,published,3972.0,12
Wholesale,Sunflower,OD22,2014-15,published,4070.0,12
Wholesale,Sunflower,OD22,2015-16,published,4098.0,12
Wholesale,Sunflower,OD22,2017-18,imputed,6097.27,12
Wholesale,Sunflower,OD22,2018-19,imputed,4170.15,12
Wholesale,Sunflower,OD22,2019-20,projected,4179.87,12
Wholesale,Sunflower,OD22,2020-21,projected,4241.82,12
Wholesale,Sunflower,OD22,2021-22,projected,4304.68,12
Wholesale,Sunflower,OD22,2022-23,projected,4368.48,12
Wholesale,Sunflower,OD22,2023-24,projected,4433.22,12
Wholesale,Sunflower,OD22,2024-25,projected,4498.93,12
Wholesale,Sunflower,OD25,2013-14,published,3750.0,12
Wholesale,Sunflower,OD25,2014-15,published,3861.0,12
Wholesale,Sunflower,OD25,2015-16,published,3887.0,12
Wholesale,Sunflower,OD25,2017-18,imputed,5774.57,12
Wholesale,Sunflower,OD25,2018-19,imputed,3949.45,12
Wholesale,Sunflower,OD25,2019-20,projected,3958.65,12
Wholesale,Sunflower,OD25,2020-21,projected,4017.32,12
Wholesale,Sunflower,OD25,2021-22,projected,4076.85,12
Wholesale,Sunflower,OD25,2022-23,projected,4137.28,12
Wholesale,Sunflower,OD25,2023-24,projected,4198.59,12
Wholesale,Sunflower,OD25,2024-25,projected,4260.82,12
Wholesale,Sunflower,OD26,2013-14,published,4256.0,12
Wholesale,Sunflower,OD26,2014-15,published,4400.0,12
Wholesale,Sunflower,OD26,2015-16,published,4430.0,12
Wholesale,Sunflower,OD26,2017-18,imputed,6571.84,12
Wholesale,Sunflower,OD26,2018-19,imputed,4494.73,12
Wholesale,Sunflower,OD26,2019-20,projected,4505.2,12
Wholesale,Sunflower,OD26,2020-21,projected,4571.97,12
Wholesale,Sunflower,OD26,2021-22,projected,4639.73,12
Wholesale,Sunflower,OD26,2022-23,projected,4708.49,12
Wholesale,Sunflower,OD26,2023-24,projected,4778.28,12
Wholesale,Sunflower,OD26,2024-25,projected,4849.09,12
Wholesale,Sunflower,OD27,2013-14,published,4027.0,12
Wholesale,Sunflower,OD27,2014-15,published,4158.0,12
Wholesale,Sunflower,OD27,2015-16,published,4186.0,12
Wholesale,Sunflower,OD27,2017-18,published,4800.0,12
Wholesale,Sunflower,OD27,2018-19,imputed,4007.62,12
Wholesale,Sunflower,OD27,2019-20,projected,5946.48,12
Wholesale,Sunflower,OD27,2020-21,projected,6034.61,12
Wholesale,Sunflower,OD27,2021-22,projected,6124.04,12
Wholesale,Sunflower,OD27,2022-23,projected,6214.81,12
Wholesale,Sunflower,OD27,2023-24,projected,6306.91,12
Wholesale,Sunflower,OD27,2024-25,projected,6400.39,12
Wholesale,Sunflower,OD29,2013-14,published,4233.0,12
Wholesale,Sunflower,OD29,2014-15,published,4400.0,12
Wholesale,Sunflower,OD29,2015-16,published,4430.0,12
Wholesale,Sunflower,OD29,2017-18,imputed,6559.95,12
Wholesale,Sunflower,OD29,2018-19,imputed,4486.6,12
Wholesale,Sunflower,OD29,2019-20,projected,4497.05,12
Wholesale,Sunflower,OD29,2020-21,projected,4563.7,12
Wholesale,Sunflower,OD29,2021-22,projected,4631.34,12
Wholesale,Sunflower,OD29,2022-23,projected,4699.98,12
Wholesale,Sunflower,OD29,2023-24,projected,4769.63,12
Wholesale,Sunflower,OD29,2024-25,projected,4840.32,12
Wholesale,Sunflower,OD30,2013-14,published,4200.0,12
Wholesale,Sunflower,OD30,2014-15,published,4400.0,12
Wholesale,Sunflower,OD30,2015-16,published,4430.0,12
Wholesale,Sunflower,OD30,2017-18,published,6500.0,12
Wholesale,Sunflower,OD30,2018-19,published,4000.0,12
Wholesale,Sunflower,OD30,2019-20,projected,4059.28,12
Wholesale,Sunflower,OD30,2020-21,projected,4119.44,12
Wholesale,Sunflower,OD30,2021-22,projected,4180.5,12
Wholesale,Sunflower,OD30,2022-23,projected,4242.45,12
Wholesale,Sunflower,OD30,2023-24,projected,4305.33,12
Wholesale,Sunflower,OD30,2024-25,projected,4369.14,12
Wholesale,Til,OD01,2013-14,published,4252.0,12
Wholesale,Til,OD01,2014-15,published,4839.0,12
Wholesale,Til,OD01,2015-16,published,5151.0,12
Wholesale,Til,OD01,2016-17,published,5292.0,12
Wholesale,Til,OD01,2017-18,published,5735.0,12
Wholesale,Til,OD01,2018-19,published,6893.0,12
Wholesale,Til,OD01,2019-20,projected,7582.3,12
Wholesale,Til,OD01,2020-21,projected,8340.53,12
Wholesale,Til,OD01,2021-22,projected,9174.58,12
Wholesale,Til,OD01,2022-23,projected,10092.04,12
Wholesale,Til,OD01,2023-24,projected,11101.25,12
Wholesale,Til,OD01,2024-25,projected,12211.37,12
Wholesale,Til,OD02,2013-14,published,4227.0,12
Wholesale,Til,OD02,2014-15,published,4850.0,12
Wholesale,Til,OD02,2015-16,published,5321.0,12
Wholesale,Til,OD02,2016-17,published,5437.0,12
Wholesale,Til,OD02,2017-18,published,5502.0,12
Wholesale,Til,OD02,2018-19,published,8502.0,12
Wholesale,Til,OD02,2019-20,projected,9352.2,12
Wholesale,Til,OD02,2020-21,projected,10287.42,12
Wholesale,Til,OD02,2021-22,projected,11316.16,12
Wholesale,Til,OD02,2022-23,projected,12447.78,12
Wholesale,Til,OD02,2023-24,projected,13692.56,12
Wholesale,Til,OD02,2024-25,projected,15061.81,12
Wholesale,Til,OD03,2013-14,published,4050.0,12
Wholesale,Til,OD03,2014-15,published,4876.0,12
Wholesale,Til,OD03,2015-16,published,5462.0,12
Wholesale,Til,OD03,2016-17,published,5467.0,12
Wholesale,Til,OD03,2017-18,published,5733.0,12
Wholesale,Til,OD03,2018-19,published,8000.0,12
Wholesale,Til,OD03,2019-20,projected,8800.0,12
Wholesale,Til,OD03,2020-21,projected,9680.0,12
Wholesale,Til,OD03,2021-22,projected,10648.0,12
Wholesale,Til,OD03,2022-23,projected,11712.8,12
Wholesale,Til,OD03,2023-24,projected,12884.08,12
Wholesale,Til,OD03,2024-25,projected,14172.49,12
Wholesale,Til,OD04,2013-14,published,3850.0,12
Wholesale,Til,OD04,2014-15,published,4900.0,12
Wholesale,Til,OD04,2015-16,published,5483.0,12
Wholesale,Til,OD04,2016-17,published,5500.0,12
Wholesale,Til,OD04,2017-18,published,5850.0,12
Wholesale,Til,OD04,2018-19,published,8142.0,12
Wholesale,Til,OD04,2019-20,projected,8956.2,12
Wholesale,Til,OD04,2020-21,projected,9851.82,12
Wholesale,Til,OD04,2021-22,projected,10837.0,12
Wholesale,Til,OD04,2022-23,projected,11920.7,12
Wholesale,Til,OD04,2023-24,projected,13112.77,12
Wholesale,Til,OD04,2024-25,projected,14424.05,12
Wholesale,Til,OD05,2013-14,imputed,4257.88,12
Wholesale,Til,OD05,2014-15,imputed,4952.49,12
Wholesale,Til,OD05,2015-16,imputed,5319.28,12
Wholesale,Til,OD05,2016-17,published,5400.0,12
Wholesale,Til,OD05,2017-18,published,5500.0,12
Wholesale,Til,OD05,2018-19,published,8400.0,12
Wholesale,Til,OD05,2019-20,projected,9240.0,12
Wholesale,Til,OD05,2020-21,projected,10164.0,12
Wholesale,Til,OD05,2021-22,projected,11180.4,12
Wholesale,Til,OD05,2022-23,projected,12298.44,12
Wholesale,Til,OD05,2023-24,projected,13528.28,12
Wholesale,Til,OD05,2024-25,projected,14881.11,12
Wholesale,Til,OD06,2013-14,published,4667.0,12
Wholesale,Til,OD06,2014-15,published,5000.0,12
Wholesale,Til,OD06,2015-16,published,5483.0,12
Wholesale,Til,OD06,2016-17,published,5485.0,12
Wholesale,Til,OD06,2017-18,published,5250.0,12
Wholesale,Til,OD06,2018-19,published,8850.0,12
Wholesale,Til,OD06,2019-20,projected,9735.0,12
Wholesale,Til,OD06,2020-21,projected,10708.5,12
Wholesale,Til,OD06,2021-22,projected,11779.35,12
Wholesale,Til,OD06,2022-23,projected,12957.29,12
Wholesale,Til,OD06,2023-24,projected,14253.01,12
Wholesale,Til,OD06,2024-25,projected,15678.31,12
Wholesale,Til,OD07,2013-14,published,4063.0,12
Wholesale,Til,OD07,2014-15,published,4900.0,12
Wholesale,Til,OD07,2015-16,published,5375.0,12
Wholesale,Til,OD07,2016-17,published,5400.0,12
Wholesale,Til,OD07,2017-18,imputed,5620.39,12
Wholesale,Til,OD07,2018-19,imputed,8037.74,12
Wholesale,Til,OD07,2019-20,projected,5873.11,12
Wholesale,Til,OD07,2020-21,projected,6460.42,12
Wholesale,Til,OD07,2021-22,projected,7106.46,12
Wholesale,Til,OD07,2022-23,projected,7817.11,12
Wholesale,Til,OD07,2023-24,projected,8598.82,12
Wholesale,Til,OD07,2024-25,projected,9458.7,12
Wholesale,Til,OD08,2013-14,imputed,4009.11,12
Wholesale,Til,OD08,2014-15,imputed,4663.13,12
Wholesale,Til,OD08,2015-16,imputed,5008.5,12
Wholesale,Til,OD08,2016-17,published,5387.0,12
Wholesale,Til,OD08,2017-18,published,5496.0,12
Wholesale,Til,OD08,2018-19,published,7000.0,12
Wholesale,Til,OD08,2019-20,projected,7700.0,12
Wholesale,Til,OD08,2020-21,projected,8470.0,12
Wholesale,Til,OD08,2021-22,projected,9317.0,12
Wholesale,Til,OD08,2022-23,projected,10248.7,12
Wholesale,Til,OD08,2023-24,projected,11273.57,12
Wholesale,Til,OD08,2024-25,projected,12400.93,12
Wholesale,Til,OD09,2013-14,published,4300.0,12
Wholesale,Til,OD09,2014-15,published,4800.0,12
Wholesale,Til,OD09,2015-16,published,5160.0,12
Wholesale,Til,OD09,2016-17,published,5300.0,12
Wholesale,Til,OD09,2017-18,published,5420.0,12
Wholesale,Til,OD09,2018-19,published,9000.0,12
Wholesale,Til,OD09,2019-20,projected,9900.0,12
Wholesale,Til,OD09,2020-21,projected,10890.0,12
Wholesale,Til,OD09,2021-22,projected,11979.0,12
Wholesale,Til,OD09,2022-23,projected,13176.9,12
Wholesale,Til,OD09,2023-24,projected,14494.59,12
Wholesale,Til,OD09,2024-25,projected,15944.05,12
Wholesale,Til,OD10,2013-14,published,3852.0,12
Wholesale,Til,OD10,2014-15,published,4850.0,12
Wholesale,Til,OD10,2015-16,published,4838.0,12
Wholesale,Til,OD10,2016-17,published,5000.0,12
Wholesale,Til,OD10,2017-18,published,5383.0,12
Wholesale,Til,OD10,2018-19,published,9250.0,12
Wholesale,Til,OD10,2019-20,projected,10175.0,12
Wholesale,Til,OD10,2020-21,projected,11192.5,12
Wholesale,Til,OD10,2021-22,projected,12311.75,12
Wholesale,Til,OD10,2022-23,projected,13542.93,12
Wholesale,Til,OD10,2023-24,projected,14897.22,12
Wholesale,Til,OD10,2024-25,projected,16386.94,12
Wholesale,Til,OD11,2013-14,published,3837.0,12
Wholesale,Til,OD11,2014-15,published,4850.0,12
Wholesale,Til,OD11,2015-16,published,4838.0,12
Wholesale,Til,OD11,2016-17,published,5067.0,12
Wholesale,Til,OD11,2017-18,published,5467.0,12
Wholesale,Til,OD11,2018-19,published,9654.0,12
Wholesale,Til,OD11,2019-20,projected,10619.4,12
Wholesale,Til,OD11,2020-21,projected,11681.34,12
Wholesale,Til,OD11,2021-22,projected,12849.47,12
Wholesale,Til,OD11,2022-23,projected,14134.42,12
Wholesale,Til,OD11,2023-24,projected,15547.86,12
Wholesale,Til,OD11,2024-25,projected,17102.65,12
Wholesale,Til,OD14,2013-14,published,4498.0,12
Wholesale,Til,OD14,2014-15,published,5100.0,12
Wholesale,Til,OD14,2015-16,published,5483.0,12
Wholesale,Til,OD14,2016-17,published,5485.0,12
Wholesale,Til,OD14,2017-18,published,5529.0,12
Wholesale,Til,OD14,2018-19,published,8000.0,12
Wholesale,Til,OD14,2019-20,projected,8800.0,12
Wholesale,Til,OD14,2020-21,projected,9680.0,12
Wholesale,Til,OD14,2021-22,projected,10648.0,12
Wholesale,Til,OD14,2022-23,projected,11712.8,12
Wholesale,Til,OD14,2023-24,projected,12884.08,12
Wholesale,Til,OD14,2024-25,projected,14172.49,12
Wholesale,Til,OD15,2013-14,published,4527.0,12
Wholesale,Til,OD15,2014-15,published,5175.0,12
Wholesale,Til,OD15,2015-16,published,5429.0,12
Wholesale,Til,OD15,2016-17,published,5600.0,12
Wholesale,Til,OD15,2017-18,published,5750.0,12
Wholesale,Til,OD15,2018-19,published,7500.0,12
Wholesale,Til,OD15,2019-20,projected,8250.0,12
Wholesale,Til,OD15,2020-21,projected,9075.0,12
Wholesale,Til,OD15,2021-22,projected,9982.5,12
Wholesale,Til,OD15,2022-23,projected,10980.75,12
Wholesale,Til,OD15,2023-24,projected,12078.83,12
Wholesale,Til,OD15,2024-25,projected,13286.71,12
Wholesale,Til,OD16,2013-14,imputed,4249.95,12
Wholesale,Til,OD16,2014-15,published,5128.0,12
Wholesale,Til,OD16,2015-16,published,5375.0,12
Wholesale,Til,OD16,2016-17,published,5400.0,12
Wholesale,Til,OD16,2017-18,imputed,5675.44,12
Wholesale,Til,OD16,2018-19,published,7700.0,12
Wholesale,Til,OD16,2019-20,projected,8470.0,12
Wholesale,Til,OD16,2020-21,projected,9317.0,12
Wholesale,Til,OD16,2021-22,projected,10248.7,12
Wholesale,Til,OD16,2022-23,projected,11273.57,12
Wholesale,Til,OD16,2023-24,projected,12400.93,12
Wholesale,Til,OD16,2024-25,projected,13641.02,12
Wholesale,Til,OD17,2013-14,imputed,3884.36,12
Wholesale,Til,OD17,2014-15,imputed,4518.03,12
Wholesale,Til,OD17,2015-16,imputed,4852.65,12
Wholesale,Til,OD17,2016-17,imputed,4927.7,12
Wholesale,Til,OD17,2017-18,published,5200.0,12
Wholesale,Til,OD17,2018-19,published,7400.0,12
Wholesale,Til,OD17,2019-20,projected,8140.0,12
Wholesale,Til,OD17,2020-21,projected,8954.0,12
Wholesale,Til,OD17,2021-22,projected,9849.4,12
Wholesale,Til,OD17,2022-23,projected,10834.34,12
Wholesale,Til,OD17,2023-24,projected,11917.77,12
Wholesale,Til,OD17,2024-25,projected,13109.55,12
Wholesale,Til,OD18,2013-14,imputed,4197.75,12
Wholesale,Til,OD18,2014-15,imputed,4882.55,12
Wholesale,Til,OD18,2015-16,published,5375.0,12
Wholesale,Til,OD18,2016-17,published,5380.0,12
Wholesale,Til,OD18,2017-18,published,5420.0,12
Wholesale,Til,OD18,2018-19,published,8000.0,12
Wholesale,Til,OD18,2019-20,projected,8800.0,12
Wholesale,Til,OD18,2020-21,projected,9680.0,12
Wholesale,Til,OD18,2021-22,projected,10648.0,12
Wholesale,Til,OD18,2022-23,projected,11712.8,12
Wholesale,Til,OD18,2023-24,projected,12884.08,12
Wholesale,Til,OD18,2024-25,projected,14172.49,12
Wholesale,Til,OD19,2013-14,published,4150.0,12
Wholesale,Til,OD19,2014-15,published,4867.0,12
Wholesale,Til,OD19,2015-16,published,5375.0,12
Wholesale,Til,OD19,2016-17,published,5400.0,12
Wholesale,Til,OD19,2017-18,published,5550.0,12
Wholesale,Til,OD19,2018-19,imputed,8040.0,12
Wholesale,Til,OD19,2019-20,projected,6184.17,12
Wholesale,Til,OD19,2020-21,projected,6802.59,12
Wholesale,Til,OD19,2021-22,projected,7482.84,12
Wholesale,Til,OD19,2022-23,projected,8231.13,12
Wholesale,Til,OD19,2023-24,projected,9054.24,12
Wholesale,Til,OD19,2024-25,projected,9959.67,12
Wholesale,Til,OD20,2013-14,published,4200.0,12
Wholesale,Til,OD20,2014-15,published,4800.0,12
Wholesale,Til,OD20,2015-16,published,5447.0,12
Wholesale,Til,OD20,2016-17,published,5300.0,12
Wholesale,Til,OD20,2017-18,published,5420.0,12
Wholesale,Til,OD20,2018-19,published,6900.0,12
Wholesale,Til,OD20,2019-20,projected,7590.0,12
Wholesale,Til,OD20,2020-21,projected,8349.0,12
Wholesale,Til,OD20,2021-22,projected,9183.9,12
Wholesale,Til,OD20,2022-23,projected,10102.29,12
Wholesale,Til,OD20,2023-24,projected,11112.52,12
Wholesale,Til,OD20,2024-25,projected,12223.77,12
Wholesale,Til,OD21,2013-14,published,4067.0,12
Wholesale,Til,OD21,2014-15,published,4700.0,12
Wholesale,Til,OD21,2015-16,published,4838.0,12
Wholesale,Til,OD21,2016-17,published,5000.0,12
Wholesale,Til,OD21,2017-18,published,5383.0,12
Wholesale,Til,OD21,2018-19,published,6800.0,12
Wholesale,Til,OD21,2019-20,projected,7480.0,12
Wholesale,Til,OD21,2020-21,projected,8228.0,12
Wholesale,Til,OD21,2021-22,projected,9050.8,12
Wholesale,Til,OD21,2022-23,projected,9955.88,12
Wholesale,Til,OD21,2023-24,projected,10951.47,12
Wholesale,Til,OD21,2024-25,projected,12046.61,12
Wholesale,Til,OD22,2013-14,published,4400.0,12
Wholesale,Til,OD22,2014-15,published,4792.0,12
Wholesale,Til,OD22,2015-16,published,5074.0,12
Wholesale,Til,OD22,2016-17,published,5013.0,12
Wholesale,Til,OD22,2017-18,published,4828.0,12
Wholesale,Til,OD22,2018-19,published,8823.0,12
Wholesale,Til,OD22,2019-20,projected,9705.3,12
Wholesale,Til,OD22,2020-21,projected,10675.83,12
Wholesale,Til,OD22,2021-22,projected,11743.41,12
Wholesale,Til,OD22,2022-23,projected,12917.75,12
Wholesale,Til,OD22,2023-24,projected,14209.53,12
Wholesale,Til,OD22,2024-25,projected,15630.48,12
Wholesale,Til,OD23,2013-14,imputed,5565.01,12
Wholesale,Til,OD23,2014-15,imputed,6472.85,12
Wholesale,Til,OD23,2015-16,imputed,6952.25,12
Wholesale,Til,OD23,2016-17,imputed,7059.77,12
Wholesale,Til,OD23,2017-18,published,8500.0,12
Wholesale,Til,OD23,2018-19,published,9100.0,12
Wholesale,Til,OD23,2019-20,projected,10010.0,12
Wholesale,Til,OD23,2020-21,projected,11011.0,12
Wholesale,Til,OD23,2021-22,projected,12112.1,12
Wholesale,Til,OD23,2022-23,projected,13323.31,12
Wholesale,Til,OD23,2023-24,projected,14655.64,12
Wholesale,Til,OD23,2024-25,projected,16121.21,12
Wholesale,Til,OD24,2013-14,published,4157.0,12
Wholesale,Til,OD24,2014-15,published,4875.0,12
Wholesale,Til,OD24,2015-16,published,5160.0,12
Wholesale,Til,OD24,2016-17,published,5233.0,12
Wholesale,Til,OD24,2017-18,published,5322.0,12
Wholesale,Til,OD24,2018-19,published,8800.0,12
Wholesale,Til,OD24,2019-20,projected,9680.0,12
Wholesale,Til,OD24,2020-21,projected,10648.0,12
Wholesale,Til,OD24,2021-22,projected,11712.8,12
Wholesale,Til,OD24,2022-23,projected,12884.08,12
Wholesale,Til,OD24,2023-24,projected,14172.49,12
Wholesale,Til,OD24,2024-25,projected,15589.74,12
Wholesale,Til,OD25,2013-14,published,4500.0,12
Wholesale,Til,OD25,2014-15,published,5000.0,12
Wholesale,Til,OD25,2015-16,published,5483.0,12
Wholesale,Til,OD25,2016-17,published,5500.0,12
Wholesale,Til,OD25,2017-18,published,5856.0,12
Wholesale,Til,OD25,2018-19,published,8000.0,12
Wholesale,Til,OD25,2019-20,projected,8800.0,12
Wholesale,Til,OD25,2020-21,projected,9680.0,12
Wholesale,Til,OD25,2021-22,projected,10648.0,12
Wholesale,Til,OD25,2022-23,projected,11712.8,12
Wholesale,Til,OD25,2023-24,projected,12884.08,12
Wholesale,Til,OD25,2024-25,projected,14172.49,12
Wholesale,Til,OD26,2013-14,published,4200.0,12
Wholesale,Til,OD26,2014-15,published,4867.0,12
Wholesale,Til,OD26,2015-16,published,5160.0,12
Wholesale,Til,OD26,2016-17,published,5200.0,12
Wholesale,Til,OD26,2017-18,published,5260.0,12
Wholesale,Til,OD26,2018-19,published,8200.0,12
Wholesale,Til,OD26,2019-20,projected,9020.0,12
Wholesale,Til,OD26,2020-21,projected,9922.0,12
Wholesale,Til,OD26,2021-22,projected,10914.2,12
Wholesale,Til,OD26,2022-23,projected,12005.62,12
Wholesale,Til,OD26,2023-24,projected,13206.18,12
Wholesale,Til,OD26,2024-25,projected,14526.8,12
Wholesale,Til,OD27,2013-14,published,4220.0,12
Wholesale,Til,OD27,2014-15,published,4700.0,12
Wholesale,Til,OD27,2015-16,published,5053.0,12
Wholesale,Til,OD27,2016-17,published,5156.0,12
Wholesale,Til,OD27,2017-18,published,5550.0,12
Wholesale,Til,OD27,2018-19,published,8417.0,12
Wholesale,Til,OD27,2019-20,projected,9258.7,12
Wholesale,Til,OD27,2020-21,projected,10184.57,12
Wholesale,Til,OD27,2021-22,projected,11203.03,12
Wholesale,Til,OD27,2022-23,projected,12323.33,12
Wholesale,Til,OD27,2023-24,projected,13555.66,12
Wholesale,Til,OD27,2024-25,projected,14911.23,12
Wholesale,Til,OD28,2013-14,published,4111.0,12
Wholesale,Til,OD28,2014-15,published,4850.0,12
Wholesale,Til,OD28,2015-16,published,5088.0,12
Wholesale,Til,OD28,2016-17,published,5350.0,12
Wholesale,Til,OD28,2017-18,published,5741.0,12
Wholesale,Til,OD28,2018-19,published,7500.0,12
Wholesale,Til,OD28,2019-20,projected,8250.0,12
Wholesale,Til,OD28,2020-21,projected,9075.0,12
Wholesale,Til,OD28,2021-22,projected,9982.5,12
Wholesale,Til,OD28,2022-23,projected,10980.75,12
Wholesale,Til,OD28,2023-24,projected,12078.83,12
Wholesale,Til,OD28,2024-25,projected,13286.71,12
Wholesale,Til,OD29,2013-14,published,4600.0,12
Wholesale,Til,OD29,2014-15,published,5150.0,12
Wholesale,Til,OD29,2015-16,published,5483.0,12
Wholesale,Til,OD29,2016-17,published,5550.0,12
Wholesale,Til,OD29,2017-18,published,5620.0,12
Wholesale,Til,OD29,2018-19,published,6800.0,12
Wholesale,Til,OD29,2019-20,projected,7480.0,12
Wholesale,Til,OD29,2020-21,projected,8228.0,12
Wholesale,Til,OD29,2021-22,projected,9050.8,12
Wholesale,Til,OD29,2022-23,projected,9955.88,12
Wholesale,Til,OD29,2023-24,projected,10951.47,12
Wholesale,Til,OD29,2024-25,projected,12046.61,12
Wholesale,Til,OD30,2013-14,published,3886.0,12
Wholesale,Til,OD30,2014-15,published,4750.0,12
Wholesale,Til,OD30,2015-16,published,5285.0,12
Wholesale,Til,OD30,2016-17,published,5550.0,12
Wholesale,Til,OD30,2017-18,published,5900.0,12
Wholesale,Til,OD30,2018-19,published,7400.0,12
Wholesale,Til,OD30,2019-20,projected,8140.0,12
Wholesale,Til,OD30,2020-21,projected,8954.0,12
Wholesale,Til,OD30,2021-22,projected,9849.4,12
Wholesale,Til,OD30,2022-23,projected,10834.34,12
Wholesale,Til,OD30,2023-24,projected,11917.77,12
Wholesale,Til,OD30,2024-25,projected,13109.55,12
Wholesale,Wheat,OD01,2013-14,published,1600.0,12
Wholesale,Wheat,OD01,2014-15,published,1683.0,12
Wholesale,Wheat,OD01,2015-16,published,1690.0,12
Wholesale,Wheat,OD01,2016-17,published,1800.0,12
Wholesale,Wheat,OD01,2017-18,published,1900.0,12
Wholesale,Wheat,OD01,2018-19,imputed,1918.59,12
Wholesale,Wheat,OD01,2019-20,projected,1924.43,12
Wholesale,Wheat,OD01,2020-21,projected,1985.92,12
Wholesale,Wheat,OD01,2021-22,projected,2049.38,12
Wholesale,Wheat,OD01,2022-23,projected,2114.87,12
Wholesale,Wheat,OD01,2023-24,projected,2182.45,12
Wholesale,Wheat,OD01,2024-25,projected,2252.19,12
Wholesale,Wheat,OD02,2013-14,published,1542.0,12
Wholesale,Wheat,OD02,2014-15,published,1600.0,12
Wholesale,Wheat,OD02,2015-16,published,1609.0,12
Wholesale,Wheat,OD02,2016-17,published,1700.0,12
Wholesale,Wheat,OD02,2017-18,published,1730.0,12
Wholesale,Wheat,OD02,2018-19,imputed,1811.29,12
Wholesale,Wheat,OD02,2019-20,projected,1816.8,12
Wholesale,Wheat,OD02,2020-21,projected,1874.85,12
Wholesale,Wheat,OD02,2021-22,projected,1934.76,12
Wholesale,Wheat,OD02,2022-23,projected,1996.59,12
Wholesale,Wheat,OD02,2023-24,projected,2060.39,12
Wholesale,Wheat,OD02,2024-25,projected,2126.23,12
Wholesale,Wheat,OD03,2013-14,published,1512.0,12
Wholesale,Wheat,OD03,2014-15,published,1540.0,12
Wholesale,Wheat,OD03,2015-16,published,1546.0,12
Wholesale,Wheat,OD03,2016-17,published,1704.0,12
Wholesale,Wheat,OD03,2017-18,published,1785.0,12
Wholesale,Wheat,OD03,2018-19,published,2010.0,12
Wholesale,Wheat,OD03,2019-20,projected,2074.23,12
Wholesale,Wheat,OD03,2020-21,projected,2140.51,12
Wholesale,Wheat,OD03,2021-22,projected,2208.91,12
Wholesale,Wheat,OD03,2022-23,projected,2279.49,12
Wholesale,Wheat,OD03,2023-24,projected,2352.33,12
Wholesale,Wheat,OD03,2024-25,projected,2427.5,12
Wholesale,Wheat,OD04,2013-14,published,1520.0,12
Wholesale,Wheat,OD04,2014-15,published,1550.0,12
Wholesale,Wheat,OD04,2015-16,published,1609.0,12
Wholesale,Wheat,OD04,2016-17,published,1813.0,12
Wholesale,Wheat,OD04,2017-18,published,1750.0,12
Wholesale,Wheat,OD04,2018-19,imputed,1823.12,12
Wholesale,Wheat,OD04,2019-20,projected,1828.67,12
Wholesale,Wheat,OD04,2020-21,projected,1887.11,12
Wholesale,Wheat,OD04,2021-22,projected,1947.41,12
Wholesale,Wheat,OD04,2022-23,projected,2009.64,12
Wholesale,Wheat,OD04,2023-24,projected,2073.85,12
Wholesale,Wheat,OD04,2024-25,projected,2140.12,12
Wholesale,Wheat,OD05,2013-14,published,1510.0,12
Wholesale,Wheat,OD05,2014-15,published,1560.0,12
Wholesale,Wheat,OD05,2015-16,published,1574.0,12
Wholesale,Wheat,OD05,2016-17,published,1675.0,12
Wholesale,Wheat,OD05,2017-18,imputed,1774.26,12
Wholesale,Wheat,OD05,2018-19,published,2000.0,12
Wholesale,Wheat,OD05,2019-20,projected,2063.91,12
Wholesale,Wheat,OD05,2020-21,projected,2129.86,12
Wholesale,Wheat,OD05,2021-22,projected,2197.92,12
Wholesale,Wheat,OD05,2022-23,projected,2268.15,12
Wholesale,Wheat,OD05,2023-24,projected,2340.63,12
Wholesale,Wheat,OD05,2024-25,projected,2415.42,12
Wholesale,Wheat,OD06,2013-14,published,1667.0,12
Wholesale,Wheat,OD06,2014-15,published,1670.0,12
Wholesale,Wheat,OD06,2015-16,published,1609.0,12
Wholesale,Wheat,OD06,2016-17,published,1705.0,12
Wholesale,Wheat,OD06,2017-18,imputed,1795.83,12
Wholesale,Wheat,OD06,2018-19,published,1730.0,12
Wholesale,Wheat,OD06,2019-20,projected,1785.28,12
Wholesale,Wheat,OD06,2020-21,projected,1842.33,12
Wholesale,Wheat,OD06,2021-22,projected,1901.2,12
Wholesale,Wheat,OD06,2022-23,projected,1961.95,12
Wholesale,Wheat,OD06,2023-24,projected,2024.65,12
Wholesale,Wheat,OD06,2024-25,projected,2089.34,12
Wholesale,Wheat,OD07,2013-14,published,1595.0,12
Wholesale,Wheat,OD07,2014-15,published,1650.0,12
Wholesale,Wheat,OD07,2015-16,published,1609.0,12
Wholesale,Wheat,OD07,2016-17,published,1710.0,12
Wholesale,Wheat,OD07,2017-18,imputed,1799.7,12
Wholesale,Wheat,OD07,2018-19,imputed,1851.57,12
Wholesale,Wheat,OD07,2019-20,projected,1779.73,12
Wholesale,Wheat,OD07,2020-21,projected,1836.6,12
Wholesale,Wheat,OD07,2021-22,projected,1895.29,12
Wholesale,Wheat,OD07,2022-23,projected,1955.85,12
Wholesale,Wheat,OD07,2023-24,projected,2018.35,12
Wholesale,Wheat,OD07,2024-25,projected,2082.84,12
Wholesale,Wheat,OD08,2013-14,published,1560.0,12
Wholesale,Wheat,OD08,2014-15,published,1600.0,12
Wholesale,Wheat,OD08,2015-16,published,1584.0,12
Wholesale,Wheat,OD08,2016-17,published,1700.0,12
Wholesale,Wheat,OD08,2017-18,imputed,1766.41,12
Wholesale,Wheat,OD08,2018-19,imputed,1817.32,12
Wholesale,Wheat,OD08,2019-20,projected,1746.81,12
Wholesale,Wheat,OD08,2020-21,projected,1802.63,12
Wholesale,Wheat,OD08,2021-22,projected,1860.23,12
Wholesale,Wheat,OD08,2022-23,projected,1919.67,12
Wholesale,Wheat,OD08,2023-24,projected,1981.01,12
Wholesale,Wheat,OD08,2024-25,projected,2044.31,12
Wholesale,Wheat,OD09,2013-14,published,1600.0,12
Wholesale,Wheat,OD09,2014-15,published,1645.0,12
Wholesale,Wheat,OD09,2015-16,published,1609.0,12
Wholesale,Wheat,OD09,2016-17,published,1715.0,12
Wholesale,Wheat,OD09,2017-18,published,1800.0,12
Wholesale,Wheat,OD09,2018-19,imputed,1852.74,12
Wholesale,Wheat,OD09,2019-20,projected,1858.38,12
Wholesale,Wheat,OD09,2020-21,projected,1917.76,12
Wholesale,Wheat,OD09,2021-22,projected,1979.04,12
Wholesale,Wheat,OD09,2022-23,projected,2042.28,12
Wholesale,Wheat,OD09,2023-24,projected,2107.54,12
Wholesale,Wheat,OD09,2024-25,projected,2174.89,12
Wholesale,Wheat,OD10,2013-14,imputed,1471.35,12
Wholesale,Wheat,OD10,2014-15,imputed,1511.48,12
Wholesale,Wheat,OD10,2015-16,imputed,1518.96,12
Wholesale,Wheat,OD10,2016-17,published,1620.0,12
Wholesale,Wheat,OD10,2017-18,published,1650.0,12
Wholesale,Wheat,OD10,2018-19,published,1729.0,12
Wholesale,Wheat,OD10,2019-20,projected,1784.25,12
Wholesale,Wheat,OD10,2020-21,projected,1841.26,12
Wholesale,Wheat,OD10,2021-22,projected,1900.1,12
Wholesale,Wheat,OD10,2022-23,projected,1960.82,12
Wholesale,Wheat,OD10,2023-24,projected,2023.48,12
Wholesale,Wheat,OD10,2024-25,projected,2088.13,12
Wholesale,Wheat,OD13,2013-14,published,1570.0,12
Wholesale,Wheat,OD13,2014-15,published,1600.0,12
Wholesale,Wheat,OD13,2015-16,published,1609.0,12
Wholesale,Wheat,OD13,2016-17,published,1675.0,12
Wholesale,Wheat,OD13,2017-18,imputed,1769.62,12
Wholesale,Wheat,OD13,2018-19,imputed,1820.62,12
Wholesale,Wheat,OD13,2019-20,projected,1749.98,12
Wholesale,Wheat,OD13,2020-21,projected,1805.9,12
Wholesale,Wheat,OD13,2021-22,projected,1863.61,12
Wholesale,Wheat,OD13,2022-23,projected,1923.16,12
Wholesale,Wheat,OD13,2023-24,projected,1984.61,12
Wholesale,Wheat,OD13,2024-25,projected,2048.03,12
Wholesale,Wheat,OD14,2013-14,published,1550.0,12
Wholesale,Wheat,OD14,2014-15,published,1575.0,12
Wholesale,Wheat,OD14,2015-16,published,1609.0,12
Wholesale,Wheat,OD14,2016-17,published,1675.0,12
Wholesale,Wheat,OD14,2017-18,imputed,1757.01,12
Wholesale,Wheat,OD14,2018-19,imputed,1807.65,12
Wholesale,Wheat,OD14,2019-20,projected,1737.51,12
Wholesale,Wheat,OD14,2020-21,projected,1793.03,12
Wholesale,Wheat,OD14,2021-22,projected,1850.33,12
Wholesale,Wheat,OD14,2022-23,projected,1909.45,12
Wholesale,Wheat,OD14,2023-24,projected,1970.47,12
Wholesale,Wheat,OD14,2024-25,projected,2033.44,12
Wholesale,Wheat,OD15,2013-14,published,1525.0,12
Wholesale,Wheat,OD15,2014-15,published,1620.0,12
Wholesale,Wheat,OD15,2015-16,published,1629.0,12
Wholesale,Wheat,OD15,2016-17,published,1650.0,12
Wholesale,Wheat,OD15,2017-18,published,1675.0,12
Wholesale,Wheat,OD15,2018-19,published,1610.0,12
Wholesale,Wheat,OD15,2019-20,projected,1661.45,12
Wholesale,Wheat,OD15,2020-21,projected,1714.54,12
Wholesale,Wheat,OD15,2021-22,projected,1769.32,12
Wholesale,Wheat,OD15,2022-23,projected,1825.86,12
Wholesale,Wheat,OD15,2023-24,projected,1884.21,12
Wholesale,Wheat,OD15,2024-25,projected,1944.42,12
Wholesale,Wheat,OD16,2013-14,imputed,1450.04,12
Wholesale,Wheat,OD16,2014-15,imputed,1489.59,12
Wholesale,Wheat,OD16,2015-16,imputed,1496.96,12
Wholesale,Wheat,OD16,2016-17,imputed,1580.64,12
Wholesale,Wheat,OD16,2017-18,imputed,1649.46,12
Wholesale,Wheat,OD16,2018-19,published,1697.0,12
Wholesale,Wheat,OD16,2019-20,projected,1751.23,12
Wholesale,Wheat,OD16,2020-21,projected,1807.19,12
Wholesale,Wheat,OD16,2021-22,projected,1864.93,12
Wholesale,Wheat,OD16,2022-23,projected,1924.53,12
Wholesale,Wheat,OD16,2023-24,projected,1986.03,12
Wholesale,Wheat,OD16,2024-25,projected,2049.49,12
Wholesale,Wheat,OD17,2013-14,published,1585.0,12
Wholesale,Wheat,OD17,2014-15,imputed,1610.81,12
Wholesale,Wheat,OD17,2015-16,published,1629.0,12
Wholesale,Wheat,OD17,2016-17,published,1680.0,12
Wholesale,Wheat,OD17,2017-18,imputed,1783.69,12
Wholesale,Wheat,OD17,2018-19,imputed,1835.1,12
Wholesale,Wheat,OD17,2019-20,projected,1763.9,12
Wholesale,Wheat,OD17,2020-21,projected,1820.26,12
Wholesale,Wheat,OD17,2021-22,projected,1878.43,12
Wholesale,Wheat,OD17,2022-23,projected,1938.45,12
Wholesale,Wheat,OD17,2023-24,projected,2000.39,12
Wholesale,Wheat,OD17,2024-25,projected,2064.31,12
Wholesale,Wheat,OD18,2013-14,published,1510.0,12
Wholesale,Wheat,OD18,2014-15,published,1580.0,12
Wholesale,Wheat,OD18,2015-16,published,1643.0,12
Wholesale,Wheat,OD18,2016-17,published,1810.0,12
Wholesale,Wheat,OD18,2017-18,published,1713.0,12
Wholesale,Wheat,OD18,2018-19,published,1617.0,12
Wholesale,Wheat,OD18,2019-20,projected,1668.67,12
Wholesale,Wheat,OD18,2020-21,projected,1721.99,12
Wholesale,Wheat,OD18,2021-22,projected,1777.02,12
Wholesale,Wheat,OD18,2022-23,projected,1833.8,12
Wholesale,Wheat,OD18,2023-24,projected,1892.4,12
Wholesale,Wheat,OD18,2024-25,projected,1952.87,12
Wholesale,Wheat,OD19,2013-14,published,1600.0,12
Wholesale,Wheat,OD19,2014-15,published,1650.0,12
Wholesale,Wheat,OD19,2015-16,published,1659.0,12
Wholesale,Wheat,OD19,2016-17,published,1733.0,12
Wholesale,Wheat,OD19,2017-18,published,1800.0,12
Wholesale,Wheat,OD19,2018-19,imputed,1869.08,12
Wholesale,Wheat,OD19,2019-20,projected,1874.77,12
Wholesale,Wheat,OD19,2020-21,projected,1934.67,12
Wholesale,Wheat,OD19,2021-22,projected,1996.5,12
Wholesale,Wheat,OD19,2022-23,projected,2060.29,12
Wholesale,Wheat,OD19,2023-24,projected,2126.13,12
Wholesale,Wheat,OD19,2024-25,projected,2194.07,12
Wholesale,Wheat,OD20,2013-14,published,1442.0,12
Wholesale,Wheat,OD20,2014-15,imputed,1508.72,12
Wholesale,Wheat,OD20,2015-16,imputed,1516.19,12
Wholesale,Wheat,OD20,2016-17,imputed,1600.95,12
Wholesale,Wheat,OD20,2017-18,imputed,1670.64,12
Wholesale,Wheat,OD20,2018-19,published,1750.0,12
Wholesale,Wheat,OD20,2019-20,projected,1805.92,12
Wholesale,Wheat,OD20,2020-21,projected,1863.63,12
Wholesale,Wheat,OD20,2021-22,projected,1923.18,12
Wholesale,Wheat,OD20,2022-23,projected,1984.63,12
Wholesale,Wheat,OD20,2023-24,projected,2048.05,12
Wholesale,Wheat,OD20,2024-25,projected,2113.5,12
Wholesale,Wheat,OD21,2013-14,imputed,1414.19,12
Wholesale,Wheat,OD21,2014-15,imputed,1452.76,12
Wholesale,Wheat,OD21,2015-16,published,1509.0,12
Wholesale,Wheat,OD21,2016-17,published,1546.0,12
Wholesale,Wheat,OD21,2017-18,published,1550.0,12
Wholesale,Wheat,OD21,2018-19,imputed,1655.04,12
Wholesale,Wheat,OD21,2019-20,projected,1660.08,12
Wholesale,Wheat,OD21,2020-21,projected,1713.13,12
Wholesale,Wheat,OD21,2021-22,projected,1767.87,12
Wholesale,Wheat,OD21,2022-23,projected,1824.36,12
Wholesale,Wheat,OD21,2023-24,projected,1882.66,12
Wholesale,Wheat,OD21,2024-25,projected,1942.82,12
Wholesale,Wheat,OD22,2013-14,published,1548.0,12
Wholesale,Wheat,OD22,2014-15,published,1560.0,12
Wholesale,Wheat,OD22,2015-16,published,1629.0,12
Wholesale,Wheat,OD22,2016-17,published,1685.0,12
Wholesale,Wheat,OD22,2017-18,published,1700.0,12
Wholesale,Wheat,OD22,2018-19,published,1894.0,12
Wholesale,Wheat,OD22,2019-20,projected,1954.52,12
Wholesale,Wheat,OD22,2020-21,projected,2016.98,12
Wholesale,Wheat,OD22,2021-22,projected,2081.43,12
Wholesale,Wheat,OD22,2022-23,projected,2147.94,12
Wholesale,Wheat,OD22,2023-24,projected,2216.58,12
Wholesale,Wheat,OD22,2024-25,projected,2287.41,12
Wholesale,Wheat,OD23,2013-14,published,1540.0,12
Wholesale,Wheat,OD23,2014-15,published,1640.0,12
Wholesale,Wheat,OD23,2015-16,published,1710.0,12
Wholesale,Wheat,OD23,2016-17,published,1800.0,12
Wholesale,Wheat,OD23,2017-18,published,2400.0,12
Wholesale,Wheat,OD23,2018-19,published,2050.0,12
Wholesale,Wheat,OD23,2019-20,projected,2115.51,12
Wholesale,Wheat,OD23,2020-21,projected,2183.11,12
Wholesale,Wheat,OD23,2021-22,projected,2252.87,12
Wholesale,Wheat,OD23,2022-23,projected,2324.86,12
Wholesale,Wheat,OD23,2023-24,projected,2399.15,12
Wholesale,Wheat,OD23,2024-25,projected,2475.81,12
Wholesale,Wheat,OD24,2013-14,published,1592.0,12
Wholesale,Wheat,OD24,2014-15,published,1600.0,12
Wholesale,Wheat,OD24,2015-16,published,1559.0,12
Wholesale,Wheat,OD24,2016-17,published,1650.0,12
Wholesale,Wheat,OD24,2017-18,published,1800.0,12
Wholesale,Wheat,OD24,2018-19,imputed,1815.32,12
Wholesale,Wheat,OD24,2019-20,projected,1820.84,12
Wholesale,Wheat,OD24,2020-21,projected,1879.03,12
Wholesale,Wheat,OD24,2021-22,projected,1939.07,12
Wholesale,Wheat,OD24,2022-23,projected,2001.03,12
Wholesale,Wheat,OD24,2023-24,projected,2064.98,12
Wholesale,Wheat,OD24,2024-25,projected,2130.96,12
Wholesale,Wheat,OD25,2013-14,published,1597.0,12
Wholesale,Wheat,OD25,2014-15,imputed,1640.56,12
Wholesale,Wheat,OD25,2015-16,imputed,1648.68,12
Wholesale,Wheat,OD25,2016-17,imputed,1740.84,12
Wholesale,Wheat,OD25,2017-18,imputed,1816.63,12
Wholesale,Wheat,OD25,2018-19,imputed,1868.99,12
Wholesale,Wheat,OD25,2019-20,projected,1648.03,12
Wholesale,Wheat,OD25,2020-21,projected,1700.69,12
Wholesale,Wheat,OD25,2021-22,projected,1755.04,12
Wholesale,Wheat,OD25,2022-23,projected,1811.12,12
Wholesale,Wheat,OD25,2023-24,projected,1868.99,12
Wholesale,Wheat,OD25,2024-25,projected,1928.72,12
Wholesale,Wheat,OD26,2013-14,imputed,1406.56,12
Wholesale,Wheat,OD26,2014-15,imputed,1444.93,12
Wholesale,Wheat,OD26,2015-16,imputed,1452.08,12
Wholesale,Wheat,OD26,2016-17,imputed,1533.25,12
Wholesale,Wheat,OD26,2017-18,published,1600.0,12
Wholesale,Wheat,OD26,2018-19,imputed,1646.12,12
Wholesale,Wheat,OD26,2019-20,projected,1651.13,12
Wholesale,Wheat,OD26,2020-21,projected,1703.89,12
Wholesale,Wheat,OD26,2021-22,projected,1758.34,12
Wholesale,Wheat,OD26,2022-23,projected,1814.52,12
Wholesale,Wheat,OD26,2023-24,projected,1872.5,12
Wholesale,Wheat,OD26,2024-25,projected,1932.34,12
Wholesale,Wheat,OD28,2013-14,published,1600.0,12
Wholesale,Wheat,OD28,2014-15,published,1600.0,12
Wholesale,Wheat,OD28,2015-16,published,1559.0,12
Wholesale,Wheat,OD28,2016-17,published,1667.0,12
Wholesale,Wheat,OD28,2017-18,imputed,1769.46,12
Wholesale,Wheat,OD28,2018-19,published,1850.0,12
Wholesale,Wheat,OD28,2019-20,projected,1909.12,12
Wholesale,Wheat,OD28,2020-21,projected,1970.12,12
Wholesale,Wheat,OD28,2021-22,projected,2033.08,12
Wholesale,Wheat,OD28,2022-23,projected,2098.04,12
Wholesale,Wheat,OD28,2023-24,projected,2165.08,12
Wholesale,Wheat,OD28,2024-25,projected,2234.27,12
Wholesale,Wheat,OD29,2013-14,published,1612.0,12
Wholesale,Wheat,OD29,2014-15,published,1620.0,12
Wholesale,Wheat,OD29,2015-16,published,1584.0,12
Wholesale,Wheat,OD29,2016-17,published,1700.0,12
Wholesale,Wheat,OD29,2017-18,imputed,1786.73,12
Wholesale,Wheat,OD29,2018-19,imputed,1838.23,12
Wholesale,Wheat,OD29,2019-20,projected,1766.91,12
Wholesale,Wheat,OD29,2020-21,projected,1823.37,12
Wholesale,Wheat,OD29,2021-22,projected,1881.63,12
Wholesale,Wheat,OD29,2022-23,projected,1941.76,12
Wholesale,Wheat,OD29,2023-24,projected,2003.81,12
Wholesale,Wheat,OD29,2024-25,projected,2067.84,12
Wholesale,Wheat,OD30,2013-14,published,1550.0,12
Wholesale,Wheat,OD30,2014-15,published,1550.0,12
Wholesale,Wheat,OD30,2015-16,published,1710.0,12
Wholesale,Wheat,OD30,2016-17,published,1750.0,12
Wholesale,Wheat,OD30,2017-18,published,1800.0,12
Wholesale,Wheat,OD30,2018-19,published,2000.0,12
Wholesale,Wheat,OD30,2019-20,projected,2063.91,12
Wholesale,Wheat,OD30,2020-21,projected,2129.86,12
Wholesale,Wheat,OD30,2021-22,projected,2197.92,12
Wholesale,Wheat,OD30,2022-23,projected,2268.15,12
Wholesale,Wheat,OD30,2023-24,projected,2340.63,12
Wholesale,Wheat,OD30,2024-25,projected,2415.42,12
