Year,District,Block,Code,Block_Urban,Land Use Category,Area in Ha
2023-24,Angul,Athamalik,81,Block,Forest,20477
2023-24,Angul,Athamalik,81,Block,Land_put_to_Non_Agricultural_use,5741
2023-24,Angul,Athamalik,81,Block,Barren_&_Non_Cultivable_land,2063
2023-24,Angul,Athamalik,81,Block,Permanent_Pastures_&_other_grazing_land,4793
2023-24,Angul,Athamalik,81,Block,Land_under_misc_tree_crop_&_groves_not_included_in_net_area_sown,431
2023-24,Angul,Athamalik,81,Block,Cultivable_Waste,2196
2023-24,Angul,Athamalik,81,Block,Old_Fallows,5808
2023-24,Angul,Athamalik,81,Block,Current_Fallows,6056
2023-24,Angul,Athamalik,81,Block,Net_Area_Sown_Irrigated,4359
2023-24,Angul,Athamalik,81,Block,Net_Area_Sown_Unirrigated,15998
2023-24,Angul,Athamalik,81,Block,Net_Area_Sown_Total,20357
2023-24,Angul,Athamalik,81,Block,Total_Area_under_Survey,67922
2023-24,Angul,Angul,82,Block,Forest,12152
2023-24,Angul,Angul,82,Block,Land_put_to_Non_Agricultural_use,3196
2023-24,Angul,Angul,82,Block,Barren_&_Non_Cultivable_land,1335
2023-24,Angul,Angul,82,Block,Permanent_Pastures_&_other_grazing_land,3118
2023-24,Angul,Angul,82,Block,Land_under_misc_tree_crop_&_groves_not_included_in_net_area_sown,513
2023-24,Angul,Angul,82,Block,Cultivable_Waste,5351
2023-24,Angul,Angul,82,Block,Old_Fallows,4461
2023-24,Angul,Angul,82,Block,Current_Fallows,4517
2023-24,Angul,Angul,82,Block,Net_Area_Sown_Irrigated,614
2023-24,Angul,Angul,82,Block,Net_Area_Sown_Unirrigated,12950
2023-24,Angul,Angul,82,Block,Net_Area_Sown_Total,13564
2023-24,Angul,Angul,82,Block,Total_Area_under_Survey,48207
2023-24,Angul,Banarpal,90,Block,Forest,1963
2023-24,Angul,Banarpal,90,Block,Land_put_to_Non_Agricultural_use,5998
2023-24,Angul,Banarpal,90,Block,Barren_&_Non_Cultivable_land,168
2023-24,Angul,Banarpal,90,Block,Permanent_Pastures_&_other_grazing_land,2386
2023-24,Angul,Banarpal,90,Block,Land_under_misc_tree_crop_&_groves_not_included_in_net_area_sown,337
2023-24,Angul,Banarpal,90,Block,Cultivable_Waste,1220
2023-24,Angul,Banarpal,90,Block,Old_Fallows,3386
2023-24,Angul,Banarpal,90,Block,Current_Fallows,3928
2023-24,Angul,Banarpal,90,Block,Net_Area_Sown_Irrigated,3770
2023-24,Angul,Banarpal,90,Block,Net_Area_Sown_Unirrigated,10409
2023-24,Angul,Banarpal,90,Block,Net_Area_Sown_Total,14179
2023-24,Angul,Banarpal,90,Block,Total_Area_under_Survey,33565
2023-24,Angul,Kishorenagar,91,Block,Forest,18889
2023-24,Angul,Kishorenagar,91,Block,Land_put_to_Non_Agricultural_use,2864
2023-24,Angul,Kishorenagar,91,Block,Barren_&_Non_Cultivable_land,4639
2023-24,Angul,Kishorenagar,91,Block,Permanent_Pastures_&_other_grazing_land,2214
2023-24,Angul,Kishorenagar,91,Block,Land_under_misc_tree_crop_&_groves_not_included_in_net_area_sown,816
2023-24,Angul,Kishorenagar,91,Block,Cultivable_Waste,2200
2023-24,Angul,Kishorenagar,91,Block,Old_Fallows,3309
2023-24,Angul,Kishorenagar,91,Block,Current_Fallows,7105
2023-24,Angul,Kishorenagar,91,Block,Net_Area_Sown_Irrigated,307
2023-24,Angul,Kishorenagar,91,Block,Net_Area_Sown_Unirrigated,17702
2023-24,Angul,Kishorenagar,91,Block,Net_Area_Sown_Total,18009
2023-24,Angul,Kishorenagar,91,Block,Total_Area_under_Survey,60045
2023-24,Angul,Cheendipada,92,Block,Forest,9510
2023-24,Angul,Cheendipada,92,Block,Land_put_to_Non_Agricultural_use,5023
2023-24,Angul,Cheendipada,92,Block,Barren_&_Non_Cultivable_land,702
2023-24,Angul,Cheendipada,92,Block,Permanent_Pastures_&_other_grazing_land,3612
2023-24,Angul,Cheendipada,92,Block,Land_under_misc_tree_crop_&_groves_not_included_in_net_area_sown,2109
2023-24,Angul,Cheendipada,92,Block,Cultivable_Waste,8366
2023-24,Angul,Cheendipada,92,Block,Old_Fallows,6609
2023-24,Angul,Cheendipada,92,Block,Current_Fallows,7972
2023-24,Angul,Cheendipada,92,Block,Net_Area_Sown_Irrigated,655
2023-24,Angul,Cheendipada,92,Block,Net_Area_Sown_Unirrigated,15370
2023-24,Angul,Cheendipada,92,Block,Net_Area_Sown_Total,16025
2023-24,Angul,Cheendipada,92,Block,Total_Area_under_Survey,59928
2023-24,Angul,Kaniha,93,Block,Forest,12847
2023-24,Angul,Kaniha,93,Block,Land_put_to_Non_Agricultural_use,4776
2023-24,Angul,Kaniha,93,Block,Barren_&_Non_Cultivable_land,990
2023-24,Angul,Kaniha,93,Block,Permanent_Pastures_&_other_grazing_land,2701
2023-24,Angul,Kaniha,93,Block,Land_under_misc_tree_crop_&_groves_not_included_in_net_area_sown,348
2023-24,Angul,Kaniha,93,Block,Cultivable_Waste,2694
2023-24,Angul,Kaniha,93,Block,Old_Fallows,2911
2023-24,Angul,Kaniha,93,Block,Current_Fallows,3232
2023-24,Angul,Kaniha,93,Block,Net_Area_Sown_Irrigated,972
2023-24,Angul,Kaniha,93,Block,Net_Area_Sown_Unirrigated,23170
2023-24,Angul,Kaniha,93,Block,Net_Area_Sown_Total,24142
2023-24,Angul,Kaniha,93,Block,Total_Area_under_Survey,54641
2023-24,Angul,Talcher,94,Block,Forest,4122
2023-24,Angul,Talcher,94,Block,Land_put_to_Non_Agricultural_use,7163
2023-24,Angul,Talcher,94,Block,Barren_&_Non_Cultivable_land,142
2023-24,Angul,Talcher,94,Block,Permanent_Pastures_&_other_grazing_land,964
2023-24,Angul,Talcher,94,Block,Land_under_misc_tree_crop_&_groves_not_included_in_net_area_sown,281
2023-24,Angul,Talcher,94,Block,Cultivable_Waste,1035
2023-24,Angul,Talcher,94,Block,Old_Fallows,3169
2023-24,Angul,Talcher,94,Block,Current_Fallows,4049
2023-24,Angul,Talcher,94,Block,Net_Area_Sown_Irrigated,288
2023-24,Angul,Talcher,94,Block,Net_Area_Sown_Unirrigated,598
2023-24,Angul,Talcher,94,Block,Net_Area_Sown_Total,886
2023-24,Angul,Talcher,94,Block,Total_Area_under_Survey,21811
2023-24,Angul,Palalahada,96,Block,Forest,38773
2023-24,Angul,Palalahada,96,Block,Land_put_to_Non_Agricultural_use,3669
2023-24,Angul,Palalahada,96,Block,Barren_&_Non_Cultivable_land,459
2023-24,Angul,Palalahada,96,Block,Permanent_Pastures_&_other_grazing_land,2166
2023-24,Angul,Palalahada,96,Block,Land_under_misc_tree_crop_&_groves_not_included_in_net_area_sown,357
2023-24,Angul,Palalahada,96,Block,Cultivable_Waste,2562
2023-24,Angul,Palalahada,96,Block,Old_Fallows,5517
2023-24,Angul,Palalahada,96,Block,Current_Fallows,6851
2023-24,Angul,Palalahada,96,Block,Net_Area_Sown_Irrigated,385
2023-24,Angul,Palalahada,96,Block,Net_Area_Sown_Unirrigated,10579
2023-24,Angul,Palalahada,96,Block,Net_Area_Sown_Total,10964
2023-24,Angul,Palalahada,96,Block,Total_Area_under_Survey,71318
2023-24,Angul,URBAN,,Urban,Forest,1671
2023-24,Angul,URBAN,,Urban,Land_put_to_Non_Agricultural_use,541
2023-24,Angul,URBAN,,Urban,Barren_&_Non_Cultivable_land,148
2023-24,Angul,URBAN,,Urban,Permanent_Pastures_&_other_grazing_land,309
2023-24,Angul,URBAN,,Urban,Land_under_misc_tree_crop_&_groves_not_included_in_net_area_sown,73
2023-24,Angul,URBAN,,Urban,Cultivable_Waste,361
2023-24,Angul,URBAN,,Urban,Old_Fallows,495
2023-24,Angul,URBAN,,Urban,Current_Fallows,615
2023-24,Angul,URBAN,,Urban,Net_Area_Sown_Irrigated,63
2023-24,Angul,URBAN,,Urban,Net_Area_Sown_Unirrigated,1007
2023-24,Angul,URBAN,,Urban,Net_Area_Sown_Total,1070
2023-24,Angul,URBAN,,Urban,Total_Area_under_Survey,5283
2023-24,Balangir,Bangomunda,20,Block,Forest,524
2023-24,Balangir,Bangomunda,20,Block,Land_put_to_Non_Agricultural_use,5312
2023-24,Balangir,Bangomunda,20,Block,Barren_&_Non_Cultivable_land,3666
2023-24,Balangir,Bangomunda,20,Block,Permanent_Pastures_&_other_grazing_land,4899
2023-24,Balangir,Bangomunda,20,Block,Land_under_misc_tree_crop_&_groves_not_included_in_net_area_sown,40
2023-24,Balangir,Bangomunda,20,Block,Cultivable_Waste,2225
2023-24,Balangir,Bangomunda,20,Block,Old_Fallows,2038
2023-24,Balangir,Bangomunda,20,Block,Current_Fallows,2493
2023-24,Balangir,Bangomunda,20,Block,Net_Area_Sown_Irrigated,394
2023-24,Balangir,Bangomunda,20,Block,Net_Area_Sown_Unirrigated,11349
2023-24,Balangir,Bangomunda,20,Block,Net_Area_Sown_Total,11743
2023-24,Balangir,Bangomunda,20,Block,Total_Area_under_Survey,32940
2023-24,Balangir,Titilagarh,21,Block,Forest,1304
2023-24,Balangir,Titilagarh,21,Block,Land_put_to_Non_Agricultural_use,3611
2023-24,Balangir,Titilagarh,21,Block,Barren_&_Non_Cultivable_land,1617
2023-24,Balangir,Titilagarh,21,Block,Permanent_Pastures_&_other_grazing_land,2656
2023-24,Balangir,Titilagarh,21,Block,Land_under_misc_tree_crop_&_groves_not_included_in_net_area_sown,60
2023-24,Balangir,Titilagarh,21,Block,Cultivable_Waste,875
2023-24,Balangir,Titilagarh,21,Block,Old_Fallows,821
2023-24,Balangir,Titilagarh,21,Block,Current_Fallows,1153
2023-24,Balangir,Titilagarh,21,Block,Net_Area_Sown_Irrigated,598
2023-24,Balangir,Titilagarh,21,Block,Net_Area_Sown_Unirrigated,22722
2023-24,Balangir,Titilagarh,21,Block,Net_Area_Sown_Total,23320
2023-24,Balangir,Titilagarh,21,Block,Total_Area_under_Survey,35417
2023-24,Balangir,Saintala,22,Block,Forest,11077
2023-24,Balangir,Saintala,22,Block,Land_put_to_Non_Agricultural_use,3553
2023-24,Balangir,Saintala,22,Block,Barren_&_Non_Cultivable_land,552
2023-24,Balangir,Saintala,22,Block,Permanent_Pastures_&_other_grazing_land,4502
2023-24,Balangir,Saintala,22,Block,Land_under_misc_tree_crop_&_groves_not_included_in_net_area_sown,26
2023-24,Balangir,Saintala,22,Block,Cultivable_Waste,591
2023-24,Balangir,Saintala,22,Block,Old_Fallows,1005
2023-24,Balangir,Saintala,22,Block,Current_Fallows,6068
2023-24,Balangir,Saintala,22,Block,Net_Area_Sown_Irrigated,891
2023-24,Balangir,Saintala,22,Block,Net_Area_Sown_Unirrigated,14859
2023-24,Balangir,Saintala,22,Block,Net_Area_Sown_Total,15750
2023-24,Balangir,Saintala,22,Block,Total_Area_under_Survey,43124
2023-24,Balangir,Muribahal,23,Block,Forest,2920
2023-24,Balangir,Muribahal,23,Block,Land_put_to_Non_Agricultural_use,3871
2023-24,Balangir,Muribahal,23,Block,Barren_&_Non_Cultivable_land,2319
2023-24,Balangir,Muribahal,23,Block,Permanent_Pastures_&_other_grazing_land,3797
2023-24,Balangir,Muribahal,23,Block,Land_under_misc_tree_crop_&_groves_not_included_in_net_area_sown,22
2023-24,Balangir,Muribahal,23,Block,Cultivable_Waste,503
2023-24,Balangir,Muribahal,23,Block,Old_Fallows,789
2023-24,Balangir,Muribahal,23,Block,Current_Fallows,2998
2023-24,Balangir,Muribahal,23,Block,Net_Area_Sown_Irrigated,822
2023-24,Balangir,Muribahal,23,Block,Net_Area_Sown_Unirrigated,21969
2023-24,Balangir,Muribahal,23,Block,Net_Area_Sown_Total,22791
2023-24,Balangir,Muribahal,23,Block,Total_Area_under_Survey,40010
2023-24,Balangir,Tureikela,24,Block,Forest,3195
2023-24,Balangir,Tureikela,24,Block,Land_put_to_Non_Agricultural_use,1866
2023-24,Balangir,Tureikela,24,Block,Barren_&_Non_Cultivable_land,1253
2023-24,Balangir,Tureikela,24,Block,Permanent_Pastures_&_other_grazing_land,1964
2023-24,Balangir,Tureikela,24,Block,Land_under_misc_tree_crop_&_groves_not_included_in_net_area_sown,60
2023-24,Balangir,Tureikela,24,Block,Cultivable_Waste,2704
2023-24,Balangir,Tureikela,24,Block,Old_Fallows,2210
2023-24,Balangir,Tureikela,24,Block,Current_Fallows,1152
2023-24,Balangir,Tureikela,24,Block,Net_Area_Sown_Irrigated,410
2023-24,Balangir,Tureikela,24,Block,Net_Area_Sown_Unirrigated,18971
2023-24,Balangir,Tureikela,24,Block,Net_Area_Sown_Total,19381
2023-24,Balangir,Tureikela,24,Block,Total_Area_under_Survey,33785
2023-24,Balangir,Belapara,25,Block,Forest,5415
2023-24,Balangir,Belapara,25,Block,Land_put_to_Non_Agricultural_use,4787
2023-24,Balangir,Belapara,25,Block,Barren_&_Non_Cultivable_land,396
2023-24,Balangir,Belapara,25,Block,Permanent_Pastures_&_other_grazing_land,1941
2023-24,Balangir,Belapara,25,Block,Land_under_misc_tree_crop_&_groves_not_included_in_net_area_sown,165
2023-24,Balangir,Belapara,25,Block,Cultivable_Waste,1094
2023-24,Balangir,Belapara,25,Block,Old_Fallows,3499
2023-24,Balangir,Belapara,25,Block,Current_Fallows,6032
2023-24,Balangir,Belapara,25,Block,Net_Area_Sown_Irrigated,671
2023-24,Balangir,Belapara,25,Block,Net_Area_Sown_Unirrigated,25787
2023-24,Balangir,Belapara,25,Block,Net_Area_Sown_Total,26458
2023-24,Balangir,Belapara,25,Block,Total_Area_under_Survey,49787
2023-24,Balangir,Khaprakhol,26,Block,Forest,2055
2023-24,Balangir,Khaprakhol,26,Block,Land_put_to_Non_Agricultural_use,3651
2023-24,Balangir,Khaprakhol,26,Block,Barren_&_Non_Cultivable_land,1123
2023-24,Balangir,Khaprakhol,26,Block,Permanent_Pastures_&_other_grazing_land,2716
2023-24,Balangir,Khaprakhol,26,Block,Land_under_misc_tree_crop_&_groves_not_included_in_net_area_sown,94
2023-24,Balangir,Khaprakhol,26,Block,Cultivable_Waste,2760
2023-24,Balangir,Khaprakhol,26,Block,Old_Fallows,2348
2023-24,Balangir,Khaprakhol,26,Block,Current_Fallows,6150
2023-24,Balangir,Khaprakhol,26,Block,Net_Area_Sown_Irrigated,2225
2023-24,Balangir,Khaprakhol,26,Block,Net_Area_Sown_Unirrigated,21721
2023-24,Balangir,Khaprakhol,26,Block,Net_Area_Sown_Total,23946
2023-24,Balangir,Khaprakhol,26,Block,Total_Area_under_Survey,44843
2023-24,Balangir,Patnagarh,27,Block,Forest,8419
2023-24,Balangir,Patnagarh,27,Block,Land_put_to_Non_Agricultural_use,3166
2023-24,Balangir,Patnagarh,27,Block,Barren_&_Non_Cultivable_land,1637
2023-24,Balangir,Patnagarh,27,Block,Permanent_Pastures_&_other_grazing_land,3923
2023-24,Balangir,Patnagarh,27,Block,Land_under_misc_tree_crop_&_groves_not_included_in_net_area_sown,112
2023-24,Balangir,Patnagarh,27,Block,Cultivable_Waste,1431
2023-24,Balangir,Patnagarh,27,Block,Old_Fallows,3159
2023-24,Balangir,Patnagarh,27,Block,Current_Fallows,8924
2023-24,Balangir,Patnagarh,27,Block,Net_Area_Sown_Irrigated,2797
2023-24,Balangir,Patnagarh,27,Block,Net_Area_Sown_Unirrigated,25648
2023-24,Balangir,Patnagarh,27,Block,Net_Area_Sown_Total,28445
2023-24,Balangir,Patnagarh,27,Block,Total_Area_under_Survey,59216
2023-24,Balangir,Deogaon,28,Block,Forest,7482
2023-24,Balangir,Deogaon,28,Block,Land_put_to_Non_Agricultural_use,4018
2023-24,Balangir,Deogaon,28,Block,Barren_&_Non_Cultivable_land,1767
2023-24,Balangir,Deogaon,28,Block,Permanent_Pastures_&_other_grazing_land,3488
2023-24,Balangir,Deogaon,28,Block,Land_under_misc_tree_crop_&_groves_not_included_in_net_area_sown,92
2023-24,Balangir,Deogaon,28,Block,Cultivable_Waste,1411
2023-24,Balangir,Deogaon,28,Block,Old_Fallows,2236
2023-24,Balangir,Deogaon,28,Block,Current_Fallows,4305
2023-24,Balangir,Deogaon,28,Block,Net_Area_Sown_Irrigated,1856
2023-24,Balangir,Deogaon,28,Block,Net_Area_Sown_Unirrigated,16420
2023-24,Balangir,Deogaon,28,Block,Net_Area_Sown_Total,18276
2023-24,Balangir,Deogaon,28,Block,Total_Area_under_Survey,43075
2023-24,Balangir,Tentulikhunti,29,Block,Forest,4000
2023-24,Balangir,Tentulikhunti,29,Block,Land_put_to_Non_Agricultural_use,1724
2023-24,Balangir,Tentulikhunti,29,Block,Barren_&_Non_Cultivable_land,743
2023-24,Balangir,Tentulikhunti,29,Block,Permanent_Pastures_&_other_grazing_land,911
2023-24,Balangir,Tentulikhunti,29,Block,Land_under_misc_tree_crop_&_groves_not_included_in_net_area_sown,23
2023-24,Balangir,Tentulikhunti,29,Block,Cultivable_Waste,237
2023-24,Balangir,Tentulikhunti,29,Block,Old_Fallows,382
2023-24,Balangir,Tentulikhunti,29,Block,Current_Fallows,1291
2023-24,Balangir,Tentulikhunti,29,Block,Net_Area_Sown_Irrigated,1805
2023-24,Balangir,Tentulikhunti,29,Block,Net_Area_Sown_Unirrigated,7534
2023-24,Balangir,Tentulikhunti,29,Block,Net_Area_Sown_Total,9339
2023-24,Balangir,Tentulikhunti,29,Block,Total_Area_under_Survey,18650
2023-24,Balangir,Puintala,31,Block,Forest,268
2023-24,Balangir,Puintala,31,Block,Land_put_to_Non_Agricultural_use,5295
2023-24,Balangir,Puintala,31,Block,Barren_&_Non_Cultivable_land,793
2023-24,Balangir,Puintala,31,Block,Permanent_Pastures_&_other_grazing_land,2066
2023-24,Balangir,Puintala,31,Block,Land_under_misc_tree_crop_&_groves_not_included_in_net_area_sown,79
2023-24,Balangir,Puintala,31,Block,Cultivable_Waste,3143
2023-24,Balangir,Puintala,31,Block,Old_Fallows,4625
2023-24,Balangir,Puintala,31,Block,Current_Fallows,6915
2023-24,Balangir,Puintala,31,Block,Net_Area_Sown_Irrigated,694
2023-24,Balangir,Puintala,31,Block,Net_Area_Sown_Unirrigated,10015
2023-24,Balangir,Puintala,31,Block,Net_Area_Sown_Total,10709
2023-24,Balangir,Puintala,31,Block,Total_Area_under_Survey,33893
2023-24,Balangir,Balangir,32,Block,Forest,8669
2023-24,Balangir,Balangir,32,Block,Land_put_to_Non_Agricultural_use,2910
2023-24,Balangir,Balangir,32,Block,Barren_&_Non_Cultivable_land,430
2023-24,Balangir,Balangir,32,Block,Permanent_Pastures_&_other_grazing_land,3146
2023-24,Balangir,Balangir,32,Block,Land_under_misc_tree_crop_&_groves_not_included_in_net_area_sown,64
2023-24,Balangir,Balangir,32,Block,Cultivable_Waste,3191
2023-24,Balangir,Balangir,32,Block,Old_Fallows,4200
2023-24,Balangir,Balangir,32,Block,Current_Fallows,7519
2023-24,Balangir,Balangir,32,Block,Net_Area_Sown_Irrigated,762
2023-24,Balangir,Balangir,32,Block,Net_Area_Sown_Unirrigated,8524
2023-24,Balangir,Balangir,32,Block,Net_Area_Sown_Total,9286
2023-24,Balangir,Balangir,32,Block,Total_Area_under_Survey,39415
2023-24,Balangir,Loisingha,33,Block,Forest,3900
2023-24,Balangir,Loisingha,33,Block,Land_put_to_Non_Agricultural_use,6115
2023-24,Balangir,Loisingha,33,Block,Barren_&_Non_Cultivable_land,1801
2023-24,Balangir,Loisingha,33,Block,Permanent_Pastures_&_other_grazing_land,2397
2023-24,Balangir,Loisingha,33,Block,Land_under_misc_tree_crop_&_groves_not_included_in_net_area_sown,689
2023-24,Balangir,Loisingha,33,Block,Cultivable_Waste,1417
2023-24,Balangir,Loisingha,33,Block,Old_Fallows,1401
2023-24,Balangir,Loisingha,33,Block,Current_Fallows,3664
2023-24,Balangir,Loisingha,33,Block,Net_Area_Sown_Irrigated,1419
2023-24,Balangir,Loisingha,33,Block,Net_Area_Sown_Unirrigated,8709
2023-24,Balangir,Loisingha,33,Block,Net_Area_Sown_Total,10128
2023-24,Balangir,Loisingha,33,Block,Total_Area_under_Survey,31512
2023-24,Balangir,Agalpur,34,Block,Forest,1034
2023-24,Balangir,Agalpur,34,Block,Land_put_to_Non_Agricultural_use,3682
2023-24,Balangir,Agalpur,34,Block,Barren_&_Non_Cultivable_land,180
2023-24,Balangir,Agalpur,34,Block,Permanent_Pastures_&_other_grazing_land,1184
2023-24,Balangir,Agalpur,34,Block,Land_under_misc_tree_crop_&_groves_not_included_in_net_area_sown,40
2023-24,Balangir,Agalpur,34,Block,Cultivable_Waste,947
2023-24,Balangir,Agalpur,34,Block,Old_Fallows,1463
2023-24,Balangir,Agalpur,34,Block,Current_Fallows,3918
2023-24,Balangir,Agalpur,34,Block,Net_Area_Sown_Irrigated,3337
2023-24,Balangir,Agalpur,34,Block,Net_Area_Sown_Unirrigated,13980
2023-24,Balangir,Agalpur,34,Block,Net_Area_Sown_Total,17317
2023-24,Balangir,Agalpur,34,Block,Total_Area_under_Survey,29765
2023-24,Balangir,URBAN,,Urban,Forest,1528
2023-24,Balangir,URBAN,,Urban,Land_put_to_Non_Agricultural_use,1358
2023-24,Balangir,URBAN,,Urban,Barren_&_Non_Cultivable_land,463
2023-24,Balangir,URBAN,,Urban,Permanent_Pastures_&_other_grazing_land,1004
2023-24,Balangir,URBAN,,Urban,Land_under_misc_tree_crop_&_groves_not_included_in_net_area_sown,40
2023-24,Balangir,URBAN,,Urban,Cultivable_Waste,571
2023-24,Balangir,URBAN,,Urban,Old_Fallows,765
2023-24,Balangir,URBAN,,Urban,Current_Fallows,1587
2023-24,Balangir,URBAN,,Urban,Net_Area_Sown_Irrigated,15
2023-24,Balangir,URBAN,,Urban,Net_Area_Sown_Unirrigated,964
2023-24,Balangir,URBAN,,Urban,Net_Area_Sown_Total,979
2023-24,Balangir,URBAN,,Urban,Total_Area_under_Survey,8295
2023-24,Balasore,Khira,7,Block,Forest,453
2023-24,Balasore,Khira,7,Block,Land_put_to_Non_Agricultural_use,6122
2023-24,Balasore,Khira,7,Block,Barren_&_Non_Cultivable_land,369
2023-24,Balasore,Khira,7,Block,Permanent_Pastures_&_other_grazing_land,1540
2023-24,Balasore,Khira,7,Block,Land_under_misc_tree_crop_&_groves_not_included_in_net_area_sown,565
2023-24,Balasore,Khira,7,Block,Cultivable_Waste,1498
2023-24,Balasore,Khira,7,Block,Old_Fallows,1286
2023-24,Balasore,Khira,7,Block,Current_Fallows,1710
2023-24,Balasore,Khira,7,Block,Net_Area_Sown_Irrigated,4071
2023-24,Balasore,Khira,7,Block,Net_Area_Sown_Unirrigated,14993
2023-24,Balasore,Khira,7,Block,Net_Area_Sown_Total,19064
2023-24,Balasore,Khira,7,Block,Total_Area_under_Survey,32607
2023-24,Balasore,Simulia,8,Block,Forest,59
2023-24,Balasore,Simulia,8,Block,Land_put_to_Non_Agricultural_use,4130
2023-24,Balasore,Simulia,8,Block,Barren_&_Non_Cultivable_land,0
2023-24,Balasore,Simulia,8,Block,Permanent_Pastures_&_other_grazing_land,778
2023-24,Balasore,Simulia,8,Block,Land_under_misc_tree_crop_&_groves_not_included_in_net_area_sown,671
2023-24,Balasore,Simulia,8,Block,Cultivable_Waste,436
2023-24,Balasore,Simulia,8,Block,Old_Fallows,617
2023-24,Balasore,Simulia,8,Block,Current_Fallows,970
2023-24,Balasore,Simulia,8,Block,Net_Area_Sown_Irrigated,12964
2023-24,Balasore,Simulia,8,Block,Net_Area_Sown_Unirrigated,97
2023-24,Balasore,Simulia,8,Block,Net_Area_Sown_Total,13061
2023-24,Balasore,Simulia,8,Block,Total_Area_under_Survey,20722
2023-24,Balasore,Soro,10,Block,Forest,1478
2023-24,Balasore,Soro,10,Block,Land_put_to_Non_Agricultural_use,3792
2023-24,Balasore,Soro,10,Block,Barren_&_Non_Cultivable_land,1385
2023-24,Balasore,Soro,10,Block,Permanent_Pastures_&_other_grazing_land,1122
2023-24,Balasore,Soro,10,Block,Land_under_misc_tree_crop_&_groves_not_included_in_net_area_sown,422
2023-24,Balasore,Soro,10,Block,Cultivable_Waste,927
2023-24,Balasore,Soro,10,Block,Old_Fallows,475
2023-24,Balasore,Soro,10,Block,Current_Fallows,2486
2023-24,Balasore,Soro,10,Block,Net_Area_Sown_Irrigated,1021
2023-24,Balasore,Soro,10,Block,Net_Area_Sown_Unirrigated,9831
2023-24,Balasore,Soro,10,Block,Net_Area_Sown_Total,10852
2023-24,Balasore,Soro,10,Block,Total_Area_under_Survey,22939
2023-24,Balasore,Oupada,11,Block,Forest,446
2023-24,Balasore,Oupada,11,Block,Land_put_to_Non_Agricultural_use,2156
2023-24,Balasore,Oupada,11,Block,Barren_&_Non_Cultivable_land,72
2023-24,Balasore,Oupada,11,Block,Permanent_Pastures_&_other_grazing_land,255
2023-24,Balasore,Oupada,11,Block,Land_under_misc_tree_crop_&_groves_not_included_in_net_area_sown,270
2023-24,Balasore,Oupada,11,Block,Cultivable_Waste,663
2023-24,Balasore,Oupada,11,Block,Old_Fallows,2079
2023-24,Balasore,Oupada,11,Block,Current_Fallows,2000
2023-24,Balasore,Oupada,11,Block,Net_Area_Sown_Irrigated,387
2023-24,Balasore,Oupada,11,Block,Net_Area_Sown_Unirrigated,8682
2023-24,Balasore,Oupada,11,Block,Net_Area_Sown_Total,9069
2023-24,Balasore,Oupada,11,Block,Total_Area_under_Survey,17010
2023-24,Balasore,Nilagiri,12,Block,Forest,2266
2023-24,Balasore,Nilagiri,12,Block,Land_put_to_Non_Agricultural_use,2803
2023-24,Balasore,Nilagiri,12,Block,Barren_&_Non_Cultivable_land,25
2023-24,Balasore,Nilagiri,12,Block,Permanent_Pastures_&_other_grazing_land,1048
2023-24,Balasore,Nilagiri,12,Block,Land_under_misc_tree_crop_&_groves_not_included_in_net_area_sown,174
2023-24,Balasore,Nilagiri,12,Block,Cultivable_Waste,1104
2023-24,Balasore,Nilagiri,12,Block,Old_Fallows,383
2023-24,Balasore,Nilagiri,12,Block,Current_Fallows,810
2023-24,Balasore,Nilagiri,12,Block,Net_Area_Sown_Irrigated,497
2023-24,Balasore,Nilagiri,12,Block,Net_Area_Sown_Unirrigated,15554
2023-24,Balasore,Nilagiri,12,Block,Net_Area_Sown_Total,16051
2023-24,Balasore,Nilagiri,12,Block,Total_Area_under_Survey,24664
2023-24,Balasore,Bahanaga,13,Block,Forest,482
2023-24,Balasore,Bahanaga,13,Block,Land_put_to_Non_Agricultural_use,3166
2023-24,Balasore,Bahanaga,13,Block,Barren_&_Non_Cultivable_land,634
2023-24,Balasore,Bahanaga,13,Block,Permanent_Pastures_&_other_grazing_land,553
2023-24,Balasore,Bahanaga,13,Block,Land_under_misc_tree_crop_&_groves_not_included_in_net_area_sown,388
2023-24,Balasore,Bahanaga,13,Block,Cultivable_Waste,1089
2023-24,Balasore,Bahanaga,13,Block,Old_Fallows,630
2023-24,Balasore,Bahanaga,13,Block,Current_Fallows,1549
2023-24,Balasore,Bahanaga,13,Block,Net_Area_Sown_Irrigated,1728
2023-24,Balasore,Bahanaga,13,Block,Net_Area_Sown_Unirrigated,14842
2023-24,Balasore,Bahanaga,13,Block,Net_Area_Sown_Total,16570
2023-24,Balasore,Bahanaga,13,Block,Total_Area_under_Survey,25061
2023-24,Balasore,Remuna,14,Block,Forest,45
2023-24,Balasore,Remuna,14,Block,Land_put_to_Non_Agricultural_use,5073
2023-24,Balasore,Remuna,14,Block,Barren_&_Non_Cultivable_land,0
2023-24,Balasore,Remuna,14,Block,Permanent_Pastures_&_other_grazing_land,1594
2023-24,Balasore,Remuna,14,Block,Land_under_misc_tree_crop_&_groves_not_included_in_net_area_sown,861
2023-24,Balasore,Remuna,14,Block,Cultivable_Waste,2788
2023-24,Balasore,Remuna,14,Block,Old_Fallows,1872
2023-24,Balasore,Remuna,14,Block,Current_Fallows,3450
2023-24,Balasore,Remuna,14,Block,Net_Area_Sown_Irrigated,1883
2023-24,Balasore,Remuna,14,Block,Net_Area_Sown_Unirrigated,12844
2023-24,Balasore,Remuna,14,Block,Net_Area_Sown_Total,14727
2023-24,Balasore,Remuna,14,Block,Total_Area_under_Survey,30410
2023-24,Balasore,Balasore,15,Block,Forest,169
2023-24,Balasore,Balasore,15,Block,Land_put_to_Non_Agricultural_use,9975
2023-24,Balasore,Balasore,15,Block,Barren_&_Non_Cultivable_land,678
2023-24,Balasore,Balasore,15,Block,Permanent_Pastures_&_other_grazing_land,3340
2023-24,Balasore,Balasore,15,Block,Land_under_misc_tree_crop_&_groves_not_included_in_net_area_sown,987
2023-24,Balasore,Balasore,15,Block,Cultivable_Waste,3170
2023-24,Balasore,Balasore,15,Block,Old_Fallows,1648
2023-24,Balasore,Balasore,15,Block,Current_Fallows,1630
2023-24,Balasore,Balasore,15,Block,Net_Area_Sown_Irrigated,3854
2023-24,Balasore,Balasore,15,Block,Net_Area_Sown_Unirrigated,17947
2023-24,Balasore,Balasore,15,Block,Net_Area_Sown_Total,21801
2023-24,Balasore,Balasore,15,Block,Total_Area_under_Survey,43398
2023-24,Balasore,Basta,16,Block,Forest,51
2023-24,Balasore,Basta,16,Block,Land_put_to_Non_Agricultural_use,4847
2023-24,Balasore,Basta,16,Block,Barren_&_Non_Cultivable_land,0
2023-24,Balasore,Basta,16,Block,Permanent_Pastures_&_other_grazing_land,1430
2023-24,Balasore,Basta,16,Block,Land_under_misc_tree_crop_&_groves_not_included_in_net_area_sown,652
2023-24,Balasore,Basta,16,Block,Cultivable_Waste,1623
2023-24,Balasore,Basta,16,Block,Old_Fallows,1401
2023-24,Balasore,Basta,16,Block,Current_Fallows,2140
2023-24,Balasore,Basta,16,Block,Net_Area_Sown_Irrigated,6959
2023-24,Balasore,Basta,16,Block,Net_Area_Sown_Unirrigated,7324
2023-24,Balasore,Basta,16,Block,Net_Area_Sown_Total,14283
2023-24,Balasore,Basta,16,Block,Total_Area_under_Survey,26427
2023-24,Balasore,Baliapal,17,Block,Forest,103
2023-24,Balasore,Baliapal,17,Block,Land_put_to_Non_Agricultural_use,2590
2023-24,Balasore,Baliapal,17,Block,Barren_&_Non_Cultivable_land,553
2023-24,Balasore,Baliapal,17,Block,Permanent_Pastures_&_other_grazing_land,1457
2023-24,Balasore,Baliapal,17,Block,Land_under_misc_tree_crop_&_groves_not_included_in_net_area_sown,367
2023-24,Balasore,Baliapal,17,Block,Cultivable_Waste,1846
2023-24,Balasore,Baliapal,17,Block,Old_Fallows,1625
2023-24,Balasore,Baliapal,17,Block,Current_Fallows,1024
2023-24,Balasore,Baliapal,17,Block,Net_Area_Sown_Irrigated,14097
2023-24,Balasore,Baliapal,17,Block,Net_Area_Sown_Unirrigated,3907
2023-24,Balasore,Baliapal,17,Block,Net_Area_Sown_Total,18004
2023-24,Balasore,Baliapal,17,Block,Total_Area_under_Survey,27569
2023-24,Balasore,Bhogarai,18,Block,Forest,814
2023-24,Balasore,Bhogarai,18,Block,Land_put_to_Non_Agricultural_use,7132
2023-24,Balasore,Bhogarai,18,Block,Barren_&_Non_Cultivable_land,643
2023-24,Balasore,Bhogarai,18,Block,Permanent_Pastures_&_other_grazing_land,1461
2023-24,Balasore,Bhogarai,18,Block,Land_under_misc_tree_crop_&_groves_not_included_in_net_area_sown,3478
2023-24,Balasore,Bhogarai,18,Block,Cultivable_Waste,3645
2023-24,Balasore,Bhogarai,18,Block,Old_Fallows,1481
2023-24,Balasore,Bhogarai,18,Block,Current_Fallows,1280
2023-24,Balasore,Bhogarai,18,Block,Net_Area_Sown_Irrigated,13270
2023-24,Balasore,Bhogarai,18,Block,Net_Area_Sown_Unirrigated,1243
2023-24,Balasore,Bhogarai,18,Block,Net_Area_Sown_Total,14513
2023-24,Balasore,Bhogarai,18,Block,Total_Area_under_Survey,34447
2023-24,Balasore,Jaleswar,19,Block,Forest,373
2023-24,Balasore,Jaleswar,19,Block,Land_put_to_Non_Agricultural_use,5501
2023-24,Balasore,Jaleswar,19,Block,Barren_&_Non_Cultivable_land,170
2023-24,Balasore,Jaleswar,19,Block,Permanent_Pastures_&_other_grazing_land,2128
2023-24,Balasore,Jaleswar,19,Block,Land_under_misc_tree_crop_&_groves_not_included_in_net_area_sown,1265
2023-24,Balasore,Jaleswar,19,Block,Cultivable_Waste,2507
2023-24,Balasore,Jaleswar,19,Block,Old_Fallows,1382
2023-24,Balasore,Jaleswar,19,Block,Current_Fallows,2760
2023-24,Balasore,Jaleswar,19,Block,Net_Area_Sown_Irrigated,17687
2023-24,Balasore,Jaleswar,19,Block,Net_Area_Sown_Unirrigated,2079
2023-24,Balasore,Jaleswar,19,Block,Net_Area_Sown_Total,19766
2023-24,Balasore,Jaleswar,19,Block,Total_Area_under_Survey,35852
2023-24,Balasore,URBAN,,Urban,Forest,250
2023-24,Balasore,URBAN,,Urban,Land_put_to_Non_Agricultural_use,2127
2023-24,Balasore,URBAN,,Urban,Barren_&_Non_Cultivable_land,168
2023-24,Balasore,URBAN,,Urban,Permanent_Pastures_&_other_grazing_land,620
2023-24,Balasore,URBAN,,Urban,Land_under_misc_tree_crop_&_groves_not_included_in_net_area_sown,376
2023-24,Balasore,URBAN,,Urban,Cultivable_Waste,791
2023-24,Balasore,URBAN,,Urban,Old_Fallows,553
2023-24,Balasore,URBAN,,Urban,Current_Fallows,810
2023-24,Balasore,URBAN,,Urban,Net_Area_Sown_Irrigated,772
2023-24,Balasore,URBAN,,Urban,Net_Area_Sown_Unirrigated,1997
2023-24,Balasore,URBAN,,Urban,Net_Area_Sown_Total,2769
2023-24,Balasore,URBAN,,Urban,Total_Area_under_Survey,8464
2023-24,Baragarh,Pikamal,269,Block,Forest,5271
2023-24,Baragarh,Pikamal,269,Block,Land_put_to_Non_Agricultural_use,5168
2023-24,Baragarh,Pikamal,269,Block,Barren_&_Non_Cultivable_land,597
2023-24,Baragarh,Pikamal,269,Block,Permanent_Pastures_&_other_grazing_land,3256
2023-24,Baragarh,Pikamal,269,Block,Land_under_misc_tree_crop_&_groves_not_included_in_net_area_sown,1
2023-24,Baragarh,Pikamal,269,Block,Cultivable_Waste,676
2023-24,Baragarh,Pikamal,269,Block,Old_Fallows,5808
2023-24,Baragarh,Pikamal,269,Block,Current_Fallows,3787
2023-24,Baragarh,Pikamal,269,Block,Net_Area_Sown_Irrigated,7160
2023-24,Baragarh,Pikamal,269,Block,Net_Area_Sown_Unirrigated,24969
2023-24,Baragarh,Pikamal,269,Block,Net_Area_Sown_Total,32129
2023-24,Baragarh,Pikamal,269,Block,Total_Area_under_Survey,56693
2023-24,Baragarh,Padmapur,270,Block,Forest,1644
2023-24,Baragarh,Padmapur,270,Block,Land_put_to_Non_Agricultural_use,4243
2023-24,Baragarh,Padmapur,270,Block,Barren_&_Non_Cultivable_land,674
2023-24,Baragarh,Padmapur,270,Block,Permanent_Pastures_&_other_grazing_land,1449
2023-24,Baragarh,Padmapur,270,Block,Land_under_misc_tree_crop_&_groves_not_included_in_net_area_sown,36
2023-24,Baragarh,Padmapur,270,Block,Cultivable_Waste,2443
2023-24,Baragarh,Padmapur,270,Block,Old_Fallows,1409
2023-24,Baragarh,Padmapur,270,Block,Current_Fallows,4658
2023-24,Baragarh,Padmapur,270,Block,Net_Area_Sown_Irrigated,18610
2023-24,Baragarh,Padmapur,270,Block,Net_Area_Sown_Unirrigated,13542
2023-24,Baragarh,Padmapur,270,Block,Net_Area_Sown_Total,32152
2023-24,Baragarh,Padmapur,270,Block,Total_Area_under_Survey,48708
2023-24,Baragarh,Gaisilet,271,Block,Forest,1654
2023-24,Baragarh,Gaisilet,271,Block,Land_put_to_Non_Agricultural_use,2942
2023-24,Baragarh,Gaisilet,271,Block,Barren_&_Non_Cultivable_land,443
2023-24,Baragarh,Gaisilet,271,Block,Permanent_Pastures_&_other_grazing_land,1752
2023-24,Baragarh,Gaisilet,271,Block,Land_under_misc_tree_crop_&_groves_not_included_in_net_area_sown,12
2023-24,Baragarh,Gaisilet,271,Block,Cultivable_Waste,833
2023-24,Baragarh,Gaisilet,271,Block,Old_Fallows,1658
2023-24,Baragarh,Gaisilet,271,Block,Current_Fallows,1650
2023-24,Baragarh,Gaisilet,271,Block,Net_Area_Sown_Irrigated,2057
2023-24,Baragarh,Gaisilet,271,Block,Net_Area_Sown_Unirrigated,22556
2023-24,Baragarh,Gaisilet,271,Block,Net_Area_Sown_Total,24613
2023-24,Baragarh,Gaisilet,271,Block,Total_Area_under_Survey,35557
2023-24,Baragarh,Bijepur,272,Block,Forest,1720
2023-24,Baragarh,Bijepur,272,Block,Land_put_to_Non_Agricultural_use,2773
2023-24,Baragarh,Bijepur,272,Block,Barren_&_Non_Cultivable_land,803
2023-24,Baragarh,Bijepur,272,Block,Permanent_Pastures_&_other_grazing_land,1533
2023-24,Baragarh,Bijepur,272,Block,Land_under_misc_tree_crop_&_groves_not_included_in_net_area_sown,237
2023-24,Baragarh,Bijepur,272,Block,Cultivable_Waste,859
2023-24,Baragarh,Bijepur,272,Block,Old_Fallows,3664
2023-24,Baragarh,Bijepur,272,Block,Current_Fallows,2102
2023-24,Baragarh,Bijepur,272,Block,Net_Area_Sown_Irrigated,5540
2023-24,Baragarh,Bijepur,272,Block,Net_Area_Sown_Unirrigated,11243
2023-24,Baragarh,Bijepur,272,Block,Net_Area_Sown_Total,16783
2023-24,Baragarh,Bijepur,272,Block,Total_Area_under_Survey,30474
2023-24,Baragarh,Sohela,273,Block,Forest,2422
2023-24,Baragarh,Sohela,273,Block,Land_put_to_Non_Agricultural_use,4105
2023-24,Baragarh,Sohela,273,Block,Barren_&_Non_Cultivable_land,524
2023-24,Baragarh,Sohela,273,Block,Permanent_Pastures_&_other_grazing_land,2698
2023-24,Baragarh,Sohela,273,Block,Land_under_misc_tree_crop_&_groves_not_included_in_net_area_sown,309
2023-24,Baragarh,Sohela,273,Block,Cultivable_Waste,2021
2023-24,Baragarh,Sohela,273,Block,Old_Fallows,8917
2023-24,Baragarh,Sohela,273,Block,Current_Fallows,4380
2023-24,Baragarh,Sohela,273,Block,Net_Area_Sown_Irrigated,2401
2023-24,Baragarh,Sohela,273,Block,Net_Area_Sown_Unirrigated,23614
2023-24,Baragarh,Sohela,273,Block,Net_Area_Sown_Total,26015
2023-24,Baragarh,Sohela,273,Block,Total_Area_under_Survey,51391
2023-24,Baragarh,Jharbandha,274,Block,Forest,4005
2023-24,Baragarh,Jharbandha,274,Block,Land_put_to_Non_Agricultural_use,2822
2023-24,Baragarh,Jharbandha,274,Block,Barren_&_Non_Cultivable_land,1572
2023-24,Baragarh,Jharbandha,274,Block,Permanent_Pastures_&_other_grazing_land,1210
2023-24,Baragarh,Jharbandha,274,Block,Land_under_misc_tree_crop_&_groves_not_included_in_net_area_sown,1
2023-24,Baragarh,Jharbandha,274,Block,Cultivable_Waste,1334
2023-24,Baragarh,Jharbandha,274,Block,Old_Fallows,1957
2023-24,Baragarh,Jharbandha,274,Block,Current_Fallows,1349
2023-24,Baragarh,Jharbandha,274,Block,Net_Area_Sown_Irrigated,2981
2023-24,Baragarh,Jharbandha,274,Block,Net_Area_Sown_Unirrigated,25063
2023-24,Baragarh,Jharbandha,274,Block,Net_Area_Sown_Total,28044
2023-24,Baragarh,Jharbandha,274,Block,Total_Area_under_Survey,42294
2023-24,Baragarh,Barapali,275,Block,Forest,287
2023-24,Baragarh,Barapali,275,Block,Land_put_to_Non_Agricultural_use,4512
2023-24,Baragarh,Barapali,275,Block,Barren_&_Non_Cultivable_land,203
2023-24,Baragarh,Barapali,275,Block,Permanent_Pastures_&_other_grazing_land,557
2023-24,Baragarh,Barapali,275,Block,Land_under_misc_tree_crop_&_groves_not_included_in_net_area_sown,22
2023-24,Baragarh,Barapali,275,Block,Cultivable_Waste,474
2023-24,Baragarh,Barapali,275,Block,Old_Fallows,707
2023-24,Baragarh,Barapali,275,Block,Current_Fallows,1481
2023-24,Baragarh,Barapali,275,Block,Net_Area_Sown_Irrigated,18324
2023-24,Baragarh,Barapali,275,Block,Net_Area_Sown_Unirrigated,223
2023-24,Baragarh,Barapali,275,Block,Net_Area_Sown_Total,18547
2023-24,Baragarh,Barapali,275,Block,Total_Area_under_Survey,26790
2023-24,Baragarh,Bheden,276,Block,Forest,259
2023-24,Baragarh,Bheden,276,Block,Land_put_to_Non_Agricultural_use,5814
2023-24,Baragarh,Bheden,276,Block,Barren_&_Non_Cultivable_land,442
2023-24,Baragarh,Bheden,276,Block,Permanent_Pastures_&_other_grazing_land,2249
2023-24,Baragarh,Bheden,276,Block,Land_under_misc_tree_crop_&_groves_not_included_in_net_area_sown,32
2023-24,Baragarh,Bheden,276,Block,Cultivable_Waste,1665
2023-24,Baragarh,Bheden,276,Block,Old_Fallows,1166
2023-24,Baragarh,Bheden,276,Block,Current_Fallows,1215
2023-24,Baragarh,Bheden,276,Block,Net_Area_Sown_Irrigated,23400
2023-24,Baragarh,Bheden,276,Block,Net_Area_Sown_Unirrigated,98
2023-24,Baragarh,Bheden,276,Block,Net_Area_Sown_Total,23498
2023-24,Baragarh,Bheden,276,Block,Total_Area_under_Survey,36340
2023-24,Baragarh,Attabira,277,Block,Forest,801
2023-24,Baragarh,Attabira,277,Block,Land_put_to_Non_Agricultural_use,7585
2023-24,Baragarh,Attabira,277,Block,Barren_&_Non_Cultivable_land,1298
2023-24,Baragarh,Attabira,277,Block,Permanent_Pastures_&_other_grazing_land,1941
2023-24,Baragarh,Attabira,277,Block,Land_under_misc_tree_crop_&_groves_not_included_in_net_area_sown,125
2023-24,Baragarh,Attabira,277,Block,Cultivable_Waste,1076
2023-24,Baragarh,Attabira,277,Block,Old_Fallows,893
2023-24,Baragarh,Attabira,277,Block,Current_Fallows,865
2023-24,Baragarh,Attabira,277,Block,Net_Area_Sown_Irrigated,23296
2023-24,Baragarh,Attabira,277,Block,Net_Area_Sown_Unirrigated,103
2023-24,Baragarh,Attabira,277,Block,Net_Area_Sown_Total,23399
2023-24,Baragarh,Attabira,277,Block,Total_Area_under_Survey,37983
2023-24,Baragarh,Baragarh,278,Block,Forest,412
2023-24,Baragarh,Baragarh,278,Block,Land_put_to_Non_Agricultural_use,6722
2023-24,Baragarh,Baragarh,278,Block,Barren_&_Non_Cultivable_land,458
2023-24,Baragarh,Baragarh,278,Block,Permanent_Pastures_&_other_grazing_land,693
2023-24,Baragarh,Baragarh,278,Block,Land_under_misc_tree_crop_&_groves_not_included_in_net_area_sown,307
2023-24,Baragarh,Baragarh,278,Block,Cultivable_Waste,778
2023-24,Baragarh,Baragarh,278,Block,Old_Fallows,890
2023-24,Baragarh,Baragarh,278,Block,Current_Fallows,847
2023-24,Baragarh,Baragarh,278,Block,Net_Area_Sown_Irrigated,24536
2023-24,Baragarh,Baragarh,278,Block,Net_Area_Sown_Unirrigated,1166
2023-24,Baragarh,Baragarh,278,Block,Net_Area_Sown_Total,25702
2023-24,Baragarh,Baragarh,278,Block,Total_Area_under_Survey,36809
2023-24,Baragarh,Bhattali,279,Block,Forest,1370
2023-24,Baragarh,Bhattali,279,Block,Land_put_to_Non_Agricultural_use,6983
2023-24,Baragarh,Bhattali,279,Block,Barren_&_Non_Cultivable_land,52
2023-24,Baragarh,Bhattali,279,Block,Permanent_Pastures_&_other_grazing_land,3635
2023-24,Baragarh,Bhattali,279,Block,Land_under_misc_tree_crop_&_groves_not_included_in_net_area_sown,152
2023-24,Baragarh,Bhattali,279,Block,Cultivable_Waste,3139
2023-24,Baragarh,Bhattali,279,Block,Old_Fallows,4070
2023-24,Baragarh,Bhattali,279,Block,Current_Fallows,1986
2023-24,Baragarh,Bhattali,279,Block,Net_Area_Sown_Irrigated,6013
2023-24,Baragarh,Bhattali,279,Block,Net_Area_Sown_Unirrigated,10961
2023-24,Baragarh,Bhattali,279,Block,Net_Area_Sown_Total,16974
2023-24,Baragarh,Bhattali,279,Block,Total_Area_under_Survey,38361
2023-24,Baragarh,Ambabhana,280,Block,Forest,827
2023-24,Baragarh,Ambabhana,280,Block,Land_put_to_Non_Agricultural_use,2433
2023-24,Baragarh,Ambabhana,280,Block,Barren_&_Non_Cultivable_land,237
2023-24,Baragarh,Ambabhana,280,Block,Permanent_Pastures_&_other_grazing_land,780
2023-24,Baragarh,Ambabhana,280,Block,Land_under_misc_tree_crop_&_groves_not_included_in_net_area_sown,0
2023-24,Baragarh,Ambabhana,280,Block,Cultivable_Waste,786
2023-24,Baragarh,Ambabhana,280,Block,Old_Fallows,920
2023-24,Baragarh,Ambabhana,280,Block,Current_Fallows,751
2023-24,Baragarh,Ambabhana,280,Block,Net_Area_Sown_Irrigated,4021
2023-24,Baragarh,Ambabhana,280,Block,Net_Area_Sown_Unirrigated,9817
2023-24,Baragarh,Ambabhana,280,Block,Net_Area_Sown_Total,13838
2023-24,Baragarh,Ambabhana,280,Block,Total_Area_under_Survey,20572
2023-24,Baragarh,URBAN,,Urban,Forest,672
2023-24,Baragarh,URBAN,,Urban,Land_put_to_Non_Agricultural_use,1825
2023-24,Baragarh,URBAN,,Urban,Barren_&_Non_Cultivable_land,238
2023-24,Baragarh,URBAN,,Urban,Permanent_Pastures_&_other_grazing_land,708
2023-24,Baragarh,URBAN,,Urban,Land_under_misc_tree_crop_&_groves_not_included_in_net_area_sown,40
2023-24,Baragarh,URBAN,,Urban,Cultivable_Waste,523
2023-24,Baragarh,URBAN,,Urban,Old_Fallows,1043
2023-24,Baragarh,URBAN,,Urban,Current_Fallows,816
2023-24,Baragarh,URBAN,,Urban,Net_Area_Sown_Irrigated,1151
2023-24,Baragarh,URBAN,,Urban,Net_Area_Sown_Unirrigated,809
2023-24,Baragarh,URBAN,,Urban,Net_Area_Sown_Total,1960
2023-24,Baragarh,URBAN,,Urban,Total_Area_under_Survey,7825
2023-24,Bhadrak,Bhandaripokhari,1,Block,Forest,4
2023-24,Bhadrak,Bhandaripokhari,1,Block,Land_put_to_Non_Agricultural_use,3644
2023-24,Bhadrak,Bhandaripokhari,1,Block,Barren_&_Non_Cultivable_land,80
2023-24,Bhadrak,Bhandaripokhari,1,Block,Permanent_Pastures_&_other_grazing_land,1517
2023-24,Bhadrak,Bhandaripokhari,1,Block,Land_under_misc_tree_crop_&_groves_not_included_in_net_area_sown,1309
2023-24,Bhadrak,Bhandaripokhari,1,Block,Cultivable_Waste,959
2023-24,Bhadrak,Bhandaripokhari,1,Block,Old_Fallows,973
2023-24,Bhadrak,Bhandaripokhari,1,Block,Current_Fallows,647
2023-24,Bhadrak,Bhandaripokhari,1,Block,Net_Area_Sown_Irrigated,12742
2023-24,Bhadrak,Bhandaripokhari,1,Block,Net_Area_Sown_Unirrigated,1913
2023-24,Bhadrak,Bhandaripokhari,1,Block,Net_Area_Sown_Total,14655
2023-24,Bhadrak,Bhandaripokhari,1,Block,Total_Area_under_Survey,23788
2023-24,Bhadrak,Dhamnagar,2,Block,Forest,269
2023-24,Bhadrak,Dhamnagar,2,Block,Land_put_to_Non_Agricultural_use,1995
2023-24,Bhadrak,Dhamnagar,2,Block,Barren_&_Non_Cultivable_land,18
2023-24,Bhadrak,Dhamnagar,2,Block,Permanent_Pastures_&_other_grazing_land,1679
2023-24,Bhadrak,Dhamnagar,2,Block,Land_under_misc_tree_crop_&_groves_not_included_in_net_area_sown,612
2023-24,Bhadrak,Dhamnagar,2,Block,Cultivable_Waste,1640
2023-24,Bhadrak,Dhamnagar,2,Block,Old_Fallows,811
2023-24,Bhadrak,Dhamnagar,2,Block,Current_Fallows,828
2023-24,Bhadrak,Dhamnagar,2,Block,Net_Area_Sown_Irrigated,4233
2023-24,Bhadrak,Dhamnagar,2,Block,Net_Area_Sown_Unirrigated,10905
2023-24,Bhadrak,Dhamnagar,2,Block,Net_Area_Sown_Total,15138
2023-24,Bhadrak,Dhamnagar,2,Block,Total_Area_under_Survey,22990
2023-24,Bhadrak,Chandabali,3,Block,Forest,1015
2023-24,Bhadrak,Chandabali,3,Block,Land_put_to_Non_Agricultural_use,10822
2023-24,Bhadrak,Chandabali,3,Block,Barren_&_Non_Cultivable_land,0
2023-24,Bhadrak,Chandabali,3,Block,Permanent_Pastures_&_other_grazing_land,2507
2023-24,Bhadrak,Chandabali,3,Block,Land_under_misc_tree_crop_&_groves_not_included_in_net_area_sown,622
2023-24,Bhadrak,Chandabali,3,Block,Cultivable_Waste,3229
2023-24,Bhadrak,Chandabali,3,Block,Old_Fallows,2428
2023-24,Bhadrak,Chandabali,3,Block,Current_Fallows,1525
2023-24,Bhadrak,Chandabali,3,Block,Net_Area_Sown_Irrigated,629
2023-24,Bhadrak,Chandabali,3,Block,Net_Area_Sown_Unirrigated,29021
2023-24,Bhadrak,Chandabali,3,Block,Net_Area_Sown_Total,29650
2023-24,Bhadrak,Chandabali,3,Block,Total_Area_under_Survey,51798
2023-24,Bhadrak,Tihidi,4,Block,Forest,24
2023-24,Bhadrak,Tihidi,4,Block,Land_put_to_Non_Agricultural_use,4172
2023-24,Bhadrak,Tihidi,4,Block,Barren_&_Non_Cultivable_land,357
2023-24,Bhadrak,Tihidi,4,Block,Permanent_Pastures_&_other_grazing_land,1821
2023-24,Bhadrak,Tihidi,4,Block,Land_under_misc_tree_crop_&_groves_not_included_in_net_area_sown,338
2023-24,Bhadrak,Tihidi,4,Block,Cultivable_Waste,1358
2023-24,Bhadrak,Tihidi,4,Block,Old_Fallows,1292
2023-24,Bhadrak,Tihidi,4,Block,Current_Fallows,1276
2023-24,Bhadrak,Tihidi,4,Block,Net_Area_Sown_Irrigated,4086
2023-24,Bhadrak,Tihidi,4,Block,Net_Area_Sown_Unirrigated,17073
2023-24,Bhadrak,Tihidi,4,Block,Net_Area_Sown_Total,21159
2023-24,Bhadrak,Tihidi,4,Block,Total_Area_under_Survey,31797
2023-24,Bhadrak,Bhadrak,5,Block,Forest,170
2023-24,Bhadrak,Bhadrak,5,Block,Land_put_to_Non_Agricultural_use,4984
2023-24,Bhadrak,Bhadrak,5,Block,Barren_&_Non_Cultivable_land,0
2023-24,Bhadrak,Bhadrak,5,Block,Permanent_Pastures_&_other_grazing_land,1381
2023-24,Bhadrak,Bhadrak,5,Block,Land_under_misc_tree_crop_&_groves_not_included_in_net_area_sown,377
2023-24,Bhadrak,Bhadrak,5,Block,Cultivable_Waste,2325
2023-24,Bhadrak,Bhadrak,5,Block,Old_Fallows,1357
2023-24,Bhadrak,Bhadrak,5,Block,Current_Fallows,876
2023-24,Bhadrak,Bhadrak,5,Block,Net_Area_Sown_Irrigated,20057
2023-24,Bhadrak,Bhadrak,5,Block,Net_Area_Sown_Unirrigated,37
2023-24,Bhadrak,Bhadrak,5,Block,Net_Area_Sown_Total,20094
2023-24,Bhadrak,Bhadrak,5,Block,Total_Area_under_Survey,31564
2023-24,Bhadrak,Bonth,6,Block,Forest,464
2023-24,Bhadrak,Bonth,6,Block,Land_put_to_Non_Agricultural_use,3252
2023-24,Bhadrak,Bonth,6,Block,Barren_&_Non_Cultivable_land,0
2023-24,Bhadrak,Bonth,6,Block,Permanent_Pastures_&_other_grazing_land,1324
2023-24,Bhadrak,Bonth,6,Block,Land_under_misc_tree_crop_&_groves_not_included_in_net_area_sown,712
2023-24,Bhadrak,Bonth,6,Block,Cultivable_Waste,1789
2023-24,Bhadrak,Bonth,6,Block,Old_Fallows,595
2023-24,Bhadrak,Bonth,6,Block,Current_Fallows,1093
2023-24,Bhadrak,Bonth,6,Block,Net_Area_Sown_Irrigated,15931
2023-24,Bhadrak,Bonth,6,Block,Net_Area_Sown_Unirrigated,61
2023-24,Bhadrak,Bonth,6,Block,Net_Area_Sown_Total,15992
2023-24,Bhadrak,Bonth,6,Block,Total_Area_under_Survey,25221
2023-24,Bhadrak,Basudevpur,9,Block,Forest,0
2023-24,Bhadrak,Basudevpur,9,Block,Land_put_to_Non_Agricultural_use,1747
2023-24,Bhadrak,Basudevpur,9,Block,Barren_&_Non_Cultivable_land,0
2023-24,Bhadrak,Basudevpur,9,Block,Permanent_Pastures_&_other_grazing_land,1622
2023-24,Bhadrak,Basudevpur,9,Block,Land_under_misc_tree_crop_&_groves_not_included_in_net_area_sown,382
2023-24,Bhadrak,Basudevpur,9,Block,Cultivable_Waste,2870
2023-24,Bhadrak,Basudevpur,9,Block,Old_Fallows,3346
2023-24,Bhadrak,Basudevpur,9,Block,Current_Fallows,3277
2023-24,Bhadrak,Basudevpur,9,Block,Net_Area_Sown_Irrigated,455
2023-24,Bhadrak,Basudevpur,9,Block,Net_Area_Sown_Unirrigated,25309
2023-24,Bhadrak,Basudevpur,9,Block,Net_Area_Sown_Total,25764
2023-24,Bhadrak,Basudevpur,9,Block,Total_Area_under_Survey,39008
2023-24,Bhadrak,URBAN,,Urban,Forest,215
2023-24,Bhadrak,URBAN,,Urban,Land_put_to_Non_Agricultural_use,3374
2023-24,Bhadrak,URBAN,,Urban,Barren_&_Non_Cultivable_land,50
2023-24,Bhadrak,URBAN,,Urban,Permanent_Pastures_&_other_grazing_land,1306
2023-24,Bhadrak,URBAN,,Urban,Land_under_misc_tree_crop_&_groves_not_included_in_net_area_sown,480
2023-24,Bhadrak,URBAN,,Urban,Cultivable_Waste,1562
2023-24,Bhadrak,URBAN,,Urban,Old_Fallows,1190
2023-24,Bhadrak,URBAN,,Urban,Current_Fallows,1049
2023-24,Bhadrak,URBAN,,Urban,Net_Area_Sown_Irrigated,1524
2023-24,Bhadrak,URBAN,,Urban,Net_Area_Sown_Unirrigated,2389
2023-24,Bhadrak,URBAN,,Urban,Net_Area_Sown_Total,3913
2023-24,Bhadrak,URBAN,,Urban,Total_Area_under_Survey,13139
2023-24,Boudh,Harabhanga,237,Block,Forest,4023
2023-24,Boudh,Harabhanga,237,Block,Land_put_to_Non_Agricultural_use,9836
2023-24,Boudh,Harabhanga,237,Block,Barren_&_Non_Cultivable_land,3318
2023-24,Boudh,Harabhanga,237,Block,Permanent_Pastures_&_other_grazing_land,3581
2023-24,Boudh,Harabhanga,237,Block,Land_under_misc_tree_crop_&_groves_not_included_in_net_area_sown,373
2023-24,Boudh,Harabhanga,237,Block,Cultivable_Waste,9708
2023-24,Boudh,Harabhanga,237,Block,Old_Fallows,4756
2023-24,Boudh,Harabhanga,237,Block,Current_Fallows,5035
2023-24,Boudh,Harabhanga,237,Block,Net_Area_Sown_Irrigated,5914
2023-24,Boudh,Harabhanga,237,Block,Net_Area_Sown_Unirrigated,13957
2023-24,Boudh,Harabhanga,237,Block,Net_Area_Sown_Total,19871
2023-24,Boudh,Harabhanga,237,Block,Total_Area_under_Survey,60501
2023-24,Boudh,Boudh,238,Block,Forest,8574
2023-24,Boudh,Boudh,238,Block,Land_put_to_Non_Agricultural_use,8288
2023-24,Boudh,Boudh,238,Block,Barren_&_Non_Cultivable_land,2349
2023-24,Boudh,Boudh,238,Block,Permanent_Pastures_&_other_grazing_land,5514
2023-24,Boudh,Boudh,238,Block,Land_under_misc_tree_crop_&_groves_not_included_in_net_area_sown,311
2023-24,Boudh,Boudh,238,Block,Cultivable_Waste,7293
2023-24,Boudh,Boudh,238,Block,Old_Fallows,6074
2023-24,Boudh,Boudh,238,Block,Current_Fallows,3572
2023-24,Boudh,Boudh,238,Block,Net_Area_Sown_Irrigated,16991
2023-24,Boudh,Boudh,238,Block,Net_Area_Sown_Unirrigated,8464
2023-24,Boudh,Boudh,238,Block,Net_Area_Sown_Total,25455
2023-24,Boudh,Boudh,238,Block,Total_Area_under_Survey,67430
2023-24,Boudh,Kantamal,239,Block,Forest,18371
2023-24,Boudh,Kantamal,239,Block,Land_put_to_Non_Agricultural_use,5622
2023-24,Boudh,Kantamal,239,Block,Barren_&_Non_Cultivable_land,1838
2023-24,Boudh,Kantamal,239,Block,Permanent_Pastures_&_other_grazing_land,8384
2023-24,Boudh,Kantamal,239,Block,Land_under_misc_tree_crop_&_groves_not_included_in_net_area_sown,60
2023-24,Boudh,Kantamal,239,Block,Cultivable_Waste,5324
2023-24,Boudh,Kantamal,239,Block,Old_Fallows,5181
2023-24,Boudh,Kantamal,239,Block,Current_Fallows,4882
2023-24,Boudh,Kantamal,239,Block,Net_Area_Sown_Irrigated,2203
2023-24,Boudh,Kantamal,239,Block,Net_Area_Sown_Unirrigated,21189
2023-24,Boudh,Kantamal,239,Block,Net_Area_Sown_Total,23392
2023-24,Boudh,Kantamal,239,Block,Total_Area_under_Survey,73054
2023-24,Boudh,URBAN,,Urban,Forest,215
2023-24,Boudh,URBAN,,Urban,Land_put_to_Non_Agricultural_use,165
2023-24,Boudh,URBAN,,Urban,Barren_&_Non_Cultivable_land,52
2023-24,Boudh,URBAN,,Urban,Permanent_Pastures_&_other_grazing_land,122
2023-24,Boudh,URBAN,,Urban,Land_under_misc_tree_crop_&_groves_not_included_in_net_area_sown,6
2023-24,Boudh,URBAN,,Urban,Cultivable_Waste,156
2023-24,Boudh,URBAN,,Urban,Old_Fallows,112
2023-24,Boudh,URBAN,,Urban,Current_Fallows,94
2023-24,Boudh,URBAN,,Urban,Net_Area_Sown_Irrigated,428
2023-24,Boudh,URBAN,,Urban,Net_Area_Sown_Unirrigated,322
2023-24,Boudh,URBAN,,Urban,Net_Area_Sown_Total,750
2023-24,Boudh,URBAN,,Urban,Total_Area_under_Survey,1672
2023-24,Cuttack,Narasinghpur,40,Block,Forest,9221
2023-24,Cuttack,Narasinghpur,40,Block,Land_put_to_Non_Agricultural_use,5606
2023-24,Cuttack,Narasinghpur,40,Block,Barren_&_Non_Cultivable_land,1669
2023-24,Cuttack,Narasinghpur,40,Block,Permanent_Pastures_&_other_grazing_land,1768
2023-24,Cuttack,Narasinghpur,40,Block,Land_under_misc_tree_crop_&_groves_not_included_in_net_area_sown,415
2023-24,Cuttack,Narasinghpur,40,Block,Cultivable_Waste,2228
2023-24,Cuttack,Narasinghpur,40,Block,Old_Fallows,3209
2023-24,Cuttack,Narasinghpur,40,Block,Current_Fallows,4431
2023-24,Cuttack,Narasinghpur,40,Block,Net_Area_Sown_Irrigated,667
2023-24,Cuttack,Narasinghpur,40,Block,Net_Area_Sown_Unirrigated,12126
2023-24,Cuttack,Narasinghpur,40,Block,Net_Area_Sown_Total,12793
2023-24,Cuttack,Narasinghpur,40,Block,Total_Area_under_Survey,41340
2023-24,Cuttack,Badamba,41,Block,Forest,1526
2023-24,Cuttack,Badamba,41,Block,Land_put_to_Non_Agricultural_use,3607
2023-24,Cuttack,Badamba,41,Block,Barren_&_Non_Cultivable_land,687
2023-24,Cuttack,Badamba,41,Block,Permanent_Pastures_&_other_grazing_land,1047
2023-24,Cuttack,Badamba,41,Block,Land_under_misc_tree_crop_&_groves_not_included_in_net_area_sown,345
2023-24,Cuttack,Badamba,41,Block,Cultivable_Waste,818
2023-24,Cuttack,Badamba,41,Block,Old_Fallows,1152
2023-24,Cuttack,Badamba,41,Block,Current_Fallows,2343
2023-24,Cuttack,Badamba,41,Block,Net_Area_Sown_Irrigated,2418
2023-24,Cuttack,Badamba,41,Block,Net_Area_Sown_Unirrigated,10717
2023-24,Cuttack,Badamba,41,Block,Net_Area_Sown_Total,13135
2023-24,Cuttack,Badamba,41,Block,Total_Area_under_Survey,24660
2023-24,Cuttack,Banki,42,Block,Forest,0
2023-24,Cuttack,Banki,42,Block,Land_put_to_Non_Agricultural_use,2928
2023-24,Cuttack,Banki,42,Block,Barren_&_Non_Cultivable_land,281
2023-24,Cuttack,Banki,42,Block,Permanent_Pastures_&_other_grazing_land,1245
2023-24,Cuttack,Banki,42,Block,Land_under_misc_tree_crop_&_groves_not_included_in_net_area_sown,1669
2023-24,Cuttack,Banki,42,Block,Cultivable_Waste,1144
2023-24,Cuttack,Banki,42,Block,Old_Fallows,2302
2023-24,Cuttack,Banki,42,Block,Current_Fallows,4383
2023-24,Cuttack,Banki,42,Block,Net_Area_Sown_Irrigated,1428
2023-24,Cuttack,Banki,42,Block,Net_Area_Sown_Unirrigated,9760
2023-24,Cuttack,Banki,42,Block,Net_Area_Sown_Total,11188
2023-24,Cuttack,Banki,42,Block,Total_Area_under_Survey,25140
2023-24,Cuttack,Dampada,43,Block,Forest,0
2023-24,Cuttack,Dampada,43,Block,Land_put_to_Non_Agricultural_use,4061
2023-24,Cuttack,Dampada,43,Block,Barren_&_Non_Cultivable_land,84
2023-24,Cuttack,Dampada,43,Block,Permanent_Pastures_&_other_grazing_land,825
2023-24,Cuttack,Dampada,43,Block,Land_under_misc_tree_crop_&_groves_not_included_in_net_area_sown,130
2023-24,Cuttack,Dampada,43,Block,Cultivable_Waste,1251
2023-24,Cuttack,Dampada,43,Block,Old_Fallows,919
2023-24,Cuttack,Dampada,43,Block,Current_Fallows,8281
2023-24,Cuttack,Dampada,43,Block,Net_Area_Sown_Irrigated,1878
2023-24,Cuttack,Dampada,43,Block,Net_Area_Sown_Unirrigated,8746
2023-24,Cuttack,Dampada,43,Block,Net_Area_Sown_Total,10624
2023-24,Cuttack,Dampada,43,Block,Total_Area_under_Survey,26175
2023-24,Cuttack,Tigiria,44,Block,Forest,814
2023-24,Cuttack,Tigiria,44,Block,Land_put_to_Non_Agricultural_use,1622
2023-24,Cuttack,Tigiria,44,Block,Barren_&_Non_Cultivable_land,470
2023-24,Cuttack,Tigiria,44,Block,Permanent_Pastures_&_other_grazing_land,327
2023-24,Cuttack,Tigiria,44,Block,Land_under_misc_tree_crop_&_groves_not_included_in_net_area_sown,297
2023-24,Cuttack,Tigiria,44,Block,Cultivable_Waste,883
2023-24,Cuttack,Tigiria,44,Block,Old_Fallows,1000
2023-24,Cuttack,Tigiria,44,Block,Current_Fallows,960
2023-24,Cuttack,Tigiria,44,Block,Net_Area_Sown_Irrigated,424
2023-24,Cuttack,Tigiria,44,Block,Net_Area_Sown_Unirrigated,3310
2023-24,Cuttack,Tigiria,44,Block,Net_Area_Sown_Total,3734
2023-24,Cuttack,Tigiria,44,Block,Total_Area_under_Survey,10107
2023-24,Cuttack,Athagarh,45,Block,Forest,2620
2023-24,Cuttack,Athagarh,45,Block,Land_put_to_Non_Agricultural_use,7145
2023-24,Cuttack,Athagarh,45,Block,Barren_&_Non_Cultivable_land,612
2023-24,Cuttack,Athagarh,45,Block,Permanent_Pastures_&_other_grazing_land,1543
2023-24,Cuttack,Athagarh,45,Block,Land_under_misc_tree_crop_&_groves_not_included_in_net_area_sown,1074
2023-24,Cuttack,Athagarh,45,Block,Cultivable_Waste,1189
2023-24,Cuttack,Athagarh,45,Block,Old_Fallows,3161
2023-24,Cuttack,Athagarh,45,Block,Current_Fallows,4059
2023-24,Cuttack,Athagarh,45,Block,Net_Area_Sown_Irrigated,507
2023-24,Cuttack,Athagarh,45,Block,Net_Area_Sown_Unirrigated,8493
2023-24,Cuttack,Athagarh,45,Block,Net_Area_Sown_Total,9000
2023-24,Cuttack,Athagarh,45,Block,Total_Area_under_Survey,30403
2023-24,Cuttack,Cuttack-Sadar,46,Block,Forest,179
2023-24,Cuttack,Cuttack-Sadar,46,Block,Land_put_to_Non_Agricultural_use,5389
2023-24,Cuttack,Cuttack-Sadar,46,Block,Barren_&_Non_Cultivable_land,7
2023-24,Cuttack,Cuttack-Sadar,46,Block,Permanent_Pastures_&_other_grazing_land,496
2023-24,Cuttack,Cuttack-Sadar,46,Block,Land_under_misc_tree_crop_&_groves_not_included_in_net_area_sown,151
2023-24,Cuttack,Cuttack-Sadar,46,Block,Cultivable_Waste,1132
2023-24,Cuttack,Cuttack-Sadar,46,Block,Old_Fallows,1392
2023-24,Cuttack,Cuttack-Sadar,46,Block,Current_Fallows,2703
2023-24,Cuttack,Cuttack-Sadar,46,Block,Net_Area_Sown_Irrigated,4061
2023-24,Cuttack,Cuttack-Sadar,46,Block,Net_Area_Sown_Unirrigated,1277
2023-24,Cuttack,Cuttack-Sadar,46,Block,Net_Area_Sown_Total,5338
2023-24,Cuttack,Cuttack-Sadar,46,Block,Total_Area_under_Survey,16787
2023-24,Cuttack,Baranga,47,Block,Forest,49
2023-24,Cuttack,Baranga,47,Block,Land_put_to_Non_Agricultural_use,3203
2023-24,Cuttack,Baranga,47,Block,Barren_&_Non_Cultivable_land,748
2023-24,Cuttack,Baranga,47,Block,Permanent_Pastures_&_other_grazing_land,645
2023-24,Cuttack,Baranga,47,Block,Land_under_misc_tree_crop_&_groves_not_included_in_net_area_sown,229
2023-24,Cuttack,Baranga,47,Block,Cultivable_Waste,805
2023-24,Cuttack,Baranga,47,Block,Old_Fallows,675
2023-24,Cuttack,Baranga,47,Block,Current_Fallows,1574
2023-24,Cuttack,Baranga,47,Block,Net_Area_Sown_Irrigated,3154
2023-24,Cuttack,Baranga,47,Block,Net_Area_Sown_Unirrigated,1390
2023-24,Cuttack,Baranga,47,Block,Net_Area_Sown_Total,4544
2023-24,Cuttack,Baranga,47,Block,Total_Area_under_Survey,12472
2023-24,Cuttack,Kantapada,48,Block,Forest,0
2023-24,Cuttack,Kantapada,48,Block,Land_put_to_Non_Agricultural_use,3629
2023-24,Cuttack,Kantapada,48,Block,Barren_&_Non_Cultivable_land,9
2023-24,Cuttack,Kantapada,48,Block,Permanent_Pastures_&_other_grazing_land,308
2023-24,Cuttack,Kantapada,48,Block,Land_under_misc_tree_crop_&_groves_not_included_in_net_area_sown,159
2023-24,Cuttack,Kantapada,48,Block,Cultivable_Waste,57
2023-24,Cuttack,Kantapada,48,Block,Old_Fallows,666
2023-24,Cuttack,Kantapada,48,Block,Current_Fallows,1289
2023-24,Cuttack,Kantapada,48,Block,Net_Area_Sown_Irrigated,3900
2023-24,Cuttack,Kantapada,48,Block,Net_Area_Sown_Unirrigated,1800
2023-24,Cuttack,Kantapada,48,Block,Net_Area_Sown_Total,5700
2023-24,Cuttack,Kantapada,48,Block,Total_Area_under_Survey,11817
2023-24,Cuttack,Salepur,50,Block,Forest,20
2023-24,Cuttack,Salepur,50,Block,Land_put_to_Non_Agricultural_use,7256
2023-24,Cuttack,Salepur,50,Block,Barren_&_Non_Cultivable_land,335
2023-24,Cuttack,Salepur,50,Block,Permanent_Pastures_&_other_grazing_land,504
2023-24,Cuttack,Salepur,50,Block,Land_under_misc_tree_crop_&_groves_not_included_in_net_area_sown,465
2023-24,Cuttack,Salepur,50,Block,Cultivable_Waste,408
2023-24,Cuttack,Salepur,50,Block,Old_Fallows,1139
2023-24,Cuttack,Salepur,50,Block,Current_Fallows,1945
2023-24,Cuttack,Salepur,50,Block,Net_Area_Sown_Irrigated,8730
2023-24,Cuttack,Salepur,50,Block,Net_Area_Sown_Unirrigated,3539
2023-24,Cuttack,Salepur,50,Block,Net_Area_Sown_Total,12269
2023-24,Cuttack,Salepur,50,Block,Total_Area_under_Survey,24341
2023-24,Cuttack,Tangi-Choudwar,51,Block,Forest,8778
2023-24,Cuttack,Tangi-Choudwar,51,Block,Land_put_to_Non_Agricultural_use,5195
2023-24,Cuttack,Tangi-Choudwar,51,Block,Barren_&_Non_Cultivable_land,427
2023-24,Cuttack,Tangi-Choudwar,51,Block,Permanent_Pastures_&_other_grazing_land,1250
2023-24,Cuttack,Tangi-Choudwar,51,Block,Land_under_misc_tree_crop_&_groves_not_included_in_net_area_sown,477
2023-24,Cuttack,Tangi-Choudwar,51,Block,Cultivable_Waste,1702
2023-24,Cuttack,Tangi-Choudwar,51,Block,Old_Fallows,1836
2023-24,Cuttack,Tangi-Choudwar,51,Block,Current_Fallows,4217
2023-24,Cuttack,Tangi-Choudwar,51,Block,Net_Area_Sown_Irrigated,527
2023-24,Cuttack,Tangi-Choudwar,51,Block,Net_Area_Sown_Unirrigated,7862
2023-24,Cuttack,Tangi-Choudwar,51,Block,Net_Area_Sown_Total,8389
2023-24,Cuttack,Tangi-Choudwar,51,Block,Total_Area_under_Survey,32271
2023-24,Cuttack,mahanga,60,Block,Forest,10
2023-24,Cuttack,mahanga,60,Block,Land_put_to_Non_Agricultural_use,4678
2023-24,Cuttack,mahanga,60,Block,Barren_&_Non_Cultivable_land,15
2023-24,Cuttack,mahanga,60,Block,Permanent_Pastures_&_other_grazing_land,617
2023-24,Cuttack,mahanga,60,Block,Land_under_misc_tree_crop_&_groves_not_included_in_net_area_sown,294
2023-24,Cuttack,mahanga,60,Block,Cultivable_Waste,331
2023-24,Cuttack,mahanga,60,Block,Old_Fallows,1023
2023-24,Cuttack,mahanga,60,Block,Current_Fallows,3376
2023-24,Cuttack,mahanga,60,Block,Net_Area_Sown_Irrigated,7955
2023-24,Cuttack,mahanga,60,Block,Net_Area_Sown_Unirrigated,2059
2023-24,Cuttack,mahanga,60,Block,Net_Area_Sown_Total,10014
2023-24,Cuttack,mahanga,60,Block,Total_Area_under_Survey,20358
2023-24,Cuttack,Nischintakoili,61,Block,Forest,107
2023-24,Cuttack,Nischintakoili,61,Block,Land_put_to_Non_Agricultural_use,7528
2023-24,Cuttack,Nischintakoili,61,Block,Barren_&_Non_Cultivable_land,95
2023-24,Cuttack,Nischintakoili,61,Block,Permanent_Pastures_&_other_grazing_land,536
2023-24,Cuttack,Nischintakoili,61,Block,Land_under_misc_tree_crop_&_groves_not_included_in_net_area_sown,258
2023-24,Cuttack,Nischintakoili,61,Block,Cultivable_Waste,297
2023-24,Cuttack,Nischintakoili,61,Block,Old_Fallows,275
2023-24,Cuttack,Nischintakoili,61,Block,Current_Fallows,707
2023-24,Cuttack,Nischintakoili,61,Block,Net_Area_Sown_Irrigated,9300
2023-24,Cuttack,Nischintakoili,61,Block,Net_Area_Sown_Unirrigated,2991
2023-24,Cuttack,Nischintakoili,61,Block,Net_Area_Sown_Total,12291
2023-24,Cuttack,Nischintakoili,61,Block,Total_Area_under_Survey,22094
2023-24,Cuttack,Niali,64,Block,Forest,20
2023-24,Cuttack,Niali,64,Block,Land_put_to_Non_Agricultural_use,4676
2023-24,Cuttack,Niali,64,Block,Barren_&_Non_Cultivable_land,0
2023-24,Cuttack,Niali,64,Block,Permanent_Pastures_&_other_grazing_land,844
2023-24,Cuttack,Niali,64,Block,Land_under_misc_tree_crop_&_groves_not_included_in_net_area_sown,370
2023-24,Cuttack,Niali,64,Block,Cultivable_Waste,149
2023-24,Cuttack,Niali,64,Block,Old_Fallows,1121
2023-24,Cuttack,Niali,64,Block,Current_Fallows,3024
2023-24,Cuttack,Niali,64,Block,Net_Area_Sown_Irrigated,6917
2023-24,Cuttack,Niali,64,Block,Net_Area_Sown_Unirrigated,3221
2023-24,Cuttack,Niali,64,Block,Net_Area_Sown_Total,10138
2023-24,Cuttack,Niali,64,Block,Total_Area_under_Survey,20342
2023-24,Cuttack,URBAN,,Urban,Forest,1752
2023-24,Cuttack,URBAN,,Urban,Land_put_to_Non_Agricultural_use,4994
2023-24,Cuttack,URBAN,,Urban,Barren_&_Non_Cultivable_land,408
2023-24,Cuttack,URBAN,,Urban,Permanent_Pastures_&_other_grazing_land,898
2023-24,Cuttack,URBAN,,Urban,Land_under_misc_tree_crop_&_groves_not_included_in_net_area_sown,476
2023-24,Cuttack,URBAN,,Urban,Cultivable_Waste,931
2023-24,Cuttack,URBAN,,Urban,Old_Fallows,1492
2023-24,Cuttack,URBAN,,Urban,Current_Fallows,3251
2023-24,Cuttack,URBAN,,Urban,Net_Area_Sown_Irrigated,343
2023-24,Cuttack,URBAN,,Urban,Net_Area_Sown_Unirrigated,431
2023-24,Cuttack,URBAN,,Urban,Net_Area_Sown_Total,774
2023-24,Cuttack,URBAN,,Urban,Total_Area_under_Survey,14976
2023-24,Deogarh,Reamal,292,Block,Forest,31043
2023-24,Deogarh,Reamal,292,Block,Land_put_to_Non_Agricultural_use,4713
2023-24,Deogarh,Reamal,292,Block,Barren_&_Non_Cultivable_land,4981
2023-24,Deogarh,Reamal,292,Block,Permanent_Pastures_&_other_grazing_land,2290
2023-24,Deogarh,Reamal,292,Block,Land_under_misc_tree_crop_&_groves_not_included_in_net_area_sown,528
2023-24,Deogarh,Reamal,292,Block,Cultivable_Waste,3853
2023-24,Deogarh,Reamal,292,Block,Old_Fallows,4475
2023-24,Deogarh,Reamal,292,Block,Current_Fallows,5606
2023-24,Deogarh,Reamal,292,Block,Net_Area_Sown_Irrigated,372
2023-24,Deogarh,Reamal,292,Block,Net_Area_Sown_Unirrigated,10539
2023-24,Deogarh,Reamal,292,Block,Net_Area_Sown_Total,10911
2023-24,Deogarh,Reamal,292,Block,Total_Area_under_Survey,68400
2023-24,Deogarh,Tileibani,293,Block,Forest,23674
2023-24,Deogarh,Tileibani,293,Block,Land_put_to_Non_Agricultural_use,2905
2023-24,Deogarh,Tileibani,293,Block,Barren_&_Non_Cultivable_land,1530
2023-24,Deogarh,Tileibani,293,Block,Permanent_Pastures_&_other_grazing_land,1871
2023-24,Deogarh,Tileibani,293,Block,Land_under_misc_tree_crop_&_groves_not_included_in_net_area_sown,152
2023-24,Deogarh,Tileibani,293,Block,Cultivable_Waste,5287
2023-24,Deogarh,Tileibani,293,Block,Old_Fallows,1944
2023-24,Deogarh,Tileibani,293,Block,Current_Fallows,1154
2023-24,Deogarh,Tileibani,293,Block,Net_Area_Sown_Irrigated,1654
2023-24,Deogarh,Tileibani,293,Block,Net_Area_Sown_Unirrigated,12148
2023-24,Deogarh,Tileibani,293,Block,Net_Area_Sown_Total,13802
2023-24,Deogarh,Tileibani,293,Block,Total_Area_under_Survey,52319
2023-24,Deogarh,Barkote,294,Block,Forest,19669
2023-24,Deogarh,Barkote,294,Block,Land_put_to_Non_Agricultural_use,4225
2023-24,Deogarh,Barkote,294,Block,Barren_&_Non_Cultivable_land,717
2023-24,Deogarh,Barkote,294,Block,Permanent_Pastures_&_other_grazing_land,977
2023-24,Deogarh,Barkote,294,Block,Land_under_misc_tree_crop_&_groves_not_included_in_net_area_sown,658
2023-24,Deogarh,Barkote,294,Block,Cultivable_Waste,2606
2023-24,Deogarh,Barkote,294,Block,Old_Fallows,2053
2023-24,Deogarh,Barkote,294,Block,Current_Fallows,2088
2023-24,Deogarh,Barkote,294,Block,Net_Area_Sown_Irrigated,956
2023-24,Deogarh,Barkote,294,Block,Net_Area_Sown_Unirrigated,14985
2023-24,Deogarh,Barkote,294,Block,Net_Area_Sown_Total,15941
2023-24,Deogarh,Barkote,294,Block,Total_Area_under_Survey,48934
2023-24,Deogarh,URBAN,,Urban,Forest,649
2023-24,Deogarh,URBAN,,Urban,Land_put_to_Non_Agricultural_use,104
2023-24,Deogarh,URBAN,,Urban,Barren_&_Non_Cultivable_land,63
2023-24,Deogarh,URBAN,,Urban,Permanent_Pastures_&_other_grazing_land,45
2023-24,Deogarh,URBAN,,Urban,Land_under_misc_tree_crop_&_groves_not_included_in_net_area_sown,11
2023-24,Deogarh,URBAN,,Urban,Cultivable_Waste,103
2023-24,Deogarh,URBAN,,Urban,Old_Fallows,74
2023-24,Deogarh,URBAN,,Urban,Current_Fallows,77
2023-24,Deogarh,URBAN,,Urban,Net_Area_Sown_Irrigated,14
2023-24,Deogarh,URBAN,,Urban,Net_Area_Sown_Unirrigated,548
2023-24,Deogarh,URBAN,,Urban,Net_Area_Sown_Total,562
2023-24,Deogarh,URBAN,,Urban,Total_Area_under_Survey,1688
2023-24,Dhenkanal,Hindol,83,Block,Forest,9161
2023-24,Dhenkanal,Hindol,83,Block,Land_put_to_Non_Agricultural_use,6314
2023-24,Dhenkanal,Hindol,83,Block,Barren_&_Non_Cultivable_land,4142
2023-24,Dhenkanal,Hindol,83,Block,Permanent_Pastures_&_other_grazing_land,2945
2023-24,Dhenkanal,Hindol,83,Block,Land_under_misc_tree_crop_&_groves_not_included_in_net_area_sown,1906
2023-24,Dhenkanal,Hindol,83,Block,Cultivable_Waste,7027
2023-24,Dhenkanal,Hindol,83,Block,Old_Fallows,5431
2023-24,Dhenkanal,Hindol,83,Block,Current_Fallows,4543
2023-24,Dhenkanal,Hindol,83,Block,Net_Area_Sown_Irrigated,729
2023-24,Dhenkanal,Hindol,83,Block,Net_Area_Sown_Unirrigated,12062
2023-24,Dhenkanal,Hindol,83,Block,Net_Area_Sown_Total,12791
2023-24,Dhenkanal,Hindol,83,Block,Total_Area_under_Survey,54260
2023-24,Dhenkanal,Odapada,84,Block,Forest,1965
2023-24,Dhenkanal,Odapada,84,Block,Land_put_to_Non_Agricultural_use,5140
2023-24,Dhenkanal,Odapada,84,Block,Barren_&_Non_Cultivable_land,429
2023-24,Dhenkanal,Odapada,84,Block,Permanent_Pastures_&_other_grazing_land,870
2023-24,Dhenkanal,Odapada,84,Block,Land_under_misc_tree_crop_&_groves_not_included_in_net_area_sown,1314
2023-24,Dhenkanal,Odapada,84,Block,Cultivable_Waste,6673
2023-24,Dhenkanal,Odapada,84,Block,Old_Fallows,4629
2023-24,Dhenkanal,Odapada,84,Block,Current_Fallows,3492
2023-24,Dhenkanal,Odapada,84,Block,Net_Area_Sown_Irrigated,1444
2023-24,Dhenkanal,Odapada,84,Block,Net_Area_Sown_Unirrigated,6438
2023-24,Dhenkanal,Odapada,84,Block,Net_Area_Sown_Total,7882
2023-24,Dhenkanal,Odapada,84,Block,Total_Area_under_Survey,32394
2023-24,Dhenkanal,Dhenkanal-Sadar,85,Block,Forest,4852
2023-24,Dhenkanal,Dhenkanal-Sadar,85,Block,Land_put_to_Non_Agricultural_use,4254
2023-24,Dhenkanal,Dhenkanal-Sadar,85,Block,Barren_&_Non_Cultivable_land,1268
2023-24,Dhenkanal,Dhenkanal-Sadar,85,Block,Permanent_Pastures_&_other_grazing_land,2789
2023-24,Dhenkanal,Dhenkanal-Sadar,85,Block,Land_under_misc_tree_crop_&_groves_not_included_in_net_area_sown,1769
2023-24,Dhenkanal,Dhenkanal-Sadar,85,Block,Cultivable_Waste,4008
2023-24,Dhenkanal,Dhenkanal-Sadar,85,Block,Old_Fallows,5183
2023-24,Dhenkanal,Dhenkanal-Sadar,85,Block,Current_Fallows,3849
2023-24,Dhenkanal,Dhenkanal-Sadar,85,Block,Net_Area_Sown_Irrigated,1816
2023-24,Dhenkanal,Dhenkanal-Sadar,85,Block,Net_Area_Sown_Unirrigated,9406
2023-24,Dhenkanal,Dhenkanal-Sadar,85,Block,Net_Area_Sown_Total,11222
2023-24,Dhenkanal,Dhenkanal-Sadar,85,Block,Total_Area_under_Survey,39194
2023-24,Dhenkanal,Gandia,86,Block,Forest,4795
2023-24,Dhenkanal,Gandia,86,Block,Land_put_to_Non_Agricultural_use,7601
2023-24,Dhenkanal,Gandia,86,Block,Barren_&_Non_Cultivable_land,497
2023-24,Dhenkanal,Gandia,86,Block,Permanent_Pastures_&_other_grazing_land,1161
2023-24,Dhenkanal,Gandia,86,Block,Land_under_misc_tree_crop_&_groves_not_included_in_net_area_sown,2849
2023-24,Dhenkanal,Gandia,86,Block,Cultivable_Waste,1822
2023-24,Dhenkanal,Gandia,86,Block,Old_Fallows,3324
2023-24,Dhenkanal,Gandia,86,Block,Current_Fallows,4090
2023-24,Dhenkanal,Gandia,86,Block,Net_Area_Sown_Irrigated,488
2023-24,Dhenkanal,Gandia,86,Block,Net_Area_Sown_Unirrigated,13630
2023-24,Dhenkanal,Gandia,86,Block,Net_Area_Sown_Total,14118
2023-24,Dhenkanal,Gandia,86,Block,Total_Area_under_Survey,40257
2023-24,Dhenkanal,Bhuban,87,Block,Forest,973
2023-24,Dhenkanal,Bhuban,87,Block,Land_put_to_Non_Agricultural_use,4427
2023-24,Dhenkanal,Bhuban,87,Block,Barren_&_Non_Cultivable_land,496
2023-24,Dhenkanal,Bhuban,87,Block,Permanent_Pastures_&_other_grazing_land,647
2023-24,Dhenkanal,Bhuban,87,Block,Land_under_misc_tree_crop_&_groves_not_included_in_net_area_sown,755
2023-24,Dhenkanal,Bhuban,87,Block,Cultivable_Waste,1293
2023-24,Dhenkanal,Bhuban,87,Block,Old_Fallows,1805
2023-24,Dhenkanal,Bhuban,87,Block,Current_Fallows,2149
2023-24,Dhenkanal,Bhuban,87,Block,Net_Area_Sown_Irrigated,4556
2023-24,Dhenkanal,Bhuban,87,Block,Net_Area_Sown_Unirrigated,6960
2023-24,Dhenkanal,Bhuban,87,Block,Net_Area_Sown_Total,11516
2023-24,Dhenkanal,Bhuban,87,Block,Total_Area_under_Survey,24061
2023-24,Dhenkanal,Kamakshyanagar,88,Block,Forest,6822
2023-24,Dhenkanal,Kamakshyanagar,88,Block,Land_put_to_Non_Agricultural_use,4778
2023-24,Dhenkanal,Kamakshyanagar,88,Block,Barren_&_Non_Cultivable_land,1403
2023-24,Dhenkanal,Kamakshyanagar,88,Block,Permanent_Pastures_&_other_grazing_land,984
2023-24,Dhenkanal,Kamakshyanagar,88,Block,Land_under_misc_tree_crop_&_groves_not_included_in_net_area_sown,1198
2023-24,Dhenkanal,Kamakshyanagar,88,Block,Cultivable_Waste,4472
2023-24,Dhenkanal,Kamakshyanagar,88,Block,Old_Fallows,3304
2023-24,Dhenkanal,Kamakshyanagar,88,Block,Current_Fallows,2451
2023-24,Dhenkanal,Kamakshyanagar,88,Block,Net_Area_Sown_Irrigated,8596
2023-24,Dhenkanal,Kamakshyanagar,88,Block,Net_Area_Sown_Unirrigated,4403
2023-24,Dhenkanal,Kamakshyanagar,88,Block,Net_Area_Sown_Total,12999
2023-24,Dhenkanal,Kamakshyanagar,88,Block,Total_Area_under_Survey,38411
2023-24,Dhenkanal,Parajanga,89,Block,Forest,11099
2023-24,Dhenkanal,Parajanga,89,Block,Land_put_to_Non_Agricultural_use,5627
2023-24,Dhenkanal,Parajanga,89,Block,Barren_&_Non_Cultivable_land,570
2023-24,Dhenkanal,Parajanga,89,Block,Permanent_Pastures_&_other_grazing_land,915
2023-24,Dhenkanal,Parajanga,89,Block,Land_under_misc_tree_crop_&_groves_not_included_in_net_area_sown,560
2023-24,Dhenkanal,Parajanga,89,Block,Cultivable_Waste,2950
2023-24,Dhenkanal,Parajanga,89,Block,Old_Fallows,4516
2023-24,Dhenkanal,Parajanga,89,Block,Current_Fallows,5014
2023-24,Dhenkanal,Parajanga,89,Block,Net_Area_Sown_Irrigated,3777
2023-24,Dhenkanal,Parajanga,89,Block,Net_Area_Sown_Unirrigated,7216
2023-24,Dhenkanal,Parajanga,89,Block,Net_Area_Sown_Total,10993
2023-24,Dhenkanal,Parajanga,89,Block,Total_Area_under_Survey,42244
2023-24,Dhenkanal,Kankadahad,95,Block,Forest,24875
2023-24,Dhenkanal,Kankadahad,95,Block,Land_put_to_Non_Agricultural_use,3118
2023-24,Dhenkanal,Kankadahad,95,Block,Barren_&_Non_Cultivable_land,1565
2023-24,Dhenkanal,Kankadahad,95,Block,Permanent_Pastures_&_other_grazing_land,2323
2023-24,Dhenkanal,Kankadahad,95,Block,Land_under_misc_tree_crop_&_groves_not_included_in_net_area_sown,614
2023-24,Dhenkanal,Kankadahad,95,Block,Cultivable_Waste,2738
2023-24,Dhenkanal,Kankadahad,95,Block,Old_Fallows,3269
2023-24,Dhenkanal,Kankadahad,95,Block,Current_Fallows,2395
2023-24,Dhenkanal,Kankadahad,95,Block,Net_Area_Sown_Irrigated,4585
2023-24,Dhenkanal,Kankadahad,95,Block,Net_Area_Sown_Unirrigated,10666
2023-24,Dhenkanal,Kankadahad,95,Block,Net_Area_Sown_Total,15251
2023-24,Dhenkanal,Kankadahad,95,Block,Total_Area_under_Survey,56148
2023-24,Dhenkanal,URBAN,,Urban,Forest,2733
2023-24,Dhenkanal,URBAN,,Urban,Land_put_to_Non_Agricultural_use,1747
2023-24,Dhenkanal,URBAN,,Urban,Barren_&_Non_Cultivable_land,439
2023-24,Dhenkanal,URBAN,,Urban,Permanent_Pastures_&_other_grazing_land,535
2023-24,Dhenkanal,URBAN,,Urban,Land_under_misc_tree_crop_&_groves_not_included_in_net_area_sown,466
2023-24,Dhenkanal,URBAN,,Urban,Cultivable_Waste,1312
2023-24,Dhenkanal,URBAN,,Urban,Old_Fallows,1332
2023-24,Dhenkanal,URBAN,,Urban,Current_Fallows,1185
2023-24,Dhenkanal,URBAN,,Urban,Net_Area_Sown_Irrigated,359
2023-24,Dhenkanal,URBAN,,Urban,Net_Area_Sown_Unirrigated,1133
2023-24,Dhenkanal,URBAN,,Urban,Net_Area_Sown_Total,1492
2023-24,Dhenkanal,URBAN,,Urban,Total_Area_under_Survey,11241
2023-24,Gajapati,Kashinagar,97,Block,Forest,459
2023-24,Gajapati,Kashinagar,97,Block,Land_put_to_Non_Agricultural_use,2575
2023-24,Gajapati,Kashinagar,97,Block,Barren_&_Non_Cultivable_land,1277
2023-24,Gajapati,Kashinagar,97,Block,Permanent_Pastures_&_other_grazing_land,249
2023-24,Gajapati,Kashinagar,97,Block,Land_under_misc_tree_crop_&_groves_not_included_in_net_area_sown,1543
2023-24,Gajapati,Kashinagar,97,Block,Cultivable_Waste,1235
2023-24,Gajapati,Kashinagar,97,Block,Old_Fallows,1947
2023-24,Gajapati,Kashinagar,97,Block,Current_Fallows,1193
2023-24,Gajapati,Kashinagar,97,Block,Net_Area_Sown_Irrigated,8430
2023-24,Gajapati,Kashinagar,97,Block,Net_Area_Sown_Unirrigated,49
2023-24,Gajapati,Kashinagar,97,Block,Net_Area_Sown_Total,8479
2023-24,Gajapati,Kashinagar,97,Block,Total_Area_under_Survey,18957
2023-24,Gajapati,Paralakhemundi,98,Block,Forest,536
2023-24,Gajapati,Paralakhemundi,98,Block,Land_put_to_Non_Agricultural_use,3560
2023-24,Gajapati,Paralakhemundi,98,Block,Barren_&_Non_Cultivable_land,1521
2023-24,Gajapati,Paralakhemundi,98,Block,Permanent_Pastures_&_other_grazing_land,372
2023-24,Gajapati,Paralakhemundi,98,Block,Land_under_misc_tree_crop_&_groves_not_included_in_net_area_sown,970
2023-24,Gajapati,Paralakhemundi,98,Block,Cultivable_Waste,653
2023-24,Gajapati,Paralakhemundi,98,Block,Old_Fallows,310
2023-24,Gajapati,Paralakhemundi,98,Block,Current_Fallows,1364
2023-24,Gajapati,Paralakhemundi,98,Block,Net_Area_Sown_Irrigated,11271
2023-24,Gajapati,Paralakhemundi,98,Block,Net_Area_Sown_Unirrigated,39
2023-24,Gajapati,Paralakhemundi,98,Block,Net_Area_Sown_Total,11310
2023-24,Gajapati,Paralakhemundi,98,Block,Total_Area_under_Survey,20596
2023-24,Gajapati,Rayagada,99,Block,Forest,8335
2023-24,Gajapati,Rayagada,99,Block,Land_put_to_Non_Agricultural_use,4481
2023-24,Gajapati,Rayagada,99,Block,Barren_&_Non_Cultivable_land,15040
2023-24,Gajapati,Rayagada,99,Block,Permanent_Pastures_&_other_grazing_land,1561
2023-24,Gajapati,Rayagada,99,Block,Land_under_misc_tree_crop_&_groves_not_included_in_net_area_sown,1045
2023-24,Gajapati,Rayagada,99,Block,Cultivable_Waste,2360
2023-24,Gajapati,Rayagada,99,Block,Old_Fallows,2491
2023-24,Gajapati,Rayagada,99,Block,Current_Fallows,1282
2023-24,Gajapati,Rayagada,99,Block,Net_Area_Sown_Irrigated,57
2023-24,Gajapati,Rayagada,99,Block,Net_Area_Sown_Unirrigated,5548
2023-24,Gajapati,Rayagada,99,Block,Net_Area_Sown_Total,5605
2023-24,Gajapati,Rayagada,99,Block,Total_Area_under_Survey,42200
2023-24,Gajapati,Gumma,100,Block,Forest,11609
2023-24,Gajapati,Gumma,100,Block,Land_put_to_Non_Agricultural_use,1079
2023-24,Gajapati,Gumma,100,Block,Barren_&_Non_Cultivable_land,18464
2023-24,Gajapati,Gumma,100,Block,Permanent_Pastures_&_other_grazing_land,1185
2023-24,Gajapati,Gumma,100,Block,Land_under_misc_tree_crop_&_groves_not_included_in_net_area_sown,366
2023-24,Gajapati,Gumma,100,Block,Cultivable_Waste,315
2023-24,Gajapati,Gumma,100,Block,Old_Fallows,675
2023-24,Gajapati,Gumma,100,Block,Current_Fallows,1950
2023-24,Gajapati,Gumma,100,Block,Net_Area_Sown_Irrigated,5122
2023-24,Gajapati,Gumma,100,Block,Net_Area_Sown_Unirrigated,513
2023-24,Gajapati,Gumma,100,Block,Net_Area_Sown_Total,5635
2023-24,Gajapati,Gumma,100,Block,Total_Area_under_Survey,41278
2023-24,Gajapati,Nuagarh,101,Block,Forest,7922
2023-24,Gajapati,Nuagarh,101,Block,Land_put_to_Non_Agricultural_use,803
2023-24,Gajapati,Nuagarh,101,Block,Barren_&_Non_Cultivable_land,30254
2023-24,Gajapati,Nuagarh,101,Block,Permanent_Pastures_&_other_grazing_land,1876
2023-24,Gajapati,Nuagarh,101,Block,Land_under_misc_tree_crop_&_groves_not_included_in_net_area_sown,216
2023-24,Gajapati,Nuagarh,101,Block,Cultivable_Waste,256
2023-24,Gajapati,Nuagarh,101,Block,Old_Fallows,611
2023-24,Gajapati,Nuagarh,101,Block,Current_Fallows,2159
2023-24,Gajapati,Nuagarh,101,Block,Net_Area_Sown_Irrigated,1095
2023-24,Gajapati,Nuagarh,101,Block,Net_Area_Sown_Unirrigated,1323
2023-24,Gajapati,Nuagarh,101,Block,Net_Area_Sown_Total,2418
2023-24,Gajapati,Nuagarh,101,Block,Total_Area_under_Survey,46515
2023-24,Gajapati,R.Udayagiri,102,Block,Forest,13185
2023-24,Gajapati,R.Udayagiri,102,Block,Land_put_to_Non_Agricultural_use,1791
2023-24,Gajapati,R.Udayagiri,102,Block,Barren_&_Non_Cultivable_land,19956
2023-24,Gajapati,R.Udayagiri,102,Block,Permanent_Pastures_&_other_grazing_land,3378
2023-24,Gajapati,R.Udayagiri,102,Block,Land_under_misc_tree_crop_&_groves_not_included_in_net_area_sown,87
2023-24,Gajapati,R.Udayagiri,102,Block,Cultivable_Waste,501
2023-24,Gajapati,R.Udayagiri,102,Block,Old_Fallows,830
2023-24,Gajapati,R.Udayagiri,102,Block,Current_Fallows,506
2023-24,Gajapati,R.Udayagiri,102,Block,Net_Area_Sown_Irrigated,1937
2023-24,Gajapati,R.Udayagiri,102,Block,Net_Area_Sown_Unirrigated,4523
2023-24,Gajapati,R.Udayagiri,102,Block,Net_Area_Sown_Total,6460
2023-24,Gajapati,R.Udayagiri,102,Block,Total_Area_under_Survey,46694
2023-24,Gajapati,Mohana,106,Block,Forest,19025
2023-24,Gajapati,Mohana,106,Block,Land_put_to_Non_Agricultural_use,3410
2023-24,Gajapati,Mohana,106,Block,Barren_&_Non_Cultivable_land,42678
2023-24,Gajapati,Mohana,106,Block,Permanent_Pastures_&_other_grazing_land,4804
2023-24,Gajapati,Mohana,106,Block,Land_under_misc_tree_crop_&_groves_not_included_in_net_area_sown,329
2023-24,Gajapati,Mohana,106,Block,Cultivable_Waste,1471
2023-24,Gajapati,Mohana,106,Block,Old_Fallows,1877
2023-24,Gajapati,Mohana,106,Block,Current_Fallows,3407
2023-24,Gajapati,Mohana,106,Block,Net_Area_Sown_Irrigated,82
2023-24,Gajapati,Mohana,106,Block,Net_Area_Sown_Unirrigated,13806
2023-24,Gajapati,Mohana,106,Block,Net_Area_Sown_Total,13888
2023-24,Gajapati,Mohana,106,Block,Total_Area_under_Survey,90889
2023-24,Gajapati,URBAN,,Urban,Forest,326
2023-24,Gajapati,URBAN,,Urban,Land_put_to_Non_Agricultural_use,95
2023-24,Gajapati,URBAN,,Urban,Barren_&_Non_Cultivable_land,690
2023-24,Gajapati,URBAN,,Urban,Permanent_Pastures_&_other_grazing_land,72
2023-24,Gajapati,URBAN,,Urban,Land_under_misc_tree_crop_&_groves_not_included_in_net_area_sown,24
2023-24,Gajapati,URBAN,,Urban,Cultivable_Waste,36
2023-24,Gajapati,URBAN,,Urban,Old_Fallows,47
2023-24,Gajapati,URBAN,,Urban,Current_Fallows,63
2023-24,Gajapati,URBAN,,Urban,Net_Area_Sown_Irrigated,114
2023-24,Gajapati,URBAN,,Urban,Net_Area_Sown_Unirrigated,63
2023-24,Gajapati,URBAN,,Urban,Net_Area_Sown_Total,177
2023-24,Gajapati,URBAN,,Urban,Total_Area_under_Survey,1530
2023-24,Ganjam,Patrapur,103,Block,Forest,7177
2023-24,Ganjam,Patrapur,103,Block,Land_put_to_Non_Agricultural_use,2996
2023-24,Ganjam,Patrapur,103,Block,Barren_&_Non_Cultivable_land,4566
2023-24,Ganjam,Patrapur,103,Block,Permanent_Pastures_&_other_grazing_land,1053
2023-24,Ganjam,Patrapur,103,Block,Land_under_misc_tree_crop_&_groves_not_included_in_net_area_sown,156
2023-24,Ganjam,Patrapur,103,Block,Cultivable_Waste,1672
2023-24,Ganjam,Patrapur,103,Block,Old_Fallows,1790
2023-24,Ganjam,Patrapur,103,Block,Current_Fallows,1652
2023-24,Ganjam,Patrapur,103,Block,Net_Area_Sown_Irrigated,12791
2023-24,Ganjam,Patrapur,103,Block,Net_Area_Sown_Unirrigated,1977
2023-24,Ganjam,Patrapur,103,Block,Net_Area_Sown_Total,14768
2023-24,Ganjam,Patrapur,103,Block,Total_Area_under_Survey,35830
2023-24,Ganjam,Chikiti,104,Block,Forest,1369
2023-24,Ganjam,Chikiti,104,Block,Land_put_to_Non_Agricultural_use,4804
2023-24,Ganjam,Chikiti,104,Block,Barren_&_Non_Cultivable_land,351
2023-24,Ganjam,Chikiti,104,Block,Permanent_Pastures_&_other_grazing_land,446
2023-24,Ganjam,Chikiti,104,Block,Land_under_misc_tree_crop_&_groves_not_included_in_net_area_sown,330
2023-24,Ganjam,Chikiti,104,Block,Cultivable_Waste,1027
2023-24,Ganjam,Chikiti,104,Block,Old_Fallows,474
2023-24,Ganjam,Chikiti,104,Block,Current_Fallows,1622
2023-24,Ganjam,Chikiti,104,Block,Net_Area_Sown_Irrigated,5167
2023-24,Ganjam,Chikiti,104,Block,Net_Area_Sown_Unirrigated,5508
2023-24,Ganjam,Chikiti,104,Block,Net_Area_Sown_Total,10675
2023-24,Ganjam,Chikiti,104,Block,Total_Area_under_Survey,21098
2023-24,Ganjam,Digapahandi,105,Block,Forest,1488
2023-24,Ganjam,Digapahandi,105,Block,Land_put_to_Non_Agricultural_use,3372
2023-24,Ganjam,Digapahandi,105,Block,Barren_&_Non_Cultivable_land,14362
2023-24,Ganjam,Digapahandi,105,Block,Permanent_Pastures_&_other_grazing_land,454
2023-24,Ganjam,Digapahandi,105,Block,Land_under_misc_tree_crop_&_groves_not_included_in_net_area_sown,146
2023-24,Ganjam,Digapahandi,105,Block,Cultivable_Waste,1346
2023-24,Ganjam,Digapahandi,105,Block,Old_Fallows,2155
2023-24,Ganjam,Digapahandi,105,Block,Current_Fallows,619
2023-24,Ganjam,Digapahandi,105,Block,Net_Area_Sown_Irrigated,18265
2023-24,Ganjam,Digapahandi,105,Block,Net_Area_Sown_Unirrigated,5892
2023-24,Ganjam,Digapahandi,105,Block,Net_Area_Sown_Total,24157
2023-24,Ganjam,Digapahandi,105,Block,Total_Area_under_Survey,48099
2023-24,Ganjam,Sankhumundi,107,Block,Forest,2786
2023-24,Ganjam,Sankhumundi,107,Block,Land_put_to_Non_Agricultural_use,2925
2023-24,Ganjam,Sankhumundi,107,Block,Barren_&_Non_Cultivable_land,2275
2023-24,Ganjam,Sankhumundi,107,Block,Permanent_Pastures_&_other_grazing_land,792
2023-24,Ganjam,Sankhumundi,107,Block,Land_under_misc_tree_crop_&_groves_not_included_in_net_area_sown,219
2023-24,Ganjam,Sankhumundi,107,Block,Cultivable_Waste,354
2023-24,Ganjam,Sankhumundi,107,Block,Old_Fallows,763
2023-24,Ganjam,Sankhumundi,107,Block,Current_Fallows,1507
2023-24,Ganjam,Sankhumundi,107,Block,Net_Area_Sown_Irrigated,11456
2023-24,Ganjam,Sankhumundi,107,Block,Net_Area_Sown_Unirrigated,3990
2023-24,Ganjam,Sankhumundi,107,Block,Net_Area_Sown_Total,15446
2023-24,Ganjam,Sankhumundi,107,Block,Total_Area_under_Survey,27067
2023-24,Ganjam,Kukudakhandi,108,Block,Forest,835
2023-24,Ganjam,Kukudakhandi,108,Block,Land_put_to_Non_Agricultural_use,3123
2023-24,Ganjam,Kukudakhandi,108,Block,Barren_&_Non_Cultivable_land,1202
2023-24,Ganjam,Kukudakhandi,108,Block,Permanent_Pastures_&_other_grazing_land,571
2023-24,Ganjam,Kukudakhandi,108,Block,Land_under_misc_tree_crop_&_groves_not_included_in_net_area_sown,412
2023-24,Ganjam,Kukudakhandi,108,Block,Cultivable_Waste,1826
2023-24,Ganjam,Kukudakhandi,108,Block,Old_Fallows,2078
2023-24,Ganjam,Kukudakhandi,108,Block,Current_Fallows,1237
2023-24,Ganjam,Kukudakhandi,108,Block,Net_Area_Sown_Irrigated,11399
2023-24,Ganjam,Kukudakhandi,108,Block,Net_Area_Sown_Unirrigated,2221
2023-24,Ganjam,Kukudakhandi,108,Block,Net_Area_Sown_Total,13620
2023-24,Ganjam,Kukudakhandi,108,Block,Total_Area_under_Survey,24904
2023-24,Ganjam,Rangeilunda,109,Block,Forest,239
2023-24,Ganjam,Rangeilunda,109,Block,Land_put_to_Non_Agricultural_use,3394
2023-24,Ganjam,Rangeilunda,109,Block,Barren_&_Non_Cultivable_land,354
2023-24,Ganjam,Rangeilunda,109,Block,Permanent_Pastures_&_other_grazing_land,524
2023-24,Ganjam,Rangeilunda,109,Block,Land_under_misc_tree_crop_&_groves_not_included_in_net_area_sown,1113
2023-24,Ganjam,Rangeilunda,109,Block,Cultivable_Waste,1153
2023-24,Ganjam,Rangeilunda,109,Block,Old_Fallows,1202
2023-24,Ganjam,Rangeilunda,109,Block,Current_Fallows,1157
2023-24,Ganjam,Rangeilunda,109,Block,Net_Area_Sown_Irrigated,12530
2023-24,Ganjam,Rangeilunda,109,Block,Net_Area_Sown_Unirrigated,744
2023-24,Ganjam,Rangeilunda,109,Block,Net_Area_Sown_Total,13274
2023-24,Ganjam,Rangeilunda,109,Block,Total_Area_under_Survey,22410
2023-24,Ganjam,Chhatrapur,110,Block,Forest,533
2023-24,Ganjam,Chhatrapur,110,Block,Land_put_to_Non_Agricultural_use,5029
2023-24,Ganjam,Chhatrapur,110,Block,Barren_&_Non_Cultivable_land,435
2023-24,Ganjam,Chhatrapur,110,Block,Permanent_Pastures_&_other_grazing_land,369
2023-24,Ganjam,Chhatrapur,110,Block,Land_under_misc_tree_crop_&_groves_not_included_in_net_area_sown,1801
2023-24,Ganjam,Chhatrapur,110,Block,Cultivable_Waste,884
2023-24,Ganjam,Chhatrapur,110,Block,Old_Fallows,946
2023-24,Ganjam,Chhatrapur,110,Block,Current_Fallows,4147
2023-24,Ganjam,Chhatrapur,110,Block,Net_Area_Sown_Irrigated,7001
2023-24,Ganjam,Chhatrapur,110,Block,Net_Area_Sown_Unirrigated,2164
2023-24,Ganjam,Chhatrapur,110,Block,Net_Area_Sown_Total,9165
2023-24,Ganjam,Chhatrapur,110,Block,Total_Area_under_Survey,23309
2023-24,Ganjam,Hinjilikatu,111,Block,Forest,19
2023-24,Ganjam,Hinjilikatu,111,Block,Land_put_to_Non_Agricultural_use,2712
2023-24,Ganjam,Hinjilikatu,111,Block,Barren_&_Non_Cultivable_land,300
2023-24,Ganjam,Hinjilikatu,111,Block,Permanent_Pastures_&_other_grazing_land,169
2023-24,Ganjam,Hinjilikatu,111,Block,Land_under_misc_tree_crop_&_groves_not_included_in_net_area_sown,223
2023-24,Ganjam,Hinjilikatu,111,Block,Cultivable_Waste,957
2023-24,Ganjam,Hinjilikatu,111,Block,Old_Fallows,1008
2023-24,Ganjam,Hinjilikatu,111,Block,Current_Fallows,1493
2023-24,Ganjam,Hinjilikatu,111,Block,Net_Area_Sown_Irrigated,8383
2023-24,Ganjam,Hinjilikatu,111,Block,Net_Area_Sown_Unirrigated,367
2023-24,Ganjam,Hinjilikatu,111,Block,Net_Area_Sown_Total,8750
2023-24,Ganjam,Hinjilikatu,111,Block,Total_Area_under_Survey,15631
2023-24,Ganjam,Seragarh,112,Block,Forest,2425
2023-24,Ganjam,Seragarh,112,Block,Land_put_to_Non_Agricultural_use,2237
2023-24,Ganjam,Seragarh,112,Block,Barren_&_Non_Cultivable_land,3659
2023-24,Ganjam,Seragarh,112,Block,Permanent_Pastures_&_other_grazing_land,718
2023-24,Ganjam,Seragarh,112,Block,Land_under_misc_tree_crop_&_groves_not_included_in_net_area_sown,79
2023-24,Ganjam,Seragarh,112,Block,Cultivable_Waste,795
2023-24,Ganjam,Seragarh,112,Block,Old_Fallows,926
2023-24,Ganjam,Seragarh,112,Block,Current_Fallows,391
2023-24,Ganjam,Seragarh,112,Block,Net_Area_Sown_Irrigated,6618
2023-24,Ganjam,Seragarh,112,Block,Net_Area_Sown_Unirrigated,657
2023-24,Ganjam,Seragarh,112,Block,Net_Area_Sown_Total,7275
2023-24,Ganjam,Seragarh,112,Block,Total_Area_under_Survey,18505
2023-24,Ganjam,Dharakote,113,Block,Forest,1349
2023-24,Ganjam,Dharakote,113,Block,Land_put_to_Non_Agricultural_use,2867
2023-24,Ganjam,Dharakote,113,Block,Barren_&_Non_Cultivable_land,4967
2023-24,Ganjam,Dharakote,113,Block,Permanent_Pastures_&_other_grazing_land,459
2023-24,Ganjam,Dharakote,113,Block,Land_under_misc_tree_crop_&_groves_not_included_in_net_area_sown,171
2023-24,Ganjam,Dharakote,113,Block,Cultivable_Waste,718
2023-24,Ganjam,Dharakote,113,Block,Old_Fallows,998
2023-24,Ganjam,Dharakote,113,Block,Current_Fallows,1892
2023-24,Ganjam,Dharakote,113,Block,Net_Area_Sown_Irrigated,8046
2023-24,Ganjam,Dharakote,113,Block,Net_Area_Sown_Unirrigated,3723
2023-24,Ganjam,Dharakote,113,Block,Net_Area_Sown_Total,11769
2023-24,Ganjam,Dharakote,113,Block,Total_Area_under_Survey,25190
2023-24,Ganjam,Sorada,114,Block,Forest,8583
2023-24,Ganjam,Sorada,114,Block,Land_put_to_Non_Agricultural_use,7603
2023-24,Ganjam,Sorada,114,Block,Barren_&_Non_Cultivable_land,8782
2023-24,Ganjam,Sorada,114,Block,Permanent_Pastures_&_other_grazing_land,1689
2023-24,Ganjam,Sorada,114,Block,Land_under_misc_tree_crop_&_groves_not_included_in_net_area_sown,948
2023-24,Ganjam,Sorada,114,Block,Cultivable_Waste,1745
2023-24,Ganjam,Sorada,114,Block,Old_Fallows,3505
2023-24,Ganjam,Sorada,114,Block,Current_Fallows,5126
2023-24,Ganjam,Sorada,114,Block,Net_Area_Sown_Irrigated,8098
2023-24,Ganjam,Sorada,114,Block,Net_Area_Sown_Unirrigated,4334
2023-24,Ganjam,Sorada,114,Block,Net_Area_Sown_Total,12432
2023-24,Ganjam,Sorada,114,Block,Total_Area_under_Survey,50413
2023-24,Ganjam,Aska,115,Block,Forest,63
2023-24,Ganjam,Aska,115,Block,Land_put_to_Non_Agricultural_use,2872
2023-24,Ganjam,Aska,115,Block,Barren_&_Non_Cultivable_land,3537
2023-24,Ganjam,Aska,115,Block,Permanent_Pastures_&_other_grazing_land,259
2023-24,Ganjam,Aska,115,Block,Land_under_misc_tree_crop_&_groves_not_included_in_net_area_sown,273
2023-24,Ganjam,Aska,115,Block,Cultivable_Waste,761
2023-24,Ganjam,Aska,115,Block,Old_Fallows,1248
2023-24,Ganjam,Aska,115,Block,Current_Fallows,1202
2023-24,Ganjam,Aska,115,Block,Net_Area_Sown_Irrigated,9635
2023-24,Ganjam,Aska,115,Block,Net_Area_Sown_Unirrigated,253
2023-24,Ganjam,Aska,115,Block,Net_Area_Sown_Total,9888
2023-24,Ganjam,Aska,115,Block,Total_Area_under_Survey,20103
2023-24,Ganjam,Kabisurya Nagar,116,Block,Forest,365
2023-24,Ganjam,Kabisurya Nagar,116,Block,Land_put_to_Non_Agricultural_use,1670
2023-24,Ganjam,Kabisurya Nagar,116,Block,Barren_&_Non_Cultivable_land,812
2023-24,Ganjam,Kabisurya Nagar,116,Block,Permanent_Pastures_&_other_grazing_land,374
2023-24,Ganjam,Kabisurya Nagar,116,Block,Land_under_misc_tree_crop_&_groves_not_included_in_net_area_sown,330
2023-24,Ganjam,Kabisurya Nagar,116,Block,Cultivable_Waste,219
2023-24,Ganjam,Kabisurya Nagar,116,Block,Old_Fallows,248
2023-24,Ganjam,Kabisurya Nagar,116,Block,Current_Fallows,1082
2023-24,Ganjam,Kabisurya Nagar,116,Block,Net_Area_Sown_Irrigated,4438
2023-24,Ganjam,Kabisurya Nagar,116,Block,Net_Area_Sown_Unirrigated,5801
2023-24,Ganjam,Kabisurya Nagar,116,Block,Net_Area_Sown_Total,10239
2023-24,Ganjam,Kabisurya Nagar,116,Block,Total_Area_under_Survey,15339
2023-24,Ganjam,Purusottampur,117,Block,Forest,556
2023-24,Ganjam,Purusottampur,117,Block,Land_put_to_Non_Agricultural_use,2187
2023-24,Ganjam,Purusottampur,117,Block,Barren_&_Non_Cultivable_land,710
2023-24,Ganjam,Purusottampur,117,Block,Permanent_Pastures_&_other_grazing_land,113
2023-24,Ganjam,Purusottampur,117,Block,Land_under_misc_tree_crop_&_groves_not_included_in_net_area_sown,232
2023-24,Ganjam,Purusottampur,117,Block,Cultivable_Waste,522
2023-24,Ganjam,Purusottampur,117,Block,Old_Fallows,262
2023-24,Ganjam,Purusottampur,117,Block,Current_Fallows,508
2023-24,Ganjam,Purusottampur,117,Block,Net_Area_Sown_Irrigated,13466
2023-24,Ganjam,Purusottampur,117,Block,Net_Area_Sown_Unirrigated,6001
2023-24,Ganjam,Purusottampur,117,Block,Net_Area_Sown_Total,19467
2023-24,Ganjam,Purusottampur,117,Block,Total_Area_under_Survey,24557
2023-24,Ganjam,Ganjam,118,Block,Forest,1958
2023-24,Ganjam,Ganjam,118,Block,Land_put_to_Non_Agricultural_use,3587
2023-24,Ganjam,Ganjam,118,Block,Barren_&_Non_Cultivable_land,1305
2023-24,Ganjam,Ganjam,118,Block,Permanent_Pastures_&_other_grazing_land,1406
2023-24,Ganjam,Ganjam,118,Block,Land_under_misc_tree_crop_&_groves_not_included_in_net_area_sown,1256
2023-24,Ganjam,Ganjam,118,Block,Cultivable_Waste,658
2023-24,Ganjam,Ganjam,118,Block,Old_Fallows,1526
2023-24,Ganjam,Ganjam,118,Block,Current_Fallows,4004
2023-24,Ganjam,Ganjam,118,Block,Net_Area_Sown_Irrigated,3417
2023-24,Ganjam,Ganjam,118,Block,Net_Area_Sown_Unirrigated,3157
2023-24,Ganjam,Ganjam,118,Block,Net_Area_Sown_Total,6574
2023-24,Ganjam,Ganjam,118,Block,Total_Area_under_Survey,22274
2023-24,Ganjam,Khalikote,119,Block,Forest,1067
2023-24,Ganjam,Khalikote,119,Block,Land_put_to_Non_Agricultural_use,2604
2023-24,Ganjam,Khalikote,119,Block,Barren_&_Non_Cultivable_land,8235
2023-24,Ganjam,Khalikote,119,Block,Permanent_Pastures_&_other_grazing_land,567
2023-24,Ganjam,Khalikote,119,Block,Land_under_misc_tree_crop_&_groves_not_included_in_net_area_sown,1889
2023-24,Ganjam,Khalikote,119,Block,Cultivable_Waste,356
2023-24,Ganjam,Khalikote,119,Block,Old_Fallows,1097
2023-24,Ganjam,Khalikote,119,Block,Current_Fallows,1529
2023-24,Ganjam,Khalikote,119,Block,Net_Area_Sown_Irrigated,8712
2023-24,Ganjam,Khalikote,119,Block,Net_Area_Sown_Unirrigated,10146
2023-24,Ganjam,Khalikote,119,Block,Net_Area_Sown_Total,18858
2023-24,Ganjam,Khalikote,119,Block,Total_Area_under_Survey,36202
2023-24,Ganjam,Kodala,120,Block,Forest,131
2023-24,Ganjam,Kodala,120,Block,Land_put_to_Non_Agricultural_use,1079
2023-24,Ganjam,Kodala,120,Block,Barren_&_Non_Cultivable_land,12320
2023-24,Ganjam,Kodala,120,Block,Permanent_Pastures_&_other_grazing_land,168
2023-24,Ganjam,Kodala,120,Block,Land_under_misc_tree_crop_&_groves_not_included_in_net_area_sown,410
2023-24,Ganjam,Kodala,120,Block,Cultivable_Waste,95
2023-24,Ganjam,Kodala,120,Block,Old_Fallows,264
2023-24,Ganjam,Kodala,120,Block,Current_Fallows,647
2023-24,Ganjam,Kodala,120,Block,Net_Area_Sown_Irrigated,4415
2023-24,Ganjam,Kodala,120,Block,Net_Area_Sown_Unirrigated,4029
2023-24,Ganjam,Kodala,120,Block,Net_Area_Sown_Total,8444
2023-24,Ganjam,Kodala,120,Block,Total_Area_under_Survey,23558
2023-24,Ganjam,Polasara,121,Block,Forest,306
2023-24,Ganjam,Polasara,121,Block,Land_put_to_Non_Agricultural_use,2090
2023-24,Ganjam,Polasara,121,Block,Barren_&_Non_Cultivable_land,1172
2023-24,Ganjam,Polasara,121,Block,Permanent_Pastures_&_other_grazing_land,271
2023-24,Ganjam,Polasara,121,Block,Land_under_misc_tree_crop_&_groves_not_included_in_net_area_sown,815
2023-24,Ganjam,Polasara,121,Block,Cultivable_Waste,27
2023-24,Ganjam,Polasara,121,Block,Old_Fallows,1467
2023-24,Ganjam,Polasara,121,Block,Current_Fallows,1841
2023-24,Ganjam,Polasara,121,Block,Net_Area_Sown_Irrigated,8080
2023-24,Ganjam,Polasara,121,Block,Net_Area_Sown_Unirrigated,3958
2023-24,Ganjam,Polasara,121,Block,Net_Area_Sown_Total,12038
2023-24,Ganjam,Polasara,121,Block,Total_Area_under_Survey,20027
2023-24,Ganjam,Bhanjanagar,122,Block,Forest,267
2023-24,Ganjam,Bhanjanagar,122,Block,Land_put_to_Non_Agricultural_use,2297
2023-24,Ganjam,Bhanjanagar,122,Block,Barren_&_Non_Cultivable_land,244
2023-24,Ganjam,Bhanjanagar,122,Block,Permanent_Pastures_&_other_grazing_land,363
2023-24,Ganjam,Bhanjanagar,122,Block,Land_under_misc_tree_crop_&_groves_not_included_in_net_area_sown,378
2023-24,Ganjam,Bhanjanagar,122,Block,Cultivable_Waste,811
2023-24,Ganjam,Bhanjanagar,122,Block,Old_Fallows,984
2023-24,Ganjam,Bhanjanagar,122,Block,Current_Fallows,1465
2023-24,Ganjam,Bhanjanagar,122,Block,Net_Area_Sown_Irrigated,12138
2023-24,Ganjam,Bhanjanagar,122,Block,Net_Area_Sown_Unirrigated,10486
2023-24,Ganjam,Bhanjanagar,122,Block,Net_Area_Sown_Total,22624
2023-24,Ganjam,Bhanjanagar,122,Block,Total_Area_under_Survey,29433
2023-24,Ganjam,Belaguntha,123,Block,Forest,1169
2023-24,Ganjam,Belaguntha,123,Block,Land_put_to_Non_Agricultural_use,2069
2023-24,Ganjam,Belaguntha,123,Block,Barren_&_Non_Cultivable_land,515
2023-24,Ganjam,Belaguntha,123,Block,Permanent_Pastures_&_other_grazing_land,328
2023-24,Ganjam,Belaguntha,123,Block,Land_under_misc_tree_crop_&_groves_not_included_in_net_area_sown,468
2023-24,Ganjam,Belaguntha,123,Block,Cultivable_Waste,588
2023-24,Ganjam,Belaguntha,123,Block,Old_Fallows,693
2023-24,Ganjam,Belaguntha,123,Block,Current_Fallows,1218
2023-24,Ganjam,Belaguntha,123,Block,Net_Area_Sown_Irrigated,8118
2023-24,Ganjam,Belaguntha,123,Block,Net_Area_Sown_Unirrigated,3294
2023-24,Ganjam,Belaguntha,123,Block,Net_Area_Sown_Total,11412
2023-24,Ganjam,Belaguntha,123,Block,Total_Area_under_Survey,18460
2023-24,Ganjam,Buguda,124,Block,Forest,1801
2023-24,Ganjam,Buguda,124,Block,Land_put_to_Non_Agricultural_use,3127
2023-24,Ganjam,Buguda,124,Block,Barren_&_Non_Cultivable_land,773
2023-24,Ganjam,Buguda,124,Block,Permanent_Pastures_&_other_grazing_land,996
2023-24,Ganjam,Buguda,124,Block,Land_under_misc_tree_crop_&_groves_not_included_in_net_area_sown,1149
2023-24,Ganjam,Buguda,124,Block,Cultivable_Waste,1505
2023-24,Ganjam,Buguda,124,Block,Old_Fallows,3091
2023-24,Ganjam,Buguda,124,Block,Current_Fallows,3860
2023-24,Ganjam,Buguda,124,Block,Net_Area_Sown_Irrigated,3286
2023-24,Ganjam,Buguda,124,Block,Net_Area_Sown_Unirrigated,6017
2023-24,Ganjam,Buguda,124,Block,Net_Area_Sown_Total,9303
2023-24,Ganjam,Buguda,124,Block,Total_Area_under_Survey,25605
2023-24,Ganjam,Jagannathprasad,125,Block,Forest,4023
2023-24,Ganjam,Jagannathprasad,125,Block,Land_put_to_Non_Agricultural_use,3392
2023-24,Ganjam,Jagannathprasad,125,Block,Barren_&_Non_Cultivable_land,3540
2023-24,Ganjam,Jagannathprasad,125,Block,Permanent_Pastures_&_other_grazing_land,2320
2023-24,Ganjam,Jagannathprasad,125,Block,Land_under_misc_tree_crop_&_groves_not_included_in_net_area_sown,1662
2023-24,Ganjam,Jagannathprasad,125,Block,Cultivable_Waste,2536
2023-24,Ganjam,Jagannathprasad,125,Block,Old_Fallows,2187
2023-24,Ganjam,Jagannathprasad,125,Block,Current_Fallows,2190
2023-24,Ganjam,Jagannathprasad,125,Block,Net_Area_Sown_Irrigated,6886
2023-24,Ganjam,Jagannathprasad,125,Block,Net_Area_Sown_Unirrigated,14530
2023-24,Ganjam,Jagannathprasad,125,Block,Net_Area_Sown_Total,21416
2023-24,Ganjam,Jagannathprasad,125,Block,Total_Area_under_Survey,43266
2023-24,Ganjam,URBAN,,Urban,Forest,1321
2023-24,Ganjam,URBAN,,Urban,Land_put_to_Non_Agricultural_use,2335
2023-24,Ganjam,URBAN,,Urban,Barren_&_Non_Cultivable_land,2554
2023-24,Ganjam,URBAN,,Urban,Permanent_Pastures_&_other_grazing_land,495
2023-24,Ganjam,URBAN,,Urban,Land_under_misc_tree_crop_&_groves_not_included_in_net_area_sown,497
2023-24,Ganjam,URBAN,,Urban,Cultivable_Waste,706
2023-24,Ganjam,URBAN,,Urban,Old_Fallows,992
2023-24,Ganjam,URBAN,,Urban,Current_Fallows,1386
2023-24,Ganjam,URBAN,,Urban,Net_Area_Sown_Irrigated,4723
2023-24,Ganjam,URBAN,,Urban,Net_Area_Sown_Unirrigated,2405
2023-24,Ganjam,URBAN,,Urban,Net_Area_Sown_Total,7128
2023-24,Ganjam,URBAN,,Urban,Total_Area_under_Survey,17414
2023-24,Jagatsinghpur,Biridi,49,Block,Forest,0
2023-24,Jagatsinghpur,Biridi,49,Block,Land_put_to_Non_Agricultural_use,2934
2023-24,Jagatsinghpur,Biridi,49,Block,Barren_&_Non_Cultivable_land,0
2023-24,Jagatsinghpur,Biridi,49,Block,Permanent_Pastures_&_other_grazing_land,448
2023-24,Jagatsinghpur,Biridi,49,Block,Land_under_misc_tree_crop_&_groves_not_included_in_net_area_sown,370
2023-24,Jagatsinghpur,Biridi,49,Block,Cultivable_Waste,203
2023-24,Jagatsinghpur,Biridi,49,Block,Old_Fallows,379
2023-24,Jagatsinghpur,Biridi,49,Block,Current_Fallows,594
2023-24,Jagatsinghpur,Biridi,49,Block,Net_Area_Sown_Irrigated,5655
2023-24,Jagatsinghpur,Biridi,49,Block,Net_Area_Sown_Unirrigated,235
2023-24,Jagatsinghpur,Biridi,49,Block,Net_Area_Sown_Total,5890
2023-24,Jagatsinghpur,Biridi,49,Block,Total_Area_under_Survey,10818
2023-24,Jagatsinghpur,Raghunathpur,62,Block,Forest,1074
2023-24,Jagatsinghpur,Raghunathpur,62,Block,Land_put_to_Non_Agricultural_use,2624
2023-24,Jagatsinghpur,Raghunathpur,62,Block,Barren_&_Non_Cultivable_land,0
2023-24,Jagatsinghpur,Raghunathpur,62,Block,Permanent_Pastures_&_other_grazing_land,463
2023-24,Jagatsinghpur,Raghunathpur,62,Block,Land_under_misc_tree_crop_&_groves_not_included_in_net_area_sown,285
2023-24,Jagatsinghpur,Raghunathpur,62,Block,Cultivable_Waste,132
2023-24,Jagatsinghpur,Raghunathpur,62,Block,Old_Fallows,205
2023-24,Jagatsinghpur,Raghunathpur,62,Block,Current_Fallows,650
2023-24,Jagatsinghpur,Raghunathpur,62,Block,Net_Area_Sown_Irrigated,5740
2023-24,Jagatsinghpur,Raghunathpur,62,Block,Net_Area_Sown_Unirrigated,84
2023-24,Jagatsinghpur,Raghunathpur,62,Block,Net_Area_Sown_Total,5824
2023-24,Jagatsinghpur,Raghunathpur,62,Block,Total_Area_under_Survey,11257
2023-24,Jagatsinghpur,jagatsinghpur,63,Block,Forest,0
2023-24,Jagatsinghpur,jagatsinghpur,63,Block,Land_put_to_Non_Agricultural_use,3832
2023-24,Jagatsinghpur,jagatsinghpur,63,Block,Barren_&_Non_Cultivable_land,0
2023-24,Jagatsinghpur,jagatsinghpur,63,Block,Permanent_Pastures_&_other_grazing_land,534
2023-24,Jagatsinghpur,jagatsinghpur,63,Block,Land_under_misc_tree_crop_&_groves_not_included_in_net_area_sown,483
2023-24,Jagatsinghpur,jagatsinghpur,63,Block,Cultivable_Waste,443
2023-24,Jagatsinghpur,jagatsinghpur,63,Block,Old_Fallows,702
2023-24,Jagatsinghpur,jagatsinghpur,63,Block,Current_Fallows,1172
2023-24,Jagatsinghpur,jagatsinghpur,63,Block,Net_Area_Sown_Irrigated,9483
2023-24,Jagatsinghpur,jagatsinghpur,63,Block,Net_Area_Sown_Unirrigated,159
2023-24,Jagatsinghpur,jagatsinghpur,63,Block,Net_Area_Sown_Total,9642
2023-24,Jagatsinghpur,jagatsinghpur,63,Block,Total_Area_under_Survey,16808
2023-24,Jagatsinghpur,Naugaon,65,Block,Forest,0
2023-24,Jagatsinghpur,Naugaon,65,Block,Land_put_to_Non_Agricultural_use,3352
2023-24,Jagatsinghpur,Naugaon,65,Block,Barren_&_Non_Cultivable_land,0
2023-24,Jagatsinghpur,Naugaon,65,Block,Permanent_Pastures_&_other_grazing_land,434
2023-24,Jagatsinghpur,Naugaon,65,Block,Land_under_misc_tree_crop_&_groves_not_included_in_net_area_sown,85
2023-24,Jagatsinghpur,Naugaon,65,Block,Cultivable_Waste,299
2023-24,Jagatsinghpur,Naugaon,65,Block,Old_Fallows,395
2023-24,Jagatsinghpur,Naugaon,65,Block,Current_Fallows,644
2023-24,Jagatsinghpur,Naugaon,65,Block,Net_Area_Sown_Irrigated,1736
2023-24,Jagatsinghpur,Naugaon,65,Block,Net_Area_Sown_Unirrigated,5203
2023-24,Jagatsinghpur,Naugaon,65,Block,Net_Area_Sown_Total,6939
2023-24,Jagatsinghpur,Naugaon,65,Block,Total_Area_under_Survey,12148
2023-24,Jagatsinghpur,Balikuda,66,Block,Forest,835
2023-24,Jagatsinghpur,Balikuda,66,Block,Land_put_to_Non_Agricultural_use,9675
2023-24,Jagatsinghpur,Balikuda,66,Block,Barren_&_Non_Cultivable_land,0
2023-24,Jagatsinghpur,Balikuda,66,Block,Permanent_Pastures_&_other_grazing_land,1572
2023-24,Jagatsinghpur,Balikuda,66,Block,Land_under_misc_tree_crop_&_groves_not_included_in_net_area_sown,384
2023-24,Jagatsinghpur,Balikuda,66,Block,Cultivable_Waste,1916
2023-24,Jagatsinghpur,Balikuda,66,Block,Old_Fallows,1456
2023-24,Jagatsinghpur,Balikuda,66,Block,Current_Fallows,1282
2023-24,Jagatsinghpur,Balikuda,66,Block,Net_Area_Sown_Irrigated,9278
2023-24,Jagatsinghpur,Balikuda,66,Block,Net_Area_Sown_Unirrigated,3537
2023-24,Jagatsinghpur,Balikuda,66,Block,Net_Area_Sown_Total,12815
2023-24,Jagatsinghpur,Balikuda,66,Block,Total_Area_under_Survey,29935
2023-24,Jagatsinghpur,Erasama,67,Block,Forest,1604
2023-24,Jagatsinghpur,Erasama,67,Block,Land_put_to_Non_Agricultural_use,11808
2023-24,Jagatsinghpur,Erasama,67,Block,Barren_&_Non_Cultivable_land,0
2023-24,Jagatsinghpur,Erasama,67,Block,Permanent_Pastures_&_other_grazing_land,1611
2023-24,Jagatsinghpur,Erasama,67,Block,Land_under_misc_tree_crop_&_groves_not_included_in_net_area_sown,397
2023-24,Jagatsinghpur,Erasama,67,Block,Cultivable_Waste,1472
2023-24,Jagatsinghpur,Erasama,67,Block,Old_Fallows,1190
2023-24,Jagatsinghpur,Erasama,67,Block,Current_Fallows,2475
2023-24,Jagatsinghpur,Erasama,67,Block,Net_Area_Sown_Irrigated,2163
2023-24,Jagatsinghpur,Erasama,67,Block,Net_Area_Sown_Unirrigated,15776
2023-24,Jagatsinghpur,Erasama,67,Block,Net_Area_Sown_Total,17939
2023-24,Jagatsinghpur,Erasama,67,Block,Total_Area_under_Survey,38496
2023-24,Jagatsinghpur,Tirtol,68,Block,Forest,122
2023-24,Jagatsinghpur,Tirtol,68,Block,Land_put_to_Non_Agricultural_use,5837
2023-24,Jagatsinghpur,Tirtol,68,Block,Barren_&_Non_Cultivable_land,0
2023-24,Jagatsinghpur,Tirtol,68,Block,Permanent_Pastures_&_other_grazing_land,1052
2023-24,Jagatsinghpur,Tirtol,68,Block,Land_under_misc_tree_crop_&_groves_not_included_in_net_area_sown,620
2023-24,Jagatsinghpur,Tirtol,68,Block,Cultivable_Waste,959
2023-24,Jagatsinghpur,Tirtol,68,Block,Old_Fallows,653
2023-24,Jagatsinghpur,Tirtol,68,Block,Current_Fallows,762
2023-24,Jagatsinghpur,Tirtol,68,Block,Net_Area_Sown_Irrigated,10577
2023-24,Jagatsinghpur,Tirtol,68,Block,Net_Area_Sown_Unirrigated,2219
2023-24,Jagatsinghpur,Tirtol,68,Block,Net_Area_Sown_Total,12796
2023-24,Jagatsinghpur,Tirtol,68,Block,Total_Area_under_Survey,22801
2023-24,Jagatsinghpur,Kujanga,77,Block,Forest,0
2023-24,Jagatsinghpur,Kujanga,77,Block,Land_put_to_Non_Agricultural_use,8478
2023-24,Jagatsinghpur,Kujanga,77,Block,Barren_&_Non_Cultivable_land,0
2023-24,Jagatsinghpur,Kujanga,77,Block,Permanent_Pastures_&_other_grazing_land,1083
2023-24,Jagatsinghpur,Kujanga,77,Block,Land_under_misc_tree_crop_&_groves_not_included_in_net_area_sown,192
2023-24,Jagatsinghpur,Kujanga,77,Block,Cultivable_Waste,4394
2023-24,Jagatsinghpur,Kujanga,77,Block,Old_Fallows,196
2023-24,Jagatsinghpur,Kujanga,77,Block,Current_Fallows,158
2023-24,Jagatsinghpur,Kujanga,77,Block,Net_Area_Sown_Irrigated,8352
2023-24,Jagatsinghpur,Kujanga,77,Block,Net_Area_Sown_Unirrigated,503
2023-24,Jagatsinghpur,Kujanga,77,Block,Net_Area_Sown_Total,8855
2023-24,Jagatsinghpur,Kujanga,77,Block,Total_Area_under_Survey,23356
2023-24,Jagatsinghpur,URBAN,,Urban,Forest,246
2023-24,Jagatsinghpur,URBAN,,Urban,Land_put_to_Non_Agricultural_use,3282
2023-24,Jagatsinghpur,URBAN,,Urban,Barren_&_Non_Cultivable_land,0
2023-24,Jagatsinghpur,URBAN,,Urban,Permanent_Pastures_&_other_grazing_land,487
2023-24,Jagatsinghpur,URBAN,,Urban,Land_under_misc_tree_crop_&_groves_not_included_in_net_area_sown,190
2023-24,Jagatsinghpur,URBAN,,Urban,Cultivable_Waste,664
2023-24,Jagatsinghpur,URBAN,,Urban,Old_Fallows,350
2023-24,Jagatsinghpur,URBAN,,Urban,Current_Fallows,523
2023-24,Jagatsinghpur,URBAN,,Urban,Net_Area_Sown_Irrigated,591
2023-24,Jagatsinghpur,URBAN,,Urban,Net_Area_Sown_Unirrigated,305
2023-24,Jagatsinghpur,URBAN,,Urban,Net_Area_Sown_Total,896
2023-24,Jagatsinghpur,URBAN,,Urban,Total_Area_under_Survey,6638
2023-24,Jajpur,Badachana,52,Block,Forest,2174
2023-24,Jajpur,Badachana,52,Block,Land_put_to_Non_Agricultural_use,7471
2023-24,Jajpur,Badachana,52,Block,Barren_&_Non_Cultivable_land,35
2023-24,Jajpur,Badachana,52,Block,Permanent_Pastures_&_other_grazing_land,1924
2023-24,Jajpur,Badachana,52,Block,Land_under_misc_tree_crop_&_groves_not_included_in_net_area_sown,345
2023-24,Jajpur,Badachana,52,Block,Cultivable_Waste,1997
2023-24,Jajpur,Badachana,52,Block,Old_Fallows,1542
2023-24,Jajpur,Badachana,52,Block,Current_Fallows,1290
2023-24,Jajpur,Badachana,52,Block,Net_Area_Sown_Irrigated,7566
2023-24,Jajpur,Badachana,52,Block,Net_Area_Sown_Unirrigated,13649
2023-24,Jajpur,Badachana,52,Block,Net_Area_Sown_Total,21215
2023-24,Jajpur,Badachana,52,Block,Total_Area_under_Survey,37993
2023-24,Jajpur,Dharmasala,53,Block,Forest,867
2023-24,Jajpur,Dharmasala,53,Block,Land_put_to_Non_Agricultural_use,5284
2023-24,Jajpur,Dharmasala,53,Block,Barren_&_Non_Cultivable_land,4128
2023-24,Jajpur,Dharmasala,53,Block,Permanent_Pastures_&_other_grazing_land,1019
2023-24,Jajpur,Dharmasala,53,Block,Land_under_misc_tree_crop_&_groves_not_included_in_net_area_sown,949
2023-24,Jajpur,Dharmasala,53,Block,Cultivable_Waste,482
2023-24,Jajpur,Dharmasala,53,Block,Old_Fallows,860
2023-24,Jajpur,Dharmasala,53,Block,Current_Fallows,1840
2023-24,Jajpur,Dharmasala,53,Block,Net_Area_Sown_Irrigated,3473
2023-24,Jajpur,Dharmasala,53,Block,Net_Area_Sown_Unirrigated,12844
2023-24,Jajpur,Dharmasala,53,Block,Net_Area_Sown_Total,16317
2023-24,Jajpur,Dharmasala,53,Block,Total_Area_under_Survey,31746
2023-24,Jajpur,Sukinda,54,Block,Forest,6356
2023-24,Jajpur,Sukinda,54,Block,Land_put_to_Non_Agricultural_use,7572
2023-24,Jajpur,Sukinda,54,Block,Barren_&_Non_Cultivable_land,2950
2023-24,Jajpur,Sukinda,54,Block,Permanent_Pastures_&_other_grazing_land,1440
2023-24,Jajpur,Sukinda,54,Block,Land_under_misc_tree_crop_&_groves_not_included_in_net_area_sown,537
2023-24,Jajpur,Sukinda,54,Block,Cultivable_Waste,3509
2023-24,Jajpur,Sukinda,54,Block,Old_Fallows,2223
2023-24,Jajpur,Sukinda,54,Block,Current_Fallows,2071
2023-24,Jajpur,Sukinda,54,Block,Net_Area_Sown_Irrigated,51
2023-24,Jajpur,Sukinda,54,Block,Net_Area_Sown_Unirrigated,11230
2023-24,Jajpur,Sukinda,54,Block,Net_Area_Sown_Total,11281
2023-24,Jajpur,Sukinda,54,Block,Total_Area_under_Survey,37939
2023-24,Jajpur,Danagadi,55,Block,Forest,3176
2023-24,Jajpur,Danagadi,55,Block,Land_put_to_Non_Agricultural_use,3463
2023-24,Jajpur,Danagadi,55,Block,Barren_&_Non_Cultivable_land,84
2023-24,Jajpur,Danagadi,55,Block,Permanent_Pastures_&_other_grazing_land,1243
2023-24,Jajpur,Danagadi,55,Block,Land_under_misc_tree_crop_&_groves_not_included_in_net_area_sown,320
2023-24,Jajpur,Danagadi,55,Block,Cultivable_Waste,1121
2023-24,Jajpur,Danagadi,55,Block,Old_Fallows,2110
2023-24,Jajpur,Danagadi,55,Block,Current_Fallows,1873
2023-24,Jajpur,Danagadi,55,Block,Net_Area_Sown_Irrigated,86
2023-24,Jajpur,Danagadi,55,Block,Net_Area_Sown_Unirrigated,12490
2023-24,Jajpur,Danagadi,55,Block,Net_Area_Sown_Total,12576
2023-24,Jajpur,Danagadi,55,Block,Total_Area_under_Survey,25966
2023-24,Jajpur,Korai,56,Block,Forest,209
2023-24,Jajpur,Korai,56,Block,Land_put_to_Non_Agricultural_use,4738
2023-24,Jajpur,Korai,56,Block,Barren_&_Non_Cultivable_land,14
2023-24,Jajpur,Korai,56,Block,Permanent_Pastures_&_other_grazing_land,2527
2023-24,Jajpur,Korai,56,Block,Land_under_misc_tree_crop_&_groves_not_included_in_net_area_sown,253
2023-24,Jajpur,Korai,56,Block,Cultivable_Waste,913
2023-24,Jajpur,Korai,56,Block,Old_Fallows,1310
2023-24,Jajpur,Korai,56,Block,Current_Fallows,2063
2023-24,Jajpur,Korai,56,Block,Net_Area_Sown_Irrigated,781
2023-24,Jajpur,Korai,56,Block,Net_Area_Sown_Unirrigated,19208
2023-24,Jajpur,Korai,56,Block,Net_Area_Sown_Total,19989
2023-24,Jajpur,Korai,56,Block,Total_Area_under_Survey,32016
2023-24,Jajpur,jajpur,57,Block,Forest,41
2023-24,Jajpur,jajpur,57,Block,Land_put_to_Non_Agricultural_use,2571
2023-24,Jajpur,jajpur,57,Block,Barren_&_Non_Cultivable_land,15
2023-24,Jajpur,jajpur,57,Block,Permanent_Pastures_&_other_grazing_land,912
2023-24,Jajpur,jajpur,57,Block,Land_under_misc_tree_crop_&_groves_not_included_in_net_area_sown,373
2023-24,Jajpur,jajpur,57,Block,Cultivable_Waste,351
2023-24,Jajpur,jajpur,57,Block,Old_Fallows,601
2023-24,Jajpur,jajpur,57,Block,Current_Fallows,763
2023-24,Jajpur,jajpur,57,Block,Net_Area_Sown_Irrigated,337
2023-24,Jajpur,jajpur,57,Block,Net_Area_Sown_Unirrigated,13479
2023-24,Jajpur,jajpur,57,Block,Net_Area_Sown_Total,13816
2023-24,Jajpur,jajpur,57,Block,Total_Area_under_Survey,19443
2023-24,Jajpur,Rasulpur,58,Block,Forest,141
2023-24,Jajpur,Rasulpur,58,Block,Land_put_to_Non_Agricultural_use,5227
2023-24,Jajpur,Rasulpur,58,Block,Barren_&_Non_Cultivable_land,14
2023-24,Jajpur,Rasulpur,58,Block,Permanent_Pastures_&_other_grazing_land,895
2023-24,Jajpur,Rasulpur,58,Block,Land_under_misc_tree_crop_&_groves_not_included_in_net_area_sown,399
2023-24,Jajpur,Rasulpur,58,Block,Cultivable_Waste,413
2023-24,Jajpur,Rasulpur,58,Block,Old_Fallows,782
2023-24,Jajpur,Rasulpur,58,Block,Current_Fallows,818
2023-24,Jajpur,Rasulpur,58,Block,Net_Area_Sown_Irrigated,487
2023-24,Jajpur,Rasulpur,58,Block,Net_Area_Sown_Unirrigated,7121
2023-24,Jajpur,Rasulpur,58,Block,Net_Area_Sown_Total,7608
2023-24,Jajpur,Rasulpur,58,Block,Total_Area_under_Survey,16297
2023-24,Jajpur,Bari,59,Block,Forest,81
2023-24,Jajpur,Bari,59,Block,Land_put_to_Non_Agricultural_use,4505
2023-24,Jajpur,Bari,59,Block,Barren_&_Non_Cultivable_land,0
2023-24,Jajpur,Bari,59,Block,Permanent_Pastures_&_other_grazing_land,563
2023-24,Jajpur,Bari,59,Block,Land_under_misc_tree_crop_&_groves_not_included_in_net_area_sown,310
2023-24,Jajpur,Bari,59,Block,Cultivable_Waste,82
2023-24,Jajpur,Bari,59,Block,Old_Fallows,300
2023-24,Jajpur,Bari,59,Block,Current_Fallows,411
2023-24,Jajpur,Bari,59,Block,Net_Area_Sown_Irrigated,860
2023-24,Jajpur,Bari,59,Block,Net_Area_Sown_Unirrigated,10232
2023-24,Jajpur,Bari,59,Block,Net_Area_Sown_Total,11092
2023-24,Jajpur,Bari,59,Block,Total_Area_under_Survey,17344
2023-24,Jajpur,Binjharpur,72,Block,Forest,0
2023-24,Jajpur,Binjharpur,72,Block,Land_put_to_Non_Agricultural_use,2629
2023-24,Jajpur,Binjharpur,72,Block,Barren_&_Non_Cultivable_land,0
2023-24,Jajpur,Binjharpur,72,Block,Permanent_Pastures_&_other_grazing_land,691
2023-24,Jajpur,Binjharpur,72,Block,Land_under_misc_tree_crop_&_groves_not_included_in_net_area_sown,798
2023-24,Jajpur,Binjharpur,72,Block,Cultivable_Waste,527
2023-24,Jajpur,Binjharpur,72,Block,Old_Fallows,578
2023-24,Jajpur,Binjharpur,72,Block,Current_Fallows,800
2023-24,Jajpur,Binjharpur,72,Block,Net_Area_Sown_Irrigated,233
2023-24,Jajpur,Binjharpur,72,Block,Net_Area_Sown_Unirrigated,13033
2023-24,Jajpur,Binjharpur,72,Block,Net_Area_Sown_Total,13266
2023-24,Jajpur,Binjharpur,72,Block,Total_Area_under_Survey,19289
2023-24,Jajpur,Dasarathpur,73,Block,Forest,0
2023-24,Jajpur,Dasarathpur,73,Block,Land_put_to_Non_Agricultural_use,5226
2023-24,Jajpur,Dasarathpur,73,Block,Barren_&_Non_Cultivable_land,1274
2023-24,Jajpur,Dasarathpur,73,Block,Permanent_Pastures_&_other_grazing_land,1200
2023-24,Jajpur,Dasarathpur,73,Block,Land_under_misc_tree_crop_&_groves_not_included_in_net_area_sown,135
2023-24,Jajpur,Dasarathpur,73,Block,Cultivable_Waste,1445
2023-24,Jajpur,Dasarathpur,73,Block,Old_Fallows,656
2023-24,Jajpur,Dasarathpur,73,Block,Current_Fallows,774
2023-24,Jajpur,Dasarathpur,73,Block,Net_Area_Sown_Irrigated,11119
2023-24,Jajpur,Dasarathpur,73,Block,Net_Area_Sown_Unirrigated,2117
2023-24,Jajpur,Dasarathpur,73,Block,Net_Area_Sown_Total,13236
2023-24,Jajpur,Dasarathpur,73,Block,Total_Area_under_Survey,23946
2023-24,Jajpur,URBAN,,Urban,Forest,309
2023-24,Jajpur,URBAN,,Urban,Land_put_to_Non_Agricultural_use,1151
2023-24,Jajpur,URBAN,,Urban,Barren_&_Non_Cultivable_land,201
2023-24,Jajpur,URBAN,,Urban,Permanent_Pastures_&_other_grazing_land,294
2023-24,Jajpur,URBAN,,Urban,Land_under_misc_tree_crop_&_groves_not_included_in_net_area_sown,106
2023-24,Jajpur,URBAN,,Urban,Cultivable_Waste,256
2023-24,Jajpur,URBAN,,Urban,Old_Fallows,259
2023-24,Jajpur,URBAN,,Urban,Current_Fallows,300
2023-24,Jajpur,URBAN,,Urban,Net_Area_Sown_Irrigated,176
2023-24,Jajpur,URBAN,,Urban,Net_Area_Sown_Unirrigated,775
2023-24,Jajpur,URBAN,,Urban,Net_Area_Sown_Total,951
2023-24,Jajpur,URBAN,,Urban,Total_Area_under_Survey,3827
2023-24,Jharsuguda,Lakhanpur,285,Block,Forest,7619
2023-24,Jharsuguda,Lakhanpur,285,Block,Land_put_to_Non_Agricultural_use,17329
2023-24,Jharsuguda,Lakhanpur,285,Block,Barren_&_Non_Cultivable_land,3712
2023-24,Jharsuguda,Lakhanpur,285,Block,Permanent_Pastures_&_other_grazing_land,3529
2023-24,Jharsuguda,Lakhanpur,285,Block,Land_under_misc_tree_crop_&_groves_not_included_in_net_area_sown,297
2023-24,Jharsuguda,Lakhanpur,285,Block,Cultivable_Waste,2952
2023-24,Jharsuguda,Lakhanpur,285,Block,Old_Fallows,4436
2023-24,Jharsuguda,Lakhanpur,285,Block,Current_Fallows,4807
2023-24,Jharsuguda,Lakhanpur,285,Block,Net_Area_Sown_Irrigated,2611
2023-24,Jharsuguda,Lakhanpur,285,Block,Net_Area_Sown_Unirrigated,11353
2023-24,Jharsuguda,Lakhanpur,285,Block,Net_Area_Sown_Total,13964
2023-24,Jharsuguda,Lakhanpur,285,Block,Total_Area_under_Survey,58645
2023-24,Jharsuguda,Jharsuguda,286,Block,Forest,3900
2023-24,Jharsuguda,Jharsuguda,286,Block,Land_put_to_Non_Agricultural_use,4774
2023-24,Jharsuguda,Jharsuguda,286,Block,Barren_&_Non_Cultivable_land,333
2023-24,Jharsuguda,Jharsuguda,286,Block,Permanent_Pastures_&_other_grazing_land,2827
2023-24,Jharsuguda,Jharsuguda,286,Block,Land_under_misc_tree_crop_&_groves_not_included_in_net_area_sown,315
2023-24,Jharsuguda,Jharsuguda,286,Block,Cultivable_Waste,3834
2023-24,Jharsuguda,Jharsuguda,286,Block,Old_Fallows,5100
2023-24,Jharsuguda,Jharsuguda,286,Block,Current_Fallows,2468
2023-24,Jharsuguda,Jharsuguda,286,Block,Net_Area_Sown_Irrigated,565
2023-24,Jharsuguda,Jharsuguda,286,Block,Net_Area_Sown_Unirrigated,3504
2023-24,Jharsuguda,Jharsuguda,286,Block,Net_Area_Sown_Total,4069
2023-24,Jharsuguda,Jharsuguda,286,Block,Total_Area_under_Survey,27620
2023-24,Jharsuguda,Kulabira,287,Block,Forest,1444
2023-24,Jharsuguda,Kulabira,287,Block,Land_put_to_Non_Agricultural_use,2292
2023-24,Jharsuguda,Kulabira,287,Block,Barren_&_Non_Cultivable_land,728
2023-24,Jharsuguda,Kulabira,287,Block,Permanent_Pastures_&_other_grazing_land,3665
2023-24,Jharsuguda,Kulabira,287,Block,Land_under_misc_tree_crop_&_groves_not_included_in_net_area_sown,133
2023-24,Jharsuguda,Kulabira,287,Block,Cultivable_Waste,2365
2023-24,Jharsuguda,Kulabira,287,Block,Old_Fallows,3357
2023-24,Jharsuguda,Kulabira,287,Block,Current_Fallows,3895
2023-24,Jharsuguda,Kulabira,287,Block,Net_Area_Sown_Irrigated,288
2023-24,Jharsuguda,Kulabira,287,Block,Net_Area_Sown_Unirrigated,5051
2023-24,Jharsuguda,Kulabira,287,Block,Net_Area_Sown_Total,5339
2023-24,Jharsuguda,Kulabira,287,Block,Total_Area_under_Survey,23218
2023-24,Jharsuguda,Laikera,288,Block,Forest,4747
2023-24,Jharsuguda,Laikera,288,Block,Land_put_to_Non_Agricultural_use,2653
2023-24,Jharsuguda,Laikera,288,Block,Barren_&_Non_Cultivable_land,39
2023-24,Jharsuguda,Laikera,288,Block,Permanent_Pastures_&_other_grazing_land,926
2023-24,Jharsuguda,Laikera,288,Block,Land_under_misc_tree_crop_&_groves_not_included_in_net_area_sown,97
2023-24,Jharsuguda,Laikera,288,Block,Cultivable_Waste,1293
2023-24,Jharsuguda,Laikera,288,Block,Old_Fallows,3226
2023-24,Jharsuguda,Laikera,288,Block,Current_Fallows,4666
2023-24,Jharsuguda,Laikera,288,Block,Net_Area_Sown_Irrigated,292
2023-24,Jharsuguda,Laikera,288,Block,Net_Area_Sown_Unirrigated,8290
2023-24,Jharsuguda,Laikera,288,Block,Net_Area_Sown_Total,8582
2023-24,Jharsuguda,Laikera,288,Block,Total_Area_under_Survey,26229
2023-24,Jharsuguda,Kirimira,289,Block,Forest,2539
2023-24,Jharsuguda,Kirimira,289,Block,Land_put_to_Non_Agricultural_use,2124
2023-24,Jharsuguda,Kirimira,289,Block,Barren_&_Non_Cultivable_land,61
2023-24,Jharsuguda,Kirimira,289,Block,Permanent_Pastures_&_other_grazing_land,758
2023-24,Jharsuguda,Kirimira,289,Block,Land_under_misc_tree_crop_&_groves_not_included_in_net_area_sown,130
2023-24,Jharsuguda,Kirimira,289,Block,Cultivable_Waste,1676
2023-24,Jharsuguda,Kirimira,289,Block,Old_Fallows,2760
2023-24,Jharsuguda,Kirimira,289,Block,Current_Fallows,3609
2023-24,Jharsuguda,Kirimira,289,Block,Net_Area_Sown_Irrigated,178
2023-24,Jharsuguda,Kirimira,289,Block,Net_Area_Sown_Unirrigated,5449
2023-24,Jharsuguda,Kirimira,289,Block,Net_Area_Sown_Total,5627
2023-24,Jharsuguda,Kirimira,289,Block,Total_Area_under_Survey,19284
2023-24,Jharsuguda,URBAN,,Urban,Forest,2336
2023-24,Jharsuguda,URBAN,,Urban,Land_put_to_Non_Agricultural_use,3365
2023-24,Jharsuguda,URBAN,,Urban,Barren_&_Non_Cultivable_land,562
2023-24,Jharsuguda,URBAN,,Urban,Permanent_Pastures_&_other_grazing_land,1350
2023-24,Jharsuguda,URBAN,,Urban,Land_under_misc_tree_crop_&_groves_not_included_in_net_area_sown,113
2023-24,Jharsuguda,URBAN,,Urban,Cultivable_Waste,1398
2023-24,Jharsuguda,URBAN,,Urban,Old_Fallows,2178
2023-24,Jharsuguda,URBAN,,Urban,Current_Fallows,2243
2023-24,Jharsuguda,URBAN,,Urban,Net_Area_Sown_Irrigated,19
2023-24,Jharsuguda,URBAN,,Urban,Net_Area_Sown_Unirrigated,1297
2023-24,Jharsuguda,URBAN,,Urban,Net_Area_Sown_Total,1316
2023-24,Jharsuguda,URBAN,,Urban,Total_Area_under_Survey,14861
2023-24,Kalahandi,Kokasara,126,Block,Forest,728
2023-24,Kalahandi,Kokasara,126,Block,Land_put_to_Non_Agricultural_use,5811
2023-24,Kalahandi,Kokasara,126,Block,Barren_&_Non_Cultivable_land,1218
2023-24,Kalahandi,Kokasara,126,Block,Permanent_Pastures_&_other_grazing_land,1617
2023-24,Kalahandi,Kokasara,126,Block,Land_under_misc_tree_crop_&_groves_not_included_in_net_area_sown,83
2023-24,Kalahandi,Kokasara,126,Block,Cultivable_Waste,961
2023-24,Kalahandi,Kokasara,126,Block,Old_Fallows,2069
2023-24,Kalahandi,Kokasara,126,Block,Current_Fallows,3044
2023-24,Kalahandi,Kokasara,126,Block,Net_Area_Sown_Irrigated,17276
2023-24,Kalahandi,Kokasara,126,Block,Net_Area_Sown_Unirrigated,2797
2023-24,Kalahandi,Kokasara,126,Block,Net_Area_Sown_Total,20073
2023-24,Kalahandi,Kokasara,126,Block,Total_Area_under_Survey,35604
2023-24,Kalahandi,Jayapatna,127,Block,Forest,1037
2023-24,Kalahandi,Jayapatna,127,Block,Land_put_to_Non_Agricultural_use,5032
2023-24,Kalahandi,Jayapatna,127,Block,Barren_&_Non_Cultivable_land,1543
2023-24,Kalahandi,Jayapatna,127,Block,Permanent_Pastures_&_other_grazing_land,1605
2023-24,Kalahandi,Jayapatna,127,Block,Land_under_misc_tree_crop_&_groves_not_included_in_net_area_sown,259
2023-24,Kalahandi,Jayapatna,127,Block,Cultivable_Waste,1131
2023-24,Kalahandi,Jayapatna,127,Block,Old_Fallows,1818
2023-24,Kalahandi,Jayapatna,127,Block,Current_Fallows,2466
2023-24,Kalahandi,Jayapatna,127,Block,Net_Area_Sown_Irrigated,24451
2023-24,Kalahandi,Jayapatna,127,Block,Net_Area_Sown_Unirrigated,897
2023-24,Kalahandi,Jayapatna,127,Block,Net_Area_Sown_Total,25348
2023-24,Kalahandi,Jayapatna,127,Block,Total_Area_under_Survey,40239
2023-24,Kalahandi,Kalampur,128,Block,Forest,47
2023-24,Kalahandi,Kalampur,128,Block,Land_put_to_Non_Agricultural_use,1700
2023-24,Kalahandi,Kalampur,128,Block,Barren_&_Non_Cultivable_land,62
2023-24,Kalahandi,Kalampur,128,Block,Permanent_Pastures_&_other_grazing_land,488
2023-24,Kalahandi,Kalampur,128,Block,Land_under_misc_tree_crop_&_groves_not_included_in_net_area_sown,20
2023-24,Kalahandi,Kalampur,128,Block,Cultivable_Waste,390
2023-24,Kalahandi,Kalampur,128,Block,Old_Fallows,567
2023-24,Kalahandi,Kalampur,128,Block,Current_Fallows,617
2023-24,Kalahandi,Kalampur,128,Block,Net_Area_Sown_Irrigated,10684
2023-24,Kalahandi,Kalampur,128,Block,Net_Area_Sown_Unirrigated,304
2023-24,Kalahandi,Kalampur,128,Block,Net_Area_Sown_Total,10988
2023-24,Kalahandi,Kalampur,128,Block,Total_Area_under_Survey,14879
2023-24,Kalahandi,Thuamul-Rampur,129,Block,Forest,49265
2023-24,Kalahandi,Thuamul-Rampur,129,Block,Land_put_to_Non_Agricultural_use,9818
2023-24,Kalahandi,Thuamul-Rampur,129,Block,Barren_&_Non_Cultivable_land,875
2023-24,Kalahandi,Thuamul-Rampur,129,Block,Permanent_Pastures_&_other_grazing_land,1232
2023-24,Kalahandi,Thuamul-Rampur,129,Block,Land_under_misc_tree_crop_&_groves_not_included_in_net_area_sown,79
2023-24,Kalahandi,Thuamul-Rampur,129,Block,Cultivable_Waste,3853
2023-24,Kalahandi,Thuamul-Rampur,129,Block,Old_Fallows,4483
2023-24,Kalahandi,Thuamul-Rampur,129,Block,Current_Fallows,3803
2023-24,Kalahandi,Thuamul-Rampur,129,Block,Net_Area_Sown_Irrigated,197
2023-24,Kalahandi,Thuamul-Rampur,129,Block,Net_Area_Sown_Unirrigated,5035
2023-24,Kalahandi,Thuamul-Rampur,129,Block,Net_Area_Sown_Total,5232
2023-24,Kalahandi,Thuamul-Rampur,129,Block,Total_Area_under_Survey,78640
2023-24,Kalahandi,Lanjigarh,130,Block,Forest,26165
2023-24,Kalahandi,Lanjigarh,130,Block,Land_put_to_Non_Agricultural_use,4703
2023-24,Kalahandi,Lanjigarh,130,Block,Barren_&_Non_Cultivable_land,3796
2023-24,Kalahandi,Lanjigarh,130,Block,Permanent_Pastures_&_other_grazing_land,2436
2023-24,Kalahandi,Lanjigarh,130,Block,Land_under_misc_tree_crop_&_groves_not_included_in_net_area_sown,492
2023-24,Kalahandi,Lanjigarh,130,Block,Cultivable_Waste,2984
2023-24,Kalahandi,Lanjigarh,130,Block,Old_Fallows,7740
2023-24,Kalahandi,Lanjigarh,130,Block,Current_Fallows,3429
2023-24,Kalahandi,Lanjigarh,130,Block,Net_Area_Sown_Irrigated,146
2023-24,Kalahandi,Lanjigarh,130,Block,Net_Area_Sown_Unirrigated,14832
2023-24,Kalahandi,Lanjigarh,130,Block,Net_Area_Sown_Total,14978
2023-24,Kalahandi,Lanjigarh,130,Block,Total_Area_under_Survey,66723
2023-24,Kalahandi,Narla,131,Block,Forest,1441
2023-24,Kalahandi,Narla,131,Block,Land_put_to_Non_Agricultural_use,5061
2023-24,Kalahandi,Narla,131,Block,Barren_&_Non_Cultivable_land,1660
2023-24,Kalahandi,Narla,131,Block,Permanent_Pastures_&_other_grazing_land,2280
2023-24,Kalahandi,Narla,131,Block,Land_under_misc_tree_crop_&_groves_not_included_in_net_area_sown,477
2023-24,Kalahandi,Narla,131,Block,Cultivable_Waste,1726
2023-24,Kalahandi,Narla,131,Block,Old_Fallows,1184
2023-24,Kalahandi,Narla,131,Block,Current_Fallows,2914
2023-24,Kalahandi,Narla,131,Block,Net_Area_Sown_Irrigated,12279
2023-24,Kalahandi,Narla,131,Block,Net_Area_Sown_Unirrigated,14388
2023-24,Kalahandi,Narla,131,Block,Net_Area_Sown_Total,26667
2023-24,Kalahandi,Narla,131,Block,Total_Area_under_Survey,43410
2023-24,Kalahandi,Madanpur-Rampur,132,Block,Forest,9942
2023-24,Kalahandi,Madanpur-Rampur,132,Block,Land_put_to_Non_Agricultural_use,5051
2023-24,Kalahandi,Madanpur-Rampur,132,Block,Barren_&_Non_Cultivable_land,6574
2023-24,Kalahandi,Madanpur-Rampur,132,Block,Permanent_Pastures_&_other_grazing_land,1496
2023-24,Kalahandi,Madanpur-Rampur,132,Block,Land_under_misc_tree_crop_&_groves_not_included_in_net_area_sown,180
2023-24,Kalahandi,Madanpur-Rampur,132,Block,Cultivable_Waste,1920
2023-24,Kalahandi,Madanpur-Rampur,132,Block,Old_Fallows,3841
2023-24,Kalahandi,Madanpur-Rampur,132,Block,Current_Fallows,4085
2023-24,Kalahandi,Madanpur-Rampur,132,Block,Net_Area_Sown_Irrigated,2327
2023-24,Kalahandi,Madanpur-Rampur,132,Block,Net_Area_Sown_Unirrigated,10051
2023-24,Kalahandi,Madanpur-Rampur,132,Block,Net_Area_Sown_Total,12378
2023-24,Kalahandi,Madanpur-Rampur,132,Block,Total_Area_under_Survey,45467
2023-24,Kalahandi,Karlamunda,133,Block,Forest,209
2023-24,Kalahandi,Karlamunda,133,Block,Land_put_to_Non_Agricultural_use,2665
2023-24,Kalahandi,Karlamunda,133,Block,Barren_&_Non_Cultivable_land,296
2023-24,Kalahandi,Karlamunda,133,Block,Permanent_Pastures_&_other_grazing_land,1247
2023-24,Kalahandi,Karlamunda,133,Block,Land_under_misc_tree_crop_&_groves_not_included_in_net_area_sown,6
2023-24,Kalahandi,Karlamunda,133,Block,Cultivable_Waste,1398
2023-24,Kalahandi,Karlamunda,133,Block,Old_Fallows,2529
2023-24,Kalahandi,Karlamunda,133,Block,Current_Fallows,749
2023-24,Kalahandi,Karlamunda,133,Block,Net_Area_Sown_Irrigated,6453
2023-24,Kalahandi,Karlamunda,133,Block,Net_Area_Sown_Unirrigated,3480
2023-24,Kalahandi,Karlamunda,133,Block,Net_Area_Sown_Total,9933
2023-24,Kalahandi,Karlamunda,133,Block,Total_Area_under_Survey,19032
2023-24,Kalahandi,Kesinga,134,Block,Forest,1469
2023-24,Kalahandi,Kesinga,134,Block,Land_put_to_Non_Agricultural_use,5242
2023-24,Kalahandi,Kesinga,134,Block,Barren_&_Non_Cultivable_land,1107
2023-24,Kalahandi,Kesinga,134,Block,Permanent_Pastures_&_other_grazing_land,1426
2023-24,Kalahandi,Kesinga,134,Block,Land_under_misc_tree_crop_&_groves_not_included_in_net_area_sown,83
2023-24,Kalahandi,Kesinga,134,Block,Cultivable_Waste,2486
2023-24,Kalahandi,Kesinga,134,Block,Old_Fallows,5198
2023-24,Kalahandi,Kesinga,134,Block,Current_Fallows,6446
2023-24,Kalahandi,Kesinga,134,Block,Net_Area_Sown_Irrigated,2031
2023-24,Kalahandi,Kesinga,134,Block,Net_Area_Sown_Unirrigated,12159
2023-24,Kalahandi,Kesinga,134,Block,Net_Area_Sown_Total,14190
2023-24,Kalahandi,Kesinga,134,Block,Total_Area_under_Survey,37647
2023-24,Kalahandi,Bhawanipatna,135,Block,Forest,7730
2023-24,Kalahandi,Bhawanipatna,135,Block,Land_put_to_Non_Agricultural_use,8812
2023-24,Kalahandi,Bhawanipatna,135,Block,Barren_&_Non_Cultivable_land,2623
2023-24,Kalahandi,Bhawanipatna,135,Block,Permanent_Pastures_&_other_grazing_land,2971
2023-24,Kalahandi,Bhawanipatna,135,Block,Land_under_misc_tree_crop_&_groves_not_included_in_net_area_sown,93
2023-24,Kalahandi,Bhawanipatna,135,Block,Cultivable_Waste,2794
2023-24,Kalahandi,Bhawanipatna,135,Block,Old_Fallows,4168
2023-24,Kalahandi,Bhawanipatna,135,Block,Current_Fallows,6412
2023-24,Kalahandi,Bhawanipatna,135,Block,Net_Area_Sown_Irrigated,2637
2023-24,Kalahandi,Bhawanipatna,135,Block,Net_Area_Sown_Unirrigated,29285
2023-24,Kalahandi,Bhawanipatna,135,Block,Net_Area_Sown_Total,31922
2023-24,Kalahandi,Bhawanipatna,135,Block,Total_Area_under_Survey,67525
2023-24,Kalahandi,Junagarh,136,Block,Forest,1417
2023-24,Kalahandi,Junagarh,136,Block,Land_put_to_Non_Agricultural_use,8163
2023-24,Kalahandi,Junagarh,136,Block,Barren_&_Non_Cultivable_land,212
2023-24,Kalahandi,Junagarh,136,Block,Permanent_Pastures_&_other_grazing_land,2336
2023-24,Kalahandi,Junagarh,136,Block,Land_under_misc_tree_crop_&_groves_not_included_in_net_area_sown,125
2023-24,Kalahandi,Junagarh,136,Block,Cultivable_Waste,424
2023-24,Kalahandi,Junagarh,136,Block,Old_Fallows,1976
2023-24,Kalahandi,Junagarh,136,Block,Current_Fallows,3419
2023-24,Kalahandi,Junagarh,136,Block,Net_Area_Sown_Irrigated,27083
2023-24,Kalahandi,Junagarh,136,Block,Net_Area_Sown_Unirrigated,3796
2023-24,Kalahandi,Junagarh,136,Block,Net_Area_Sown_Total,30879
2023-24,Kalahandi,Junagarh,136,Block,Total_Area_under_Survey,48951
2023-24,Kalahandi,Dharamgarh,137,Block,Forest,564
2023-24,Kalahandi,Dharamgarh,137,Block,Land_put_to_Non_Agricultural_use,9375
2023-24,Kalahandi,Dharamgarh,137,Block,Barren_&_Non_Cultivable_land,281
2023-24,Kalahandi,Dharamgarh,137,Block,Permanent_Pastures_&_other_grazing_land,2578
2023-24,Kalahandi,Dharamgarh,137,Block,Land_under_misc_tree_crop_&_groves_not_included_in_net_area_sown,27
2023-24,Kalahandi,Dharamgarh,137,Block,Cultivable_Waste,69
2023-24,Kalahandi,Dharamgarh,137,Block,Old_Fallows,792
2023-24,Kalahandi,Dharamgarh,137,Block,Current_Fallows,970
2023-24,Kalahandi,Dharamgarh,137,Block,Net_Area_Sown_Irrigated,14309
2023-24,Kalahandi,Dharamgarh,137,Block,Net_Area_Sown_Unirrigated,6081
2023-24,Kalahandi,Dharamgarh,137,Block,Net_Area_Sown_Total,20390
2023-24,Kalahandi,Dharamgarh,137,Block,Total_Area_under_Survey,35046
2023-24,Kalahandi,Golamunda,138,Block,Forest,1793
2023-24,Kalahandi,Golamunda,138,Block,Land_put_to_Non_Agricultural_use,5854
2023-24,Kalahandi,Golamunda,138,Block,Barren_&_Non_Cultivable_land,572
2023-24,Kalahandi,Golamunda,138,Block,Permanent_Pastures_&_other_grazing_land,2651
2023-24,Kalahandi,Golamunda,138,Block,Land_under_misc_tree_crop_&_groves_not_included_in_net_area_sown,534
2023-24,Kalahandi,Golamunda,138,Block,Cultivable_Waste,2547
2023-24,Kalahandi,Golamunda,138,Block,Old_Fallows,4062
2023-24,Kalahandi,Golamunda,138,Block,Current_Fallows,6254
2023-24,Kalahandi,Golamunda,138,Block,Net_Area_Sown_Irrigated,635
2023-24,Kalahandi,Golamunda,138,Block,Net_Area_Sown_Unirrigated,18289
2023-24,Kalahandi,Golamunda,138,Block,Net_Area_Sown_Total,18924
2023-24,Kalahandi,Golamunda,138,Block,Total_Area_under_Survey,43191
2023-24,Kalahandi,URBAN,,Urban,Forest,1785
2023-24,Kalahandi,URBAN,,Urban,Land_put_to_Non_Agricultural_use,1356
2023-24,Kalahandi,URBAN,,Urban,Barren_&_Non_Cultivable_land,365
2023-24,Kalahandi,URBAN,,Urban,Permanent_Pastures_&_other_grazing_land,427
2023-24,Kalahandi,URBAN,,Urban,Land_under_misc_tree_crop_&_groves_not_included_in_net_area_sown,44
2023-24,Kalahandi,URBAN,,Urban,Cultivable_Waste,398
2023-24,Kalahandi,URBAN,,Urban,Old_Fallows,709
2023-24,Kalahandi,URBAN,,Urban,Current_Fallows,782
2023-24,Kalahandi,URBAN,,Urban,Net_Area_Sown_Irrigated,412
2023-24,Kalahandi,URBAN,,Urban,Net_Area_Sown_Unirrigated,361
2023-24,Kalahandi,URBAN,,Urban,Net_Area_Sown_Total,773
2023-24,Kalahandi,URBAN,,Urban,Total_Area_under_Survey,6639
2023-24,Kandhamal,Tumudibanda,225,Block,Forest,12770
2023-24,Kandhamal,Tumudibanda,225,Block,Land_put_to_Non_Agricultural_use,1336
2023-24,Kandhamal,Tumudibanda,225,Block,Barren_&_Non_Cultivable_land,1089
2023-24,Kandhamal,Tumudibanda,225,Block,Permanent_Pastures_&_other_grazing_land,986
2023-24,Kandhamal,Tumudibanda,225,Block,Land_under_misc_tree_crop_&_groves_not_included_in_net_area_sown,42
2023-24,Kandhamal,Tumudibanda,225,Block,Cultivable_Waste,376
2023-24,Kandhamal,Tumudibanda,225,Block,Old_Fallows,2871
2023-24,Kandhamal,Tumudibanda,225,Block,Current_Fallows,3282
2023-24,Kandhamal,Tumudibanda,225,Block,Net_Area_Sown_Irrigated,378
2023-24,Kandhamal,Tumudibanda,225,Block,Net_Area_Sown_Unirrigated,2023
2023-24,Kandhamal,Tumudibanda,225,Block,Net_Area_Sown_Total,2401
2023-24,Kandhamal,Tumudibanda,225,Block,Total_Area_under_Survey,25153
2023-24,Kandhamal,Kotagarh,226,Block,Forest,22368
2023-24,Kandhamal,Kotagarh,226,Block,Land_put_to_Non_Agricultural_use,786
2023-24,Kandhamal,Kotagarh,226,Block,Barren_&_Non_Cultivable_land,558
2023-24,Kandhamal,Kotagarh,226,Block,Permanent_Pastures_&_other_grazing_land,932
2023-24,Kandhamal,Kotagarh,226,Block,Land_under_misc_tree_crop_&_groves_not_included_in_net_area_sown,134
2023-24,Kandhamal,Kotagarh,226,Block,Cultivable_Waste,229
2023-24,Kandhamal,Kotagarh,226,Block,Old_Fallows,1886
2023-24,Kandhamal,Kotagarh,226,Block,Current_Fallows,1201
2023-24,Kandhamal,Kotagarh,226,Block,Net_Area_Sown_Irrigated,53
2023-24,Kandhamal,Kotagarh,226,Block,Net_Area_Sown_Unirrigated,4076
2023-24,Kandhamal,Kotagarh,226,Block,Net_Area_Sown_Total,4129
2023-24,Kandhamal,Kotagarh,226,Block,Total_Area_under_Survey,32223
2023-24,Kandhamal,Darangibadi,227,Block,Forest,44245
2023-24,Kandhamal,Darangibadi,227,Block,Land_put_to_Non_Agricultural_use,1217
2023-24,Kandhamal,Darangibadi,227,Block,Barren_&_Non_Cultivable_land,10112
2023-24,Kandhamal,Darangibadi,227,Block,Permanent_Pastures_&_other_grazing_land,1639
2023-24,Kandhamal,Darangibadi,227,Block,Land_under_misc_tree_crop_&_groves_not_included_in_net_area_sown,29
2023-24,Kandhamal,Darangibadi,227,Block,Cultivable_Waste,644
2023-24,Kandhamal,Darangibadi,227,Block,Old_Fallows,7302
2023-24,Kandhamal,Darangibadi,227,Block,Current_Fallows,3908
2023-24,Kandhamal,Darangibadi,227,Block,Net_Area_Sown_Irrigated,86
2023-24,Kandhamal,Darangibadi,227,Block,Net_Area_Sown_Unirrigated,5336
2023-24,Kandhamal,Darangibadi,227,Block,Net_Area_Sown_Total,5422
2023-24,Kandhamal,Darangibadi,227,Block,Total_Area_under_Survey,74518
2023-24,Kandhamal,Raikia,228,Block,Forest,6623
2023-24,Kandhamal,Raikia,228,Block,Land_put_to_Non_Agricultural_use,1785
2023-24,Kandhamal,Raikia,228,Block,Barren_&_Non_Cultivable_land,6922
2023-24,Kandhamal,Raikia,228,Block,Permanent_Pastures_&_other_grazing_land,659
2023-24,Kandhamal,Raikia,228,Block,Land_under_misc_tree_crop_&_groves_not_included_in_net_area_sown,16
2023-24,Kandhamal,Raikia,228,Block,Cultivable_Waste,180
2023-24,Kandhamal,Raikia,228,Block,Old_Fallows,1449
2023-24,Kandhamal,Raikia,228,Block,Current_Fallows,6302
2023-24,Kandhamal,Raikia,228,Block,Net_Area_Sown_Irrigated,183
2023-24,Kandhamal,Raikia,228,Block,Net_Area_Sown_Unirrigated,3072
2023-24,Kandhamal,Raikia,228,Block,Net_Area_Sown_Total,3255
2023-24,Kandhamal,Raikia,228,Block,Total_Area_under_Survey,27191
2023-24,Kandhamal,G.udayagiri,229,Block,Forest,4796
2023-24,Kandhamal,G.udayagiri,229,Block,Land_put_to_Non_Agricultural_use,592
2023-24,Kandhamal,G.udayagiri,229,Block,Barren_&_Non_Cultivable_land,3998
2023-24,Kandhamal,G.udayagiri,229,Block,Permanent_Pastures_&_other_grazing_land,933
2023-24,Kandhamal,G.udayagiri,229,Block,Land_under_misc_tree_crop_&_groves_not_included_in_net_area_sown,223
2023-24,Kandhamal,G.udayagiri,229,Block,Cultivable_Waste,109
2023-24,Kandhamal,G.udayagiri,229,Block,Old_Fallows,934
2023-24,Kandhamal,G.udayagiri,229,Block,Current_Fallows,1160
2023-24,Kandhamal,G.udayagiri,229,Block,Net_Area_Sown_Irrigated,249
2023-24,Kandhamal,G.udayagiri,229,Block,Net_Area_Sown_Unirrigated,1633
2023-24,Kandhamal,G.udayagiri,229,Block,Net_Area_Sown_Total,1882
2023-24,Kandhamal,G.udayagiri,229,Block,Total_Area_under_Survey,14627
2023-24,Kandhamal,Chakapada,230,Block,Forest,3826
2023-24,Kandhamal,Chakapada,230,Block,Land_put_to_Non_Agricultural_use,1861
2023-24,Kandhamal,Chakapada,230,Block,Barren_&_Non_Cultivable_land,8821
2023-24,Kandhamal,Chakapada,230,Block,Permanent_Pastures_&_other_grazing_land,715
2023-24,Kandhamal,Chakapada,230,Block,Land_under_misc_tree_crop_&_groves_not_included_in_net_area_sown,43
2023-24,Kandhamal,Chakapada,230,Block,Cultivable_Waste,1473
2023-24,Kandhamal,Chakapada,230,Block,Old_Fallows,1733
2023-24,Kandhamal,Chakapada,230,Block,Current_Fallows,3145
2023-24,Kandhamal,Chakapada,230,Block,Net_Area_Sown_Irrigated,73
2023-24,Kandhamal,Chakapada,230,Block,Net_Area_Sown_Unirrigated,5427
2023-24,Kandhamal,Chakapada,230,Block,Net_Area_Sown_Total,5500
2023-24,Kandhamal,Chakapada,230,Block,Total_Area_under_Survey,27117
2023-24,Kandhamal,Tikabali,231,Block,Forest,4300
2023-24,Kandhamal,Tikabali,231,Block,Land_put_to_Non_Agricultural_use,1418
2023-24,Kandhamal,Tikabali,231,Block,Barren_&_Non_Cultivable_land,4351
2023-24,Kandhamal,Tikabali,231,Block,Permanent_Pastures_&_other_grazing_land,1075
2023-24,Kandhamal,Tikabali,231,Block,Land_under_misc_tree_crop_&_groves_not_included_in_net_area_sown,21
2023-24,Kandhamal,Tikabali,231,Block,Cultivable_Waste,1682
2023-24,Kandhamal,Tikabali,231,Block,Old_Fallows,2944
2023-24,Kandhamal,Tikabali,231,Block,Current_Fallows,1843
2023-24,Kandhamal,Tikabali,231,Block,Net_Area_Sown_Irrigated,231
2023-24,Kandhamal,Tikabali,231,Block,Net_Area_Sown_Unirrigated,4398
2023-24,Kandhamal,Tikabali,231,Block,Net_Area_Sown_Total,4629
2023-24,Kandhamal,Tikabali,231,Block,Total_Area_under_Survey,22263
2023-24,Kandhamal,Nuagaon,232,Block,Forest,11865
2023-24,Kandhamal,Nuagaon,232,Block,Land_put_to_Non_Agricultural_use,1356
2023-24,Kandhamal,Nuagaon,232,Block,Barren_&_Non_Cultivable_land,13033
2023-24,Kandhamal,Nuagaon,232,Block,Permanent_Pastures_&_other_grazing_land,1448
2023-24,Kandhamal,Nuagaon,232,Block,Land_under_misc_tree_crop_&_groves_not_included_in_net_area_sown,216
2023-24,Kandhamal,Nuagaon,232,Block,Cultivable_Waste,938
2023-24,Kandhamal,Nuagaon,232,Block,Old_Fallows,4382
2023-24,Kandhamal,Nuagaon,232,Block,Current_Fallows,3738
2023-24,Kandhamal,Nuagaon,232,Block,Net_Area_Sown_Irrigated,330
2023-24,Kandhamal,Nuagaon,232,Block,Net_Area_Sown_Unirrigated,2391
2023-24,Kandhamal,Nuagaon,232,Block,Net_Area_Sown_Total,2721
2023-24,Kandhamal,Nuagaon,232,Block,Total_Area_under_Survey,39697
2023-24,Kandhamal,Baliguda,233,Block,Forest,17506
2023-24,Kandhamal,Baliguda,233,Block,Land_put_to_Non_Agricultural_use,1350
2023-24,Kandhamal,Baliguda,233,Block,Barren_&_Non_Cultivable_land,11191
2023-24,Kandhamal,Baliguda,233,Block,Permanent_Pastures_&_other_grazing_land,1528
2023-24,Kandhamal,Baliguda,233,Block,Land_under_misc_tree_crop_&_groves_not_included_in_net_area_sown,126
2023-24,Kandhamal,Baliguda,233,Block,Cultivable_Waste,1371
2023-24,Kandhamal,Baliguda,233,Block,Old_Fallows,1709
2023-24,Kandhamal,Baliguda,233,Block,Current_Fallows,1754
2023-24,Kandhamal,Baliguda,233,Block,Net_Area_Sown_Irrigated,301
2023-24,Kandhamal,Baliguda,233,Block,Net_Area_Sown_Unirrigated,3656
2023-24,Kandhamal,Baliguda,233,Block,Net_Area_Sown_Total,3957
2023-24,Kandhamal,Baliguda,233,Block,Total_Area_under_Survey,40492
2023-24,Kandhamal,Phiringia,234,Block,Forest,13900
2023-24,Kandhamal,Phiringia,234,Block,Land_put_to_Non_Agricultural_use,4324
2023-24,Kandhamal,Phiringia,234,Block,Barren_&_Non_Cultivable_land,22384
2023-24,Kandhamal,Phiringia,234,Block,Permanent_Pastures_&_other_grazing_land,1612
2023-24,Kandhamal,Phiringia,234,Block,Land_under_misc_tree_crop_&_groves_not_included_in_net_area_sown,65
2023-24,Kandhamal,Phiringia,234,Block,Cultivable_Waste,1012
2023-24,Kandhamal,Phiringia,234,Block,Old_Fallows,5651
2023-24,Kandhamal,Phiringia,234,Block,Current_Fallows,9577
2023-24,Kandhamal,Phiringia,234,Block,Net_Area_Sown_Irrigated,261
2023-24,Kandhamal,Phiringia,234,Block,Net_Area_Sown_Unirrigated,4761
2023-24,Kandhamal,Phiringia,234,Block,Net_Area_Sown_Total,5022
2023-24,Kandhamal,Phiringia,234,Block,Total_Area_under_Survey,63547
2023-24,Kandhamal,Phulbani,235,Block,Forest,10513
2023-24,Kandhamal,Phulbani,235,Block,Land_put_to_Non_Agricultural_use,1597
2023-24,Kandhamal,Phulbani,235,Block,Barren_&_Non_Cultivable_land,8360
2023-24,Kandhamal,Phulbani,235,Block,Permanent_Pastures_&_other_grazing_land,1055
2023-24,Kandhamal,Phulbani,235,Block,Land_under_misc_tree_crop_&_groves_not_included_in_net_area_sown,60
2023-24,Kandhamal,Phulbani,235,Block,Cultivable_Waste,1046
2023-24,Kandhamal,Phulbani,235,Block,Old_Fallows,2349
2023-24,Kandhamal,Phulbani,235,Block,Current_Fallows,2177
2023-24,Kandhamal,Phulbani,235,Block,Net_Area_Sown_Irrigated,1090
2023-24,Kandhamal,Phulbani,235,Block,Net_Area_Sown_Unirrigated,2159
2023-24,Kandhamal,Phulbani,235,Block,Net_Area_Sown_Total,3249
2023-24,Kandhamal,Phulbani,235,Block,Total_Area_under_Survey,30406
2023-24,Kandhamal,Khajuripada,236,Block,Forest,5016
2023-24,Kandhamal,Khajuripada,236,Block,Land_put_to_Non_Agricultural_use,2207
2023-24,Kandhamal,Khajuripada,236,Block,Barren_&_Non_Cultivable_land,15293
2023-24,Kandhamal,Khajuripada,236,Block,Permanent_Pastures_&_other_grazing_land,1541
2023-24,Kandhamal,Khajuripada,236,Block,Land_under_misc_tree_crop_&_groves_not_included_in_net_area_sown,53
2023-24,Kandhamal,Khajuripada,236,Block,Cultivable_Waste,1092
2023-24,Kandhamal,Khajuripada,236,Block,Old_Fallows,4593
2023-24,Kandhamal,Khajuripada,236,Block,Current_Fallows,4459
2023-24,Kandhamal,Khajuripada,236,Block,Net_Area_Sown_Irrigated,642
2023-24,Kandhamal,Khajuripada,236,Block,Net_Area_Sown_Unirrigated,3274
2023-24,Kandhamal,Khajuripada,236,Block,Net_Area_Sown_Total,3916
2023-24,Kandhamal,Khajuripada,236,Block,Total_Area_under_Survey,38170
2023-24,Kandhamal,URBAN,,Urban,Forest,1819
2023-24,Kandhamal,URBAN,,Urban,Land_put_to_Non_Agricultural_use,229
2023-24,Kandhamal,URBAN,,Urban,Barren_&_Non_Cultivable_land,1224
2023-24,Kandhamal,URBAN,,Urban,Permanent_Pastures_&_other_grazing_land,163
2023-24,Kandhamal,URBAN,,Urban,Land_under_misc_tree_crop_&_groves_not_included_in_net_area_sown,12
2023-24,Kandhamal,URBAN,,Urban,Cultivable_Waste,117
2023-24,Kandhamal,URBAN,,Urban,Old_Fallows,436
2023-24,Kandhamal,URBAN,,Urban,Current_Fallows,489
2023-24,Kandhamal,URBAN,,Urban,Net_Area_Sown_Irrigated,17
2023-24,Kandhamal,URBAN,,Urban,Net_Area_Sown_Unirrigated,305
2023-24,Kandhamal,URBAN,,Urban,Net_Area_Sown_Total,322
2023-24,Kandhamal,URBAN,,Urban,Total_Area_under_Survey,4811
2023-24,Kendrapara,Garadapur,69,Block,Forest,4
2023-24,Kendrapara,Garadapur,69,Block,Land_put_to_Non_Agricultural_use,3482
2023-24,Kendrapara,Garadapur,69,Block,Barren_&_Non_Cultivable_land,1
2023-24,Kendrapara,Garadapur,69,Block,Permanent_Pastures_&_other_grazing_land,574
2023-24,Kendrapara,Garadapur,69,Block,Land_under_misc_tree_crop_&_groves_not_included_in_net_area_sown,179
2023-24,Kendrapara,Garadapur,69,Block,Cultivable_Waste,398
2023-24,Kendrapara,Garadapur,69,Block,Old_Fallows,293
2023-24,Kendrapara,Garadapur,69,Block,Current_Fallows,895
2023-24,Kendrapara,Garadapur,69,Block,Net_Area_Sown_Irrigated,2456
2023-24,Kendrapara,Garadapur,69,Block,Net_Area_Sown_Unirrigated,5859
2023-24,Kendrapara,Garadapur,69,Block,Net_Area_Sown_Total,8315
2023-24,Kendrapara,Garadapur,69,Block,Total_Area_under_Survey,14141
2023-24,Kendrapara,Kendrapara,70,Block,Forest,53
2023-24,Kendrapara,Kendrapara,70,Block,Land_put_to_Non_Agricultural_use,4821
2023-24,Kendrapara,Kendrapara,70,Block,Barren_&_Non_Cultivable_land,339
2023-24,Kendrapara,Kendrapara,70,Block,Permanent_Pastures_&_other_grazing_land,763
2023-24,Kendrapara,Kendrapara,70,Block,Land_under_misc_tree_crop_&_groves_not_included_in_net_area_sown,475
2023-24,Kendrapara,Kendrapara,70,Block,Cultivable_Waste,496
2023-24,Kendrapara,Kendrapara,70,Block,Old_Fallows,867
2023-24,Kendrapara,Kendrapara,70,Block,Current_Fallows,2718
2023-24,Kendrapara,Kendrapara,70,Block,Net_Area_Sown_Irrigated,12337
2023-24,Kendrapara,Kendrapara,70,Block,Net_Area_Sown_Unirrigated,192
2023-24,Kendrapara,Kendrapara,70,Block,Net_Area_Sown_Total,12529
2023-24,Kendrapara,Kendrapara,70,Block,Total_Area_under_Survey,23061
2023-24,Kendrapara,Derabisi,71,Block,Forest,138
2023-24,Kendrapara,Derabisi,71,Block,Land_put_to_Non_Agricultural_use,5022
2023-24,Kendrapara,Derabisi,71,Block,Barren_&_Non_Cultivable_land,0
2023-24,Kendrapara,Derabisi,71,Block,Permanent_Pastures_&_other_grazing_land,538
2023-24,Kendrapara,Derabisi,71,Block,Land_under_misc_tree_crop_&_groves_not_included_in_net_area_sown,621
2023-24,Kendrapara,Derabisi,71,Block,Cultivable_Waste,86
2023-24,Kendrapara,Derabisi,71,Block,Old_Fallows,405
2023-24,Kendrapara,Derabisi,71,Block,Current_Fallows,1123
2023-24,Kendrapara,Derabisi,71,Block,Net_Area_Sown_Irrigated,9061
2023-24,Kendrapara,Derabisi,71,Block,Net_Area_Sown_Unirrigated,128
2023-24,Kendrapara,Derabisi,71,Block,Net_Area_Sown_Total,9189
2023-24,Kendrapara,Derabisi,71,Block,Total_Area_under_Survey,17122
2023-24,Kendrapara,Aul,74,Block,Forest,45
2023-24,Kendrapara,Aul,74,Block,Land_put_to_Non_Agricultural_use,3509
2023-24,Kendrapara,Aul,74,Block,Barren_&_Non_Cultivable_land,50
2023-24,Kendrapara,Aul,74,Block,Permanent_Pastures_&_other_grazing_land,748
2023-24,Kendrapara,Aul,74,Block,Land_under_misc_tree_crop_&_groves_not_included_in_net_area_sown,69
2023-24,Kendrapara,Aul,74,Block,Cultivable_Waste,28
2023-24,Kendrapara,Aul,74,Block,Old_Fallows,684
2023-24,Kendrapara,Aul,74,Block,Current_Fallows,1820
2023-24,Kendrapara,Aul,74,Block,Net_Area_Sown_Irrigated,225
2023-24,Kendrapara,Aul,74,Block,Net_Area_Sown_Unirrigated,15408
2023-24,Kendrapara,Aul,74,Block,Net_Area_Sown_Total,15633
2023-24,Kendrapara,Aul,74,Block,Total_Area_under_Survey,22586
2023-24,Kendrapara,Patamundai,75,Block,Forest,45
2023-24,Kendrapara,Patamundai,75,Block,Land_put_to_Non_Agricultural_use,5351
2023-24,Kendrapara,Patamundai,75,Block,Barren_&_Non_Cultivable_land,8
2023-24,Kendrapara,Patamundai,75,Block,Permanent_Pastures_&_other_grazing_land,870
2023-24,Kendrapara,Patamundai,75,Block,Land_under_misc_tree_crop_&_groves_not_included_in_net_area_sown,199
2023-24,Kendrapara,Patamundai,75,Block,Cultivable_Waste,408
2023-24,Kendrapara,Patamundai,75,Block,Old_Fallows,941
2023-24,Kendrapara,Patamundai,75,Block,Current_Fallows,4225
2023-24,Kendrapara,Patamundai,75,Block,Net_Area_Sown_Irrigated,9433
2023-24,Kendrapara,Patamundai,75,Block,Net_Area_Sown_Unirrigated,4215
2023-24,Kendrapara,Patamundai,75,Block,Net_Area_Sown_Total,13648
2023-24,Kendrapara,Patamundai,75,Block,Total_Area_under_Survey,25695
2023-24,Kendrapara,Marshaghai,76,Block,Forest,9
2023-24,Kendrapara,Marshaghai,76,Block,Land_put_to_Non_Agricultural_use,3265
2023-24,Kendrapara,Marshaghai,76,Block,Barren_&_Non_Cultivable_land,1
2023-24,Kendrapara,Marshaghai,76,Block,Permanent_Pastures_&_other_grazing_land,737
2023-24,Kendrapara,Marshaghai,76,Block,Land_under_misc_tree_crop_&_groves_not_included_in_net_area_sown,89
2023-24,Kendrapara,Marshaghai,76,Block,Cultivable_Waste,311
2023-24,Kendrapara,Marshaghai,76,Block,Old_Fallows,634
2023-24,Kendrapara,Marshaghai,76,Block,Current_Fallows,1285
2023-24,Kendrapara,Marshaghai,76,Block,Net_Area_Sown_Irrigated,3583
2023-24,Kendrapara,Marshaghai,76,Block,Net_Area_Sown_Unirrigated,5919
2023-24,Kendrapara,Marshaghai,76,Block,Net_Area_Sown_Total,9502
2023-24,Kendrapara,Marshaghai,76,Block,Total_Area_under_Survey,15833
2023-24,Kendrapara,Mahakalpada,78,Block,Forest,5991
2023-24,Kendrapara,Mahakalpada,78,Block,Land_put_to_Non_Agricultural_use,10699
2023-24,Kendrapara,Mahakalpada,78,Block,Barren_&_Non_Cultivable_land,0
2023-24,Kendrapara,Mahakalpada,78,Block,Permanent_Pastures_&_other_grazing_land,2352
2023-24,Kendrapara,Mahakalpada,78,Block,Land_under_misc_tree_crop_&_groves_not_included_in_net_area_sown,1023
2023-24,Kendrapara,Mahakalpada,78,Block,Cultivable_Waste,418
2023-24,Kendrapara,Mahakalpada,78,Block,Old_Fallows,1682
2023-24,Kendrapara,Mahakalpada,78,Block,Current_Fallows,2354
2023-24,Kendrapara,Mahakalpada,78,Block,Net_Area_Sown_Irrigated,2515
2023-24,Kendrapara,Mahakalpada,78,Block,Net_Area_Sown_Unirrigated,20018
2023-24,Kendrapara,Mahakalpada,78,Block,Net_Area_Sown_Total,22533
2023-24,Kendrapara,Mahakalpada,78,Block,Total_Area_under_Survey,47052
2023-24,Kendrapara,Rajnagar,79,Block,Forest,2001
2023-24,Kendrapara,Rajnagar,79,Block,Land_put_to_Non_Agricultural_use,6484
2023-24,Kendrapara,Rajnagar,79,Block,Barren_&_Non_Cultivable_land,233
2023-24,Kendrapara,Rajnagar,79,Block,Permanent_Pastures_&_other_grazing_land,1574
2023-24,Kendrapara,Rajnagar,79,Block,Land_under_misc_tree_crop_&_groves_not_included_in_net_area_sown,20
2023-24,Kendrapara,Rajnagar,79,Block,Cultivable_Waste,237
2023-24,Kendrapara,Rajnagar,79,Block,Old_Fallows,729
2023-24,Kendrapara,Rajnagar,79,Block,Current_Fallows,1884
2023-24,Kendrapara,Rajnagar,79,Block,Net_Area_Sown_Irrigated,407
2023-24,Kendrapara,Rajnagar,79,Block,Net_Area_Sown_Unirrigated,20334
2023-24,Kendrapara,Rajnagar,79,Block,Net_Area_Sown_Total,20741
2023-24,Kendrapara,Rajnagar,79,Block,Total_Area_under_Survey,33903
2023-24,Kendrapara,Rajkanika,80,Block,Forest,0
2023-24,Kendrapara,Rajkanika,80,Block,Land_put_to_Non_Agricultural_use,3836
2023-24,Kendrapara,Rajkanika,80,Block,Barren_&_Non_Cultivable_land,0
2023-24,Kendrapara,Rajkanika,80,Block,Permanent_Pastures_&_other_grazing_land,1030
2023-24,Kendrapara,Rajkanika,80,Block,Land_under_misc_tree_crop_&_groves_not_included_in_net_area_sown,140
2023-24,Kendrapara,Rajkanika,80,Block,Cultivable_Waste,121
2023-24,Kendrapara,Rajkanika,80,Block,Old_Fallows,1097
2023-24,Kendrapara,Rajkanika,80,Block,Current_Fallows,2955
2023-24,Kendrapara,Rajkanika,80,Block,Net_Area_Sown_Irrigated,2129
2023-24,Kendrapara,Rajkanika,80,Block,Net_Area_Sown_Unirrigated,14757
2023-24,Kendrapara,Rajkanika,80,Block,Net_Area_Sown_Total,16886
2023-24,Kendrapara,Rajkanika,80,Block,Total_Area_under_Survey,26065
2023-24,Kendrapara,URBAN,,Urban,Forest,228
2023-24,Kendrapara,URBAN,,Urban,Land_put_to_Non_Agricultural_use,1279
2023-24,Kendrapara,URBAN,,Urban,Barren_&_Non_Cultivable_land,17
2023-24,Kendrapara,URBAN,,Urban,Permanent_Pastures_&_other_grazing_land,253
2023-24,Kendrapara,URBAN,,Urban,Land_under_misc_tree_crop_&_groves_not_included_in_net_area_sown,79
2023-24,Kendrapara,URBAN,,Urban,Cultivable_Waste,69
2023-24,Kendrapara,URBAN,,Urban,Old_Fallows,202
2023-24,Kendrapara,URBAN,,Urban,Current_Fallows,530
2023-24,Kendrapara,URBAN,,Urban,Net_Area_Sown_Irrigated,369
2023-24,Kendrapara,URBAN,,Urban,Net_Area_Sown_Unirrigated,848
2023-24,Kendrapara,URBAN,,Urban,Net_Area_Sown_Total,1217
2023-24,Kendrapara,URBAN,,Urban,Total_Area_under_Survey,3874
2023-24,Keonjhar,Telkoi,144,Block,Forest,17237
2023-24,Keonjhar,Telkoi,144,Block,Land_put_to_Non_Agricultural_use,7865
2023-24,Keonjhar,Telkoi,144,Block,Barren_&_Non_Cultivable_land,4958
2023-24,Keonjhar,Telkoi,144,Block,Permanent_Pastures_&_other_grazing_land,2402
2023-24,Keonjhar,Telkoi,144,Block,Land_under_misc_tree_crop_&_groves_not_included_in_net_area_sown,1780
2023-24,Keonjhar,Telkoi,144,Block,Cultivable_Waste,2625
2023-24,Keonjhar,Telkoi,144,Block,Old_Fallows,9243
2023-24,Keonjhar,Telkoi,144,Block,Current_Fallows,7293
2023-24,Keonjhar,Telkoi,144,Block,Net_Area_Sown_Irrigated,253
2023-24,Keonjhar,Telkoi,144,Block,Net_Area_Sown_Unirrigated,2283
2023-24,Keonjhar,Telkoi,144,Block,Net_Area_Sown_Total,2536
2023-24,Keonjhar,Telkoi,144,Block,Total_Area_under_Survey,55939
2023-24,Keonjhar,Harichandanpur,145,Block,Forest,22905
2023-24,Keonjhar,Harichandanpur,145,Block,Land_put_to_Non_Agricultural_use,5085
2023-24,Keonjhar,Harichandanpur,145,Block,Barren_&_Non_Cultivable_land,4138
2023-24,Keonjhar,Harichandanpur,145,Block,Permanent_Pastures_&_other_grazing_land,4242
2023-24,Keonjhar,Harichandanpur,145,Block,Land_under_misc_tree_crop_&_groves_not_included_in_net_area_sown,243
2023-24,Keonjhar,Harichandanpur,145,Block,Cultivable_Waste,2969
2023-24,Keonjhar,Harichandanpur,145,Block,Old_Fallows,5262
2023-24,Keonjhar,Harichandanpur,145,Block,Current_Fallows,3093
2023-24,Keonjhar,Harichandanpur,145,Block,Net_Area_Sown_Irrigated,335
2023-24,Keonjhar,Harichandanpur,145,Block,Net_Area_Sown_Unirrigated,15524
2023-24,Keonjhar,Harichandanpur,145,Block,Net_Area_Sown_Total,15859
2023-24,Keonjhar,Harichandanpur,145,Block,Total_Area_under_Survey,63796
2023-24,Keonjhar,Ghasipara,146,Block,Forest,2917
2023-24,Keonjhar,Ghasipara,146,Block,Land_put_to_Non_Agricultural_use,2955
2023-24,Keonjhar,Ghasipara,146,Block,Barren_&_Non_Cultivable_land,1553
2023-24,Keonjhar,Ghasipara,146,Block,Permanent_Pastures_&_other_grazing_land,2247
2023-24,Keonjhar,Ghasipara,146,Block,Land_under_misc_tree_crop_&_groves_not_included_in_net_area_sown,276
2023-24,Keonjhar,Ghasipara,146,Block,Cultivable_Waste,1102
2023-24,Keonjhar,Ghasipara,146,Block,Old_Fallows,336
2023-24,Keonjhar,Ghasipara,146,Block,Current_Fallows,2886
2023-24,Keonjhar,Ghasipara,146,Block,Net_Area_Sown_Irrigated,3029
2023-24,Keonjhar,Ghasipara,146,Block,Net_Area_Sown_Unirrigated,16765
2023-24,Keonjhar,Ghasipara,146,Block,Net_Area_Sown_Total,19794
2023-24,Keonjhar,Ghasipara,146,Block,Total_Area_under_Survey,34066
2023-24,Keonjhar,Anandapur,147,Block,Forest,6115
2023-24,Keonjhar,Anandapur,147,Block,Land_put_to_Non_Agricultural_use,3381
2023-24,Keonjhar,Anandapur,147,Block,Barren_&_Non_Cultivable_land,1812
2023-24,Keonjhar,Anandapur,147,Block,Permanent_Pastures_&_other_grazing_land,1142
2023-24,Keonjhar,Anandapur,147,Block,Land_under_misc_tree_crop_&_groves_not_included_in_net_area_sown,46
2023-24,Keonjhar,Anandapur,147,Block,Cultivable_Waste,2119
2023-24,Keonjhar,Anandapur,147,Block,Old_Fallows,1934
2023-24,Keonjhar,Anandapur,147,Block,Current_Fallows,4165
2023-24,Keonjhar,Anandapur,147,Block,Net_Area_Sown_Irrigated,1032
2023-24,Keonjhar,Anandapur,147,Block,Net_Area_Sown_Unirrigated,8331
2023-24,Keonjhar,Anandapur,147,Block,Net_Area_Sown_Total,9363
2023-24,Keonjhar,Anandapur,147,Block,Total_Area_under_Survey,30077
2023-24,Keonjhar,Hatadihi,148,Block,Forest,1666
2023-24,Keonjhar,Hatadihi,148,Block,Land_put_to_Non_Agricultural_use,4195
2023-24,Keonjhar,Hatadihi,148,Block,Barren_&_Non_Cultivable_land,946
2023-24,Keonjhar,Hatadihi,148,Block,Permanent_Pastures_&_other_grazing_land,1768
2023-24,Keonjhar,Hatadihi,148,Block,Land_under_misc_tree_crop_&_groves_not_included_in_net_area_sown,68
2023-24,Keonjhar,Hatadihi,148,Block,Cultivable_Waste,1461
2023-24,Keonjhar,Hatadihi,148,Block,Old_Fallows,1352
2023-24,Keonjhar,Hatadihi,148,Block,Current_Fallows,1340
2023-24,Keonjhar,Hatadihi,148,Block,Net_Area_Sown_Irrigated,4108
2023-24,Keonjhar,Hatadihi,148,Block,Net_Area_Sown_Unirrigated,17073
2023-24,Keonjhar,Hatadihi,148,Block,Net_Area_Sown_Total,21181
2023-24,Keonjhar,Hatadihi,148,Block,Total_Area_under_Survey,33977
2023-24,Keonjhar,Ghatagaon,149,Block,Forest,9661
2023-24,Keonjhar,Ghatagaon,149,Block,Land_put_to_Non_Agricultural_use,6149
2023-24,Keonjhar,Ghatagaon,149,Block,Barren_&_Non_Cultivable_land,3299
2023-24,Keonjhar,Ghatagaon,149,Block,Permanent_Pastures_&_other_grazing_land,3472
2023-24,Keonjhar,Ghatagaon,149,Block,Land_under_misc_tree_crop_&_groves_not_included_in_net_area_sown,322
2023-24,Keonjhar,Ghatagaon,149,Block,Cultivable_Waste,3957
2023-24,Keonjhar,Ghatagaon,149,Block,Old_Fallows,3355
2023-24,Keonjhar,Ghatagaon,149,Block,Current_Fallows,2656
2023-24,Keonjhar,Ghatagaon,149,Block,Net_Area_Sown_Irrigated,267
2023-24,Keonjhar,Ghatagaon,149,Block,Net_Area_Sown_Unirrigated,13401
2023-24,Keonjhar,Ghatagaon,149,Block,Net_Area_Sown_Total,13668
2023-24,Keonjhar,Ghatagaon,149,Block,Total_Area_under_Survey,46539
2023-24,Keonjhar,Keonjhar-Sadar,150,Block,Forest,4497
2023-24,Keonjhar,Keonjhar-Sadar,150,Block,Land_put_to_Non_Agricultural_use,4008
2023-24,Keonjhar,Keonjhar-Sadar,150,Block,Barren_&_Non_Cultivable_land,5495
2023-24,Keonjhar,Keonjhar-Sadar,150,Block,Permanent_Pastures_&_other_grazing_land,3584
2023-24,Keonjhar,Keonjhar-Sadar,150,Block,Land_under_misc_tree_crop_&_groves_not_included_in_net_area_sown,244
2023-24,Keonjhar,Keonjhar-Sadar,150,Block,Cultivable_Waste,2189
2023-24,Keonjhar,Keonjhar-Sadar,150,Block,Old_Fallows,4062
2023-24,Keonjhar,Keonjhar-Sadar,150,Block,Current_Fallows,8820
2023-24,Keonjhar,Keonjhar-Sadar,150,Block,Net_Area_Sown_Irrigated,341
2023-24,Keonjhar,Keonjhar-Sadar,150,Block,Net_Area_Sown_Unirrigated,12541
2023-24,Keonjhar,Keonjhar-Sadar,150,Block,Net_Area_Sown_Total,12882
2023-24,Keonjhar,Keonjhar-Sadar,150,Block,Total_Area_under_Survey,45781
2023-24,Keonjhar,Bansapal,151,Block,Forest,41736
2023-24,Keonjhar,Bansapal,151,Block,Land_put_to_Non_Agricultural_use,6699
2023-24,Keonjhar,Bansapal,151,Block,Barren_&_Non_Cultivable_land,50147
2023-24,Keonjhar,Bansapal,151,Block,Permanent_Pastures_&_other_grazing_land,1022
2023-24,Keonjhar,Bansapal,151,Block,Land_under_misc_tree_crop_&_groves_not_included_in_net_area_sown,112
2023-24,Keonjhar,Bansapal,151,Block,Cultivable_Waste,4889
2023-24,Keonjhar,Bansapal,151,Block,Old_Fallows,2129
2023-24,Keonjhar,Bansapal,151,Block,Current_Fallows,1907
2023-24,Keonjhar,Bansapal,151,Block,Net_Area_Sown_Irrigated,5136
2023-24,Keonjhar,Bansapal,151,Block,Net_Area_Sown_Unirrigated,5831
2023-24,Keonjhar,Bansapal,151,Block,Net_Area_Sown_Total,10967
2023-24,Keonjhar,Bansapal,151,Block,Total_Area_under_Survey,119608
2023-24,Keonjhar,Joda,152,Block,Forest,10118
2023-24,Keonjhar,Joda,152,Block,Land_put_to_Non_Agricultural_use,4435
2023-24,Keonjhar,Joda,152,Block,Barren_&_Non_Cultivable_land,10892
2023-24,Keonjhar,Joda,152,Block,Permanent_Pastures_&_other_grazing_land,1649
2023-24,Keonjhar,Joda,152,Block,Land_under_misc_tree_crop_&_groves_not_included_in_net_area_sown,0
2023-24,Keonjhar,Joda,152,Block,Cultivable_Waste,2799
2023-24,Keonjhar,Joda,152,Block,Old_Fallows,9341
2023-24,Keonjhar,Joda,152,Block,Current_Fallows,1718
2023-24,Keonjhar,Joda,152,Block,Net_Area_Sown_Irrigated,12
2023-24,Keonjhar,Joda,152,Block,Net_Area_Sown_Unirrigated,2188
2023-24,Keonjhar,Joda,152,Block,Net_Area_Sown_Total,2200
2023-24,Keonjhar,Joda,152,Block,Total_Area_under_Survey,43152
2023-24,Keonjhar,Jhumpura,153,Block,Forest,9257
2023-24,Keonjhar,Jhumpura,153,Block,Land_put_to_Non_Agricultural_use,3883
2023-24,Keonjhar,Jhumpura,153,Block,Barren_&_Non_Cultivable_land,10870
2023-24,Keonjhar,Jhumpura,153,Block,Permanent_Pastures_&_other_grazing_land,2240
2023-24,Keonjhar,Jhumpura,153,Block,Land_under_misc_tree_crop_&_groves_not_included_in_net_area_sown,179
2023-24,Keonjhar,Jhumpura,153,Block,Cultivable_Waste,3772
2023-24,Keonjhar,Jhumpura,153,Block,Old_Fallows,1896
2023-24,Keonjhar,Jhumpura,153,Block,Current_Fallows,1027
2023-24,Keonjhar,Jhumpura,153,Block,Net_Area_Sown_Irrigated,384
2023-24,Keonjhar,Jhumpura,153,Block,Net_Area_Sown_Unirrigated,15417
2023-24,Keonjhar,Jhumpura,153,Block,Net_Area_Sown_Total,15801
2023-24,Keonjhar,Jhumpura,153,Block,Total_Area_under_Survey,48925
2023-24,Keonjhar,patana,154,Block,Forest,6469
2023-24,Keonjhar,patana,154,Block,Land_put_to_Non_Agricultural_use,3910
2023-24,Keonjhar,patana,154,Block,Barren_&_Non_Cultivable_land,2632
2023-24,Keonjhar,patana,154,Block,Permanent_Pastures_&_other_grazing_land,1924
2023-24,Keonjhar,patana,154,Block,Land_under_misc_tree_crop_&_groves_not_included_in_net_area_sown,141
2023-24,Keonjhar,patana,154,Block,Cultivable_Waste,5246
2023-24,Keonjhar,patana,154,Block,Old_Fallows,3782
2023-24,Keonjhar,patana,154,Block,Current_Fallows,4206
2023-24,Keonjhar,patana,154,Block,Net_Area_Sown_Irrigated,1565
2023-24,Keonjhar,patana,154,Block,Net_Area_Sown_Unirrigated,12088
2023-24,Keonjhar,patana,154,Block,Net_Area_Sown_Total,13653
2023-24,Keonjhar,patana,154,Block,Total_Area_under_Survey,41963
2023-24,Keonjhar,Saharpada,155,Block,Forest,5208
2023-24,Keonjhar,Saharpada,155,Block,Land_put_to_Non_Agricultural_use,2085
2023-24,Keonjhar,Saharpada,155,Block,Barren_&_Non_Cultivable_land,1524
2023-24,Keonjhar,Saharpada,155,Block,Permanent_Pastures_&_other_grazing_land,1554
2023-24,Keonjhar,Saharpada,155,Block,Land_under_misc_tree_crop_&_groves_not_included_in_net_area_sown,1490
2023-24,Keonjhar,Saharpada,155,Block,Cultivable_Waste,3484
2023-24,Keonjhar,Saharpada,155,Block,Old_Fallows,2545
2023-24,Keonjhar,Saharpada,155,Block,Current_Fallows,2670
2023-24,Keonjhar,Saharpada,155,Block,Net_Area_Sown_Irrigated,1139
2023-24,Keonjhar,Saharpada,155,Block,Net_Area_Sown_Unirrigated,17130
2023-24,Keonjhar,Saharpada,155,Block,Net_Area_Sown_Total,18269
2023-24,Keonjhar,Saharpada,155,Block,Total_Area_under_Survey,38829
2023-24,Keonjhar,Champua,156,Block,Forest,1625
2023-24,Keonjhar,Champua,156,Block,Land_put_to_Non_Agricultural_use,4057
2023-24,Keonjhar,Champua,156,Block,Barren_&_Non_Cultivable_land,748
2023-24,Keonjhar,Champua,156,Block,Permanent_Pastures_&_other_grazing_land,812
2023-24,Keonjhar,Champua,156,Block,Land_under_misc_tree_crop_&_groves_not_included_in_net_area_sown,557
2023-24,Keonjhar,Champua,156,Block,Cultivable_Waste,1707
2023-24,Keonjhar,Champua,156,Block,Old_Fallows,1393
2023-24,Keonjhar,Champua,156,Block,Current_Fallows,1851
2023-24,Keonjhar,Champua,156,Block,Net_Area_Sown_Irrigated,831
2023-24,Keonjhar,Champua,156,Block,Net_Area_Sown_Unirrigated,18544
2023-24,Keonjhar,Champua,156,Block,Net_Area_Sown_Total,19375
2023-24,Keonjhar,Champua,156,Block,Total_Area_under_Survey,32125
2023-24,Keonjhar,URBAN,,Urban,Forest,3861
2023-24,Keonjhar,URBAN,,Urban,Land_put_to_Non_Agricultural_use,1626
2023-24,Keonjhar,URBAN,,Urban,Barren_&_Non_Cultivable_land,2742
2023-24,Keonjhar,URBAN,,Urban,Permanent_Pastures_&_other_grazing_land,777
2023-24,Keonjhar,URBAN,,Urban,Land_under_misc_tree_crop_&_groves_not_included_in_net_area_sown,152
2023-24,Keonjhar,URBAN,,Urban,Cultivable_Waste,1061
2023-24,Keonjhar,URBAN,,Urban,Old_Fallows,1291
2023-24,Keonjhar,URBAN,,Urban,Current_Fallows,1208
2023-24,Keonjhar,URBAN,,Urban,Net_Area_Sown_Irrigated,70
2023-24,Keonjhar,URBAN,,Urban,Net_Area_Sown_Unirrigated,1730
2023-24,Keonjhar,URBAN,,Urban,Net_Area_Sown_Total,1800
2023-24,Keonjhar,URBAN,,Urban,Total_Area_under_Survey,14518
2023-24,Khurda,Tangi,249,Block,Forest,1558
2023-24,Khurda,Tangi,249,Block,Land_put_to_Non_Agricultural_use,9037
2023-24,Khurda,Tangi,249,Block,Barren_&_Non_Cultivable_land,845
2023-24,Khurda,Tangi,249,Block,Permanent_Pastures_&_other_grazing_land,1318
2023-24,Khurda,Tangi,249,Block,Land_under_misc_tree_crop_&_groves_not_included_in_net_area_sown,3837
2023-24,Khurda,Tangi,249,Block,Cultivable_Waste,4555
2023-24,Khurda,Tangi,249,Block,Old_Fallows,2300
2023-24,Khurda,Tangi,249,Block,Current_Fallows,1236
2023-24,Khurda,Tangi,249,Block,Net_Area_Sown_Irrigated,101
2023-24,Khurda,Tangi,249,Block,Net_Area_Sown_Unirrigated,8903
2023-24,Khurda,Tangi,249,Block,Net_Area_Sown_Total,9004
2023-24,Khurda,Tangi,249,Block,Total_Area_under_Survey,33690
2023-24,Khurda,Chilika,250,Block,Forest,239
2023-24,Khurda,Chilika,250,Block,Land_put_to_Non_Agricultural_use,7259
2023-24,Khurda,Chilika,250,Block,Barren_&_Non_Cultivable_land,1466
2023-24,Khurda,Chilika,250,Block,Permanent_Pastures_&_other_grazing_land,868
2023-24,Khurda,Chilika,250,Block,Land_under_misc_tree_crop_&_groves_not_included_in_net_area_sown,916
2023-24,Khurda,Chilika,250,Block,Cultivable_Waste,1217
2023-24,Khurda,Chilika,250,Block,Old_Fallows,839
2023-24,Khurda,Chilika,250,Block,Current_Fallows,385
2023-24,Khurda,Chilika,250,Block,Net_Area_Sown_Irrigated,1374
2023-24,Khurda,Chilika,250,Block,Net_Area_Sown_Unirrigated,4706
2023-24,Khurda,Chilika,250,Block,Net_Area_Sown_Total,6080
2023-24,Khurda,Chilika,250,Block,Total_Area_under_Survey,19269
2023-24,Khurda,Banapur,251,Block,Forest,5993
2023-24,Khurda,Banapur,251,Block,Land_put_to_Non_Agricultural_use,4057
2023-24,Khurda,Banapur,251,Block,Barren_&_Non_Cultivable_land,10392
2023-24,Khurda,Banapur,251,Block,Permanent_Pastures_&_other_grazing_land,1051
2023-24,Khurda,Banapur,251,Block,Land_under_misc_tree_crop_&_groves_not_included_in_net_area_sown,1317
2023-24,Khurda,Banapur,251,Block,Cultivable_Waste,810
2023-24,Khurda,Banapur,251,Block,Old_Fallows,833
2023-24,Khurda,Banapur,251,Block,Current_Fallows,1468
2023-24,Khurda,Banapur,251,Block,Net_Area_Sown_Irrigated,5741
2023-24,Khurda,Banapur,251,Block,Net_Area_Sown_Unirrigated,6858
2023-24,Khurda,Banapur,251,Block,Net_Area_Sown_Total,12599
2023-24,Khurda,Banapur,251,Block,Total_Area_under_Survey,38520
2023-24,Khurda,Begunia,253,Block,Forest,1860
2023-24,Khurda,Begunia,253,Block,Land_put_to_Non_Agricultural_use,2794
2023-24,Khurda,Begunia,253,Block,Barren_&_Non_Cultivable_land,104
2023-24,Khurda,Begunia,253,Block,Permanent_Pastures_&_other_grazing_land,3126
2023-24,Khurda,Begunia,253,Block,Land_under_misc_tree_crop_&_groves_not_included_in_net_area_sown,3564
2023-24,Khurda,Begunia,253,Block,Cultivable_Waste,3937
2023-24,Khurda,Begunia,253,Block,Old_Fallows,1648
2023-24,Khurda,Begunia,253,Block,Current_Fallows,856
2023-24,Khurda,Begunia,253,Block,Net_Area_Sown_Irrigated,124
2023-24,Khurda,Begunia,253,Block,Net_Area_Sown_Unirrigated,12992
2023-24,Khurda,Begunia,253,Block,Net_Area_Sown_Total,13116
2023-24,Khurda,Begunia,253,Block,Total_Area_under_Survey,31005
2023-24,Khurda,Khurda,254,Block,Forest,3776
2023-24,Khurda,Khurda,254,Block,Land_put_to_Non_Agricultural_use,3802
2023-24,Khurda,Khurda,254,Block,Barren_&_Non_Cultivable_land,2550
2023-24,Khurda,Khurda,254,Block,Permanent_Pastures_&_other_grazing_land,2343
2023-24,Khurda,Khurda,254,Block,Land_under_misc_tree_crop_&_groves_not_included_in_net_area_sown,3097
2023-24,Khurda,Khurda,254,Block,Cultivable_Waste,3108
2023-24,Khurda,Khurda,254,Block,Old_Fallows,2623
2023-24,Khurda,Khurda,254,Block,Current_Fallows,1375
2023-24,Khurda,Khurda,254,Block,Net_Area_Sown_Irrigated,243
2023-24,Khurda,Khurda,254,Block,Net_Area_Sown_Unirrigated,7453
2023-24,Khurda,Khurda,254,Block,Net_Area_Sown_Total,7696
2023-24,Khurda,Khurda,254,Block,Total_Area_under_Survey,30370
2023-24,Khurda,Jatani,255,Block,Forest,2514
2023-24,Khurda,Jatani,255,Block,Land_put_to_Non_Agricultural_use,6408
2023-24,Khurda,Jatani,255,Block,Barren_&_Non_Cultivable_land,797
2023-24,Khurda,Jatani,255,Block,Permanent_Pastures_&_other_grazing_land,2378
2023-24,Khurda,Jatani,255,Block,Land_under_misc_tree_crop_&_groves_not_included_in_net_area_sown,1059
2023-24,Khurda,Jatani,255,Block,Cultivable_Waste,2997
2023-24,Khurda,Jatani,255,Block,Old_Fallows,2105
2023-24,Khurda,Jatani,255,Block,Current_Fallows,392
2023-24,Khurda,Jatani,255,Block,Net_Area_Sown_Irrigated,254
2023-24,Khurda,Jatani,255,Block,Net_Area_Sown_Unirrigated,2757
2023-24,Khurda,Jatani,255,Block,Net_Area_Sown_Total,3011
2023-24,Khurda,Jatani,255,Block,Total_Area_under_Survey,21661
2023-24,Khurda,Balipatna,258,Block,Forest,87
2023-24,Khurda,Balipatna,258,Block,Land_put_to_Non_Agricultural_use,2550
2023-24,Khurda,Balipatna,258,Block,Barren_&_Non_Cultivable_land,22
2023-24,Khurda,Balipatna,258,Block,Permanent_Pastures_&_other_grazing_land,546
2023-24,Khurda,Balipatna,258,Block,Land_under_misc_tree_crop_&_groves_not_included_in_net_area_sown,588
2023-24,Khurda,Balipatna,258,Block,Cultivable_Waste,100
2023-24,Khurda,Balipatna,258,Block,Old_Fallows,366
2023-24,Khurda,Balipatna,258,Block,Current_Fallows,297
2023-24,Khurda,Balipatna,258,Block,Net_Area_Sown_Irrigated,9328
2023-24,Khurda,Balipatna,258,Block,Net_Area_Sown_Unirrigated,133
2023-24,Khurda,Balipatna,258,Block,Net_Area_Sown_Total,9461
2023-24,Khurda,Balipatna,258,Block,Total_Area_under_Survey,14017
2023-24,Khurda,Balianta,259,Block,Forest,394
2023-24,Khurda,Balianta,259,Block,Land_put_to_Non_Agricultural_use,3223
2023-24,Khurda,Balianta,259,Block,Barren_&_Non_Cultivable_land,58
2023-24,Khurda,Balianta,259,Block,Permanent_Pastures_&_other_grazing_land,554
2023-24,Khurda,Balianta,259,Block,Land_under_misc_tree_crop_&_groves_not_included_in_net_area_sown,411
2023-24,Khurda,Balianta,259,Block,Cultivable_Waste,386
2023-24,Khurda,Balianta,259,Block,Old_Fallows,704
2023-24,Khurda,Balianta,259,Block,Current_Fallows,1326
2023-24,Khurda,Balianta,259,Block,Net_Area_Sown_Irrigated,6677
2023-24,Khurda,Balianta,259,Block,Net_Area_Sown_Unirrigated,59
2023-24,Khurda,Balianta,259,Block,Net_Area_Sown_Total,6736
2023-24,Khurda,Balianta,259,Block,Total_Area_under_Survey,13792
2023-24,Khurda,Bhubaneswar,260,Block,Forest,7673
2023-24,Khurda,Bhubaneswar,260,Block,Land_put_to_Non_Agricultural_use,4566
2023-24,Khurda,Bhubaneswar,260,Block,Barren_&_Non_Cultivable_land,1672
2023-24,Khurda,Bhubaneswar,260,Block,Permanent_Pastures_&_other_grazing_land,2999
2023-24,Khurda,Bhubaneswar,260,Block,Land_under_misc_tree_crop_&_groves_not_included_in_net_area_sown,719
2023-24,Khurda,Bhubaneswar,260,Block,Cultivable_Waste,2786
2023-24,Khurda,Bhubaneswar,260,Block,Old_Fallows,2751
2023-24,Khurda,Bhubaneswar,260,Block,Current_Fallows,866
2023-24,Khurda,Bhubaneswar,260,Block,Net_Area_Sown_Irrigated,235
2023-24,Khurda,Bhubaneswar,260,Block,Net_Area_Sown_Unirrigated,3406
2023-24,Khurda,Bhubaneswar,260,Block,Net_Area_Sown_Total,3641
2023-24,Khurda,Bhubaneswar,260,Block,Total_Area_under_Survey,27673
2023-24,Khurda,Bolagarh,261,Block,Forest,1978
2023-24,Khurda,Bolagarh,261,Block,Land_put_to_Non_Agricultural_use,2358
2023-24,Khurda,Bolagarh,261,Block,Barren_&_Non_Cultivable_land,1857
2023-24,Khurda,Bolagarh,261,Block,Permanent_Pastures_&_other_grazing_land,1118
2023-24,Khurda,Bolagarh,261,Block,Land_under_misc_tree_crop_&_groves_not_included_in_net_area_sown,942
2023-24,Khurda,Bolagarh,261,Block,Cultivable_Waste,778
2023-24,Khurda,Bolagarh,261,Block,Old_Fallows,1129
2023-24,Khurda,Bolagarh,261,Block,Current_Fallows,1557
2023-24,Khurda,Bolagarh,261,Block,Net_Area_Sown_Irrigated,121
2023-24,Khurda,Bolagarh,261,Block,Net_Area_Sown_Unirrigated,14126
2023-24,Khurda,Bolagarh,261,Block,Net_Area_Sown_Total,14247
2023-24,Khurda,Bolagarh,261,Block,Total_Area_under_Survey,25964
2023-24,Khurda,URBAN,,Urban,Forest,2440
2023-24,Khurda,URBAN,,Urban,Land_put_to_Non_Agricultural_use,4310
2023-24,Khurda,URBAN,,Urban,Barren_&_Non_Cultivable_land,1850
2023-24,Khurda,URBAN,,Urban,Permanent_Pastures_&_other_grazing_land,1526
2023-24,Khurda,URBAN,,Urban,Land_under_misc_tree_crop_&_groves_not_included_in_net_area_sown,1540
2023-24,Khurda,URBAN,,Urban,Cultivable_Waste,1935
2023-24,Khurda,URBAN,,Urban,Old_Fallows,1430
2023-24,Khurda,URBAN,,Urban,Current_Fallows,913
2023-24,Khurda,URBAN,,Urban,Net_Area_Sown_Irrigated,508
2023-24,Khurda,URBAN,,Urban,Net_Area_Sown_Unirrigated,1275
2023-24,Khurda,URBAN,,Urban,Net_Area_Sown_Total,1783
2023-24,Khurda,URBAN,,Urban,Total_Area_under_Survey,17727
2023-24,Koraput,Boipariguda,164,Block,Forest,28421
2023-24,Koraput,Boipariguda,164,Block,Land_put_to_Non_Agricultural_use,4038
2023-24,Koraput,Boipariguda,164,Block,Barren_&_Non_Cultivable_land,5918
2023-24,Koraput,Boipariguda,164,Block,Permanent_Pastures_&_other_grazing_land,4174
2023-24,Koraput,Boipariguda,164,Block,Land_under_misc_tree_crop_&_groves_not_included_in_net_area_sown,6522
2023-24,Koraput,Boipariguda,164,Block,Cultivable_Waste,3723
2023-24,Koraput,Boipariguda,164,Block,Old_Fallows,3889
2023-24,Koraput,Boipariguda,164,Block,Current_Fallows,4888
2023-24,Koraput,Boipariguda,164,Block,Net_Area_Sown_Irrigated,673
2023-24,Koraput,Boipariguda,164,Block,Net_Area_Sown_Unirrigated,15121
2023-24,Koraput,Boipariguda,164,Block,Net_Area_Sown_Total,15794
2023-24,Koraput,Boipariguda,164,Block,Total_Area_under_Survey,77367
2023-24,Koraput,Lamataput,165,Block,Forest,4363
2023-24,Koraput,Lamataput,165,Block,Land_put_to_Non_Agricultural_use,4124
2023-24,Koraput,Lamataput,165,Block,Barren_&_Non_Cultivable_land,17948
2023-24,Koraput,Lamataput,165,Block,Permanent_Pastures_&_other_grazing_land,1010
2023-24,Koraput,Lamataput,165,Block,Land_under_misc_tree_crop_&_groves_not_included_in_net_area_sown,7808
2023-24,Koraput,Lamataput,165,Block,Cultivable_Waste,537
2023-24,Koraput,Lamataput,165,Block,Old_Fallows,1847
2023-24,Koraput,Lamataput,165,Block,Current_Fallows,5330
2023-24,Koraput,Lamataput,165,Block,Net_Area_Sown_Irrigated,5421
2023-24,Koraput,Lamataput,165,Block,Net_Area_Sown_Unirrigated,7293
2023-24,Koraput,Lamataput,165,Block,Net_Area_Sown_Total,12714
2023-24,Koraput,Lamataput,165,Block,Total_Area_under_Survey,55681
2023-24,Koraput,Nandapur,166,Block,Forest,3467
2023-24,Koraput,Nandapur,166,Block,Land_put_to_Non_Agricultural_use,2540
2023-24,Koraput,Nandapur,166,Block,Barren_&_Non_Cultivable_land,18386
2023-24,Koraput,Nandapur,166,Block,Permanent_Pastures_&_other_grazing_land,1164
2023-24,Koraput,Nandapur,166,Block,Land_under_misc_tree_crop_&_groves_not_included_in_net_area_sown,2914
2023-24,Koraput,Nandapur,166,Block,Cultivable_Waste,1408
2023-24,Koraput,Nandapur,166,Block,Old_Fallows,2181
2023-24,Koraput,Nandapur,166,Block,Current_Fallows,5164
2023-24,Koraput,Nandapur,166,Block,Net_Area_Sown_Irrigated,3445
2023-24,Koraput,Nandapur,166,Block,Net_Area_Sown_Unirrigated,9734
2023-24,Koraput,Nandapur,166,Block,Net_Area_Sown_Total,13179
2023-24,Koraput,Nandapur,166,Block,Total_Area_under_Survey,50403
2023-24,Koraput,Patangi,167,Block,Forest,710
2023-24,Koraput,Patangi,167,Block,Land_put_to_Non_Agricultural_use,1519
2023-24,Koraput,Patangi,167,Block,Barren_&_Non_Cultivable_land,12192
2023-24,Koraput,Patangi,167,Block,Permanent_Pastures_&_other_grazing_land,587
2023-24,Koraput,Patangi,167,Block,Land_under_misc_tree_crop_&_groves_not_included_in_net_area_sown,154
2023-24,Koraput,Patangi,167,Block,Cultivable_Waste,75
2023-24,Koraput,Patangi,167,Block,Old_Fallows,2137
2023-24,Koraput,Patangi,167,Block,Current_Fallows,1659
2023-24,Koraput,Patangi,167,Block,Net_Area_Sown_Irrigated,1859
2023-24,Koraput,Patangi,167,Block,Net_Area_Sown_Unirrigated,4679
2023-24,Koraput,Patangi,167,Block,Net_Area_Sown_Total,6538
2023-24,Koraput,Patangi,167,Block,Total_Area_under_Survey,25571
2023-24,Koraput,Similiguda,168,Block,Forest,1130
2023-24,Koraput,Similiguda,168,Block,Land_put_to_Non_Agricultural_use,2841
2023-24,Koraput,Similiguda,168,Block,Barren_&_Non_Cultivable_land,11440
2023-24,Koraput,Similiguda,168,Block,Permanent_Pastures_&_other_grazing_land,742
2023-24,Koraput,Similiguda,168,Block,Land_under_misc_tree_crop_&_groves_not_included_in_net_area_sown,449
2023-24,Koraput,Similiguda,168,Block,Cultivable_Waste,1395
2023-24,Koraput,Similiguda,168,Block,Old_Fallows,2622
2023-24,Koraput,Similiguda,168,Block,Current_Fallows,5120
2023-24,Koraput,Similiguda,168,Block,Net_Area_Sown_Irrigated,4236
2023-24,Koraput,Similiguda,168,Block,Net_Area_Sown_Unirrigated,8083
2023-24,Koraput,Similiguda,168,Block,Net_Area_Sown_Total,12319
2023-24,Koraput,Similiguda,168,Block,Total_Area_under_Survey,38058
2023-24,Koraput,Koraput-Sadar,169,Block,Forest,2577
2023-24,Koraput,Koraput-Sadar,169,Block,Land_put_to_Non_Agricultural_use,3592
2023-24,Koraput,Koraput-Sadar,169,Block,Barren_&_Non_Cultivable_land,7064
2023-24,Koraput,Koraput-Sadar,169,Block,Permanent_Pastures_&_other_grazing_land,1407
2023-24,Koraput,Koraput-Sadar,169,Block,Land_under_misc_tree_crop_&_groves_not_included_in_net_area_sown,2867
2023-24,Koraput,Koraput-Sadar,169,Block,Cultivable_Waste,715
2023-24,Koraput,Koraput-Sadar,169,Block,Old_Fallows,1262
2023-24,Koraput,Koraput-Sadar,169,Block,Current_Fallows,4267
2023-24,Koraput,Koraput-Sadar,169,Block,Net_Area_Sown_Irrigated,3542
2023-24,Koraput,Koraput-Sadar,169,Block,Net_Area_Sown_Unirrigated,6333
2023-24,Koraput,Koraput-Sadar,169,Block,Net_Area_Sown_Total,9875
2023-24,Koraput,Koraput-Sadar,169,Block,Total_Area_under_Survey,33626
2023-24,Koraput,Jeypore,170,Block,Forest,6058
2023-24,Koraput,Jeypore,170,Block,Land_put_to_Non_Agricultural_use,2582
2023-24,Koraput,Jeypore,170,Block,Barren_&_Non_Cultivable_land,14828
2023-24,Koraput,Jeypore,170,Block,Permanent_Pastures_&_other_grazing_land,1443
2023-24,Koraput,Jeypore,170,Block,Land_under_misc_tree_crop_&_groves_not_included_in_net_area_sown,1828
2023-24,Koraput,Jeypore,170,Block,Cultivable_Waste,481
2023-24,Koraput,Jeypore,170,Block,Old_Fallows,2909
2023-24,Koraput,Jeypore,170,Block,Current_Fallows,2469
2023-24,Koraput,Jeypore,170,Block,Net_Area_Sown_Irrigated,7329
2023-24,Koraput,Jeypore,170,Block,Net_Area_Sown_Unirrigated,2260
2023-24,Koraput,Jeypore,170,Block,Net_Area_Sown_Total,9589
2023-24,Koraput,Jeypore,170,Block,Total_Area_under_Survey,42187
2023-24,Koraput,Kundra,171,Block,Forest,8314
2023-24,Koraput,Kundra,171,Block,Land_put_to_Non_Agricultural_use,2630
2023-24,Koraput,Kundra,171,Block,Barren_&_Non_Cultivable_land,407
2023-24,Koraput,Kundra,171,Block,Permanent_Pastures_&_other_grazing_land,1428
2023-24,Koraput,Kundra,171,Block,Land_under_misc_tree_crop_&_groves_not_included_in_net_area_sown,1806
2023-24,Koraput,Kundra,171,Block,Cultivable_Waste,980
2023-24,Koraput,Kundra,171,Block,Old_Fallows,2397
2023-24,Koraput,Kundra,171,Block,Current_Fallows,2665
2023-24,Koraput,Kundra,171,Block,Net_Area_Sown_Irrigated,13340
2023-24,Koraput,Kundra,171,Block,Net_Area_Sown_Unirrigated,1441
2023-24,Koraput,Kundra,171,Block,Net_Area_Sown_Total,14781
2023-24,Koraput,Kundra,171,Block,Total_Area_under_Survey,35408
2023-24,Koraput,Kotapad,172,Block,Forest,4331
2023-24,Koraput,Kotapad,172,Block,Land_put_to_Non_Agricultural_use,4971
2023-24,Koraput,Kotapad,172,Block,Barren_&_Non_Cultivable_land,581
2023-24,Koraput,Kotapad,172,Block,Permanent_Pastures_&_other_grazing_land,1383
2023-24,Koraput,Kotapad,172,Block,Land_under_misc_tree_crop_&_groves_not_included_in_net_area_sown,2383
2023-24,Koraput,Kotapad,172,Block,Cultivable_Waste,2225
2023-24,Koraput,Kotapad,172,Block,Old_Fallows,1836
2023-24,Koraput,Kotapad,172,Block,Current_Fallows,2040
2023-24,Koraput,Kotapad,172,Block,Net_Area_Sown_Irrigated,8558
2023-24,Koraput,Kotapad,172,Block,Net_Area_Sown_Unirrigated,11888
2023-24,Koraput,Kotapad,172,Block,Net_Area_Sown_Total,20446
2023-24,Koraput,Kotapad,172,Block,Total_Area_under_Survey,40196
2023-24,Koraput,Boriguma,173,Block,Forest,8157
2023-24,Koraput,Boriguma,173,Block,Land_put_to_Non_Agricultural_use,4415
2023-24,Koraput,Boriguma,173,Block,Barren_&_Non_Cultivable_land,6520
2023-24,Koraput,Boriguma,173,Block,Permanent_Pastures_&_other_grazing_land,2904
2023-24,Koraput,Boriguma,173,Block,Land_under_misc_tree_crop_&_groves_not_included_in_net_area_sown,4521
2023-24,Koraput,Boriguma,173,Block,Cultivable_Waste,2102
2023-24,Koraput,Boriguma,173,Block,Old_Fallows,3199
2023-24,Koraput,Boriguma,173,Block,Current_Fallows,6671
2023-24,Koraput,Boriguma,173,Block,Net_Area_Sown_Irrigated,7537
2023-24,Koraput,Boriguma,173,Block,Net_Area_Sown_Unirrigated,13596
2023-24,Koraput,Boriguma,173,Block,Net_Area_Sown_Total,21133
2023-24,Koraput,Boriguma,173,Block,Total_Area_under_Survey,59622
2023-24,Koraput,Dasamantapur,174,Block,Forest,2690
2023-24,Koraput,Dasamantapur,174,Block,Land_put_to_Non_Agricultural_use,3039
2023-24,Koraput,Dasamantapur,174,Block,Barren_&_Non_Cultivable_land,24745
2023-24,Koraput,Dasamantapur,174,Block,Permanent_Pastures_&_other_grazing_land,1234
2023-24,Koraput,Dasamantapur,174,Block,Land_under_misc_tree_crop_&_groves_not_included_in_net_area_sown,1461
2023-24,Koraput,Dasamantapur,174,Block,Cultivable_Waste,883
2023-24,Koraput,Dasamantapur,174,Block,Old_Fallows,859
2023-24,Koraput,Dasamantapur,174,Block,Current_Fallows,6880
2023-24,Koraput,Dasamantapur,174,Block,Net_Area_Sown_Irrigated,4876
2023-24,Koraput,Dasamantapur,174,Block,Net_Area_Sown_Unirrigated,10776
2023-24,Koraput,Dasamantapur,174,Block,Net_Area_Sown_Total,15652
2023-24,Koraput,Dasamantapur,174,Block,Total_Area_under_Survey,57443
2023-24,Koraput,Laxmipur,175,Block,Forest,4186
2023-24,Koraput,Laxmipur,175,Block,Land_put_to_Non_Agricultural_use,1623
2023-24,Koraput,Laxmipur,175,Block,Barren_&_Non_Cultivable_land,10557
2023-24,Koraput,Laxmipur,175,Block,Permanent_Pastures_&_other_grazing_land,1153
2023-24,Koraput,Laxmipur,175,Block,Land_under_misc_tree_crop_&_groves_not_included_in_net_area_sown,1812
2023-24,Koraput,Laxmipur,175,Block,Cultivable_Waste,1222
2023-24,Koraput,Laxmipur,175,Block,Old_Fallows,2444
2023-24,Koraput,Laxmipur,175,Block,Current_Fallows,3745
2023-24,Koraput,Laxmipur,175,Block,Net_Area_Sown_Irrigated,1367
2023-24,Koraput,Laxmipur,175,Block,Net_Area_Sown_Unirrigated,2860
2023-24,Koraput,Laxmipur,175,Block,Net_Area_Sown_Total,4227
2023-24,Koraput,Laxmipur,175,Block,Total_Area_under_Survey,30969
2023-24,Koraput,Narayanpatna,176,Block,Forest,1024
2023-24,Koraput,Narayanpatna,176,Block,Land_put_to_Non_Agricultural_use,1181
2023-24,Koraput,Narayanpatna,176,Block,Barren_&_Non_Cultivable_land,4870
2023-24,Koraput,Narayanpatna,176,Block,Permanent_Pastures_&_other_grazing_land,341
2023-24,Koraput,Narayanpatna,176,Block,Land_under_misc_tree_crop_&_groves_not_included_in_net_area_sown,287
2023-24,Koraput,Narayanpatna,176,Block,Cultivable_Waste,361
2023-24,Koraput,Narayanpatna,176,Block,Old_Fallows,892
2023-24,Koraput,Narayanpatna,176,Block,Current_Fallows,1902
2023-24,Koraput,Narayanpatna,176,Block,Net_Area_Sown_Irrigated,1817
2023-24,Koraput,Narayanpatna,176,Block,Net_Area_Sown_Unirrigated,3161
2023-24,Koraput,Narayanpatna,176,Block,Net_Area_Sown_Total,4978
2023-24,Koraput,Narayanpatna,176,Block,Total_Area_under_Survey,15836
2023-24,Koraput,Bandhugaon,177,Block,Forest,4028
2023-24,Koraput,Bandhugaon,177,Block,Land_put_to_Non_Agricultural_use,1646
2023-24,Koraput,Bandhugaon,177,Block,Barren_&_Non_Cultivable_land,4455
2023-24,Koraput,Bandhugaon,177,Block,Permanent_Pastures_&_other_grazing_land,600
2023-24,Koraput,Bandhugaon,177,Block,Land_under_misc_tree_crop_&_groves_not_included_in_net_area_sown,102
2023-24,Koraput,Bandhugaon,177,Block,Cultivable_Waste,510
2023-24,Koraput,Bandhugaon,177,Block,Old_Fallows,744
2023-24,Koraput,Bandhugaon,177,Block,Current_Fallows,2006
2023-24,Koraput,Bandhugaon,177,Block,Net_Area_Sown_Irrigated,4005
2023-24,Koraput,Bandhugaon,177,Block,Net_Area_Sown_Unirrigated,3929
2023-24,Koraput,Bandhugaon,177,Block,Net_Area_Sown_Total,7934
2023-24,Koraput,Bandhugaon,177,Block,Total_Area_under_Survey,22025
2023-24,Koraput,URBAN,,Urban,Forest,2027
2023-24,Koraput,URBAN,,Urban,Land_put_to_Non_Agricultural_use,1040
2023-24,Koraput,URBAN,,Urban,Barren_&_Non_Cultivable_land,3569
2023-24,Koraput,URBAN,,Urban,Permanent_Pastures_&_other_grazing_land,499
2023-24,Koraput,URBAN,,Urban,Land_under_misc_tree_crop_&_groves_not_included_in_net_area_sown,891
2023-24,Koraput,URBAN,,Urban,Cultivable_Waste,424
2023-24,Koraput,URBAN,,Urban,Old_Fallows,745
2023-24,Koraput,URBAN,,Urban,Current_Fallows,1398
2023-24,Koraput,URBAN,,Urban,Net_Area_Sown_Irrigated,1550
2023-24,Koraput,URBAN,,Urban,Net_Area_Sown_Unirrigated,2509
2023-24,Koraput,URBAN,,Urban,Net_Area_Sown_Total,4059
2023-24,Koraput,URBAN,,Urban,Total_Area_under_Survey,14652
2023-24,Malkangiri,Podia,157,Block,Forest,19452
2023-24,Malkangiri,Podia,157,Block,Land_put_to_Non_Agricultural_use,4331
2023-24,Malkangiri,Podia,157,Block,Barren_&_Non_Cultivable_land,804
2023-24,Malkangiri,Podia,157,Block,Permanent_Pastures_&_other_grazing_land,973
2023-24,Malkangiri,Podia,157,Block,Land_under_misc_tree_crop_&_groves_not_included_in_net_area_sown,2000
2023-24,Malkangiri,Podia,157,Block,Cultivable_Waste,1154
2023-24,Malkangiri,Podia,157,Block,Old_Fallows,567
2023-24,Malkangiri,Podia,157,Block,Current_Fallows,757
2023-24,Malkangiri,Podia,157,Block,Net_Area_Sown_Irrigated,13
2023-24,Malkangiri,Podia,157,Block,Net_Area_Sown_Unirrigated,13527
2023-24,Malkangiri,Podia,157,Block,Net_Area_Sown_Total,13540
2023-24,Malkangiri,Podia,157,Block,Total_Area_under_Survey,43578
2023-24,Malkangiri,kalimela,158,Block,Forest,39063
2023-24,Malkangiri,kalimela,158,Block,Land_put_to_Non_Agricultural_use,6427
2023-24,Malkangiri,kalimela,158,Block,Barren_&_Non_Cultivable_land,9592
2023-24,Malkangiri,kalimela,158,Block,Permanent_Pastures_&_other_grazing_land,4841
2023-24,Malkangiri,kalimela,158,Block,Land_under_misc_tree_crop_&_groves_not_included_in_net_area_sown,20
2023-24,Malkangiri,kalimela,158,Block,Cultivable_Waste,1116
2023-24,Malkangiri,kalimela,158,Block,Old_Fallows,3899
2023-24,Malkangiri,kalimela,158,Block,Current_Fallows,4514
2023-24,Malkangiri,kalimela,158,Block,Net_Area_Sown_Irrigated,1301
2023-24,Malkangiri,kalimela,158,Block,Net_Area_Sown_Unirrigated,18281
2023-24,Malkangiri,kalimela,158,Block,Net_Area_Sown_Total,19582
2023-24,Malkangiri,kalimela,158,Block,Total_Area_under_Survey,89054
2023-24,Malkangiri,Korakunda,159,Block,Forest,10463
2023-24,Malkangiri,Korakunda,159,Block,Land_put_to_Non_Agricultural_use,3774
2023-24,Malkangiri,Korakunda,159,Block,Barren_&_Non_Cultivable_land,2798
2023-24,Malkangiri,Korakunda,159,Block,Permanent_Pastures_&_other_grazing_land,2239
2023-24,Malkangiri,Korakunda,159,Block,Land_under_misc_tree_crop_&_groves_not_included_in_net_area_sown,314
2023-24,Malkangiri,Korakunda,159,Block,Cultivable_Waste,602
2023-24,Malkangiri,Korakunda,159,Block,Old_Fallows,1983
2023-24,Malkangiri,Korakunda,159,Block,Current_Fallows,2931
2023-24,Malkangiri,Korakunda,159,Block,Net_Area_Sown_Irrigated,1067
2023-24,Malkangiri,Korakunda,159,Block,Net_Area_Sown_Unirrigated,14475
2023-24,Malkangiri,Korakunda,159,Block,Net_Area_Sown_Total,15542
2023-24,Malkangiri,Korakunda,159,Block,Total_Area_under_Survey,40646
2023-24,Malkangiri,Kudumuluguma,160,Block,Forest,19408
2023-24,Malkangiri,Kudumuluguma,160,Block,Land_put_to_Non_Agricultural_use,13991
2023-24,Malkangiri,Kudumuluguma,160,Block,Barren_&_Non_Cultivable_land,4554
2023-24,Malkangiri,Kudumuluguma,160,Block,Permanent_Pastures_&_other_grazing_land,2402
2023-24,Malkangiri,Kudumuluguma,160,Block,Land_under_misc_tree_crop_&_groves_not_included_in_net_area_sown,2838
2023-24,Malkangiri,Kudumuluguma,160,Block,Cultivable_Waste,2100
2023-24,Malkangiri,Kudumuluguma,160,Block,Old_Fallows,1337
2023-24,Malkangiri,Kudumuluguma,160,Block,Current_Fallows,1682
2023-24,Malkangiri,Kudumuluguma,160,Block,Net_Area_Sown_Irrigated,25
2023-24,Malkangiri,Kudumuluguma,160,Block,Net_Area_Sown_Unirrigated,10809
2023-24,Malkangiri,Kudumuluguma,160,Block,Net_Area_Sown_Total,10834
2023-24,Malkangiri,Kudumuluguma,160,Block,Total_Area_under_Survey,59146
2023-24,Malkangiri,Malkangiri,161,Block,Forest,23787
2023-24,Malkangiri,Malkangiri,161,Block,Land_put_to_Non_Agricultural_use,5404
2023-24,Malkangiri,Malkangiri,161,Block,Barren_&_Non_Cultivable_land,1539
2023-24,Malkangiri,Malkangiri,161,Block,Permanent_Pastures_&_other_grazing_land,3822
2023-24,Malkangiri,Malkangiri,161,Block,Land_under_misc_tree_crop_&_groves_not_included_in_net_area_sown,69
2023-24,Malkangiri,Malkangiri,161,Block,Cultivable_Waste,682
2023-24,Malkangiri,Malkangiri,161,Block,Old_Fallows,3610
2023-24,Malkangiri,Malkangiri,161,Block,Current_Fallows,3952
2023-24,Malkangiri,Malkangiri,161,Block,Net_Area_Sown_Irrigated,1220
2023-24,Malkangiri,Malkangiri,161,Block,Net_Area_Sown_Unirrigated,27046
2023-24,Malkangiri,Malkangiri,161,Block,Net_Area_Sown_Total,28266
2023-24,Malkangiri,Malkangiri,161,Block,Total_Area_under_Survey,71131
2023-24,Malkangiri,Mathili,162,Block,Forest,21063
2023-24,Malkangiri,Mathili,162,Block,Land_put_to_Non_Agricultural_use,4729
2023-24,Malkangiri,Mathili,162,Block,Barren_&_Non_Cultivable_land,3391
2023-24,Malkangiri,Mathili,162,Block,Permanent_Pastures_&_other_grazing_land,3693
2023-24,Malkangiri,Mathili,162,Block,Land_under_misc_tree_crop_&_groves_not_included_in_net_area_sown,264
2023-24,Malkangiri,Mathili,162,Block,Cultivable_Waste,445
2023-24,Malkangiri,Mathili,162,Block,Old_Fallows,797
2023-24,Malkangiri,Mathili,162,Block,Current_Fallows,3423
2023-24,Malkangiri,Mathili,162,Block,Net_Area_Sown_Irrigated,19
2023-24,Malkangiri,Mathili,162,Block,Net_Area_Sown_Unirrigated,24845
2023-24,Malkangiri,Mathili,162,Block,Net_Area_Sown_Total,24864
2023-24,Malkangiri,Mathili,162,Block,Total_Area_under_Survey,62669
2023-24,Malkangiri,Govindapalli (Khairpat),163,Block,Forest,39470
2023-24,Malkangiri,Govindapalli (Khairpat),163,Block,Land_put_to_Non_Agricultural_use,1203
2023-24,Malkangiri,Govindapalli (Khairpat),163,Block,Barren_&_Non_Cultivable_land,678
2023-24,Malkangiri,Govindapalli (Khairpat),163,Block,Permanent_Pastures_&_other_grazing_land,826
2023-24,Malkangiri,Govindapalli (Khairpat),163,Block,Land_under_misc_tree_crop_&_groves_not_included_in_net_area_sown,215
2023-24,Malkangiri,Govindapalli (Khairpat),163,Block,Cultivable_Waste,1059
2023-24,Malkangiri,Govindapalli (Khairpat),163,Block,Old_Fallows,1409
2023-24,Malkangiri,Govindapalli (Khairpat),163,Block,Current_Fallows,961
2023-24,Malkangiri,Govindapalli (Khairpat),163,Block,Net_Area_Sown_Irrigated,60
2023-24,Malkangiri,Govindapalli (Khairpat),163,Block,Net_Area_Sown_Unirrigated,9181
2023-24,Malkangiri,Govindapalli (Khairpat),163,Block,Net_Area_Sown_Total,9241
2023-24,Malkangiri,Govindapalli (Khairpat),163,Block,Total_Area_under_Survey,55062
2023-24,Malkangiri,URBAN,,Urban,Forest,257
2023-24,Malkangiri,URBAN,,Urban,Land_put_to_Non_Agricultural_use,59
2023-24,Malkangiri,URBAN,,Urban,Barren_&_Non_Cultivable_land,35
2023-24,Malkangiri,URBAN,,Urban,Permanent_Pastures_&_other_grazing_land,28
2023-24,Malkangiri,URBAN,,Urban,Land_under_misc_tree_crop_&_groves_not_included_in_net_area_sown,9
2023-24,Malkangiri,URBAN,,Urban,Cultivable_Waste,11
2023-24,Malkangiri,URBAN,,Urban,Old_Fallows,20
2023-24,Malkangiri,URBAN,,Urban,Current_Fallows,26
2023-24,Malkangiri,URBAN,,Urban,Net_Area_Sown_Irrigated,386
2023-24,Malkangiri,URBAN,,Urban,Net_Area_Sown_Unirrigated,1404
2023-24,Malkangiri,URBAN,,Urban,Net_Area_Sown_Total,1790
2023-24,Malkangiri,URBAN,,Urban,Total_Area_under_Survey,2235
2023-24,Mayurbhanj,Thakurmunda,199,Block,Forest,9037
2023-24,Mayurbhanj,Thakurmunda,199,Block,Land_put_to_Non_Agricultural_use,5654
2023-24,Mayurbhanj,Thakurmunda,199,Block,Barren_&_Non_Cultivable_land,507
2023-24,Mayurbhanj,Thakurmunda,199,Block,Permanent_Pastures_&_other_grazing_land,1694
2023-24,Mayurbhanj,Thakurmunda,199,Block,Land_under_misc_tree_crop_&_groves_not_included_in_net_area_sown,736
2023-24,Mayurbhanj,Thakurmunda,199,Block,Cultivable_Waste,2397
2023-24,Mayurbhanj,Thakurmunda,199,Block,Old_Fallows,2937
2023-24,Mayurbhanj,Thakurmunda,199,Block,Current_Fallows,4131
2023-24,Mayurbhanj,Thakurmunda,199,Block,Net_Area_Sown_Irrigated,590
2023-24,Mayurbhanj,Thakurmunda,199,Block,Net_Area_Sown_Unirrigated,14764
2023-24,Mayurbhanj,Thakurmunda,199,Block,Net_Area_Sown_Total,15354
2023-24,Mayurbhanj,Thakurmunda,199,Block,Total_Area_under_Survey,42447
2023-24,Mayurbhanj,kaptipada,200,Block,Forest,6215
2023-24,Mayurbhanj,kaptipada,200,Block,Land_put_to_Non_Agricultural_use,5161
2023-24,Mayurbhanj,kaptipada,200,Block,Barren_&_Non_Cultivable_land,1204
2023-24,Mayurbhanj,kaptipada,200,Block,Permanent_Pastures_&_other_grazing_land,1869
2023-24,Mayurbhanj,kaptipada,200,Block,Land_under_misc_tree_crop_&_groves_not_included_in_net_area_sown,401
2023-24,Mayurbhanj,kaptipada,200,Block,Cultivable_Waste,5132
2023-24,Mayurbhanj,kaptipada,200,Block,Old_Fallows,6944
2023-24,Mayurbhanj,kaptipada,200,Block,Current_Fallows,5758
2023-24,Mayurbhanj,kaptipada,200,Block,Net_Area_Sown_Irrigated,10983
2023-24,Mayurbhanj,kaptipada,200,Block,Net_Area_Sown_Unirrigated,10094
2023-24,Mayurbhanj,kaptipada,200,Block,Net_Area_Sown_Total,21077
2023-24,Mayurbhanj,kaptipada,200,Block,Total_Area_under_Survey,53761
2023-24,Mayurbhanj,Udala,201,Block,Forest,667
2023-24,Mayurbhanj,Udala,201,Block,Land_put_to_Non_Agricultural_use,2119
2023-24,Mayurbhanj,Udala,201,Block,Barren_&_Non_Cultivable_land,138
2023-24,Mayurbhanj,Udala,201,Block,Permanent_Pastures_&_other_grazing_land,1028
2023-24,Mayurbhanj,Udala,201,Block,Land_under_misc_tree_crop_&_groves_not_included_in_net_area_sown,452
2023-24,Mayurbhanj,Udala,201,Block,Cultivable_Waste,1258
2023-24,Mayurbhanj,Udala,201,Block,Old_Fallows,1031
2023-24,Mayurbhanj,Udala,201,Block,Current_Fallows,1205
2023-24,Mayurbhanj,Udala,201,Block,Net_Area_Sown_Irrigated,3567
2023-24,Mayurbhanj,Udala,201,Block,Net_Area_Sown_Unirrigated,7804
2023-24,Mayurbhanj,Udala,201,Block,Net_Area_Sown_Total,11371
2023-24,Mayurbhanj,Udala,201,Block,Total_Area_under_Survey,19269
2023-24,Mayurbhanj,Khunta,202,Block,Forest,394
2023-24,Mayurbhanj,Khunta,202,Block,Land_put_to_Non_Agricultural_use,2988
2023-24,Mayurbhanj,Khunta,202,Block,Barren_&_Non_Cultivable_land,173
2023-24,Mayurbhanj,Khunta,202,Block,Permanent_Pastures_&_other_grazing_land,827
2023-24,Mayurbhanj,Khunta,202,Block,Land_under_misc_tree_crop_&_groves_not_included_in_net_area_sown,481
2023-24,Mayurbhanj,Khunta,202,Block,Cultivable_Waste,1935
2023-24,Mayurbhanj,Khunta,202,Block,Old_Fallows,1914
2023-24,Mayurbhanj,Khunta,202,Block,Current_Fallows,800
2023-24,Mayurbhanj,Khunta,202,Block,Net_Area_Sown_Irrigated,7500
2023-24,Mayurbhanj,Khunta,202,Block,Net_Area_Sown_Unirrigated,5144
2023-24,Mayurbhanj,Khunta,202,Block,Net_Area_Sown_Total,12644
2023-24,Mayurbhanj,Khunta,202,Block,Total_Area_under_Survey,22156
2023-24,Mayurbhanj,Gopabandhunagar,203,Block,Forest,276
2023-24,Mayurbhanj,Gopabandhunagar,203,Block,Land_put_to_Non_Agricultural_use,2928
2023-24,Mayurbhanj,Gopabandhunagar,203,Block,Barren_&_Non_Cultivable_land,446
2023-24,Mayurbhanj,Gopabandhunagar,203,Block,Permanent_Pastures_&_other_grazing_land,435
2023-24,Mayurbhanj,Gopabandhunagar,203,Block,Land_under_misc_tree_crop_&_groves_not_included_in_net_area_sown,298
2023-24,Mayurbhanj,Gopabandhunagar,203,Block,Cultivable_Waste,193
2023-24,Mayurbhanj,Gopabandhunagar,203,Block,Old_Fallows,462
2023-24,Mayurbhanj,Gopabandhunagar,203,Block,Current_Fallows,553
2023-24,Mayurbhanj,Gopabandhunagar,203,Block,Net_Area_Sown_Irrigated,4735
2023-24,Mayurbhanj,Gopabandhunagar,203,Block,Net_Area_Sown_Unirrigated,5788
2023-24,Mayurbhanj,Gopabandhunagar,203,Block,Net_Area_Sown_Total,10523
2023-24,Mayurbhanj,Gopabandhunagar,203,Block,Total_Area_under_Survey,16114
2023-24,Mayurbhanj,Badasahi,204,Block,Forest,745
2023-24,Mayurbhanj,Badasahi,204,Block,Land_put_to_Non_Agricultural_use,3358
2023-24,Mayurbhanj,Badasahi,204,Block,Barren_&_Non_Cultivable_land,107
2023-24,Mayurbhanj,Badasahi,204,Block,Permanent_Pastures_&_other_grazing_land,1400
2023-24,Mayurbhanj,Badasahi,204,Block,Land_under_misc_tree_crop_&_groves_not_included_in_net_area_sown,970
2023-24,Mayurbhanj,Badasahi,204,Block,Cultivable_Waste,2983
2023-24,Mayurbhanj,Badasahi,204,Block,Old_Fallows,2373
2023-24,Mayurbhanj,Badasahi,204,Block,Current_Fallows,2534
2023-24,Mayurbhanj,Badasahi,204,Block,Net_Area_Sown_Irrigated,2146
2023-24,Mayurbhanj,Badasahi,204,Block,Net_Area_Sown_Unirrigated,15530
2023-24,Mayurbhanj,Badasahi,204,Block,Net_Area_Sown_Total,17676
2023-24,Mayurbhanj,Badasahi,204,Block,Total_Area_under_Survey,32146
2023-24,Mayurbhanj,Betanati,205,Block,Forest,2956
2023-24,Mayurbhanj,Betanati,205,Block,Land_put_to_Non_Agricultural_use,3677
2023-24,Mayurbhanj,Betanati,205,Block,Barren_&_Non_Cultivable_land,268
2023-24,Mayurbhanj,Betanati,205,Block,Permanent_Pastures_&_other_grazing_land,831
2023-24,Mayurbhanj,Betanati,205,Block,Land_under_misc_tree_crop_&_groves_not_included_in_net_area_sown,1043
2023-24,Mayurbhanj,Betanati,205,Block,Cultivable_Waste,1913
2023-24,Mayurbhanj,Betanati,205,Block,Old_Fallows,1754
2023-24,Mayurbhanj,Betanati,205,Block,Current_Fallows,2241
2023-24,Mayurbhanj,Betanati,205,Block,Net_Area_Sown_Irrigated,574
2023-24,Mayurbhanj,Betanati,205,Block,Net_Area_Sown_Unirrigated,13614
2023-24,Mayurbhanj,Betanati,205,Block,Net_Area_Sown_Total,14188
2023-24,Mayurbhanj,Betanati,205,Block,Total_Area_under_Survey,28871
2023-24,Mayurbhanj,Rasagobindapur,206,Block,Forest,261
2023-24,Mayurbhanj,Rasagobindapur,206,Block,Land_put_to_Non_Agricultural_use,3432
2023-24,Mayurbhanj,Rasagobindapur,206,Block,Barren_&_Non_Cultivable_land,79
2023-24,Mayurbhanj,Rasagobindapur,206,Block,Permanent_Pastures_&_other_grazing_land,554
2023-24,Mayurbhanj,Rasagobindapur,206,Block,Land_under_misc_tree_crop_&_groves_not_included_in_net_area_sown,2565
2023-24,Mayurbhanj,Rasagobindapur,206,Block,Cultivable_Waste,2211
2023-24,Mayurbhanj,Rasagobindapur,206,Block,Old_Fallows,1681
2023-24,Mayurbhanj,Rasagobindapur,206,Block,Current_Fallows,2186
2023-24,Mayurbhanj,Rasagobindapur,206,Block,Net_Area_Sown_Irrigated,609
2023-24,Mayurbhanj,Rasagobindapur,206,Block,Net_Area_Sown_Unirrigated,7120
2023-24,Mayurbhanj,Rasagobindapur,206,Block,Net_Area_Sown_Total,7729
2023-24,Mayurbhanj,Rasagobindapur,206,Block,Total_Area_under_Survey,20698
2023-24,Mayurbhanj,Muruda,207,Block,Forest,1231
2023-24,Mayurbhanj,Muruda,207,Block,Land_put_to_Non_Agricultural_use,2160
2023-24,Mayurbhanj,Muruda,207,Block,Barren_&_Non_Cultivable_land,20
2023-24,Mayurbhanj,Muruda,207,Block,Permanent_Pastures_&_other_grazing_land,1181
2023-24,Mayurbhanj,Muruda,207,Block,Land_under_misc_tree_crop_&_groves_not_included_in_net_area_sown,4443
2023-24,Mayurbhanj,Muruda,207,Block,Cultivable_Waste,5497
2023-24,Mayurbhanj,Muruda,207,Block,Old_Fallows,1762
2023-24,Mayurbhanj,Muruda,207,Block,Current_Fallows,1289
2023-24,Mayurbhanj,Muruda,207,Block,Net_Area_Sown_Irrigated,2484
2023-24,Mayurbhanj,Muruda,207,Block,Net_Area_Sown_Unirrigated,7629
2023-24,Mayurbhanj,Muruda,207,Block,Net_Area_Sown_Total,10113
2023-24,Mayurbhanj,Muruda,207,Block,Total_Area_under_Survey,27696
2023-24,Mayurbhanj,Baripada,208,Block,Forest,1246
2023-24,Mayurbhanj,Baripada,208,Block,Land_put_to_Non_Agricultural_use,2412
2023-24,Mayurbhanj,Baripada,208,Block,Barren_&_Non_Cultivable_land,16
2023-24,Mayurbhanj,Baripada,208,Block,Permanent_Pastures_&_other_grazing_land,946
2023-24,Mayurbhanj,Baripada,208,Block,Land_under_misc_tree_crop_&_groves_not_included_in_net_area_sown,2112
2023-24,Mayurbhanj,Baripada,208,Block,Cultivable_Waste,1898
2023-24,Mayurbhanj,Baripada,208,Block,Old_Fallows,1219
2023-24,Mayurbhanj,Baripada,208,Block,Current_Fallows,1185
2023-24,Mayurbhanj,Baripada,208,Block,Net_Area_Sown_Irrigated,3645
2023-24,Mayurbhanj,Baripada,208,Block,Net_Area_Sown_Unirrigated,4537
2023-24,Mayurbhanj,Baripada,208,Block,Net_Area_Sown_Total,8182
2023-24,Mayurbhanj,Baripada,208,Block,Total_Area_under_Survey,19216
2023-24,Mayurbhanj,Suliapada,209,Block,Forest,955
2023-24,Mayurbhanj,Suliapada,209,Block,Land_put_to_Non_Agricultural_use,2758
2023-24,Mayurbhanj,Suliapada,209,Block,Barren_&_Non_Cultivable_land,10
2023-24,Mayurbhanj,Suliapada,209,Block,Permanent_Pastures_&_other_grazing_land,1120
2023-24,Mayurbhanj,Suliapada,209,Block,Land_under_misc_tree_crop_&_groves_not_included_in_net_area_sown,3386
2023-24,Mayurbhanj,Suliapada,209,Block,Cultivable_Waste,2296
2023-24,Mayurbhanj,Suliapada,209,Block,Old_Fallows,2316
2023-24,Mayurbhanj,Suliapada,209,Block,Current_Fallows,2458
2023-24,Mayurbhanj,Suliapada,209,Block,Net_Area_Sown_Irrigated,7127
2023-24,Mayurbhanj,Suliapada,209,Block,Net_Area_Sown_Unirrigated,4105
2023-24,Mayurbhanj,Suliapada,209,Block,Net_Area_Sown_Total,11232
2023-24,Mayurbhanj,Suliapada,209,Block,Total_Area_under_Survey,26531
2023-24,Mayurbhanj,Kuliana,210,Block,Forest,3338
2023-24,Mayurbhanj,Kuliana,210,Block,Land_put_to_Non_Agricultural_use,4521
2023-24,Mayurbhanj,Kuliana,210,Block,Barren_&_Non_Cultivable_land,943
2023-24,Mayurbhanj,Kuliana,210,Block,Permanent_Pastures_&_other_grazing_land,2106
2023-24,Mayurbhanj,Kuliana,210,Block,Land_under_misc_tree_crop_&_groves_not_included_in_net_area_sown,1238
2023-24,Mayurbhanj,Kuliana,210,Block,Cultivable_Waste,3113
2023-24,Mayurbhanj,Kuliana,210,Block,Old_Fallows,1670
2023-24,Mayurbhanj,Kuliana,210,Block,Current_Fallows,1508
2023-24,Mayurbhanj,Kuliana,210,Block,Net_Area_Sown_Irrigated,2442
2023-24,Mayurbhanj,Kuliana,210,Block,Net_Area_Sown_Unirrigated,7170
2023-24,Mayurbhanj,Kuliana,210,Block,Net_Area_Sown_Total,9612
2023-24,Mayurbhanj,Kuliana,210,Block,Total_Area_under_Survey,28049
2023-24,Mayurbhanj,Shyamkhunta,211,Block,Forest,5216
2023-24,Mayurbhanj,Shyamkhunta,211,Block,Land_put_to_Non_Agricultural_use,1970
2023-24,Mayurbhanj,Shyamkhunta,211,Block,Barren_&_Non_Cultivable_land,82
2023-24,Mayurbhanj,Shyamkhunta,211,Block,Permanent_Pastures_&_other_grazing_land,952
2023-24,Mayurbhanj,Shyamkhunta,211,Block,Land_under_misc_tree_crop_&_groves_not_included_in_net_area_sown,352
2023-24,Mayurbhanj,Shyamkhunta,211,Block,Cultivable_Waste,1415
2023-24,Mayurbhanj,Shyamkhunta,211,Block,Old_Fallows,1181
2023-24,Mayurbhanj,Shyamkhunta,211,Block,Current_Fallows,922
2023-24,Mayurbhanj,Shyamkhunta,211,Block,Net_Area_Sown_Irrigated,4367
2023-24,Mayurbhanj,Shyamkhunta,211,Block,Net_Area_Sown_Unirrigated,3135
2023-24,Mayurbhanj,Shyamkhunta,211,Block,Net_Area_Sown_Total,7502
2023-24,Mayurbhanj,Shyamkhunta,211,Block,Total_Area_under_Survey,19592
2023-24,Mayurbhanj,Karanjia,212,Block,Forest,2724
2023-24,Mayurbhanj,Karanjia,212,Block,Land_put_to_Non_Agricultural_use,5807
2023-24,Mayurbhanj,Karanjia,212,Block,Barren_&_Non_Cultivable_land,436
2023-24,Mayurbhanj,Karanjia,212,Block,Permanent_Pastures_&_other_grazing_land,1129
2023-24,Mayurbhanj,Karanjia,212,Block,Land_under_misc_tree_crop_&_groves_not_included_in_net_area_sown,848
2023-24,Mayurbhanj,Karanjia,212,Block,Cultivable_Waste,1594
2023-24,Mayurbhanj,Karanjia,212,Block,Old_Fallows,3788
2023-24,Mayurbhanj,Karanjia,212,Block,Current_Fallows,4299
2023-24,Mayurbhanj,Karanjia,212,Block,Net_Area_Sown_Irrigated,483
2023-24,Mayurbhanj,Karanjia,212,Block,Net_Area_Sown_Unirrigated,9586
2023-24,Mayurbhanj,Karanjia,212,Block,Net_Area_Sown_Total,10069
2023-24,Mayurbhanj,Karanjia,212,Block,Total_Area_under_Survey,30694
2023-24,Mayurbhanj,Sukruli,213,Block,Forest,426
2023-24,Mayurbhanj,Sukruli,213,Block,Land_put_to_Non_Agricultural_use,3350
2023-24,Mayurbhanj,Sukruli,213,Block,Barren_&_Non_Cultivable_land,439
2023-24,Mayurbhanj,Sukruli,213,Block,Permanent_Pastures_&_other_grazing_land,753
2023-24,Mayurbhanj,Sukruli,213,Block,Land_under_misc_tree_crop_&_groves_not_included_in_net_area_sown,118
2023-24,Mayurbhanj,Sukruli,213,Block,Cultivable_Waste,1449
2023-24,Mayurbhanj,Sukruli,213,Block,Old_Fallows,2292
2023-24,Mayurbhanj,Sukruli,213,Block,Current_Fallows,2159
2023-24,Mayurbhanj,Sukruli,213,Block,Net_Area_Sown_Irrigated,294
2023-24,Mayurbhanj,Sukruli,213,Block,Net_Area_Sown_Unirrigated,6078
2023-24,Mayurbhanj,Sukruli,213,Block,Net_Area_Sown_Total,6372
2023-24,Mayurbhanj,Sukruli,213,Block,Total_Area_under_Survey,17358
2023-24,Mayurbhanj,Raruan,214,Block,Forest,1182
2023-24,Mayurbhanj,Raruan,214,Block,Land_put_to_Non_Agricultural_use,3976
2023-24,Mayurbhanj,Raruan,214,Block,Barren_&_Non_Cultivable_land,643
2023-24,Mayurbhanj,Raruan,214,Block,Permanent_Pastures_&_other_grazing_land,578
2023-24,Mayurbhanj,Raruan,214,Block,Land_under_misc_tree_crop_&_groves_not_included_in_net_area_sown,237
2023-24,Mayurbhanj,Raruan,214,Block,Cultivable_Waste,1670
2023-24,Mayurbhanj,Raruan,214,Block,Old_Fallows,1852
2023-24,Mayurbhanj,Raruan,214,Block,Current_Fallows,2774
2023-24,Mayurbhanj,Raruan,214,Block,Net_Area_Sown_Irrigated,551
2023-24,Mayurbhanj,Raruan,214,Block,Net_Area_Sown_Unirrigated,7776
2023-24,Mayurbhanj,Raruan,214,Block,Net_Area_Sown_Total,8327
2023-24,Mayurbhanj,Raruan,214,Block,Total_Area_under_Survey,21239
2023-24,Mayurbhanj,Jashipur,215,Block,Forest,8194
2023-24,Mayurbhanj,Jashipur,215,Block,Land_put_to_Non_Agricultural_use,3518
2023-24,Mayurbhanj,Jashipur,215,Block,Barren_&_Non_Cultivable_land,210
2023-24,Mayurbhanj,Jashipur,215,Block,Permanent_Pastures_&_other_grazing_land,1071
2023-24,Mayurbhanj,Jashipur,215,Block,Land_under_misc_tree_crop_&_groves_not_included_in_net_area_sown,441
2023-24,Mayurbhanj,Jashipur,215,Block,Cultivable_Waste,4947
2023-24,Mayurbhanj,Jashipur,215,Block,Old_Fallows,4494
2023-24,Mayurbhanj,Jashipur,215,Block,Current_Fallows,4841
2023-24,Mayurbhanj,Jashipur,215,Block,Net_Area_Sown_Irrigated,1155
2023-24,Mayurbhanj,Jashipur,215,Block,Net_Area_Sown_Unirrigated,12543
2023-24,Mayurbhanj,Jashipur,215,Block,Net_Area_Sown_Total,13698
2023-24,Mayurbhanj,Jashipur,215,Block,Total_Area_under_Survey,41414
2023-24,Mayurbhanj,Bangiriposhi,216,Block,Forest,4630
2023-24,Mayurbhanj,Bangiriposhi,216,Block,Land_put_to_Non_Agricultural_use,2208
2023-24,Mayurbhanj,Bangiriposhi,216,Block,Barren_&_Non_Cultivable_land,3523
2023-24,Mayurbhanj,Bangiriposhi,216,Block,Permanent_Pastures_&_other_grazing_land,879
2023-24,Mayurbhanj,Bangiriposhi,216,Block,Land_under_misc_tree_crop_&_groves_not_included_in_net_area_sown,214
2023-24,Mayurbhanj,Bangiriposhi,216,Block,Cultivable_Waste,3013
2023-24,Mayurbhanj,Bangiriposhi,216,Block,Old_Fallows,1265
2023-24,Mayurbhanj,Bangiriposhi,216,Block,Current_Fallows,1108
2023-24,Mayurbhanj,Bangiriposhi,216,Block,Net_Area_Sown_Irrigated,921
2023-24,Mayurbhanj,Bangiriposhi,216,Block,Net_Area_Sown_Unirrigated,12614
2023-24,Mayurbhanj,Bangiriposhi,216,Block,Net_Area_Sown_Total,13535
2023-24,Mayurbhanj,Bangiriposhi,216,Block,Total_Area_under_Survey,30375
2023-24,Mayurbhanj,Sarasakana,217,Block,Forest,2714
2023-24,Mayurbhanj,Sarasakana,217,Block,Land_put_to_Non_Agricultural_use,3271
2023-24,Mayurbhanj,Sarasakana,217,Block,Barren_&_Non_Cultivable_land,444
2023-24,Mayurbhanj,Sarasakana,217,Block,Permanent_Pastures_&_other_grazing_land,2524
2023-24,Mayurbhanj,Sarasakana,217,Block,Land_under_misc_tree_crop_&_groves_not_included_in_net_area_sown,245
2023-24,Mayurbhanj,Sarasakana,217,Block,Cultivable_Waste,1985
2023-24,Mayurbhanj,Sarasakana,217,Block,Old_Fallows,1909
2023-24,Mayurbhanj,Sarasakana,217,Block,Current_Fallows,2477
2023-24,Mayurbhanj,Sarasakana,217,Block,Net_Area_Sown_Irrigated,1365
2023-24,Mayurbhanj,Sarasakana,217,Block,Net_Area_Sown_Unirrigated,13396
2023-24,Mayurbhanj,Sarasakana,217,Block,Net_Area_Sown_Total,14761
2023-24,Mayurbhanj,Sarasakana,217,Block,Total_Area_under_Survey,30330
2023-24,Mayurbhanj,Bisoi,218,Block,Forest,3860
2023-24,Mayurbhanj,Bisoi,218,Block,Land_put_to_Non_Agricultural_use,2495
2023-24,Mayurbhanj,Bisoi,218,Block,Barren_&_Non_Cultivable_land,2957
2023-24,Mayurbhanj,Bisoi,218,Block,Permanent_Pastures_&_other_grazing_land,2371
2023-24,Mayurbhanj,Bisoi,218,Block,Land_under_misc_tree_crop_&_groves_not_included_in_net_area_sown,552
2023-24,Mayurbhanj,Bisoi,218,Block,Cultivable_Waste,3197
2023-24,Mayurbhanj,Bisoi,218,Block,Old_Fallows,2242
2023-24,Mayurbhanj,Bisoi,218,Block,Current_Fallows,1528
2023-24,Mayurbhanj,Bisoi,218,Block,Net_Area_Sown_Irrigated,469
2023-24,Mayurbhanj,Bisoi,218,Block,Net_Area_Sown_Unirrigated,9632
2023-24,Mayurbhanj,Bisoi,218,Block,Net_Area_Sown_Total,10101
2023-24,Mayurbhanj,Bisoi,218,Block,Total_Area_under_Survey,29303
2023-24,Mayurbhanj,Bijatola,219,Block,Forest,1985
2023-24,Mayurbhanj,Bijatola,219,Block,Land_put_to_Non_Agricultural_use,3384
2023-24,Mayurbhanj,Bijatola,219,Block,Barren_&_Non_Cultivable_land,774
2023-24,Mayurbhanj,Bijatola,219,Block,Permanent_Pastures_&_other_grazing_land,519
2023-24,Mayurbhanj,Bijatola,219,Block,Land_under_misc_tree_crop_&_groves_not_included_in_net_area_sown,24
2023-24,Mayurbhanj,Bijatola,219,Block,Cultivable_Waste,1006
2023-24,Mayurbhanj,Bijatola,219,Block,Old_Fallows,516
2023-24,Mayurbhanj,Bijatola,219,Block,Current_Fallows,773
2023-24,Mayurbhanj,Bijatola,219,Block,Net_Area_Sown_Irrigated,344
2023-24,Mayurbhanj,Bijatola,219,Block,Net_Area_Sown_Unirrigated,13991
2023-24,Mayurbhanj,Bijatola,219,Block,Net_Area_Sown_Total,14335
2023-24,Mayurbhanj,Bijatola,219,Block,Total_Area_under_Survey,23316
2023-24,Mayurbhanj,Kusumi,220,Block,Forest,2021
2023-24,Mayurbhanj,Kusumi,220,Block,Land_put_to_Non_Agricultural_use,3074
2023-24,Mayurbhanj,Kusumi,220,Block,Barren_&_Non_Cultivable_land,554
2023-24,Mayurbhanj,Kusumi,220,Block,Permanent_Pastures_&_other_grazing_land,2171
2023-24,Mayurbhanj,Kusumi,220,Block,Land_under_misc_tree_crop_&_groves_not_included_in_net_area_sown,156
2023-24,Mayurbhanj,Kusumi,220,Block,Cultivable_Waste,1374
2023-24,Mayurbhanj,Kusumi,220,Block,Old_Fallows,3125
2023-24,Mayurbhanj,Kusumi,220,Block,Current_Fallows,3265
2023-24,Mayurbhanj,Kusumi,220,Block,Net_Area_Sown_Irrigated,4157
2023-24,Mayurbhanj,Kusumi,220,Block,Net_Area_Sown_Unirrigated,10412
2023-24,Mayurbhanj,Kusumi,220,Block,Net_Area_Sown_Total,14569
2023-24,Mayurbhanj,Kusumi,220,Block,Total_Area_under_Survey,30309
2023-24,Mayurbhanj,Jamada,221,Block,Forest,271
2023-24,Mayurbhanj,Jamada,221,Block,Land_put_to_Non_Agricultural_use,1960
2023-24,Mayurbhanj,Jamada,221,Block,Barren_&_Non_Cultivable_land,1256
2023-24,Mayurbhanj,Jamada,221,Block,Permanent_Pastures_&_other_grazing_land,2572
2023-24,Mayurbhanj,Jamada,221,Block,Land_under_misc_tree_crop_&_groves_not_included_in_net_area_sown,134
2023-24,Mayurbhanj,Jamada,221,Block,Cultivable_Waste,1070
2023-24,Mayurbhanj,Jamada,221,Block,Old_Fallows,1794
2023-24,Mayurbhanj,Jamada,221,Block,Current_Fallows,1453
2023-24,Mayurbhanj,Jamada,221,Block,Net_Area_Sown_Irrigated,373
2023-24,Mayurbhanj,Jamada,221,Block,Net_Area_Sown_Unirrigated,10149
2023-24,Mayurbhanj,Jamada,221,Block,Net_Area_Sown_Total,10522
2023-24,Mayurbhanj,Jamada,221,Block,Total_Area_under_Survey,21032
2023-24,Mayurbhanj,Rairangapur,222,Block,Forest,1790
2023-24,Mayurbhanj,Rairangapur,222,Block,Land_put_to_Non_Agricultural_use,3356
2023-24,Mayurbhanj,Rairangapur,222,Block,Barren_&_Non_Cultivable_land,421
2023-24,Mayurbhanj,Rairangapur,222,Block,Permanent_Pastures_&_other_grazing_land,752
2023-24,Mayurbhanj,Rairangapur,222,Block,Land_under_misc_tree_crop_&_groves_not_included_in_net_area_sown,1597
2023-24,Mayurbhanj,Rairangapur,222,Block,Cultivable_Waste,417
2023-24,Mayurbhanj,Rairangapur,222,Block,Old_Fallows,414
2023-24,Mayurbhanj,Rairangapur,222,Block,Current_Fallows,469
2023-24,Mayurbhanj,Rairangapur,222,Block,Net_Area_Sown_Irrigated,1103
2023-24,Mayurbhanj,Rairangapur,222,Block,Net_Area_Sown_Unirrigated,9331
2023-24,Mayurbhanj,Rairangapur,222,Block,Net_Area_Sown_Total,10434
2023-24,Mayurbhanj,Rairangapur,222,Block,Total_Area_under_Survey,19650
2023-24,Mayurbhanj,Bahalda,223,Block,Forest,902
2023-24,Mayurbhanj,Bahalda,223,Block,Land_put_to_Non_Agricultural_use,7823
2023-24,Mayurbhanj,Bahalda,223,Block,Barren_&_Non_Cultivable_land,313
2023-24,Mayurbhanj,Bahalda,223,Block,Permanent_Pastures_&_other_grazing_land,1234
2023-24,Mayurbhanj,Bahalda,223,Block,Land_under_misc_tree_crop_&_groves_not_included_in_net_area_sown,292
2023-24,Mayurbhanj,Bahalda,223,Block,Cultivable_Waste,134
2023-24,Mayurbhanj,Bahalda,223,Block,Old_Fallows,198
2023-24,Mayurbhanj,Bahalda,223,Block,Current_Fallows,64
2023-24,Mayurbhanj,Bahalda,223,Block,Net_Area_Sown_Irrigated,59
2023-24,Mayurbhanj,Bahalda,223,Block,Net_Area_Sown_Unirrigated,13417
2023-24,Mayurbhanj,Bahalda,223,Block,Net_Area_Sown_Total,13476
2023-24,Mayurbhanj,Bahalda,223,Block,Total_Area_under_Survey,24436
2023-24,Mayurbhanj,Tiringi,224,Block,Forest,182
2023-24,Mayurbhanj,Tiringi,224,Block,Land_put_to_Non_Agricultural_use,1931
2023-24,Mayurbhanj,Tiringi,224,Block,Barren_&_Non_Cultivable_land,90
2023-24,Mayurbhanj,Tiringi,224,Block,Permanent_Pastures_&_other_grazing_land,956
2023-24,Mayurbhanj,Tiringi,224,Block,Land_under_misc_tree_crop_&_groves_not_included_in_net_area_sown,79
2023-24,Mayurbhanj,Tiringi,224,Block,Cultivable_Waste,1028
2023-24,Mayurbhanj,Tiringi,224,Block,Old_Fallows,1210
2023-24,Mayurbhanj,Tiringi,224,Block,Current_Fallows,1303
2023-24,Mayurbhanj,Tiringi,224,Block,Net_Area_Sown_Irrigated,405
2023-24,Mayurbhanj,Tiringi,224,Block,Net_Area_Sown_Unirrigated,8935
2023-24,Mayurbhanj,Tiringi,224,Block,Net_Area_Sown_Total,9340
2023-24,Mayurbhanj,Tiringi,224,Block,Total_Area_under_Survey,16119
2023-24,Mayurbhanj,URBAN,,Urban,Forest,827
2023-24,Mayurbhanj,URBAN,,Urban,Land_put_to_Non_Agricultural_use,1164
2023-24,Mayurbhanj,URBAN,,Urban,Barren_&_Non_Cultivable_land,209
2023-24,Mayurbhanj,URBAN,,Urban,Permanent_Pastures_&_other_grazing_land,423
2023-24,Mayurbhanj,URBAN,,Urban,Land_under_misc_tree_crop_&_groves_not_included_in_net_area_sown,306
2023-24,Mayurbhanj,URBAN,,Urban,Cultivable_Waste,718
2023-24,Mayurbhanj,URBAN,,Urban,Old_Fallows,682
2023-24,Mayurbhanj,URBAN,,Urban,Current_Fallows,694
2023-24,Mayurbhanj,URBAN,,Urban,Net_Area_Sown_Irrigated,379
2023-24,Mayurbhanj,URBAN,,Urban,Net_Area_Sown_Unirrigated,1709
2023-24,Mayurbhanj,URBAN,,Urban,Net_Area_Sown_Total,2088
2023-24,Mayurbhanj,URBAN,,Urban,Total_Area_under_Survey,7111
2023-24,Nuapada,Sinapali,139,Block,Forest,5229
2023-24,Nuapada,Sinapali,139,Block,Land_put_to_Non_Agricultural_use,4886
2023-24,Nuapada,Sinapali,139,Block,Barren_&_Non_Cultivable_land,1550
2023-24,Nuapada,Sinapali,139,Block,Permanent_Pastures_&_other_grazing_land,1942
2023-24,Nuapada,Sinapali,139,Block,Land_under_misc_tree_crop_&_groves_not_included_in_net_area_sown,156
2023-24,Nuapada,Sinapali,139,Block,Cultivable_Waste,534
2023-24,Nuapada,Sinapali,139,Block,Old_Fallows,1860
2023-24,Nuapada,Sinapali,139,Block,Current_Fallows,5136
2023-24,Nuapada,Sinapali,139,Block,Net_Area_Sown_Irrigated,780
2023-24,Nuapada,Sinapali,139,Block,Net_Area_Sown_Unirrigated,19463
2023-24,Nuapada,Sinapali,139,Block,Net_Area_Sown_Total,20243
2023-24,Nuapada,Sinapali,139,Block,Total_Area_under_Survey,41536
2023-24,Nuapada,Khariar,140,Block,Forest,1965
2023-24,Nuapada,Khariar,140,Block,Land_put_to_Non_Agricultural_use,3373
2023-24,Nuapada,Khariar,140,Block,Barren_&_Non_Cultivable_land,846
2023-24,Nuapada,Khariar,140,Block,Permanent_Pastures_&_other_grazing_land,1175
2023-24,Nuapada,Khariar,140,Block,Land_under_misc_tree_crop_&_groves_not_included_in_net_area_sown,114
2023-24,Nuapada,Khariar,140,Block,Cultivable_Waste,185
2023-24,Nuapada,Khariar,140,Block,Old_Fallows,1570
2023-24,Nuapada,Khariar,140,Block,Current_Fallows,3618
2023-24,Nuapada,Khariar,140,Block,Net_Area_Sown_Irrigated,1550
2023-24,Nuapada,Khariar,140,Block,Net_Area_Sown_Unirrigated,17557
2023-24,Nuapada,Khariar,140,Block,Net_Area_Sown_Total,19107
2023-24,Nuapada,Khariar,140,Block,Total_Area_under_Survey,31953
2023-24,Nuapada,Boden,141,Block,Forest,5888
2023-24,Nuapada,Boden,141,Block,Land_put_to_Non_Agricultural_use,2762
2023-24,Nuapada,Boden,141,Block,Barren_&_Non_Cultivable_land,875
2023-24,Nuapada,Boden,141,Block,Permanent_Pastures_&_other_grazing_land,1965
2023-24,Nuapada,Boden,141,Block,Land_under_misc_tree_crop_&_groves_not_included_in_net_area_sown,56
2023-24,Nuapada,Boden,141,Block,Cultivable_Waste,305
2023-24,Nuapada,Boden,141,Block,Old_Fallows,1212
2023-24,Nuapada,Boden,141,Block,Current_Fallows,3808
2023-24,Nuapada,Boden,141,Block,Net_Area_Sown_Irrigated,813
2023-24,Nuapada,Boden,141,Block,Net_Area_Sown_Unirrigated,16209
2023-24,Nuapada,Boden,141,Block,Net_Area_Sown_Total,17022
2023-24,Nuapada,Boden,141,Block,Total_Area_under_Survey,33893
2023-24,Nuapada,Komana,142,Block,Forest,7008
2023-24,Nuapada,Komana,142,Block,Land_put_to_Non_Agricultural_use,8669
2023-24,Nuapada,Komana,142,Block,Barren_&_Non_Cultivable_land,2786
2023-24,Nuapada,Komana,142,Block,Permanent_Pastures_&_other_grazing_land,3320
2023-24,Nuapada,Komana,142,Block,Land_under_misc_tree_crop_&_groves_not_included_in_net_area_sown,154
2023-24,Nuapada,Komana,142,Block,Cultivable_Waste,1145
2023-24,Nuapada,Komana,142,Block,Old_Fallows,1389
2023-24,Nuapada,Komana,142,Block,Current_Fallows,2683
2023-24,Nuapada,Komana,142,Block,Net_Area_Sown_Irrigated,4419
2023-24,Nuapada,Komana,142,Block,Net_Area_Sown_Unirrigated,33228
2023-24,Nuapada,Komana,142,Block,Net_Area_Sown_Total,37647
2023-24,Nuapada,Komana,142,Block,Total_Area_under_Survey,64801
2023-24,Nuapada,Nuapada,143,Block,Forest,10924
2023-24,Nuapada,Nuapada,143,Block,Land_put_to_Non_Agricultural_use,8261
2023-24,Nuapada,Nuapada,143,Block,Barren_&_Non_Cultivable_land,955
2023-24,Nuapada,Nuapada,143,Block,Permanent_Pastures_&_other_grazing_land,3534
2023-24,Nuapada,Nuapada,143,Block,Land_under_misc_tree_crop_&_groves_not_included_in_net_area_sown,199
2023-24,Nuapada,Nuapada,143,Block,Cultivable_Waste,1728
2023-24,Nuapada,Nuapada,143,Block,Old_Fallows,2370
2023-24,Nuapada,Nuapada,143,Block,Current_Fallows,6125
2023-24,Nuapada,Nuapada,143,Block,Net_Area_Sown_Irrigated,12745
2023-24,Nuapada,Nuapada,143,Block,Net_Area_Sown_Unirrigated,23796
2023-24,Nuapada,Nuapada,143,Block,Net_Area_Sown_Total,36541
2023-24,Nuapada,Nuapada,143,Block,Total_Area_under_Survey,70637
2023-24,Nuapada,URBAN,,Urban,Forest,1394
2023-24,Nuapada,URBAN,,Urban,Land_put_to_Non_Agricultural_use,1256
2023-24,Nuapada,URBAN,,Urban,Barren_&_Non_Cultivable_land,315
2023-24,Nuapada,URBAN,,Urban,Permanent_Pastures_&_other_grazing_land,536
2023-24,Nuapada,URBAN,,Urban,Land_under_misc_tree_crop_&_groves_not_included_in_net_area_sown,31
2023-24,Nuapada,URBAN,,Urban,Cultivable_Waste,175
2023-24,Nuapada,URBAN,,Urban,Old_Fallows,378
2023-24,Nuapada,URBAN,,Urban,Current_Fallows,960
2023-24,Nuapada,URBAN,,Urban,Net_Area_Sown_Irrigated,35
2023-24,Nuapada,URBAN,,Urban,Net_Area_Sown_Unirrigated,421
2023-24,Nuapada,URBAN,,Urban,Net_Area_Sown_Total,456
2023-24,Nuapada,URBAN,,Urban,Total_Area_under_Survey,5501
2023-24,Nayagarh,Ranapur,252,Block,Forest,2485
2023-24,Nayagarh,Ranapur,252,Block,Land_put_to_Non_Agricultural_use,4489
2023-24,Nayagarh,Ranapur,252,Block,Barren_&_Non_Cultivable_land,955
2023-24,Nayagarh,Ranapur,252,Block,Permanent_Pastures_&_other_grazing_land,3832
2023-24,Nayagarh,Ranapur,252,Block,Land_under_misc_tree_crop_&_groves_not_included_in_net_area_sown,2709
2023-24,Nayagarh,Ranapur,252,Block,Cultivable_Waste,3489
2023-24,Nayagarh,Ranapur,252,Block,Old_Fallows,1646
2023-24,Nayagarh,Ranapur,252,Block,Current_Fallows,524
2023-24,Nayagarh,Ranapur,252,Block,Net_Area_Sown_Irrigated,765
2023-24,Nayagarh,Ranapur,252,Block,Net_Area_Sown_Unirrigated,15026
2023-24,Nayagarh,Ranapur,252,Block,Net_Area_Sown_Total,15791
2023-24,Nayagarh,Ranapur,252,Block,Total_Area_under_Survey,35920
2023-24,Nayagarh,Nayagarh,262,Block,Forest,1851
2023-24,Nayagarh,Nayagarh,262,Block,Land_put_to_Non_Agricultural_use,6013
2023-24,Nayagarh,Nayagarh,262,Block,Barren_&_Non_Cultivable_land,542
2023-24,Nayagarh,Nayagarh,262,Block,Permanent_Pastures_&_other_grazing_land,884
2023-24,Nayagarh,Nayagarh,262,Block,Land_under_misc_tree_crop_&_groves_not_included_in_net_area_sown,525
2023-24,Nayagarh,Nayagarh,262,Block,Cultivable_Waste,1217
2023-24,Nayagarh,Nayagarh,262,Block,Old_Fallows,920
2023-24,Nayagarh,Nayagarh,262,Block,Current_Fallows,656
2023-24,Nayagarh,Nayagarh,262,Block,Net_Area_Sown_Irrigated,1691
2023-24,Nayagarh,Nayagarh,262,Block,Net_Area_Sown_Unirrigated,5800
2023-24,Nayagarh,Nayagarh,262,Block,Net_Area_Sown_Total,7491
2023-24,Nayagarh,Nayagarh,262,Block,Total_Area_under_Survey,20099
2023-24,Nayagarh,Odagaon,263,Block,Forest,1537
2023-24,Nayagarh,Odagaon,263,Block,Land_put_to_Non_Agricultural_use,3048
2023-24,Nayagarh,Odagaon,263,Block,Barren_&_Non_Cultivable_land,3104
2023-24,Nayagarh,Odagaon,263,Block,Permanent_Pastures_&_other_grazing_land,1881
2023-24,Nayagarh,Odagaon,263,Block,Land_under_misc_tree_crop_&_groves_not_included_in_net_area_sown,563
2023-24,Nayagarh,Odagaon,263,Block,Cultivable_Waste,2767
2023-24,Nayagarh,Odagaon,263,Block,Old_Fallows,1116
2023-24,Nayagarh,Odagaon,263,Block,Current_Fallows,1069
2023-24,Nayagarh,Odagaon,263,Block,Net_Area_Sown_Irrigated,2286
2023-24,Nayagarh,Odagaon,263,Block,Net_Area_Sown_Unirrigated,16436
2023-24,Nayagarh,Odagaon,263,Block,Net_Area_Sown_Total,18722
2023-24,Nayagarh,Odagaon,263,Block,Total_Area_under_Survey,33807
2023-24,Nayagarh,Nuagaon,264,Block,Forest,6952
2023-24,Nayagarh,Nuagaon,264,Block,Land_put_to_Non_Agricultural_use,4189
2023-24,Nayagarh,Nuagaon,264,Block,Barren_&_Non_Cultivable_land,1920
2023-24,Nayagarh,Nuagaon,264,Block,Permanent_Pastures_&_other_grazing_land,2495
2023-24,Nayagarh,Nuagaon,264,Block,Land_under_misc_tree_crop_&_groves_not_included_in_net_area_sown,1197
2023-24,Nayagarh,Nuagaon,264,Block,Cultivable_Waste,2054
2023-24,Nayagarh,Nuagaon,264,Block,Old_Fallows,2918
2023-24,Nayagarh,Nuagaon,264,Block,Current_Fallows,1521
2023-24,Nayagarh,Nuagaon,264,Block,Net_Area_Sown_Irrigated,852
2023-24,Nayagarh,Nuagaon,264,Block,Net_Area_Sown_Unirrigated,14949
2023-24,Nayagarh,Nuagaon,264,Block,Net_Area_Sown_Total,15801
2023-24,Nayagarh,Nuagaon,264,Block,Total_Area_under_Survey,39047
2023-24,Nayagarh,Khandapara,265,Block,Forest,1894
2023-24,Nayagarh,Khandapara,265,Block,Land_put_to_Non_Agricultural_use,3657
2023-24,Nayagarh,Khandapara,265,Block,Barren_&_Non_Cultivable_land,1208
2023-24,Nayagarh,Khandapara,265,Block,Permanent_Pastures_&_other_grazing_land,1222
2023-24,Nayagarh,Khandapara,265,Block,Land_under_misc_tree_crop_&_groves_not_included_in_net_area_sown,1214
2023-24,Nayagarh,Khandapara,265,Block,Cultivable_Waste,1515
2023-24,Nayagarh,Khandapara,265,Block,Old_Fallows,1306
2023-24,Nayagarh,Khandapara,265,Block,Current_Fallows,1029
2023-24,Nayagarh,Khandapara,265,Block,Net_Area_Sown_Irrigated,213
2023-24,Nayagarh,Khandapara,265,Block,Net_Area_Sown_Unirrigated,10185
2023-24,Nayagarh,Khandapara,265,Block,Net_Area_Sown_Total,10398
2023-24,Nayagarh,Khandapara,265,Block,Total_Area_under_Survey,23443
2023-24,Nayagarh,Bhapur,266,Block,Forest,654
2023-24,Nayagarh,Bhapur,266,Block,Land_put_to_Non_Agricultural_use,5399
2023-24,Nayagarh,Bhapur,266,Block,Barren_&_Non_Cultivable_land,1217
2023-24,Nayagarh,Bhapur,266,Block,Permanent_Pastures_&_other_grazing_land,431
2023-24,Nayagarh,Bhapur,266,Block,Land_under_misc_tree_crop_&_groves_not_included_in_net_area_sown,412
2023-24,Nayagarh,Bhapur,266,Block,Cultivable_Waste,596
2023-24,Nayagarh,Bhapur,266,Block,Old_Fallows,561
2023-24,Nayagarh,Bhapur,266,Block,Current_Fallows,640
2023-24,Nayagarh,Bhapur,266,Block,Net_Area_Sown_Irrigated,141
2023-24,Nayagarh,Bhapur,266,Block,Net_Area_Sown_Unirrigated,11005
2023-24,Nayagarh,Bhapur,266,Block,Net_Area_Sown_Total,11146
2023-24,Nayagarh,Bhapur,266,Block,Total_Area_under_Survey,21056
2023-24,Nayagarh,Gania,267,Block,Forest,2484
2023-24,Nayagarh,Gania,267,Block,Land_put_to_Non_Agricultural_use,5841
2023-24,Nayagarh,Gania,267,Block,Barren_&_Non_Cultivable_land,833
2023-24,Nayagarh,Gania,267,Block,Permanent_Pastures_&_other_grazing_land,442
2023-24,Nayagarh,Gania,267,Block,Land_under_misc_tree_crop_&_groves_not_included_in_net_area_sown,342
2023-24,Nayagarh,Gania,267,Block,Cultivable_Waste,122
2023-24,Nayagarh,Gania,267,Block,Old_Fallows,415
2023-24,Nayagarh,Gania,267,Block,Current_Fallows,1414
2023-24,Nayagarh,Gania,267,Block,Net_Area_Sown_Irrigated,66
2023-24,Nayagarh,Gania,267,Block,Net_Area_Sown_Unirrigated,4046
2023-24,Nayagarh,Gania,267,Block,Net_Area_Sown_Total,4112
2023-24,Nayagarh,Gania,267,Block,Total_Area_under_Survey,16005
2023-24,Nayagarh,Dasapallia,268,Block,Forest,22612
2023-24,Nayagarh,Dasapallia,268,Block,Land_put_to_Non_Agricultural_use,4515
2023-24,Nayagarh,Dasapallia,268,Block,Barren_&_Non_Cultivable_land,2850
2023-24,Nayagarh,Dasapallia,268,Block,Permanent_Pastures_&_other_grazing_land,2073
2023-24,Nayagarh,Dasapallia,268,Block,Land_under_misc_tree_crop_&_groves_not_included_in_net_area_sown,854
2023-24,Nayagarh,Dasapallia,268,Block,Cultivable_Waste,5269
2023-24,Nayagarh,Dasapallia,268,Block,Old_Fallows,3128
2023-24,Nayagarh,Dasapallia,268,Block,Current_Fallows,1683
2023-24,Nayagarh,Dasapallia,268,Block,Net_Area_Sown_Irrigated,379
2023-24,Nayagarh,Dasapallia,268,Block,Net_Area_Sown_Unirrigated,11370
2023-24,Nayagarh,Dasapallia,268,Block,Net_Area_Sown_Total,11749
2023-24,Nayagarh,Dasapallia,268,Block,Total_Area_under_Survey,54733
2023-24,Nayagarh,URBAN,,Urban,Forest,1943
2023-24,Nayagarh,URBAN,,Urban,Land_put_to_Non_Agricultural_use,1784
2023-24,Nayagarh,URBAN,,Urban,Barren_&_Non_Cultivable_land,606
2023-24,Nayagarh,URBAN,,Urban,Permanent_Pastures_&_other_grazing_land,637
2023-24,Nayagarh,URBAN,,Urban,Land_under_misc_tree_crop_&_groves_not_included_in_net_area_sown,376
2023-24,Nayagarh,URBAN,,Urban,Cultivable_Waste,818
2023-24,Nayagarh,URBAN,,Urban,Old_Fallows,577
2023-24,Nayagarh,URBAN,,Urban,Current_Fallows,409
2023-24,Nayagarh,URBAN,,Urban,Net_Area_Sown_Irrigated,8
2023-24,Nayagarh,URBAN,,Urban,Net_Area_Sown_Unirrigated,193
2023-24,Nayagarh,URBAN,,Urban,Net_Area_Sown_Total,201
2023-24,Nayagarh,URBAN,,Urban,Total_Area_under_Survey,7351
2023-24,Nowaragpur,Tentulikhunti,180,Block,Forest,3535
2023-24,Nowaragpur,Tentulikhunti,180,Block,Land_put_to_Non_Agricultural_use,2070
2023-24,Nowaragpur,Tentulikhunti,180,Block,Barren_&_Non_Cultivable_land,8945
2023-24,Nowaragpur,Tentulikhunti,180,Block,Permanent_Pastures_&_other_grazing_land,1413
2023-24,Nowaragpur,Tentulikhunti,180,Block,Land_under_misc_tree_crop_&_groves_not_included_in_net_area_sown,2464
2023-24,Nowaragpur,Tentulikhunti,180,Block,Cultivable_Waste,52
2023-24,Nowaragpur,Tentulikhunti,180,Block,Old_Fallows,517
2023-24,Nowaragpur,Tentulikhunti,180,Block,Current_Fallows,531
2023-24,Nowaragpur,Tentulikhunti,180,Block,Net_Area_Sown_Irrigated,381
2023-24,Nowaragpur,Tentulikhunti,180,Block,Net_Area_Sown_Unirrigated,13285
2023-24,Nowaragpur,Tentulikhunti,180,Block,Net_Area_Sown_Total,13666
2023-24,Nowaragpur,Tentulikhunti,180,Block,Total_Area_under_Survey,33193
2023-24,Nowaragpur,Nandahandi,181,Block,Forest,2550
2023-24,Nowaragpur,Nandahandi,181,Block,Land_put_to_Non_Agricultural_use,2648
2023-24,Nowaragpur,Nandahandi,181,Block,Barren_&_Non_Cultivable_land,505
2023-24,Nowaragpur,Nandahandi,181,Block,Permanent_Pastures_&_other_grazing_land,977
2023-24,Nowaragpur,Nandahandi,181,Block,Land_under_misc_tree_crop_&_groves_not_included_in_net_area_sown,661
2023-24,Nowaragpur,Nandahandi,181,Block,Cultivable_Waste,586
2023-24,Nowaragpur,Nandahandi,181,Block,Old_Fallows,452
2023-24,Nowaragpur,Nandahandi,181,Block,Current_Fallows,287
2023-24,Nowaragpur,Nandahandi,181,Block,Net_Area_Sown_Irrigated,1183
2023-24,Nowaragpur,Nandahandi,181,Block,Net_Area_Sown_Unirrigated,10279
2023-24,Nowaragpur,Nandahandi,181,Block,Net_Area_Sown_Total,11462
2023-24,Nowaragpur,Nandahandi,181,Block,Total_Area_under_Survey,20128
2023-24,Nowaragpur,Nowarangpur,182,Block,Forest,8005
2023-24,Nowaragpur,Nowarangpur,182,Block,Land_put_to_Non_Agricultural_use,1216
2023-24,Nowaragpur,Nowarangpur,182,Block,Barren_&_Non_Cultivable_land,1548
2023-24,Nowaragpur,Nowarangpur,182,Block,Permanent_Pastures_&_other_grazing_land,1156
2023-24,Nowaragpur,Nowarangpur,182,Block,Land_under_misc_tree_crop_&_groves_not_included_in_net_area_sown,785
2023-24,Nowaragpur,Nowarangpur,182,Block,Cultivable_Waste,668
2023-24,Nowaragpur,Nowarangpur,182,Block,Old_Fallows,598
2023-24,Nowaragpur,Nowarangpur,182,Block,Current_Fallows,647
2023-24,Nowaragpur,Nowarangpur,182,Block,Net_Area_Sown_Irrigated,1580
2023-24,Nowaragpur,Nowarangpur,182,Block,Net_Area_Sown_Unirrigated,9548
2023-24,Nowaragpur,Nowarangpur,182,Block,Net_Area_Sown_Total,11128
2023-24,Nowaragpur,Nowarangpur,182,Block,Total_Area_under_Survey,25751
2023-24,Nowaragpur,Kusagumunda,183,Block,Forest,11305
2023-24,Nowaragpur,Kusagumunda,183,Block,Land_put_to_Non_Agricultural_use,6555
2023-24,Nowaragpur,Kusagumunda,183,Block,Barren_&_Non_Cultivable_land,813
2023-24,Nowaragpur,Kusagumunda,183,Block,Permanent_Pastures_&_other_grazing_land,3958
2023-24,Nowaragpur,Kusagumunda,183,Block,Land_under_misc_tree_crop_&_groves_not_included_in_net_area_sown,3520
2023-24,Nowaragpur,Kusagumunda,183,Block,Cultivable_Waste,2465
2023-24,Nowaragpur,Kusagumunda,183,Block,Old_Fallows,2520
2023-24,Nowaragpur,Kusagumunda,183,Block,Current_Fallows,2328
2023-24,Nowaragpur,Kusagumunda,183,Block,Net_Area_Sown_Irrigated,3674
2023-24,Nowaragpur,Kusagumunda,183,Block,Net_Area_Sown_Unirrigated,21500
2023-24,Nowaragpur,Kusagumunda,183,Block,Net_Area_Sown_Total,25174
2023-24,Nowaragpur,Kusagumunda,183,Block,Total_Area_under_Survey,58638
2023-24,Nowaragpur,Dabugaon,184,Block,Forest,2486
2023-24,Nowaragpur,Dabugaon,184,Block,Land_put_to_Non_Agricultural_use,3450
2023-24,Nowaragpur,Dabugaon,184,Block,Barren_&_Non_Cultivable_land,269
2023-24,Nowaragpur,Dabugaon,184,Block,Permanent_Pastures_&_other_grazing_land,1212
2023-24,Nowaragpur,Dabugaon,184,Block,Land_under_misc_tree_crop_&_groves_not_included_in_net_area_sown,2003
2023-24,Nowaragpur,Dabugaon,184,Block,Cultivable_Waste,181
2023-24,Nowaragpur,Dabugaon,184,Block,Old_Fallows,1673
2023-24,Nowaragpur,Dabugaon,184,Block,Current_Fallows,1844
2023-24,Nowaragpur,Dabugaon,184,Block,Net_Area_Sown_Irrigated,466
2023-24,Nowaragpur,Dabugaon,184,Block,Net_Area_Sown_Unirrigated,8864
2023-24,Nowaragpur,Dabugaon,184,Block,Net_Area_Sown_Total,9330
2023-24,Nowaragpur,Dabugaon,184,Block,Total_Area_under_Survey,22448
2023-24,Nowaragpur,Papadahandi,185,Block,Forest,9155
2023-24,Nowaragpur,Papadahandi,185,Block,Land_put_to_Non_Agricultural_use,3664
2023-24,Nowaragpur,Papadahandi,185,Block,Barren_&_Non_Cultivable_land,2480
2023-24,Nowaragpur,Papadahandi,185,Block,Permanent_Pastures_&_other_grazing_land,1967
2023-24,Nowaragpur,Papadahandi,185,Block,Land_under_misc_tree_crop_&_groves_not_included_in_net_area_sown,2374
2023-24,Nowaragpur,Papadahandi,185,Block,Cultivable_Waste,1197
2023-24,Nowaragpur,Papadahandi,185,Block,Old_Fallows,2208
2023-24,Nowaragpur,Papadahandi,185,Block,Current_Fallows,1848
2023-24,Nowaragpur,Papadahandi,185,Block,Net_Area_Sown_Irrigated,2001
2023-24,Nowaragpur,Papadahandi,185,Block,Net_Area_Sown_Unirrigated,18857
2023-24,Nowaragpur,Papadahandi,185,Block,Net_Area_Sown_Total,20858
2023-24,Nowaragpur,Papadahandi,185,Block,Total_Area_under_Survey,45751
2023-24,Nowaragpur,Jharigaon,193,Block,Forest,10483
2023-24,Nowaragpur,Jharigaon,193,Block,Land_put_to_Non_Agricultural_use,1794
2023-24,Nowaragpur,Jharigaon,193,Block,Barren_&_Non_Cultivable_land,5575
2023-24,Nowaragpur,Jharigaon,193,Block,Permanent_Pastures_&_other_grazing_land,2958
2023-24,Nowaragpur,Jharigaon,193,Block,Land_under_misc_tree_crop_&_groves_not_included_in_net_area_sown,1247
2023-24,Nowaragpur,Jharigaon,193,Block,Cultivable_Waste,2523
2023-24,Nowaragpur,Jharigaon,193,Block,Old_Fallows,256
2023-24,Nowaragpur,Jharigaon,193,Block,Current_Fallows,280
2023-24,Nowaragpur,Jharigaon,193,Block,Net_Area_Sown_Irrigated,887
2023-24,Nowaragpur,Jharigaon,193,Block,Net_Area_Sown_Unirrigated,18789
2023-24,Nowaragpur,Jharigaon,193,Block,Net_Area_Sown_Total,19676
2023-24,Nowaragpur,Jharigaon,193,Block,Total_Area_under_Survey,44792
2023-24,Nowaragpur,Umerkote,194,Block,Forest,15206
2023-24,Nowaragpur,Umerkote,194,Block,Land_put_to_Non_Agricultural_use,3023
2023-24,Nowaragpur,Umerkote,194,Block,Barren_&_Non_Cultivable_land,2
2023-24,Nowaragpur,Umerkote,194,Block,Permanent_Pastures_&_other_grazing_land,871
2023-24,Nowaragpur,Umerkote,194,Block,Land_under_misc_tree_crop_&_groves_not_included_in_net_area_sown,358
2023-24,Nowaragpur,Umerkote,194,Block,Cultivable_Waste,0
2023-24,Nowaragpur,Umerkote,194,Block,Old_Fallows,25
2023-24,Nowaragpur,Umerkote,194,Block,Current_Fallows,309
2023-24,Nowaragpur,Umerkote,194,Block,Net_Area_Sown_Irrigated,745
2023-24,Nowaragpur,Umerkote,194,Block,Net_Area_Sown_Unirrigated,33344
2023-24,Nowaragpur,Umerkote,194,Block,Net_Area_Sown_Total,34089
2023-24,Nowaragpur,Umerkote,194,Block,Total_Area_under_Survey,53883
2023-24,Nowaragpur,Raighar,195,Block,Forest,18937
2023-24,Nowaragpur,Raighar,195,Block,Land_put_to_Non_Agricultural_use,5421
2023-24,Nowaragpur,Raighar,195,Block,Barren_&_Non_Cultivable_land,243
2023-24,Nowaragpur,Raighar,195,Block,Permanent_Pastures_&_other_grazing_land,2650
2023-24,Nowaragpur,Raighar,195,Block,Land_under_misc_tree_crop_&_groves_not_included_in_net_area_sown,2008
2023-24,Nowaragpur,Raighar,195,Block,Cultivable_Waste,723
2023-24,Nowaragpur,Raighar,195,Block,Old_Fallows,646
2023-24,Nowaragpur,Raighar,195,Block,Current_Fallows,1345
2023-24,Nowaragpur,Raighar,195,Block,Net_Area_Sown_Irrigated,456
2023-24,Nowaragpur,Raighar,195,Block,Net_Area_Sown_Unirrigated,36890
2023-24,Nowaragpur,Raighar,195,Block,Net_Area_Sown_Total,37346
2023-24,Nowaragpur,Raighar,195,Block,Total_Area_under_Survey,69319
2023-24,Nowaragpur,Chandahandi,196,Block,Forest,287
2023-24,Nowaragpur,Chandahandi,196,Block,Land_put_to_Non_Agricultural_use,2736
2023-24,Nowaragpur,Chandahandi,196,Block,Barren_&_Non_Cultivable_land,1861
2023-24,Nowaragpur,Chandahandi,196,Block,Permanent_Pastures_&_other_grazing_land,2369
2023-24,Nowaragpur,Chandahandi,196,Block,Land_under_misc_tree_crop_&_groves_not_included_in_net_area_sown,527
2023-24,Nowaragpur,Chandahandi,196,Block,Cultivable_Waste,1332
2023-24,Nowaragpur,Chandahandi,196,Block,Old_Fallows,1580
2023-24,Nowaragpur,Chandahandi,196,Block,Current_Fallows,2281
2023-24,Nowaragpur,Chandahandi,196,Block,Net_Area_Sown_Irrigated,251
2023-24,Nowaragpur,Chandahandi,196,Block,Net_Area_Sown_Unirrigated,11190
2023-24,Nowaragpur,Chandahandi,196,Block,Net_Area_Sown_Total,11441
2023-24,Nowaragpur,Chandahandi,196,Block,Total_Area_under_Survey,24414
2023-24,Nowaragpur,URBAN,,Urban,Forest,507
2023-24,Nowaragpur,URBAN,,Urban,Land_put_to_Non_Agricultural_use,201
2023-24,Nowaragpur,URBAN,,Urban,Barren_&_Non_Cultivable_land,137
2023-24,Nowaragpur,URBAN,,Urban,Permanent_Pastures_&_other_grazing_land,121
2023-24,Nowaragpur,URBAN,,Urban,Land_under_misc_tree_crop_&_groves_not_included_in_net_area_sown,99
2023-24,Nowaragpur,URBAN,,Urban,Cultivable_Waste,60
2023-24,Nowaragpur,URBAN,,Urban,Old_Fallows,65
2023-24,Nowaragpur,URBAN,,Urban,Current_Fallows,72
2023-24,Nowaragpur,URBAN,,Urban,Net_Area_Sown_Irrigated,712
2023-24,Nowaragpur,URBAN,,Urban,Net_Area_Sown_Unirrigated,1542
2023-24,Nowaragpur,URBAN,,Urban,Net_Area_Sown_Total,2254
2023-24,Nowaragpur,URBAN,,Urban,Total_Area_under_Survey,3516
2023-24,Puri,Krushnaprasad,240,Block,Forest,2143
2023-24,Puri,Krushnaprasad,240,Block,Land_put_to_Non_Agricultural_use,10405
2023-24,Puri,Krushnaprasad,240,Block,Barren_&_Non_Cultivable_land,4421
2023-24,Puri,Krushnaprasad,240,Block,Permanent_Pastures_&_other_grazing_land,2168
2023-24,Puri,Krushnaprasad,240,Block,Land_under_misc_tree_crop_&_groves_not_included_in_net_area_sown,2326
2023-24,Puri,Krushnaprasad,240,Block,Cultivable_Waste,327
2023-24,Puri,Krushnaprasad,240,Block,Old_Fallows,8161
2023-24,Puri,Krushnaprasad,240,Block,Current_Fallows,5335
2023-24,Puri,Krushnaprasad,240,Block,Net_Area_Sown_Irrigated,1638
2023-24,Puri,Krushnaprasad,240,Block,Net_Area_Sown_Unirrigated,1085
2023-24,Puri,Krushnaprasad,240,Block,Net_Area_Sown_Total,2723
2023-24,Puri,Krushnaprasad,240,Block,Total_Area_under_Survey,38009
2023-24,Puri,Brahmagiri,241,Block,Forest,379
2023-24,Puri,Brahmagiri,241,Block,Land_put_to_Non_Agricultural_use,4456
2023-24,Puri,Brahmagiri,241,Block,Barren_&_Non_Cultivable_land,574
2023-24,Puri,Brahmagiri,241,Block,Permanent_Pastures_&_other_grazing_land,2134
2023-24,Puri,Brahmagiri,241,Block,Land_under_misc_tree_crop_&_groves_not_included_in_net_area_sown,10056
2023-24,Puri,Brahmagiri,241,Block,Cultivable_Waste,465
2023-24,Puri,Brahmagiri,241,Block,Old_Fallows,2486
2023-24,Puri,Brahmagiri,241,Block,Current_Fallows,4939
2023-24,Puri,Brahmagiri,241,Block,Net_Area_Sown_Irrigated,6084
2023-24,Puri,Brahmagiri,241,Block,Net_Area_Sown_Unirrigated,124
2023-24,Puri,Brahmagiri,241,Block,Net_Area_Sown_Total,6208
2023-24,Puri,Brahmagiri,241,Block,Total_Area_under_Survey,31697
2023-24,Puri,Puri-Sadar,242,Block,Forest,13
2023-24,Puri,Puri-Sadar,242,Block,Land_put_to_Non_Agricultural_use,3859
2023-24,Puri,Puri-Sadar,242,Block,Barren_&_Non_Cultivable_land,0
2023-24,Puri,Puri-Sadar,242,Block,Permanent_Pastures_&_other_grazing_land,471
2023-24,Puri,Puri-Sadar,242,Block,Land_under_misc_tree_crop_&_groves_not_included_in_net_area_sown,2257
2023-24,Puri,Puri-Sadar,242,Block,Cultivable_Waste,518
2023-24,Puri,Puri-Sadar,242,Block,Old_Fallows,1161
2023-24,Puri,Puri-Sadar,242,Block,Current_Fallows,5334
2023-24,Puri,Puri-Sadar,242,Block,Net_Area_Sown_Irrigated,7089
2023-24,Puri,Puri-Sadar,242,Block,Net_Area_Sown_Unirrigated,4997
2023-24,Puri,Puri-Sadar,242,Block,Net_Area_Sown_Total,12086
2023-24,Puri,Puri-Sadar,242,Block,Total_Area_under_Survey,25699
2023-24,Puri,Gop,243,Block,Forest,764
2023-24,Puri,Gop,243,Block,Land_put_to_Non_Agricultural_use,6044
2023-24,Puri,Gop,243,Block,Barren_&_Non_Cultivable_land,10
2023-24,Puri,Gop,243,Block,Permanent_Pastures_&_other_grazing_land,1137
2023-24,Puri,Gop,243,Block,Land_under_misc_tree_crop_&_groves_not_included_in_net_area_sown,2091
2023-24,Puri,Gop,243,Block,Cultivable_Waste,1573
2023-24,Puri,Gop,243,Block,Old_Fallows,2068
2023-24,Puri,Gop,243,Block,Current_Fallows,3924
2023-24,Puri,Gop,243,Block,Net_Area_Sown_Irrigated,14630
2023-24,Puri,Gop,243,Block,Net_Area_Sown_Unirrigated,1995
2023-24,Puri,Gop,243,Block,Net_Area_Sown_Total,16625
2023-24,Puri,Gop,243,Block,Total_Area_under_Survey,34236
2023-24,Puri,Kakatpur,244,Block,Forest,4924
2023-24,Puri,Kakatpur,244,Block,Land_put_to_Non_Agricultural_use,3246
2023-24,Puri,Kakatpur,244,Block,Barren_&_Non_Cultivable_land,58
2023-24,Puri,Kakatpur,244,Block,Permanent_Pastures_&_other_grazing_land,569
2023-24,Puri,Kakatpur,244,Block,Land_under_misc_tree_crop_&_groves_not_included_in_net_area_sown,424
2023-24,Puri,Kakatpur,244,Block,Cultivable_Waste,1032
2023-24,Puri,Kakatpur,244,Block,Old_Fallows,438
2023-24,Puri,Kakatpur,244,Block,Current_Fallows,230
2023-24,Puri,Kakatpur,244,Block,Net_Area_Sown_Irrigated,2232
2023-24,Puri,Kakatpur,244,Block,Net_Area_Sown_Unirrigated,3192
2023-24,Puri,Kakatpur,244,Block,Net_Area_Sown_Total,5424
2023-24,Puri,Kakatpur,244,Block,Total_Area_under_Survey,16345
2023-24,Puri,Astarangpur,245,Block,Forest,502
2023-24,Puri,Astarangpur,245,Block,Land_put_to_Non_Agricultural_use,8141
2023-24,Puri,Astarangpur,245,Block,Barren_&_Non_Cultivable_land,61
2023-24,Puri,Astarangpur,245,Block,Permanent_Pastures_&_other_grazing_land,835
2023-24,Puri,Astarangpur,245,Block,Land_under_misc_tree_crop_&_groves_not_included_in_net_area_sown,411
2023-24,Puri,Astarangpur,245,Block,Cultivable_Waste,1857
2023-24,Puri,Astarangpur,245,Block,Old_Fallows,302
2023-24,Puri,Astarangpur,245,Block,Current_Fallows,142
2023-24,Puri,Astarangpur,245,Block,Net_Area_Sown_Irrigated,63
2023-24,Puri,Astarangpur,245,Block,Net_Area_Sown_Unirrigated,3580
2023-24,Puri,Astarangpur,245,Block,Net_Area_Sown_Total,3643
2023-24,Puri,Astarangpur,245,Block,Total_Area_under_Survey,15894
2023-24,Puri,Nimapara,246,Block,Forest,87
2023-24,Puri,Nimapara,246,Block,Land_put_to_Non_Agricultural_use,7174
2023-24,Puri,Nimapara,246,Block,Barren_&_Non_Cultivable_land,0
2023-24,Puri,Nimapara,246,Block,Permanent_Pastures_&_other_grazing_land,1034
2023-24,Puri,Nimapara,246,Block,Land_under_misc_tree_crop_&_groves_not_included_in_net_area_sown,1432
2023-24,Puri,Nimapara,246,Block,Cultivable_Waste,1060
2023-24,Puri,Nimapara,246,Block,Old_Fallows,1683
2023-24,Puri,Nimapara,246,Block,Current_Fallows,2135
2023-24,Puri,Nimapara,246,Block,Net_Area_Sown_Irrigated,13196
2023-24,Puri,Nimapara,246,Block,Net_Area_Sown_Unirrigated,717
2023-24,Puri,Nimapara,246,Block,Net_Area_Sown_Total,13913
2023-24,Puri,Nimapara,246,Block,Total_Area_under_Survey,28518
2023-24,Puri,Satyabadi,247,Block,Forest,87
2023-24,Puri,Satyabadi,247,Block,Land_put_to_Non_Agricultural_use,2273
2023-24,Puri,Satyabadi,247,Block,Barren_&_Non_Cultivable_land,0
2023-24,Puri,Satyabadi,247,Block,Permanent_Pastures_&_other_grazing_land,332
2023-24,Puri,Satyabadi,247,Block,Land_under_misc_tree_crop_&_groves_not_included_in_net_area_sown,1295
2023-24,Puri,Satyabadi,247,Block,Cultivable_Waste,185
2023-24,Puri,Satyabadi,247,Block,Old_Fallows,1762
2023-24,Puri,Satyabadi,247,Block,Current_Fallows,2489
2023-24,Puri,Satyabadi,247,Block,Net_Area_Sown_Irrigated,2672
2023-24,Puri,Satyabadi,247,Block,Net_Area_Sown_Unirrigated,6082
2023-24,Puri,Satyabadi,247,Block,Net_Area_Sown_Total,8754
2023-24,Puri,Satyabadi,247,Block,Total_Area_under_Survey,17177
2023-24,Puri,Kanasa,248,Block,Forest,454
2023-24,Puri,Kanasa,248,Block,Land_put_to_Non_Agricultural_use,2581
2023-24,Puri,Kanasa,248,Block,Barren_&_Non_Cultivable_land,0
2023-24,Puri,Kanasa,248,Block,Permanent_Pastures_&_other_grazing_land,1394
2023-24,Puri,Kanasa,248,Block,Land_under_misc_tree_crop_&_groves_not_included_in_net_area_sown,874
2023-24,Puri,Kanasa,248,Block,Cultivable_Waste,696
2023-24,Puri,Kanasa,248,Block,Old_Fallows,2077
2023-24,Puri,Kanasa,248,Block,Current_Fallows,2663
2023-24,Puri,Kanasa,248,Block,Net_Area_Sown_Irrigated,7770
2023-24,Puri,Kanasa,248,Block,Net_Area_Sown_Unirrigated,3885
2023-24,Puri,Kanasa,248,Block,Net_Area_Sown_Total,11655
2023-24,Puri,Kanasa,248,Block,Total_Area_under_Survey,22394
2023-24,Puri,Delanga,256,Block,Forest,2
2023-24,Puri,Delanga,256,Block,Land_put_to_Non_Agricultural_use,3769
2023-24,Puri,Delanga,256,Block,Barren_&_Non_Cultivable_land,1095
2023-24,Puri,Delanga,256,Block,Permanent_Pastures_&_other_grazing_land,1282
2023-24,Puri,Delanga,256,Block,Land_under_misc_tree_crop_&_groves_not_included_in_net_area_sown,490
2023-24,Puri,Delanga,256,Block,Cultivable_Waste,101
2023-24,Puri,Delanga,256,Block,Old_Fallows,817
2023-24,Puri,Delanga,256,Block,Current_Fallows,2626
2023-24,Puri,Delanga,256,Block,Net_Area_Sown_Irrigated,10222
2023-24,Puri,Delanga,256,Block,Net_Area_Sown_Unirrigated,157
2023-24,Puri,Delanga,256,Block,Net_Area_Sown_Total,10379
2023-24,Puri,Delanga,256,Block,Total_Area_under_Survey,20561
2023-24,Puri,Pipili,257,Block,Forest,3
2023-24,Puri,Pipili,257,Block,Land_put_to_Non_Agricultural_use,3544
2023-24,Puri,Pipili,257,Block,Barren_&_Non_Cultivable_land,43
2023-24,Puri,Pipili,257,Block,Permanent_Pastures_&_other_grazing_land,463
2023-24,Puri,Pipili,257,Block,Land_under_misc_tree_crop_&_groves_not_included_in_net_area_sown,1112
2023-24,Puri,Pipili,257,Block,Cultivable_Waste,417
2023-24,Puri,Pipili,257,Block,Old_Fallows,1078
2023-24,Puri,Pipili,257,Block,Current_Fallows,1607
2023-24,Puri,Pipili,257,Block,Net_Area_Sown_Irrigated,11459
2023-24,Puri,Pipili,257,Block,Net_Area_Sown_Unirrigated,216
2023-24,Puri,Pipili,257,Block,Net_Area_Sown_Total,11675
2023-24,Puri,Pipili,257,Block,Total_Area_under_Survey,19942
2023-24,Puri,URBAN,,Urban,Forest,388
2023-24,Puri,URBAN,,Urban,Land_put_to_Non_Agricultural_use,2301
2023-24,Puri,URBAN,,Urban,Barren_&_Non_Cultivable_land,260
2023-24,Puri,URBAN,,Urban,Permanent_Pastures_&_other_grazing_land,490
2023-24,Puri,URBAN,,Urban,Land_under_misc_tree_crop_&_groves_not_included_in_net_area_sown,944
2023-24,Puri,URBAN,,Urban,Cultivable_Waste,341
2023-24,Puri,URBAN,,Urban,Old_Fallows,914
2023-24,Puri,URBAN,,Urban,Current_Fallows,1303
2023-24,Puri,URBAN,,Urban,Net_Area_Sown_Irrigated,640
2023-24,Puri,URBAN,,Urban,Net_Area_Sown_Unirrigated,125
2023-24,Puri,URBAN,,Urban,Net_Area_Sown_Total,765
2023-24,Puri,URBAN,,Urban,Total_Area_under_Survey,7706
2023-24,Rayagada,Rayagada,178,Block,Forest,8564
2023-24,Rayagada,Rayagada,178,Block,Land_put_to_Non_Agricultural_use,4345
2023-24,Rayagada,Rayagada,178,Block,Barren_&_Non_Cultivable_land,18573
2023-24,Rayagada,Rayagada,178,Block,Permanent_Pastures_&_other_grazing_land,1415
2023-24,Rayagada,Rayagada,178,Block,Land_under_misc_tree_crop_&_groves_not_included_in_net_area_sown,1046
2023-24,Rayagada,Rayagada,178,Block,Cultivable_Waste,499
2023-24,Rayagada,Rayagada,178,Block,Old_Fallows,3016
2023-24,Rayagada,Rayagada,178,Block,Current_Fallows,2057
2023-24,Rayagada,Rayagada,178,Block,Net_Area_Sown_Irrigated,3848
2023-24,Rayagada,Rayagada,178,Block,Net_Area_Sown_Unirrigated,12980
2023-24,Rayagada,Rayagada,178,Block,Net_Area_Sown_Total,16828
2023-24,Rayagada,Rayagada,178,Block,Total_Area_under_Survey,56343
2023-24,Rayagada,Kashipur,179,Block,Forest,10703
2023-24,Rayagada,Kashipur,179,Block,Land_put_to_Non_Agricultural_use,9462
2023-24,Rayagada,Kashipur,179,Block,Barren_&_Non_Cultivable_land,44390
2023-24,Rayagada,Kashipur,179,Block,Permanent_Pastures_&_other_grazing_land,7830
2023-24,Rayagada,Kashipur,179,Block,Land_under_misc_tree_crop_&_groves_not_included_in_net_area_sown,5045
2023-24,Rayagada,Kashipur,179,Block,Cultivable_Waste,4654
2023-24,Rayagada,Kashipur,179,Block,Old_Fallows,9129
2023-24,Rayagada,Kashipur,179,Block,Current_Fallows,9136
2023-24,Rayagada,Kashipur,179,Block,Net_Area_Sown_Irrigated,2595
2023-24,Rayagada,Kashipur,179,Block,Net_Area_Sown_Unirrigated,10769
2023-24,Rayagada,Kashipur,179,Block,Net_Area_Sown_Total,13364
2023-24,Rayagada,Kashipur,179,Block,Total_Area_under_Survey,113713
2023-24,Rayagada,Kalyansinghpur,186,Block,Forest,10845
2023-24,Rayagada,Kalyansinghpur,186,Block,Land_put_to_Non_Agricultural_use,1685
2023-24,Rayagada,Kalyansinghpur,186,Block,Barren_&_Non_Cultivable_land,10866
2023-24,Rayagada,Kalyansinghpur,186,Block,Permanent_Pastures_&_other_grazing_land,658
2023-24,Rayagada,Kalyansinghpur,186,Block,Land_under_misc_tree_crop_&_groves_not_included_in_net_area_sown,425
2023-24,Rayagada,Kalyansinghpur,186,Block,Cultivable_Waste,19
2023-24,Rayagada,Kalyansinghpur,186,Block,Old_Fallows,420
2023-24,Rayagada,Kalyansinghpur,186,Block,Current_Fallows,341
2023-24,Rayagada,Kalyansinghpur,186,Block,Net_Area_Sown_Irrigated,5834
2023-24,Rayagada,Kalyansinghpur,186,Block,Net_Area_Sown_Unirrigated,10327
2023-24,Rayagada,Kalyansinghpur,186,Block,Net_Area_Sown_Total,16161
2023-24,Rayagada,Kalyansinghpur,186,Block,Total_Area_under_Survey,41420
2023-24,Rayagada,Kolanara,187,Block,Forest,15144
2023-24,Rayagada,Kolanara,187,Block,Land_put_to_Non_Agricultural_use,3796
2023-24,Rayagada,Kolanara,187,Block,Barren_&_Non_Cultivable_land,3227
2023-24,Rayagada,Kolanara,187,Block,Permanent_Pastures_&_other_grazing_land,1637
2023-24,Rayagada,Kolanara,187,Block,Land_under_misc_tree_crop_&_groves_not_included_in_net_area_sown,670
2023-24,Rayagada,Kolanara,187,Block,Cultivable_Waste,1058
2023-24,Rayagada,Kolanara,187,Block,Old_Fallows,3343
2023-24,Rayagada,Kolanara,187,Block,Current_Fallows,3106
2023-24,Rayagada,Kolanara,187,Block,Net_Area_Sown_Irrigated,3600
2023-24,Rayagada,Kolanara,187,Block,Net_Area_Sown_Unirrigated,6183
2023-24,Rayagada,Kolanara,187,Block,Net_Area_Sown_Total,9783
2023-24,Rayagada,Kolanara,187,Block,Total_Area_under_Survey,41764
2023-24,Rayagada,Ramanguda,188,Block,Forest,4414
2023-24,Rayagada,Ramanguda,188,Block,Land_put_to_Non_Agricultural_use,1535
2023-24,Rayagada,Ramanguda,188,Block,Barren_&_Non_Cultivable_land,7767
2023-24,Rayagada,Ramanguda,188,Block,Permanent_Pastures_&_other_grazing_land,243
2023-24,Rayagada,Ramanguda,188,Block,Land_under_misc_tree_crop_&_groves_not_included_in_net_area_sown,119
2023-24,Rayagada,Ramanguda,188,Block,Cultivable_Waste,0
2023-24,Rayagada,Ramanguda,188,Block,Old_Fallows,146
2023-24,Rayagada,Ramanguda,188,Block,Current_Fallows,3315
2023-24,Rayagada,Ramanguda,188,Block,Net_Area_Sown_Irrigated,4076
2023-24,Rayagada,Ramanguda,188,Block,Net_Area_Sown_Unirrigated,11455
2023-24,Rayagada,Ramanguda,188,Block,Net_Area_Sown_Total,15531
2023-24,Rayagada,Ramanguda,188,Block,Total_Area_under_Survey,33070
2023-24,Rayagada,Gunupur,189,Block,Forest,12395
2023-24,Rayagada,Gunupur,189,Block,Land_put_to_Non_Agricultural_use,1833
2023-24,Rayagada,Gunupur,189,Block,Barren_&_Non_Cultivable_land,15603
2023-24,Rayagada,Gunupur,189,Block,Permanent_Pastures_&_other_grazing_land,496
2023-24,Rayagada,Gunupur,189,Block,Land_under_misc_tree_crop_&_groves_not_included_in_net_area_sown,7057
2023-24,Rayagada,Gunupur,189,Block,Cultivable_Waste,1009
2023-24,Rayagada,Gunupur,189,Block,Old_Fallows,561
2023-24,Rayagada,Gunupur,189,Block,Current_Fallows,761
2023-24,Rayagada,Gunupur,189,Block,Net_Area_Sown_Irrigated,5992
2023-24,Rayagada,Gunupur,189,Block,Net_Area_Sown_Unirrigated,4289
2023-24,Rayagada,Gunupur,189,Block,Net_Area_Sown_Total,10281
2023-24,Rayagada,Gunupur,189,Block,Total_Area_under_Survey,49996
2023-24,Rayagada,Padmapur,190,Block,Forest,3427
2023-24,Rayagada,Padmapur,190,Block,Land_put_to_Non_Agricultural_use,1740
2023-24,Rayagada,Padmapur,190,Block,Barren_&_Non_Cultivable_land,8604
2023-24,Rayagada,Padmapur,190,Block,Permanent_Pastures_&_other_grazing_land,382
2023-24,Rayagada,Padmapur,190,Block,Land_under_misc_tree_crop_&_groves_not_included_in_net_area_sown,3958
2023-24,Rayagada,Padmapur,190,Block,Cultivable_Waste,58
2023-24,Rayagada,Padmapur,190,Block,Old_Fallows,568
2023-24,Rayagada,Padmapur,190,Block,Current_Fallows,508
2023-24,Rayagada,Padmapur,190,Block,Net_Area_Sown_Irrigated,9911
2023-24,Rayagada,Padmapur,190,Block,Net_Area_Sown_Unirrigated,5638
2023-24,Rayagada,Padmapur,190,Block,Net_Area_Sown_Total,15549
2023-24,Rayagada,Padmapur,190,Block,Total_Area_under_Survey,34794
2023-24,Rayagada,Gudari,191,Block,Forest,6606
2023-24,Rayagada,Gudari,191,Block,Land_put_to_Non_Agricultural_use,1644
2023-24,Rayagada,Gudari,191,Block,Barren_&_Non_Cultivable_land,6614
2023-24,Rayagada,Gudari,191,Block,Permanent_Pastures_&_other_grazing_land,481
2023-24,Rayagada,Gudari,191,Block,Land_under_misc_tree_crop_&_groves_not_included_in_net_area_sown,3194
2023-24,Rayagada,Gudari,191,Block,Cultivable_Waste,50
2023-24,Rayagada,Gudari,191,Block,Old_Fallows,166
2023-24,Rayagada,Gudari,191,Block,Current_Fallows,243
2023-24,Rayagada,Gudari,191,Block,Net_Area_Sown_Irrigated,4845
2023-24,Rayagada,Gudari,191,Block,Net_Area_Sown_Unirrigated,6319
2023-24,Rayagada,Gudari,191,Block,Net_Area_Sown_Total,11164
2023-24,Rayagada,Gudari,191,Block,Total_Area_under_Survey,30162
2023-24,Rayagada,Muniguda,192,Block,Forest,8139
2023-24,Rayagada,Muniguda,192,Block,Land_put_to_Non_Agricultural_use,2930
2023-24,Rayagada,Muniguda,192,Block,Barren_&_Non_Cultivable_land,22731
2023-24,Rayagada,Muniguda,192,Block,Permanent_Pastures_&_other_grazing_land,1104
2023-24,Rayagada,Muniguda,192,Block,Land_under_misc_tree_crop_&_groves_not_included_in_net_area_sown,175
2023-24,Rayagada,Muniguda,192,Block,Cultivable_Waste,8368
2023-24,Rayagada,Muniguda,192,Block,Old_Fallows,773
2023-24,Rayagada,Muniguda,192,Block,Current_Fallows,13233
2023-24,Rayagada,Muniguda,192,Block,Net_Area_Sown_Irrigated,0
2023-24,Rayagada,Muniguda,192,Block,Net_Area_Sown_Unirrigated,6598
2023-24,Rayagada,Muniguda,192,Block,Net_Area_Sown_Total,6598
2023-24,Rayagada,Muniguda,192,Block,Total_Area_under_Survey,64051
2023-24,Rayagada,Chandrapur,197,Block,Forest,8428
2023-24,Rayagada,Chandrapur,197,Block,Land_put_to_Non_Agricultural_use,378
2023-24,Rayagada,Chandrapur,197,Block,Barren_&_Non_Cultivable_land,15984
2023-24,Rayagada,Chandrapur,197,Block,Permanent_Pastures_&_other_grazing_land,346
2023-24,Rayagada,Chandrapur,197,Block,Land_under_misc_tree_crop_&_groves_not_included_in_net_area_sown,40
2023-24,Rayagada,Chandrapur,197,Block,Cultivable_Waste,6504
2023-24,Rayagada,Chandrapur,197,Block,Old_Fallows,521
2023-24,Rayagada,Chandrapur,197,Block,Current_Fallows,2536
2023-24,Rayagada,Chandrapur,197,Block,Net_Area_Sown_Irrigated,0
2023-24,Rayagada,Chandrapur,197,Block,Net_Area_Sown_Unirrigated,4671
2023-24,Rayagada,Chandrapur,197,Block,Net_Area_Sown_Total,4671
2023-24,Rayagada,Chandrapur,197,Block,Total_Area_under_Survey,39408
2023-24,Rayagada,Bisam-Cuttack,198,Block,Forest,36960
2023-24,Rayagada,Bisam-Cuttack,198,Block,Land_put_to_Non_Agricultural_use,1840
2023-24,Rayagada,Bisam-Cuttack,198,Block,Barren_&_Non_Cultivable_land,1424
2023-24,Rayagada,Bisam-Cuttack,198,Block,Permanent_Pastures_&_other_grazing_land,1168
2023-24,Rayagada,Bisam-Cuttack,198,Block,Land_under_misc_tree_crop_&_groves_not_included_in_net_area_sown,3870
2023-24,Rayagada,Bisam-Cuttack,198,Block,Cultivable_Waste,38
2023-24,Rayagada,Bisam-Cuttack,198,Block,Old_Fallows,2988
2023-24,Rayagada,Bisam-Cuttack,198,Block,Current_Fallows,3657
2023-24,Rayagada,Bisam-Cuttack,198,Block,Net_Area_Sown_Irrigated,512
2023-24,Rayagada,Bisam-Cuttack,198,Block,Net_Area_Sown_Unirrigated,10748
2023-24,Rayagada,Bisam-Cuttack,198,Block,Net_Area_Sown_Total,11260
2023-24,Rayagada,Bisam-Cuttack,198,Block,Total_Area_under_Survey,63205
2023-24,Rayagada,URBAN,,Urban,Forest,1060
2023-24,Rayagada,URBAN,,Urban,Land_put_to_Non_Agricultural_use,264
2023-24,Rayagada,URBAN,,Urban,Barren_&_Non_Cultivable_land,1315
2023-24,Rayagada,URBAN,,Urban,Permanent_Pastures_&_other_grazing_land,133
2023-24,Rayagada,URBAN,,Urban,Land_under_misc_tree_crop_&_groves_not_included_in_net_area_sown,216
2023-24,Rayagada,URBAN,,Urban,Cultivable_Waste,188
2023-24,Rayagada,URBAN,,Urban,Old_Fallows,183
2023-24,Rayagada,URBAN,,Urban,Current_Fallows,328
2023-24,Rayagada,URBAN,,Urban,Net_Area_Sown_Irrigated,247
2023-24,Rayagada,URBAN,,Urban,Net_Area_Sown_Unirrigated,191
2023-24,Rayagada,URBAN,,Urban,Net_Area_Sown_Total,438
2023-24,Rayagada,URBAN,,Urban,Total_Area_under_Survey,4125
2023-24,Sambalpur,Dhankuda,281,Block,Forest,1008
2023-24,Sambalpur,Dhankuda,281,Block,Land_put_to_Non_Agricultural_use,3530
2023-24,Sambalpur,Dhankuda,281,Block,Barren_&_Non_Cultivable_land,88
2023-24,Sambalpur,Dhankuda,281,Block,Permanent_Pastures_&_other_grazing_land,522
2023-24,Sambalpur,Dhankuda,281,Block,Land_under_misc_tree_crop_&_groves_not_included_in_net_area_sown,91
2023-24,Sambalpur,Dhankuda,281,Block,Cultivable_Waste,1990
2023-24,Sambalpur,Dhankuda,281,Block,Old_Fallows,962
2023-24,Sambalpur,Dhankuda,281,Block,Current_Fallows,653
2023-24,Sambalpur,Dhankuda,281,Block,Net_Area_Sown_Irrigated,6811
2023-24,Sambalpur,Dhankuda,281,Block,Net_Area_Sown_Unirrigated,1873
2023-24,Sambalpur,Dhankuda,281,Block,Net_Area_Sown_Total,8684
2023-24,Sambalpur,Dhankuda,281,Block,Total_Area_under_Survey,17528
2023-24,Sambalpur,Maneswar,282,Block,Forest,1697
2023-24,Sambalpur,Maneswar,282,Block,Land_put_to_Non_Agricultural_use,2225
2023-24,Sambalpur,Maneswar,282,Block,Barren_&_Non_Cultivable_land,618
2023-24,Sambalpur,Maneswar,282,Block,Permanent_Pastures_&_other_grazing_land,1031
2023-24,Sambalpur,Maneswar,282,Block,Land_under_misc_tree_crop_&_groves_not_included_in_net_area_sown,51
2023-24,Sambalpur,Maneswar,282,Block,Cultivable_Waste,1441
2023-24,Sambalpur,Maneswar,282,Block,Old_Fallows,1882
2023-24,Sambalpur,Maneswar,282,Block,Current_Fallows,5367
2023-24,Sambalpur,Maneswar,282,Block,Net_Area_Sown_Irrigated,8683
2023-24,Sambalpur,Maneswar,282,Block,Net_Area_Sown_Unirrigated,36
2023-24,Sambalpur,Maneswar,282,Block,Net_Area_Sown_Total,8719
2023-24,Sambalpur,Maneswar,282,Block,Total_Area_under_Survey,23031
2023-24,Sambalpur,Jujumura,283,Block,Forest,10646
2023-24,Sambalpur,Jujumura,283,Block,Land_put_to_Non_Agricultural_use,5988
2023-24,Sambalpur,Jujumura,283,Block,Barren_&_Non_Cultivable_land,1524
2023-24,Sambalpur,Jujumura,283,Block,Permanent_Pastures_&_other_grazing_land,4792
2023-24,Sambalpur,Jujumura,283,Block,Land_under_misc_tree_crop_&_groves_not_included_in_net_area_sown,256
2023-24,Sambalpur,Jujumura,283,Block,Cultivable_Waste,3162
2023-24,Sambalpur,Jujumura,283,Block,Old_Fallows,6425
2023-24,Sambalpur,Jujumura,283,Block,Current_Fallows,4547
2023-24,Sambalpur,Jujumura,283,Block,Net_Area_Sown_Irrigated,4177
2023-24,Sambalpur,Jujumura,283,Block,Net_Area_Sown_Unirrigated,9787
2023-24,Sambalpur,Jujumura,283,Block,Net_Area_Sown_Total,13964
2023-24,Sambalpur,Jujumura,283,Block,Total_Area_under_Survey,51304
2023-24,Sambalpur,Rengali,284,Block,Forest,9196
2023-24,Sambalpur,Rengali,284,Block,Land_put_to_Non_Agricultural_use,3776
2023-24,Sambalpur,Rengali,284,Block,Barren_&_Non_Cultivable_land,666
2023-24,Sambalpur,Rengali,284,Block,Permanent_Pastures_&_other_grazing_land,1892
2023-24,Sambalpur,Rengali,284,Block,Land_under_misc_tree_crop_&_groves_not_included_in_net_area_sown,225
2023-24,Sambalpur,Rengali,284,Block,Cultivable_Waste,3314
2023-24,Sambalpur,Rengali,284,Block,Old_Fallows,3818
2023-24,Sambalpur,Rengali,284,Block,Current_Fallows,5231
2023-24,Sambalpur,Rengali,284,Block,Net_Area_Sown_Irrigated,1575
2023-24,Sambalpur,Rengali,284,Block,Net_Area_Sown_Unirrigated,8537
2023-24,Sambalpur,Rengali,284,Block,Net_Area_Sown_Total,10112
2023-24,Sambalpur,Rengali,284,Block,Total_Area_under_Survey,38230
2023-24,Sambalpur,Rairakhol,290,Block,Forest,25729
2023-24,Sambalpur,Rairakhol,290,Block,Land_put_to_Non_Agricultural_use,3562
2023-24,Sambalpur,Rairakhol,290,Block,Barren_&_Non_Cultivable_land,1882
2023-24,Sambalpur,Rairakhol,290,Block,Permanent_Pastures_&_other_grazing_land,3270
2023-24,Sambalpur,Rairakhol,290,Block,Land_under_misc_tree_crop_&_groves_not_included_in_net_area_sown,508
2023-24,Sambalpur,Rairakhol,290,Block,Cultivable_Waste,3750
2023-24,Sambalpur,Rairakhol,290,Block,Old_Fallows,3144
2023-24,Sambalpur,Rairakhol,290,Block,Current_Fallows,6157
2023-24,Sambalpur,Rairakhol,290,Block,Net_Area_Sown_Irrigated,215
2023-24,Sambalpur,Rairakhol,290,Block,Net_Area_Sown_Unirrigated,11238
2023-24,Sambalpur,Rairakhol,290,Block,Net_Area_Sown_Total,11453
2023-24,Sambalpur,Rairakhol,290,Block,Total_Area_under_Survey,59455
2023-24,Sambalpur,Naktideula,291,Block,Forest,25863
2023-24,Sambalpur,Naktideula,291,Block,Land_put_to_Non_Agricultural_use,3330
2023-24,Sambalpur,Naktideula,291,Block,Barren_&_Non_Cultivable_land,1879
2023-24,Sambalpur,Naktideula,291,Block,Permanent_Pastures_&_other_grazing_land,2103
2023-24,Sambalpur,Naktideula,291,Block,Land_under_misc_tree_crop_&_groves_not_included_in_net_area_sown,854
2023-24,Sambalpur,Naktideula,291,Block,Cultivable_Waste,3178
2023-24,Sambalpur,Naktideula,291,Block,Old_Fallows,3265
2023-24,Sambalpur,Naktideula,291,Block,Current_Fallows,3219
2023-24,Sambalpur,Naktideula,291,Block,Net_Area_Sown_Irrigated,450
2023-24,Sambalpur,Naktideula,291,Block,Net_Area_Sown_Unirrigated,9996
2023-24,Sambalpur,Naktideula,291,Block,Net_Area_Sown_Total,10446
2023-24,Sambalpur,Naktideula,291,Block,Total_Area_under_Survey,54137
2023-24,Sambalpur,Jamankira,295,Block,Forest,16140
2023-24,Sambalpur,Jamankira,295,Block,Land_put_to_Non_Agricultural_use,3534
2023-24,Sambalpur,Jamankira,295,Block,Barren_&_Non_Cultivable_land,1639
2023-24,Sambalpur,Jamankira,295,Block,Permanent_Pastures_&_other_grazing_land,4493
2023-24,Sambalpur,Jamankira,295,Block,Land_under_misc_tree_crop_&_groves_not_included_in_net_area_sown,663
2023-24,Sambalpur,Jamankira,295,Block,Cultivable_Waste,2838
2023-24,Sambalpur,Jamankira,295,Block,Old_Fallows,4089
2023-24,Sambalpur,Jamankira,295,Block,Current_Fallows,4412
2023-24,Sambalpur,Jamankira,295,Block,Net_Area_Sown_Irrigated,596
2023-24,Sambalpur,Jamankira,295,Block,Net_Area_Sown_Unirrigated,18502
2023-24,Sambalpur,Jamankira,295,Block,Net_Area_Sown_Total,19098
2023-24,Sambalpur,Jamankira,295,Block,Total_Area_under_Survey,56906
2023-24,Sambalpur,Kuchinda,296,Block,Forest,14985
2023-24,Sambalpur,Kuchinda,296,Block,Land_put_to_Non_Agricultural_use,771
2023-24,Sambalpur,Kuchinda,296,Block,Barren_&_Non_Cultivable_land,1075
2023-24,Sambalpur,Kuchinda,296,Block,Permanent_Pastures_&_other_grazing_land,1294
2023-24,Sambalpur,Kuchinda,296,Block,Land_under_misc_tree_crop_&_groves_not_included_in_net_area_sown,122
2023-24,Sambalpur,Kuchinda,296,Block,Cultivable_Waste,1420
2023-24,Sambalpur,Kuchinda,296,Block,Old_Fallows,1716
2023-24,Sambalpur,Kuchinda,296,Block,Current_Fallows,2405
2023-24,Sambalpur,Kuchinda,296,Block,Net_Area_Sown_Irrigated,681
2023-24,Sambalpur,Kuchinda,296,Block,Net_Area_Sown_Unirrigated,16140
2023-24,Sambalpur,Kuchinda,296,Block,Net_Area_Sown_Total,16821
2023-24,Sambalpur,Kuchinda,296,Block,Total_Area_under_Survey,40609
2023-24,Sambalpur,Gobindapur,297,Block,Forest,17616
2023-24,Sambalpur,Gobindapur,297,Block,Land_put_to_Non_Agricultural_use,3373
2023-24,Sambalpur,Gobindapur,297,Block,Barren_&_Non_Cultivable_land,517
2023-24,Sambalpur,Gobindapur,297,Block,Permanent_Pastures_&_other_grazing_land,2456
2023-24,Sambalpur,Gobindapur,297,Block,Land_under_misc_tree_crop_&_groves_not_included_in_net_area_sown,290
2023-24,Sambalpur,Gobindapur,297,Block,Cultivable_Waste,2590
2023-24,Sambalpur,Gobindapur,297,Block,Old_Fallows,3720
2023-24,Sambalpur,Gobindapur,297,Block,Current_Fallows,12241
2023-24,Sambalpur,Gobindapur,297,Block,Net_Area_Sown_Irrigated,20
2023-24,Sambalpur,Gobindapur,297,Block,Net_Area_Sown_Unirrigated,8533
2023-24,Sambalpur,Gobindapur,297,Block,Net_Area_Sown_Total,8553
2023-24,Sambalpur,Gobindapur,297,Block,Total_Area_under_Survey,51356
2023-24,Sambalpur,URBAN,,Urban,Forest,12435
2023-24,Sambalpur,URBAN,,Urban,Land_put_to_Non_Agricultural_use,3045
2023-24,Sambalpur,URBAN,,Urban,Barren_&_Non_Cultivable_land,1001
2023-24,Sambalpur,URBAN,,Urban,Permanent_Pastures_&_other_grazing_land,2211
2023-24,Sambalpur,URBAN,,Urban,Land_under_misc_tree_crop_&_groves_not_included_in_net_area_sown,310
2023-24,Sambalpur,URBAN,,Urban,Cultivable_Waste,2397
2023-24,Sambalpur,URBAN,,Urban,Old_Fallows,2937
2023-24,Sambalpur,URBAN,,Urban,Current_Fallows,4474
2023-24,Sambalpur,URBAN,,Urban,Net_Area_Sown_Irrigated,411
2023-24,Sambalpur,URBAN,,Urban,Net_Area_Sown_Unirrigated,1730
2023-24,Sambalpur,URBAN,,Urban,Net_Area_Sown_Total,2141
2023-24,Sambalpur,URBAN,,Urban,Total_Area_under_Survey,30951
2023-24,Subarnapur,Tarabha,30,Block,Forest,546
2023-24,Subarnapur,Tarabha,30,Block,Land_put_to_Non_Agricultural_use,5108
2023-24,Subarnapur,Tarabha,30,Block,Barren_&_Non_Cultivable_land,373
2023-24,Subarnapur,Tarabha,30,Block,Permanent_Pastures_&_other_grazing_land,1814
2023-24,Subarnapur,Tarabha,30,Block,Land_under_misc_tree_crop_&_groves_not_included_in_net_area_sown,11
2023-24,Subarnapur,Tarabha,30,Block,Cultivable_Waste,594
2023-24,Subarnapur,Tarabha,30,Block,Old_Fallows,2077
2023-24,Subarnapur,Tarabha,30,Block,Current_Fallows,2940
2023-24,Subarnapur,Tarabha,30,Block,Net_Area_Sown_Irrigated,3
2023-24,Subarnapur,Tarabha,30,Block,Net_Area_Sown_Unirrigated,16070
2023-24,Subarnapur,Tarabha,30,Block,Net_Area_Sown_Total,16073
2023-24,Subarnapur,Tarabha,30,Block,Total_Area_under_Survey,29536
2023-24,Subarnapur,Dunguripalli,35,Block,Forest,777
2023-24,Subarnapur,Dunguripalli,35,Block,Land_put_to_Non_Agricultural_use,3846
2023-24,Subarnapur,Dunguripalli,35,Block,Barren_&_Non_Cultivable_land,917
2023-24,Subarnapur,Dunguripalli,35,Block,Permanent_Pastures_&_other_grazing_land,1344
2023-24,Subarnapur,Dunguripalli,35,Block,Land_under_misc_tree_crop_&_groves_not_included_in_net_area_sown,0
2023-24,Subarnapur,Dunguripalli,35,Block,Cultivable_Waste,1642
2023-24,Subarnapur,Dunguripalli,35,Block,Old_Fallows,1952
2023-24,Subarnapur,Dunguripalli,35,Block,Current_Fallows,1181
2023-24,Subarnapur,Dunguripalli,35,Block,Net_Area_Sown_Irrigated,17938
2023-24,Subarnapur,Dunguripalli,35,Block,Net_Area_Sown_Unirrigated,0
2023-24,Subarnapur,Dunguripalli,35,Block,Net_Area_Sown_Total,17938
2023-24,Subarnapur,Dunguripalli,35,Block,Total_Area_under_Survey,29597
2023-24,Subarnapur,Binika,36,Block,Forest,1085
2023-24,Subarnapur,Binika,36,Block,Land_put_to_Non_Agricultural_use,3496
2023-24,Subarnapur,Binika,36,Block,Barren_&_Non_Cultivable_land,909
2023-24,Subarnapur,Binika,36,Block,Permanent_Pastures_&_other_grazing_land,1264
2023-24,Subarnapur,Binika,36,Block,Land_under_misc_tree_crop_&_groves_not_included_in_net_area_sown,11
2023-24,Subarnapur,Binika,36,Block,Cultivable_Waste,737
2023-24,Subarnapur,Binika,36,Block,Old_Fallows,877
2023-24,Subarnapur,Binika,36,Block,Current_Fallows,1364
2023-24,Subarnapur,Binika,36,Block,Net_Area_Sown_Irrigated,16840
2023-24,Subarnapur,Binika,36,Block,Net_Area_Sown_Unirrigated,0
2023-24,Subarnapur,Binika,36,Block,Net_Area_Sown_Total,16840
2023-24,Subarnapur,Binika,36,Block,Total_Area_under_Survey,26583
2023-24,Subarnapur,Subarnapur,37,Block,Forest,2272
2023-24,Subarnapur,Subarnapur,37,Block,Land_put_to_Non_Agricultural_use,5226
2023-24,Subarnapur,Subarnapur,37,Block,Barren_&_Non_Cultivable_land,1323
2023-24,Subarnapur,Subarnapur,37,Block,Permanent_Pastures_&_other_grazing_land,1676
2023-24,Subarnapur,Subarnapur,37,Block,Land_under_misc_tree_crop_&_groves_not_included_in_net_area_sown,2
2023-24,Subarnapur,Subarnapur,37,Block,Cultivable_Waste,1493
2023-24,Subarnapur,Subarnapur,37,Block,Old_Fallows,1441
2023-24,Subarnapur,Subarnapur,37,Block,Current_Fallows,1222
2023-24,Subarnapur,Subarnapur,37,Block,Net_Area_Sown_Irrigated,4
2023-24,Subarnapur,Subarnapur,37,Block,Net_Area_Sown_Unirrigated,15913
2023-24,Subarnapur,Subarnapur,37,Block,Net_Area_Sown_Total,15917
2023-24,Subarnapur,Subarnapur,37,Block,Total_Area_under_Survey,30572
2023-24,Subarnapur,Biramaharajapur,38,Block,Forest,5228
2023-24,Subarnapur,Biramaharajapur,38,Block,Land_put_to_Non_Agricultural_use,4081
2023-24,Subarnapur,Biramaharajapur,38,Block,Barren_&_Non_Cultivable_land,177
2023-24,Subarnapur,Biramaharajapur,38,Block,Permanent_Pastures_&_other_grazing_land,1804
2023-24,Subarnapur,Biramaharajapur,38,Block,Land_under_misc_tree_crop_&_groves_not_included_in_net_area_sown,26
2023-24,Subarnapur,Biramaharajapur,38,Block,Cultivable_Waste,1276
2023-24,Subarnapur,Biramaharajapur,38,Block,Old_Fallows,2062
2023-24,Subarnapur,Biramaharajapur,38,Block,Current_Fallows,1694
2023-24,Subarnapur,Biramaharajapur,38,Block,Net_Area_Sown_Irrigated,3494
2023-24,Subarnapur,Biramaharajapur,38,Block,Net_Area_Sown_Unirrigated,14429
2023-24,Subarnapur,Biramaharajapur,38,Block,Net_Area_Sown_Total,17923
2023-24,Subarnapur,Biramaharajapur,38,Block,Total_Area_under_Survey,34271
2023-24,Subarnapur,Ullunda,39,Block,Forest,1741
2023-24,Subarnapur,Ullunda,39,Block,Land_put_to_Non_Agricultural_use,4197
2023-24,Subarnapur,Ullunda,39,Block,Barren_&_Non_Cultivable_land,13
2023-24,Subarnapur,Ullunda,39,Block,Permanent_Pastures_&_other_grazing_land,1592
2023-24,Subarnapur,Ullunda,39,Block,Land_under_misc_tree_crop_&_groves_not_included_in_net_area_sown,55
2023-24,Subarnapur,Ullunda,39,Block,Cultivable_Waste,1587
2023-24,Subarnapur,Ullunda,39,Block,Old_Fallows,1607
2023-24,Subarnapur,Ullunda,39,Block,Current_Fallows,1315
2023-24,Subarnapur,Ullunda,39,Block,Net_Area_Sown_Irrigated,7675
2023-24,Subarnapur,Ullunda,39,Block,Net_Area_Sown_Unirrigated,12538
2023-24,Subarnapur,Ullunda,39,Block,Net_Area_Sown_Total,20213
2023-24,Subarnapur,Ullunda,39,Block,Total_Area_under_Survey,32320
2023-24,Subarnapur,URBAN,,Urban,Forest,315
2023-24,Subarnapur,URBAN,,Urban,Land_put_to_Non_Agricultural_use,701
2023-24,Subarnapur,URBAN,,Urban,Barren_&_Non_Cultivable_land,100
2023-24,Subarnapur,URBAN,,Urban,Permanent_Pastures_&_other_grazing_land,257
2023-24,Subarnapur,URBAN,,Urban,Land_under_misc_tree_crop_&_groves_not_included_in_net_area_sown,2
2023-24,Subarnapur,URBAN,,Urban,Cultivable_Waste,198
2023-24,Subarnapur,URBAN,,Urban,Old_Fallows,271
2023-24,Subarnapur,URBAN,,Urban,Current_Fallows,263
2023-24,Subarnapur,URBAN,,Urban,Net_Area_Sown_Irrigated,752
2023-24,Subarnapur,URBAN,,Urban,Net_Area_Sown_Unirrigated,883
2023-24,Subarnapur,URBAN,,Urban,Net_Area_Sown_Total,1635
2023-24,Subarnapur,URBAN,,Urban,Total_Area_under_Survey,3742
2023-24,Sundargarh,Hemagiri,298,Block,Forest,17094
2023-24,Sundargarh,Hemagiri,298,Block,Land_put_to_Non_Agricultural_use,13538
2023-24,Sundargarh,Hemagiri,298,Block,Barren_&_Non_Cultivable_land,1455
2023-24,Sundargarh,Hemagiri,298,Block,Permanent_Pastures_&_other_grazing_land,2982
2023-24,Sundargarh,Hemagiri,298,Block,Land_under_misc_tree_crop_&_groves_not_included_in_net_area_sown,78
2023-24,Sundargarh,Hemagiri,298,Block,Cultivable_Waste,1676
2023-24,Sundargarh,Hemagiri,298,Block,Old_Fallows,3266
2023-24,Sundargarh,Hemagiri,298,Block,Current_Fallows,7764
2023-24,Sundargarh,Hemagiri,298,Block,Net_Area_Sown_Irrigated,253
2023-24,Sundargarh,Hemagiri,298,Block,Net_Area_Sown_Unirrigated,7102
2023-24,Sundargarh,Hemagiri,298,Block,Net_Area_Sown_Total,7355
2023-24,Sundargarh,Hemagiri,298,Block,Total_Area_under_Survey,55208
2023-24,Sundargarh,Lephripada,299,Block,Forest,7007
2023-24,Sundargarh,Lephripada,299,Block,Land_put_to_Non_Agricultural_use,2092
2023-24,Sundargarh,Lephripada,299,Block,Barren_&_Non_Cultivable_land,881
2023-24,Sundargarh,Lephripada,299,Block,Permanent_Pastures_&_other_grazing_land,2956
2023-24,Sundargarh,Lephripada,299,Block,Land_under_misc_tree_crop_&_groves_not_included_in_net_area_sown,328
2023-24,Sundargarh,Lephripada,299,Block,Cultivable_Waste,1474
2023-24,Sundargarh,Lephripada,299,Block,Old_Fallows,1902
2023-24,Sundargarh,Lephripada,299,Block,Current_Fallows,2932
2023-24,Sundargarh,Lephripada,299,Block,Net_Area_Sown_Irrigated,1904
2023-24,Sundargarh,Lephripada,299,Block,Net_Area_Sown_Unirrigated,18629
2023-24,Sundargarh,Lephripada,299,Block,Net_Area_Sown_Total,20533
2023-24,Sundargarh,Lephripada,299,Block,Total_Area_under_Survey,40105
2023-24,Sundargarh,Tangarpalli,300,Block,Forest,2883
2023-24,Sundargarh,Tangarpalli,300,Block,Land_put_to_Non_Agricultural_use,2910
2023-24,Sundargarh,Tangarpalli,300,Block,Barren_&_Non_Cultivable_land,361
2023-24,Sundargarh,Tangarpalli,300,Block,Permanent_Pastures_&_other_grazing_land,1649
2023-24,Sundargarh,Tangarpalli,300,Block,Land_under_misc_tree_crop_&_groves_not_included_in_net_area_sown,114
2023-24,Sundargarh,Tangarpalli,300,Block,Cultivable_Waste,1091
2023-24,Sundargarh,Tangarpalli,300,Block,Old_Fallows,2067
2023-24,Sundargarh,Tangarpalli,300,Block,Current_Fallows,1593
2023-24,Sundargarh,Tangarpalli,300,Block,Net_Area_Sown_Irrigated,867
2023-24,Sundargarh,Tangarpalli,300,Block,Net_Area_Sown_Unirrigated,12055
2023-24,Sundargarh,Tangarpalli,300,Block,Net_Area_Sown_Total,12922
2023-24,Sundargarh,Tangarpalli,300,Block,Total_Area_under_Survey,25590
2023-24,Sundargarh,Sundargarh-Sadar,301,Block,Forest,9971
2023-24,Sundargarh,Sundargarh-Sadar,301,Block,Land_put_to_Non_Agricultural_use,3796
2023-24,Sundargarh,Sundargarh-Sadar,301,Block,Barren_&_Non_Cultivable_land,613
2023-24,Sundargarh,Sundargarh-Sadar,301,Block,Permanent_Pastures_&_other_grazing_land,2123
2023-24,Sundargarh,Sundargarh-Sadar,301,Block,Land_under_misc_tree_crop_&_groves_not_included_in_net_area_sown,189
2023-24,Sundargarh,Sundargarh-Sadar,301,Block,Cultivable_Waste,1348
2023-24,Sundargarh,Sundargarh-Sadar,301,Block,Old_Fallows,2418
2023-24,Sundargarh,Sundargarh-Sadar,301,Block,Current_Fallows,3358
2023-24,Sundargarh,Sundargarh-Sadar,301,Block,Net_Area_Sown_Irrigated,328
2023-24,Sundargarh,Sundargarh-Sadar,301,Block,Net_Area_Sown_Unirrigated,12010
2023-24,Sundargarh,Sundargarh-Sadar,301,Block,Net_Area_Sown_Total,12338
2023-24,Sundargarh,Sundargarh-Sadar,301,Block,Total_Area_under_Survey,36154
2023-24,Sundargarh,Sabadega,302,Block,Forest,5168
2023-24,Sundargarh,Sabadega,302,Block,Land_put_to_Non_Agricultural_use,5709
2023-24,Sundargarh,Sabadega,302,Block,Barren_&_Non_Cultivable_land,792
2023-24,Sundargarh,Sabadega,302,Block,Permanent_Pastures_&_other_grazing_land,1284
2023-24,Sundargarh,Sabadega,302,Block,Land_under_misc_tree_crop_&_groves_not_included_in_net_area_sown,169
2023-24,Sundargarh,Sabadega,302,Block,Cultivable_Waste,2564
2023-24,Sundargarh,Sabadega,302,Block,Old_Fallows,1881
2023-24,Sundargarh,Sabadega,302,Block,Current_Fallows,1913
2023-24,Sundargarh,Sabadega,302,Block,Net_Area_Sown_Irrigated,1502
2023-24,Sundargarh,Sabadega,302,Block,Net_Area_Sown_Unirrigated,13126
2023-24,Sundargarh,Sabadega,302,Block,Net_Area_Sown_Total,14628
2023-24,Sundargarh,Sabadega,302,Block,Total_Area_under_Survey,34108
2023-24,Sundargarh,Balisankara,303,Block,Forest,7116
2023-24,Sundargarh,Balisankara,303,Block,Land_put_to_Non_Agricultural_use,4981
2023-24,Sundargarh,Balisankara,303,Block,Barren_&_Non_Cultivable_land,2214
2023-24,Sundargarh,Balisankara,303,Block,Permanent_Pastures_&_other_grazing_land,3886
2023-24,Sundargarh,Balisankara,303,Block,Land_under_misc_tree_crop_&_groves_not_included_in_net_area_sown,32
2023-24,Sundargarh,Balisankara,303,Block,Cultivable_Waste,5752
2023-24,Sundargarh,Balisankara,303,Block,Old_Fallows,3996
2023-24,Sundargarh,Balisankara,303,Block,Current_Fallows,2657
2023-24,Sundargarh,Balisankara,303,Block,Net_Area_Sown_Irrigated,184
2023-24,Sundargarh,Balisankara,303,Block,Net_Area_Sown_Unirrigated,13397
2023-24,Sundargarh,Balisankara,303,Block,Net_Area_Sown_Total,13581
2023-24,Sundargarh,Balisankara,303,Block,Total_Area_under_Survey,44215
2023-24,Sundargarh,Badagaon,304,Block,Forest,10305
2023-24,Sundargarh,Badagaon,304,Block,Land_put_to_Non_Agricultural_use,2637
2023-24,Sundargarh,Badagaon,304,Block,Barren_&_Non_Cultivable_land,892
2023-24,Sundargarh,Badagaon,304,Block,Permanent_Pastures_&_other_grazing_land,2121
2023-24,Sundargarh,Badagaon,304,Block,Land_under_misc_tree_crop_&_groves_not_included_in_net_area_sown,247
2023-24,Sundargarh,Badagaon,304,Block,Cultivable_Waste,2943
2023-24,Sundargarh,Badagaon,304,Block,Old_Fallows,5461
2023-24,Sundargarh,Badagaon,304,Block,Current_Fallows,5197
2023-24,Sundargarh,Badagaon,304,Block,Net_Area_Sown_Irrigated,666
2023-24,Sundargarh,Badagaon,304,Block,Net_Area_Sown_Unirrigated,5207
2023-24,Sundargarh,Badagaon,304,Block,Net_Area_Sown_Total,5873
2023-24,Sundargarh,Badagaon,304,Block,Total_Area_under_Survey,35676
2023-24,Sundargarh,Kutura,305,Block,Forest,1596
2023-24,Sundargarh,Kutura,305,Block,Land_put_to_Non_Agricultural_use,3266
2023-24,Sundargarh,Kutura,305,Block,Barren_&_Non_Cultivable_land,2762
2023-24,Sundargarh,Kutura,305,Block,Permanent_Pastures_&_other_grazing_land,1418
2023-24,Sundargarh,Kutura,305,Block,Land_under_misc_tree_crop_&_groves_not_included_in_net_area_sown,34
2023-24,Sundargarh,Kutura,305,Block,Cultivable_Waste,2323
2023-24,Sundargarh,Kutura,305,Block,Old_Fallows,1670
2023-24,Sundargarh,Kutura,305,Block,Current_Fallows,10248
2023-24,Sundargarh,Kutura,305,Block,Net_Area_Sown_Irrigated,743
2023-24,Sundargarh,Kutura,305,Block,Net_Area_Sown_Unirrigated,7545
2023-24,Sundargarh,Kutura,305,Block,Net_Area_Sown_Total,8288
2023-24,Sundargarh,Kutura,305,Block,Total_Area_under_Survey,31605
2023-24,Sundargarh,Rajgangpur,306,Block,Forest,4623
2023-24,Sundargarh,Rajgangpur,306,Block,Land_put_to_Non_Agricultural_use,4833
2023-24,Sundargarh,Rajgangpur,306,Block,Barren_&_Non_Cultivable_land,583
2023-24,Sundargarh,Rajgangpur,306,Block,Permanent_Pastures_&_other_grazing_land,2409
2023-24,Sundargarh,Rajgangpur,306,Block,Land_under_misc_tree_crop_&_groves_not_included_in_net_area_sown,59
2023-24,Sundargarh,Rajgangpur,306,Block,Cultivable_Waste,4092
2023-24,Sundargarh,Rajgangpur,306,Block,Old_Fallows,4376
2023-24,Sundargarh,Rajgangpur,306,Block,Current_Fallows,5040
2023-24,Sundargarh,Rajgangpur,306,Block,Net_Area_Sown_Irrigated,1514
2023-24,Sundargarh,Rajgangpur,306,Block,Net_Area_Sown_Unirrigated,11603
2023-24,Sundargarh,Rajgangpur,306,Block,Net_Area_Sown_Total,13117
2023-24,Sundargarh,Rajgangpur,306,Block,Total_Area_under_Survey,39132
2023-24,Sundargarh,Gurundia,307,Block,Forest,23782
2023-24,Sundargarh,Gurundia,307,Block,Land_put_to_Non_Agricultural_use,3542
2023-24,Sundargarh,Gurundia,307,Block,Barren_&_Non_Cultivable_land,5534
2023-24,Sundargarh,Gurundia,307,Block,Permanent_Pastures_&_other_grazing_land,1930
2023-24,Sundargarh,Gurundia,307,Block,Land_under_misc_tree_crop_&_groves_not_included_in_net_area_sown,51
2023-24,Sundargarh,Gurundia,307,Block,Cultivable_Waste,2181
2023-24,Sundargarh,Gurundia,307,Block,Old_Fallows,1842
2023-24,Sundargarh,Gurundia,307,Block,Current_Fallows,3714
2023-24,Sundargarh,Gurundia,307,Block,Net_Area_Sown_Irrigated,1000
2023-24,Sundargarh,Gurundia,307,Block,Net_Area_Sown_Unirrigated,13748
2023-24,Sundargarh,Gurundia,307,Block,Net_Area_Sown_Total,14748
2023-24,Sundargarh,Gurundia,307,Block,Total_Area_under_Survey,57324
2023-24,Sundargarh,Bonei,308,Block,Forest,8316
2023-24,Sundargarh,Bonei,308,Block,Land_put_to_Non_Agricultural_use,3920
2023-24,Sundargarh,Bonei,308,Block,Barren_&_Non_Cultivable_land,1970
2023-24,Sundargarh,Bonei,308,Block,Permanent_Pastures_&_other_grazing_land,1747
2023-24,Sundargarh,Bonei,308,Block,Land_under_misc_tree_crop_&_groves_not_included_in_net_area_sown,81
2023-24,Sundargarh,Bonei,308,Block,Cultivable_Waste,2131
2023-24,Sundargarh,Bonei,308,Block,Old_Fallows,2322
2023-24,Sundargarh,Bonei,308,Block,Current_Fallows,5223
2023-24,Sundargarh,Bonei,308,Block,Net_Area_Sown_Irrigated,966
2023-24,Sundargarh,Bonei,308,Block,Net_Area_Sown_Unirrigated,6110
2023-24,Sundargarh,Bonei,308,Block,Net_Area_Sown_Total,7076
2023-24,Sundargarh,Bonei,308,Block,Total_Area_under_Survey,32786
2023-24,Sundargarh,Lahunipada,309,Block,Forest,10390
2023-24,Sundargarh,Lahunipada,309,Block,Land_put_to_Non_Agricultural_use,3037
2023-24,Sundargarh,Lahunipada,309,Block,Barren_&_Non_Cultivable_land,33503
2023-24,Sundargarh,Lahunipada,309,Block,Permanent_Pastures_&_other_grazing_land,1467
2023-24,Sundargarh,Lahunipada,309,Block,Land_under_misc_tree_crop_&_groves_not_included_in_net_area_sown,144
2023-24,Sundargarh,Lahunipada,309,Block,Cultivable_Waste,2445
2023-24,Sundargarh,Lahunipada,309,Block,Old_Fallows,2921
2023-24,Sundargarh,Lahunipada,309,Block,Current_Fallows,4523
2023-24,Sundargarh,Lahunipada,309,Block,Net_Area_Sown_Irrigated,2089
2023-24,Sundargarh,Lahunipada,309,Block,Net_Area_Sown_Unirrigated,8246
2023-24,Sundargarh,Lahunipada,309,Block,Net_Area_Sown_Total,10335
2023-24,Sundargarh,Lahunipada,309,Block,Total_Area_under_Survey,68765
2023-24,Sundargarh,Lathikata,310,Block,Forest,8378
2023-24,Sundargarh,Lathikata,310,Block,Land_put_to_Non_Agricultural_use,5350
2023-24,Sundargarh,Lathikata,310,Block,Barren_&_Non_Cultivable_land,12
2023-24,Sundargarh,Lathikata,310,Block,Permanent_Pastures_&_other_grazing_land,1355
2023-24,Sundargarh,Lathikata,310,Block,Land_under_misc_tree_crop_&_groves_not_included_in_net_area_sown,16
2023-24,Sundargarh,Lathikata,310,Block,Cultivable_Waste,276
2023-24,Sundargarh,Lathikata,310,Block,Old_Fallows,820
2023-24,Sundargarh,Lathikata,310,Block,Current_Fallows,1377
2023-24,Sundargarh,Lathikata,310,Block,Net_Area_Sown_Irrigated,1253
2023-24,Sundargarh,Lathikata,310,Block,Net_Area_Sown_Unirrigated,13121
2023-24,Sundargarh,Lathikata,310,Block,Net_Area_Sown_Total,14374
2023-24,Sundargarh,Lathikata,310,Block,Total_Area_under_Survey,31958
2023-24,Sundargarh,Kuanramunda,311,Block,Forest,10821
2023-24,Sundargarh,Kuanramunda,311,Block,Land_put_to_Non_Agricultural_use,7554
2023-24,Sundargarh,Kuanramunda,311,Block,Barren_&_Non_Cultivable_land,3795
2023-24,Sundargarh,Kuanramunda,311,Block,Permanent_Pastures_&_other_grazing_land,2966
2023-24,Sundargarh,Kuanramunda,311,Block,Land_under_misc_tree_crop_&_groves_not_included_in_net_area_sown,192
2023-24,Sundargarh,Kuanramunda,311,Block,Cultivable_Waste,5298
2023-24,Sundargarh,Kuanramunda,311,Block,Old_Fallows,3362
2023-24,Sundargarh,Kuanramunda,311,Block,Current_Fallows,3711
2023-24,Sundargarh,Kuanramunda,311,Block,Net_Area_Sown_Irrigated,279
2023-24,Sundargarh,Kuanramunda,311,Block,Net_Area_Sown_Unirrigated,12596
2023-24,Sundargarh,Kuanramunda,311,Block,Net_Area_Sown_Total,12875
2023-24,Sundargarh,Kuanramunda,311,Block,Total_Area_under_Survey,50574
2023-24,Sundargarh,Nuagaon,312,Block,Forest,1902
2023-24,Sundargarh,Nuagaon,312,Block,Land_put_to_Non_Agricultural_use,5642
2023-24,Sundargarh,Nuagaon,312,Block,Barren_&_Non_Cultivable_land,1295
2023-24,Sundargarh,Nuagaon,312,Block,Permanent_Pastures_&_other_grazing_land,1727
2023-24,Sundargarh,Nuagaon,312,Block,Land_under_misc_tree_crop_&_groves_not_included_in_net_area_sown,55
2023-24,Sundargarh,Nuagaon,312,Block,Cultivable_Waste,2420
2023-24,Sundargarh,Nuagaon,312,Block,Old_Fallows,5146
2023-24,Sundargarh,Nuagaon,312,Block,Current_Fallows,6558
2023-24,Sundargarh,Nuagaon,312,Block,Net_Area_Sown_Irrigated,805
2023-24,Sundargarh,Nuagaon,312,Block,Net_Area_Sown_Unirrigated,13803
2023-24,Sundargarh,Nuagaon,312,Block,Net_Area_Sown_Total,14608
2023-24,Sundargarh,Nuagaon,312,Block,Total_Area_under_Survey,39353
2023-24,Sundargarh,Bishra,313,Block,Forest,1342
2023-24,Sundargarh,Bishra,313,Block,Land_put_to_Non_Agricultural_use,1888
2023-24,Sundargarh,Bishra,313,Block,Barren_&_Non_Cultivable_land,898
2023-24,Sundargarh,Bishra,313,Block,Permanent_Pastures_&_other_grazing_land,749
2023-24,Sundargarh,Bishra,313,Block,Land_under_misc_tree_crop_&_groves_not_included_in_net_area_sown,102
2023-24,Sundargarh,Bishra,313,Block,Cultivable_Waste,593
2023-24,Sundargarh,Bishra,313,Block,Old_Fallows,756
2023-24,Sundargarh,Bishra,313,Block,Current_Fallows,1101
2023-24,Sundargarh,Bishra,313,Block,Net_Area_Sown_Irrigated,584
2023-24,Sundargarh,Bishra,313,Block,Net_Area_Sown_Unirrigated,9028
2023-24,Sundargarh,Bishra,313,Block,Net_Area_Sown_Total,9612
2023-24,Sundargarh,Bishra,313,Block,Total_Area_under_Survey,17041
2023-24,Sundargarh,Koida,314,Block,Forest,15931
2023-24,Sundargarh,Koida,314,Block,Land_put_to_Non_Agricultural_use,4116
2023-24,Sundargarh,Koida,314,Block,Barren_&_Non_Cultivable_land,12021
2023-24,Sundargarh,Koida,314,Block,Permanent_Pastures_&_other_grazing_land,1935
2023-24,Sundargarh,Koida,314,Block,Land_under_misc_tree_crop_&_groves_not_included_in_net_area_sown,48
2023-24,Sundargarh,Koida,314,Block,Cultivable_Waste,4004
2023-24,Sundargarh,Koida,314,Block,Old_Fallows,5251
2023-24,Sundargarh,Koida,314,Block,Current_Fallows,5314
2023-24,Sundargarh,Koida,314,Block,Net_Area_Sown_Irrigated,668
2023-24,Sundargarh,Koida,314,Block,Net_Area_Sown_Unirrigated,6898
2023-24,Sundargarh,Koida,314,Block,Net_Area_Sown_Total,7566
2023-24,Sundargarh,Koida,314,Block,Total_Area_under_Survey,56186
2023-24,Sundargarh,URBAN,,Urban,Forest,5325
2023-24,Sundargarh,URBAN,,Urban,Land_put_to_Non_Agricultural_use,2862
2023-24,Sundargarh,URBAN,,Urban,Barren_&_Non_Cultivable_land,2527
2023-24,Sundargarh,URBAN,,Urban,Permanent_Pastures_&_other_grazing_land,1260
2023-24,Sundargarh,URBAN,,Urban,Land_under_misc_tree_crop_&_groves_not_included_in_net_area_sown,72
2023-24,Sundargarh,URBAN,,Urban,Cultivable_Waste,1548
2023-24,Sundargarh,URBAN,,Urban,Old_Fallows,1796
2023-24,Sundargarh,URBAN,,Urban,Current_Fallows,2623
2023-24,Sundargarh,URBAN,,Urban,Net_Area_Sown_Irrigated,102
2023-24,Sundargarh,URBAN,,Urban,Net_Area_Sown_Unirrigated,1912
2023-24,Sundargarh,URBAN,,Urban,Net_Area_Sown_Total,2014
2023-24,Sundargarh,URBAN,,Urban,Total_Area_under_Survey,20027
